solid Modelo Óculos Aviator
facet normal -1.1015536019879426e-34 8.430047170285747e-18 -1.0
outer loop
vertex 58.31422032643241 22.697915381984938 5.639932965095795e-15
vertex 58.404772271434894 22.165021899468734 5.639932965095795e-15
vertex 58.27666875922416 22.369675116400824 5.639932965095795e-15
endloop
endfacet
facet normal -1.1015536019879426e-34 8.430047170285747e-18 -1.0
outer loop
vertex 58.404772271434894 22.165021899468734 5.639932965095795e-15
vertex 58.31422032643241 22.697915381984938 5.639932965095795e-15
vertex 58.53136449933684 23.168296080865446 5.639932965095795e-15
endloop
endfacet
facet normal -1.1015536019879426e-34 8.430047170285747e-18 -1.0
outer loop
vertex 5.7185886099653835 28.217886745549396 5.639932965095795e-15
vertex 6.022279293793605 20.821510073260516 5.639932965095795e-15
vertex 5.705745780916 22.57624048988396 5.639932965095795e-15
endloop
endfacet
facet normal -1.1015536019879426e-34 8.430047170285747e-18 -1.0
outer loop
vertex 6.022279293793605 20.821510073260516 5.639932965095795e-15
vertex 5.7185886099653835 28.217886745549396 5.639932965095795e-15
vertex 5.72921362273946 28.182825935041322 5.639932965095795e-15
endloop
endfacet
facet normal -1.1015536019879426e-34 8.430047170285747e-18 -1.0
outer loop
vertex 6.022279293793605 20.821510073260516 5.639932965095795e-15
vertex 5.72921362273946 28.182825935041322 5.639932965095795e-15
vertex 5.736621446623602 28.133406892698076 5.639932965095795e-15
endloop
endfacet
facet normal -1.1015536019879426e-34 8.430047170285747e-18 -1.0
outer loop
vertex 6.022279293793605 20.821510073260516 5.639932965095795e-15
vertex 5.736621446623602 28.133406892698076 5.639932965095795e-15
vertex 5.8756582159312405 26.28956041408897 5.639932965095795e-15
endloop
endfacet
facet normal -1.1015536019879426e-34 8.430047170285747e-18 -1.0
outer loop
vertex 6.022279293793605 20.821510073260516 5.639932965095795e-15
vertex 5.8756582159312405 26.28956041408897 5.639932965095795e-15
vertex 6.06135176802673 24.4428517002922 5.639932965095795e-15
endloop
endfacet
facet normal -1.1015536019879426e-34 8.430047170285747e-18 -1.0
outer loop
vertex 6.022279293793605 20.821510073260516 5.639932965095795e-15
vertex 6.06135176802673 24.4428517002922 5.639932965095795e-15
vertex 6.357991666765742 19.381210915035446 5.639932965095795e-15
endloop
endfacet
facet normal -1.1015536019879426e-34 8.430047170285747e-18 -1.0
outer loop
vertex 6.357991666765742 19.381210915035446 5.639932965095795e-15
vertex 6.06135176802673 24.4428517002922 5.639932965095795e-15
vertex 6.311897155532586 22.605130153671823 5.639932965095795e-15
endloop
endfacet
facet normal -1.1015536019879426e-34 8.430047170285747e-18 -1.0
outer loop
vertex 6.357991666765742 19.381210915035446 5.639932965095795e-15
vertex 6.311897155532586 22.605130153671823 5.639932965095795e-15
vertex 6.632771455194399 20.849082683014466 5.639932965095795e-15
endloop
endfacet
facet normal -1.1015536019879426e-34 8.430047170285747e-18 -1.0
outer loop
vertex 6.357991666765742 19.381210915035446 5.639932965095795e-15
vertex 6.632771455194399 20.849082683014466 5.639932965095795e-15
vertex 6.77100296725422 17.968844927433377 5.639932965095795e-15
endloop
endfacet
facet normal -1.1015536019879426e-34 8.430047170285747e-18 -1.0
outer loop
vertex 6.77100296725422 17.968844927433377 5.639932965095795e-15
vertex 6.632771455194399 20.849082683014466 5.639932965095795e-15
vertex 6.974259566776044 19.41036863500969 5.639932965095795e-15
endloop
endfacet
facet normal -1.1015536019879426e-34 8.430047170285747e-18 -1.0
outer loop
vertex 6.77100296725422 17.968844927433377 5.639932965095795e-15
vertex 6.974259566776044 19.41036863500969 5.639932965095795e-15
vertex 7.271990615714714 16.584400373326318 5.639932965095795e-15
endloop
endfacet
facet normal -1.1015536019879426e-34 8.430047170285747e-18 -1.0
outer loop
vertex 7.271990615714714 16.584400373326318 5.639932965095795e-15
vertex 6.974259566776044 19.41036863500969 5.639932965095795e-15
vertex 7.39589465839841 18.000256676846348 5.639932965095795e-15
endloop
endfacet
facet normal -1.1015536019879426e-34 8.430047170285747e-18 -1.0
outer loop
vertex 7.271990615714714 16.584400373326318 5.639932965095795e-15
vertex 7.39589465839841 18.000256676846348 5.639932965095795e-15
vertex 7.899992161919998 15.169698294593175 5.639932965095795e-15
endloop
endfacet
facet normal -1.1015536019879426e-34 8.430047170285747e-18 -1.0
outer loop
vertex 7.899992161919998 15.169698294593175 5.639932965095795e-15
vertex 7.39589465839841 18.000256676846348 5.639932965095795e-15
vertex 7.909186889216411 16.618784464818702 5.639932965095795e-15
endloop
endfacet
facet normal -1.1015536019879426e-34 8.430047170285747e-18 -1.0
outer loop
vertex 7.899992161919998 15.169698294593175 5.639932965095795e-15
vertex 7.909186889216411 16.618784464818702 5.639932965095795e-15
vertex 8.772614396409002 13.565515178319782 5.639932965095795e-15
endloop
endfacet
facet normal -1.1015536019879426e-34 8.430047170285747e-18 -1.0
outer loop
vertex 8.772614396409002 13.565515178319782 5.639932965095795e-15
vertex 7.909186889216411 16.618784464818702 5.639932965095795e-15
vertex 8.580395863474648 15.157481138628997 5.639932965095795e-15
endloop
endfacet
facet normal -1.1015536019879426e-34 8.430047170285747e-18 -1.0
outer loop
vertex 8.772614396409002 13.565515178319782 5.639932965095795e-15
vertex 8.580395863474648 15.157481138628997 5.639932965095795e-15
vertex 9.479239066631884 13.565211820257238 5.639932965095795e-15
endloop
endfacet
facet normal -1.1015536019879426e-34 8.430047170285747e-18 -1.0
outer loop
vertex 8.772614396409002 13.565515178319782 5.639932965095795e-15
vertex 9.479239066631884 13.565211820257238 5.639932965095795e-15
vertex 9.762880947215661 12.042718638816211 5.639932965095795e-15
endloop
endfacet
facet normal -1.1015536019879426e-34 8.430047170285747e-18 -1.0
outer loop
vertex 9.762880947215661 12.042718638816211 5.639932965095795e-15
vertex 9.479239066631884 13.565211820257238 5.639932965095795e-15
vertex 10.496051881439417 12.053472390158433 5.639932965095795e-15
endloop
endfacet
facet normal -1.1015536019879426e-34 8.430047170285747e-18 -1.0
outer loop
vertex 9.762880947215661 12.042718638816211 5.639932965095795e-15
vertex 10.496051881439417 12.053472390158433 5.639932965095795e-15
vertex 10.853891768415787 10.585408743670817 5.639932965095795e-15
endloop
endfacet
facet normal -1.1015536019879426e-34 8.430047170285747e-18 -1.0
outer loop
vertex 10.853891768415787 10.585408743670817 5.639932965095795e-15
vertex 10.496051881439417 12.053472390158433 5.639932965095795e-15
vertex 11.612312586195168 10.605462536646073 5.639932965095795e-15
endloop
endfacet
facet normal -1.1015536019879426e-34 8.430047170285747e-18 -1.0
outer loop
vertex 10.853891768415787 10.585408743670817 5.639932965095795e-15
vertex 11.612312586195168 10.605462536646073 5.639932965095795e-15
vertex 12.091003679260563 9.110205720802648 5.639932965095795e-15
endloop
endfacet
facet normal -1.1015536019879426e-34 8.430047170285747e-18 -1.0
outer loop
vertex 12.091003679260563 9.110205720802648 5.639932965095795e-15
vertex 11.612312586195168 10.605462536646073 5.639932965095795e-15
vertex 12.939184371316653 9.075760901963847 5.639932965095795e-15
endloop
endfacet
facet normal -1.1015536019879426e-34 8.430047170285747e-18 -1.0
outer loop
vertex 12.091003679260563 9.110205720802648 5.639932965095795e-15
vertex 12.939184371316653 9.075760901963847 5.639932965095795e-15
vertex 13.61950464313548 7.534573230434842 5.639932965095795e-15
endloop
endfacet
facet normal -1.1015536019879426e-34 8.430047170285747e-18 -1.0
outer loop
vertex 13.61950464313548 7.534573230434842 5.639932965095795e-15
vertex 12.939184371316653 9.075760901963847 5.639932965095795e-15
vertex 14.507648489756038 7.535956295011498 5.639932965095795e-15
endloop
endfacet
facet normal -1.1015536019879426e-34 8.430047170285747e-18 -1.0
outer loop
vertex 13.61950464313548 7.534573230434842 5.639932965095795e-15
vertex 14.507648489756038 7.535956295011498 5.639932965095795e-15
vertex 15.278093428314836 6.095496071309419 5.639932965095795e-15
endloop
endfacet
facet normal -1.1015536019879426e-34 8.430047170285747e-18 -1.0
outer loop
vertex 15.278093428314836 6.095496071309419 5.639932965095795e-15
vertex 14.507648489756038 7.535956295011498 5.639932965095795e-15
vertex 16.207011760590063 6.141898363756409 5.639932965095795e-15
endloop
endfacet
facet normal -1.1015536019879426e-34 8.430047170285747e-18 -1.0
outer loop
vertex 15.278093428314836 6.095496071309419 5.639932965095795e-15
vertex 16.207011760590063 6.141898363756409 5.639932965095795e-15
vertex 17.05795369257102 4.811014046848995 5.639932965095795e-15
endloop
endfacet
facet normal -1.1015536019879426e-34 8.430047170285747e-18 -1.0
outer loop
vertex 17.05795369257102 4.811014046848995 5.639932965095795e-15
vertex 16.207011760590063 6.141898363756409 5.639932965095795e-15
vertex 18.027975671738307 4.9128753536916046 5.639932965095795e-15
endloop
endfacet
facet normal -1.1015536019879426e-34 8.430047170285747e-18 -1.0
outer loop
vertex 17.05795369257102 4.811014046848995 5.639932965095795e-15
vertex 18.027975671738307 4.9128753536916046 5.639932965095795e-15
vertex 19.09096404244754 3.6260597331752753 5.639932965095795e-15
endloop
endfacet
facet normal -1.1015536019879426e-34 8.430047170285747e-18 -1.0
outer loop
vertex 19.09096404244754 3.6260597331752753 5.639932965095795e-15
vertex 18.027975671738307 4.9128753536916046 5.639932965095795e-15
vertex 20.250579631308984 3.7326300751803014 5.639932965095795e-15
endloop
endfacet
facet normal -1.1015536019879426e-34 8.430047170285747e-18 -1.0
outer loop
vertex 19.09096404244754 3.6260597331752753 5.639932965095795e-15
vertex 20.250579631308984 3.7326300751803014 5.639932965095795e-15
vertex 21.509908844612706 2.558616597389607 5.639932965095795e-15
endloop
endfacet
facet normal -1.1015536019879426e-34 8.430047170285747e-18 -1.0
outer loop
vertex 21.509908844612706 2.558616597389607 5.639932965095795e-15
vertex 20.250579631308984 3.7326300751803014 5.639932965095795e-15
vertex 22.70285995219907 2.7872472000320285 5.639932965095795e-15
endloop
endfacet
facet normal -1.1015536019879426e-34 8.430047170285747e-18 -1.0
outer loop
vertex 21.509908844612706 2.558616597389607 5.639932965095795e-15
vertex 22.70285995219907 2.7872472000320285 5.639932965095795e-15
vertex 24.023662701057447 1.7968570157564976 5.639932965095795e-15
endloop
endfacet
facet normal -1.1015536019879426e-34 8.430047170285747e-18 -1.0
outer loop
vertex 24.023662701057447 1.7968570157564976 5.639932965095795e-15
vertex 22.70285995219907 2.7872472000320285 5.639932965095795e-15
vertex 25.247761790369758 2.155773807222479 5.639932965095795e-15
endloop
endfacet
facet normal -1.1015536019879426e-34 8.430047170285747e-18 -1.0
outer loop
vertex 24.023662701057447 1.7968570157564976 5.639932965095795e-15
vertex 25.247761790369758 2.155773807222479 5.639932965095795e-15
vertex 26.621653031803937 1.342606946818937 5.639932965095795e-15
endloop
endfacet
facet normal -1.1015536019879426e-34 8.430047170285747e-18 -1.0
outer loop
vertex 26.621653031803937 1.342606946818937 5.639932965095795e-15
vertex 25.247761790369758 2.155773807222479 5.639932965095795e-15
vertex 27.874667262354468 1.8399188401805089 5.639932965095795e-15
endloop
endfacet
facet normal -1.1015536019879426e-34 8.430047170285747e-18 -1.0
outer loop
vertex 26.621653031803937 1.342606946818937 5.639932965095795e-15
vertex 27.874667262354468 1.8399188401805089 5.639932965095795e-15
vertex 29.04299160153528 1.2031563458788221 5.639932965095795e-15
endloop
endfacet
facet normal -1.1015536019879426e-34 8.430047170285747e-18 -1.0
outer loop
vertex 29.04299160153528 1.2031563458788221 5.639932965095795e-15
vertex 27.874667262354468 1.8399188401805089 5.639932965095795e-15
vertex 30.02124209866244 1.8388868236879796 5.639932965095795e-15
endloop
endfacet
facet normal -1.1015536019879426e-34 8.430047170285747e-18 -1.0
outer loop
vertex 29.04299160153528 1.2031563458788221 5.639932965095795e-15
vertex 30.02124209866244 1.8388868236879796 5.639932965095795e-15
vertex 31.110869650903844 1.3296144853553176 5.639932965095795e-15
endloop
endfacet
facet normal -1.1015536019879426e-34 8.430047170285747e-18 -1.0
outer loop
vertex 31.110869650903844 1.3296144853553176 5.639932965095795e-15
vertex 30.02124209866244 1.8388868236879796 5.639932965095795e-15
vertex 32.072738598483326 2.075768823103139 5.639932965095795e-15
endloop
endfacet
facet normal -1.1015536019879426e-34 8.430047170285747e-18 -1.0
outer loop
vertex 31.110869650903844 1.3296144853553176 5.639932965095795e-15
vertex 32.072738598483326 2.075768823103139 5.639932965095795e-15
vertex 33.154560543520404 1.669799114470672 5.639932965095795e-15
endloop
endfacet
facet normal -1.1015536019879426e-34 8.430047170285747e-18 -1.0
outer loop
vertex 33.154560543520404 1.669799114470672 5.639932965095795e-15
vertex 32.072738598483326 2.075768823103139 5.639932965095795e-15
vertex 34.092554492152374 2.5168114679465083 5.639932965095795e-15
endloop
endfacet
facet normal -1.1015536019879426e-34 8.430047170285747e-18 -1.0
outer loop
vertex 33.154560543520404 1.669799114470672 5.639932965095795e-15
vertex 34.092554492152374 2.5168114679465083 5.639932965095795e-15
vertex 35.16080489841824 2.196051283242402 5.639932965095795e-15
endloop
endfacet
facet normal -1.1015536019879426e-34 8.430047170285747e-18 -1.0
outer loop
vertex 35.16080489841824 2.196051283242402 5.639932965095795e-15
vertex 34.092554492152374 2.5168114679465083 5.639932965095795e-15
vertex 36.07119610856461 3.133901300623107 5.639932965095795e-15
endloop
endfacet
facet normal -1.1015536019879426e-34 8.430047170285747e-18 -1.0
outer loop
vertex 35.16080489841824 2.196051283242402 5.639932965095795e-15
vertex 36.07119610856461 3.133901300623107 5.639932965095795e-15
vertex 37.160647642992764 2.8978916058025046 5.639932965095795e-15
endloop
endfacet
facet normal -1.1015536019879426e-34 8.430047170285747e-18 -1.0
outer loop
vertex 37.160647642992764 2.8978916058025046 5.639932965095795e-15
vertex 36.07119610856461 3.133901300623107 5.639932965095795e-15
vertex 38.10465158344475 3.946203288326429 5.639932965095795e-15
endloop
endfacet
facet normal -1.1015536019879426e-34 8.430047170285747e-18 -1.0
outer loop
vertex 37.160647642992764 2.8978916058025046 5.639932965095795e-15
vertex 38.10465158344475 3.946203288326429 5.639932965095795e-15
vertex 39.15465782161401 3.7640524552425045 5.639932965095795e-15
endloop
endfacet
facet normal -1.1015536019879426e-34 8.430047170285747e-18 -1.0
outer loop
vertex 39.15465782161401 3.7640524552425045 5.639932965095795e-15
vertex 38.10465158344475 3.946203288326429 5.639932965095795e-15
vertex 40.08190044524835 4.9011155611321415 5.639932965095795e-15
endloop
endfacet
facet normal -1.1015536019879426e-34 8.430047170285747e-18 -1.0
outer loop
vertex 39.15465782161401 3.7640524552425045 5.639932965095795e-15
vertex 40.08190044524835 4.9011155611321415 5.639932965095795e-15
vertex 41.09185674522882 4.758986508232328 5.639932965095795e-15
endloop
endfacet
facet normal -1.1015536019879426e-34 8.430047170285747e-18 -1.0
outer loop
vertex 41.09185674522882 4.758986508232328 5.639932965095795e-15
vertex 40.08190044524835 4.9011155611321415 5.639932965095795e-15
vertex 41.99681071123709 5.9757058556291005 5.639932965095795e-15
endloop
endfacet
facet normal -1.1015536019879426e-34 8.430047170285747e-18 -1.0
outer loop
vertex 41.09185674522882 4.758986508232328 5.639932965095795e-15
vertex 41.99681071123709 5.9757058556291005 5.639932965095795e-15
vertex 42.96666160487481 5.861490180519695 5.639932965095795e-15
endloop
endfacet
facet normal -1.1015536019879426e-34 8.430047170285747e-18 -1.0
outer loop
vertex 42.96666160487481 5.861490180519695 5.639932965095795e-15
vertex 41.99681071123709 5.9757058556291005 5.639932965095795e-15
vertex 43.981709746366484 7.2400942555862065 5.639932965095795e-15
endloop
endfacet
facet normal -1.1015536019879426e-34 8.430047170285747e-18 -1.0
outer loop
vertex 42.96666160487481 5.861490180519695 5.639932965095795e-15
vertex 43.981709746366484 7.2400942555862065 5.639932965095795e-15
vertex 45.11569059662016 7.2893049560785 5.639932965095795e-15
endloop
endfacet
facet normal -1.1015536019879426e-34 8.430047170285747e-18 -1.0
outer loop
vertex 45.11569059662016 7.2893049560785 5.639932965095795e-15
vertex 43.981709746366484 7.2400942555862065 5.639932965095795e-15
vertex 46.38358960242922 8.971628961302752 5.639932965095795e-15
endloop
endfacet
facet normal -1.1015536019879426e-34 8.430047170285747e-18 -1.0
outer loop
vertex 45.11569059662016 7.2893049560785 5.639932965095795e-15
vertex 46.38358960242922 8.971628961302752 5.639932965095795e-15
vertex 47.45523607631561 9.043500326018565 5.639932965095795e-15
endloop
endfacet
facet normal -1.1015536019879426e-34 8.430047170285747e-18 -1.0
outer loop
vertex 47.45523607631561 9.043500326018565 5.639932965095795e-15
vertex 46.38358960242922 8.971628961302752 5.639932965095795e-15
vertex 48.68832508741499 10.848824714327606 5.639932965095795e-15
endloop
endfacet
facet normal -1.1015536019879426e-34 8.430047170285747e-18 -1.0
outer loop
vertex 47.45523607631561 9.043500326018565 5.639932965095795e-15
vertex 48.68832508741499 10.848824714327606 5.639932965095795e-15
vertex 49.69761614511278 10.930553447999861 5.639932965095795e-15
endloop
endfacet
facet normal -1.1015536019879426e-34 8.430047170285747e-18 -1.0
outer loop
vertex 49.69761614511278 10.930553447999861 5.639932965095795e-15
vertex 48.68832508741499 10.848824714327606 5.639932965095795e-15
vertex 50.88286055089591 12.847304230639045 5.639932965095795e-15
endloop
endfacet
facet normal -1.1015536019879426e-34 8.430047170285747e-18 -1.0
outer loop
vertex 49.69761614511278 10.930553447999861 5.639932965095795e-15
vertex 50.88286055089591 12.847304230639045 5.639932965095795e-15
vertex 51.830711310730536 12.927876689121302 5.639932965095795e-15
endloop
endfacet
facet normal -1.1015536019879426e-34 8.430047170285747e-18 -1.0
outer loop
vertex 51.830711310730536 12.927876689121302 5.639932965095795e-15
vertex 50.88286055089591 12.847304230639045 5.639932965095795e-15
vertex 52.50832333328368 14.4732755460967 5.639932965095795e-15
endloop
endfacet
facet normal -1.1015536019879426e-34 8.430047170285747e-18 -1.0
outer loop
vertex 51.830711310730536 12.927876689121302 5.639932965095795e-15
vertex 52.50832333328368 14.4732755460967 5.639932965095795e-15
vertex 53.14343196064957 14.264732872595685 5.639932965095795e-15
endloop
endfacet
facet normal -1.1015536019879426e-34 8.430047170285747e-18 -1.0
outer loop
vertex 53.14343196064957 14.264732872595685 5.639932965095795e-15
vertex 52.50832333328368 14.4732755460967 5.639932965095795e-15
vertex 53.38624950478601 15.40985888042815 5.639932965095795e-15
endloop
endfacet
facet normal -1.1015536019879426e-34 8.430047170285747e-18 -1.0
outer loop
vertex 53.14343196064957 14.264732872595685 5.639932965095795e-15
vertex 53.38624950478601 15.40985888042815 5.639932965095795e-15
vertex 54.00490129108191 15.193095597062987 5.639932965095795e-15
endloop
endfacet
facet normal -1.1015536019879426e-34 8.430047170285747e-18 -1.0
outer loop
vertex 54.00490129108191 15.193095597062987 5.639932965095795e-15
vertex 53.38624950478601 15.40985888042815 5.639932965095795e-15
vertex 54.24105055472161 16.368391708909588 5.639932965095795e-15
endloop
endfacet
facet normal -1.1015536019879426e-34 8.430047170285747e-18 -1.0
outer loop
vertex 54.00490129108191 15.193095597062987 5.639932965095795e-15
vertex 54.24105055472161 16.368391708909588 5.639932965095795e-15
vertex 54.843526014943194 16.142596735555454 5.639932965095795e-15
endloop
endfacet
facet normal -1.1015536019879426e-34 8.430047170285747e-18 -1.0
outer loop
vertex 54.843526014943194 16.142596735555454 5.639932965095795e-15
vertex 54.24105055472161 16.368391708909588 5.639932965095795e-15
vertex 55.06968561987667 17.348823801715238 5.639932965095795e-15
endloop
endfacet
facet normal -1.1015536019879426e-34 8.430047170285747e-18 -1.0
outer loop
vertex 54.843526014943194 16.142596735555454 5.639932965095795e-15
vertex 55.06968561987667 17.348823801715238 5.639932965095795e-15
vertex 55.65646819257119 17.11317819270437 5.639932965095795e-15
endloop
endfacet
facet normal -1.1015536019879426e-34 8.430047170285747e-18 -1.0
outer loop
vertex 55.65646819257119 17.11317819270437 5.639932965095795e-15
vertex 55.06968561987667 17.348823801715238 5.639932965095795e-15
vertex 55.78045046505134 18.236701113692494 5.639932965095795e-15
endloop
endfacet
facet normal -1.1015536019879426e-34 8.430047170285747e-18 -1.0
outer loop
vertex 55.65646819257119 17.11317819270437 5.639932965095795e-15
vertex 55.78045046505134 18.236701113692494 5.639932965095795e-15
vertex 56.33611111983383 17.968542187681646 5.639932965095795e-15
endloop
endfacet
facet normal -1.1015536019879426e-34 8.430047170285747e-18 -1.0
outer loop
vertex 56.33611111983383 17.968542187681646 5.639932965095795e-15
vertex 55.78045046505134 18.236701113692494 5.639932965095795e-15
vertex 56.402661250534564 19.057711172592626 5.639932965095795e-15
endloop
endfacet
facet normal -1.1015536019879426e-34 8.430047170285747e-18 -1.0
outer loop
vertex 56.33611111983383 17.968542187681646 5.639932965095795e-15
vertex 56.402661250534564 19.057711172592626 5.639932965095795e-15
vertex 56.952156028944906 18.786927483918237 5.639932965095795e-15
endloop
endfacet
facet normal -1.1015536019879426e-34 8.430047170285747e-18 -1.0
outer loop
vertex 56.952156028944906 18.786927483918237 5.639932965095795e-15
vertex 56.402661250534564 19.057711172592626 5.639932965095795e-15
vertex 56.99958343066851 19.898601218272997 5.639932965095795e-15
endloop
endfacet
facet normal -1.1015536019879426e-34 8.430047170285747e-18 -1.0
outer loop
vertex 56.952156028944906 18.786927483918237 5.639932965095795e-15
vertex 56.99958343066851 19.898601218272997 5.639932965095795e-15
vertex 57.54304134074443 19.62482543763519 5.639932965095795e-15
endloop
endfacet
facet normal -1.1015536019879426e-34 8.430047170285747e-18 -1.0
outer loop
vertex 57.54304134074443 19.62482543763519 5.639932965095795e-15
vertex 56.99958343066851 19.898601218272997 5.639932965095795e-15
vertex 57.562094359668464 20.758127280139668 5.639932965095795e-15
endloop
endfacet
facet normal -1.1015536019879426e-34 8.430047170285747e-18 -1.0
outer loop
vertex 57.54304134074443 19.62482543763519 5.639932965095795e-15
vertex 57.562094359668464 20.758127280139668 5.639932965095795e-15
vertex 58.10048571225419 20.481387026572236 5.639932965095795e-15
endloop
endfacet
facet normal -1.1015536019879426e-34 8.430047170285747e-18 -1.0
outer loop
vertex 58.10048571225419 20.481387026572236 5.639932965095795e-15
vertex 57.562094359668464 20.758127280139668 5.639932965095795e-15
vertex 57.770694133155814 21.1005103849879 5.639932965095795e-15
endloop
endfacet
facet normal -1.1015536019879426e-34 8.430047170285747e-18 -1.0
outer loop
vertex 58.10048571225419 20.481387026572236 5.639932965095795e-15
vertex 57.770694133155814 21.1005103849879 5.639932965095795e-15
vertex 58.00609211115254 21.495704357048155 5.639932965095795e-15
endloop
endfacet
facet normal -1.1015536019879426e-34 8.430047170285747e-18 -1.0
outer loop
vertex 58.10048571225419 20.481387026572236 5.639932965095795e-15
vertex 58.00609211115254 21.495704357048155 5.639932965095795e-15
vertex 58.26771408422492 21.93492404617446 5.639932965095795e-15
endloop
endfacet
facet normal -1.1015536019879426e-34 8.430047170285747e-18 -1.0
outer loop
vertex 58.10048571225419 20.481387026572236 5.639932965095795e-15
vertex 58.26771408422492 21.93492404617446 5.639932965095795e-15
vertex 58.220341929895824 20.67643612691511 5.639932965095795e-15
endloop
endfacet
facet normal -1.1015536019879426e-34 8.430047170285747e-18 -1.0
outer loop
vertex 58.220341929895824 20.67643612691511 5.639932965095795e-15
vertex 58.26771408422492 21.93492404617446 5.639932965095795e-15
vertex 58.307150849309345 20.82217970998064 5.639932965095795e-15
endloop
endfacet
facet normal -1.1015536019879426e-34 8.430047170285747e-18 -1.0
outer loop
vertex 58.307150849309345 20.82217970998064 5.639932965095795e-15
vertex 58.26771408422492 21.93492404617446 5.639932965095795e-15
vertex 58.404772271434894 22.165021899468734 5.639932965095795e-15
endloop
endfacet
facet normal -1.1015536019879426e-34 8.430047170285747e-18 -1.0
outer loop
vertex 58.307150849309345 20.82217970998064 5.639932965095795e-15
vertex 58.404772271434894 22.165021899468734 5.639932965095795e-15
vertex 58.54899721474527 21.22820665280162 5.639932965095795e-15
endloop
endfacet
facet normal -1.1015536019879426e-34 8.430047170285747e-18 -1.0
outer loop
vertex 58.54899721474527 21.22820665280162 5.639932965095795e-15
vertex 58.404772271434894 22.165021899468734 5.639932965095795e-15
vertex 58.53136449933684 23.168296080865446 5.639932965095795e-15
endloop
endfacet
facet normal -1.1015536019879426e-34 8.430047170285747e-18 -1.0
outer loop
vertex 58.54899721474527 21.22820665280162 5.639932965095795e-15
vertex 58.53136449933684 23.168296080865446 5.639932965095795e-15
vertex 58.934839930463276 23.835731437566746 5.639932965095795e-15
endloop
endfacet
facet normal -1.1015536019879426e-34 8.430047170285747e-18 -1.0
outer loop
vertex 58.54899721474527 21.22820665280162 5.639932965095795e-15
vertex 58.934839930463276 23.835731437566746 5.639932965095795e-15
vertex 58.80666706194443 21.66079905553172 5.639932965095795e-15
endloop
endfacet
facet normal -1.1015536019879426e-34 8.430047170285747e-18 -1.0
outer loop
vertex 58.80666706194443 21.66079905553172 5.639932965095795e-15
vertex 58.934839930463276 23.835731437566746 5.639932965095795e-15
vertex 58.937748375731836 21.880866638528527 5.639932965095795e-15
endloop
endfacet
facet normal -1.1015536019879426e-34 8.430047170285747e-18 -1.0
outer loop
vertex 58.937748375731836 21.880866638528527 5.639932965095795e-15
vertex 58.934839930463276 23.835731437566746 5.639932965095795e-15
vertex 59.44734827226837 24.607180782567273 5.639932965095795e-15
endloop
endfacet
facet normal -1.1015536019879426e-34 8.430047170285747e-18 -1.0
outer loop
vertex 58.937748375731836 21.880866638528527 5.639932965095795e-15
vertex 59.44734827226837 24.607180782567273 5.639932965095795e-15
vertex 58.95904294414443 21.923464946977123 5.639932965095795e-15
endloop
endfacet
facet normal -1.1015536019879426e-34 8.430047170285747e-18 -1.0
outer loop
vertex 58.95904294414443 21.923464946977123 5.639932965095795e-15
vertex 59.44734827226837 24.607180782567273 5.639932965095795e-15
vertex 58.97310914662365 21.968001592698027 5.639932965095795e-15
endloop
endfacet
facet normal -1.1015536019879426e-34 8.430047170285747e-18 -1.0
outer loop
vertex 58.97310914662365 21.968001592698027 5.639932965095795e-15
vertex 59.44734827226837 24.607180782567273 5.639932965095795e-15
vertex 59.15896337851267 21.937881760337525 5.639932965095795e-15
endloop
endfacet
facet normal -1.1015536019879426e-34 8.430047170285747e-18 -1.0
outer loop
vertex 59.15896337851267 21.937881760337525 5.639932965095795e-15
vertex 59.44734827226837 24.607180782567273 5.639932965095795e-15
vertex 59.36749448652483 21.910126501760146 5.639932965095795e-15
endloop
endfacet
facet normal -1.1015536019879426e-34 8.430047170285747e-18 -1.0
outer loop
vertex 59.36749448652483 21.910126501760146 5.639932965095795e-15
vertex 59.44734827226837 24.607180782567273 5.639932965095795e-15
vertex 59.598981619288935 21.883584331604442 5.639932965095795e-15
endloop
endfacet
facet normal -1.1015536019879426e-34 8.430047170285747e-18 -1.0
outer loop
vertex 59.598981619288935 21.883584331604442 5.639932965095795e-15
vertex 59.44734827226837 24.607180782567273 5.639932965095795e-15
vertex 59.79534497862669 25.166947543176885 5.639932965095795e-15
endloop
endfacet
facet normal -1.1015536019879426e-34 8.430047170285747e-18 -1.0
outer loop
vertex 59.598981619288935 21.883584331604442 5.639932965095795e-15
vertex 59.79534497862669 25.166947543176885 5.639932965095795e-15
vertex 59.85370392543417 21.857103764508807 5.639932965095795e-15
endloop
endfacet
facet normal -1.1015536019879426e-34 8.430047170285747e-18 -1.0
outer loop
vertex 59.85370392543417 21.857103764508807 5.639932965095795e-15
vertex 59.79534497862669 25.166947543176885 5.639932965095795e-15
vertex 60.059250201894955 25.80226991302462 5.639932965095795e-15
endloop
endfacet
facet normal -1.1015536019879426e-34 8.430047170285747e-18 -1.0
outer loop
vertex 59.85370392543417 21.857103764508807 5.639932965095795e-15
vertex 60.059250201894955 25.80226991302462 5.639932965095795e-15
vertex 60.13194055358944 21.82953331511153 5.639932965095795e-15
endloop
endfacet
facet normal -1.1015536019879426e-34 8.430047170285747e-18 -1.0
outer loop
vertex 60.13194055358944 21.82953331511153 5.639932965095795e-15
vertex 60.059250201894955 25.80226991302462 5.639932965095795e-15
vertex 60.3098573007971 26.63117922287044 5.639932965095795e-15
endloop
endfacet
facet normal -1.1015536019879426e-34 8.430047170285747e-18 -1.0
outer loop
vertex 60.13194055358944 21.82953331511153 5.639932965095795e-15
vertex 60.3098573007971 26.63117922287044 5.639932965095795e-15
vertex 60.433970652383785 21.79972149805118 5.639932965095795e-15
endloop
endfacet
facet normal -1.1015536019879426e-34 8.430047170285747e-18 -1.0
outer loop
vertex 60.433970652383785 21.79972149805118 5.639932965095795e-15
vertex 60.3098573007971 26.63117922287044 5.639932965095795e-15
vertex 60.63448761850543 27.38303573920248 5.639932965095795e-15
endloop
endfacet
facet normal -1.1015536019879426e-34 8.430047170285747e-18 -1.0
outer loop
vertex 60.433970652383785 21.79972149805118 5.639932965095795e-15
vertex 60.63448761850543 27.38303573920248 5.639932965095795e-15
vertex 60.760073370446406 21.766516827966118 5.639932965095795e-15
endloop
endfacet
facet normal -1.1015536019879426e-34 8.430047170285747e-18 -1.0
outer loop
vertex 60.760073370446406 21.766516827966118 5.639932965095795e-15
vertex 60.63448761850543 27.38303573920248 5.639932965095795e-15
vertex 61.020511539542575 28.268581000748156 5.639932965095795e-15
endloop
endfacet
facet normal -1.1015536019879426e-34 8.430047170285747e-18 -1.0
outer loop
vertex 60.760073370446406 21.766516827966118 5.639932965095795e-15
vertex 61.020511539542575 28.268581000748156 5.639932965095795e-15
vertex 61.060092073463466 21.743378843317483 5.639932965095795e-15
endloop
endfacet
facet normal -1.1015536019879426e-34 8.430047170285747e-18 -1.0
outer loop
vertex 61.060092073463466 21.743378843317483 5.639932965095795e-15
vertex 61.020511539542575 28.268581000748156 5.639932965095795e-15
vertex 61.3695903057376 29.030043305126693 5.639932965095795e-15
endloop
endfacet
facet normal -1.1015536019879426e-34 8.430047170285747e-18 -1.0
outer loop
vertex 61.060092073463466 21.743378843317483 5.639932965095795e-15
vertex 61.3695903057376 29.030043305126693 5.639932965095795e-15
vertex 61.207404829097264 22.165564618246577 5.639932965095795e-15
endloop
endfacet
facet normal -1.1015536019879426e-34 8.430047170285747e-18 -1.0
outer loop
vertex 61.207404829097264 22.165564618246577 5.639932965095795e-15
vertex 61.3695903057376 29.030043305126693 5.639932965095795e-15
vertex 61.4723301511055 22.924817962528966 5.639932965095795e-15
endloop
endfacet
facet normal -1.1015536019879426e-34 8.430047170285747e-18 -1.0
outer loop
vertex 61.4723301511055 22.924817962528966 5.639932965095795e-15
vertex 61.3695903057376 29.030043305126693 5.639932965095795e-15
vertex 61.99018632038132 30.336441920044905 5.639932965095795e-15
endloop
endfacet
facet normal -1.1015536019879426e-34 8.430047170285747e-18 -1.0
outer loop
vertex 61.4723301511055 22.924817962528966 5.639932965095795e-15
vertex 61.99018632038132 30.336441920044905 5.639932965095795e-15
vertex 61.72320893162821 24.239655709091984 5.639932965095795e-15
endloop
endfacet
facet normal -1.1015536019879426e-34 8.430047170285747e-18 -1.0
outer loop
vertex 61.4723301511055 22.924817962528966 5.639932965095795e-15
vertex 61.72320893162821 24.239655709091984 5.639932965095795e-15
vertex 61.710525250504055 23.607464771973607 5.639932965095795e-15
endloop
endfacet
facet normal -1.1015536019879426e-34 8.430047170285747e-18 -1.0
outer loop
vertex 61.72320893162821 24.239655709091984 5.639932965095795e-15
vertex 61.99018632038132 30.336441920044905 5.639932965095795e-15
vertex 62.13692090500912 26.75553626715602 5.639932965095795e-15
endloop
endfacet
facet normal -1.1015536019879426e-34 8.430047170285747e-18 -1.0
outer loop
vertex 62.13692090500912 26.75553626715602 5.639932965095795e-15
vertex 61.99018632038132 30.336441920044905 5.639932965095795e-15
vertex 62.3498091528103 31.220396352377893 5.639932965095795e-15
endloop
endfacet
facet normal -1.1015536019879426e-34 8.430047170285747e-18 -1.0
outer loop
vertex 62.13692090500912 26.75553626715602 5.639932965095795e-15
vertex 62.3498091528103 31.220396352377893 5.639932965095795e-15
vertex 63.15956423201092 30.086175483227127 5.639932965095795e-15
endloop
endfacet
facet normal -1.1015536019879426e-34 8.430047170285747e-18 -1.0
outer loop
vertex 63.15956423201092 30.086175483227127 5.639932965095795e-15
vertex 62.3498091528103 31.220396352377893 5.639932965095795e-15
vertex 62.629187647335876 32.13289384653429 5.639932965095795e-15
endloop
endfacet
facet normal -1.1015536019879426e-34 8.430047170285747e-18 -1.0
outer loop
vertex 63.15956423201092 30.086175483227127 5.639932965095795e-15
vertex 62.629187647335876 32.13289384653429 5.639932965095795e-15
vertex 62.82609652276706 33.066666257147105 5.639932965095795e-15
endloop
endfacet
facet normal -1.1015536019879426e-34 8.430047170285747e-18 -1.0
outer loop
vertex 63.15956423201092 30.086175483227127 5.639932965095795e-15
vertex 62.82609652276706 33.066666257147105 5.639932965095795e-15
vertex 62.93896737772198 34.014275981741974 5.639932965095795e-15
endloop
endfacet
facet normal -1.1015536019879426e-34 8.430047170285747e-18 -1.0
outer loop
vertex 63.15956423201092 30.086175483227127 5.639932965095795e-15
vertex 62.93896737772198 34.014275981741974 5.639932965095795e-15
vertex 63.075970163653636 38.55841457272399 5.639932965095795e-15
endloop
endfacet
facet normal -1.1015536019879426e-34 8.430047170285747e-18 -1.0
outer loop
vertex 83.60587048898888 22.69791538198493 5.639932965095795e-15
vertex 83.51531854398641 22.16502189946873 5.639932965095795e-15
vertex 83.38872631608446 23.168296080865442 5.639932965095795e-15
endloop
endfacet
facet normal -1.1015536019879426e-34 8.430047170285747e-18 -1.0
outer loop
vertex 83.51531854398641 22.16502189946873 5.639932965095795e-15
vertex 83.60587048898888 22.69791538198493 5.639932965095795e-15
vertex 83.64342205619714 22.36967511640082 5.639932965095795e-15
endloop
endfacet
facet normal -1.1015536019879426e-34 8.430047170285747e-18 -1.0
outer loop
vertex 0.8953637188674051 31.317726819259857 5.639932965095795e-15
vertex 0.8001996851930584 30.018131297039012 5.639932965095795e-15
vertex 0.7900157403494081 30.612471620900372 5.639932965095795e-15
endloop
endfacet
facet normal -1.1015536019879426e-34 8.430047170285747e-18 -1.0
outer loop
vertex 0.8001996851930584 30.018131297039012 5.639932965095795e-15
vertex 0.8953637188674051 31.317726819259857 5.639932965095795e-15
vertex 0.8793443208307066 29.50358076589247 5.639932965095795e-15
endloop
endfacet
facet normal -1.1015536019879426e-34 8.430047170285747e-18 -1.0
outer loop
vertex 0.8793443208307066 29.50358076589247 5.639932965095795e-15
vertex 0.8953637188674051 31.317726819259857 5.639932965095795e-15
vertex 1.8926558228815036 29.122129729618 5.639932965095795e-15
endloop
endfacet
facet normal -1.1015536019879426e-34 8.430047170285747e-18 -1.0
outer loop
vertex 1.8926558228815036 29.122129729618 5.639932965095795e-15
vertex 0.8953637188674051 31.317726819259857 5.639932965095795e-15
vertex 1.1648776180900833 32.093637796838216 5.639932965095795e-15
endloop
endfacet
facet normal -1.1015536019879426e-34 8.430047170285747e-18 -1.0
outer loop
vertex 1.8926558228815036 29.122129729618 5.639932965095795e-15
vertex 1.1648776180900833 32.093637796838216 5.639932965095795e-15
vertex 1.981594922369884 32.35129052696975 5.639932965095795e-15
endloop
endfacet
facet normal -1.1015536019879426e-34 8.430047170285747e-18 -1.0
outer loop
vertex 1.8926558228815036 29.122129729618 5.639932965095795e-15
vertex 1.981594922369884 32.35129052696975 5.639932965095795e-15
vertex 2.8800003685511957 28.88476545187919 5.639932965095795e-15
endloop
endfacet
facet normal -1.1015536019879426e-34 8.430047170285747e-18 -1.0
outer loop
vertex 2.8800003685511957 28.88476545187919 5.639932965095795e-15
vertex 1.981594922369884 32.35129052696975 5.639932965095795e-15
vertex 3.257890886817334 32.32767314680686 5.639932965095795e-15
endloop
endfacet
facet normal -1.1015536019879426e-34 8.430047170285747e-18 -1.0
outer loop
vertex 2.8800003685511957 28.88476545187919 5.639932965095795e-15
vertex 3.257890886817334 32.32767314680686 5.639932965095795e-15
vertex 3.784953935536716 28.75238709754405 5.639932965095795e-15
endloop
endfacet
facet normal -1.1015536019879426e-34 8.430047170285747e-18 -1.0
outer loop
vertex 3.784953935536716 28.75238709754405 5.639932965095795e-15
vertex 3.257890886817334 32.32767314680686 5.639932965095795e-15
vertex 4.557608428867364 32.261480477357004 5.639932965095795e-15
endloop
endfacet
facet normal -1.1015536019879426e-34 8.430047170285747e-18 -1.0
outer loop
vertex 3.784953935536716 28.75238709754405 5.639932965095795e-15
vertex 4.557608428867364 32.261480477357004 5.639932965095795e-15
vertex 4.676140507848122 28.689461404868727 5.639932965095795e-15
endloop
endfacet
facet normal -1.1015536019879426e-34 8.430047170285747e-18 -1.0
outer loop
vertex 4.676140507848122 28.689461404868727 5.639932965095795e-15
vertex 4.557608428867364 32.261480477357004 5.639932965095795e-15
vertex 5.2783507808209915 32.512082120432154 5.639932965095795e-15
endloop
endfacet
facet normal -1.1015536019879426e-34 8.430047170285747e-18 -1.0
outer loop
vertex 4.676140507848122 28.689461404868727 5.639932965095795e-15
vertex 5.2783507808209915 32.512082120432154 5.639932965095795e-15
vertex 4.72119728392584 28.45299224586656 5.639932965095795e-15
endloop
endfacet
facet normal -1.1015536019879426e-34 8.430047170285747e-18 -1.0
outer loop
vertex 4.72119728392584 28.45299224586656 5.639932965095795e-15
vertex 5.2783507808209915 32.512082120432154 5.639932965095795e-15
vertex 4.81866102759421 28.27312574134077 5.639932965095795e-15
endloop
endfacet
facet normal -1.1015536019879426e-34 8.430047170285747e-18 -1.0
outer loop
vertex 4.81866102759421 28.27312574134077 5.639932965095795e-15
vertex 5.2783507808209915 32.512082120432154 5.639932965095795e-15
vertex 4.96996152730341 28.15273543021227 5.639932965095795e-15
endloop
endfacet
facet normal -1.1015536019879426e-34 8.430047170285747e-18 -1.0
outer loop
vertex 4.96996152730341 28.15273543021227 5.639932965095795e-15
vertex 5.2783507808209915 32.512082120432154 5.639932965095795e-15
vertex 5.13945409827869 28.0203460852925 5.639932965095795e-15
endloop
endfacet
facet normal -1.1015536019879426e-34 8.430047170285747e-18 -1.0
outer loop
vertex 5.13945409827869 28.0203460852925 5.639932965095795e-15
vertex 5.2783507808209915 32.512082120432154 5.639932965095795e-15
vertex 5.2774665103672005 26.204299847710804 5.639932965095795e-15
endloop
endfacet
facet normal -1.1015536019879426e-34 8.430047170285747e-18 -1.0
outer loop
vertex 5.2774665103672005 26.204299847710804 5.639932965095795e-15
vertex 5.2783507808209915 32.512082120432154 5.639932965095795e-15
vertex 5.460616427702137 24.386038887960893 5.639932965095795e-15
endloop
endfacet
facet normal -1.1015536019879426e-34 8.430047170285747e-18 -1.0
outer loop
vertex 5.460616427702137 24.386038887960893 5.639932965095795e-15
vertex 5.2783507808209915 32.512082120432154 5.639932965095795e-15
vertex 5.318796793982634 33.49706902564563 5.639932965095795e-15
endloop
endfacet
facet normal -1.1015536019879426e-34 8.430047170285747e-18 -1.0
outer loop
vertex 5.460616427702137 24.386038887960893 5.639932965095795e-15
vertex 5.318796793982634 33.49706902564563 5.639932965095795e-15
vertex 5.397516255332277 34.64740831385848 5.639932965095795e-15
endloop
endfacet
facet normal -1.1015536019879426e-34 8.430047170285747e-18 -1.0
outer loop
vertex 5.460616427702137 24.386038887960893 5.639932965095795e-15
vertex 5.397516255332277 34.64740831385848 5.639932965095795e-15
vertex 5.444008469752627 35.20859481351209 5.619648376181693e-15
endloop
endfacet
facet normal -1.1015536019879426e-34 8.430047170285747e-18 -1.0
outer loop
vertex 5.460616427702137 24.386038887960893 5.639932965095795e-15
vertex 5.444008469752627 35.20859481351209 5.619648376181693e-15
vertex 5.701266513569686 36.82821160621193 5.639990432795195e-15
endloop
endfacet
facet normal -1.1015536019879426e-34 8.430047170285747e-18 -1.0
outer loop
vertex 5.460616427702137 24.386038887960893 5.639932965095795e-15
vertex 5.701266513569686 36.82821160621193 5.639990432795195e-15
vertex 5.705745780916 22.57624048988396 5.639932965095795e-15
endloop
endfacet
facet normal -1.1015536019879426e-34 8.430047170285747e-18 -1.0
outer loop
vertex 5.705745780916 22.57624048988396 5.639932965095795e-15
vertex 5.701266513569686 36.82821160621193 5.639990432795195e-15
vertex 5.7185886099653835 28.217886745549396 5.639932965095795e-15
endloop
endfacet
facet normal -1.1015536019879426e-34 8.430047170285747e-18 -1.0
outer loop
vertex 5.7185886099653835 28.217886745549396 5.639932965095795e-15
vertex 5.701266513569686 36.82821160621193 5.639990432795195e-15
vertex 6.2957896521795185 38.91756144830141 5.800608712137119e-15
endloop
endfacet
facet normal -1.1015536019879426e-34 8.430047170285747e-18 -1.0
outer loop
vertex 5.7185886099653835 28.217886745549396 5.639932965095795e-15
vertex 6.2957896521795185 38.91756144830141 5.800608712137119e-15
vertex 5.739517642360672 28.243128399920096 5.639932965095795e-15
endloop
endfacet
facet normal -1.1015536019879426e-34 8.430047170285747e-18 -1.0
outer loop
vertex 5.739517642360672 28.243128399920096 5.639932965095795e-15
vertex 6.2957896521795185 38.91756144830141 5.800608712137119e-15
vertex 5.800441118615431 28.311161792889806 5.639932965095795e-15
endloop
endfacet
facet normal -1.1015536019879426e-34 8.430047170285747e-18 -1.0
outer loop
vertex 5.800441118615431 28.311161792889806 5.639932965095795e-15
vertex 6.2957896521795185 38.91756144830141 5.800608712137119e-15
vertex 5.848449290443738 28.411185132408004 5.639932965095795e-15
endloop
endfacet
facet normal -1.1015536019879426e-34 8.430047170285747e-18 -1.0
outer loop
vertex 5.848449290443738 28.411185132408004 5.639932965095795e-15
vertex 6.2957896521795185 38.91756144830141 5.800608712137119e-15
vertex 5.8811295564112855 28.552522128859167 5.639932965095795e-15
endloop
endfacet
facet normal -1.1015536019879426e-34 8.430047170285747e-18 -1.0
outer loop
vertex 5.8811295564112855 28.552522128859167 5.639932965095795e-15
vertex 6.2957896521795185 38.91756144830141 5.800608712137119e-15
vertex 5.902125315628998 28.962377481510405 5.639932965095795e-15
endloop
endfacet
facet normal -1.1015536019879426e-34 8.430047170285747e-18 -1.0
outer loop
vertex 5.902125315628998 28.962377481510405 5.639932965095795e-15
vertex 6.2957896521795185 38.91756144830141 5.800608712137119e-15
vertex 5.953371457425645 29.599936168989615 5.639932965095795e-15
endloop
endfacet
facet normal -1.1015536019879426e-34 8.430047170285747e-18 -1.0
outer loop
vertex 5.953371457425645 29.599936168989615 5.639932965095795e-15
vertex 6.2957896521795185 38.91756144830141 5.800608712137119e-15
vertex 6.013538109670932 30.254405438961278 5.639932965095795e-15
endloop
endfacet
facet normal -1.1015536019879426e-34 8.430047170285747e-18 -1.0
outer loop
vertex 6.013538109670932 30.254405438961278 5.639932965095795e-15
vertex 6.2957896521795185 38.91756144830141 5.800608712137119e-15
vertex 6.047541982520165 30.922807251203654 5.639932965095795e-15
endloop
endfacet
facet normal -1.1015536019879426e-34 8.430047170285747e-18 -1.0
outer loop
vertex 6.047541982520165 30.922807251203654 5.639932965095795e-15
vertex 6.2957896521795185 38.91756144830141 5.800608712137119e-15
vertex 6.431120813179348 34.2142127938311 5.639932965095795e-15
endloop
endfacet
facet normal -1.1015536019879426e-34 8.430047170285747e-18 -1.0
outer loop
vertex 6.431120813179348 34.2142127938311 5.639932965095795e-15
vertex 6.2957896521795185 38.91756144830141 5.800608712137119e-15
vertex 7.135555925220775 40.92096683205291 6.065731389175237e-15
endloop
endfacet
facet normal -1.1015536019879426e-34 8.430047170285747e-18 -1.0
outer loop
vertex 6.431120813179348 34.2142127938311 5.639932965095795e-15
vertex 7.135555925220775 40.92096683205291 6.065731389175237e-15
vertex 6.712924887524898 35.90134265301431 5.639932965095795e-15
endloop
endfacet
facet normal -1.1015536019879426e-34 8.430047170285747e-18 -1.0
outer loop
vertex 6.712924887524898 35.90134265301431 5.639932965095795e-15
vertex 7.135555925220775 40.92096683205291 6.065731389175237e-15
vertex 7.119129172024825 37.5629138303398 5.639932965095795e-15
endloop
endfacet
facet normal -1.1015536019879426e-34 8.430047170285747e-18 -1.0
outer loop
vertex 7.119129172024825 37.5629138303398 5.639932965095795e-15
vertex 7.135555925220775 40.92096683205291 6.065731389175237e-15
vertex 7.6474944555778475 39.189766873856954 5.639932965095795e-15
endloop
endfacet
facet normal -1.1015536019879426e-34 8.430047170285747e-18 -1.0
outer loop
vertex 7.6474944555778475 39.189766873856954 5.639932965095795e-15
vertex 7.135555925220775 40.92096683205291 6.065731389175237e-15
vertex 8.096576320622633 42.87650945208285 6.38274025723638e-15
endloop
endfacet
facet normal -1.1015536019879426e-34 8.430047170285747e-18 -1.0
outer loop
vertex 7.6474944555778475 39.189766873856954 5.639932965095795e-15
vertex 8.096576320622633 42.87650945208285 6.38274025723638e-15
vertex 8.295108111572887 40.77293371618092 5.639932965095795e-15
endloop
endfacet
facet normal -1.1015536019879426e-34 8.430047170285747e-18 -1.0
outer loop
vertex 8.295108111572887 40.77293371618092 5.639932965095795e-15
vertex 8.096576320622633 42.87650945208285 6.38274025723638e-15
vertex 8.764694639697044 43.93372255892139 7.741041962985e-15
endloop
endfacet
facet normal -1.1015536019879426e-34 8.430047170285747e-18 -1.0
outer loop
vertex 8.295108111572887 40.77293371618092 5.639932965095795e-15
vertex 8.764694639697044 43.93372255892139 7.741041962985e-15
vertex 9.115735597624907 42.326973513474 5.639932965095795e-15
endloop
endfacet
facet normal -1.1015536019879426e-34 8.430047170285747e-18 -1.0
outer loop
vertex 9.115735597624907 42.326973513474 5.639932965095795e-15
vertex 8.764694639697044 43.93372255892139 7.741041962985e-15
vertex 9.927847452801995 45.30649881986172 8.279309999862331e-15
endloop
endfacet
facet normal -1.1015536019879426e-34 8.430047170285747e-18 -1.0
outer loop
vertex 9.115735597624907 42.326973513474 5.639932965095795e-15
vertex 9.927847452801995 45.30649881986172 8.279309999862331e-15
vertex 10.11770541066261 43.770762160124164 5.639932965095795e-15
endloop
endfacet
facet normal -1.1015536019879426e-34 8.430047170285747e-18 -1.0
outer loop
vertex 10.11770541066261 43.770762160124164 5.639932965095795e-15
vertex 9.927847452801995 45.30649881986172 8.279309999862331e-15
vertex 11.638725789391229 46.7896333388855 8.302986066142037e-15
endloop
endfacet
facet normal -1.1015536019879426e-34 8.430047170285747e-18 -1.0
outer loop
vertex 10.11770541066261 43.770762160124164 5.639932965095795e-15
vertex 11.638725789391229 46.7896333388855 8.302986066142037e-15
vertex 11.286405432357864 45.08324432065973 5.639932965095795e-15
endloop
endfacet
facet normal -1.1015536019879426e-34 8.430047170285747e-18 -1.0
outer loop
vertex 11.286405432357864 45.08324432065973 5.639932965095795e-15
vertex 11.638725789391229 46.7896333388855 8.302986066142037e-15
vertex 13.646773278583652 46.8413852363034 5.639932965095795e-15
endloop
endfacet
facet normal -1.1015536019879426e-34 8.430047170285747e-18 -1.0
outer loop
vertex 13.646773278583652 46.8413852363034 5.639932965095795e-15
vertex 11.638725789391229 46.7896333388855 8.302986066142037e-15
vertex 12.761021030522153 47.65862283421989 7.782640359763388e-15
endloop
endfacet
facet normal -1.1015536019879426e-34 8.430047170285747e-18 -1.0
outer loop
vertex 13.646773278583652 46.8413852363034 5.639932965095795e-15
vertex 12.761021030522153 47.65862283421989 7.782640359763388e-15
vertex 15.109860845208281 49.086572662441256 8.251874745030236e-15
endloop
endfacet
facet normal -1.1015536019879426e-34 8.430047170285747e-18 -1.0
outer loop
vertex 13.646773278583652 46.8413852363034 5.639932965095795e-15
vertex 15.109860845208281 49.086572662441256 8.251874745030236e-15
vertex 16.21048999935105 48.28698283744057 5.639932965095795e-15
endloop
endfacet
facet normal -1.1015536019879426e-34 8.430047170285747e-18 -1.0
outer loop
vertex 16.21048999935105 48.28698283744057 5.639932965095795e-15
vertex 15.109860845208281 49.086572662441256 8.251874745030236e-15
vertex 15.508964900524392 49.24517380075879 6.8795441840551835e-15
endloop
endfacet
facet normal -1.1015536019879426e-34 8.430047170285747e-18 -1.0
outer loop
vertex 16.21048999935105 48.28698283744057 5.639932965095795e-15
vertex 15.508964900524392 49.24517380075879 6.8795441840551835e-15
vertex 17.73668333265833 50.05670336564325 5.639932965095795e-15
endloop
endfacet
facet normal -1.1015536019879426e-34 8.430047170285747e-18 -1.0
outer loop
vertex 16.21048999935105 48.28698283744057 5.639932965095795e-15
vertex 17.73668333265833 50.05670336564325 5.639932965095795e-15
vertex 18.936407161484198 49.39683484286482 5.639932965095795e-15
endloop
endfacet
facet normal -1.1015536019879426e-34 8.430047170285747e-18 -1.0
outer loop
vertex 18.936407161484198 49.39683484286482 5.639932965095795e-15
vertex 17.73668333265833 50.05670336564325 5.639932965095795e-15
vertex 20.962193062190394 50.87439784320511 5.639932965095795e-15
endloop
endfacet
facet normal -1.1015536019879426e-34 8.430047170285747e-18 -1.0
outer loop
vertex 18.936407161484198 49.39683484286482 5.639932965095795e-15
vertex 20.962193062190394 50.87439784320511 5.639932965095795e-15
vertex 21.780772965386525 50.15312779030437 5.639932965095795e-15
endloop
endfacet
facet normal -1.1015536019879426e-34 8.430047170285747e-18 -1.0
outer loop
vertex 21.780772965386525 50.15312779030437 5.639932965095795e-15
vertex 20.962193062190394 50.87439784320511 5.639932965095795e-15
vertex 21.07910091178225 50.910818394943085 5.683419838285522e-15
endloop
endfacet
facet normal -1.1015536019879426e-34 8.430047170285747e-18 -1.0
outer loop
vertex 21.780772965386525 50.15312779030437 5.639932965095795e-15
vertex 21.07910091178225 50.910818394943085 5.683419838285522e-15
vertex 21.169864106596947 50.93909404661399 5.639932965095795e-15
endloop
endfacet
facet normal -1.1015536019879426e-34 8.430047170285747e-18 -1.0
outer loop
vertex 21.780772965386525 50.15312779030437 5.639932965095795e-15
vertex 21.169864106596947 50.93909404661399 5.639932965095795e-15
vertex 21.248365224039517 50.946944949243374 5.639932965095795e-15
endloop
endfacet
facet normal -1.1015536019879426e-34 8.430047170285747e-18 -1.0
outer loop
vertex 21.780772965386525 50.15312779030437 5.639932965095795e-15
vertex 21.248365224039517 50.946944949243374 5.639932965095795e-15
vertex 21.39659488286726 50.98452244353046 5.639932965095795e-15
endloop
endfacet
facet normal -1.1015536019879426e-34 8.430047170285747e-18 -1.0
outer loop
vertex 21.780772965386525 50.15312779030437 5.639932965095795e-15
vertex 21.39659488286726 50.98452244353046 5.639932965095795e-15
vertex 29.233069616607096 51.74549583300464 5.639932965095795e-15
endloop
endfacet
facet normal -1.1015536019879426e-34 8.430047170285747e-18 -1.0
outer loop
vertex 21.780772965386525 50.15312779030437 5.639932965095795e-15
vertex 29.233069616607096 51.74549583300464 5.639932965095795e-15
vertex 22.15586904962408 50.20861317219974 5.639932965095795e-15
endloop
endfacet
facet normal -1.1015536019879426e-34 8.430047170285747e-18 -1.0
outer loop
vertex 22.15586904962408 50.20861317219974 5.639932965095795e-15
vertex 29.233069616607096 51.74549583300464 5.639932965095795e-15
vertex 23.101059094739863 50.34842862968049 5.639932965095795e-15
endloop
endfacet
facet normal -1.1015536019879426e-34 8.430047170285747e-18 -1.0
outer loop
vertex 23.101059094739863 50.34842862968049 5.639932965095795e-15
vertex 29.233069616607096 51.74549583300464 5.639932965095795e-15
vertex 26.41841803245005 50.70951945808198 5.639932965095795e-15
endloop
endfacet
facet normal -1.1015536019879426e-34 8.430047170285747e-18 -1.0
outer loop
vertex 26.41841803245005 50.70951945808198 5.639932965095795e-15
vertex 29.233069616607096 51.74549583300464 5.639932965095795e-15
vertex 28.890525158856395 50.84655978291714 5.639932965095795e-15
endloop
endfacet
facet normal -1.1015536019879426e-34 8.430047170285747e-18 -1.0
outer loop
vertex 28.890525158856395 50.84655978291714 5.639932965095795e-15
vertex 29.233069616607096 51.74549583300464 5.639932965095795e-15
vertex 29.711376426434303 50.89206336289897 5.639932965095795e-15
endloop
endfacet
facet normal -1.1015536019879426e-34 8.430047170285747e-18 -1.0
outer loop
vertex 29.711376426434303 50.89206336289897 5.639932965095795e-15
vertex 29.233069616607096 51.74549583300464 5.639932965095795e-15
vertex 36.80400411218923 51.60684219527834 5.639932965095795e-15
endloop
endfacet
facet normal -1.1015536019879426e-34 8.430047170285747e-18 -1.0
outer loop
vertex 29.711376426434303 50.89206336289897 5.639932965095795e-15
vertex 36.80400411218923 51.60684219527834 5.639932965095795e-15
vertex 33.00768473927401 50.937056584297274 5.639932965095795e-15
endloop
endfacet
facet normal -1.1015536019879426e-34 8.430047170285747e-18 -1.0
outer loop
vertex 33.00768473927401 50.937056584297274 5.639932965095795e-15
vertex 36.80400411218923 51.60684219527834 5.639932965095795e-15
vertex 36.389649858099304 50.82694811175228 5.639932965095795e-15
endloop
endfacet
facet normal -1.1015536019879426e-34 8.430047170285747e-18 -1.0
outer loop
vertex 36.389649858099304 50.82694811175228 5.639932965095795e-15
vertex 36.80400411218923 51.60684219527834 5.639932965095795e-15
vertex 39.4519305379429 50.587387231333764 5.639932965095795e-15
endloop
endfacet
facet normal -1.1015536019879426e-34 8.430047170285747e-18 -1.0
outer loop
vertex 39.4519305379429 50.587387231333764 5.639932965095795e-15
vertex 36.80400411218923 51.60684219527834 5.639932965095795e-15
vertex 43.52936871237649 50.95008358438098 5.639932965095795e-15
endloop
endfacet
facet normal -1.1015536019879426e-34 8.430047170285747e-18 -1.0
outer loop
vertex 39.4519305379429 50.587387231333764 5.639932965095795e-15
vertex 43.52936871237649 50.95008358438098 5.639932965095795e-15
vertex 42.35014075789586 50.2583677096962 5.639932965095795e-15
endloop
endfacet
facet normal -1.1015536019879426e-34 8.430047170285747e-18 -1.0
outer loop
vertex 42.35014075789586 50.2583677096962 5.639932965095795e-15
vertex 43.52936871237649 50.95008358438098 5.639932965095795e-15
vertex 45.212198922510076 49.88786518991441 5.639932965095795e-15
endloop
endfacet
facet normal -1.1015536019879426e-34 8.430047170285747e-18 -1.0
outer loop
vertex 45.212198922510076 49.88786518991441 5.639932965095795e-15
vertex 43.52936871237649 50.95008358438098 5.639932965095795e-15
vertex 48.85222829810359 50.41298017048925 5.639932965095795e-15
endloop
endfacet
facet normal -1.1015536019879426e-34 8.430047170285747e-18 -1.0
outer loop
vertex 45.212198922510076 49.88786518991441 5.639932965095795e-15
vertex 48.85222829810359 50.41298017048925 5.639932965095795e-15
vertex 48.614277183072126 49.458209195579016 5.639932965095795e-15
endloop
endfacet
facet normal -1.1015536019879426e-34 8.430047170285747e-18 -1.0
outer loop
vertex 48.614277183072126 49.458209195579016 5.639932965095795e-15
vertex 48.85222829810359 50.41298017048925 5.639932965095795e-15
vertex 52.819349877374165 48.61281011759283 5.639932965095795e-15
endloop
endfacet
facet normal -1.1015536019879426e-34 8.430047170285747e-18 -1.0
outer loop
vertex 52.819349877374165 48.61281011759283 5.639932965095795e-15
vertex 48.85222829810359 50.41298017048925 5.639932965095795e-15
vertex 55.47818465280009 49.04978035177235 5.639932965095795e-15
endloop
endfacet
facet normal -1.1015536019879426e-34 8.430047170285747e-18 -1.0
outer loop
vertex 55.47818465280009 49.04978035177235 5.639932965095795e-15
vertex 48.85222829810359 50.41298017048925 5.639932965095795e-15
vertex 56.92337074537194 49.12985438002177 5.639932965095795e-15
endloop
endfacet
facet normal -1.1015536019879426e-34 8.430047170285747e-18 -1.0
outer loop
vertex 56.92337074537194 49.12985438002177 5.639932965095795e-15
vertex 48.85222829810359 50.41298017048925 5.639932965095795e-15
vertex 93.0678625173177 50.41298017048925 5.639932965095795e-15
endloop
endfacet
facet normal -1.1015536019879426e-34 8.430047170285747e-18 -1.0
outer loop
vertex 56.92337074537194 49.12985438002177 5.639932965095795e-15
vertex 93.0678625173177 50.41298017048925 5.639932965095795e-15
vertex 84.99672007004935 49.12985438002177 5.639932965095795e-15
endloop
endfacet
facet normal -1.1015536019879426e-34 8.430047170285747e-18 -1.0
outer loop
vertex 84.99672007004935 49.12985438002177 5.639932965095795e-15
vertex 93.0678625173177 50.41298017048925 5.639932965095795e-15
vertex 86.44190616262121 49.04978035177235 5.639932965095795e-15
endloop
endfacet
facet normal -1.1015536019879426e-34 8.430047170285747e-18 -1.0
outer loop
vertex 86.44190616262121 49.04978035177235 5.639932965095795e-15
vertex 93.0678625173177 50.41298017048925 5.639932965095795e-15
vertex 89.10074093804714 48.61281011759283 5.639932965095795e-15
endloop
endfacet
facet normal -1.1015536019879426e-34 8.430047170285747e-18 -1.0
outer loop
vertex 89.10074093804714 48.61281011759283 5.639932965095795e-15
vertex 93.0678625173177 50.41298017048925 5.639932965095795e-15
vertex 93.30581363234917 49.458209195579016 5.639932965095795e-15
endloop
endfacet
facet normal -1.1015536019879426e-34 8.430047170285747e-18 -1.0
outer loop
vertex 93.30581363234917 49.458209195579016 5.639932965095795e-15
vertex 93.0678625173177 50.41298017048925 5.639932965095795e-15
vertex 98.39072210304481 50.95008358438098 5.639932965095795e-15
endloop
endfacet
facet normal -1.1015536019879426e-34 8.430047170285747e-18 -1.0
outer loop
vertex 93.30581363234917 49.458209195579016 5.639932965095795e-15
vertex 98.39072210304481 50.95008358438098 5.639932965095795e-15
vertex 96.7078918929112 49.88786518991441 5.639932965095795e-15
endloop
endfacet
facet normal -1.1015536019879426e-34 8.430047170285747e-18 -1.0
outer loop
vertex 96.7078918929112 49.88786518991441 5.639932965095795e-15
vertex 98.39072210304481 50.95008358438098 5.639932965095795e-15
vertex 99.56995005752545 50.2583677096962 5.639932965095795e-15
endloop
endfacet
facet normal -1.1015536019879426e-34 8.430047170285747e-18 -1.0
outer loop
vertex 99.56995005752545 50.2583677096962 5.639932965095795e-15
vertex 98.39072210304481 50.95008358438098 5.639932965095795e-15
vertex 105.11608670323207 51.60684219527834 5.639932965095795e-15
endloop
endfacet
facet normal -1.1015536019879426e-34 8.430047170285747e-18 -1.0
outer loop
vertex 99.56995005752545 50.2583677096962 5.639932965095795e-15
vertex 105.11608670323207 51.60684219527834 5.639932965095795e-15
vertex 102.4681602774784 50.587387231333764 5.639932965095795e-15
endloop
endfacet
facet normal -1.1015536019879426e-34 8.430047170285747e-18 -1.0
outer loop
vertex 102.4681602774784 50.587387231333764 5.639932965095795e-15
vertex 105.11608670323207 51.60684219527834 5.639932965095795e-15
vertex 105.53044095732201 50.82694811175228 5.639932965095795e-15
endloop
endfacet
facet normal -1.1015536019879426e-34 8.430047170285747e-18 -1.0
outer loop
vertex 105.53044095732201 50.82694811175228 5.639932965095795e-15
vertex 105.11608670323207 51.60684219527834 5.639932965095795e-15
vertex 112.68702119881421 51.74549583300464 5.639932965095795e-15
endloop
endfacet
facet normal -1.1015536019879426e-34 8.430047170285747e-18 -1.0
outer loop
vertex 105.53044095732201 50.82694811175228 5.639932965095795e-15
vertex 112.68702119881421 51.74549583300464 5.639932965095795e-15
vertex 108.91240607614728 50.937056584297274 5.639932965095795e-15
endloop
endfacet
facet normal -1.1015536019879426e-34 8.430047170285747e-18 -1.0
outer loop
vertex 108.91240607614728 50.937056584297274 5.639932965095795e-15
vertex 112.68702119881421 51.74549583300464 5.639932965095795e-15
vertex 112.208714388987 50.89206336289897 5.639932965095795e-15
endloop
endfacet
facet normal -1.1015536019879426e-34 8.430047170285747e-18 -1.0
outer loop
vertex 112.208714388987 50.89206336289897 5.639932965095795e-15
vertex 112.68702119881421 51.74549583300464 5.639932965095795e-15
vertex 113.02956565656491 50.84655978291714 5.639932965095795e-15
endloop
endfacet
facet normal -1.1015536019879426e-34 8.430047170285747e-18 -1.0
outer loop
vertex 113.02956565656491 50.84655978291714 5.639932965095795e-15
vertex 112.68702119881421 51.74549583300464 5.639932965095795e-15
vertex 120.52349593255404 50.98452244353046 5.639932965095795e-15
endloop
endfacet
facet normal -1.1015536019879426e-34 8.430047170285747e-18 -1.0
outer loop
vertex 113.02956565656491 50.84655978291714 5.639932965095795e-15
vertex 120.52349593255404 50.98452244353046 5.639932965095795e-15
vertex 115.50167278297126 50.70951945808198 5.639932965095795e-15
endloop
endfacet
facet normal -1.1015536019879426e-34 8.430047170285747e-18 -1.0
outer loop
vertex 115.50167278297126 50.70951945808198 5.639932965095795e-15
vertex 120.52349593255404 50.98452244353046 5.639932965095795e-15
vertex 118.81903172068144 50.34842862968049 5.639932965095795e-15
endloop
endfacet
facet normal -1.1015536019879426e-34 8.430047170285747e-18 -1.0
outer loop
vertex 118.81903172068144 50.34842862968049 5.639932965095795e-15
vertex 120.52349593255404 50.98452244353046 5.639932965095795e-15
vertex 119.76422176579722 50.20861317219974 5.639932965095795e-15
endloop
endfacet
facet normal -1.1015536019879426e-34 8.430047170285747e-18 -1.0
outer loop
vertex 119.76422176579722 50.20861317219974 5.639932965095795e-15
vertex 120.52349593255404 50.98452244353046 5.639932965095795e-15
vertex 120.13931785003479 50.15312779030437 5.639932965095795e-15
endloop
endfacet
facet normal -1.1015536019879426e-34 8.430047170285747e-18 -1.0
outer loop
vertex 120.13931785003479 50.15312779030437 5.639932965095795e-15
vertex 120.52349593255404 50.98452244353046 5.639932965095795e-15
vertex 122.9836836539371 49.39683484286482 5.639932965095795e-15
endloop
endfacet
facet normal -1.1015536019879426e-34 8.430047170285747e-18 -1.0
outer loop
vertex 122.9836836539371 49.39683484286482 5.639932965095795e-15
vertex 120.52349593255404 50.98452244353046 5.639932965095795e-15
vertex 120.67172559138179 50.946944949243374 5.639932965095795e-15
endloop
endfacet
facet normal -1.1015536019879426e-34 8.430047170285747e-18 -1.0
outer loop
vertex 122.9836836539371 49.39683484286482 5.639932965095795e-15
vertex 120.67172559138179 50.946944949243374 5.639932965095795e-15
vertex 120.75022670882436 50.93909404661399 5.639932965095795e-15
endloop
endfacet
facet normal -1.1015536019879426e-34 8.430047170285747e-18 -1.0
outer loop
vertex 122.9836836539371 49.39683484286482 5.639932965095795e-15
vertex 120.75022670882436 50.93909404661399 5.639932965095795e-15
vertex 120.84098990363906 50.910818394943085 5.683419838285522e-15
endloop
endfacet
facet normal -1.1015536019879426e-34 8.430047170285747e-18 -1.0
outer loop
vertex 122.9836836539371 49.39683484286482 5.639932965095795e-15
vertex 120.84098990363906 50.910818394943085 5.683419838285522e-15
vertex 120.95789775323091 50.87439784320511 5.639932965095795e-15
endloop
endfacet
facet normal -1.1015536019879426e-34 8.430047170285747e-18 -1.0
outer loop
vertex 122.9836836539371 49.39683484286482 5.639932965095795e-15
vertex 120.95789775323091 50.87439784320511 5.639932965095795e-15
vertex 124.18340748276297 50.05670336564325 5.639932965095795e-15
endloop
endfacet
facet normal -1.1015536019879426e-34 8.430047170285747e-18 -1.0
outer loop
vertex 122.9836836539371 49.39683484286482 5.639932965095795e-15
vertex 124.18340748276297 50.05670336564325 5.639932965095795e-15
vertex 125.70960081607025 48.28698283744057 5.639932965095795e-15
endloop
endfacet
facet normal -1.1015536019879426e-34 8.430047170285747e-18 -1.0
outer loop
vertex 125.70960081607025 48.28698283744057 5.639932965095795e-15
vertex 124.18340748276297 50.05670336564325 5.639932965095795e-15
vertex 126.41112591489691 49.24517380075879 6.8795441840551835e-15
endloop
endfacet
facet normal -1.1015536019879426e-34 8.430047170285747e-18 -1.0
outer loop
vertex 125.70960081607025 48.28698283744057 5.639932965095795e-15
vertex 126.41112591489691 49.24517380075879 6.8795441840551835e-15
vertex 128.27331753683765 46.8413852363034 5.639932965095795e-15
endloop
endfacet
facet normal -1.1015536019879426e-34 8.430047170285747e-18 -1.0
outer loop
vertex 128.27331753683765 46.8413852363034 5.639932965095795e-15
vertex 126.41112591489691 49.24517380075879 6.8795441840551835e-15
vertex 126.81022997021303 49.086572662441256 8.251874745030236e-15
endloop
endfacet
facet normal -1.1015536019879426e-34 8.430047170285747e-18 -1.0
outer loop
vertex 128.27331753683765 46.8413852363034 5.639932965095795e-15
vertex 126.81022997021303 49.086572662441256 8.251874745030236e-15
vertex 129.15906978489915 47.65862283421989 7.782640359763388e-15
endloop
endfacet
facet normal -1.1015536019879426e-34 8.430047170285747e-18 -1.0
outer loop
vertex 128.27331753683765 46.8413852363034 5.639932965095795e-15
vertex 129.15906978489915 47.65862283421989 7.782640359763388e-15
vertex 130.63368538306344 45.08324432065973 5.639932965095795e-15
endloop
endfacet
facet normal -1.1015536019879426e-34 8.430047170285747e-18 -1.0
outer loop
vertex 130.63368538306344 45.08324432065973 5.639932965095795e-15
vertex 129.15906978489915 47.65862283421989 7.782640359763388e-15
vertex 130.28136502603007 46.7896333388855 8.302986066142037e-15
endloop
endfacet
facet normal -1.1015536019879426e-34 8.430047170285747e-18 -1.0
outer loop
vertex 130.63368538306344 45.08324432065973 5.639932965095795e-15
vertex 130.28136502603007 46.7896333388855 8.302986066142037e-15
vertex 131.99224336261932 45.30649881986172 8.279309999862331e-15
endloop
endfacet
facet normal -1.1015536019879426e-34 8.430047170285747e-18 -1.0
outer loop
vertex 130.63368538306344 45.08324432065973 5.639932965095795e-15
vertex 131.99224336261932 45.30649881986172 8.279309999862331e-15
vertex 131.8023854047587 43.770762160124164 5.639932965095795e-15
endloop
endfacet
facet normal -1.1015536019879426e-34 8.430047170285747e-18 -1.0
outer loop
vertex 131.8023854047587 43.770762160124164 5.639932965095795e-15
vertex 131.99224336261932 45.30649881986172 8.279309999862331e-15
vertex 132.8043552177964 42.326973513474 5.639932965095795e-15
endloop
endfacet
facet normal -1.1015536019879426e-34 8.430047170285747e-18 -1.0
outer loop
vertex 132.8043552177964 42.326973513474 5.639932965095795e-15
vertex 131.99224336261932 45.30649881986172 8.279309999862331e-15
vertex 133.15539617572426 43.93372255892139 7.741041962985e-15
endloop
endfacet
facet normal -1.1015536019879426e-34 8.430047170285747e-18 -1.0
outer loop
vertex 132.8043552177964 42.326973513474 5.639932965095795e-15
vertex 133.15539617572426 43.93372255892139 7.741041962985e-15
vertex 133.62498270384842 40.77293371618092 5.639932965095795e-15
endloop
endfacet
facet normal -1.1015536019879426e-34 8.430047170285747e-18 -1.0
outer loop
vertex 133.62498270384842 40.77293371618092 5.639932965095795e-15
vertex 133.15539617572426 43.93372255892139 7.741041962985e-15
vertex 133.82351449479867 42.87650945208285 6.38274025723638e-15
endloop
endfacet
facet normal -1.1015536019879426e-34 8.430047170285747e-18 -1.0
outer loop
vertex 133.62498270384842 40.77293371618092 5.639932965095795e-15
vertex 133.82351449479867 42.87650945208285 6.38274025723638e-15
vertex 134.27259635984345 39.189766873856954 5.639932965095795e-15
endloop
endfacet
facet normal -1.1015536019879426e-34 8.430047170285747e-18 -1.0
outer loop
vertex 134.27259635984345 39.189766873856954 5.639932965095795e-15
vertex 133.82351449479867 42.87650945208285 6.38274025723638e-15
vertex 134.78453489020052 40.92096683205291 6.065731389175237e-15
endloop
endfacet
facet normal -1.1015536019879426e-34 8.430047170285747e-18 -1.0
outer loop
vertex 134.27259635984345 39.189766873856954 5.639932965095795e-15
vertex 134.78453489020052 40.92096683205291 6.065731389175237e-15
vertex 134.80096164339648 37.5629138303398 5.639932965095795e-15
endloop
endfacet
facet normal -1.1015536019879426e-34 8.430047170285747e-18 -1.0
outer loop
vertex 134.80096164339648 37.5629138303398 5.639932965095795e-15
vertex 134.78453489020052 40.92096683205291 6.065731389175237e-15
vertex 135.6243011632418 38.91756144830141 5.800608712137119e-15
endloop
endfacet
facet normal -1.1015536019879426e-34 8.430047170285747e-18 -1.0
outer loop
vertex 134.80096164339648 37.5629138303398 5.639932965095795e-15
vertex 135.6243011632418 38.91756144830141 5.800608712137119e-15
vertex 135.2071659278964 35.901342653014304 5.639932965095795e-15
endloop
endfacet
facet normal -1.1015536019879426e-34 8.430047170285747e-18 -1.0
outer loop
vertex 135.2071659278964 35.901342653014304 5.639932965095795e-15
vertex 135.6243011632418 38.91756144830141 5.800608712137119e-15
vertex 135.48897000224196 34.214212793831095 5.639932965095795e-15
endloop
endfacet
facet normal -1.1015536019879426e-34 8.430047170285747e-18 -1.0
outer loop
vertex 135.48897000224196 34.214212793831095 5.639932965095795e-15
vertex 135.6243011632418 38.91756144830141 5.800608712137119e-15
vertex 135.87254883290115 30.92280725120365 5.639932965095795e-15
endloop
endfacet
facet normal -1.1015536019879426e-34 8.430047170285747e-18 -1.0
outer loop
vertex 135.87254883290115 30.92280725120365 5.639932965095795e-15
vertex 135.6243011632418 38.91756144830141 5.800608712137119e-15
vertex 136.2188243018516 36.82821160621193 5.639990432795195e-15
endloop
endfacet
facet normal -1.1015536019879426e-34 8.430047170285747e-18 -1.0
outer loop
vertex 135.87254883290115 30.92280725120365 5.639932965095795e-15
vertex 136.2188243018516 36.82821160621193 5.639990432795195e-15
vertex 135.90655270575039 30.254405438961275 5.639932965095795e-15
endloop
endfacet
facet normal -1.1015536019879426e-34 8.430047170285747e-18 -1.0
outer loop
vertex 135.90655270575039 30.254405438961275 5.639932965095795e-15
vertex 136.2188243018516 36.82821160621193 5.639990432795195e-15
vertex 135.96671935799566 29.599936168989608 5.639932965095795e-15
endloop
endfacet
facet normal -1.1015536019879426e-34 8.430047170285747e-18 -1.0
outer loop
vertex 135.96671935799566 29.599936168989608 5.639932965095795e-15
vertex 136.2188243018516 36.82821160621193 5.639990432795195e-15
vertex 136.0179654997923 28.9623774815104 5.639932965095795e-15
endloop
endfacet
facet normal -1.1015536019879426e-34 8.430047170285747e-18 -1.0
outer loop
vertex 136.0179654997923 28.9623774815104 5.639932965095795e-15
vertex 136.2188243018516 36.82821160621193 5.639990432795195e-15
vertex 136.03896125901002 28.552522128859163 5.639932965095795e-15
endloop
endfacet
facet normal -1.1015536019879426e-34 8.430047170285747e-18 -1.0
outer loop
vertex 136.03896125901002 28.552522128859163 5.639932965095795e-15
vertex 136.2188243018516 36.82821160621193 5.639990432795195e-15
vertex 136.07164152497757 28.411185132407997 5.639932965095795e-15
endloop
endfacet
facet normal -1.1015536019879426e-34 8.430047170285747e-18 -1.0
outer loop
vertex 136.07164152497757 28.411185132407997 5.639932965095795e-15
vertex 136.2188243018516 36.82821160621193 5.639990432795195e-15
vertex 136.11964969680588 28.311161792889802 5.639932965095795e-15
endloop
endfacet
facet normal -1.1015536019879426e-34 8.430047170285747e-18 -1.0
outer loop
vertex 136.11964969680588 28.311161792889802 5.639932965095795e-15
vertex 136.2188243018516 36.82821160621193 5.639990432795195e-15
vertex 136.18057317306062 28.24312839992009 5.639932965095795e-15
endloop
endfacet
facet normal -1.1015536019879426e-34 8.430047170285747e-18 -1.0
outer loop
vertex 136.18057317306062 28.24312839992009 5.639932965095795e-15
vertex 136.2188243018516 36.82821160621193 5.639990432795195e-15
vertex 136.20150220545594 28.21788674554939 5.639932965095795e-15
endloop
endfacet
facet normal -1.1015536019879426e-34 8.430047170285747e-18 -1.0
outer loop
vertex 136.20150220545594 28.21788674554939 5.639932965095795e-15
vertex 136.2188243018516 36.82821160621193 5.639990432795195e-15
vertex 136.2143450345053 22.576240489883958 5.639932965095795e-15
endloop
endfacet
facet normal -1.1015536019879426e-34 8.430047170285747e-18 -1.0
outer loop
vertex 136.2143450345053 22.576240489883958 5.639932965095795e-15
vertex 136.2188243018516 36.82821160621193 5.639990432795195e-15
vertex 136.45947438771918 24.386038887960886 5.639932965095795e-15
endloop
endfacet
facet normal -1.1015536019879426e-34 8.430047170285747e-18 -1.0
outer loop
vertex 136.45947438771918 24.386038887960886 5.639932965095795e-15
vertex 136.2188243018516 36.82821160621193 5.639990432795195e-15
vertex 136.4760823456687 35.208594813512086 5.619648376181693e-15
endloop
endfacet
facet normal -1.1015536019879426e-34 8.430047170285747e-18 -1.0
outer loop
vertex 136.45947438771918 24.386038887960886 5.639932965095795e-15
vertex 136.4760823456687 35.208594813512086 5.619648376181693e-15
vertex 136.6426243050541 26.204299847710796 5.639932965095795e-15
endloop
endfacet
facet normal -1.1015536019879426e-34 8.430047170285747e-18 -1.0
outer loop
vertex 136.6426243050541 26.204299847710796 5.639932965095795e-15
vertex 136.4760823456687 35.208594813512086 5.619648376181693e-15
vertex 136.52257456008903 34.64740831385847 5.639932965095795e-15
endloop
endfacet
facet normal -1.1015536019879426e-34 8.430047170285747e-18 -1.0
outer loop
vertex 136.6426243050541 26.204299847710796 5.639932965095795e-15
vertex 136.52257456008903 34.64740831385847 5.639932965095795e-15
vertex 136.60129402143866 33.49706902564562 5.639932965095795e-15
endloop
endfacet
facet normal -1.1015536019879426e-34 8.430047170285747e-18 -1.0
outer loop
vertex 136.6426243050541 26.204299847710796 5.639932965095795e-15
vertex 136.60129402143866 33.49706902564562 5.639932965095795e-15
vertex 136.6417400346003 32.51208212043215 5.639932965095795e-15
endloop
endfacet
facet normal -1.1015536019879426e-34 8.430047170285747e-18 -1.0
outer loop
vertex 136.6426243050541 26.204299847710796 5.639932965095795e-15
vertex 136.6417400346003 32.51208212043215 5.639932965095795e-15
vertex 136.7806367171426 28.02034608529249 5.639932965095795e-15
endloop
endfacet
facet normal -1.1015536019879426e-34 8.430047170285747e-18 -1.0
outer loop
vertex 136.7806367171426 28.02034608529249 5.639932965095795e-15
vertex 136.6417400346003 32.51208212043215 5.639932965095795e-15
vertex 137.36248238655395 32.261480477357 5.639932965095795e-15
endloop
endfacet
facet normal -1.1015536019879426e-34 8.430047170285747e-18 -1.0
outer loop
vertex 136.7806367171426 28.02034608529249 5.639932965095795e-15
vertex 137.36248238655395 32.261480477357 5.639932965095795e-15
vertex 136.9501292881179 28.152735430212264 5.639932965095795e-15
endloop
endfacet
facet normal -1.1015536019879426e-34 8.430047170285747e-18 -1.0
outer loop
vertex 136.9501292881179 28.152735430212264 5.639932965095795e-15
vertex 137.36248238655395 32.261480477357 5.639932965095795e-15
vertex 137.1014297878271 28.273125741340763 5.639932965095795e-15
endloop
endfacet
facet normal -1.1015536019879426e-34 8.430047170285747e-18 -1.0
outer loop
vertex 137.1014297878271 28.273125741340763 5.639932965095795e-15
vertex 137.36248238655395 32.261480477357 5.639932965095795e-15
vertex 137.19889353149546 28.452992245866557 5.639932965095795e-15
endloop
endfacet
facet normal -1.1015536019879426e-34 8.430047170285747e-18 -1.0
outer loop
vertex 137.19889353149546 28.452992245866557 5.639932965095795e-15
vertex 137.36248238655395 32.261480477357 5.639932965095795e-15
vertex 137.2439503075732 28.689461404868723 5.639932965095795e-15
endloop
endfacet
facet normal -1.1015536019879426e-34 8.430047170285747e-18 -1.0
outer loop
vertex 137.2439503075732 28.689461404868723 5.639932965095795e-15
vertex 137.36248238655395 32.261480477357 5.639932965095795e-15
vertex 138.13513687988458 28.752387097544045 5.639932965095795e-15
endloop
endfacet
facet normal -1.1015536019879426e-34 8.430047170285747e-18 -1.0
outer loop
vertex 138.13513687988458 28.752387097544045 5.639932965095795e-15
vertex 137.36248238655395 32.261480477357 5.639932965095795e-15
vertex 138.66219992860397 32.32767314680685 5.639932965095795e-15
endloop
endfacet
facet normal -1.1015536019879426e-34 8.430047170285747e-18 -1.0
outer loop
vertex 138.13513687988458 28.752387097544045 5.639932965095795e-15
vertex 138.66219992860397 32.32767314680685 5.639932965095795e-15
vertex 139.04009044687012 28.884765451879186 5.639932965095795e-15
endloop
endfacet
facet normal -1.1015536019879426e-34 8.430047170285747e-18 -1.0
outer loop
vertex 139.04009044687012 28.884765451879186 5.639932965095795e-15
vertex 138.66219992860397 32.32767314680685 5.639932965095795e-15
vertex 139.93849589305142 32.35129052696974 5.639932965095795e-15
endloop
endfacet
facet normal -1.1015536019879426e-34 8.430047170285747e-18 -1.0
outer loop
vertex 139.04009044687012 28.884765451879186 5.639932965095795e-15
vertex 139.93849589305142 32.35129052696974 5.639932965095795e-15
vertex 140.0274349925398 29.122129729617992 5.639932965095795e-15
endloop
endfacet
facet normal -1.1015536019879426e-34 8.430047170285747e-18 -1.0
outer loop
vertex 140.0274349925398 29.122129729617992 5.639932965095795e-15
vertex 139.93849589305142 32.35129052696974 5.639932965095795e-15
vertex 140.75521319733122 32.09363779683821 5.639932965095795e-15
endloop
endfacet
facet normal -1.1015536019879426e-34 8.430047170285747e-18 -1.0
outer loop
vertex 140.0274349925398 29.122129729617992 5.639932965095795e-15
vertex 140.75521319733122 32.09363779683821 5.639932965095795e-15
vertex 141.0407464945906 29.503580765892462 5.639932965095795e-15
endloop
endfacet
facet normal -1.1015536019879426e-34 8.430047170285747e-18 -1.0
outer loop
vertex 141.0407464945906 29.503580765892462 5.639932965095795e-15
vertex 140.75521319733122 32.09363779683821 5.639932965095795e-15
vertex 141.0247270965539 31.317726819259853 5.639932965095795e-15
endloop
endfacet
facet normal -1.1015536019879426e-34 8.430047170285747e-18 -1.0
outer loop
vertex 141.0407464945906 29.503580765892462 5.639932965095795e-15
vertex 141.0247270965539 31.317726819259853 5.639932965095795e-15
vertex 141.1300750750719 30.612471620900365 5.639932965095795e-15
endloop
endfacet
facet normal -1.1015536019879426e-34 8.430047170285747e-18 -1.0
outer loop
vertex 141.0407464945906 29.503580765892462 5.639932965095795e-15
vertex 141.1300750750719 30.612471620900365 5.639932965095795e-15
vertex 141.11989113022824 30.01813129703901 5.639932965095795e-15
endloop
endfacet
facet normal -1.1015536019879426e-34 8.430047170285747e-18 -1.0
outer loop
vertex 78.76052658341037 30.086175483227123 5.639932965095795e-15
vertex 78.98112343769931 34.014275981741974 5.639932965095795e-15
vertex 79.78316991041217 26.755536267156014 5.639932965095795e-15
endloop
endfacet
facet normal -1.1015536019879426e-34 8.430047170285747e-18 -1.0
outer loop
vertex 78.98112343769931 34.014275981741974 5.639932965095795e-15
vertex 78.76052658341037 30.086175483227123 5.639932965095795e-15
vertex 78.84412065176765 38.55841457272399 5.639932965095795e-15
endloop
endfacet
facet normal -1.1015536019879426e-34 8.430047170285747e-18 -1.0
outer loop
vertex 79.78316991041217 26.755536267156014 5.639932965095795e-15
vertex 78.98112343769931 34.014275981741974 5.639932965095795e-15
vertex 79.09399429265424 33.0666662571471 5.639932965095795e-15
endloop
endfacet
facet normal -1.1015536019879426e-34 8.430047170285747e-18 -1.0
outer loop
vertex 79.78316991041217 26.755536267156014 5.639932965095795e-15
vertex 79.09399429265424 33.0666662571471 5.639932965095795e-15
vertex 79.29090316808542 32.13289384653428 5.639932965095795e-15
endloop
endfacet
facet normal -1.1015536019879426e-34 8.430047170285747e-18 -1.0
outer loop
vertex 79.78316991041217 26.755536267156014 5.639932965095795e-15
vertex 79.29090316808542 32.13289384653428 5.639932965095795e-15
vertex 79.570281662611 31.22039635237789 5.639932965095795e-15
endloop
endfacet
facet normal -1.1015536019879426e-34 8.430047170285747e-18 -1.0
outer loop
vertex 79.78316991041217 26.755536267156014 5.639932965095795e-15
vertex 79.570281662611 31.22039635237789 5.639932965095795e-15
vertex 79.92990449503998 30.336441920044898 5.639932965095795e-15
endloop
endfacet
facet normal -1.1015536019879426e-34 8.430047170285747e-18 -1.0
outer loop
vertex 79.78316991041217 26.755536267156014 5.639932965095795e-15
vertex 79.92990449503998 30.336441920044898 5.639932965095795e-15
vertex 80.19688188379308 24.239655709091977 5.639932965095795e-15
endloop
endfacet
facet normal -1.1015536019879426e-34 8.430047170285747e-18 -1.0
outer loop
vertex 80.19688188379308 24.239655709091977 5.639932965095795e-15
vertex 79.92990449503998 30.336441920044898 5.639932965095795e-15
vertex 80.5505005096837 29.030043305126686 5.639932965095795e-15
endloop
endfacet
facet normal -1.1015536019879426e-34 8.430047170285747e-18 -1.0
outer loop
vertex 80.19688188379308 24.239655709091977 5.639932965095795e-15
vertex 80.5505005096837 29.030043305126686 5.639932965095795e-15
vertex 80.20956556491724 23.6074647719736 5.639932965095795e-15
endloop
endfacet
facet normal -1.1015536019879426e-34 8.430047170285747e-18 -1.0
outer loop
vertex 80.20956556491724 23.6074647719736 5.639932965095795e-15
vertex 80.5505005096837 29.030043305126686 5.639932965095795e-15
vertex 80.4477606643158 22.924817962528962 5.639932965095795e-15
endloop
endfacet
facet normal -1.1015536019879426e-34 8.430047170285747e-18 -1.0
outer loop
vertex 80.4477606643158 22.924817962528962 5.639932965095795e-15
vertex 80.5505005096837 29.030043305126686 5.639932965095795e-15
vertex 80.71268598632403 22.16556461824657 5.639932965095795e-15
endloop
endfacet
facet normal -1.1015536019879426e-34 8.430047170285747e-18 -1.0
outer loop
vertex 80.71268598632403 22.16556461824657 5.639932965095795e-15
vertex 80.5505005096837 29.030043305126686 5.639932965095795e-15
vertex 80.89957927587872 28.268581000748153 5.639932965095795e-15
endloop
endfacet
facet normal -1.1015536019879426e-34 8.430047170285747e-18 -1.0
outer loop
vertex 80.71268598632403 22.16556461824657 5.639932965095795e-15
vertex 80.89957927587872 28.268581000748153 5.639932965095795e-15
vertex 80.85999874195782 21.74337884331748 5.639932965095795e-15
endloop
endfacet
facet normal -1.1015536019879426e-34 8.430047170285747e-18 -1.0
outer loop
vertex 80.85999874195782 21.74337884331748 5.639932965095795e-15
vertex 80.89957927587872 28.268581000748153 5.639932965095795e-15
vertex 81.1600174449749 21.76651682796611 5.639932965095795e-15
endloop
endfacet
facet normal -1.1015536019879426e-34 8.430047170285747e-18 -1.0
outer loop
vertex 81.1600174449749 21.76651682796611 5.639932965095795e-15
vertex 80.89957927587872 28.268581000748153 5.639932965095795e-15
vertex 81.28560319691586 27.383035739202473 5.639932965095795e-15
endloop
endfacet
facet normal -1.1015536019879426e-34 8.430047170285747e-18 -1.0
outer loop
vertex 81.1600174449749 21.76651682796611 5.639932965095795e-15
vertex 81.28560319691586 27.383035739202473 5.639932965095795e-15
vertex 81.48612016303751 21.799721498051177 5.639932965095795e-15
endloop
endfacet
facet normal -1.1015536019879426e-34 8.430047170285747e-18 -1.0
outer loop
vertex 81.48612016303751 21.799721498051177 5.639932965095795e-15
vertex 81.28560319691586 27.383035739202473 5.639932965095795e-15
vertex 81.6102335146242 26.631179222870433 5.639932965095795e-15
endloop
endfacet
facet normal -1.1015536019879426e-34 8.430047170285747e-18 -1.0
outer loop
vertex 81.48612016303751 21.799721498051177 5.639932965095795e-15
vertex 81.6102335146242 26.631179222870433 5.639932965095795e-15
vertex 81.78815026183186 21.829533315111522 5.639932965095795e-15
endloop
endfacet
facet normal -1.1015536019879426e-34 8.430047170285747e-18 -1.0
outer loop
vertex 81.78815026183186 21.829533315111522 5.639932965095795e-15
vertex 81.6102335146242 26.631179222870433 5.639932965095795e-15
vertex 81.86084061352635 25.802269913024617 5.639932965095795e-15
endloop
endfacet
facet normal -1.1015536019879426e-34 8.430047170285747e-18 -1.0
outer loop
vertex 81.78815026183186 21.829533315111522 5.639932965095795e-15
vertex 81.86084061352635 25.802269913024617 5.639932965095795e-15
vertex 82.06638688998713 21.857103764508803 5.639932965095795e-15
endloop
endfacet
facet normal -1.1015536019879426e-34 8.430047170285747e-18 -1.0
outer loop
vertex 82.06638688998713 21.857103764508803 5.639932965095795e-15
vertex 81.86084061352635 25.802269913024617 5.639932965095795e-15
vertex 82.1247458367946 25.166947543176878 5.639932965095795e-15
endloop
endfacet
facet normal -1.1015536019879426e-34 8.430047170285747e-18 -1.0
outer loop
vertex 82.06638688998713 21.857103764508803 5.639932965095795e-15
vertex 82.1247458367946 25.166947543176878 5.639932965095795e-15
vertex 82.32110919613237 21.883584331604435 5.639932965095795e-15
endloop
endfacet
facet normal -1.1015536019879426e-34 8.430047170285747e-18 -1.0
outer loop
vertex 82.32110919613237 21.883584331604435 5.639932965095795e-15
vertex 82.1247458367946 25.166947543176878 5.639932965095795e-15
vertex 82.47274254315293 24.607180782567266 5.639932965095795e-15
endloop
endfacet
facet normal -1.1015536019879426e-34 8.430047170285747e-18 -1.0
outer loop
vertex 82.32110919613237 21.883584331604435 5.639932965095795e-15
vertex 82.47274254315293 24.607180782567266 5.639932965095795e-15
vertex 82.55259632889647 21.91012650176014 5.639932965095795e-15
endloop
endfacet
facet normal -1.1015536019879426e-34 8.430047170285747e-18 -1.0
outer loop
vertex 82.55259632889647 21.91012650176014 5.639932965095795e-15
vertex 82.47274254315293 24.607180782567266 5.639932965095795e-15
vertex 82.98525088495802 23.835731437566743 5.639932965095795e-15
endloop
endfacet
facet normal -1.1015536019879426e-34 8.430047170285747e-18 -1.0
outer loop
vertex 82.55259632889647 21.91012650176014 5.639932965095795e-15
vertex 82.98525088495802 23.835731437566743 5.639932965095795e-15
vertex 82.76112743690862 21.93788176033752 5.639932965095795e-15
endloop
endfacet
facet normal -1.1015536019879426e-34 8.430047170285747e-18 -1.0
outer loop
vertex 82.76112743690862 21.93788176033752 5.639932965095795e-15
vertex 82.98525088495802 23.835731437566743 5.639932965095795e-15
vertex 82.94698166879765 21.96800159269802 5.639932965095795e-15
endloop
endfacet
facet normal -1.1015536019879426e-34 8.430047170285747e-18 -1.0
outer loop
vertex 82.94698166879765 21.96800159269802 5.639932965095795e-15
vertex 82.98525088495802 23.835731437566743 5.639932965095795e-15
vertex 82.96104787127688 21.923464946977116 5.639932965095795e-15
endloop
endfacet
facet normal -1.1015536019879426e-34 8.430047170285747e-18 -1.0
outer loop
vertex 82.96104787127688 21.923464946977116 5.639932965095795e-15
vertex 82.98525088495802 23.835731437566743 5.639932965095795e-15
vertex 82.98234243968946 21.88086663852852 5.639932965095795e-15
endloop
endfacet
facet normal -1.1015536019879426e-34 8.430047170285747e-18 -1.0
outer loop
vertex 82.98234243968946 21.88086663852852 5.639932965095795e-15
vertex 82.98525088495802 23.835731437566743 5.639932965095795e-15
vertex 83.11342375347687 21.66079905553171 5.639932965095795e-15
endloop
endfacet
facet normal -1.1015536019879426e-34 8.430047170285747e-18 -1.0
outer loop
vertex 83.11342375347687 21.66079905553171 5.639932965095795e-15
vertex 82.98525088495802 23.835731437566743 5.639932965095795e-15
vertex 83.38872631608446 23.168296080865442 5.639932965095795e-15
endloop
endfacet
facet normal -1.1015536019879426e-34 8.430047170285747e-18 -1.0
outer loop
vertex 83.11342375347687 21.66079905553171 5.639932965095795e-15
vertex 83.38872631608446 23.168296080865442 5.639932965095795e-15
vertex 83.37109360067603 21.228206652801617 5.639932965095795e-15
endloop
endfacet
facet normal -1.1015536019879426e-34 8.430047170285747e-18 -1.0
outer loop
vertex 83.37109360067603 21.228206652801617 5.639932965095795e-15
vertex 83.38872631608446 23.168296080865442 5.639932965095795e-15
vertex 83.61293996611195 20.822179709980638 5.639932965095795e-15
endloop
endfacet
facet normal -1.1015536019879426e-34 8.430047170285747e-18 -1.0
outer loop
vertex 83.61293996611195 20.822179709980638 5.639932965095795e-15
vertex 83.38872631608446 23.168296080865442 5.639932965095795e-15
vertex 83.51531854398641 22.16502189946873 5.639932965095795e-15
endloop
endfacet
facet normal -1.1015536019879426e-34 8.430047170285747e-18 -1.0
outer loop
vertex 83.61293996611195 20.822179709980638 5.639932965095795e-15
vertex 83.51531854398641 22.16502189946873 5.639932965095795e-15
vertex 83.65237673119637 21.93492404617445 5.639932965095795e-15
endloop
endfacet
facet normal -1.1015536019879426e-34 8.430047170285747e-18 -1.0
outer loop
vertex 83.61293996611195 20.822179709980638 5.639932965095795e-15
vertex 83.65237673119637 21.93492404617445 5.639932965095795e-15
vertex 83.69974888552547 20.676436126915103 5.639932965095795e-15
endloop
endfacet
facet normal -1.1015536019879426e-34 8.430047170285747e-18 -1.0
outer loop
vertex 83.69974888552547 20.676436126915103 5.639932965095795e-15
vertex 83.65237673119637 21.93492404617445 5.639932965095795e-15
vertex 83.91399870426875 21.495704357048147 5.639932965095795e-15
endloop
endfacet
facet normal -1.1015536019879426e-34 8.430047170285747e-18 -1.0
outer loop
vertex 83.69974888552547 20.676436126915103 5.639932965095795e-15
vertex 83.91399870426875 21.495704357048147 5.639932965095795e-15
vertex 83.8196051031671 20.48138702657223 5.639932965095795e-15
endloop
endfacet
facet normal -1.1015536019879426e-34 8.430047170285747e-18 -1.0
outer loop
vertex 83.8196051031671 20.48138702657223 5.639932965095795e-15
vertex 83.91399870426875 21.495704357048147 5.639932965095795e-15
vertex 84.37704947467687 19.624825437635184 5.639932965095795e-15
endloop
endfacet
facet normal -1.1015536019879426e-34 8.430047170285747e-18 -1.0
outer loop
vertex 84.37704947467687 19.624825437635184 5.639932965095795e-15
vertex 83.91399870426875 21.495704357048147 5.639932965095795e-15
vertex 84.14939668226548 21.100510384987896 5.639932965095795e-15
endloop
endfacet
facet normal -1.1015536019879426e-34 8.430047170285747e-18 -1.0
outer loop
vertex 84.37704947467687 19.624825437635184 5.639932965095795e-15
vertex 84.14939668226548 21.100510384987896 5.639932965095795e-15
vertex 84.35799645575284 20.75812728013966 5.639932965095795e-15
endloop
endfacet
facet normal -1.1015536019879426e-34 8.430047170285747e-18 -1.0
outer loop
vertex 84.37704947467687 19.624825437635184 5.639932965095795e-15
vertex 84.35799645575284 20.75812728013966 5.639932965095795e-15
vertex 84.9205073847528 19.898601218272994 5.639932965095795e-15
endloop
endfacet
facet normal -1.1015536019879426e-34 8.430047170285747e-18 -1.0
outer loop
vertex 84.37704947467687 19.624825437635184 5.639932965095795e-15
vertex 84.9205073847528 19.898601218272994 5.639932965095795e-15
vertex 84.96793478647639 18.786927483918227 5.639932965095795e-15
endloop
endfacet
facet normal -1.1015536019879426e-34 8.430047170285747e-18 -1.0
outer loop
vertex 84.96793478647639 18.786927483918227 5.639932965095795e-15
vertex 84.9205073847528 19.898601218272994 5.639932965095795e-15
vertex 85.51742956488674 19.057711172592622 5.639932965095795e-15
endloop
endfacet
facet normal -1.1015536019879426e-34 8.430047170285747e-18 -1.0
outer loop
vertex 84.96793478647639 18.786927483918227 5.639932965095795e-15
vertex 85.51742956488674 19.057711172592622 5.639932965095795e-15
vertex 85.58397969558746 17.96854218768164 5.639932965095795e-15
endloop
endfacet
facet normal -1.1015536019879426e-34 8.430047170285747e-18 -1.0
outer loop
vertex 85.58397969558746 17.96854218768164 5.639932965095795e-15
vertex 85.51742956488674 19.057711172592622 5.639932965095795e-15
vertex 86.13964035036996 18.236701113692487 5.639932965095795e-15
endloop
endfacet
facet normal -1.1015536019879426e-34 8.430047170285747e-18 -1.0
outer loop
vertex 85.58397969558746 17.96854218768164 5.639932965095795e-15
vertex 86.13964035036996 18.236701113692487 5.639932965095795e-15
vertex 86.26362262285011 17.11317819270436 5.639932965095795e-15
endloop
endfacet
facet normal -1.1015536019879426e-34 8.430047170285747e-18 -1.0
outer loop
vertex 86.26362262285011 17.11317819270436 5.639932965095795e-15
vertex 86.13964035036996 18.236701113692487 5.639932965095795e-15
vertex 86.85040519554462 17.34882380171523 5.639932965095795e-15
endloop
endfacet
facet normal -1.1015536019879426e-34 8.430047170285747e-18 -1.0
outer loop
vertex 86.26362262285011 17.11317819270436 5.639932965095795e-15
vertex 86.85040519554462 17.34882380171523 5.639932965095795e-15
vertex 87.07656480047811 16.142596735555443 5.639932965095795e-15
endloop
endfacet
facet normal -1.1015536019879426e-34 8.430047170285747e-18 -1.0
outer loop
vertex 87.07656480047811 16.142596735555443 5.639932965095795e-15
vertex 86.85040519554462 17.34882380171523 5.639932965095795e-15
vertex 87.67904026069968 16.36839170890958 5.639932965095795e-15
endloop
endfacet
facet normal -1.1015536019879426e-34 8.430047170285747e-18 -1.0
outer loop
vertex 87.07656480047811 16.142596735555443 5.639932965095795e-15
vertex 87.67904026069968 16.36839170890958 5.639932965095795e-15
vertex 87.9151895243394 15.193095597062978 5.639932965095795e-15
endloop
endfacet
facet normal -1.1015536019879426e-34 8.430047170285747e-18 -1.0
outer loop
vertex 87.9151895243394 15.193095597062978 5.639932965095795e-15
vertex 87.67904026069968 16.36839170890958 5.639932965095795e-15
vertex 88.5338413106353 15.409858880428141 5.639932965095795e-15
endloop
endfacet
facet normal -1.1015536019879426e-34 8.430047170285747e-18 -1.0
outer loop
vertex 87.9151895243394 15.193095597062978 5.639932965095795e-15
vertex 88.5338413106353 15.409858880428141 5.639932965095795e-15
vertex 88.77665885477172 14.264732872595678 5.639932965095795e-15
endloop
endfacet
facet normal -1.1015536019879426e-34 8.430047170285747e-18 -1.0
outer loop
vertex 88.77665885477172 14.264732872595678 5.639932965095795e-15
vertex 88.5338413106353 15.409858880428141 5.639932965095795e-15
vertex 89.41176748213762 14.47327554609669 5.639932965095795e-15
endloop
endfacet
facet normal -1.1015536019879426e-34 8.430047170285747e-18 -1.0
outer loop
vertex 88.77665885477172 14.264732872595678 5.639932965095795e-15
vertex 89.41176748213762 14.47327554609669 5.639932965095795e-15
vertex 90.08937950469075 12.927876689121293 5.639932965095795e-15
endloop
endfacet
facet normal -1.1015536019879426e-34 8.430047170285747e-18 -1.0
outer loop
vertex 90.08937950469075 12.927876689121293 5.639932965095795e-15
vertex 89.41176748213762 14.47327554609669 5.639932965095795e-15
vertex 91.03723026452539 12.847304230639036 5.639932965095795e-15
endloop
endfacet
facet normal -1.1015536019879426e-34 8.430047170285747e-18 -1.0
outer loop
vertex 90.08937950469075 12.927876689121293 5.639932965095795e-15
vertex 91.03723026452539 12.847304230639036 5.639932965095795e-15
vertex 92.22247467030851 10.930553447999854 5.639932965095795e-15
endloop
endfacet
facet normal -1.1015536019879426e-34 8.430047170285747e-18 -1.0
outer loop
vertex 92.22247467030851 10.930553447999854 5.639932965095795e-15
vertex 91.03723026452539 12.847304230639036 5.639932965095795e-15
vertex 93.2317657280063 10.848824714327597 5.639932965095795e-15
endloop
endfacet
facet normal -1.1015536019879426e-34 8.430047170285747e-18 -1.0
outer loop
vertex 92.22247467030851 10.930553447999854 5.639932965095795e-15
vertex 93.2317657280063 10.848824714327597 5.639932965095795e-15
vertex 94.4648547391057 9.043500326018554 5.639932965095795e-15
endloop
endfacet
facet normal -1.1015536019879426e-34 8.430047170285747e-18 -1.0
outer loop
vertex 94.4648547391057 9.043500326018554 5.639932965095795e-15
vertex 93.2317657280063 10.848824714327597 5.639932965095795e-15
vertex 95.53650121299209 8.971628961302741 5.639932965095795e-15
endloop
endfacet
facet normal -1.1015536019879426e-34 8.430047170285747e-18 -1.0
outer loop
vertex 94.4648547391057 9.043500326018554 5.639932965095795e-15
vertex 95.53650121299209 8.971628961302741 5.639932965095795e-15
vertex 96.80440021880113 7.289304956078491 5.639932965095795e-15
endloop
endfacet
facet normal -1.1015536019879426e-34 8.430047170285747e-18 -1.0
outer loop
vertex 96.80440021880113 7.289304956078491 5.639932965095795e-15
vertex 95.53650121299209 8.971628961302741 5.639932965095795e-15
vertex 97.93838106905483 7.240094255586197 5.639932965095795e-15
endloop
endfacet
facet normal -1.1015536019879426e-34 8.430047170285747e-18 -1.0
outer loop
vertex 96.80440021880113 7.289304956078491 5.639932965095795e-15
vertex 97.93838106905483 7.240094255586197 5.639932965095795e-15
vertex 98.9534292105465 5.861490180519685 5.639932965095795e-15
endloop
endfacet
facet normal -1.1015536019879426e-34 8.430047170285747e-18 -1.0
outer loop
vertex 98.9534292105465 5.861490180519685 5.639932965095795e-15
vertex 97.93838106905483 7.240094255586197 5.639932965095795e-15
vertex 99.92328010418422 5.975705855629091 5.639932965095795e-15
endloop
endfacet
facet normal -1.1015536019879426e-34 8.430047170285747e-18 -1.0
outer loop
vertex 98.9534292105465 5.861490180519685 5.639932965095795e-15
vertex 99.92328010418422 5.975705855629091 5.639932965095795e-15
vertex 100.82823407019248 4.758986508232318 5.639932965095795e-15
endloop
endfacet
facet normal -1.1015536019879426e-34 8.430047170285747e-18 -1.0
outer loop
vertex 100.82823407019248 4.758986508232318 5.639932965095795e-15
vertex 99.92328010418422 5.975705855629091 5.639932965095795e-15
vertex 101.83819037017294 4.901115561132131 5.639932965095795e-15
endloop
endfacet
facet normal -1.1015536019879426e-34 8.430047170285747e-18 -1.0
outer loop
vertex 100.82823407019248 4.758986508232318 5.639932965095795e-15
vertex 101.83819037017294 4.901115561132131 5.639932965095795e-15
vertex 102.7654329938073 3.764052455242494 5.639932965095795e-15
endloop
endfacet
facet normal -1.1015536019879426e-34 8.430047170285747e-18 -1.0
outer loop
vertex 102.7654329938073 3.764052455242494 5.639932965095795e-15
vertex 101.83819037017294 4.901115561132131 5.639932965095795e-15
vertex 103.81543923197655 3.9462032883264184 5.639932965095795e-15
endloop
endfacet
facet normal -1.1015536019879426e-34 8.430047170285747e-18 -1.0
outer loop
vertex 102.7654329938073 3.764052455242494 5.639932965095795e-15
vertex 103.81543923197655 3.9462032883264184 5.639932965095795e-15
vertex 104.75944317242853 2.8978916058024944 5.639932965095795e-15
endloop
endfacet
facet normal -1.1015536019879426e-34 8.430047170285747e-18 -1.0
outer loop
vertex 104.75944317242853 2.8978916058024944 5.639932965095795e-15
vertex 103.81543923197655 3.9462032883264184 5.639932965095795e-15
vertex 105.84889470685671 3.133901300623097 5.639932965095795e-15
endloop
endfacet
facet normal -1.1015536019879426e-34 8.430047170285747e-18 -1.0
outer loop
vertex 104.75944317242853 2.8978916058024944 5.639932965095795e-15
vertex 105.84889470685671 3.133901300623097 5.639932965095795e-15
vertex 106.75928591700307 2.196051283242391 5.639932965095795e-15
endloop
endfacet
facet normal -1.1015536019879426e-34 8.430047170285747e-18 -1.0
outer loop
vertex 106.75928591700307 2.196051283242391 5.639932965095795e-15
vertex 105.84889470685671 3.133901300623097 5.639932965095795e-15
vertex 107.82753632326893 2.516811467946498 5.639932965095795e-15
endloop
endfacet
facet normal -1.1015536019879426e-34 8.430047170285747e-18 -1.0
outer loop
vertex 106.75928591700307 2.196051283242391 5.639932965095795e-15
vertex 107.82753632326893 2.516811467946498 5.639932965095795e-15
vertex 108.7655302719009 1.6697991144706612 5.639932965095795e-15
endloop
endfacet
facet normal -1.1015536019879426e-34 8.430047170285747e-18 -1.0
outer loop
vertex 108.7655302719009 1.6697991144706612 5.639932965095795e-15
vertex 107.82753632326893 2.516811467946498 5.639932965095795e-15
vertex 109.84735221693798 2.075768823103128 5.639932965095795e-15
endloop
endfacet
facet normal -1.1015536019879426e-34 8.430047170285747e-18 -1.0
outer loop
vertex 108.7655302719009 1.6697991144706612 5.639932965095795e-15
vertex 109.84735221693798 2.075768823103128 5.639932965095795e-15
vertex 110.80922116451745 1.329614485355307 5.639932965095795e-15
endloop
endfacet
facet normal -1.1015536019879426e-34 8.430047170285747e-18 -1.0
outer loop
vertex 110.80922116451745 1.329614485355307 5.639932965095795e-15
vertex 109.84735221693798 2.075768823103128 5.639932965095795e-15
vertex 111.89884871675886 1.8388868236879685 5.639932965095795e-15
endloop
endfacet
facet normal -1.1015536019879426e-34 8.430047170285747e-18 -1.0
outer loop
vertex 110.80922116451745 1.329614485355307 5.639932965095795e-15
vertex 111.89884871675886 1.8388868236879685 5.639932965095795e-15
vertex 112.87709921388601 1.2031563458788113 5.639932965095795e-15
endloop
endfacet
facet normal -1.1015536019879426e-34 8.430047170285747e-18 -1.0
outer loop
vertex 112.87709921388601 1.2031563458788113 5.639932965095795e-15
vertex 111.89884871675886 1.8388868236879685 5.639932965095795e-15
vertex 114.04542355306685 1.839918840180498 5.639932965095795e-15
endloop
endfacet
facet normal -1.1015536019879426e-34 8.430047170285747e-18 -1.0
outer loop
vertex 112.87709921388601 1.2031563458788113 5.639932965095795e-15
vertex 114.04542355306685 1.839918840180498 5.639932965095795e-15
vertex 115.29843778361737 1.3426069468189263 5.639932965095795e-15
endloop
endfacet
facet normal -1.1015536019879426e-34 8.430047170285747e-18 -1.0
outer loop
vertex 115.29843778361737 1.3426069468189263 5.639932965095795e-15
vertex 114.04542355306685 1.839918840180498 5.639932965095795e-15
vertex 116.67232902505155 2.155773807222468 5.639932965095795e-15
endloop
endfacet
facet normal -1.1015536019879426e-34 8.430047170285747e-18 -1.0
outer loop
vertex 115.29843778361737 1.3426069468189263 5.639932965095795e-15
vertex 116.67232902505155 2.155773807222468 5.639932965095795e-15
vertex 117.89642811436386 1.7968570157564867 5.639932965095795e-15
endloop
endfacet
facet normal -1.1015536019879426e-34 8.430047170285747e-18 -1.0
outer loop
vertex 117.89642811436386 1.7968570157564867 5.639932965095795e-15
vertex 116.67232902505155 2.155773807222468 5.639932965095795e-15
vertex 119.21723086322224 2.7872472000320183 5.639932965095795e-15
endloop
endfacet
facet normal -1.1015536019879426e-34 8.430047170285747e-18 -1.0
outer loop
vertex 117.89642811436386 1.7968570157564867 5.639932965095795e-15
vertex 119.21723086322224 2.7872472000320183 5.639932965095795e-15
vertex 120.4101819708086 2.5586165973895967 5.639932965095795e-15
endloop
endfacet
facet normal -1.1015536019879426e-34 8.430047170285747e-18 -1.0
outer loop
vertex 120.4101819708086 2.5586165973895967 5.639932965095795e-15
vertex 119.21723086322224 2.7872472000320183 5.639932965095795e-15
vertex 121.66951118411232 3.7326300751802908 5.639932965095795e-15
endloop
endfacet
facet normal -1.1015536019879426e-34 8.430047170285747e-18 -1.0
outer loop
vertex 120.4101819708086 2.5586165973895967 5.639932965095795e-15
vertex 121.66951118411232 3.7326300751802908 5.639932965095795e-15
vertex 122.82912677297377 3.6260597331752646 5.639932965095795e-15
endloop
endfacet
facet normal -1.1015536019879426e-34 8.430047170285747e-18 -1.0
outer loop
vertex 122.82912677297377 3.6260597331752646 5.639932965095795e-15
vertex 121.66951118411232 3.7326300751802908 5.639932965095795e-15
vertex 123.892115143683 4.912875353691595 5.639932965095795e-15
endloop
endfacet
facet normal -1.1015536019879426e-34 8.430047170285747e-18 -1.0
outer loop
vertex 122.82912677297377 3.6260597331752646 5.639932965095795e-15
vertex 123.892115143683 4.912875353691595 5.639932965095795e-15
vertex 124.86213712285029 4.811014046848984 5.639932965095795e-15
endloop
endfacet
facet normal -1.1015536019879426e-34 8.430047170285747e-18 -1.0
outer loop
vertex 124.86213712285029 4.811014046848984 5.639932965095795e-15
vertex 123.892115143683 4.912875353691595 5.639932965095795e-15
vertex 125.71307905483124 6.1418983637563995 5.639932965095795e-15
endloop
endfacet
facet normal -1.1015536019879426e-34 8.430047170285747e-18 -1.0
outer loop
vertex 124.86213712285029 4.811014046848984 5.639932965095795e-15
vertex 125.71307905483124 6.1418983637563995 5.639932965095795e-15
vertex 126.64199738710647 6.095496071309409 5.639932965095795e-15
endloop
endfacet
facet normal -1.1015536019879426e-34 8.430047170285747e-18 -1.0
outer loop
vertex 126.64199738710647 6.095496071309409 5.639932965095795e-15
vertex 125.71307905483124 6.1418983637563995 5.639932965095795e-15
vertex 127.41244232566527 7.535956295011488 5.639932965095795e-15
endloop
endfacet
facet normal -1.1015536019879426e-34 8.430047170285747e-18 -1.0
outer loop
vertex 126.64199738710647 6.095496071309409 5.639932965095795e-15
vertex 127.41244232566527 7.535956295011488 5.639932965095795e-15
vertex 128.30058617228582 7.534573230434832 5.639932965095795e-15
endloop
endfacet
facet normal -1.1015536019879426e-34 8.430047170285747e-18 -1.0
outer loop
vertex 128.30058617228582 7.534573230434832 5.639932965095795e-15
vertex 127.41244232566527 7.535956295011488 5.639932965095795e-15
vertex 128.98090644410465 9.075760901963836 5.639932965095795e-15
endloop
endfacet
facet normal -1.1015536019879426e-34 8.430047170285747e-18 -1.0
outer loop
vertex 128.30058617228582 7.534573230434832 5.639932965095795e-15
vertex 128.98090644410465 9.075760901963836 5.639932965095795e-15
vertex 129.82908713616075 9.11020572080264 5.639932965095795e-15
endloop
endfacet
facet normal -1.1015536019879426e-34 8.430047170285747e-18 -1.0
outer loop
vertex 129.82908713616075 9.11020572080264 5.639932965095795e-15
vertex 128.98090644410465 9.075760901963836 5.639932965095795e-15
vertex 130.30777822922613 10.605462536646064 5.639932965095795e-15
endloop
endfacet
facet normal -1.1015536019879426e-34 8.430047170285747e-18 -1.0
outer loop
vertex 129.82908713616075 9.11020572080264 5.639932965095795e-15
vertex 130.30777822922613 10.605462536646064 5.639932965095795e-15
vertex 131.0661990470055 10.58540874367081 5.639932965095795e-15
endloop
endfacet
facet normal -1.1015536019879426e-34 8.430047170285747e-18 -1.0
outer loop
vertex 131.0661990470055 10.58540874367081 5.639932965095795e-15
vertex 130.30777822922613 10.605462536646064 5.639932965095795e-15
vertex 131.42403893398188 12.053472390158424 5.639932965095795e-15
endloop
endfacet
facet normal -1.1015536019879426e-34 8.430047170285747e-18 -1.0
outer loop
vertex 131.0661990470055 10.58540874367081 5.639932965095795e-15
vertex 131.42403893398188 12.053472390158424 5.639932965095795e-15
vertex 132.15720986820565 12.042718638816202 5.639932965095795e-15
endloop
endfacet
facet normal -1.1015536019879426e-34 8.430047170285747e-18 -1.0
outer loop
vertex 132.15720986820565 12.042718638816202 5.639932965095795e-15
vertex 131.42403893398188 12.053472390158424 5.639932965095795e-15
vertex 132.4408517487894 13.56521182025723 5.639932965095795e-15
endloop
endfacet
facet normal -1.1015536019879426e-34 8.430047170285747e-18 -1.0
outer loop
vertex 132.15720986820565 12.042718638816202 5.639932965095795e-15
vertex 132.4408517487894 13.56521182025723 5.639932965095795e-15
vertex 133.1474764190123 13.565515178319773 5.639932965095795e-15
endloop
endfacet
facet normal -1.1015536019879426e-34 8.430047170285747e-18 -1.0
outer loop
vertex 133.1474764190123 13.565515178319773 5.639932965095795e-15
vertex 132.4408517487894 13.56521182025723 5.639932965095795e-15
vertex 133.33969495194665 15.157481138628988 5.639932965095795e-15
endloop
endfacet
facet normal -1.1015536019879426e-34 8.430047170285747e-18 -1.0
outer loop
vertex 133.1474764190123 13.565515178319773 5.639932965095795e-15
vertex 133.33969495194665 15.157481138628988 5.639932965095795e-15
vertex 134.02009865350132 15.169698294593166 5.639932965095795e-15
endloop
endfacet
facet normal -1.1015536019879426e-34 8.430047170285747e-18 -1.0
outer loop
vertex 134.02009865350132 15.169698294593166 5.639932965095795e-15
vertex 133.33969495194665 15.157481138628988 5.639932965095795e-15
vertex 134.0109039262049 16.618784464818695 5.639932965095795e-15
endloop
endfacet
facet normal -1.1015536019879426e-34 8.430047170285747e-18 -1.0
outer loop
vertex 134.02009865350132 15.169698294593166 5.639932965095795e-15
vertex 134.0109039262049 16.618784464818695 5.639932965095795e-15
vertex 134.52419615702289 18.000256676846337 5.639932965095795e-15
endloop
endfacet
facet normal -1.1015536019879426e-34 8.430047170285747e-18 -1.0
outer loop
vertex 134.02009865350132 15.169698294593166 5.639932965095795e-15
vertex 134.52419615702289 18.000256676846337 5.639932965095795e-15
vertex 134.6481001997066 16.584400373326307 5.639932965095795e-15
endloop
endfacet
facet normal -1.1015536019879426e-34 8.430047170285747e-18 -1.0
outer loop
vertex 134.6481001997066 16.584400373326307 5.639932965095795e-15
vertex 134.52419615702289 18.000256676846337 5.639932965095795e-15
vertex 134.94583124864528 19.410368635009682 5.639932965095795e-15
endloop
endfacet
facet normal -1.1015536019879426e-34 8.430047170285747e-18 -1.0
outer loop
vertex 134.6481001997066 16.584400373326307 5.639932965095795e-15
vertex 134.94583124864528 19.410368635009682 5.639932965095795e-15
vertex 135.14908784816708 17.968844927433366 5.639932965095795e-15
endloop
endfacet
facet normal -1.1015536019879426e-34 8.430047170285747e-18 -1.0
outer loop
vertex 135.14908784816708 17.968844927433366 5.639932965095795e-15
vertex 134.94583124864528 19.410368635009682 5.639932965095795e-15
vertex 135.28731936022692 20.849082683014462 5.639932965095795e-15
endloop
endfacet
facet normal -1.1015536019879426e-34 8.430047170285747e-18 -1.0
outer loop
vertex 135.14908784816708 17.968844927433366 5.639932965095795e-15
vertex 135.28731936022692 20.849082683014462 5.639932965095795e-15
vertex 135.56209914865556 19.381210915035442 5.639932965095795e-15
endloop
endfacet
facet normal -1.1015536019879426e-34 8.430047170285747e-18 -1.0
outer loop
vertex 135.56209914865556 19.381210915035442 5.639932965095795e-15
vertex 135.28731936022692 20.849082683014462 5.639932965095795e-15
vertex 135.6081936598887 22.605130153671816 5.639932965095795e-15
endloop
endfacet
facet normal -1.1015536019879426e-34 8.430047170285747e-18 -1.0
outer loop
vertex 135.56209914865556 19.381210915035442 5.639932965095795e-15
vertex 135.6081936598887 22.605130153671816 5.639932965095795e-15
vertex 135.89781152162772 20.82151007326051 5.639932965095795e-15
endloop
endfacet
facet normal -1.1015536019879426e-34 8.430047170285747e-18 -1.0
outer loop
vertex 135.89781152162772 20.82151007326051 5.639932965095795e-15
vertex 135.6081936598887 22.605130153671816 5.639932965095795e-15
vertex 135.85873904739458 24.44285170029219 5.639932965095795e-15
endloop
endfacet
facet normal -1.1015536019879426e-34 8.430047170285747e-18 -1.0
outer loop
vertex 135.89781152162772 20.82151007326051 5.639932965095795e-15
vertex 135.85873904739458 24.44285170029219 5.639932965095795e-15
vertex 136.04443259949008 26.289560414088964 5.639932965095795e-15
endloop
endfacet
facet normal -1.1015536019879426e-34 8.430047170285747e-18 -1.0
outer loop
vertex 135.89781152162772 20.82151007326051 5.639932965095795e-15
vertex 136.04443259949008 26.289560414088964 5.639932965095795e-15
vertex 136.2143450345053 22.576240489883958 5.639932965095795e-15
endloop
endfacet
facet normal -1.1015536019879426e-34 8.430047170285747e-18 -1.0
outer loop
vertex 136.2143450345053 22.576240489883958 5.639932965095795e-15
vertex 136.04443259949008 26.289560414088964 5.639932965095795e-15
vertex 136.18346936879772 28.13340689269807 5.639932965095795e-15
endloop
endfacet
facet normal -1.1015536019879426e-34 8.430047170285747e-18 -1.0
outer loop
vertex 136.2143450345053 22.576240489883958 5.639932965095795e-15
vertex 136.18346936879772 28.13340689269807 5.639932965095795e-15
vertex 136.19087719268185 28.18282593504132 5.639932965095795e-15
endloop
endfacet
facet normal -1.1015536019879426e-34 8.430047170285747e-18 -1.0
outer loop
vertex 136.2143450345053 22.576240489883958 5.639932965095795e-15
vertex 136.19087719268185 28.18282593504132 5.639932965095795e-15
vertex 136.20150220545594 28.21788674554939 5.639932965095795e-15
endloop
endfacet
facet normal -1.1015536019879426e-34 8.430047170285747e-18 -1.0
outer loop
vertex 55.47818465280009 49.04978035177235 5.639932965095795e-15
vertex 56.015704575423136 47.3486691189883 5.639932965095795e-15
vertex 52.819349877374165 48.61281011759283 5.639932965095795e-15
endloop
endfacet
facet normal -1.1015536019879426e-34 8.430047170285747e-18 -1.0
outer loop
vertex 56.015704575423136 47.3486691189883 5.639932965095795e-15
vertex 55.47818465280009 49.04978035177235 5.639932965095795e-15
vertex 55.6466997479305 48.87669557014878 5.639932965095795e-15
endloop
endfacet
facet normal -1.1015536019879426e-34 8.430047170285747e-18 -1.0
outer loop
vertex 56.015704575423136 47.3486691189883 5.639932965095795e-15
vertex 55.6466997479305 48.87669557014878 5.639932965095795e-15
vertex 55.763348169253696 48.78166782324019 5.639932965095795e-15
endloop
endfacet
facet normal -1.1015536019879426e-34 8.430047170285747e-18 -1.0
outer loop
vertex 56.015704575423136 47.3486691189883 5.639932965095795e-15
vertex 55.763348169253696 48.78166782324019 5.639932965095795e-15
vertex 55.98451475265915 48.6347930405375 5.639932965095795e-15
endloop
endfacet
facet normal -1.1015536019879426e-34 8.430047170285747e-18 -1.0
outer loop
vertex 56.015704575423136 47.3486691189883 5.639932965095795e-15
vertex 55.98451475265915 48.6347930405375 5.639932965095795e-15
vertex 56.725536592481355 48.17749072341629 5.639932965095795e-15
endloop
endfacet
facet normal -1.1015536019879426e-34 8.430047170285747e-18 -1.0
outer loop
vertex 56.015704575423136 47.3486691189883 5.639932965095795e-15
vertex 56.725536592481355 48.17749072341629 5.639932965095795e-15
vertex 58.78651322164779 45.528481370883114 5.639932965095795e-15
endloop
endfacet
facet normal -1.1015536019879426e-34 8.430047170285747e-18 -1.0
outer loop
vertex 58.78651322164779 45.528481370883114 5.639932965095795e-15
vertex 56.725536592481355 48.17749072341629 5.639932965095795e-15
vertex 57.74577332594109 47.68706044884201 5.639932965095795e-15
endloop
endfacet
facet normal -1.1015536019879426e-34 8.430047170285747e-18 -1.0
outer loop
vertex 58.78651322164779 45.528481370883114 5.639932965095795e-15
vertex 57.74577332594109 47.68706044884201 5.639932965095795e-15
vertex 58.89369693957218 47.09252799954131 5.639932965095795e-15
endloop
endfacet
facet normal -1.1015536019879426e-34 8.430047170285747e-18 -1.0
outer loop
vertex 58.78651322164779 45.528481370883114 5.639932965095795e-15
vertex 58.89369693957218 47.09252799954131 5.639932965095795e-15
vertex 61.655033732532225 42.78195691844342 5.639932965095795e-15
endloop
endfacet
facet normal -1.1015536019879426e-34 8.430047170285747e-18 -1.0
outer loop
vertex 61.655033732532225 42.78195691844342 5.639932965095795e-15
vertex 58.89369693957218 47.09252799954131 5.639932965095795e-15
vertex 60.29877202247299 46.10081944225001 5.639932965095795e-15
endloop
endfacet
facet normal -1.1015536019879426e-34 8.430047170285747e-18 -1.0
outer loop
vertex 61.655033732532225 42.78195691844342 5.639932965095795e-15
vertex 60.29877202247299 46.10081944225001 5.639932965095795e-15
vertex 61.3650353547744 45.06974290632219 5.639932965095795e-15
endloop
endfacet
facet normal -1.1015536019879426e-34 8.430047170285747e-18 -1.0
outer loop
vertex 61.655033732532225 42.78195691844342 5.639932965095795e-15
vertex 61.3650353547744 45.06974290632219 5.639932965095795e-15
vertex 62.469030238404244 43.64260786646064 5.639932965095795e-15
endloop
endfacet
facet normal -1.1015536019879426e-34 8.430047170285747e-18 -1.0
outer loop
vertex 61.655033732532225 42.78195691844342 5.639932965095795e-15
vertex 62.469030238404244 43.64260786646064 5.639932965095795e-15
vertex 63.075970163653636 38.55841457272399 5.639932965095795e-15
endloop
endfacet
facet normal -1.1015536019879426e-34 8.430047170285747e-18 -1.0
outer loop
vertex 63.075970163653636 38.55841457272399 5.639932965095795e-15
vertex 62.469030238404244 43.64260786646064 5.639932965095795e-15
vertex 63.380851318431276 41.98809846706516 5.639932965095795e-15
endloop
endfacet
facet normal -1.1015536019879426e-34 8.430047170285747e-18 -1.0
outer loop
vertex 63.075970163653636 38.55841457272399 5.639932965095795e-15
vertex 63.380851318431276 41.98809846706516 5.639932965095795e-15
vertex 63.15956423201092 30.086175483227127 5.639932965095795e-15
endloop
endfacet
facet normal -1.1015536019879426e-34 8.430047170285747e-18 -1.0
outer loop
vertex 63.15956423201092 30.086175483227127 5.639932965095795e-15
vertex 63.380851318431276 41.98809846706516 5.639932965095795e-15
vertex 63.62274689201818 32.01264158700799 5.639932965095795e-15
endloop
endfacet
facet normal -1.1015536019879426e-34 8.430047170285747e-18 -1.0
outer loop
vertex 63.62274689201818 32.01264158700799 5.639932965095795e-15
vertex 63.380851318431276 41.98809846706516 5.639932965095795e-15
vertex 63.87050772294116 40.644387245062596 5.639932965095795e-15
endloop
endfacet
facet normal -1.1015536019879426e-34 8.430047170285747e-18 -1.0
outer loop
vertex 63.62274689201818 32.01264158700799 5.639932965095795e-15
vertex 63.87050772294116 40.644387245062596 5.639932965095795e-15
vertex 63.99563472449436 33.813209786044965 5.639932965095795e-15
endloop
endfacet
facet normal -1.1015536019879426e-34 8.430047170285747e-18 -1.0
outer loop
vertex 63.99563472449436 33.813209786044965 5.639932965095795e-15
vertex 63.87050772294116 40.644387245062596 5.639932965095795e-15
vertex 64.3879895181439 41.157195453506944 5.639932965095795e-15
endloop
endfacet
facet normal -1.1015536019879426e-34 8.430047170285747e-18 -1.0
outer loop
vertex 63.99563472449436 33.813209786044965 5.639932965095795e-15
vertex 64.3879895181439 41.157195453506944 5.639932965095795e-15
vertex 64.19287190338187 35.37616611132417 5.639932965095795e-15
endloop
endfacet
facet normal -1.1015536019879426e-34 8.430047170285747e-18 -1.0
outer loop
vertex 64.19287190338187 35.37616611132417 5.639932965095795e-15
vertex 64.3879895181439 41.157195453506944 5.639932965095795e-15
vertex 64.29981425473824 36.813224531859326 5.639932965095795e-15
endloop
endfacet
facet normal -1.1015536019879426e-34 8.430047170285747e-18 -1.0
outer loop
vertex 64.29981425473824 36.813224531859326 5.639932965095795e-15
vertex 64.3879895181439 41.157195453506944 5.639932965095795e-15
vertex 64.31009645850659 36.92672100996731 5.639932965095795e-15
endloop
endfacet
facet normal -1.1015536019879426e-34 8.430047170285747e-18 -1.0
outer loop
vertex 64.31009645850659 36.92672100996731 5.639932965095795e-15
vertex 64.3879895181439 41.157195453506944 5.639932965095795e-15
vertex 64.3260701757257 37.10304125098845 5.639932965095795e-15
endloop
endfacet
facet normal -1.1015536019879426e-34 8.430047170285747e-18 -1.0
outer loop
vertex 64.3260701757257 37.10304125098845 5.639932965095795e-15
vertex 64.3879895181439 41.157195453506944 5.639932965095795e-15
vertex 64.33919812943233 37.247949535635655 5.639932965095795e-15
endloop
endfacet
facet normal -1.1015536019879426e-34 8.430047170285747e-18 -1.0
outer loop
vertex 64.33919812943233 37.247949535635655 5.639932965095795e-15
vertex 64.3879895181439 41.157195453506944 5.639932965095795e-15
vertex 64.61309476643306 37.64508116381594 5.639932965095795e-15
endloop
endfacet
facet normal -1.1015536019879426e-34 8.430047170285747e-18 -1.0
outer loop
vertex 64.61309476643306 37.64508116381594 5.639932965095795e-15
vertex 64.3879895181439 41.157195453506944 5.639932965095795e-15
vertex 64.77570842860871 41.84293309032099 5.639932965095795e-15
endloop
endfacet
facet normal -1.1015536019879426e-34 8.430047170285747e-18 -1.0
outer loop
vertex 64.61309476643306 37.64508116381594 5.639932965095795e-15
vertex 64.77570842860871 41.84293309032099 5.639932965095795e-15
vertex 64.93118950568727 38.59785631711532 5.639932965095795e-15
endloop
endfacet
facet normal -1.1015536019879426e-34 8.430047170285747e-18 -1.0
outer loop
vertex 64.93118950568727 38.59785631711532 5.639932965095795e-15
vertex 64.77570842860871 41.84293309032099 5.639932965095795e-15
vertex 64.95523893167048 39.53228292729 5.639932965095795e-15
endloop
endfacet
facet normal -1.1015536019879426e-34 8.430047170285747e-18 -1.0
outer loop
vertex 64.95523893167048 39.53228292729 5.639932965095795e-15
vertex 64.77570842860871 41.84293309032099 5.639932965095795e-15
vertex 65.07672495087965 40.48252180283019 5.639932965095795e-15
endloop
endfacet
facet normal -1.1015536019879426e-34 8.430047170285747e-18 -1.0
outer loop
vertex 65.07672495087965 40.48252180283019 5.639932965095795e-15
vertex 64.77570842860871 41.84293309032099 5.639932965095795e-15
vertex 65.69856784895613 42.59655615964089 5.639932965095795e-15
endloop
endfacet
facet normal -1.1015536019879426e-34 8.430047170285747e-18 -1.0
outer loop
vertex 65.07672495087965 40.48252180283019 5.639932965095795e-15
vertex 65.69856784895613 42.59655615964089 5.639932965095795e-15
vertex 65.69767175494724 41.406468369010284 5.639932965095795e-15
endloop
endfacet
facet normal -1.1015536019879426e-34 8.430047170285747e-18 -1.0
outer loop
vertex 65.69767175494724 41.406468369010284 5.639932965095795e-15
vertex 65.69856784895613 42.59655615964089 5.639932965095795e-15
vertex 66.88936652434978 42.09607361558869 5.639932965095795e-15
endloop
endfacet
facet normal -1.1015536019879426e-34 8.430047170285747e-18 -1.0
outer loop
vertex 66.88936652434978 42.09607361558869 5.639932965095795e-15
vertex 65.69856784895613 42.59655615964089 5.639932965095795e-15
vertex 67.11240075745155 43.128960159270484 5.639932965095795e-15
endloop
endfacet
facet normal -1.1015536019879426e-34 8.430047170285747e-18 -1.0
outer loop
vertex 66.88936652434978 42.09607361558869 5.639932965095795e-15
vertex 67.11240075745155 43.128960159270484 5.639932965095795e-15
vertex 68.46168142997193 42.56455308314205 5.639932965095795e-15
endloop
endfacet
facet normal -1.1015536019879426e-34 8.430047170285747e-18 -1.0
outer loop
vertex 68.46168142997193 42.56455308314205 5.639932965095795e-15
vertex 67.11240075745155 43.128960159270484 5.639932965095795e-15
vertex 68.18277200128443 43.35571799246501 5.639932965095795e-15
endloop
endfacet
facet normal -1.1015536019879426e-34 8.430047170285747e-18 -1.0
outer loop
vertex 68.46168142997193 42.56455308314205 5.639932965095795e-15
vertex 68.18277200128443 43.35571799246501 5.639932965095795e-15
vertex 69.37813027575534 43.52186990067945 5.639932965095795e-15
endloop
endfacet
facet normal -1.1015536019879426e-34 8.430047170285747e-18 -1.0
outer loop
vertex 68.46168142997193 42.56455308314205 5.639932965095795e-15
vertex 69.37813027575534 43.52186990067945 5.639932965095795e-15
vertex 70.26086407578529 42.80869666283582 5.639932965095795e-15
endloop
endfacet
facet normal -1.1015536019879426e-34 8.430047170285747e-18 -1.0
outer loop
vertex 70.26086407578529 42.80869666283582 5.639932965095795e-15
vertex 69.37813027575534 43.52186990067945 5.639932965095795e-15
vertex 70.57688111677838 43.6111675725547 5.639932965095795e-15
endloop
endfacet
facet normal -1.1015536019879426e-34 8.430047170285747e-18 -1.0
outer loop
vertex 70.26086407578529 42.80869666283582 5.639932965095795e-15
vertex 70.57688111677838 43.6111675725547 5.639932965095795e-15
vertex 71.659226739636 42.80869666283582 5.639932965095795e-15
endloop
endfacet
facet normal -1.1015536019879426e-34 8.430047170285747e-18 -1.0
outer loop
vertex 71.659226739636 42.80869666283582 5.639932965095795e-15
vertex 70.57688111677838 43.6111675725547 5.639932965095795e-15
vertex 71.34320969864292 43.6111675725547 5.639932965095795e-15
endloop
endfacet
facet normal -1.1015536019879426e-34 8.430047170285747e-18 -1.0
outer loop
vertex 71.659226739636 42.80869666283582 5.639932965095795e-15
vertex 71.34320969864292 43.6111675725547 5.639932965095795e-15
vertex 72.54196053966596 43.52186990067945 5.639932965095795e-15
endloop
endfacet
facet normal -1.1015536019879426e-34 8.430047170285747e-18 -1.0
outer loop
vertex 71.659226739636 42.80869666283582 5.639932965095795e-15
vertex 72.54196053966596 43.52186990067945 5.639932965095795e-15
vertex 73.45840938544937 42.56455308314205 5.639932965095795e-15
endloop
endfacet
facet normal -1.1015536019879426e-34 8.430047170285747e-18 -1.0
outer loop
vertex 73.45840938544937 42.56455308314205 5.639932965095795e-15
vertex 72.54196053966596 43.52186990067945 5.639932965095795e-15
vertex 73.73731881413687 43.35571799246501 5.639932965095795e-15
endloop
endfacet
facet normal -1.1015536019879426e-34 8.430047170285747e-18 -1.0
outer loop
vertex 73.45840938544937 42.56455308314205 5.639932965095795e-15
vertex 73.73731881413687 43.35571799246501 5.639932965095795e-15
vertex 75.03072429107151 42.09607361558869 5.639932965095795e-15
endloop
endfacet
facet normal -1.1015536019879426e-34 8.430047170285747e-18 -1.0
outer loop
vertex 75.03072429107151 42.09607361558869 5.639932965095795e-15
vertex 73.73731881413687 43.35571799246501 5.639932965095795e-15
vertex 74.80769005796974 43.128960159270484 5.639932965095795e-15
endloop
endfacet
facet normal -1.1015536019879426e-34 8.430047170285747e-18 -1.0
outer loop
vertex 75.03072429107151 42.09607361558869 5.639932965095795e-15
vertex 74.80769005796974 43.128960159270484 5.639932965095795e-15
vertex 76.22152296646516 42.59655615964089 5.639932965095795e-15
endloop
endfacet
facet normal -1.1015536019879426e-34 8.430047170285747e-18 -1.0
outer loop
vertex 75.03072429107151 42.09607361558869 5.639932965095795e-15
vertex 76.22152296646516 42.59655615964089 5.639932965095795e-15
vertex 76.22241906047407 41.406468369010284 5.639932965095795e-15
endloop
endfacet
facet normal -1.1015536019879426e-34 8.430047170285747e-18 -1.0
outer loop
vertex 76.22241906047407 41.406468369010284 5.639932965095795e-15
vertex 76.22152296646516 42.59655615964089 5.639932965095795e-15
vertex 77.14438238681258 41.84293309032099 5.639932965095795e-15
endloop
endfacet
facet normal -1.1015536019879426e-34 8.430047170285747e-18 -1.0
outer loop
vertex 76.22241906047407 41.406468369010284 5.639932965095795e-15
vertex 77.14438238681258 41.84293309032099 5.639932965095795e-15
vertex 76.84336586454164 40.48252180283019 5.639932965095795e-15
endloop
endfacet
facet normal -1.1015536019879426e-34 8.430047170285747e-18 -1.0
outer loop
vertex 76.84336586454164 40.48252180283019 5.639932965095795e-15
vertex 77.14438238681258 41.84293309032099 5.639932965095795e-15
vertex 76.96485188375081 39.53228292729 5.639932965095795e-15
endloop
endfacet
facet normal -1.1015536019879426e-34 8.430047170285747e-18 -1.0
outer loop
vertex 76.96485188375081 39.53228292729 5.639932965095795e-15
vertex 77.14438238681258 41.84293309032099 5.639932965095795e-15
vertex 76.98890130973402 38.59785631711532 5.639932965095795e-15
endloop
endfacet
facet normal -1.1015536019879426e-34 8.430047170285747e-18 -1.0
outer loop
vertex 76.98890130973402 38.59785631711532 5.639932965095795e-15
vertex 77.14438238681258 41.84293309032099 5.639932965095795e-15
vertex 77.30699604898824 37.64508116381593 5.639932965095795e-15
endloop
endfacet
facet normal -1.1015536019879426e-34 8.430047170285747e-18 -1.0
outer loop
vertex 77.30699604898824 37.64508116381593 5.639932965095795e-15
vertex 77.14438238681258 41.84293309032099 5.639932965095795e-15
vertex 77.5321012972774 41.157195453506944 5.639932965095795e-15
endloop
endfacet
facet normal -1.1015536019879426e-34 8.430047170285747e-18 -1.0
outer loop
vertex 77.30699604898824 37.64508116381593 5.639932965095795e-15
vertex 77.5321012972774 41.157195453506944 5.639932965095795e-15
vertex 77.58089268598897 37.24794953563565 5.639932965095795e-15
endloop
endfacet
facet normal -1.1015536019879426e-34 8.430047170285747e-18 -1.0
outer loop
vertex 77.58089268598897 37.24794953563565 5.639932965095795e-15
vertex 77.5321012972774 41.157195453506944 5.639932965095795e-15
vertex 78.04958309248013 40.644387245062596 5.639932965095795e-15
endloop
endfacet
facet normal -1.1015536019879426e-34 8.430047170285747e-18 -1.0
outer loop
vertex 77.58089268598897 37.24794953563565 5.639932965095795e-15
vertex 78.04958309248013 40.644387245062596 5.639932965095795e-15
vertex 77.59402063969559 37.10304125098844 5.639932965095795e-15
endloop
endfacet
facet normal -1.1015536019879426e-34 8.430047170285747e-18 -1.0
outer loop
vertex 77.59402063969559 37.10304125098844 5.639932965095795e-15
vertex 78.04958309248013 40.644387245062596 5.639932965095795e-15
vertex 77.60999435691471 36.92672100996731 5.639932965095795e-15
endloop
endfacet
facet normal -1.1015536019879426e-34 8.430047170285747e-18 -1.0
outer loop
vertex 77.60999435691471 36.92672100996731 5.639932965095795e-15
vertex 78.04958309248013 40.644387245062596 5.639932965095795e-15
vertex 77.62027656068307 36.81322453185932 5.639932965095795e-15
endloop
endfacet
facet normal -1.1015536019879426e-34 8.430047170285747e-18 -1.0
outer loop
vertex 77.62027656068307 36.81322453185932 5.639932965095795e-15
vertex 78.04958309248013 40.644387245062596 5.639932965095795e-15
vertex 77.72721891203943 35.37616611132416 5.639932965095795e-15
endloop
endfacet
facet normal -1.1015536019879426e-34 8.430047170285747e-18 -1.0
outer loop
vertex 77.72721891203943 35.37616611132416 5.639932965095795e-15
vertex 78.04958309248013 40.644387245062596 5.639932965095795e-15
vertex 77.92445609092694 33.81320978604496 5.639932965095795e-15
endloop
endfacet
facet normal -1.1015536019879426e-34 8.430047170285747e-18 -1.0
outer loop
vertex 77.92445609092694 33.81320978604496 5.639932965095795e-15
vertex 78.04958309248013 40.644387245062596 5.639932965095795e-15
vertex 78.29734392340312 32.012641587007984 5.639932965095795e-15
endloop
endfacet
facet normal -1.1015536019879426e-34 8.430047170285747e-18 -1.0
outer loop
vertex 78.29734392340312 32.012641587007984 5.639932965095795e-15
vertex 78.04958309248013 40.644387245062596 5.639932965095795e-15
vertex 78.53923949699002 41.98809846706516 5.639932965095795e-15
endloop
endfacet
facet normal -1.1015536019879426e-34 8.430047170285747e-18 -1.0
outer loop
vertex 78.29734392340312 32.012641587007984 5.639932965095795e-15
vertex 78.53923949699002 41.98809846706516 5.639932965095795e-15
vertex 78.76052658341037 30.086175483227123 5.639932965095795e-15
endloop
endfacet
facet normal -1.1015536019879426e-34 8.430047170285747e-18 -1.0
outer loop
vertex 78.76052658341037 30.086175483227123 5.639932965095795e-15
vertex 78.53923949699002 41.98809846706516 5.639932965095795e-15
vertex 78.84412065176765 38.55841457272399 5.639932965095795e-15
endloop
endfacet
facet normal -1.1015536019879426e-34 8.430047170285747e-18 -1.0
outer loop
vertex 78.84412065176765 38.55841457272399 5.639932965095795e-15
vertex 78.53923949699002 41.98809846706516 5.639932965095795e-15
vertex 79.45106057701705 43.64260786646064 5.639932965095795e-15
endloop
endfacet
facet normal -1.1015536019879426e-34 8.430047170285747e-18 -1.0
outer loop
vertex 78.84412065176765 38.55841457272399 5.639932965095795e-15
vertex 79.45106057701705 43.64260786646064 5.639932965095795e-15
vertex 80.26505708288907 42.78195691844342 5.639932965095795e-15
endloop
endfacet
facet normal -1.1015536019879426e-34 8.430047170285747e-18 -1.0
outer loop
vertex 80.26505708288907 42.78195691844342 5.639932965095795e-15
vertex 79.45106057701705 43.64260786646064 5.639932965095795e-15
vertex 80.5550554606469 45.06974290632219 5.639932965095795e-15
endloop
endfacet
facet normal -1.1015536019879426e-34 8.430047170285747e-18 -1.0
outer loop
vertex 80.26505708288907 42.78195691844342 5.639932965095795e-15
vertex 80.5550554606469 45.06974290632219 5.639932965095795e-15
vertex 83.13357759377351 45.528481370883114 5.639932965095795e-15
endloop
endfacet
facet normal -1.1015536019879426e-34 8.430047170285747e-18 -1.0
outer loop
vertex 83.13357759377351 45.528481370883114 5.639932965095795e-15
vertex 80.5550554606469 45.06974290632219 5.639932965095795e-15
vertex 81.62131879294832 46.10081944225001 5.639932965095795e-15
endloop
endfacet
facet normal -1.1015536019879426e-34 8.430047170285747e-18 -1.0
outer loop
vertex 83.13357759377351 45.528481370883114 5.639932965095795e-15
vertex 81.62131879294832 46.10081944225001 5.639932965095795e-15
vertex 83.02639387584912 47.09252799954131 5.639932965095795e-15
endloop
endfacet
facet normal -1.1015536019879426e-34 8.430047170285747e-18 -1.0
outer loop
vertex 83.13357759377351 45.528481370883114 5.639932965095795e-15
vertex 83.02639387584912 47.09252799954131 5.639932965095795e-15
vertex 84.17431748948022 47.68706044884201 5.639932965095795e-15
endloop
endfacet
facet normal -1.1015536019879426e-34 8.430047170285747e-18 -1.0
outer loop
vertex 83.13357759377351 45.528481370883114 5.639932965095795e-15
vertex 84.17431748948022 47.68706044884201 5.639932965095795e-15
vertex 85.90438623999816 47.3486691189883 5.639932965095795e-15
endloop
endfacet
facet normal -1.1015536019879426e-34 8.430047170285747e-18 -1.0
outer loop
vertex 85.90438623999816 47.3486691189883 5.639932965095795e-15
vertex 84.17431748948022 47.68706044884201 5.639932965095795e-15
vertex 85.19455422293994 48.17749072341629 5.639932965095795e-15
endloop
endfacet
facet normal -1.1015536019879426e-34 8.430047170285747e-18 -1.0
outer loop
vertex 85.90438623999816 47.3486691189883 5.639932965095795e-15
vertex 85.19455422293994 48.17749072341629 5.639932965095795e-15
vertex 85.93557606276215 48.6347930405375 5.639932965095795e-15
endloop
endfacet
facet normal -1.1015536019879426e-34 8.430047170285747e-18 -1.0
outer loop
vertex 85.90438623999816 47.3486691189883 5.639932965095795e-15
vertex 85.93557606276215 48.6347930405375 5.639932965095795e-15
vertex 89.10074093804714 48.61281011759283 5.639932965095795e-15
endloop
endfacet
facet normal -1.1015536019879426e-34 8.430047170285747e-18 -1.0
outer loop
vertex 89.10074093804714 48.61281011759283 5.639932965095795e-15
vertex 85.93557606276215 48.6347930405375 5.639932965095795e-15
vertex 86.1567426461676 48.78166782324019 5.639932965095795e-15
endloop
endfacet
facet normal -1.1015536019879426e-34 8.430047170285747e-18 -1.0
outer loop
vertex 89.10074093804714 48.61281011759283 5.639932965095795e-15
vertex 86.1567426461676 48.78166782324019 5.639932965095795e-15
vertex 86.2733910674908 48.87669557014878 5.639932965095795e-15
endloop
endfacet
facet normal -1.1015536019879426e-34 8.430047170285747e-18 -1.0
outer loop
vertex 89.10074093804714 48.61281011759283 5.639932965095795e-15
vertex 86.2733910674908 48.87669557014878 5.639932965095795e-15
vertex 86.44190616262121 49.04978035177235 5.639932965095795e-15
endloop
endfacet
facet normal 0.0 0.0 -1.0
outer loop
vertex 81.35610037932769 28.917901951694493 5.639932965095795e-15
vertex 81.43925420551643 27.84015803820586 5.639932965095795e-15
vertex 81.13849597455935 28.614924967771284 5.639932965095795e-15
endloop
endfacet
facet normal 0.0 0.0 -1.0
outer loop
vertex 81.43925420551643 27.84015803820586 5.639932965095795e-15
vertex 81.35610037932769 28.917901951694493 5.639932965095795e-15
vertex 82.17382343154725 29.119974686890554 5.639932965095795e-15
endloop
endfacet
facet normal 0.0 0.0 -1.0
outer loop
vertex 81.43925420551643 27.84015803820586 5.639932965095795e-15
vertex 82.17382343154725 29.119974686890554 5.639932965095795e-15
vertex 81.70863697748906 27.333551623777293 5.639932965095795e-15
endloop
endfacet
facet normal 0.0 0.0 -1.0
outer loop
vertex 81.70863697748906 27.333551623777293 5.639932965095795e-15
vertex 82.17382343154725 29.119974686890554 5.639932965095795e-15
vertex 82.06992956879768 26.59970939269816 5.639932965095795e-15
endloop
endfacet
facet normal 0.0 0.0 -1.0
outer loop
vertex 82.06992956879768 26.59970939269816 5.639932965095795e-15
vertex 82.17382343154725 29.119974686890554 5.639932965095795e-15
vertex 82.4623429487044 26.822550312212872 5.639932965095795e-15
endloop
endfacet
facet normal 0.0 0.0 -1.0
outer loop
vertex 82.4623429487044 26.822550312212872 5.639932965095795e-15
vertex 82.17382343154725 29.119974686890554 5.639932965095795e-15
vertex 82.85449794621027 29.288180487843526 5.639932965095795e-15
endloop
endfacet
facet normal 0.0 0.0 -1.0
outer loop
vertex 82.4623429487044 26.822550312212872 5.639932965095795e-15
vertex 82.85449794621027 29.288180487843526 5.639932965095795e-15
vertex 82.75153121384157 27.00270692340029 5.639932965095795e-15
endloop
endfacet
facet normal 0.0 0.0 -1.0
outer loop
vertex 82.75153121384157 27.00270692340029 5.639932965095795e-15
vertex 82.85449794621027 29.288180487843526 5.639932965095795e-15
vertex 82.96413547692792 27.1754868212965 5.639932965095795e-15
endloop
endfacet
facet normal 0.0 0.0 -1.0
outer loop
vertex 82.96413547692792 27.1754868212965 5.639932965095795e-15
vertex 82.85449794621027 29.288180487843526 5.639932965095795e-15
vertex 82.9845434327356 29.204236895322342 5.639932965095795e-15
endloop
endfacet
facet normal 0.0 0.0 -1.0
outer loop
vertex 82.96413547692792 27.1754868212965 5.639932965095795e-15
vertex 82.9845434327356 29.204236895322342 5.639932965095795e-15
vertex 83.12679685068196 27.37619760093789 5.639932965095795e-15
endloop
endfacet
facet normal 0.0 0.0 -1.0
outer loop
vertex 83.12679685068196 27.37619760093789 5.639932965095795e-15
vertex 82.9845434327356 29.204236895322342 5.639932965095795e-15
vertex 83.20386865871134 28.745595613790083 5.639932965095795e-15
endloop
endfacet
facet normal 0.0 0.0 -1.0
outer loop
vertex 83.12679685068196 27.37619760093789 5.639932965095795e-15
vertex 83.20386865871134 28.745595613790083 5.639932965095795e-15
vertex 83.26615644782237 27.640146857360232 5.639932965095795e-15
endloop
endfacet
facet normal 0.0 0.0 -1.0
outer loop
vertex 83.26615644782237 27.640146857360232 5.639932965095795e-15
vertex 83.20386865871134 28.745595613790083 5.639932965095795e-15
vertex 83.42319389256699 28.28695431577959 5.639932965095795e-15
endloop
endfacet
facet normal 0.0 0.0 -1.0
outer loop
vertex 83.26615644782237 27.640146857360232 5.639932965095795e-15
vertex 83.42319389256699 28.28695431577959 5.639932965095795e-15
vertex 83.4088553810677 28.00264218560012 5.639932965095795e-15
endloop
endfacet
facet normal 0.8901580801247234 -0.4556518324210565 0.0
outer loop
vertex 60.21145383793223 27.3335516237773 5.639932965095795e-15
vertex 59.85016124662362 26.599709392698166 1.7730000000000057
vertex 59.85016124662362 26.599709392698166 5.639932965095795e-15
endloop
endfacet
facet normal 0.8971627230442113 -0.44170017928442823 0.0
outer loop
vertex 59.85016124662362 26.599709392698166 1.7730000000000057
vertex 60.21145383793223 27.3335516237773 5.639932965095795e-15
vertex 60.21145383793223 27.3335516237773 1.7730000000000057
endloop
endfacet
facet normal -0.23989996213940587 0.9707976144210038 0.0
outer loop
vertex 82.17382343154725 29.119974686890554 1.7730000000000057
vertex 82.85449794621027 29.288180487843526 5.639932965095795e-15
vertex 82.17382343154725 29.119974686890554 5.639932965095795e-15
endloop
endfacet
facet normal -0.23989996213940587 0.9707976144210038 0.0
outer loop
vertex 82.85449794621027 29.288180487843526 5.639932965095795e-15
vertex 82.17382343154725 29.119974686890554 1.7730000000000057
vertex 82.85449794621027 29.288180487843526 1.7730000000000057
endloop
endfacet
facet normal -0.909173752098256 -0.4164169647067457 0.0
outer loop
vertex 81.43925420551643 27.84015803820586 1.7730000000000057
vertex 81.70863697748906 27.333551623777293 5.639932965095795e-15
vertex 81.70863697748906 27.333551623777293 1.7730000000000057
endloop
endfacet
facet normal -0.8901580801247234 -0.4556518324210565 0.0
outer loop
vertex 81.70863697748906 27.333551623777293 5.639932965095795e-15
vertex 81.43925420551643 27.84015803820586 1.7730000000000057
vertex 81.43925420551643 27.84015803820586 5.639932965095795e-15
endloop
endfacet
facet normal 0.5113896690732732 -0.8593489433083211 0.0
outer loop
vertex 82.4623429487044 26.822550312212872 1.7730000000000057
vertex 82.06992956879768 26.59970939269816 5.639932965095795e-15
vertex 82.4623429487044 26.822550312212872 5.639932965095795e-15
endloop
endfacet
facet normal 0.49380631701900635 -0.8695719184013044 0.0
outer loop
vertex 82.06992956879768 26.59970939269816 5.639932965095795e-15
vertex 82.4623429487044 26.822550312212872 1.7730000000000057
vertex 82.06992956879768 26.59970939269816 1.7730000000000057
endloop
endfacet
facet normal 0.5808591648713263 -0.8140040728307112 0.0
outer loop
vertex 82.75153121384157 27.00270692340029 1.7730000000000057
vertex 82.4623429487044 26.822550312212872 5.639932965095795e-15
vertex 82.75153121384157 27.00270692340029 5.639932965095795e-15
endloop
endfacet
facet normal 0.5113896690732732 -0.8593489433083211 0.0
outer loop
vertex 82.4623429487044 26.822550312212872 5.639932965095795e-15
vertex 82.75153121384157 27.00270692340029 1.7730000000000057
vertex 82.4623429487044 26.822550312212872 1.7730000000000057
endloop
endfacet
facet normal -0.9322239934526322 -0.36188178460821535 0.0
outer loop
vertex 81.13849597455935 28.614924967771284 1.7730000000000057
vertex 81.43925420551643 27.84015803820586 5.639932965095795e-15
vertex 81.43925420551643 27.84015803820586 1.7730000000000057
endloop
endfacet
facet normal -0.909173752098256 -0.4164169647067457 0.0
outer loop
vertex 81.43925420551643 27.84015803820586 5.639932965095795e-15
vertex 81.13849597455935 28.614924967771284 1.7730000000000057
vertex 81.13849597455935 28.614924967771284 5.639932965095795e-15
endloop
endfacet
facet normal 0.5423242835677404 0.8401692516706007 0.0
outer loop
vertex 82.85449794621027 29.288180487843526 1.7730000000000057
vertex 82.9845434327356 29.204236895322342 5.639932965095795e-15
vertex 82.85449794621027 29.288180487843526 5.639932965095795e-15
endloop
endfacet
facet normal 0.5423242835677404 0.8401692516706007 0.0
outer loop
vertex 82.9845434327356 29.204236895322342 5.639932965095795e-15
vertex 82.85449794621027 29.288180487843526 1.7730000000000057
vertex 82.9845434327356 29.204236895322342 1.7730000000000057
endloop
endfacet
facet normal -0.23989996213925563 0.9707976144210408 0.0
outer loop
vertex 81.35610037932769 28.917901951694493 1.7730000000000057
vertex 82.17382343154725 29.119974686890554 5.639932965095795e-15
vertex 81.35610037932769 28.917901951694493 5.639932965095795e-15
endloop
endfacet
facet normal -0.23989996213925563 0.9707976144210408 0.0
outer loop
vertex 82.17382343154725 29.119974686890554 5.639932965095795e-15
vertex 81.35610037932769 28.917901951694493 1.7730000000000057
vertex 82.17382343154725 29.119974686890554 1.7730000000000057
endloop
endfacet
facet normal 0.0 0.0 1.0
outer loop
vertex 58.5112354343536 28.002642185600124 1.7730000000000057
vertex 58.71622215670995 28.74559561379009 1.7730000000000057
vertex 58.49689692285431 28.286954315779596 1.7730000000000057
endloop
endfacet
facet normal 0.0 0.0 1.0
outer loop
vertex 58.71622215670995 28.74559561379009 1.7730000000000057
vertex 58.5112354343536 28.002642185600124 1.7730000000000057
vertex 58.653934367598936 27.64014685736024 1.7730000000000057
endloop
endfacet
facet normal 0.0 0.0 1.0
outer loop
vertex 58.71622215670995 28.74559561379009 1.7730000000000057
vertex 58.653934367598936 27.64014685736024 1.7730000000000057
vertex 58.79329396473934 27.376197600937893 1.7730000000000057
endloop
endfacet
facet normal 0.0 0.0 1.0
outer loop
vertex 58.71622215670995 28.74559561379009 1.7730000000000057
vertex 58.79329396473934 27.376197600937893 1.7730000000000057
vertex 58.93554738268569 29.20423689532235 1.7730000000000057
endloop
endfacet
facet normal 0.0 0.0 1.0
outer loop
vertex 58.93554738268569 29.20423689532235 1.7730000000000057
vertex 58.79329396473934 27.376197600937893 1.7730000000000057
vertex 58.95595533849337 27.175486821296506 1.7730000000000057
endloop
endfacet
facet normal 0.0 0.0 1.0
outer loop
vertex 58.93554738268569 29.20423689532235 1.7730000000000057
vertex 58.95595533849337 27.175486821296506 1.7730000000000057
vertex 59.06559286921102 29.288180487843533 1.7730000000000057
endloop
endfacet
facet normal 0.0 0.0 1.0
outer loop
vertex 59.06559286921102 29.288180487843533 1.7730000000000057
vertex 58.95595533849337 27.175486821296506 1.7730000000000057
vertex 59.16855960157972 27.002706923400297 1.7730000000000057
endloop
endfacet
facet normal 0.0 0.0 1.0
outer loop
vertex 59.06559286921102 29.288180487843533 1.7730000000000057
vertex 59.16855960157972 27.002706923400297 1.7730000000000057
vertex 59.746267383874056 29.119974686890558 1.7730000000000057
endloop
endfacet
facet normal 0.0 0.0 1.0
outer loop
vertex 59.746267383874056 29.119974686890558 1.7730000000000057
vertex 59.16855960157972 27.002706923400297 1.7730000000000057
vertex 59.45774786671689 26.82255031221288 1.7730000000000057
endloop
endfacet
facet normal 0.0 0.0 1.0
outer loop
vertex 59.746267383874056 29.119974686890558 1.7730000000000057
vertex 59.45774786671689 26.82255031221288 1.7730000000000057
vertex 59.85016124662362 26.599709392698166 1.7730000000000057
endloop
endfacet
facet normal 0.0 0.0 1.0
outer loop
vertex 59.746267383874056 29.119974686890558 1.7730000000000057
vertex 59.85016124662362 26.599709392698166 1.7730000000000057
vertex 60.56399043609361 28.9179019516945 1.7730000000000057
endloop
endfacet
facet normal 0.0 0.0 1.0
outer loop
vertex 60.56399043609361 28.9179019516945 1.7730000000000057
vertex 59.85016124662362 26.599709392698166 1.7730000000000057
vertex 60.21145383793223 27.3335516237773 1.7730000000000057
endloop
endfacet
facet normal 0.0 0.0 1.0
outer loop
vertex 60.56399043609361 28.9179019516945 1.7730000000000057
vertex 60.21145383793223 27.3335516237773 1.7730000000000057
vertex 60.48083660990486 27.840158038205864 1.7730000000000057
endloop
endfacet
facet normal 0.0 0.0 1.0
outer loop
vertex 60.56399043609361 28.9179019516945 1.7730000000000057
vertex 60.48083660990486 27.840158038205864 1.7730000000000057
vertex 60.78159484086195 28.61492496777129 1.7730000000000057
endloop
endfacet
facet normal -0.5808591648713263 -0.8140040728307112 0.0
outer loop
vertex 59.16855960157972 27.002706923400297 1.7730000000000057
vertex 58.95595533849337 27.175486821296506 5.639932965095795e-15
vertex 59.16855960157972 27.002706923400297 5.639932965095795e-15
endloop
endfacet
facet normal -0.7075876015400988 -0.7066256336609439 0.0
outer loop
vertex 58.95595533849337 27.175486821296506 5.639932965095795e-15
vertex 59.16855960157972 27.002706923400297 1.7730000000000057
vertex 58.95595533849337 27.175486821296506 1.7730000000000057
endloop
endfacet
facet normal -0.5113896690732732 -0.8593489433083211 0.0
outer loop
vertex 59.45774786671689 26.82255031221288 1.7730000000000057
vertex 59.16855960157972 27.002706923400297 5.639932965095795e-15
vertex 59.45774786671689 26.82255031221288 5.639932965095795e-15
endloop
endfacet
facet normal -0.5808591648713263 -0.8140040728307112 0.0
outer loop
vertex 59.16855960157972 27.002706923400297 5.639932965095795e-15
vertex 59.45774786671689 26.82255031221288 1.7730000000000057
vertex 59.16855960157972 27.002706923400297 1.7730000000000057
endloop
endfacet
facet normal -0.49380631701900635 -0.8695719184013044 0.0
outer loop
vertex 59.85016124662362 26.599709392698166 1.7730000000000057
vertex 59.45774786671689 26.82255031221288 5.639932965095795e-15
vertex 59.85016124662362 26.599709392698166 5.639932965095795e-15
endloop
endfacet
facet normal -0.5113896690732732 -0.8593489433083211 0.0
outer loop
vertex 59.45774786671689 26.82255031221288 5.639932965095795e-15
vertex 59.85016124662362 26.599709392698166 1.7730000000000057
vertex 59.45774786671689 26.82255031221288 1.7730000000000057
endloop
endfacet
facet normal -0.8901580801247234 -0.4556518324210565 0.0
outer loop
vertex 81.70863697748906 27.333551623777293 1.7730000000000057
vertex 82.06992956879768 26.59970939269816 5.639932965095795e-15
vertex 82.06992956879768 26.59970939269816 1.7730000000000057
endloop
endfacet
facet normal -0.8971627230442113 -0.44170017928442823 0.0
outer loop
vertex 82.06992956879768 26.59970939269816 5.639932965095795e-15
vertex 81.70863697748906 27.333551623777293 1.7730000000000057
vertex 81.70863697748906 27.333551623777293 5.639932965095795e-15
endloop
endfacet
facet normal 0.9021533246639123 0.4314155523365493 0.0
outer loop
vertex 83.20386865871134 28.745595613790083 5.639932965095795e-15
vertex 83.42319389256699 28.28695431577959 1.7730000000000057
vertex 83.42319389256699 28.28695431577959 5.639932965095795e-15
endloop
endfacet
facet normal 0.9021533246639123 0.4314155523365493 0.0
outer loop
vertex 83.42319389256699 28.28695431577959 1.7730000000000057
vertex 83.20386865871134 28.745595613790083 5.639932965095795e-15
vertex 83.20386865871134 28.745595613790083 1.7730000000000057
endloop
endfacet
facet normal -0.8122189838795604 0.5833526568257442 0.0
outer loop
vertex 81.35610037932769 28.917901951694493 1.7730000000000057
vertex 81.13849597455935 28.614924967771284 5.639932965095795e-15
vertex 81.13849597455935 28.614924967771284 1.7730000000000057
endloop
endfacet
facet normal -0.8122189838795604 0.5833526568257442 0.0
outer loop
vertex 81.13849597455935 28.614924967771284 5.639932965095795e-15
vertex 81.35610037932769 28.917901951694493 1.7730000000000057
vertex 81.35610037932769 28.917901951694493 5.639932965095795e-15
endloop
endfacet
facet normal 0.9021533246638272 0.4314155523367266 0.0
outer loop
vertex 82.9845434327356 29.204236895322342 5.639932965095795e-15
vertex 83.20386865871134 28.745595613790083 1.7730000000000057
vertex 83.20386865871134 28.745595613790083 5.639932965095795e-15
endloop
endfacet
facet normal 0.9021533246638272 0.4314155523367266 0.0
outer loop
vertex 83.20386865871134 28.745595613790083 1.7730000000000057
vertex 82.9845434327356 29.204236895322342 5.639932965095795e-15
vertex 82.9845434327356 29.204236895322342 1.7730000000000057
endloop
endfacet
facet normal -0.9774627986214909 -0.21110773863372 0.0
outer loop
vertex 58.5112354343536 28.002642185600124 1.7730000000000057
vertex 58.653934367598936 27.64014685736024 5.639932965095795e-15
vertex 58.653934367598936 27.64014685736024 1.7730000000000057
endloop
endfacet
facet normal -0.9087977043570384 -0.41723702203349244 0.0
outer loop
vertex 58.653934367598936 27.64014685736024 5.639932965095795e-15
vertex 58.5112354343536 28.002642185600124 1.7730000000000057
vertex 58.5112354343536 28.002642185600124 5.639932965095795e-15
endloop
endfacet
facet normal -0.5423242835677404 0.8401692516706007 0.0
outer loop
vertex 58.93554738268569 29.20423689532235 1.7730000000000057
vertex 59.06559286921102 29.288180487843533 5.639932965095795e-15
vertex 58.93554738268569 29.20423689532235 5.639932965095795e-15
endloop
endfacet
facet normal -0.5423242835677404 0.8401692516706007 0.0
outer loop
vertex 59.06559286921102 29.288180487843533 5.639932965095795e-15
vertex 58.93554738268569 29.20423689532235 1.7730000000000057
vertex 59.06559286921102 29.288180487843533 1.7730000000000057
endloop
endfacet
facet normal 0.8122189838795604 0.5833526568257442 0.0
outer loop
vertex 60.56399043609361 28.9179019516945 5.639932965095795e-15
vertex 60.78159484086195 28.61492496777129 1.7730000000000057
vertex 60.78159484086195 28.61492496777129 5.639932965095795e-15
endloop
endfacet
facet normal 0.8122189838795604 0.5833526568257442 0.0
outer loop
vertex 60.78159484086195 28.61492496777129 1.7730000000000057
vertex 60.56399043609361 28.9179019516945 5.639932965095795e-15
vertex 60.56399043609361 28.9179019516945 1.7730000000000057
endloop
endfacet
facet normal -0.9021533246638272 0.4314155523367266 0.0
outer loop
vertex 58.93554738268569 29.20423689532235 1.7730000000000057
vertex 58.71622215670995 28.74559561379009 5.639932965095795e-15
vertex 58.71622215670995 28.74559561379009 1.7730000000000057
endloop
endfacet
facet normal -0.9021533246638272 0.4314155523367266 0.0
outer loop
vertex 58.71622215670995 28.74559561379009 5.639932965095795e-15
vertex 58.93554738268569 29.20423689532235 1.7730000000000057
vertex 58.93554738268569 29.20423689532235 5.639932965095795e-15
endloop
endfacet
facet normal 0.23989996213940587 0.9707976144210038 0.0
outer loop
vertex 59.06559286921102 29.288180487843533 1.7730000000000057
vertex 59.746267383874056 29.119974686890558 5.639932965095795e-15
vertex 59.06559286921102 29.288180487843533 5.639932965095795e-15
endloop
endfacet
facet normal 0.23989996213940587 0.9707976144210038 0.0
outer loop
vertex 59.746267383874056 29.119974686890558 5.639932965095795e-15
vertex 59.06559286921102 29.288180487843533 1.7730000000000057
vertex 59.746267383874056 29.119974686890558 1.7730000000000057
endloop
endfacet
facet normal -0.9987307128471563 -0.05036827588682444 0.0
outer loop
vertex 58.49689692285431 28.286954315779596 1.7730000000000057
vertex 58.5112354343536 28.002642185600124 5.639932965095795e-15
vertex 58.5112354343536 28.002642185600124 1.7730000000000057
endloop
endfacet
facet normal -0.9774627986214909 -0.21110773863372 0.0
outer loop
vertex 58.5112354343536 28.002642185600124 5.639932965095795e-15
vertex 58.49689692285431 28.286954315779596 1.7730000000000057
vertex 58.49689692285431 28.286954315779596 5.639932965095795e-15
endloop
endfacet
facet normal 0.23989996213925563 0.9707976144210408 0.0
outer loop
vertex 59.746267383874056 29.119974686890558 1.7730000000000057
vertex 60.56399043609361 28.9179019516945 5.639932965095795e-15
vertex 59.746267383874056 29.119974686890558 5.639932965095795e-15
endloop
endfacet
facet normal 0.23989996213925563 0.9707976144210408 0.0
outer loop
vertex 60.56399043609361 28.9179019516945 5.639932965095795e-15
vertex 59.746267383874056 29.119974686890558 1.7730000000000057
vertex 60.56399043609361 28.9179019516945 1.7730000000000057
endloop
endfacet
facet normal -0.8345819527751313 -0.5508838027225423 0.0
outer loop
vertex 58.79329396473934 27.376197600937893 1.7730000000000057
vertex 58.95595533849337 27.175486821296506 5.639932965095795e-15
vertex 58.95595533849337 27.175486821296506 1.7730000000000057
endloop
endfacet
facet normal -0.7075876015400988 -0.7066256336609439 0.0
outer loop
vertex 58.95595533849337 27.175486821296506 5.639932965095795e-15
vertex 58.79329396473934 27.376197600937893 1.7730000000000057
vertex 58.79329396473934 27.376197600937893 5.639932965095795e-15
endloop
endfacet
facet normal -0.9087977043570384 -0.41723702203349244 0.0
outer loop
vertex 58.653934367598936 27.64014685736024 1.7730000000000057
vertex 58.79329396473934 27.376197600937893 5.639932965095795e-15
vertex 58.79329396473934 27.376197600937893 1.7730000000000057
endloop
endfacet
facet normal -0.8345819527751313 -0.5508838027225423 0.0
outer loop
vertex 58.79329396473934 27.376197600937893 5.639932965095795e-15
vertex 58.653934367598936 27.64014685736024 1.7730000000000057
vertex 58.653934367598936 27.64014685736024 5.639932965095795e-15
endloop
endfacet
facet normal 0.909173752098256 -0.4164169647067457 0.0
outer loop
vertex 60.48083660990486 27.840158038205864 5.639932965095795e-15
vertex 60.21145383793223 27.3335516237773 1.7730000000000057
vertex 60.21145383793223 27.3335516237773 5.639932965095795e-15
endloop
endfacet
facet normal 0.8901580801247234 -0.4556518324210565 0.0
outer loop
vertex 60.21145383793223 27.3335516237773 1.7730000000000057
vertex 60.48083660990486 27.840158038205864 5.639932965095795e-15
vertex 60.48083660990486 27.840158038205864 1.7730000000000057
endloop
endfacet
facet normal 0.9322239934526322 -0.36188178460821535 0.0
outer loop
vertex 60.78159484086195 28.61492496777129 5.639932965095795e-15
vertex 60.48083660990486 27.840158038205864 1.7730000000000057
vertex 60.48083660990486 27.840158038205864 5.639932965095795e-15
endloop
endfacet
facet normal 0.909173752098256 -0.4164169647067457 0.0
outer loop
vertex 60.48083660990486 27.840158038205864 1.7730000000000057
vertex 60.78159484086195 28.61492496777129 5.639932965095795e-15
vertex 60.78159484086195 28.61492496777129 1.7730000000000057
endloop
endfacet
facet normal -0.9021533246639123 0.4314155523365493 0.0
outer loop
vertex 58.71622215670995 28.74559561379009 1.7730000000000057
vertex 58.49689692285431 28.286954315779596 5.639932965095795e-15
vertex 58.49689692285431 28.286954315779596 1.7730000000000057
endloop
endfacet
facet normal -0.9021533246639123 0.4314155523365493 0.0
outer loop
vertex 58.49689692285431 28.286954315779596 5.639932965095795e-15
vertex 58.71622215670995 28.74559561379009 1.7730000000000057
vertex 58.71622215670995 28.74559561379009 5.639932965095795e-15
endloop
endfacet
facet normal 0.9864397651012364 -0.1641237028189947 -1.3835705565260851e-18
outer loop
vertex 63.99563472449436 33.813209786044965 5.639932965095795e-15
vertex 63.62274689201818 32.01264158700799 1.7730000000000057
vertex 63.62274689201818 32.01264158700799 5.639932965095795e-15
endloop
endfacet
facet normal 0.975879929493786 -0.2183079549883689 -1.8403463582005676e-18
outer loop
vertex 63.62274689201818 32.01264158700799 1.7730000000000057
vertex 63.99563472449436 33.813209786044965 5.639932965095795e-15
vertex 63.99563472449436 33.813209786044965 1.7730000000000057
endloop
endfacet
facet normal 0.9950135453910984 -0.09973988413988057 -8.408119280580284e-19
outer loop
vertex 64.19287190338187 35.37616611132417 5.639932965095795e-15
vertex 63.99563472449436 33.813209786044965 1.7730000000000057
vertex 63.99563472449436 33.813209786044965 5.639932965095795e-15
endloop
endfacet
facet normal 0.9864397651012364 -0.1641237028189947 -1.3835705565260851e-18
outer loop
vertex 63.99563472449436 33.813209786044965 1.7730000000000057
vertex 64.19287190338187 35.37616611132417 5.639932965095795e-15
vertex 64.19287190338187 35.37616611132417 1.7730000000000057
endloop
endfacet
facet normal 0.855591947509179 -0.517650866277118 -4.363821220455383e-18
outer loop
vertex 58.220341929895824 20.67643612691511 5.639932965095795e-15
vertex 58.10048571225419 20.481387026572236 1.7730000000000057
vertex 58.10048571225419 20.481387026572236 5.639932965095795e-15
endloop
endfacet
facet normal 0.8451395656660974 -0.5345457085654326 -4.5062455378804136e-18
outer loop
vertex 58.10048571225419 20.481387026572236 1.7730000000000057
vertex 58.220341929895824 20.67643612691511 5.639932965095795e-15
vertex 58.220341929895824 20.67643612691511 1.7730000000000057
endloop
endfacet
facet normal -0.10100446303505442 -0.9948859725853011 -8.3869356779497e-18
outer loop
vertex 59.85370392543417 21.857103764508807 1.7730000000000057
vertex 59.598981619288935 21.883584331604442 5.639932965095795e-15
vertex 59.85370392543417 21.857103764508807 5.639932965095795e-15
endloop
endfacet
facet normal -0.10865869408926011 -0.9940791156637466 -8.380133836041325e-18
outer loop
vertex 59.598981619288935 21.883584331604442 5.639932965095795e-15
vertex 59.85370392543417 21.857103764508807 1.7730000000000057
vertex 59.598981619288935 21.883584331604442 1.7730000000000057
endloop
endfacet
facet normal -0.08910290447100634 -0.9960224256585948 -8.396516030964382e-18
outer loop
vertex 60.760073370446406 21.766516827966118 1.7730000000000057
vertex 60.433970652383785 21.79972149805118 5.639932965095795e-15
vertex 60.760073370446406 21.766516827966118 5.639932965095795e-15
endloop
endfacet
facet normal -0.09976332459794943 -0.995011195447149 -8.387991312581877e-18
outer loop
vertex 60.433970652383785 21.79972149805118 5.639932965095795e-15
vertex 60.760073370446406 21.766516827966118 1.7730000000000057
vertex 60.433970652383785 21.79972149805118 1.7730000000000057
endloop
endfacet
facet normal 0.9842192085694751 -0.17695352351076904 -1.4917265501440512e-18
outer loop
vertex 61.710525250504055 23.607464771973607 5.639932965095795e-15
vertex 61.4723301511055 22.924817962528966 1.7730000000000057
vertex 61.4723301511055 22.924817962528966 5.639932965095795e-15
endloop
endfacet
facet normal 0.9441732984272757 -0.3294492108610349 -2.7772723877719393e-18
outer loop
vertex 61.4723301511055 22.924817962528966 1.7730000000000057
vertex 61.710525250504055 23.607464771973607 5.639932965095795e-15
vertex 61.710525250504055 23.607464771973607 1.7730000000000057
endloop
endfacet
facet normal 0.9959213699308925 -0.09022541169190854 -7.606044765212403e-19
outer loop
vertex 64.3260701757257 37.10304125098845 5.639932965095795e-15
vertex 64.31009645850659 36.92672100996731 1.7730000000000057
vertex 64.31009645850659 36.92672100996731 5.639932965095795e-15
endloop
endfacet
facet normal 0.9959213699308925 -0.09022541169190854 -7.606044765212403e-19
outer loop
vertex 64.31009645850659 36.92672100996731 1.7730000000000057
vertex 64.3260701757257 37.10304125098845 5.639932965095795e-15
vertex 64.3260701757257 37.10304125098845 1.7730000000000057
endloop
endfacet
facet normal 0.8451395656660974 -0.5345457085654326 -4.5062455378804136e-18
outer loop
vertex 58.10048571225419 20.481387026572236 5.639932965095795e-15
vertex 57.54304134074443 19.62482543763519 1.7730000000000057
vertex 57.54304134074443 19.62482543763519 5.639932965095795e-15
endloop
endfacet
facet normal 0.8278289649543366 -0.5609805743362526 -4.7290927032685985e-18
outer loop
vertex 57.54304134074443 19.62482543763519 1.7730000000000057
vertex 58.10048571225419 20.481387026572236 5.639932965095795e-15
vertex 58.10048571225419 20.481387026572236 1.7730000000000057
endloop
endfacet
facet normal 0.9441732984272792 -0.3294492108610249 -2.7772723877718553e-18
outer loop
vertex 61.4723301511055 22.924817962528966 5.639932965095795e-15
vertex 61.207404829097264 22.165564618246577 1.7730000000000057
vertex 61.207404829097264 22.165564618246577 5.639932965095795e-15
endloop
endfacet
facet normal 0.9441732984272792 -0.3294492108610249 -2.7772723877718553e-18
outer loop
vertex 61.207404829097264 22.165564618246577 1.7730000000000057
vertex 61.4723301511055 22.924817962528966 5.639932965095795e-15
vertex 61.4723301511055 22.924817962528966 1.7730000000000057
endloop
endfacet
facet normal 0.9958148758857978 -0.0913932873057606 -7.704497230350395e-19
outer loop
vertex 61.72320893162821 24.239655709091984 5.639932965095795e-15
vertex 61.710525250504055 23.607464771973607 1.7730000000000057
vertex 61.710525250504055 23.607464771973607 5.639932965095795e-15
endloop
endfacet
facet normal 0.9842192085694751 -0.17695352351076904 -1.4917265501440512e-18
outer loop
vertex 61.710525250504055 23.607464771973607 1.7730000000000057
vertex 61.72320893162821 24.239655709091984 5.639932965095795e-15
vertex 61.72320893162821 24.239655709091984 1.7730000000000057
endloop
endfacet
facet normal -0.12292927093169052 -0.9924154343560982 -8.366108924141526e-18
outer loop
vertex 59.36749448652483 21.910126501760146 1.7730000000000057
vertex 59.15896337851267 21.937881760337525 5.639932965095795e-15
vertex 59.36749448652483 21.910126501760146 5.639932965095795e-15
endloop
endfacet
facet normal -0.1459695603542791 -0.9892890818410859 -8.33975362496903e-18
outer loop
vertex 59.15896337851267 21.937881760337525 5.639932965095795e-15
vertex 59.36749448652483 21.910126501760146 1.7730000000000057
vertex 59.15896337851267 21.937881760337525 1.7730000000000057
endloop
endfacet
facet normal 0.8278289649543366 -0.5609805743362526 -4.7290927032685985e-18
outer loop
vertex 57.54304134074443 19.62482543763519 5.639932965095795e-15
vertex 56.952156028944906 18.786927483918237 1.7730000000000057
vertex 56.952156028944906 18.786927483918237 5.639932965095795e-15
endloop
endfacet
facet normal 0.8081835738354751 -0.5889306504016574 -4.964713162913037e-18
outer loop
vertex 56.952156028944906 18.786927483918237 1.7730000000000057
vertex 57.54304134074443 19.62482543763519 5.639932965095795e-15
vertex 57.54304134074443 19.62482543763519 1.7730000000000057
endloop
endfacet
facet normal -0.09841723519675755 -0.9951452395586416 -8.389121310764657e-18
outer loop
vertex 60.13194055358944 21.82953331511153 1.7730000000000057
vertex 59.85370392543417 21.857103764508807 5.639932965095795e-15
vertex 60.13194055358944 21.82953331511153 5.639932965095795e-15
endloop
endfacet
facet normal -0.10100446303505442 -0.9948859725853011 -8.3869356779497e-18
outer loop
vertex 59.85370392543417 21.857103764508807 5.639932965095795e-15
vertex 60.13194055358944 21.82953331511153 1.7730000000000057
vertex 59.85370392543417 21.857103764508807 1.7730000000000057
endloop
endfacet
facet normal -0.10865869408926011 -0.9940791156637466 -8.380133836041325e-18
outer loop
vertex 59.598981619288935 21.883584331604442 1.7730000000000057
vertex 59.36749448652483 21.910126501760146 5.639932965095795e-15
vertex 59.598981619288935 21.883584331604442 5.639932965095795e-15
endloop
endfacet
facet normal -0.12292927093169052 -0.9924154343560982 -8.366108924141526e-18
outer loop
vertex 59.36749448652483 21.910126501760146 5.639932965095795e-15
vertex 59.598981619288935 21.883584331604442 1.7730000000000057
vertex 59.36749448652483 21.910126501760146 1.7730000000000057
endloop
endfacet
facet normal 0.975879929493786 -0.2183079549883689 -1.8403463582005676e-18
outer loop
vertex 63.62274689201818 32.01264158700799 5.639932965095795e-15
vertex 63.15956423201092 30.086175483227127 1.7730000000000057
vertex 63.15956423201092 30.086175483227127 5.639932965095795e-15
endloop
endfacet
facet normal 0.9645856544826316 -0.2637698147368525 -2.223591980329199e-18
outer loop
vertex 63.15956423201092 30.086175483227127 1.7730000000000057
vertex 63.62274689201818 32.01264158700799 5.639932965095795e-15
vertex 63.62274689201818 32.01264158700799 1.7730000000000057
endloop
endfacet
facet normal 0.9535703767030658 -0.30117027853753 -2.5388796543594748e-18
outer loop
vertex 58.97310914662365 21.968001592698027 5.639932965095795e-15
vertex 58.95904294414443 21.923464946977123 1.7730000000000057
vertex 58.95904294414443 21.923464946977123 5.639932965095795e-15
endloop
endfacet
facet normal 0.9268958291021039 -0.37531869390309325 -3.1639542934931133e-18
outer loop
vertex 58.95904294414443 21.923464946977123 1.7730000000000057
vertex 58.97310914662365 21.968001592698027 5.639932965095795e-15
vertex 58.97310914662365 21.968001592698027 1.7730000000000057
endloop
endfacet
facet normal 0.9441732984272516 -0.329449210861104 -2.7772723877725225e-18
outer loop
vertex 61.207404829097264 22.165564618246577 5.639932965095795e-15
vertex 61.060092073463466 21.743378843317483 1.7730000000000057
vertex 61.060092073463466 21.743378843317483 5.639932965095795e-15
endloop
endfacet
facet normal 0.9441732984272516 -0.329449210861104 -2.7772723877725225e-18
outer loop
vertex 61.060092073463466 21.743378843317483 1.7730000000000057
vertex 61.207404829097264 22.165564618246577 5.639932965095795e-15
vertex 61.207404829097264 22.165564618246577 1.7730000000000057
endloop
endfacet
facet normal 0.9966140782406074 -0.08222152426599995 -6.93131327975174e-19
outer loop
vertex 64.29981425473824 36.813224531859326 5.639932965095795e-15
vertex 64.19287190338187 35.37616611132417 1.7730000000000057
vertex 64.19287190338187 35.37616611132417 5.639932965095795e-15
endloop
endfacet
facet normal 0.9950135453910984 -0.09973988413988057 -8.408119280580284e-19
outer loop
vertex 64.19287190338187 35.37616611132417 1.7730000000000057
vertex 64.29981425473824 36.813224531859326 5.639932965095795e-15
vertex 64.29981425473824 36.813224531859326 1.7730000000000057
endloop
endfacet
facet normal 0.8591406414207645 -0.5117395414262195 -4.313988473123426e-18
outer loop
vertex 58.54899721474527 21.22820665280162 5.639932965095795e-15
vertex 58.307150849309345 20.82217970998064 1.7730000000000057
vertex 58.307150849309345 20.82217970998064 5.639932965095795e-15
endloop
endfacet
facet normal 0.8591431809217428 -0.511735277927631 -4.313952531629214e-18
outer loop
vertex 58.307150849309345 20.82217970998064 1.7730000000000057
vertex 58.54899721474527 21.22820665280162 5.639932965095795e-15
vertex 58.54899721474527 21.22820665280162 1.7730000000000057
endloop
endfacet
facet normal 0.8591431809217428 -0.511735277927631 -4.313952531629214e-18
outer loop
vertex 58.307150849309345 20.82217970998064 5.639932965095795e-15
vertex 58.220341929895824 20.67643612691511 1.7730000000000057
vertex 58.220341929895824 20.67643612691511 5.639932965095795e-15
endloop
endfacet
facet normal 0.855591947509179 -0.517650866277118 -4.363821220455383e-18
outer loop
vertex 58.220341929895824 20.67643612691511 1.7730000000000057
vertex 58.307150849309345 20.82217970998064 5.639932965095795e-15
vertex 58.307150849309345 20.82217970998064 1.7730000000000057
endloop
endfacet
facet normal 0.9735653483409036 -0.22840865244087186 -1.9254957141779523e-18
outer loop
vertex 62.13692090500912 26.75553626715602 5.639932965095795e-15
vertex 61.72320893162821 24.239655709091984 1.7730000000000057
vertex 61.72320893162821 24.239655709091984 5.639932965095795e-15
endloop
endfacet
facet normal 0.9958148758857978 -0.0913932873057606 -7.704497230350395e-19
outer loop
vertex 61.72320893162821 24.239655709091984 1.7730000000000057
vertex 62.13692090500912 26.75553626715602 5.639932965095795e-15
vertex 62.13692090500912 26.75553626715602 1.7730000000000057
endloop
endfacet
facet normal 0.9959213699308804 -0.09022541169204282 -7.606044765223723e-19
outer loop
vertex 64.31009645850659 36.92672100996731 5.639932965095795e-15
vertex 64.29981425473824 36.813224531859326 1.7730000000000057
vertex 64.29981425473824 36.813224531859326 5.639932965095795e-15
endloop
endfacet
facet normal 0.9966140782406074 -0.08222152426599995 -6.93131327975174e-19
outer loop
vertex 64.29981425473824 36.813224531859326 1.7730000000000057
vertex 64.31009645850659 36.92672100996731 5.639932965095795e-15
vertex 64.31009645850659 36.92672100996731 1.7730000000000057
endloop
endfacet
facet normal 0.9268958291021039 -0.37531869390309325 -3.1639542934931133e-18
outer loop
vertex 58.95904294414443 21.923464946977123 5.639932965095795e-15
vertex 58.937748375731836 21.880866638528527 1.7730000000000057
vertex 58.937748375731836 21.880866638528527 5.639932965095795e-15
endloop
endfacet
facet normal 0.8773979656754783 -0.47976328520274675 -4.044427124830408e-18
outer loop
vertex 58.937748375731836 21.880866638528527 1.7730000000000057
vertex 58.95904294414443 21.923464946977123 5.639932965095795e-15
vertex 58.95904294414443 21.923464946977123 1.7730000000000057
endloop
endfacet
facet normal 0.791008440485674 -0.6118052362316148 -5.157547000460327e-18
outer loop
vertex 56.33611111983383 17.968542187681646 5.639932965095795e-15
vertex 55.65646819257119 17.11317819270437 1.7730000000000057
vertex 55.65646819257119 17.11317819270437 5.639932965095795e-15
endloop
endfacet
facet normal 0.774842952879166 -0.6321537774730881 -5.329086162972452e-18
outer loop
vertex 55.65646819257119 17.11317819270437 1.7730000000000057
vertex 56.33611111983383 17.968542187681646 5.639932965095795e-15
vertex 56.33611111983383 17.968542187681646 1.7730000000000057
endloop
endfacet
facet normal -0.07689347400463106 -0.9970393139969452 -8.40508844762359e-18
outer loop
vertex 61.060092073463466 21.743378843317483 1.7730000000000057
vertex 60.760073370446406 21.766516827966118 5.639932965095795e-15
vertex 61.060092073463466 21.743378843317483 5.639932965095795e-15
endloop
endfacet
facet normal -0.08910290447100634 -0.9960224256585948 -8.396516030964382e-18
outer loop
vertex 60.760073370446406 21.766516827966118 5.639932965095795e-15
vertex 61.060092073463466 21.743378843317483 1.7730000000000057
vertex 60.760073370446406 21.766516827966118 1.7730000000000057
endloop
endfacet
facet normal 0.8591406414208497 -0.5117395414260766 -4.313988473122223e-18
outer loop
vertex 58.80666706194443 21.66079905553172 5.639932965095795e-15
vertex 58.54899721474527 21.22820665280162 1.7730000000000057
vertex 58.54899721474527 21.22820665280162 5.639932965095795e-15
endloop
endfacet
facet normal 0.8591406414208497 -0.5117395414260766 -4.313988473122223e-18
outer loop
vertex 58.54899721474527 21.22820665280162 1.7730000000000057
vertex 58.80666706194443 21.66079905553172 5.639932965095795e-15
vertex 58.80666706194443 21.66079905553172 1.7730000000000057
endloop
endfacet
facet normal 0.8773979656754783 -0.47976328520274675 -4.044427124830408e-18
outer loop
vertex 58.937748375731836 21.880866638528527 5.639932965095795e-15
vertex 58.80666706194443 21.66079905553172 1.7730000000000057
vertex 58.80666706194443 21.66079905553172 5.639932965095795e-15
endloop
endfacet
facet normal 0.8591406414207248 -0.511739541426286 -4.313988473123988e-18
outer loop
vertex 58.80666706194443 21.66079905553172 1.7730000000000057
vertex 58.937748375731836 21.880866638528527 5.639932965095795e-15
vertex 58.937748375731836 21.880866638528527 1.7730000000000057
endloop
endfacet
facet normal 0.9645856544826316 -0.2637698147368525 -2.223591980329199e-18
outer loop
vertex 63.15956423201092 30.086175483227127 5.639932965095795e-15
vertex 62.13692090500912 26.75553626715602 1.7730000000000057
vertex 62.13692090500912 26.75553626715602 5.639932965095795e-15
endloop
endfacet
facet normal 0.9735653483409036 -0.22840865244087186 -1.9254957141779523e-18
outer loop
vertex 62.13692090500912 26.75553626715602 1.7730000000000057
vertex 63.15956423201092 30.086175483227127 5.639932965095795e-15
vertex 63.15956423201092 30.086175483227127 1.7730000000000057
endloop
endfacet
facet normal 0.774842952879166 -0.6321537774730881 -5.329086162972452e-18
outer loop
vertex 55.65646819257119 17.11317819270437 5.639932965095795e-15
vertex 54.843526014943194 16.142596735555454 1.7730000000000057
vertex 54.843526014943194 16.142596735555454 5.639932965095795e-15
endloop
endfacet
facet normal 0.7581300277185421 -0.6521034128659983 -5.4972625303646874e-18
outer loop
vertex 54.843526014943194 16.142596735555454 1.7730000000000057
vertex 55.65646819257119 17.11317819270437 5.639932965095795e-15
vertex 55.65646819257119 17.11317819270437 1.7730000000000057
endloop
endfacet
facet normal -0.1459695603542791 -0.9892890818410859 -8.33975362496903e-18
outer loop
vertex 59.15896337851267 21.937881760337525 1.7730000000000057
vertex 58.97310914662365 21.968001592698027 5.639932965095795e-15
vertex 59.15896337851267 21.937881760337525 5.639932965095795e-15
endloop
endfacet
facet normal -0.15997442479306886 -0.9871211594389652 -8.321477936857633e-18
outer loop
vertex 58.97310914662365 21.968001592698027 5.639932965095795e-15
vertex 59.15896337851267 21.937881760337525 1.7730000000000057
vertex 58.97310914662365 21.968001592698027 1.7730000000000057
endloop
endfacet
facet normal 0.8081835738354751 -0.5889306504016574 -4.964713162913037e-18
outer loop
vertex 56.952156028944906 18.786927483918237 5.639932965095795e-15
vertex 56.33611111983383 17.968542187681646 1.7730000000000057
vertex 56.33611111983383 17.968542187681646 5.639932965095795e-15
endloop
endfacet
facet normal 0.791008440485674 -0.6118052362316148 -5.157547000460327e-18
outer loop
vertex 56.33611111983383 17.968542187681646 1.7730000000000057
vertex 56.952156028944906 18.786927483918237 5.639932965095795e-15
vertex 56.952156028944906 18.786927483918237 1.7730000000000057
endloop
endfacet
facet normal -0.09976332459794943 -0.995011195447149 -8.387991312581877e-18
outer loop
vertex 60.433970652383785 21.79972149805118 1.7730000000000057
vertex 60.13194055358944 21.82953331511153 5.639932965095795e-15
vertex 60.433970652383785 21.79972149805118 5.639932965095795e-15
endloop
endfacet
facet normal -0.09841723519675755 -0.9951452395586416 -8.389121310764657e-18
outer loop
vertex 60.13194055358944 21.82953331511153 5.639932965095795e-15
vertex 60.433970652383785 21.79972149805118 1.7730000000000057
vertex 60.13194055358944 21.82953331511153 1.7730000000000057
endloop
endfacet
facet normal 0.28356258816122437 -0.9589537312067292 -8.084025188194247e-18
outer loop
vertex 89.10074093804714 48.61281011759283 1.7730000000000057
vertex 85.90438623999816 47.3486691189883 5.639932965095795e-15
vertex 89.10074093804714 48.61281011759283 5.639932965095795e-15
endloop
endfacet
facet normal 0.4608200257482232 -0.8874936077907305 -7.481612977002934e-18
outer loop
vertex 85.90438623999816 47.3486691189883 5.639932965095795e-15
vertex 89.10074093804714 48.61281011759283 1.7730000000000057
vertex 85.90438623999816 47.3486691189883 1.7730000000000057
endloop
endfacet
facet normal -0.20196944549201026 -0.9793918230655441 -8.256319266634688e-18
outer loop
vertex 120.13931785003479 50.15312779030437 1.7730000000000057
vertex 119.76422176579722 50.20861317219974 5.639932965095795e-15
vertex 120.13931785003479 50.15312779030437 5.639932965095795e-15
endloop
endfacet
facet normal -0.14633082939642492 -0.9892357092059276 -8.339303691137043e-18
outer loop
vertex 119.76422176579722 50.20861317219974 5.639932965095795e-15
vertex 120.13931785003479 50.15312779030437 1.7730000000000057
vertex 119.76422176579722 50.20861317219974 1.7730000000000057
endloop
endfacet
facet normal -0.6755737159013093 -0.7372924483427842 -6.215410117825136e-18
outer loop
vertex 130.63368538306344 45.08324432065973 1.7730000000000057
vertex 128.27331753683765 46.8413852363034 5.639932965095795e-15
vertex 130.63368538306344 45.08324432065973 5.639932965095795e-15
endloop
endfacet
facet normal -0.5453572945623211 -0.8382036872190829 -7.066096621564309e-18
outer loop
vertex 128.27331753683765 46.8413852363034 5.639932965095795e-15
vertex 130.63368538306344 45.08324432065973 1.7730000000000057
vertex 128.27331753683765 46.8413852363034 1.7730000000000057
endloop
endfacet
facet normal -0.08180846049468181 -0.9966480701789826 -8.401790243783084e-18
outer loop
vertex 115.50167278297126 50.70951945808198 1.7730000000000057
vertex 113.02956565656491 50.84655978291714 5.639932965095795e-15
vertex 115.50167278297126 50.70951945808198 5.639932965095795e-15
endloop
endfacet
facet normal -0.055349642881434416 -0.9984670335233395 -8.417124190577033e-18
outer loop
vertex 113.02956565656491 50.84655978291714 5.639932965095795e-15
vertex 115.50167278297126 50.70951945808198 1.7730000000000057
vertex 113.02956565656491 50.84655978291714 1.7730000000000057
endloop
endfacet
facet normal -0.6755737159013093 -0.7372924483427842 -6.215410117825136e-18
outer loop
vertex 130.63368538306344 45.08324432065973 1.7730000000000057
vertex 131.8023854047587 43.770762160124164 5.639932965095795e-15
vertex 131.8023854047587 43.770762160124164 1.7730000000000057
endloop
endfacet
facet normal -0.7856215493428642 -0.6187073469808789 -5.21573211965116e-18
outer loop
vertex 131.8023854047587 43.770762160124164 5.639932965095795e-15
vertex 130.63368538306344 45.08324432065973 1.7730000000000057
vertex 130.63368538306344 45.08324432065973 5.639932965095795e-15
endloop
endfacet
facet normal 0.9477984315188464 -0.31887008829680874 -2.6880898855352783e-18
outer loop
vertex 80.26505708288907 42.78195691844342 5.639932965095795e-15
vertex 78.84412065176765 38.55841457272399 1.7730000000000057
vertex 78.84412065176765 38.55841457272399 5.639932965095795e-15
endloop
endfacet
facet normal 0.9891858560260862 -0.14666745459691855 -1.2364135605977662e-18
outer loop
vertex 78.84412065176765 38.55841457272399 1.7730000000000057
vertex 80.26505708288907 42.78195691844342 5.639932965095795e-15
vertex 80.26505708288907 42.78195691844342 1.7730000000000057
endloop
endfacet
facet normal 0.9891858560260862 -0.14666745459691855 -1.2364135605977662e-18
outer loop
vertex 78.84412065176765 38.55841457272399 5.639932965095795e-15
vertex 78.98112343769931 34.014275981741974 1.7730000000000057
vertex 78.98112343769931 34.014275981741974 5.639932965095795e-15
endloop
endfacet
facet normal 0.9972375798039533 0.07427792018328237 6.2616637085578995e-19
outer loop
vertex 78.98112343769931 34.014275981741974 1.7730000000000057
vertex 78.84412065176765 38.55841457272399 5.639932965095795e-15
vertex 78.84412065176765 38.55841457272399 1.7730000000000057
endloop
endfacet
facet normal -0.14633082939630812 -0.9892357092059448 -8.339303691137189e-18
outer loop
vertex 119.76422176579722 50.20861317219974 1.7730000000000057
vertex 118.81903172068144 50.34842862968049 5.639932965095795e-15
vertex 119.76422176579722 50.20861317219974 5.639932965095795e-15
endloop
endfacet
facet normal -0.12729378885316986 -0.9918650570109852 -8.361469217160766e-18
outer loop
vertex 118.81903172068144 50.34842862968049 5.639932965095795e-15
vertex 119.76422176579722 50.20861317219974 1.7730000000000057
vertex 118.81903172068144 50.34842862968049 1.7730000000000057
endloop
endfacet
facet normal 0.3959353196836639 -0.9182784014812692 -7.741130239941691e-18
outer loop
vertex 66.88936652434978 42.09607361558869 1.7730000000000057
vertex 65.69767175494724 41.406468369010284 5.639932965095795e-15
vertex 66.88936652434978 42.09607361558869 5.639932965095795e-15
endloop
endfacet
facet normal 0.500860391904101 -0.8655280860963844 -7.296442592999663e-18
outer loop
vertex 65.69767175494724 41.406468369010284 5.639932965095795e-15
vertex 66.88936652434978 42.09607361558869 1.7730000000000057
vertex 65.69767175494724 41.406468369010284 1.7730000000000057
endloop
endfacet
facet normal -0.7856215493428642 -0.6187073469808789 -5.21573211965116e-18
outer loop
vertex 131.8023854047587 43.770762160124164 1.7730000000000057
vertex 132.8043552177964 42.326973513474 5.639932965095795e-15
vertex 132.8043552177964 42.326973513474 1.7730000000000057
endloop
endfacet
facet normal -0.8544728698844639 -0.5194960198417389 -4.37937595204156e-18
outer loop
vertex 132.8043552177964 42.326973513474 5.639932965095795e-15
vertex 131.8023854047587 43.770762160124164 1.7730000000000057
vertex 131.8023854047587 43.770762160124164 5.639932965095795e-15
endloop
endfacet
facet normal 0.9849038720920269 -0.1731021742732673 -1.4592594944026674e-18
outer loop
vertex 64.93118950568727 38.59785631711532 5.639932965095795e-15
vertex 64.61309476643306 37.64508116381594 1.7730000000000057
vertex 64.61309476643306 37.64508116381594 5.639932965095795e-15
endloop
endfacet
facet normal 0.8947173515973974 -0.4466328030390729 -3.765135597416327e-18
outer loop
vertex 64.61309476643306 37.64508116381594 1.7730000000000057
vertex 64.93118950568727 38.59785631711532 5.639932965095795e-15
vertex 64.93118950568727 38.59785631711532 1.7730000000000057
endloop
endfacet
facet normal 0.9970795235610506 -0.07637030637144508 -6.438052851204562e-19
outer loop
vertex 64.95523893167048 39.53228292729 5.639932965095795e-15
vertex 64.93118950568727 38.59785631711532 1.7730000000000057
vertex 64.93118950568727 38.59785631711532 5.639932965095795e-15
endloop
endfacet
facet normal 0.9849038720920269 -0.1731021742732673 -1.4592594944026674e-18
outer loop
vertex 64.93118950568727 38.59785631711532 1.7730000000000057
vertex 64.95523893167048 39.53228292729 5.639932965095795e-15
vertex 64.95523893167048 39.53228292729 1.7730000000000057
endloop
endfacet
facet normal 0.6229031049279897 -0.7822989977438742 -6.5948174522481244e-18
outer loop
vertex 83.13357759377351 45.528481370883114 1.7730000000000057
vertex 80.26505708288907 42.78195691844342 5.639932965095795e-15
vertex 83.13357759377351 45.528481370883114 5.639932965095795e-15
endloop
endfacet
facet normal 0.6915805170185035 -0.7222993759379968 -6.089017810225271e-18
outer loop
vertex 80.26505708288907 42.78195691844342 5.639932965095795e-15
vertex 83.13357759377351 45.528481370883114 1.7730000000000057
vertex 80.26505708288907 42.78195691844342 1.7730000000000057
endloop
endfacet
facet normal 0.4608200257482232 -0.8874936077907305 -7.481612977002934e-18
outer loop
vertex 85.90438623999816 47.3486691189883 1.7730000000000057
vertex 83.13357759377351 45.528481370883114 5.639932965095795e-15
vertex 85.90438623999816 47.3486691189883 5.639932965095795e-15
endloop
endfacet
facet normal 0.6229031049279897 -0.7822989977438742 -6.5948174522481244e-18
outer loop
vertex 83.13357759377351 45.528481370883114 5.639932965095795e-15
vertex 85.90438623999816 47.3486691189883 1.7730000000000057
vertex 83.13357759377351 45.528481370883114 1.7730000000000057
endloop
endfacet
facet normal 0.1613047066520869 -0.9869046517328228 -8.319652766682122e-18
outer loop
vertex 93.30581363234917 49.458209195579016 1.7730000000000057
vertex 89.10074093804714 48.61281011759283 5.639932965095795e-15
vertex 93.30581363234917 49.458209195579016 5.639932965095795e-15
endloop
endfacet
facet normal 0.28356258816122437 -0.9589537312067292 -8.084025188194247e-18
outer loop
vertex 89.10074093804714 48.61281011759283 5.639932965095795e-15
vertex 93.30581363234917 49.458209195579016 1.7730000000000057
vertex 89.10074093804714 48.61281011759283 1.7730000000000057
endloop
endfacet
facet normal 0.009448516631315124 -0.9999553617704481 -8.429670867905027e-18
outer loop
vertex 108.91240607614728 50.937056584297274 1.7730000000000057
vertex 105.53044095732201 50.82694811175228 5.639932965095795e-15
vertex 108.91240607614728 50.937056584297274 5.639932965095795e-15
endloop
endfacet
facet normal 0.05528011024366651 -0.9984708856103158 -8.417156663851947e-18
outer loop
vertex 105.53044095732201 50.82694811175228 5.639932965095795e-15
vertex 108.91240607614728 50.937056584297274 1.7730000000000057
vertex 105.53044095732201 50.82694811175228 1.7730000000000057
endloop
endfacet
facet normal 0.21063694054681906 -0.9775643606827511 -8.240913672545821e-18
outer loop
vertex 68.46168142997193 42.56455308314205 1.7730000000000057
vertex 66.88936652434978 42.09607361558869 5.639932965095795e-15
vertex 68.46168142997193 42.56455308314205 5.639932965095795e-15
endloop
endfacet
facet normal 0.3959353196836639 -0.9182784014812692 -7.741130239941691e-18
outer loop
vertex 66.88936652434978 42.09607361558869 5.639932965095795e-15
vertex 68.46168142997193 42.56455308314205 1.7730000000000057
vertex 66.88936652434978 42.09607361558869 1.7730000000000057
endloop
endfacet
facet normal 0.05528011024366651 -0.9984708856103158 -8.417156663851947e-18
outer loop
vertex 105.53044095732201 50.82694811175228 1.7730000000000057
vertex 102.4681602774784 50.587387231333764 5.639932965095795e-15
vertex 105.53044095732201 50.82694811175228 5.639932965095795e-15
endloop
endfacet
facet normal 0.0954104819491342 -0.9954380141094845 -8.391589414038523e-18
outer loop
vertex 102.4681602774784 50.587387231333764 5.639932965095795e-15
vertex 105.53044095732201 50.82694811175228 1.7730000000000057
vertex 102.4681602774784 50.587387231333764 1.7730000000000057
endloop
endfacet
facet normal 0.9959213699308762 -0.09022541169208867 -7.606044765227587e-19
outer loop
vertex 64.33919812943233 37.247949535635655 5.639932965095795e-15
vertex 64.3260701757257 37.10304125098845 1.7730000000000057
vertex 64.3260701757257 37.10304125098845 5.639932965095795e-15
endloop
endfacet
facet normal 0.9959213699308762 -0.09022541169208867 -7.606044765227587e-19
outer loop
vertex 64.3260701757257 37.10304125098845 1.7730000000000057
vertex 64.33919812943233 37.247949535635655 5.639932965095795e-15
vertex 64.33919812943233 37.247949535635655 1.7730000000000057
endloop
endfacet
facet normal 0.8299788166407457 -0.5577949120668164 -4.702237420068653e-18
outer loop
vertex 65.69767175494724 41.406468369010284 5.639932965095795e-15
vertex 65.07672495087965 40.48252180283019 1.7730000000000057
vertex 65.07672495087965 40.48252180283019 5.639932965095795e-15
endloop
endfacet
facet normal 0.8299788166407457 -0.5577949120668164 -4.702237420068653e-18
outer loop
vertex 65.07672495087965 40.48252180283019 1.7730000000000057
vertex 65.69767175494724 41.406468369010284 5.639932965095795e-15
vertex 65.69767175494724 41.406468369010284 1.7730000000000057
endloop
endfacet
facet normal -0.05534964288136637 -0.9984670335233433 -8.417124190577064e-18
outer loop
vertex 113.02956565656491 50.84655978291714 1.7730000000000057
vertex 112.208714388987 50.89206336289897 5.639932965095795e-15
vertex 113.02956565656491 50.84655978291714 5.639932965095795e-15
endloop
endfacet
facet normal -0.03450648597743923 -0.999404473887069 -8.4250268570626e-18
outer loop
vertex 112.208714388987 50.89206336289897 5.639932965095795e-15
vertex 113.02956565656491 50.84655978291714 1.7730000000000057
vertex 112.208714388987 50.89206336289897 1.7730000000000057
endloop
endfacet
facet normal 0.12683958641293805 -0.99192324265469 -8.36195972488183e-18
outer loop
vertex 96.7078918929112 49.88786518991441 1.7730000000000057
vertex 93.30581363234917 49.458209195579016 5.639932965095795e-15
vertex 96.7078918929112 49.88786518991441 5.639932965095795e-15
endloop
endfacet
facet normal 0.1613047066520869 -0.9869046517328228 -8.319652766682122e-18
outer loop
vertex 93.30581363234917 49.458209195579016 5.639932965095795e-15
vertex 96.7078918929112 49.88786518991441 1.7730000000000057
vertex 93.30581363234917 49.458209195579016 1.7730000000000057
endloop
endfacet
facet normal 0.0954104819491342 -0.9954380141094845 -8.391589414038523e-18
outer loop
vertex 102.4681602774784 50.587387231333764 1.7730000000000057
vertex 99.56995005752545 50.2583677096962 5.639932965095795e-15
vertex 102.4681602774784 50.587387231333764 5.639932965095795e-15
endloop
endfacet
facet normal 0.12059493403453138 -0.9927017990742271 -8.368522992223258e-18
outer loop
vertex 99.56995005752545 50.2583677096962 5.639932965095795e-15
vertex 102.4681602774784 50.587387231333764 1.7730000000000057
vertex 99.56995005752545 50.2583677096962 1.7730000000000057
endloop
endfacet
facet normal 0.12059493403453138 -0.9927017990742271 -8.368522992223258e-18
outer loop
vertex 99.56995005752545 50.2583677096962 1.7730000000000057
vertex 96.7078918929112 49.88786518991441 5.639932965095795e-15
vertex 99.56995005752545 50.2583677096962 5.639932965095795e-15
endloop
endfacet
facet normal 0.12683958641293805 -0.99192324265469 -8.36195972488183e-18
outer loop
vertex 96.7078918929112 49.88786518991441 5.639932965095795e-15
vertex 99.56995005752545 50.2583677096962 1.7730000000000057
vertex 96.7078918929112 49.88786518991441 1.7730000000000057
endloop
endfacet
facet normal -0.12729378885316986 -0.9918650570109852 -8.361469217160766e-18
outer loop
vertex 118.81903172068144 50.34842862968049 1.7730000000000057
vertex 115.50167278297126 50.70951945808198 5.639932965095795e-15
vertex 118.81903172068144 50.34842862968049 5.639932965095795e-15
endloop
endfacet
facet normal -0.08180846049468181 -0.9966480701789826 -8.401790243783084e-18
outer loop
vertex 115.50167278297126 50.70951945808198 5.639932965095795e-15
vertex 118.81903172068144 50.34842862968049 1.7730000000000057
vertex 115.50167278297126 50.70951945808198 1.7730000000000057
endloop
endfacet
facet normal -0.31766505207096896 -0.9482029923453883 -7.99339595247772e-18
outer loop
vertex 122.9836836539371 49.39683484286482 1.7730000000000057
vertex 120.13931785003479 50.15312779030437 5.639932965095795e-15
vertex 122.9836836539371 49.39683484286482 5.639932965095795e-15
endloop
endfacet
facet normal -0.20196944549201026 -0.9793918230655441 -8.256319266634688e-18
outer loop
vertex 120.13931785003479 50.15312779030437 5.639932965095795e-15
vertex 122.9836836539371 49.39683484286482 1.7730000000000057
vertex 120.13931785003479 50.15312779030437 1.7730000000000057
endloop
endfacet
facet normal -0.03450648597743923 -0.999404473887069 -8.4250268570626e-18
outer loop
vertex 112.208714388987 50.89206336289897 1.7730000000000057
vertex 108.91240607614728 50.937056584297274 5.639932965095795e-15
vertex 112.208714388987 50.89206336289897 5.639932965095795e-15
endloop
endfacet
facet normal 0.009448516631315124 -0.9999553617704481 -8.429670867905027e-18
outer loop
vertex 108.91240607614728 50.937056584297274 5.639932965095795e-15
vertex 112.208714388987 50.89206336289897 1.7730000000000057
vertex 108.91240607614728 50.937056584297274 1.7730000000000057
endloop
endfacet
facet normal 0.06738546333740678 -0.9977270164382656 -8.410885811643042e-18
outer loop
vertex 70.26086407578529 42.80869666283582 1.7730000000000057
vertex 68.46168142997193 42.56455308314205 5.639932965095795e-15
vertex 70.26086407578529 42.80869666283582 5.639932965095795e-15
endloop
endfacet
facet normal 0.21063694054681906 -0.9775643606827511 -8.240913672545821e-18
outer loop
vertex 68.46168142997193 42.56455308314205 5.639932965095795e-15
vertex 70.26086407578529 42.80869666283582 1.7730000000000057
vertex 68.46168142997193 42.56455308314205 1.7730000000000057
endloop
endfacet
facet normal -0.4350021315800303 -0.9004294228426959 -7.590662508077097e-18
outer loop
vertex 125.70960081607025 48.28698283744057 1.7730000000000057
vertex 122.9836836539371 49.39683484286482 5.639932965095795e-15
vertex 125.70960081607025 48.28698283744057 5.639932965095795e-15
endloop
endfacet
facet normal -0.31766505207096896 -0.9482029923453883 -7.99339595247772e-18
outer loop
vertex 122.9836836539371 49.39683484286482 5.639932965095795e-15
vertex 125.70960081607025 48.28698283744057 1.7730000000000057
vertex 122.9836836539371 49.39683484286482 1.7730000000000057
endloop
endfacet
facet normal -0.5453572945623211 -0.8382036872190829 -7.066096621564309e-18
outer loop
vertex 128.27331753683765 46.8413852363034 1.7730000000000057
vertex 125.70960081607025 48.28698283744057 5.639932965095795e-15
vertex 128.27331753683765 46.8413852363034 5.639932965095795e-15
endloop
endfacet
facet normal -0.4350021315800303 -0.9004294228426959 -7.590662508077097e-18
outer loop
vertex 125.70960081607025 48.28698283744057 5.639932965095795e-15
vertex 128.27331753683765 46.8413852363034 1.7730000000000057
vertex 125.70960081607025 48.28698283744057 1.7730000000000057
endloop
endfacet
facet normal 0.8947173515973974 -0.4466328030390729 -3.765135597416327e-18
outer loop
vertex 64.61309476643306 37.64508116381594 5.639932965095795e-15
vertex 64.33919812943233 37.247949535635655 1.7730000000000057
vertex 64.33919812943233 37.247949535635655 5.639932965095795e-15
endloop
endfacet
facet normal 0.8232004283883977 -0.567750873800436 -4.786166647108625e-18
outer loop
vertex 64.33919812943233 37.247949535635655 1.7730000000000057
vertex 64.61309476643306 37.64508116381594 5.639932965095795e-15
vertex 64.61309476643306 37.64508116381594 1.7730000000000057
endloop
endfacet
facet normal 0.9919263008819041 -0.12681566787563062 -1.0690620621228572e-18
outer loop
vertex 65.07672495087965 40.48252180283019 5.639932965095795e-15
vertex 64.95523893167048 39.53228292729 1.7730000000000057
vertex 64.95523893167048 39.53228292729 5.639932965095795e-15
endloop
endfacet
facet normal 0.9970795235610506 -0.07637030637144508 -6.438052851204562e-19
outer loop
vertex 64.95523893167048 39.53228292729 1.7730000000000057
vertex 65.07672495087965 40.48252180283019 5.639932965095795e-15
vertex 65.07672495087965 40.48252180283019 1.7730000000000057
endloop
endfacet
facet normal -0.996309406286861 -0.08583453235337477 -7.235891565783671e-19
outer loop
vertex 135.96671935799566 29.599936168989608 1.7730000000000057
vertex 136.0179654997923 28.9623774815104 5.639932965095795e-15
vertex 136.0179654997923 28.9623774815104 1.7730000000000057
endloop
endfacet
facet normal -0.9978428997602584 -0.065647143106453 -5.534085129818974e-19
outer loop
vertex 136.0179654997923 28.9623774815104 5.639932965095795e-15
vertex 135.96671935799566 29.599936168989608 1.7730000000000057
vertex 135.96671935799566 29.599936168989608 5.639932965095795e-15
endloop
endfacet
facet normal -0.8544728698844639 -0.5194960198417389 -4.37937595204156e-18
outer loop
vertex 132.8043552177964 42.326973513474 1.7730000000000057
vertex 133.62498270384842 40.77293371618092 5.639932965095795e-15
vertex 133.62498270384842 40.77293371618092 1.7730000000000057
endloop
endfacet
facet normal -0.9059963058239306 -0.42328559369932606 -3.568317521387726e-18
outer loop
vertex 133.62498270384842 40.77293371618092 5.639932965095795e-15
vertex 132.8043552177964 42.326973513474 1.7730000000000057
vertex 132.8043552177964 42.326973513474 5.639932965095795e-15
endloop
endfacet
facet normal -0.9786749671602342 0.20541496696666162 1.7316578610116463e-18
outer loop
vertex 135.28731936022692 20.849082683014462 1.7730000000000057
vertex 134.94583124864528 19.410368635009682 5.639932965095795e-15
vertex 134.94583124864528 19.410368635009682 1.7730000000000057
endloop
endfacet
facet normal -0.9659268819129301 0.258815105428498 2.1818235471447165e-18
outer loop
vertex 134.94583124864528 19.410368635009682 5.639932965095795e-15
vertex 135.28731936022692 20.849082683014462 1.7730000000000057
vertex 135.28731936022692 20.849082683014462 5.639932965095795e-15
endloop
endfacet
facet normal -0.9937315496742184 0.11179269735576051 9.4241771200254e-19
outer loop
vertex 136.18346936879772 28.13340689269807 1.7730000000000057
vertex 136.04443259949008 26.289560414088964 5.639932965095795e-15
vertex 136.04443259949008 26.289560414088964 1.7730000000000057
endloop
endfacet
facet normal -0.9961533009723841 0.0876276267042713 7.387050265371982e-19
outer loop
vertex 136.04443259949008 26.289560414088964 5.639932965095795e-15
vertex 136.18346936879772 28.13340689269807 1.7730000000000057
vertex 136.18346936879772 28.13340689269807 5.639932965095795e-15
endloop
endfacet
facet normal -0.9237019617291011 0.38311184515466273 3.2296509261490163e-18
outer loop
vertex 134.0109039262049 16.618784464818695 1.7730000000000057
vertex 133.33969495194665 15.157481138628988 5.639932965095795e-15
vertex 133.33969495194665 15.157481138628988 1.7730000000000057
endloop
endfacet
facet normal -0.890549314972001 0.4548867085362026 3.834716410096211e-18
outer loop
vertex 133.33969495194665 15.157481138628988 5.639932965095795e-15
vertex 134.0109039262049 16.618784464818695 1.7730000000000057
vertex 134.0109039262049 16.618784464818695 5.639932965095795e-15
endloop
endfacet
facet normal -0.8509480026001187 0.5252499375258113 4.4278817495322296e-18
outer loop
vertex 132.4408517487894 13.56521182025723 1.7730000000000057
vertex 131.42403893398188 12.053472390158424 5.639932965095795e-15
vertex 131.42403893398188 12.053472390158424 1.7730000000000057
endloop
endfacet
facet normal -0.8113006299592224 0.5846291883132152 4.928451634606272e-18
outer loop
vertex 131.42403893398188 12.053472390158424 5.639932965095795e-15
vertex 132.4408517487894 13.56521182025723 1.7730000000000057
vertex 132.4408517487894 13.56521182025723 5.639932965095795e-15
endloop
endfacet
facet normal -0.9059963058239306 -0.42328559369932606 -3.568317521387726e-18
outer loop
vertex 133.62498270384842 40.77293371618092 1.7730000000000057
vertex 134.27259635984345 39.189766873856954 5.639932965095795e-15
vertex 134.27259635984345 39.189766873856954 1.7730000000000057
endloop
endfacet
facet normal -0.9389735029122857 -0.3439894777876673 -2.8998475238319972e-18
outer loop
vertex 134.27259635984345 39.189766873856954 5.639932965095795e-15
vertex 133.62498270384842 40.77293371618092 1.7730000000000057
vertex 133.62498270384842 40.77293371618092 5.639932965095795e-15
endloop
endfacet
facet normal -0.9659268819129301 0.258815105428498 2.1818235471447165e-18
outer loop
vertex 134.94583124864528 19.410368635009682 1.7730000000000057
vertex 134.52419615702289 18.000256676846337 5.639932965095795e-15
vertex 134.52419615702289 18.000256676846337 1.7730000000000057
endloop
endfacet
facet normal -0.948240901699919 0.31755187346845354 2.6769772723516747e-18
outer loop
vertex 134.52419615702289 18.000256676846337 5.639932965095795e-15
vertex 134.94583124864528 19.410368635009682 1.7730000000000057
vertex 134.94583124864528 19.410368635009682 5.639932965095795e-15
endloop
endfacet
facet normal -0.890549314972001 0.4548867085362026 3.834716410096211e-18
outer loop
vertex 133.33969495194665 15.157481138628988 1.7730000000000057
vertex 132.4408517487894 13.56521182025723 5.639932965095795e-15
vertex 132.4408517487894 13.56521182025723 1.7730000000000057
endloop
endfacet
facet normal -0.8509480026001187 0.5252499375258113 4.4278817495322296e-18
outer loop
vertex 132.4408517487894 13.56521182025723 5.639932965095795e-15
vertex 133.33969495194665 15.157481138628988 1.7730000000000057
vertex 133.33969495194665 15.157481138628988 5.639932965095795e-15
endloop
endfacet
facet normal -0.9965223287851203 -0.083326155753645 -7.024434235218042e-19
outer loop
vertex 135.87254883290115 30.92280725120365 1.7730000000000057
vertex 135.90655270575039 30.254405438961275 5.639932965095795e-15
vertex 135.90655270575039 30.254405438961275 1.7730000000000057
endloop
endfacet
facet normal -0.9974626545463563 -0.07119166233019382 -6.001490715745886e-19
outer loop
vertex 135.90655270575039 30.254405438961275 5.639932965095795e-15
vertex 135.87254883290115 30.92280725120365 1.7730000000000057
vertex 135.87254883290115 30.92280725120365 5.639932965095795e-15
endloop
endfacet
facet normal -0.9436310708879624 -0.33099909675834066 -2.790337998994788e-18
outer loop
vertex 136.07164152497757 28.411185132407997 1.7730000000000057
vertex 136.11964969680588 28.311161792889802 5.639932965095795e-15
vertex 136.11964969680588 28.311161792889802 1.7730000000000057
endloop
endfacet
facet normal -0.8315479507289397 -0.5554529733816364 -4.682494766482668e-18
outer loop
vertex 136.11964969680588 28.311161792889802 5.639932965095795e-15
vertex 136.07164152497757 28.411185132407997 1.7730000000000057
vertex 136.07164152497757 28.411185132407997 5.639932965095795e-15
endloop
endfacet
facet normal -0.9389735029122857 -0.3439894777876673 -2.8998475238319972e-18
outer loop
vertex 134.27259635984345 39.189766873856954 1.7730000000000057
vertex 134.80096164339648 37.5629138303398 5.639932965095795e-15
vertex 134.80096164339648 37.5629138303398 1.7730000000000057
endloop
endfacet
facet normal -0.9619078135079048 -0.2733740264041962 -2.304555937718315e-18
outer loop
vertex 134.80096164339648 37.5629138303398 5.639932965095795e-15
vertex 134.27259635984345 39.189766873856954 1.7730000000000057
vertex 134.27259635984345 39.189766873856954 5.639932965095795e-15
endloop
endfacet
facet normal -0.5974854513603373 0.801879751217559 6.759884127661021e-18
outer loop
vertex 125.71307905483124 6.1418983637563995 1.7730000000000057
vertex 127.41244232566527 7.535956295011488 5.639932965095795e-15
vertex 125.71307905483124 6.1418983637563995 5.639932965095795e-15
endloop
endfacet
facet normal -0.6680609588613567 0.7441065483149873 6.2728533020138535e-18
outer loop
vertex 127.41244232566527 7.535956295011488 5.639932965095795e-15
vertex 125.71307905483124 6.1418983637563995 1.7730000000000057
vertex 127.41244232566527 7.535956295011488 1.7730000000000057
endloop
endfacet
facet normal -0.948240901699919 0.31755187346845354 2.6769772723516747e-18
outer loop
vertex 134.52419615702289 18.000256676846337 1.7730000000000057
vertex 134.0109039262049 16.618784464818695 5.639932965095795e-15
vertex 134.0109039262049 16.618784464818695 1.7730000000000057
endloop
endfacet
facet normal -0.9237019617291011 0.38311184515466273 3.2296509261490163e-18
outer loop
vertex 134.0109039262049 16.618784464818695 5.639932965095795e-15
vertex 134.52419615702289 18.000256676846337 1.7730000000000057
vertex 134.52419615702289 18.000256676846337 5.639932965095795e-15
endloop
endfacet
facet normal -0.5149314728964666 0.8572313446326351 7.226500671100591e-18
outer loop
vertex 123.892115143683 4.912875353691595 1.7730000000000057
vertex 125.71307905483124 6.1418983637563995 5.639932965095795e-15
vertex 123.892115143683 4.912875353691595 5.639932965095795e-15
endloop
endfacet
facet normal -0.5974854513603373 0.801879751217559 6.759884127661021e-18
outer loop
vertex 125.71307905483124 6.1418983637563995 5.639932965095795e-15
vertex 123.892115143683 4.912875353691595 1.7730000000000057
vertex 125.71307905483124 6.1418983637563995 1.7730000000000057
endloop
endfacet
facet normal -0.9570204289822096 0.29002051394807854 2.4448866129328176e-18
outer loop
vertex 136.20150220545594 28.21788674554939 1.7730000000000057
vertex 136.19087719268185 28.18282593504132 5.639932965095795e-15
vertex 136.19087719268185 28.18282593504132 1.7730000000000057
endloop
endfacet
facet normal -0.9755647638759396 0.21971206494792742 1.852183071391914e-18
outer loop
vertex 136.19087719268185 28.18282593504132 5.639932965095795e-15
vertex 136.20150220545594 28.21788674554939 1.7730000000000057
vertex 136.20150220545594 28.21788674554939 5.639932965095795e-15
endloop
endfacet
facet normal -0.9619078135079048 -0.2733740264041962 -2.304555937718315e-18
outer loop
vertex 134.80096164339648 37.5629138303398 1.7730000000000057
vertex 135.2071659278964 35.901342653014304 5.639932965095795e-15
vertex 135.2071659278964 35.901342653014304 1.7730000000000057
endloop
endfacet
facet normal -0.9795395836411487 -0.20125159398157602 -1.696560430359881e-18
outer loop
vertex 135.2071659278964 35.901342653014304 5.639932965095795e-15
vertex 134.80096164339648 37.5629138303398 1.7730000000000057
vertex 134.80096164339648 37.5629138303398 5.639932965095795e-15
endloop
endfacet
facet normal -0.9875257774422719 0.15745741928228296 1.3273734718611064e-18
outer loop
vertex 135.6081936598887 22.605130153671816 1.7730000000000057
vertex 135.28731936022692 20.849082683014462 5.639932965095795e-15
vertex 135.28731936022692 20.849082683014462 1.7730000000000057
endloop
endfacet
facet normal -0.9786749671602342 0.20541496696666162 1.7316578610116463e-18
outer loop
vertex 135.28731936022692 20.849082683014462 5.639932965095795e-15
vertex 135.6081936598887 22.605130153671816 1.7730000000000057
vertex 135.6081936598887 22.605130153671816 5.639932965095795e-15
endloop
endfacet
facet normal -0.8113006299592224 0.5846291883132152 4.928451634606272e-18
outer loop
vertex 131.42403893398188 12.053472390158424 1.7730000000000057
vertex 130.30777822922613 10.605462536646064 5.639932965095795e-15
vertex 130.30777822922613 10.605462536646064 1.7730000000000057
endloop
endfacet
facet normal -0.7740229560617224 0.6331575344963313 5.3375478820258986e-18
outer loop
vertex 130.30777822922613 10.605462536646064 5.639932965095795e-15
vertex 131.42403893398188 12.053472390158424 1.7730000000000057
vertex 131.42403893398188 12.053472390158424 5.639932965095795e-15
endloop
endfacet
facet normal -0.7575196632049597 -0.6528123465880868 -5.5032388750825e-18
outer loop
vertex 136.18057317306062 28.24312839992009 1.7730000000000057
vertex 136.20150220545594 28.21788674554939 5.639932965095795e-15
vertex 136.20150220545594 28.21788674554939 1.7730000000000057
endloop
endfacet
facet normal -0.769803981718867 -0.6382803692185579 -5.380733620379845e-18
outer loop
vertex 136.20150220545594 28.21788674554939 5.639932965095795e-15
vertex 136.18057317306062 28.24312839992009 1.7730000000000057
vertex 136.18057317306062 28.24312839992009 5.639932965095795e-15
endloop
endfacet
facet normal -0.9755647638759396 0.21971206494792742 1.852183071391914e-18
outer loop
vertex 136.19087719268185 28.18282593504132 1.7730000000000057
vertex 136.18346936879772 28.13340689269807 5.639932965095795e-15
vertex 136.18346936879772 28.13340689269807 1.7730000000000057
endloop
endfacet
facet normal -0.9937315496742184 0.11179269735576051 9.4241771200254e-19
outer loop
vertex 136.18346936879772 28.13340689269807 5.639932965095795e-15
vertex 136.19087719268185 28.18282593504132 1.7730000000000057
vertex 136.19087719268185 28.18282593504132 5.639932965095795e-15
endloop
endfacet
facet normal -0.7740229560617224 0.6331575344963313 5.3375478820258986e-18
outer loop
vertex 130.30777822922613 10.605462536646064 1.7730000000000057
vertex 128.98090644410465 9.075760901963836 5.639932965095795e-15
vertex 128.98090644410465 9.075760901963836 1.7730000000000057
endloop
endfacet
facet normal -0.7285692858718227 0.6849721130704682 5.774347223514351e-18
outer loop
vertex 128.98090644410465 9.075760901963836 5.639932965095795e-15
vertex 130.30777822922613 10.605462536646064 1.7730000000000057
vertex 130.30777822922613 10.605462536646064 5.639932965095795e-15
endloop
endfacet
facet normal -0.4151013272816921 0.9097751854656059 7.669447727830518e-18
outer loop
vertex 121.66951118411232 3.7326300751802908 1.7730000000000057
vertex 123.892115143683 4.912875353691595 5.639932965095795e-15
vertex 121.66951118411232 3.7326300751802908 5.639932965095795e-15
endloop
endfacet
facet normal -0.5149314728964666 0.8572313446326351 7.226500671100591e-18
outer loop
vertex 123.892115143683 4.912875353691595 5.639932965095795e-15
vertex 121.66951118411232 3.7326300751802908 1.7730000000000057
vertex 123.892115143683 4.912875353691595 1.7730000000000057
endloop
endfacet
facet normal -0.9961533009723841 0.0876276267042713 7.387050265371982e-19
outer loop
vertex 136.04443259949008 26.289560414088964 1.7730000000000057
vertex 135.85873904739458 24.44285170029219 5.639932965095795e-15
vertex 135.85873904739458 24.44285170029219 1.7730000000000057
endloop
endfacet
facet normal -0.9930627626626125 0.11758549831037873 9.91251297298048e-19
outer loop
vertex 135.85873904739458 24.44285170029219 5.639932965095795e-15
vertex 136.04443259949008 26.289560414088964 1.7730000000000057
vertex 136.04443259949008 26.289560414088964 5.639932965095795e-15
endloop
endfacet
facet normal -0.9903265179416866 -0.13875657772334463 -1.169724495395216e-18
outer loop
vertex 136.03896125901002 28.552522128859163 1.7730000000000057
vertex 136.07164152497757 28.411185132407997 5.639932965095795e-15
vertex 136.07164152497757 28.411185132407997 1.7730000000000057
endloop
endfacet
facet normal -0.9436310708879624 -0.33099909675834066 -2.790337998994788e-18
outer loop
vertex 136.07164152497757 28.411185132407997 5.639932965095795e-15
vertex 136.03896125901002 28.552522128859163 1.7730000000000057
vertex 136.03896125901002 28.552522128859163 5.639932965095795e-15
endloop
endfacet
facet normal -0.9795395836411487 -0.20125159398157602 -1.696560430359881e-18
outer loop
vertex 135.2071659278964 35.901342653014304 1.7730000000000057
vertex 135.48897000224196 34.214212793831095 5.639932965095795e-15
vertex 135.48897000224196 34.214212793831095 1.7730000000000057
endloop
endfacet
facet normal -0.9901096604293267 -0.14029561762408557 -1.1826986743554138e-18
outer loop
vertex 135.48897000224196 34.214212793831095 5.639932965095795e-15
vertex 135.2071659278964 35.901342653014304 1.7730000000000057
vertex 135.2071659278964 35.901342653014304 5.639932965095795e-15
endloop
endfacet
facet normal -0.9978428997602584 -0.065647143106453 -5.534085129818974e-19
outer loop
vertex 136.0179654997923 28.9623774815104 1.7730000000000057
vertex 136.03896125901002 28.552522128859163 5.639932965095795e-15
vertex 136.03896125901002 28.552522128859163 1.7730000000000057
endloop
endfacet
facet normal -0.9903265179416866 -0.13875657772334463 -1.169724495395216e-18
outer loop
vertex 136.03896125901002 28.552522128859163 5.639932965095795e-15
vertex 136.0179654997923 28.9623774815104 1.7730000000000057
vertex 136.0179654997923 28.9623774815104 5.639932965095795e-15
endloop
endfacet
facet normal -0.9901096604293267 -0.14029561762408557 -1.1826986743554138e-18
outer loop
vertex 135.48897000224196 34.214212793831095 1.7730000000000057
vertex 135.87254883290115 30.92280725120365 5.639932965095795e-15
vertex 135.87254883290115 30.92280725120365 1.7730000000000057
endloop
endfacet
facet normal -0.9965223287851203 -0.083326155753645 -7.024434235218042e-19
outer loop
vertex 135.87254883290115 30.92280725120365 5.639932965095795e-15
vertex 135.48897000224196 34.214212793831095 1.7730000000000057
vertex 135.48897000224196 34.214212793831095 5.639932965095795e-15
endloop
endfacet
facet normal -0.9974626545463563 -0.07119166233019382 -6.001490715745886e-19
outer loop
vertex 135.90655270575039 30.254405438961275 1.7730000000000057
vertex 135.96671935799566 29.599936168989608 5.639932965095795e-15
vertex 135.96671935799566 29.599936168989608 1.7730000000000057
endloop
endfacet
facet normal -0.996309406286861 -0.08583453235337477 -7.235891565783671e-19
outer loop
vertex 135.96671935799566 29.599936168989608 5.639932965095795e-15
vertex 135.90655270575039 30.254405438961275 1.7730000000000057
vertex 135.90655270575039 30.254405438961275 5.639932965095795e-15
endloop
endfacet
facet normal -0.9930627626626125 0.11758549831037873 9.91251297298048e-19
outer loop
vertex 135.85873904739458 24.44285170029219 1.7730000000000057
vertex 135.6081936598887 22.605130153671816 5.639932965095795e-15
vertex 135.6081936598887 22.605130153671816 1.7730000000000057
endloop
endfacet
facet normal -0.9875257774422719 0.15745741928228296 1.3273734718611064e-18
outer loop
vertex 135.6081936598887 22.605130153671816 5.639932965095795e-15
vertex 135.85873904739458 24.44285170029219 1.7730000000000057
vertex 135.85873904739458 24.44285170029219 5.639932965095795e-15
endloop
endfacet
facet normal -0.8315479507289397 -0.5554529733816364 -4.682494766482668e-18
outer loop
vertex 136.11964969680588 28.311161792889802 1.7730000000000057
vertex 136.18057317306062 28.24312839992009 5.639932965095795e-15
vertex 136.18057317306062 28.24312839992009 1.7730000000000057
endloop
endfacet
facet normal -0.7575196632049597 -0.6528123465880868 -5.5032388750825e-18
outer loop
vertex 136.18057317306062 28.24312839992009 5.639932965095795e-15
vertex 136.11964969680588 28.311161792889802 1.7730000000000057
vertex 136.11964969680588 28.311161792889802 5.639932965095795e-15
endloop
endfacet
facet normal -0.6680609588613567 0.7441065483149873 6.2728533020138535e-18
outer loop
vertex 127.41244232566527 7.535956295011488 1.7730000000000057
vertex 128.98090644410465 9.075760901963836 5.639932965095795e-15
vertex 127.41244232566527 7.535956295011488 5.639932965095795e-15
endloop
endfacet
facet normal -0.7285692858718227 0.6849721130704682 5.774347223514351e-18
outer loop
vertex 128.98090644410465 9.075760901963836 5.639932965095795e-15
vertex 127.41244232566527 7.535956295011488 1.7730000000000057
vertex 128.98090644410465 9.075760901963836 1.7730000000000057
endloop
endfacet
facet normal 0.7380172551749773 0.6747818396074338 5.688442737542857e-18
outer loop
vertex 88.5338413106353 15.409858880428141 5.639932965095795e-15
vertex 89.41176748213762 14.47327554609669 1.7730000000000057
vertex 89.41176748213762 14.47327554609669 5.639932965095795e-15
endloop
endfacet
facet normal 0.718493623857265 0.6955335451841665 5.863380594418598e-18
outer loop
vertex 89.41176748213762 14.47327554609669 1.7730000000000057
vertex 88.5338413106353 15.409858880428141 5.639932965095795e-15
vertex 88.5338413106353 15.409858880428141 1.7730000000000057
endloop
endfacet
facet normal 0.05720776205499815 0.9983622949413999 8.416241239390732e-18
outer loop
vertex 111.89884871675886 1.8388868236879685 1.7730000000000057
vertex 114.04542355306685 1.839918840180498 5.639932965095795e-15
vertex 111.89884871675886 1.8388868236879685 5.639932965095795e-15
endloop
endfacet
facet normal -0.06003624099440445 0.9981961980328626 8.414841034616925e-18
outer loop
vertex 114.04542355306685 1.839918840180498 5.639932965095795e-15
vertex 111.89884871675886 1.8388868236879685 1.7730000000000057
vertex 114.04542355306685 1.839918840180498 1.7730000000000057
endloop
endfacet
facet normal 0.8262347580159938 0.563325948848668 4.748864321040248e-18
outer loop
vertex 84.9205073847528 19.898601218272994 5.639932965095795e-15
vertex 85.51742956488674 19.057711172592622 1.7730000000000057
vertex 85.51742956488674 19.057711172592622 5.639932965095795e-15
endloop
endfacet
facet normal 0.8063062034064651 0.5914983570123015 4.986359050760222e-18
outer loop
vertex 85.51742956488674 19.057711172592622 1.7730000000000057
vertex 84.9205073847528 19.898601218272994 5.639932965095795e-15
vertex 84.9205073847528 19.898601218272994 1.7730000000000057
endloop
endfacet
facet normal 0.8893131803355082 0.45729866310929035 3.855049300919928e-18
outer loop
vertex 82.1247458367946 25.166947543176878 5.639932965095795e-15
vertex 82.47274254315293 24.607180782567266 1.7730000000000057
vertex 82.47274254315293 24.607180782567266 5.639932965095795e-15
endloop
endfacet
facet normal 0.8411979523120375 0.5407272926587257 4.558356583373963e-18
outer loop
vertex 82.47274254315293 24.607180782567266 1.7730000000000057
vertex 82.1247458367946 25.166947543176878 5.639932965095795e-15
vertex 82.1247458367946 25.166947543176878 1.7730000000000057
endloop
endfacet
facet normal 0.4031730607451581 0.9151237528822981 7.714536403446688e-18
outer loop
vertex 103.81543923197655 3.9462032883264184 1.7730000000000057
vertex 105.84889470685671 3.133901300623097 5.639932965095795e-15
vertex 103.81543923197655 3.9462032883264184 5.639932965095795e-15
endloop
endfacet
facet normal 0.33460127597742 0.9423597965290554 7.944137536120815e-18
outer loop
vertex 105.84889470685671 3.133901300623097 5.639932965095795e-15
vertex 103.81543923197655 3.9462032883264184 1.7730000000000057
vertex 105.84889470685671 3.133901300623097 1.7730000000000057
endloop
endfacet
facet normal 0.6084206561916284 0.793614708230227 6.690209425413375e-18
outer loop
vertex 95.53650121299209 8.971628961302741 1.7730000000000057
vertex 97.93838106905483 7.240094255586197 5.639932965095795e-15
vertex 95.53650121299209 8.971628961302741 5.639932965095795e-15
endloop
endfacet
facet normal 0.5612562070846123 0.8276421146902777 6.977062066954088e-18
outer loop
vertex 97.93838106905483 7.240094255586197 5.639932965095795e-15
vertex 95.53650121299209 8.971628961302741 1.7730000000000057
vertex 97.93838106905483 7.240094255586197 1.7730000000000057
endloop
endfacet
facet normal 0.5135197637464601 0.8580777658474665 7.233636041867551e-18
outer loop
vertex 99.92328010418422 5.975705855629091 1.7730000000000057
vertex 101.83819037017294 4.901115561132131 5.639932965095795e-15
vertex 99.92328010418422 5.975705855629091 5.639932965095795e-15
endloop
endfacet
facet normal 0.4623526904772813 0.8866961089394829 7.47489002406867e-18
outer loop
vertex 101.83819037017294 4.901115561132131 5.639932965095795e-15
vertex 99.92328010418422 5.975705855629091 1.7730000000000057
vertex 101.83819037017294 4.901115561132131 1.7730000000000057
endloop
endfacet
facet normal 0.8591366499937266 0.5117462424264168 4.314044962871179e-18
outer loop
vertex 83.91399870426875 21.495704357048147 5.639932965095795e-15
vertex 84.14939668226548 21.100510384987896 1.7730000000000057
vertex 84.14939668226548 21.100510384987896 5.639932965095795e-15
endloop
endfacet
facet normal 0.8565715215871368 0.5160283213215117 4.350143089943713e-18
outer loop
vertex 84.14939668226548 21.100510384987896 1.7730000000000057
vertex 83.91399870426875 21.495704357048147 5.639932965095795e-15
vertex 83.91399870426875 21.495704357048147 1.7730000000000057
endloop
endfacet
facet normal 0.1642238333600595 0.9864231001738187 8.315593264324794e-18
outer loop
vertex 109.84735221693798 2.075768823103128 1.7730000000000057
vertex 111.89884871675886 1.8388868236879685 5.639932965095795e-15
vertex 109.84735221693798 2.075768823103128 5.639932965095795e-15
endloop
endfacet
facet normal 0.05720776205499815 0.9983622949413999 8.416241239390732e-18
outer loop
vertex 111.89884871675886 1.8388868236879685 5.639932965095795e-15
vertex 109.84735221693798 2.075768823103128 1.7730000000000057
vertex 111.89884871675886 1.8388868236879685 1.7730000000000057
endloop
endfacet
facet normal 0.7888961096663513 0.6145265886463304 5.180488129683351e-18
outer loop
vertex 86.13964035036996 18.236701113692487 5.639932965095795e-15
vertex 86.85040519554462 17.34882380171523 1.7730000000000057
vertex 86.85040519554462 17.34882380171523 5.639932965095795e-15
endloop
endfacet
facet normal 0.772281248711682 0.6352807827160566 5.355446964672408e-18
outer loop
vertex 86.85040519554462 17.34882380171523 1.7730000000000057
vertex 86.13964035036996 18.236701113692487 5.639932965095795e-15
vertex 86.13964035036996 18.236701113692487 1.7730000000000057
endloop
endfacet
facet normal -0.3008534591975176 0.9536703812580569 8.039486298909813e-18
outer loop
vertex 119.21723086322224 2.7872472000320183 1.7730000000000057
vertex 121.66951118411232 3.7326300751802908 5.639932965095795e-15
vertex 119.21723086322224 2.7872472000320183 5.639932965095795e-15
endloop
endfacet
facet normal -0.4151013272816921 0.9097751854656059 7.669447727830518e-18
outer loop
vertex 121.66951118411232 3.7326300751802908 5.639932965095795e-15
vertex 119.21723086322224 2.7872472000320183 1.7730000000000057
vertex 121.66951118411232 3.7326300751802908 1.7730000000000057
endloop
endfacet
facet normal 0.8063062034064651 0.5914983570123015 4.986359050760222e-18
outer loop
vertex 85.51742956488674 19.057711172592622 5.639932965095795e-15
vertex 86.13964035036996 18.236701113692487 1.7730000000000057
vertex 86.13964035036996 18.236701113692487 5.639932965095795e-15
endloop
endfacet
facet normal 0.7888961096663513 0.6145265886463304 5.180488129683351e-18
outer loop
vertex 86.13964035036996 18.236701113692487 1.7730000000000057
vertex 85.51742956488674 19.057711172592622 5.639932965095795e-15
vertex 85.51742956488674 19.057711172592622 1.7730000000000057
endloop
endfacet
facet normal 0.5612562070846123 0.8276421146902777 6.977062066954088e-18
outer loop
vertex 97.93838106905483 7.240094255586197 1.7730000000000057
vertex 99.92328010418422 5.975705855629091 5.639932965095795e-15
vertex 97.93838106905483 7.240094255586197 5.639932965095795e-15
endloop
endfacet
facet normal 0.5135197637464601 0.8580777658474665 7.233636041867551e-18
outer loop
vertex 99.92328010418422 5.975705855629091 5.639932965095795e-15
vertex 97.93838106905483 7.240094255586197 1.7730000000000057
vertex 99.92328010418422 5.975705855629091 1.7730000000000057
endloop
endfacet
facet normal 0.8565715215871368 0.5160283213215117 4.350143089943713e-18
outer loop
vertex 84.14939668226548 21.100510384987896 5.639932965095795e-15
vertex 84.35799645575284 20.75812728013966 1.7730000000000057
vertex 84.35799645575284 20.75812728013966 5.639932965095795e-15
endloop
endfacet
facet normal 0.8454731078091599 0.5340179996699747 4.5017969269995245e-18
outer loop
vertex 84.35799645575284 20.75812728013966 1.7730000000000057
vertex 84.14939668226548 21.100510384987896 5.639932965095795e-15
vertex 84.14939668226548 21.100510384987896 1.7730000000000057
endloop
endfacet
facet normal -0.18044828630609547 0.9835844732249456 8.29166350524695e-18
outer loop
vertex 116.67232902505155 2.155773807222468 1.7730000000000057
vertex 119.21723086322224 2.7872472000320183 5.639932965095795e-15
vertex 116.67232902505155 2.155773807222468 5.639932965095795e-15
endloop
endfacet
facet normal -0.3008534591975176 0.9536703812580569 8.039486298909813e-18
outer loop
vertex 119.21723086322224 2.7872472000320183 5.639932965095795e-15
vertex 116.67232902505155 2.155773807222468 1.7730000000000057
vertex 119.21723086322224 2.7872472000320183 1.7730000000000057
endloop
endfacet
facet normal 0.718493623857265 0.6955335451841665 5.863380594418598e-18
outer loop
vertex 89.41176748213762 14.47327554609669 5.639932965095795e-15
vertex 91.03723026452539 12.847304230639036 1.7730000000000057
vertex 91.03723026452539 12.847304230639036 5.639932965095795e-15
endloop
endfacet
facet normal 0.6904525731783793 0.7233776635972076 6.0981078260555555e-18
outer loop
vertex 91.03723026452539 12.847304230639036 1.7730000000000057
vertex 89.41176748213762 14.47327554609669 5.639932965095795e-15
vertex 89.41176748213762 14.47327554609669 1.7730000000000057
endloop
endfacet
facet normal 0.6904525731783793 0.7233776635972076 6.0981078260555555e-18
outer loop
vertex 91.03723026452539 12.847304230639036 1.7730000000000057
vertex 93.2317657280063 10.848824714327597 5.639932965095795e-15
vertex 91.03723026452539 12.847304230639036 5.639932965095795e-15
endloop
endfacet
facet normal 0.6526643843199534 0.7576471483746616 6.387001199230881e-18
outer loop
vertex 93.2317657280063 10.848824714327597 5.639932965095795e-15
vertex 91.03723026452539 12.847304230639036 1.7730000000000057
vertex 93.2317657280063 10.848824714327597 1.7730000000000057
endloop
endfacet
facet normal 0.8454731078091599 0.5340179996699747 4.5017969269995245e-18
outer loop
vertex 84.35799645575284 20.75812728013966 5.639932965095795e-15
vertex 84.9205073847528 19.898601218272994 1.7730000000000057
vertex 84.9205073847528 19.898601218272994 5.639932965095795e-15
endloop
endfacet
facet normal 0.8262347580159938 0.563325948848668 4.748864321040248e-18
outer loop
vertex 84.9205073847528 19.898601218272994 1.7730000000000057
vertex 84.35799645575284 20.75812728013966 5.639932965095795e-15
vertex 84.35799645575284 20.75812728013966 1.7730000000000057
endloop
endfacet
facet normal 0.8591366499936605 0.5117462424265278 4.314044962872115e-18
outer loop
vertex 83.65237673119637 21.93492404617445 5.639932965095795e-15
vertex 83.91399870426875 21.495704357048147 1.7730000000000057
vertex 83.91399870426875 21.495704357048147 5.639932965095795e-15
endloop
endfacet
facet normal 0.8591366499936605 0.5117462424265278 4.314044962872115e-18
outer loop
vertex 83.91399870426875 21.495704357048147 1.7730000000000057
vertex 83.65237673119637 21.93492404617445 5.639932965095795e-15
vertex 83.65237673119637 21.93492404617445 1.7730000000000057
endloop
endfacet
facet normal 0.6526643843199534 0.7576471483746616 6.387001199230881e-18
outer loop
vertex 93.2317657280063 10.848824714327597 1.7730000000000057
vertex 95.53650121299209 8.971628961302741 5.639932965095795e-15
vertex 93.2317657280063 10.848824714327597 5.639932965095795e-15
endloop
endfacet
facet normal 0.6084206561916284 0.793614708230227 6.690209425413375e-18
outer loop
vertex 95.53650121299209 8.971628961302741 5.639932965095795e-15
vertex 93.2317657280063 10.848824714327597 1.7730000000000057
vertex 95.53650121299209 8.971628961302741 1.7730000000000057
endloop
endfacet
facet normal 0.8476346461531407 -0.5305803489018794 -4.472817368869513e-18
outer loop
vertex 83.64342205619714 22.36967511640082 5.639932965095795e-15
vertex 83.51531854398641 22.16502189946873 1.7730000000000057
vertex 83.51531854398641 22.16502189946873 5.639932965095795e-15
endloop
endfacet
facet normal 0.8476346461531407 -0.5305803489018794 -4.472817368869513e-18
outer loop
vertex 83.51531854398641 22.16502189946873 1.7730000000000057
vertex 83.64342205619714 22.36967511640082 5.639932965095795e-15
vertex 83.64342205619714 22.36967511640082 1.7730000000000057
endloop
endfacet
facet normal 0.859136649993621 0.511746242426594 4.314044962872672e-18
outer loop
vertex 83.51531854398641 22.16502189946873 5.639932965095795e-15
vertex 83.65237673119637 21.93492404617445 1.7730000000000057
vertex 83.65237673119637 21.93492404617445 5.639932965095795e-15
endloop
endfacet
facet normal 0.859136649993621 0.511746242426594 4.314044962872672e-18
outer loop
vertex 83.65237673119637 21.93492404617445 1.7730000000000057
vertex 83.51531854398641 22.16502189946873 5.639932965095795e-15
vertex 83.51531854398641 22.16502189946873 1.7730000000000057
endloop
endfacet
facet normal 0.4623526904772813 0.8866961089394829 7.47489002406867e-18
outer loop
vertex 101.83819037017294 4.901115561132131 1.7730000000000057
vertex 103.81543923197655 3.9462032883264184 5.639932965095795e-15
vertex 101.83819037017294 4.901115561132131 5.639932965095795e-15
endloop
endfacet
facet normal 0.4031730607451581 0.9151237528822981 7.714536403446688e-18
outer loop
vertex 103.81543923197655 3.9462032883264184 5.639932965095795e-15
vertex 101.83819037017294 4.901115561132131 1.7730000000000057
vertex 103.81543923197655 3.9462032883264184 1.7730000000000057
endloop
endfacet
facet normal 0.7551126835936445 0.6555950236815441 5.526696974240017e-18
outer loop
vertex 87.67904026069968 16.36839170890958 5.639932965095795e-15
vertex 88.5338413106353 15.409858880428141 1.7730000000000057
vertex 88.5338413106353 15.409858880428141 5.639932965095795e-15
endloop
endfacet
facet normal 0.7380172551749773 0.6747818396074338 5.688442737542857e-18
outer loop
vertex 88.5338413106353 15.409858880428141 1.7730000000000057
vertex 87.67904026069968 16.36839170890958 5.639932965095795e-15
vertex 87.67904026069968 16.36839170890958 1.7730000000000057
endloop
endfacet
facet normal 0.2557753264652364 0.9667362527450815 8.14963221186632e-18
outer loop
vertex 107.82753632326893 2.516811467946498 1.7730000000000057
vertex 109.84735221693798 2.075768823103128 5.639932965095795e-15
vertex 107.82753632326893 2.516811467946498 5.639932965095795e-15
endloop
endfacet
facet normal 0.1642238333600595 0.9864231001738187 8.315593264324794e-18
outer loop
vertex 109.84735221693798 2.075768823103128 5.639932965095795e-15
vertex 107.82753632326893 2.516811467946498 1.7730000000000057
vertex 109.84735221693798 2.075768823103128 1.7730000000000057
endloop
endfacet
facet normal 0.9629131258658117 0.26981162323986635 2.274524711003439e-18
outer loop
vertex 83.60587048898888 22.69791538198493 5.639932965095795e-15
vertex 83.64342205619714 22.36967511640082 1.7730000000000057
vertex 83.64342205619714 22.36967511640082 5.639932965095795e-15
endloop
endfacet
facet normal 0.9935195559896062 0.11366130329279114 9.58170148194384e-19
outer loop
vertex 83.64342205619714 22.36967511640082 1.7730000000000057
vertex 83.60587048898888 22.69791538198493 5.639932965095795e-15
vertex 83.60587048898888 22.69791538198493 1.7730000000000057
endloop
endfacet
facet normal 0.8832205583934584 0.46895782884087545 3.953336618003369e-18
outer loop
vertex 83.38872631608446 23.168296080865442 5.639932965095795e-15
vertex 83.60587048898888 22.69791538198493 1.7730000000000057
vertex 83.60587048898888 22.69791538198493 5.639932965095795e-15
endloop
endfacet
facet normal 0.9629131258658117 0.26981162323986635 2.274524711003439e-18
outer loop
vertex 83.60587048898888 22.69791538198493 1.7730000000000057
vertex 83.38872631608446 23.168296080865442 5.639932965095795e-15
vertex 83.38872631608446 23.168296080865442 1.7730000000000057
endloop
endfacet
facet normal 0.8445546057817662 0.5354694368988819 4.514032611303921e-18
outer loop
vertex 82.98525088495802 23.835731437566743 5.639932965095795e-15
vertex 83.38872631608446 23.168296080865442 1.7730000000000057
vertex 83.38872631608446 23.168296080865442 5.639932965095795e-15
endloop
endfacet
facet normal 0.8832205583934584 0.46895782884087545 3.953336618003369e-18
outer loop
vertex 83.38872631608446 23.168296080865442 1.7730000000000057
vertex 82.98525088495802 23.835731437566743 5.639932965095795e-15
vertex 82.98525088495802 23.835731437566743 1.7730000000000057
endloop
endfacet
facet normal -0.06003624099440445 0.9981961980328626 8.414841034616925e-18
outer loop
vertex 114.04542355306685 1.839918840180498 1.7730000000000057
vertex 116.67232902505155 2.155773807222468 5.639932965095795e-15
vertex 114.04542355306685 1.839918840180498 5.639932965095795e-15
endloop
endfacet
facet normal -0.18044828630609547 0.9835844732249456 8.29166350524695e-18
outer loop
vertex 116.67232902505155 2.155773807222468 5.639932965095795e-15
vertex 114.04542355306685 1.839918840180498 1.7730000000000057
vertex 116.67232902505155 2.155773807222468 1.7730000000000057
endloop
endfacet
facet normal 0.8411979523120375 0.5407272926587257 4.558356583373963e-18
outer loop
vertex 82.47274254315293 24.607180782567266 5.639932965095795e-15
vertex 82.98525088495802 23.835731437566743 1.7730000000000057
vertex 82.98525088495802 23.835731437566743 5.639932965095795e-15
endloop
endfacet
facet normal 0.8445546057817662 0.5354694368988819 4.514032611303921e-18
outer loop
vertex 82.98525088495802 23.835731437566743 1.7730000000000057
vertex 82.47274254315293 24.607180782567266 5.639932965095795e-15
vertex 82.47274254315293 24.607180782567266 1.7730000000000057
endloop
endfacet
facet normal 0.772281248711682 0.6352807827160566 5.355446964672408e-18
outer loop
vertex 86.85040519554462 17.34882380171523 5.639932965095795e-15
vertex 87.67904026069968 16.36839170890958 1.7730000000000057
vertex 87.67904026069968 16.36839170890958 5.639932965095795e-15
endloop
endfacet
facet normal 0.7551126835936445 0.6555950236815441 5.526696974240017e-18
outer loop
vertex 87.67904026069968 16.36839170890958 1.7730000000000057
vertex 86.85040519554462 17.34882380171523 5.639932965095795e-15
vertex 86.85040519554462 17.34882380171523 1.7730000000000057
endloop
endfacet
facet normal 0.33460127597742 0.9423597965290554 7.944137536120815e-18
outer loop
vertex 105.84889470685671 3.133901300623097 1.7730000000000057
vertex 107.82753632326893 2.516811467946498 5.639932965095795e-15
vertex 105.84889470685671 3.133901300623097 5.639932965095795e-15
endloop
endfacet
facet normal 0.2557753264652364 0.9667362527450815 8.14963221186632e-18
outer loop
vertex 107.82753632326893 2.516811467946498 5.639932965095795e-15
vertex 105.84889470685671 3.133901300623097 1.7730000000000057
vertex 107.82753632326893 2.516811467946498 1.7730000000000057
endloop
endfacet
facet normal -0.9682988134364897 0.24979473152467818 2.105781369641901e-18
outer loop
vertex 62.629187647335876 32.13289384653429 1.7730000000000057
vertex 62.3498091528103 31.220396352377893 5.639932965095795e-15
vertex 62.3498091528103 31.220396352377893 1.7730000000000057
endloop
endfacet
facet normal -0.9421711659394401 0.33513205467743024 2.825179029205519e-18
outer loop
vertex 62.3498091528103 31.220396352377893 5.639932965095795e-15
vertex 62.629187647335876 32.13289384653429 1.7730000000000057
vertex 62.629187647335876 32.13289384653429 5.639932965095795e-15
endloop
endfacet
facet normal -0.9151429934971768 0.40312938549927924 3.3983997354872316e-18
outer loop
vertex 61.99018632038132 30.336441920044905 1.7730000000000057
vertex 61.3695903057376 29.030043305126693 5.639932965095795e-15
vertex 61.3695903057376 29.030043305126693 1.7730000000000057
endloop
endfacet
facet normal -0.9061676383336008 0.42291868158891327 3.565224434989597e-18
outer loop
vertex 61.3695903057376 29.030043305126693 5.639932965095795e-15
vertex 61.99018632038132 30.336441920044905 1.7730000000000057
vertex 61.99018632038132 30.336441920044905 5.639932965095795e-15
endloop
endfacet
facet normal -0.9415316124747689 0.33692465435266317 2.8402907290251712e-18
outer loop
vertex 60.059250201894955 25.80226991302462 1.7730000000000057
vertex 59.79534497862669 25.166947543176885 5.639932965095795e-15
vertex 59.79534497862669 25.166947543176885 1.7730000000000057
endloop
endfacet
facet normal -0.8893131803355082 0.45729866310929035 3.855049300919928e-18
outer loop
vertex 59.79534497862669 25.166947543176885 5.639932965095795e-15
vertex 60.059250201894955 25.80226991302462 1.7730000000000057
vertex 60.059250201894955 25.80226991302462 5.639932965095795e-15
endloop
endfacet
facet normal -0.8893131803355082 0.45729866310929035 3.855049300919928e-18
outer loop
vertex 59.79534497862669 25.166947543176885 1.7730000000000057
vertex 59.44734827226837 24.607180782567273 5.639932965095795e-15
vertex 59.44734827226837 24.607180782567273 1.7730000000000057
endloop
endfacet
facet normal -0.8411979523120375 0.5407272926587257 4.558356583373963e-18
outer loop
vertex 59.44734827226837 24.607180782567273 5.639932965095795e-15
vertex 59.79534497862669 25.166947543176885 1.7730000000000057
vertex 59.79534497862669 25.166947543176885 5.639932965095795e-15
endloop
endfacet
facet normal -0.8411979523120375 0.5407272926587257 4.558356583373963e-18
outer loop
vertex 59.44734827226837 24.607180782567273 1.7730000000000057
vertex 58.934839930463276 23.835731437566746 5.639932965095795e-15
vertex 58.934839930463276 23.835731437566746 1.7730000000000057
endloop
endfacet
facet normal -0.8445546057817662 0.5354694368988819 4.514032611303921e-18
outer loop
vertex 58.934839930463276 23.835731437566746 5.639932965095795e-15
vertex 59.44734827226837 24.607180782567273 1.7730000000000057
vertex 59.44734827226837 24.607180782567273 5.639932965095795e-15
endloop
endfacet
facet normal -0.8445546057817662 0.5354694368988819 4.514032611303921e-18
outer loop
vertex 58.934839930463276 23.835731437566746 1.7730000000000057
vertex 58.53136449933684 23.168296080865446 5.639932965095795e-15
vertex 58.53136449933684 23.168296080865446 1.7730000000000057
endloop
endfacet
facet normal -0.8832205583934584 0.46895782884087545 3.953336618003369e-18
outer loop
vertex 58.53136449933684 23.168296080865446 5.639932965095795e-15
vertex 58.934839930463276 23.835731437566746 1.7730000000000057
vertex 58.934839930463276 23.835731437566746 5.639932965095795e-15
endloop
endfacet
facet normal 0.9867138517702075 0.16246776518682385 1.3696109241758336e-18
outer loop
vertex 79.09399429265424 33.0666662571471 5.639932965095795e-15
vertex 79.29090316808542 32.13289384653428 1.7730000000000057
vertex 79.29090316808542 32.13289384653428 5.639932965095795e-15
endloop
endfacet
facet normal 0.9682988134364897 0.24979473152467818 2.105781369641901e-18
outer loop
vertex 79.29090316808542 32.13289384653428 1.7730000000000057
vertex 79.09399429265424 33.0666662571471 5.639932965095795e-15
vertex 79.09399429265424 33.0666662571471 1.7730000000000057
endloop
endfacet
facet normal -0.8832205583934584 0.46895782884087545 3.953336618003369e-18
outer loop
vertex 58.53136449933684 23.168296080865446 1.7730000000000057
vertex 58.31422032643241 22.697915381984938 5.639932965095795e-15
vertex 58.31422032643241 22.697915381984938 1.7730000000000057
endloop
endfacet
facet normal -0.9629131258658117 0.26981162323986635 2.274524711003439e-18
outer loop
vertex 58.31422032643241 22.697915381984938 5.639932965095795e-15
vertex 58.53136449933684 23.168296080865446 1.7730000000000057
vertex 58.53136449933684 23.168296080865446 5.639932965095795e-15
endloop
endfacet
facet normal -0.8476346461531407 -0.5305803489018794 -4.472817368869513e-18
outer loop
vertex 58.27666875922416 22.369675116400824 1.7730000000000057
vertex 58.404772271434894 22.165021899468734 5.639932965095795e-15
vertex 58.404772271434894 22.165021899468734 1.7730000000000057
endloop
endfacet
facet normal -0.8476346461531407 -0.5305803489018794 -4.472817368869513e-18
outer loop
vertex 58.404772271434894 22.165021899468734 5.639932965095795e-15
vertex 58.27666875922416 22.369675116400824 1.7730000000000057
vertex 58.27666875922416 22.369675116400824 5.639932965095795e-15
endloop
endfacet
facet normal -0.9867138517702075 0.16246776518682385 1.3696109241758336e-18
outer loop
vertex 62.82609652276706 33.066666257147105 1.7730000000000057
vertex 62.629187647335876 32.13289384653429 5.639932965095795e-15
vertex 62.629187647335876 32.13289384653429 1.7730000000000057
endloop
endfacet
facet normal -0.9682988134364897 0.24979473152467818 2.105781369641901e-18
outer loop
vertex 62.629187647335876 32.13289384653429 5.639932965095795e-15
vertex 62.82609652276706 33.066666257147105 1.7730000000000057
vertex 62.82609652276706 33.066666257147105 5.639932965095795e-15
endloop
endfacet
facet normal -0.9391687683793698 0.34345600082219846 2.8953502878488325e-18
outer loop
vertex 60.3098573007971 26.63117922287044 1.7730000000000057
vertex 60.059250201894955 25.80226991302462 5.639932965095795e-15
vertex 60.059250201894955 25.80226991302462 1.7730000000000057
endloop
endfacet
facet normal -0.9415316124747689 0.33692465435266317 2.8402907290251712e-18
outer loop
vertex 60.059250201894955 25.80226991302462 5.639932965095795e-15
vertex 60.3098573007971 26.63117922287044 1.7730000000000057
vertex 60.3098573007971 26.63117922287044 5.639932965095795e-15
endloop
endfacet
facet normal 0.9061676383336008 0.42291868158891327 3.565224434989597e-18
outer loop
vertex 80.5505005096837 29.030043305126686 5.639932965095795e-15
vertex 80.89957927587872 28.268581000748153 1.7730000000000057
vertex 80.89957927587872 28.268581000748153 5.639932965095795e-15
endloop
endfacet
facet normal 0.9129003369830806 0.40818252625042395 3.4409979503774734e-18
outer loop
vertex 80.89957927587872 28.268581000748153 1.7730000000000057
vertex 80.5505005096837 29.030043305126686 5.639932965095795e-15
vertex 80.5505005096837 29.030043305126686 1.7730000000000057
endloop
endfacet
facet normal -0.859136649993621 0.511746242426594 4.314044962872672e-18
outer loop
vertex 58.404772271434894 22.165021899468734 1.7730000000000057
vertex 58.26771408422492 21.93492404617446 5.639932965095795e-15
vertex 58.26771408422492 21.93492404617446 1.7730000000000057
endloop
endfacet
facet normal -0.859136649993621 0.511746242426594 4.314044962872672e-18
outer loop
vertex 58.26771408422492 21.93492404617446 5.639932965095795e-15
vertex 58.404772271434894 22.165021899468734 1.7730000000000057
vertex 58.404772271434894 22.165021899468734 5.639932965095795e-15
endloop
endfacet
facet normal -0.8591366499936605 0.5117462424265278 4.314044962872115e-18
outer loop
vertex 58.26771408422492 21.93492404617446 1.7730000000000057
vertex 58.00609211115254 21.495704357048155 5.639932965095795e-15
vertex 58.00609211115254 21.495704357048155 1.7730000000000057
endloop
endfacet
facet normal -0.8591366499936605 0.5117462424265278 4.314044962872115e-18
outer loop
vertex 58.00609211115254 21.495704357048155 5.639932965095795e-15
vertex 58.26771408422492 21.93492404617446 1.7730000000000057
vertex 58.26771408422492 21.93492404617446 5.639932965095795e-15
endloop
endfacet
facet normal -0.8591366499937266 0.5117462424264168 4.314044962871179e-18
outer loop
vertex 58.00609211115254 21.495704357048155 1.7730000000000057
vertex 57.770694133155814 21.1005103849879 5.639932965095795e-15
vertex 57.770694133155814 21.1005103849879 1.7730000000000057
endloop
endfacet
facet normal -0.8565715215871368 0.5160283213215117 4.350143089943713e-18
outer loop
vertex 57.770694133155814 21.1005103849879 5.639932965095795e-15
vertex 58.00609211115254 21.495704357048155 1.7730000000000057
vertex 58.00609211115254 21.495704357048155 5.639932965095795e-15
endloop
endfacet
facet normal -0.9629131258658117 0.26981162323986635 2.274524711003439e-18
outer loop
vertex 58.31422032643241 22.697915381984938 1.7730000000000057
vertex 58.27666875922416 22.369675116400824 5.639932965095795e-15
vertex 58.27666875922416 22.369675116400824 1.7730000000000057
endloop
endfacet
facet normal -0.9935195559896062 0.11366130329279114 9.581701481943841e-19
outer loop
vertex 58.27666875922416 22.369675116400824 5.639932965095795e-15
vertex 58.31422032643241 22.697915381984938 1.7730000000000057
vertex 58.31422032643241 22.697915381984938 5.639932965095795e-15
endloop
endfacet
facet normal -0.917385105259983 0.39800071438017587 3.3551647960323067e-18
outer loop
vertex 60.63448761850543 27.38303573920248 1.7730000000000057
vertex 60.3098573007971 26.63117922287044 5.639932965095795e-15
vertex 60.3098573007971 26.63117922287044 1.7730000000000057
endloop
endfacet
facet normal -0.9391687683793698 0.34345600082219846 2.8953502878488325e-18
outer loop
vertex 60.3098573007971 26.63117922287044 5.639932965095795e-15
vertex 60.63448761850543 27.38303573920248 1.7730000000000057
vertex 60.63448761850543 27.38303573920248 5.639932965095795e-15
endloop
endfacet
facet normal 0.917385105259983 0.39800071438017587 3.3551647960323067e-18
outer loop
vertex 81.28560319691586 27.383035739202473 5.639932965095795e-15
vertex 81.6102335146242 26.631179222870433 1.7730000000000057
vertex 81.6102335146242 26.631179222870433 5.639932965095795e-15
endloop
endfacet
facet normal 0.9391687683793698 0.34345600082219846 2.8953502878488325e-18
outer loop
vertex 81.6102335146242 26.631179222870433 1.7730000000000057
vertex 81.28560319691586 27.383035739202473 5.639932965095795e-15
vertex 81.28560319691586 27.383035739202473 1.7730000000000057
endloop
endfacet
facet normal -0.8565715215871368 0.5160283213215117 4.350143089943713e-18
outer loop
vertex 57.770694133155814 21.1005103849879 1.7730000000000057
vertex 57.562094359668464 20.758127280139668 5.639932965095795e-15
vertex 57.562094359668464 20.758127280139668 1.7730000000000057
endloop
endfacet
facet normal -0.8454731078091599 0.5340179996699747 4.5017969269995245e-18
outer loop
vertex 57.562094359668464 20.758127280139668 5.639932965095795e-15
vertex 57.770694133155814 21.1005103849879 1.7730000000000057
vertex 57.770694133155814 21.1005103849879 5.639932965095795e-15
endloop
endfacet
facet normal -0.8454731078091599 0.5340179996699747 4.5017969269995245e-18
outer loop
vertex 57.562094359668464 20.758127280139668 1.7730000000000057
vertex 56.99958343066851 19.898601218272997 5.639932965095795e-15
vertex 56.99958343066851 19.898601218272997 1.7730000000000057
endloop
endfacet
facet normal -0.8262347580159938 0.563325948848668 4.748864321040248e-18
outer loop
vertex 56.99958343066851 19.898601218272997 5.639932965095795e-15
vertex 57.562094359668464 20.758127280139668 1.7730000000000057
vertex 57.562094359668464 20.758127280139668 5.639932965095795e-15
endloop
endfacet
facet normal 0.9391687683793698 0.34345600082219846 2.8953502878488325e-18
outer loop
vertex 81.6102335146242 26.631179222870433 5.639932965095795e-15
vertex 81.86084061352635 25.802269913024617 1.7730000000000057
vertex 81.86084061352635 25.802269913024617 5.639932965095795e-15
endloop
endfacet
facet normal 0.9415316124747689 0.33692465435266317 2.8402907290251712e-18
outer loop
vertex 81.86084061352635 25.802269913024617 1.7730000000000057
vertex 81.6102335146242 26.631179222870433 5.639932965095795e-15
vertex 81.6102335146242 26.631179222870433 1.7730000000000057
endloop
endfacet
facet normal 0.9129003369830806 0.40818252625042395 3.4409979503774734e-18
outer loop
vertex 80.89957927587872 28.268581000748153 5.639932965095795e-15
vertex 81.28560319691586 27.383035739202473 1.7730000000000057
vertex 81.28560319691586 27.383035739202473 5.639932965095795e-15
endloop
endfacet
facet normal 0.917385105259983 0.39800071438017587 3.3551647960323067e-18
outer loop
vertex 81.28560319691586 27.383035739202473 1.7730000000000057
vertex 80.89957927587872 28.268581000748153 5.639932965095795e-15
vertex 80.89957927587872 28.268581000748153 1.7730000000000057
endloop
endfacet
facet normal 0.9421711659394401 0.33513205467743024 2.825179029205519e-18
outer loop
vertex 79.570281662611 31.22039635237789 5.639932965095795e-15
vertex 79.92990449503998 30.336441920044898 1.7730000000000057
vertex 79.92990449503998 30.336441920044898 5.639932965095795e-15
endloop
endfacet
facet normal 0.9151429934971768 0.40312938549927924 3.3983997354872316e-18
outer loop
vertex 79.92990449503998 30.336441920044898 1.7730000000000057
vertex 79.570281662611 31.22039635237789 5.639932965095795e-15
vertex 79.570281662611 31.22039635237789 1.7730000000000057
endloop
endfacet
facet normal 0.9972375798039533 0.07427792018328237 6.2616637085578995e-19
outer loop
vertex 78.98112343769931 34.014275981741974 5.639932965095795e-15
vertex 79.09399429265424 33.0666662571471 1.7730000000000057
vertex 79.09399429265424 33.0666662571471 5.639932965095795e-15
endloop
endfacet
facet normal 0.9867138517702075 0.16246776518682385 1.3696109241758336e-18
outer loop
vertex 79.09399429265424 33.0666662571471 1.7730000000000057
vertex 78.98112343769931 34.014275981741974 5.639932965095795e-15
vertex 78.98112343769931 34.014275981741974 1.7730000000000057
endloop
endfacet
facet normal 0.9415316124747689 0.33692465435266317 2.8402907290251712e-18
outer loop
vertex 81.86084061352635 25.802269913024617 5.639932965095795e-15
vertex 82.1247458367946 25.166947543176878 1.7730000000000057
vertex 82.1247458367946 25.166947543176878 5.639932965095795e-15
endloop
endfacet
facet normal 0.8893131803355082 0.45729866310929035 3.855049300919928e-18
outer loop
vertex 82.1247458367946 25.166947543176878 1.7730000000000057
vertex 81.86084061352635 25.802269913024617 5.639932965095795e-15
vertex 81.86084061352635 25.802269913024617 1.7730000000000057
endloop
endfacet
facet normal 0.9682988134364897 0.24979473152467818 2.105781369641901e-18
outer loop
vertex 79.29090316808542 32.13289384653428 5.639932965095795e-15
vertex 79.570281662611 31.22039635237789 1.7730000000000057
vertex 79.570281662611 31.22039635237789 5.639932965095795e-15
endloop
endfacet
facet normal 0.9421711659394401 0.33513205467743024 2.825179029205519e-18
outer loop
vertex 79.570281662611 31.22039635237789 1.7730000000000057
vertex 79.29090316808542 32.13289384653428 5.639932965095795e-15
vertex 79.29090316808542 32.13289384653428 1.7730000000000057
endloop
endfacet
facet normal -0.9891858560260862 -0.1466674545969185 -1.236413560597766e-18
outer loop
vertex 63.075970163653636 38.55841457272399 1.7730000000000057
vertex 62.93896737772198 34.014275981741974 5.639932965095795e-15
vertex 62.93896737772198 34.014275981741974 1.7730000000000057
endloop
endfacet
facet normal -0.9972375798039533 0.07427792018328239 6.261663708557903e-19
outer loop
vertex 62.93896737772198 34.014275981741974 5.639932965095795e-15
vertex 63.075970163653636 38.55841457272399 1.7730000000000057
vertex 63.075970163653636 38.55841457272399 5.639932965095795e-15
endloop
endfacet
facet normal -0.9421711659394401 0.33513205467743024 2.825179029205519e-18
outer loop
vertex 62.3498091528103 31.220396352377893 1.7730000000000057
vertex 61.99018632038132 30.336441920044905 5.639932965095795e-15
vertex 61.99018632038132 30.336441920044905 1.7730000000000057
endloop
endfacet
facet normal -0.9151429934971768 0.40312938549927924 3.3983997354872316e-18
outer loop
vertex 61.99018632038132 30.336441920044905 5.639932965095795e-15
vertex 62.3498091528103 31.220396352377893 1.7730000000000057
vertex 62.3498091528103 31.220396352377893 5.639932965095795e-15
endloop
endfacet
facet normal -0.9061676383336008 0.42291868158891327 3.565224434989597e-18
outer loop
vertex 61.3695903057376 29.030043305126693 1.7730000000000057
vertex 61.020511539542575 28.268581000748156 5.639932965095795e-15
vertex 61.020511539542575 28.268581000748156 1.7730000000000057
endloop
endfacet
facet normal -0.9129003369830806 0.40818252625042395 3.4409979503774734e-18
outer loop
vertex 61.020511539542575 28.268581000748156 5.639932965095795e-15
vertex 61.3695903057376 29.030043305126693 1.7730000000000057
vertex 61.3695903057376 29.030043305126693 5.639932965095795e-15
endloop
endfacet
facet normal -0.9129003369830806 0.40818252625042395 3.4409979503774734e-18
outer loop
vertex 61.020511539542575 28.268581000748156 1.7730000000000057
vertex 60.63448761850543 27.38303573920248 5.639932965095795e-15
vertex 60.63448761850543 27.38303573920248 1.7730000000000057
endloop
endfacet
facet normal -0.917385105259983 0.39800071438017587 3.3551647960323067e-18
outer loop
vertex 60.63448761850543 27.38303573920248 5.639932965095795e-15
vertex 61.020511539542575 28.268581000748156 1.7730000000000057
vertex 61.020511539542575 28.268581000748156 5.639932965095795e-15
endloop
endfacet
facet normal 0.9151429934971768 0.40312938549927924 3.3983997354872316e-18
outer loop
vertex 79.92990449503998 30.336441920044898 5.639932965095795e-15
vertex 80.5505005096837 29.030043305126686 1.7730000000000057
vertex 80.5505005096837 29.030043305126686 5.639932965095795e-15
endloop
endfacet
facet normal 0.9061676383336008 0.42291868158891327 3.565224434989597e-18
outer loop
vertex 80.5505005096837 29.030043305126686 1.7730000000000057
vertex 79.92990449503998 30.336441920044898 5.639932965095795e-15
vertex 79.92990449503998 30.336441920044898 1.7730000000000057
endloop
endfacet
facet normal -0.9972375798039533 0.07427792018328239 6.261663708557903e-19
outer loop
vertex 62.93896737772198 34.014275981741974 1.7730000000000057
vertex 62.82609652276706 33.066666257147105 5.639932965095795e-15
vertex 62.82609652276706 33.066666257147105 1.7730000000000057
endloop
endfacet
facet normal -0.9867138517702075 0.16246776518682385 1.3696109241758336e-18
outer loop
vertex 62.82609652276706 33.066666257147105 5.639932965095795e-15
vertex 62.93896737772198 34.014275981741974 1.7730000000000057
vertex 62.93896737772198 34.014275981741974 5.639932965095795e-15
endloop
endfacet
facet normal 0.5149314728964666 0.8572313446326353 7.226500671100593e-18
outer loop
vertex 18.027975671738307 4.9128753536916046 1.7730000000000057
vertex 20.250579631308984 3.7326300751803014 5.639932965095795e-15
vertex 18.027975671738307 4.9128753536916046 5.639932965095795e-15
endloop
endfacet
facet normal 0.4151013272816921 0.9097751854656059 7.669447727830521e-18
outer loop
vertex 20.250579631308984 3.7326300751803014 5.639932965095795e-15
vertex 18.027975671738307 4.9128753536916046 1.7730000000000057
vertex 20.250579631308984 3.7326300751803014 1.7730000000000057
endloop
endfacet
facet normal -0.05720776205499815 0.9983622949413999 8.416241239390732e-18
outer loop
vertex 30.02124209866244 1.8388868236879796 1.7730000000000057
vertex 32.072738598483326 2.075768823103139 5.639932965095795e-15
vertex 30.02124209866244 1.8388868236879796 5.639932965095795e-15
endloop
endfacet
facet normal -0.16422383336005936 0.9864231001738187 8.315593264324795e-18
outer loop
vertex 32.072738598483326 2.075768823103139 5.639932965095795e-15
vertex 30.02124209866244 1.8388868236879796 1.7730000000000057
vertex 32.072738598483326 2.075768823103139 1.7730000000000057
endloop
endfacet
facet normal -0.7551126835936445 0.6555950236815441 5.526696974240017e-18
outer loop
vertex 54.24105055472161 16.368391708909588 1.7730000000000057
vertex 53.38624950478601 15.40985888042815 5.639932965095795e-15
vertex 53.38624950478601 15.40985888042815 1.7730000000000057
endloop
endfacet
facet normal -0.7380172551749773 0.6747818396074338 5.688442737542857e-18
outer loop
vertex 53.38624950478601 15.40985888042815 5.639932965095795e-15
vertex 54.24105055472161 16.368391708909588 1.7730000000000057
vertex 54.24105055472161 16.368391708909588 5.639932965095795e-15
endloop
endfacet
facet normal -0.7380172551749773 0.6747818396074338 5.688442737542857e-18
outer loop
vertex 53.38624950478601 15.40985888042815 1.7730000000000057
vertex 52.50832333328368 14.4732755460967 5.639932965095795e-15
vertex 52.50832333328368 14.4732755460967 1.7730000000000057
endloop
endfacet
facet normal -0.718493623857265 0.6955335451841665 5.863380594418598e-18
outer loop
vertex 52.50832333328368 14.4732755460967 5.639932965095795e-15
vertex 53.38624950478601 15.40985888042815 1.7730000000000057
vertex 53.38624950478601 15.40985888042815 5.639932965095795e-15
endloop
endfacet
facet normal 0.5974854513603373 0.801879751217559 6.759884127661021e-18
outer loop
vertex 16.207011760590063 6.141898363756409 1.7730000000000057
vertex 18.027975671738307 4.9128753536916046 5.639932965095795e-15
vertex 16.207011760590063 6.141898363756409 5.639932965095795e-15
endloop
endfacet
facet normal 0.5149314728964666 0.8572313446326353 7.226500671100593e-18
outer loop
vertex 18.027975671738307 4.9128753536916046 5.639932965095795e-15
vertex 16.207011760590063 6.141898363756409 1.7730000000000057
vertex 18.027975671738307 4.9128753536916046 1.7730000000000057
endloop
endfacet
facet normal -0.5612562070846123 0.8276421146902777 6.977062066954088e-18
outer loop
vertex 43.981709746366484 7.2400942555862065 1.7730000000000057
vertex 46.38358960242922 8.971628961302752 5.639932965095795e-15
vertex 43.981709746366484 7.2400942555862065 5.639932965095795e-15
endloop
endfacet
facet normal -0.6084206561916292 0.7936147082302264 6.69020942541337e-18
outer loop
vertex 46.38358960242922 8.971628961302752 5.639932965095795e-15
vertex 43.981709746366484 7.2400942555862065 1.7730000000000057
vertex 46.38358960242922 8.971628961302752 1.7730000000000057
endloop
endfacet
facet normal -0.46235269047728106 0.886696108939483 7.474890024068672e-18
outer loop
vertex 40.08190044524835 4.9011155611321415 1.7730000000000057
vertex 41.99681071123709 5.9757058556291005 5.639932965095795e-15
vertex 40.08190044524835 4.9011155611321415 5.639932965095795e-15
endloop
endfacet
facet normal -0.513519763746459 0.8580777658474675 7.233636041867558e-18
outer loop
vertex 41.99681071123709 5.9757058556291005 5.639932965095795e-15
vertex 40.08190044524835 4.9011155611321415 1.7730000000000057
vertex 41.99681071123709 5.9757058556291005 1.7730000000000057
endloop
endfacet
facet normal 0.6680609588613567 0.7441065483149873 6.2728533020138535e-18
outer loop
vertex 14.507648489756038 7.535956295011498 1.7730000000000057
vertex 16.207011760590063 6.141898363756409 5.639932965095795e-15
vertex 14.507648489756038 7.535956295011498 5.639932965095795e-15
endloop
endfacet
facet normal 0.5974854513603373 0.801879751217559 6.759884127661021e-18
outer loop
vertex 16.207011760590063 6.141898363756409 5.639932965095795e-15
vertex 14.507648489756038 7.535956295011498 1.7730000000000057
vertex 16.207011760590063 6.141898363756409 1.7730000000000057
endloop
endfacet
facet normal 0.7285692858718228 0.6849721130704681 5.774347223514351e-18
outer loop
vertex 12.939184371316653 9.075760901963847 1.7730000000000057
vertex 14.507648489756038 7.535956295011498 5.639932965095795e-15
vertex 12.939184371316653 9.075760901963847 5.639932965095795e-15
endloop
endfacet
facet normal 0.6680609588613567 0.7441065483149873 6.2728533020138535e-18
outer loop
vertex 14.507648489756038 7.535956295011498 5.639932965095795e-15
vertex 12.939184371316653 9.075760901963847 1.7730000000000057
vertex 14.507648489756038 7.535956295011498 1.7730000000000057
endloop
endfacet
facet normal -0.16422383336005936 0.9864231001738187 8.315593264324795e-18
outer loop
vertex 32.072738598483326 2.075768823103139 1.7730000000000057
vertex 34.092554492152374 2.5168114679465083 5.639932965095795e-15
vertex 32.072738598483326 2.075768823103139 5.639932965095795e-15
endloop
endfacet
facet normal -0.2557753264652354 0.9667362527450817 8.14963221186632e-18
outer loop
vertex 34.092554492152374 2.5168114679465083 5.639932965095795e-15
vertex 32.072738598483326 2.075768823103139 1.7730000000000057
vertex 34.092554492152374 2.5168114679465083 1.7730000000000057
endloop
endfacet
facet normal -0.6084206561916292 0.7936147082302264 6.69020942541337e-18
outer loop
vertex 46.38358960242922 8.971628961302752 1.7730000000000057
vertex 48.68832508741499 10.848824714327606 5.639932965095795e-15
vertex 46.38358960242922 8.971628961302752 5.639932965095795e-15
endloop
endfacet
facet normal -0.6526643843199538 0.7576471483746613 6.387001199230879e-18
outer loop
vertex 48.68832508741499 10.848824714327606 5.639932965095795e-15
vertex 46.38358960242922 8.971628961302752 1.7730000000000057
vertex 48.68832508741499 10.848824714327606 1.7730000000000057
endloop
endfacet
facet normal 0.8509480026001187 0.5252499375258113 4.4278817495322296e-18
outer loop
vertex 9.479239066631884 13.565211820257238 5.639932965095795e-15
vertex 10.496051881439417 12.053472390158433 1.7730000000000057
vertex 10.496051881439417 12.053472390158433 5.639932965095795e-15
endloop
endfacet
facet normal 0.8113006299592224 0.5846291883132152 4.928451634606272e-18
outer loop
vertex 10.496051881439417 12.053472390158433 1.7730000000000057
vertex 9.479239066631884 13.565211820257238 5.639932965095795e-15
vertex 9.479239066631884 13.565211820257238 1.7730000000000057
endloop
endfacet
facet normal 0.8113006299592224 0.5846291883132152 4.928451634606272e-18
outer loop
vertex 10.496051881439417 12.053472390158433 5.639932965095795e-15
vertex 11.612312586195168 10.605462536646073 1.7730000000000057
vertex 11.612312586195168 10.605462536646073 5.639932965095795e-15
endloop
endfacet
facet normal 0.7740229560617226 0.6331575344963313 5.3375478820258986e-18
outer loop
vertex 11.612312586195168 10.605462536646073 1.7730000000000057
vertex 10.496051881439417 12.053472390158433 5.639932965095795e-15
vertex 10.496051881439417 12.053472390158433 1.7730000000000057
endloop
endfacet
facet normal 0.890549314972001 0.4548867085362026 3.834716410096211e-18
outer loop
vertex 8.580395863474648 15.157481138628997 5.639932965095795e-15
vertex 9.479239066631884 13.565211820257238 1.7730000000000057
vertex 9.479239066631884 13.565211820257238 5.639932965095795e-15
endloop
endfacet
facet normal 0.8509480026001187 0.5252499375258113 4.4278817495322296e-18
outer loop
vertex 9.479239066631884 13.565211820257238 1.7730000000000057
vertex 8.580395863474648 15.157481138628997 5.639932965095795e-15
vertex 8.580395863474648 15.157481138628997 1.7730000000000057
endloop
endfacet
facet normal -0.4031730607451599 0.9151237528822972 7.714536403446684e-18
outer loop
vertex 38.10465158344475 3.946203288326429 1.7730000000000057
vertex 40.08190044524835 4.9011155611321415 5.639932965095795e-15
vertex 38.10465158344475 3.946203288326429 5.639932965095795e-15
endloop
endfacet
facet normal -0.46235269047728106 0.886696108939483 7.474890024068672e-18
outer loop
vertex 40.08190044524835 4.9011155611321415 5.639932965095795e-15
vertex 38.10465158344475 3.946203288326429 1.7730000000000057
vertex 40.08190044524835 4.9011155611321415 1.7730000000000057
endloop
endfacet
facet normal 0.9237019617291011 0.38311184515466273 3.2296509261490163e-18
outer loop
vertex 7.909186889216411 16.618784464818702 5.639932965095795e-15
vertex 8.580395863474648 15.157481138628997 1.7730000000000057
vertex 8.580395863474648 15.157481138628997 5.639932965095795e-15
endloop
endfacet
facet normal 0.890549314972001 0.4548867085362026 3.834716410096211e-18
outer loop
vertex 8.580395863474648 15.157481138628997 1.7730000000000057
vertex 7.909186889216411 16.618784464818702 5.639932965095795e-15
vertex 7.909186889216411 16.618784464818702 1.7730000000000057
endloop
endfacet
facet normal -0.2557753264652354 0.9667362527450817 8.14963221186632e-18
outer loop
vertex 34.092554492152374 2.5168114679465083 1.7730000000000057
vertex 36.07119610856461 3.133901300623107 5.639932965095795e-15
vertex 34.092554492152374 2.5168114679465083 5.639932965095795e-15
endloop
endfacet
facet normal -0.3346012759774201 0.9423597965290552 7.944137536120813e-18
outer loop
vertex 36.07119610856461 3.133901300623107 5.639932965095795e-15
vertex 34.092554492152374 2.5168114679465083 1.7730000000000057
vertex 36.07119610856461 3.133901300623107 1.7730000000000057
endloop
endfacet
facet normal 0.948240901699919 0.31755187346845376 2.676977272351677e-18
outer loop
vertex 7.39589465839841 18.000256676846348 5.639932965095795e-15
vertex 7.909186889216411 16.618784464818702 1.7730000000000057
vertex 7.909186889216411 16.618784464818702 5.639932965095795e-15
endloop
endfacet
facet normal 0.9237019617291011 0.38311184515466273 3.2296509261490163e-18
outer loop
vertex 7.909186889216411 16.618784464818702 1.7730000000000057
vertex 7.39589465839841 18.000256676846348 5.639932965095795e-15
vertex 7.39589465839841 18.000256676846348 1.7730000000000057
endloop
endfacet
facet normal 0.7740229560617226 0.6331575344963313 5.3375478820258986e-18
outer loop
vertex 11.612312586195168 10.605462536646073 5.639932965095795e-15
vertex 12.939184371316653 9.075760901963847 1.7730000000000057
vertex 12.939184371316653 9.075760901963847 5.639932965095795e-15
endloop
endfacet
facet normal 0.7285692858718228 0.6849721130704681 5.774347223514351e-18
outer loop
vertex 12.939184371316653 9.075760901963847 1.7730000000000057
vertex 11.612312586195168 10.605462536646073 5.639932965095795e-15
vertex 11.612312586195168 10.605462536646073 1.7730000000000057
endloop
endfacet
facet normal 0.96592688191293 0.2588151054284982 2.181823547144719e-18
outer loop
vertex 6.974259566776044 19.41036863500969 5.639932965095795e-15
vertex 7.39589465839841 18.000256676846348 1.7730000000000057
vertex 7.39589465839841 18.000256676846348 5.639932965095795e-15
endloop
endfacet
facet normal 0.948240901699919 0.31755187346845376 2.676977272351677e-18
outer loop
vertex 7.39589465839841 18.000256676846348 1.7730000000000057
vertex 6.974259566776044 19.41036863500969 5.639932965095795e-15
vertex 6.974259566776044 19.41036863500969 1.7730000000000057
endloop
endfacet
facet normal 0.4151013272816921 0.9097751854656059 7.669447727830521e-18
outer loop
vertex 20.250579631308984 3.7326300751803014 1.7730000000000057
vertex 22.70285995219907 2.7872472000320285 5.639932965095795e-15
vertex 20.250579631308984 3.7326300751803014 5.639932965095795e-15
endloop
endfacet
facet normal 0.30085345919751755 0.953670381258057 8.039486298909813e-18
outer loop
vertex 22.70285995219907 2.7872472000320285 5.639932965095795e-15
vertex 20.250579631308984 3.7326300751803014 1.7730000000000057
vertex 22.70285995219907 2.7872472000320285 1.7730000000000057
endloop
endfacet
facet normal -0.7888961096663508 0.6145265886463313 5.180488129683358e-18
outer loop
vertex 55.78045046505134 18.236701113692494 1.7730000000000057
vertex 55.06968561987667 17.348823801715238 5.639932965095795e-15
vertex 55.06968561987667 17.348823801715238 1.7730000000000057
endloop
endfacet
facet normal -0.772281248711682 0.6352807827160566 5.355446964672408e-18
outer loop
vertex 55.06968561987667 17.348823801715238 5.639932965095795e-15
vertex 55.78045046505134 18.236701113692494 1.7730000000000057
vertex 55.78045046505134 18.236701113692494 5.639932965095795e-15
endloop
endfacet
facet normal -0.6526643843199538 0.7576471483746613 6.387001199230879e-18
outer loop
vertex 48.68832508741499 10.848824714327606 1.7730000000000057
vertex 50.88286055089591 12.847304230639045 5.639932965095795e-15
vertex 48.68832508741499 10.848824714327606 5.639932965095795e-15
endloop
endfacet
facet normal -0.6904525731783788 0.7233776635972081 6.0981078260555586e-18
outer loop
vertex 50.88286055089591 12.847304230639045 5.639932965095795e-15
vertex 48.68832508741499 10.848824714327606 1.7730000000000057
vertex 50.88286055089591 12.847304230639045 1.7730000000000057
endloop
endfacet
facet normal -0.8262347580159938 0.563325948848668 4.748864321040248e-18
outer loop
vertex 56.99958343066851 19.898601218272997 1.7730000000000057
vertex 56.402661250534564 19.057711172592626 5.639932965095795e-15
vertex 56.402661250534564 19.057711172592626 1.7730000000000057
endloop
endfacet
facet normal -0.8063062034064647 0.5914983570123021 4.986359050760227e-18
outer loop
vertex 56.402661250534564 19.057711172592626 5.639932965095795e-15
vertex 56.99958343066851 19.898601218272997 1.7730000000000057
vertex 56.99958343066851 19.898601218272997 5.639932965095795e-15
endloop
endfacet
facet normal -0.772281248711682 0.6352807827160566 5.355446964672408e-18
outer loop
vertex 55.06968561987667 17.348823801715238 1.7730000000000057
vertex 54.24105055472161 16.368391708909588 5.639932965095795e-15
vertex 54.24105055472161 16.368391708909588 1.7730000000000057
endloop
endfacet
facet normal -0.7551126835936445 0.6555950236815441 5.526696974240017e-18
outer loop
vertex 54.24105055472161 16.368391708909588 5.639932965095795e-15
vertex 55.06968561987667 17.348823801715238 1.7730000000000057
vertex 55.06968561987667 17.348823801715238 5.639932965095795e-15
endloop
endfacet
facet normal -0.718493623857265 0.6955335451841665 5.863380594418598e-18
outer loop
vertex 52.50832333328368 14.4732755460967 1.7730000000000057
vertex 50.88286055089591 12.847304230639045 5.639932965095795e-15
vertex 50.88286055089591 12.847304230639045 1.7730000000000057
endloop
endfacet
facet normal -0.6904525731783788 0.7233776635972081 6.0981078260555586e-18
outer loop
vertex 50.88286055089591 12.847304230639045 5.639932965095795e-15
vertex 52.50832333328368 14.4732755460967 1.7730000000000057
vertex 52.50832333328368 14.4732755460967 5.639932965095795e-15
endloop
endfacet
facet normal -0.8063062034064647 0.5914983570123021 4.986359050760227e-18
outer loop
vertex 56.402661250534564 19.057711172592626 1.7730000000000057
vertex 55.78045046505134 18.236701113692494 5.639932965095795e-15
vertex 55.78045046505134 18.236701113692494 1.7730000000000057
endloop
endfacet
facet normal -0.7888961096663508 0.6145265886463313 5.180488129683358e-18
outer loop
vertex 55.78045046505134 18.236701113692494 5.639932965095795e-15
vertex 56.402661250534564 19.057711172592626 1.7730000000000057
vertex 56.402661250534564 19.057711172592626 5.639932965095795e-15
endloop
endfacet
facet normal -0.3346012759774201 0.9423597965290552 7.944137536120813e-18
outer loop
vertex 36.07119610856461 3.133901300623107 1.7730000000000057
vertex 38.10465158344475 3.946203288326429 5.639932965095795e-15
vertex 36.07119610856461 3.133901300623107 5.639932965095795e-15
endloop
endfacet
facet normal -0.4031730607451599 0.9151237528822972 7.714536403446684e-18
outer loop
vertex 38.10465158344475 3.946203288326429 5.639932965095795e-15
vertex 36.07119610856461 3.133901300623107 1.7730000000000057
vertex 38.10465158344475 3.946203288326429 1.7730000000000057
endloop
endfacet
facet normal -0.513519763746459 0.8580777658474675 7.233636041867558e-18
outer loop
vertex 41.99681071123709 5.9757058556291005 1.7730000000000057
vertex 43.981709746366484 7.2400942555862065 5.639932965095795e-15
vertex 41.99681071123709 5.9757058556291005 5.639932965095795e-15
endloop
endfacet
facet normal -0.5612562070846123 0.8276421146902777 6.977062066954088e-18
outer loop
vertex 43.981709746366484 7.2400942555862065 5.639932965095795e-15
vertex 41.99681071123709 5.9757058556291005 1.7730000000000057
vertex 43.981709746366484 7.2400942555862065 1.7730000000000057
endloop
endfacet
facet normal 0.18044828630609516 0.9835844732249457 8.291663505246947e-18
outer loop
vertex 25.247761790369758 2.155773807222479 1.7730000000000057
vertex 27.874667262354468 1.8399188401805089 5.639932965095795e-15
vertex 25.247761790369758 2.155773807222479 5.639932965095795e-15
endloop
endfacet
facet normal 0.060036240994404265 0.9981961980328627 8.414841034616925e-18
outer loop
vertex 27.874667262354468 1.8399188401805089 5.639932965095795e-15
vertex 25.247761790369758 2.155773807222479 1.7730000000000057
vertex 27.874667262354468 1.8399188401805089 1.7730000000000057
endloop
endfacet
facet normal 0.30085345919751755 0.953670381258057 8.039486298909813e-18
outer loop
vertex 22.70285995219907 2.7872472000320285 1.7730000000000057
vertex 25.247761790369758 2.155773807222479 5.639932965095795e-15
vertex 22.70285995219907 2.7872472000320285 5.639932965095795e-15
endloop
endfacet
facet normal 0.18044828630609516 0.9835844732249457 8.291663505246947e-18
outer loop
vertex 25.247761790369758 2.155773807222479 5.639932965095795e-15
vertex 22.70285995219907 2.7872472000320285 1.7730000000000057
vertex 25.247761790369758 2.155773807222479 1.7730000000000057
endloop
endfacet
facet normal 0.060036240994404265 0.9981961980328627 8.414841034616925e-18
outer loop
vertex 27.874667262354468 1.8399188401805089 1.7730000000000057
vertex 30.02124209866244 1.8388868236879796 5.639932965095795e-15
vertex 27.874667262354468 1.8399188401805089 5.639932965095795e-15
endloop
endfacet
facet normal -0.05720776205499815 0.9983622949413999 8.416241239390732e-18
outer loop
vertex 30.02124209866244 1.8388868236879796 5.639932965095795e-15
vertex 27.874667262354468 1.8399188401805089 1.7730000000000057
vertex 30.02124209866244 1.8388868236879796 1.7730000000000057
endloop
endfacet
facet normal 0.03450648597743964 -0.9994044738870688 -8.4250268570626e-18
outer loop
vertex 29.711376426434303 50.89206336289897 1.7730000000000057
vertex 28.890525158856395 50.84655978291714 5.639932965095795e-15
vertex 29.711376426434303 50.89206336289897 5.639932965095795e-15
endloop
endfacet
facet normal 0.05534964288136714 -0.9984670335233433 -8.417124190577064e-18
outer loop
vertex 28.890525158856395 50.84655978291714 5.639932965095795e-15
vertex 29.711376426434303 50.89206336289897 1.7730000000000057
vertex 28.890525158856395 50.84655978291714 1.7730000000000057
endloop
endfacet
facet normal 0.9901096604293267 -0.14029561762408546 -1.182698674355413e-18
outer loop
vertex 6.431120813179348 34.2142127938311 5.639932965095795e-15
vertex 6.047541982520165 30.922807251203654 1.7730000000000057
vertex 6.047541982520165 30.922807251203654 5.639932965095795e-15
endloop
endfacet
facet normal 0.9965223287851203 -0.08332615575364488 -7.024434235218037e-19
outer loop
vertex 6.047541982520165 30.922807251203654 1.7730000000000057
vertex 6.431120813179348 34.2142127938311 5.639932965095795e-15
vertex 6.431120813179348 34.2142127938311 1.7730000000000057
endloop
endfacet
facet normal 0.31766505207096896 -0.9482029923453883 -7.99339595247772e-18
outer loop
vertex 18.936407161484198 49.39683484286482 1.7730000000000057
vertex 16.21048999935105 48.28698283744057 5.639932965095795e-15
vertex 18.936407161484198 49.39683484286482 5.639932965095795e-15
endloop
endfacet
facet normal 0.4350021315800303 -0.9004294228426959 -7.590662508077097e-18
outer loop
vertex 16.21048999935105 48.28698283744057 5.639932965095795e-15
vertex 18.936407161484198 49.39683484286482 1.7730000000000057
vertex 16.21048999935105 48.28698283744057 1.7730000000000057
endloop
endfacet
facet normal 0.9961533009723841 0.0876276267042713 7.387050265371981e-19
outer loop
vertex 5.8756582159312405 26.28956041408897 5.639932965095795e-15
vertex 6.06135176802673 24.4428517002922 1.7730000000000057
vertex 6.06135176802673 24.4428517002922 5.639932965095795e-15
endloop
endfacet
facet normal 0.9930627626626125 0.11758549831037873 9.912512972980476e-19
outer loop
vertex 6.06135176802673 24.4428517002922 1.7730000000000057
vertex 5.8756582159312405 26.28956041408897 5.639932965095795e-15
vertex 5.8756582159312405 26.28956041408897 1.7730000000000057
endloop
endfacet
facet normal 0.7856215493428642 -0.6187073469808789 -5.21573211965116e-18
outer loop
vertex 10.11770541066261 43.770762160124164 5.639932965095795e-15
vertex 9.115735597624907 42.326973513474 1.7730000000000057
vertex 9.115735597624907 42.326973513474 5.639932965095795e-15
endloop
endfacet
facet normal 0.8544728698844639 -0.5194960198417389 -4.37937595204156e-18
outer loop
vertex 9.115735597624907 42.326973513474 1.7730000000000057
vertex 10.11770541066261 43.770762160124164 5.639932965095795e-15
vertex 10.11770541066261 43.770762160124164 1.7730000000000057
endloop
endfacet
facet normal 0.5453572945623212 -0.8382036872190827 -7.066096621564307e-18
outer loop
vertex 13.646773278583652 46.8413852363034 1.7730000000000057
vertex 11.286405432357864 45.08324432065973 5.639932965095795e-15
vertex 13.646773278583652 46.8413852363034 5.639932965095795e-15
endloop
endfacet
facet normal 0.6755737159013093 -0.7372924483427842 -6.215410117825136e-18
outer loop
vertex 11.286405432357864 45.08324432065973 5.639932965095795e-15
vertex 13.646773278583652 46.8413852363034 1.7730000000000057
vertex 11.286405432357864 45.08324432065973 1.7730000000000057
endloop
endfacet
facet normal 0.14633082939642492 -0.9892357092059276 -8.339303691137043e-18
outer loop
vertex 22.15586904962408 50.20861317219974 1.7730000000000057
vertex 21.780772965386525 50.15312779030437 5.639932965095795e-15
vertex 22.15586904962408 50.20861317219974 5.639932965095795e-15
endloop
endfacet
facet normal 0.20196944549201026 -0.9793918230655441 -8.256319266634688e-18
outer loop
vertex 21.780772965386525 50.15312779030437 5.639932965095795e-15
vertex 22.15586904962408 50.20861317219974 1.7730000000000057
vertex 21.780772965386525 50.15312779030437 1.7730000000000057
endloop
endfacet
facet normal 0.9786749671602342 0.2054149669666614 1.7316578610116441e-18
outer loop
vertex 6.632771455194399 20.849082683014466 5.639932965095795e-15
vertex 6.974259566776044 19.41036863500969 1.7730000000000057
vertex 6.974259566776044 19.41036863500969 5.639932965095795e-15
endloop
endfacet
facet normal 0.96592688191293 0.2588151054284982 2.181823547144719e-18
outer loop
vertex 6.974259566776044 19.41036863500969 1.7730000000000057
vertex 6.632771455194399 20.849082683014466 5.639932965095795e-15
vertex 6.632771455194399 20.849082683014466 1.7730000000000057
endloop
endfacet
facet normal 0.9978428997602584 -0.065647143106453 -5.534085129818976e-19
outer loop
vertex 5.902125315628998 28.962377481510405 5.639932965095795e-15
vertex 5.8811295564112855 28.552522128859167 1.7730000000000057
vertex 5.8811295564112855 28.552522128859167 5.639932965095795e-15
endloop
endfacet
facet normal 0.9903265179416866 -0.13875657772334463 -1.1697244953952161e-18
outer loop
vertex 5.8811295564112855 28.552522128859167 1.7730000000000057
vertex 5.902125315628998 28.962377481510405 5.639932965095795e-15
vertex 5.902125315628998 28.962377481510405 1.7730000000000057
endloop
endfacet
facet normal 0.9875257774422719 0.15745741928228277 1.3273734718611044e-18
outer loop
vertex 6.311897155532586 22.605130153671823 5.639932965095795e-15
vertex 6.632771455194399 20.849082683014466 1.7730000000000057
vertex 6.632771455194399 20.849082683014466 5.639932965095795e-15
endloop
endfacet
facet normal 0.9786749671602342 0.2054149669666614 1.7316578610116441e-18
outer loop
vertex 6.632771455194399 20.849082683014466 1.7730000000000057
vertex 6.311897155532586 22.605130153671823 5.639932965095795e-15
vertex 6.311897155532586 22.605130153671823 1.7730000000000057
endloop
endfacet
facet normal 0.9436310708879624 -0.33099909675834066 -2.790337998994788e-18
outer loop
vertex 5.848449290443738 28.411185132408004 5.639932965095795e-15
vertex 5.800441118615431 28.311161792889806 1.7730000000000057
vertex 5.800441118615431 28.311161792889806 5.639932965095795e-15
endloop
endfacet
facet normal 0.8315479507289397 -0.5554529733816364 -4.682494766482668e-18
outer loop
vertex 5.800441118615431 28.311161792889806 1.7730000000000057
vertex 5.848449290443738 28.411185132408004 5.639932965095795e-15
vertex 5.848449290443738 28.411185132408004 1.7730000000000057
endloop
endfacet
facet normal 0.9937315496742184 0.11179269735576051 9.424177120025397e-19
outer loop
vertex 5.736621446623602 28.133406892698076 5.639932965095795e-15
vertex 5.8756582159312405 26.28956041408897 1.7730000000000057
vertex 5.8756582159312405 26.28956041408897 5.639932965095795e-15
endloop
endfacet
facet normal 0.9961533009723841 0.0876276267042713 7.387050265371981e-19
outer loop
vertex 5.8756582159312405 26.28956041408897 1.7730000000000057
vertex 5.736621446623602 28.133406892698076 5.639932965095795e-15
vertex 5.736621446623602 28.133406892698076 1.7730000000000057
endloop
endfacet
facet normal 0.996309406286861 -0.08583453235337477 -7.235891565783674e-19
outer loop
vertex 5.953371457425645 29.599936168989615 5.639932965095795e-15
vertex 5.902125315628998 28.962377481510405 1.7730000000000057
vertex 5.902125315628998 28.962377481510405 5.639932965095795e-15
endloop
endfacet
facet normal 0.9978428997602584 -0.065647143106453 -5.534085129818976e-19
outer loop
vertex 5.902125315628998 28.962377481510405 1.7730000000000057
vertex 5.953371457425645 29.599936168989615 5.639932965095795e-15
vertex 5.953371457425645 29.599936168989615 1.7730000000000057
endloop
endfacet
facet normal 0.9795395836411487 -0.20125159398157602 -1.696560430359881e-18
outer loop
vertex 6.712924887524898 35.90134265301431 5.639932965095795e-15
vertex 6.431120813179348 34.2142127938311 1.7730000000000057
vertex 6.431120813179348 34.2142127938311 5.639932965095795e-15
endloop
endfacet
facet normal 0.9901096604293267 -0.14029561762408546 -1.182698674355413e-18
outer loop
vertex 6.431120813179348 34.2142127938311 1.7730000000000057
vertex 6.712924887524898 35.90134265301431 5.639932965095795e-15
vertex 6.712924887524898 35.90134265301431 1.7730000000000057
endloop
endfacet
facet normal 0.9619078135079046 -0.27337402640419667 -2.3045559377183187e-18
outer loop
vertex 7.119129172024825 37.5629138303398 5.639932965095795e-15
vertex 6.712924887524898 35.90134265301431 1.7730000000000057
vertex 6.712924887524898 35.90134265301431 5.639932965095795e-15
endloop
endfacet
facet normal 0.9795395836411487 -0.20125159398157602 -1.696560430359881e-18
outer loop
vertex 6.712924887524898 35.90134265301431 1.7730000000000057
vertex 7.119129172024825 37.5629138303398 5.639932965095795e-15
vertex 7.119129172024825 37.5629138303398 1.7730000000000057
endloop
endfacet
facet normal 0.9930627626626125 0.11758549831037873 9.912512972980476e-19
outer loop
vertex 6.06135176802673 24.4428517002922 5.639932965095795e-15
vertex 6.311897155532586 22.605130153671823 1.7730000000000057
vertex 6.311897155532586 22.605130153671823 5.639932965095795e-15
endloop
endfacet
facet normal 0.9875257774422719 0.15745741928228277 1.3273734718611044e-18
outer loop
vertex 6.311897155532586 22.605130153671823 1.7730000000000057
vertex 6.06135176802673 24.4428517002922 5.639932965095795e-15
vertex 6.06135176802673 24.4428517002922 1.7730000000000057
endloop
endfacet
facet normal 0.8315479507289397 -0.5554529733816364 -4.682494766482668e-18
outer loop
vertex 5.800441118615431 28.311161792889806 5.639932965095795e-15
vertex 5.739517642360672 28.243128399920096 1.7730000000000057
vertex 5.739517642360672 28.243128399920096 5.639932965095795e-15
endloop
endfacet
facet normal 0.7575196632049597 -0.6528123465880868 -5.5032388750825e-18
outer loop
vertex 5.739517642360672 28.243128399920096 1.7730000000000057
vertex 5.800441118615431 28.311161792889806 5.639932965095795e-15
vertex 5.800441118615431 28.311161792889806 1.7730000000000057
endloop
endfacet
facet normal 0.20196944549201026 -0.9793918230655441 -8.256319266634688e-18
outer loop
vertex 21.780772965386525 50.15312779030437 1.7730000000000057
vertex 18.936407161484198 49.39683484286482 5.639932965095795e-15
vertex 21.780772965386525 50.15312779030437 5.639932965095795e-15
endloop
endfacet
facet normal 0.31766505207096896 -0.9482029923453883 -7.99339595247772e-18
outer loop
vertex 18.936407161484198 49.39683484286482 5.639932965095795e-15
vertex 21.780772965386525 50.15312779030437 1.7730000000000057
vertex 18.936407161484198 49.39683484286482 1.7730000000000057
endloop
endfacet
facet normal 0.1272937888531699 -0.991865057010985 -8.361469217160765e-18
outer loop
vertex 23.101059094739863 50.34842862968049 1.7730000000000057
vertex 22.15586904962408 50.20861317219974 5.639932965095795e-15
vertex 23.101059094739863 50.34842862968049 5.639932965095795e-15
endloop
endfacet
facet normal 0.14633082939630812 -0.9892357092059448 -8.339303691137189e-18
outer loop
vertex 22.15586904962408 50.20861317219974 5.639932965095795e-15
vertex 23.101059094739863 50.34842862968049 1.7730000000000057
vertex 22.15586904962408 50.20861317219974 1.7730000000000057
endloop
endfacet
facet normal 0.08180846049468174 -0.9966480701789827 -8.401790243783084e-18
outer loop
vertex 26.41841803245005 50.70951945808198 1.7730000000000057
vertex 23.101059094739863 50.34842862968049 5.639932965095795e-15
vertex 26.41841803245005 50.70951945808198 5.639932965095795e-15
endloop
endfacet
facet normal 0.1272937888531699 -0.991865057010985 -8.361469217160765e-18
outer loop
vertex 23.101059094739863 50.34842862968049 5.639932965095795e-15
vertex 26.41841803245005 50.70951945808198 1.7730000000000057
vertex 23.101059094739863 50.34842862968049 1.7730000000000057
endloop
endfacet
facet normal 0.9755647638759396 0.21971206494792742 1.8521830713919137e-18
outer loop
vertex 5.72921362273946 28.182825935041322 5.639932965095795e-15
vertex 5.736621446623602 28.133406892698076 1.7730000000000057
vertex 5.736621446623602 28.133406892698076 5.639932965095795e-15
endloop
endfacet
facet normal 0.9937315496742184 0.11179269735576051 9.424177120025397e-19
outer loop
vertex 5.736621446623602 28.133406892698076 1.7730000000000057
vertex 5.72921362273946 28.182825935041322 5.639932965095795e-15
vertex 5.72921362273946 28.182825935041322 1.7730000000000057
endloop
endfacet
facet normal 0.7575196632049597 -0.6528123465880868 -5.5032388750825e-18
outer loop
vertex 5.739517642360672 28.243128399920096 5.639932965095795e-15
vertex 5.7185886099653835 28.217886745549396 1.7730000000000057
vertex 5.7185886099653835 28.217886745549396 5.639932965095795e-15
endloop
endfacet
facet normal 0.769803981718867 -0.6382803692185579 -5.380733620379845e-18
outer loop
vertex 5.7185886099653835 28.217886745549396 1.7730000000000057
vertex 5.739517642360672 28.243128399920096 5.639932965095795e-15
vertex 5.739517642360672 28.243128399920096 1.7730000000000057
endloop
endfacet
facet normal 0.9570204289822096 0.29002051394807854 2.4448866129328176e-18
outer loop
vertex 5.7185886099653835 28.217886745549396 5.639932965095795e-15
vertex 5.72921362273946 28.182825935041322 1.7730000000000057
vertex 5.72921362273946 28.182825935041322 5.639932965095795e-15
endloop
endfacet
facet normal 0.9755647638759396 0.21971206494792742 1.8521830713919137e-18
outer loop
vertex 5.72921362273946 28.182825935041322 1.7730000000000057
vertex 5.7185886099653835 28.217886745549396 5.639932965095795e-15
vertex 5.7185886099653835 28.217886745549396 1.7730000000000057
endloop
endfacet
facet normal 0.9974626545463563 -0.07119166233019382 -6.001490715745888e-19
outer loop
vertex 6.013538109670932 30.254405438961278 5.639932965095795e-15
vertex 5.953371457425645 29.599936168989615 1.7730000000000057
vertex 5.953371457425645 29.599936168989615 5.639932965095795e-15
endloop
endfacet
facet normal 0.996309406286861 -0.08583453235337477 -7.235891565783674e-19
outer loop
vertex 5.953371457425645 29.599936168989615 1.7730000000000057
vertex 6.013538109670932 30.254405438961278 5.639932965095795e-15
vertex 6.013538109670932 30.254405438961278 1.7730000000000057
endloop
endfacet
facet normal 0.9389735029122855 -0.34398947778766786 -2.8998475238320015e-18
outer loop
vertex 7.6474944555778475 39.189766873856954 5.639932965095795e-15
vertex 7.119129172024825 37.5629138303398 1.7730000000000057
vertex 7.119129172024825 37.5629138303398 5.639932965095795e-15
endloop
endfacet
facet normal 0.9619078135079046 -0.27337402640419667 -2.3045559377183187e-18
outer loop
vertex 7.119129172024825 37.5629138303398 1.7730000000000057
vertex 7.6474944555778475 39.189766873856954 5.639932965095795e-15
vertex 7.6474944555778475 39.189766873856954 1.7730000000000057
endloop
endfacet
facet normal 0.9965223287851203 -0.08332615575364488 -7.024434235218037e-19
outer loop
vertex 6.047541982520165 30.922807251203654 5.639932965095795e-15
vertex 6.013538109670932 30.254405438961278 1.7730000000000057
vertex 6.013538109670932 30.254405438961278 5.639932965095795e-15
endloop
endfacet
facet normal 0.9974626545463563 -0.07119166233019382 -6.001490715745888e-19
outer loop
vertex 6.013538109670932 30.254405438961278 1.7730000000000057
vertex 6.047541982520165 30.922807251203654 5.639932965095795e-15
vertex 6.047541982520165 30.922807251203654 1.7730000000000057
endloop
endfacet
facet normal 0.9059963058239306 -0.42328559369932606 -3.568317521387726e-18
outer loop
vertex 8.295108111572887 40.77293371618092 5.639932965095795e-15
vertex 7.6474944555778475 39.189766873856954 1.7730000000000057
vertex 7.6474944555778475 39.189766873856954 5.639932965095795e-15
endloop
endfacet
facet normal 0.9389735029122855 -0.34398947778766786 -2.8998475238320015e-18
outer loop
vertex 7.6474944555778475 39.189766873856954 1.7730000000000057
vertex 8.295108111572887 40.77293371618092 5.639932965095795e-15
vertex 8.295108111572887 40.77293371618092 1.7730000000000057
endloop
endfacet
facet normal 0.6755737159013093 -0.7372924483427842 -6.215410117825136e-18
outer loop
vertex 11.286405432357864 45.08324432065973 5.639932965095795e-15
vertex 10.11770541066261 43.770762160124164 1.7730000000000057
vertex 10.11770541066261 43.770762160124164 5.639932965095795e-15
endloop
endfacet
facet normal 0.7856215493428642 -0.6187073469808789 -5.21573211965116e-18
outer loop
vertex 10.11770541066261 43.770762160124164 1.7730000000000057
vertex 11.286405432357864 45.08324432065973 5.639932965095795e-15
vertex 11.286405432357864 45.08324432065973 1.7730000000000057
endloop
endfacet
facet normal 0.4350021315800303 -0.9004294228426959 -7.590662508077097e-18
outer loop
vertex 16.21048999935105 48.28698283744057 1.7730000000000057
vertex 13.646773278583652 46.8413852363034 5.639932965095795e-15
vertex 16.21048999935105 48.28698283744057 5.639932965095795e-15
endloop
endfacet
facet normal 0.5453572945623212 -0.8382036872190827 -7.066096621564307e-18
outer loop
vertex 13.646773278583652 46.8413852363034 5.639932965095795e-15
vertex 16.21048999935105 48.28698283744057 1.7730000000000057
vertex 13.646773278583652 46.8413852363034 1.7730000000000057
endloop
endfacet
facet normal 0.055349642881434166 -0.9984670335233397 -8.417124190577033e-18
outer loop
vertex 28.890525158856395 50.84655978291714 1.7730000000000057
vertex 26.41841803245005 50.70951945808198 5.639932965095795e-15
vertex 28.890525158856395 50.84655978291714 5.639932965095795e-15
endloop
endfacet
facet normal 0.08180846049468174 -0.9966480701789827 -8.401790243783084e-18
outer loop
vertex 26.41841803245005 50.70951945808198 5.639932965095795e-15
vertex 28.890525158856395 50.84655978291714 1.7730000000000057
vertex 26.41841803245005 50.70951945808198 1.7730000000000057
endloop
endfacet
facet normal 0.9903265179416866 -0.13875657772334463 -1.1697244953952161e-18
outer loop
vertex 5.8811295564112855 28.552522128859167 5.639932965095795e-15
vertex 5.848449290443738 28.411185132408004 1.7730000000000057
vertex 5.848449290443738 28.411185132408004 5.639932965095795e-15
endloop
endfacet
facet normal 0.9436310708879624 -0.33099909675834066 -2.790337998994788e-18
outer loop
vertex 5.848449290443738 28.411185132408004 1.7730000000000057
vertex 5.8811295564112855 28.552522128859167 5.639932965095795e-15
vertex 5.8811295564112855 28.552522128859167 1.7730000000000057
endloop
endfacet
facet normal 0.8544728698844639 -0.5194960198417389 -4.37937595204156e-18
outer loop
vertex 9.115735597624907 42.326973513474 5.639932965095795e-15
vertex 8.295108111572887 40.77293371618092 1.7730000000000057
vertex 8.295108111572887 40.77293371618092 5.639932965095795e-15
endloop
endfacet
facet normal 0.9059963058239306 -0.42328559369932606 -3.568317521387726e-18
outer loop
vertex 8.295108111572887 40.77293371618092 1.7730000000000057
vertex 9.115735597624907 42.326973513474 5.639932965095795e-15
vertex 9.115735597624907 42.326973513474 1.7730000000000057
endloop
endfacet
facet normal 0.5392670525573335 0.842134814638444 7.099236211141927e-18
outer loop
vertex 55.98451475265915 48.6347930405375 1.7730000000000057
vertex 56.725536592481355 48.17749072341629 5.639932965095795e-15
vertex 55.98451475265915 48.6347930405375 5.639932965095795e-15
endloop
endfacet
facet normal 0.4798670272372588 0.8773412313179383 7.396027964446799e-18
outer loop
vertex 56.725536592481355 48.17749072341629 5.639932965095795e-15
vertex 55.98451475265915 48.6347930405375 1.7730000000000057
vertex 56.725536592481355 48.17749072341629 1.7730000000000057
endloop
endfacet
facet normal 0.5931083935496868 0.8051226201647238 6.787221665852677e-18
outer loop
vertex 55.763348169253696 48.78166782324019 1.7730000000000057
vertex 55.98451475265915 48.6347930405375 5.639932965095795e-15
vertex 55.763348169253696 48.78166782324019 5.639932965095795e-15
endloop
endfacet
facet normal 0.5392670525573335 0.842134814638444 7.099236211141927e-18
outer loop
vertex 55.98451475265915 48.6347930405375 5.639932965095795e-15
vertex 55.763348169253696 48.78166782324019 1.7730000000000057
vertex 55.98451475265915 48.6347930405375 1.7730000000000057
endloop
endfacet
facet normal -0.1613047066520868 -0.9869046517328228 -8.319652766682122e-18
outer loop
vertex 48.614277183072126 49.458209195579016 1.7730000000000057
vertex 45.212198922510076 49.88786518991441 5.639932965095795e-15
vertex 48.614277183072126 49.458209195579016 5.639932965095795e-15
endloop
endfacet
facet normal -0.12683958641293808 -0.99192324265469 -8.361959724881832e-18
outer loop
vertex 45.212198922510076 49.88786518991441 5.639932965095795e-15
vertex 48.614277183072126 49.458209195579016 1.7730000000000057
vertex 45.212198922510076 49.88786518991441 1.7730000000000057
endloop
endfacet
facet normal -0.4608200257482232 -0.8874936077907305 -7.481612977002934e-18
outer loop
vertex 56.015704575423136 47.3486691189883 1.7730000000000057
vertex 52.819349877374165 48.61281011759283 5.639932965095795e-15
vertex 56.015704575423136 47.3486691189883 5.639932965095795e-15
endloop
endfacet
facet normal -0.28356258816122454 -0.9589537312067293 -8.084025188194247e-18
outer loop
vertex 52.819349877374165 48.61281011759283 5.639932965095795e-15
vertex 56.015704575423136 47.3486691189883 1.7730000000000057
vertex 52.819349877374165 48.61281011759283 1.7730000000000057
endloop
endfacet
facet normal -0.037168905917522865 0.9993089974742019 8.424221986398482e-18
outer loop
vertex 70.57688111677838 43.6111675725547 1.7730000000000057
vertex 71.34320969864292 43.6111675725547 5.639932965095795e-15
vertex 70.57688111677838 43.6111675725547 5.639932965095795e-15
endloop
endfacet
facet normal 0.037168905917522865 0.9993089974742019 8.424221986398482e-18
outer loop
vertex 71.34320969864292 43.6111675725547 5.639932965095795e-15
vertex 70.57688111677838 43.6111675725547 1.7730000000000057
vertex 71.34320969864292 43.6111675725547 1.7730000000000057
endloop
endfacet
facet normal -0.009448516631314994 -0.9999553617704482 -8.429670867905028e-18
outer loop
vertex 33.00768473927401 50.937056584297274 1.7730000000000057
vertex 29.711376426434303 50.89206336289897 5.639932965095795e-15
vertex 33.00768473927401 50.937056584297274 5.639932965095795e-15
endloop
endfacet
facet normal 0.03450648597743964 -0.9994044738870688 -8.4250268570626e-18
outer loop
vertex 29.711376426434303 50.89206336289897 5.639932965095795e-15
vertex 33.00768473927401 50.937056584297274 1.7730000000000057
vertex 29.711376426434303 50.89206336289897 1.7730000000000057
endloop
endfacet
facet normal -0.05528011024366654 -0.9984708856103157 -8.417156663851945e-18
outer loop
vertex 36.389649858099304 50.82694811175228 1.7730000000000057
vertex 33.00768473927401 50.937056584297274 5.639932965095795e-15
vertex 36.389649858099304 50.82694811175228 5.639932965095795e-15
endloop
endfacet
facet normal -0.009448516631314994 -0.9999553617704482 -8.429670867905028e-18
outer loop
vertex 33.00768473927401 50.937056584297274 5.639932965095795e-15
vertex 36.389649858099304 50.82694811175228 1.7730000000000057
vertex 33.00768473927401 50.937056584297274 1.7730000000000057
endloop
endfacet
facet normal -0.4990204863167755 0.8665901881721078 7.305396163597668e-18
outer loop
vertex 65.69856784895613 42.59655615964089 1.7730000000000057
vertex 67.11240075745155 43.128960159270484 5.639932965095795e-15
vertex 65.69856784895613 42.59655615964089 5.639932965095795e-15
endloop
endfacet
facet normal -0.2806332497144984 0.9598150754987547 8.091286361205878e-18
outer loop
vertex 67.11240075745155 43.128960159270484 5.639932965095795e-15
vertex 65.69856784895613 42.59655615964089 1.7730000000000057
vertex 67.11240075745155 43.128960159270484 1.7730000000000057
endloop
endfacet
facet normal -0.10603409167701142 0.9943624949696319 8.38252273695702e-18
outer loop
vertex 69.37813027575534 43.52186990067945 1.7730000000000057
vertex 70.57688111677838 43.6111675725547 5.639932965095795e-15
vertex 69.37813027575534 43.52186990067945 5.639932965095795e-15
endloop
endfacet
facet normal -0.037168905917522865 0.9993089974742019 8.424221986398482e-18
outer loop
vertex 70.57688111677838 43.6111675725547 5.639932965095795e-15
vertex 69.37813027575534 43.52186990067945 1.7730000000000057
vertex 70.57688111677838 43.6111675725547 1.7730000000000057
endloop
endfacet
facet normal -0.2806332497144984 0.9598150754987547 8.091286361205878e-18
outer loop
vertex 67.11240075745155 43.128960159270484 1.7730000000000057
vertex 68.18277200128443 43.35571799246501 5.639932965095795e-15
vertex 67.11240075745155 43.128960159270484 5.639932965095795e-15
endloop
endfacet
facet normal -0.17256966952288705 0.9849973142911413 8.303573822079097e-18
outer loop
vertex 68.18277200128443 43.35571799246501 5.639932965095795e-15
vertex 67.11240075745155 43.128960159270484 1.7730000000000057
vertex 68.18277200128443 43.35571799246501 1.7730000000000057
endloop
endfacet
facet normal -0.7646497000487452 0.6444461468698249 5.43271141682152e-18
outer loop
vertex 64.77570842860871 41.84293309032099 1.7730000000000057
vertex 65.69856784895613 42.59655615964089 5.639932965095795e-15
vertex 64.77570842860871 41.84293309032099 5.639932965095795e-15
endloop
endfacet
facet normal -0.4990204863167755 0.8665901881721078 7.305396163597668e-18
outer loop
vertex 65.69856784895613 42.59655615964089 5.639932965095795e-15
vertex 64.77570842860871 41.84293309032099 1.7730000000000057
vertex 65.69856784895613 42.59655615964089 1.7730000000000057
endloop
endfacet
facet normal 0.8358824402768811 0.5489085042489015 4.6273245829892346e-18
outer loop
vertex 62.469030238404244 43.64260786646064 5.639932965095795e-15
vertex 63.380851318431276 41.98809846706516 1.7730000000000057
vertex 63.380851318431276 41.98809846706516 5.639932965095795e-15
endloop
endfacet
facet normal 0.9103886882266082 0.4137540771388672 3.487966387178698e-18
outer loop
vertex 63.380851318431276 41.98809846706516 1.7730000000000057
vertex 62.469030238404244 43.64260786646064 5.639932965095795e-15
vertex 62.469030238404244 43.64260786646064 1.7730000000000057
endloop
endfacet
facet normal -0.12683958641293808 -0.99192324265469 -8.361959724881832e-18
outer loop
vertex 45.212198922510076 49.88786518991441 1.7730000000000057
vertex 42.35014075789586 50.2583677096962 5.639932965095795e-15
vertex 45.212198922510076 49.88786518991441 5.639932965095795e-15
endloop
endfacet
facet normal -0.12059493403453163 -0.9927017990742271 -8.368522992223258e-18
outer loop
vertex 42.35014075789586 50.2583677096962 5.639932965095795e-15
vertex 45.212198922510076 49.88786518991441 1.7730000000000057
vertex 42.35014075789586 50.2583677096962 1.7730000000000057
endloop
endfacet
facet normal 0.7449769259148993 0.6670902336673704 5.623602136652873e-18
outer loop
vertex 61.3650353547744 45.06974290632219 5.639932965095795e-15
vertex 62.469030238404244 43.64260786646064 1.7730000000000057
vertex 62.469030238404244 43.64260786646064 5.639932965095795e-15
endloop
endfacet
facet normal 0.8358824402768811 0.5489085042489015 4.6273245829892346e-18
outer loop
vertex 62.469030238404244 43.64260786646064 1.7730000000000057
vertex 61.3650353547744 45.06974290632219 5.639932965095795e-15
vertex 61.3650353547744 45.06974290632219 1.7730000000000057
endloop
endfacet
facet normal 0.6377834430142751 0.7702157358927804 6.492954984872487e-18
outer loop
vertex 60.29877202247299 46.10081944225001 1.7730000000000057
vertex 61.3650353547744 45.06974290632219 5.639932965095795e-15
vertex 60.29877202247299 46.10081944225001 5.639932965095795e-15
endloop
endfacet
facet normal 0.7449769259148993 0.6670902336673704 5.623602136652873e-18
outer loop
vertex 61.3650353547744 45.06974290632219 5.639932965095795e-15
vertex 60.29877202247299 46.10081944225001 1.7730000000000057
vertex 61.3650353547744 45.06974290632219 1.7730000000000057
endloop
endfacet
facet normal 0.9103886882266082 0.4137540771388672 3.487966387178698e-18
outer loop
vertex 63.380851318431276 41.98809846706516 5.639932965095795e-15
vertex 63.87050772294116 40.644387245062596 1.7730000000000057
vertex 63.87050772294116 40.644387245062596 5.639932965095795e-15
endloop
endfacet
facet normal 0.9395609695490542 0.342381635751746 2.886293339626812e-18
outer loop
vertex 63.87050772294116 40.644387245062596 1.7730000000000057
vertex 63.380851318431276 41.98809846706516 5.639932965095795e-15
vertex 63.380851318431276 41.98809846706516 1.7730000000000057
endloop
endfacet
facet normal -0.12059493403453163 -0.9927017990742271 -8.368522992223258e-18
outer loop
vertex 42.35014075789586 50.2583677096962 1.7730000000000057
vertex 39.4519305379429 50.587387231333764 5.639932965095795e-15
vertex 42.35014075789586 50.2583677096962 5.639932965095795e-15
endloop
endfacet
facet normal -0.09541048194913432 -0.9954380141094845 -8.391589414038523e-18
outer loop
vertex 39.4519305379429 50.587387231333764 5.639932965095795e-15
vertex 42.35014075789586 50.2583677096962 1.7730000000000057
vertex 39.4519305379429 50.587387231333764 1.7730000000000057
endloop
endfacet
facet normal -0.6915805170185035 -0.7222993759379968 -6.089017810225271e-18
outer loop
vertex 61.655033732532225 42.78195691844342 1.7730000000000057
vertex 58.78651322164779 45.528481370883114 5.639932965095795e-15
vertex 61.655033732532225 42.78195691844342 5.639932965095795e-15
endloop
endfacet
facet normal -0.6229031049279897 -0.7822989977438742 -6.5948174522481244e-18
outer loop
vertex 58.78651322164779 45.528481370883114 5.639932965095795e-15
vertex 61.655033732532225 42.78195691844342 1.7730000000000057
vertex 58.78651322164779 45.528481370883114 1.7730000000000057
endloop
endfacet
facet normal -0.28356258816122454 -0.9589537312067293 -8.084025188194247e-18
outer loop
vertex 52.819349877374165 48.61281011759283 1.7730000000000057
vertex 48.614277183072126 49.458209195579016 5.639932965095795e-15
vertex 52.819349877374165 48.61281011759283 5.639932965095795e-15
endloop
endfacet
facet normal -0.1613047066520868 -0.9869046517328228 -8.319652766682122e-18
outer loop
vertex 48.614277183072126 49.458209195579016 5.639932965095795e-15
vertex 52.819349877374165 48.61281011759283 1.7730000000000057
vertex 48.614277183072126 49.458209195579016 1.7730000000000057
endloop
endfacet
facet normal -0.7646497000487452 0.6444461468698249 5.43271141682152e-18
outer loop
vertex 64.77570842860871 41.84293309032099 1.7730000000000057
vertex 64.3879895181439 41.157195453506944 5.639932965095795e-15
vertex 64.3879895181439 41.157195453506944 1.7730000000000057
endloop
endfacet
facet normal -0.7947118706860588 0.6069868553689323 5.116927822503512e-18
outer loop
vertex 64.3879895181439 41.157195453506944 5.639932965095795e-15
vertex 64.77570842860871 41.84293309032099 1.7730000000000057
vertex 64.77570842860871 41.84293309032099 5.639932965095795e-15
endloop
endfacet
facet normal -0.703891971584717 0.7103070408904731 5.9879218600927755e-18
outer loop
vertex 63.87050772294116 40.644387245062596 1.7730000000000057
vertex 64.3879895181439 41.157195453506944 5.639932965095795e-15
vertex 63.87050772294116 40.644387245062596 5.639932965095795e-15
endloop
endfacet
facet normal -0.7947118706860588 0.6069868553689323 5.116927822503512e-18
outer loop
vertex 64.3879895181439 41.157195453506944 5.639932965095795e-15
vertex 63.87050772294116 40.644387245062596 1.7730000000000057
vertex 64.3879895181439 41.157195453506944 1.7730000000000057
endloop
endfacet
facet normal -0.09541048194913432 -0.9954380141094845 -8.391589414038523e-18
outer loop
vertex 39.4519305379429 50.587387231333764 1.7730000000000057
vertex 36.389649858099304 50.82694811175228 5.639932965095795e-15
vertex 39.4519305379429 50.587387231333764 5.639932965095795e-15
endloop
endfacet
facet normal -0.05528011024366654 -0.9984708856103157 -8.417156663851945e-18
outer loop
vertex 36.389649858099304 50.82694811175228 5.639932965095795e-15
vertex 39.4519305379429 50.587387231333764 1.7730000000000057
vertex 36.389649858099304 50.82694811175228 1.7730000000000057
endloop
endfacet
facet normal 0.5194830137058121 0.8544807771220645 7.203313257241425e-18
outer loop
vertex 58.89369693957218 47.09252799954131 1.7730000000000057
vertex 60.29877202247299 46.10081944225001 5.639932965095795e-15
vertex 58.89369693957218 47.09252799954131 5.639932965095795e-15
endloop
endfacet
facet normal 0.6377834430142751 0.7702157358927804 6.492954984872487e-18
outer loop
vertex 60.29877202247299 46.10081944225001 5.639932965095795e-15
vertex 58.89369693957218 47.09252799954131 1.7730000000000057
vertex 60.29877202247299 46.10081944225001 1.7730000000000057
endloop
endfacet
facet normal -0.17256966952288705 0.9849973142911413 8.303573822079097e-18
outer loop
vertex 68.18277200128443 43.35571799246501 1.7730000000000057
vertex 69.37813027575534 43.52186990067945 5.639932965095795e-15
vertex 68.18277200128443 43.35571799246501 5.639932965095795e-15
endloop
endfacet
facet normal -0.10603409167701142 0.9943624949696319 8.38252273695702e-18
outer loop
vertex 69.37813027575534 43.52186990067945 5.639932965095795e-15
vertex 68.18277200128443 43.35571799246501 1.7730000000000057
vertex 69.37813027575534 43.52186990067945 1.7730000000000057
endloop
endfacet
facet normal 0.4798670272372588 0.8773412313179383 7.396027964446799e-18
outer loop
vertex 56.725536592481355 48.17749072341629 1.7730000000000057
vertex 57.74577332594109 47.68706044884201 5.639932965095795e-15
vertex 56.725536592481355 48.17749072341629 5.639932965095795e-15
endloop
endfacet
facet normal 0.446621391689564 0.8947230479233655 7.542557498335807e-18
outer loop
vertex 57.74577332594109 47.68706044884201 5.639932965095795e-15
vertex 56.725536592481355 48.17749072341629 1.7730000000000057
vertex 57.74577332594109 47.68706044884201 1.7730000000000057
endloop
endfacet
facet normal 0.6751682378354574 0.7376637788438329 6.218540451464745e-18
outer loop
vertex 55.6466997479305 48.87669557014878 1.7730000000000057
vertex 55.763348169253696 48.78166782324019 5.639932965095795e-15
vertex 55.6466997479305 48.87669557014878 5.639932965095795e-15
endloop
endfacet
facet normal 0.5931083935496868 0.8051226201647238 6.787221665852677e-18
outer loop
vertex 55.763348169253696 48.78166782324019 5.639932965095795e-15
vertex 55.6466997479305 48.87669557014878 1.7730000000000057
vertex 55.763348169253696 48.78166782324019 1.7730000000000057
endloop
endfacet
facet normal -0.6229031049279897 -0.7822989977438742 -6.5948174522481244e-18
outer loop
vertex 58.78651322164779 45.528481370883114 1.7730000000000057
vertex 56.015704575423136 47.3486691189883 5.639932965095795e-15
vertex 58.78651322164779 45.528481370883114 5.639932965095795e-15
endloop
endfacet
facet normal -0.4608200257482232 -0.8874936077907305 -7.481612977002934e-18
outer loop
vertex 56.015704575423136 47.3486691189883 5.639932965095795e-15
vertex 58.78651322164779 45.528481370883114 1.7730000000000057
vertex 56.015704575423136 47.3486691189883 1.7730000000000057
endloop
endfacet
facet normal -0.9477984315188464 -0.31887008829680874 -2.6880898855352783e-18
outer loop
vertex 61.655033732532225 42.78195691844342 1.7730000000000057
vertex 63.075970163653636 38.55841457272399 5.639932965095795e-15
vertex 63.075970163653636 38.55841457272399 1.7730000000000057
endloop
endfacet
facet normal -0.9891858560260862 -0.1466674545969185 -1.236413560597766e-18
outer loop
vertex 63.075970163653636 38.55841457272399 5.639932965095795e-15
vertex 61.655033732532225 42.78195691844342 1.7730000000000057
vertex 61.655033732532225 42.78195691844342 5.639932965095795e-15
endloop
endfacet
facet normal 0.446621391689564 0.8947230479233655 7.542557498335807e-18
outer loop
vertex 57.74577332594109 47.68706044884201 1.7730000000000057
vertex 58.89369693957218 47.09252799954131 5.639932965095795e-15
vertex 57.74577332594109 47.68706044884201 5.639932965095795e-15
endloop
endfacet
facet normal 0.5194830137058121 0.8544807771220645 7.203313257241425e-18
outer loop
vertex 58.89369693957218 47.09252799954131 5.639932965095795e-15
vertex 57.74577332594109 47.68706044884201 1.7730000000000057
vertex 58.89369693957218 47.09252799954131 1.7730000000000057
endloop
endfacet
facet normal 0.7165018588493792 0.6975851820855891 5.8806759902738866e-18
outer loop
vertex 55.47818465280009 49.04978035177235 5.639932965095795e-15
vertex 55.6466997479305 48.87669557014878 1.7730000000000057
vertex 55.6466997479305 48.87669557014878 5.639932965095795e-15
endloop
endfacet
facet normal 0.6751682378354574 0.7376637788438329 6.218540451464745e-18
outer loop
vertex 55.6466997479305 48.87669557014878 1.7730000000000057
vertex 55.47818465280009 49.04978035177235 5.639932965095795e-15
vertex 55.47818465280009 49.04978035177235 1.7730000000000057
endloop
endfacet
facet normal 0.037168905917522865 0.9993089974742019 8.424221986398482e-18
outer loop
vertex 71.34320969864292 43.6111675725547 1.7730000000000057
vertex 72.54196053966596 43.52186990067945 5.639932965095795e-15
vertex 71.34320969864292 43.6111675725547 5.639932965095795e-15
endloop
endfacet
facet normal 0.10603409167701142 0.9943624949696319 8.38252273695702e-18
outer loop
vertex 72.54196053966596 43.52186990067945 5.639932965095795e-15
vertex 71.34320969864292 43.6111675725547 1.7730000000000057
vertex 72.54196053966596 43.52186990067945 1.7730000000000057
endloop
endfacet
facet normal 0.02767187780624593 -0.9996170602679191 -8.426818970280928e-18
outer loop
vertex 56.92337074537194 49.12985438002177 1.7730000000000057
vertex 55.47818465280009 49.04978035177235 5.639932965095795e-15
vertex 56.92337074537194 49.12985438002177 5.639932965095795e-15
endloop
endfacet
facet normal 0.05532256228954524 -0.9984685343573524 -8.417136842678556e-18
outer loop
vertex 55.47818465280009 49.04978035177235 5.639932965095795e-15
vertex 56.92337074537194 49.12985438002177 1.7730000000000057
vertex 55.47818465280009 49.04978035177235 1.7730000000000057
endloop
endfacet
facet normal -0.7449769259148993 0.6670902336673704 5.623602136652873e-18
outer loop
vertex 80.5550554606469 45.06974290632219 1.7730000000000057
vertex 81.62131879294832 46.10081944225001 5.639932965095795e-15
vertex 80.5550554606469 45.06974290632219 5.639932965095795e-15
endloop
endfacet
facet normal -0.6377834430142751 0.7702157358927804 6.492954984872487e-18
outer loop
vertex 81.62131879294832 46.10081944225001 5.639932965095795e-15
vertex 80.5550554606469 45.06974290632219 1.7730000000000057
vertex 81.62131879294832 46.10081944225001 1.7730000000000057
endloop
endfacet
facet normal 0.2806332497144984 0.9598150754987547 8.091286361205878e-18
outer loop
vertex 74.80769005796974 43.128960159270484 1.7730000000000057
vertex 76.22152296646516 42.59655615964089 5.639932965095795e-15
vertex 74.80769005796974 43.128960159270484 5.639932965095795e-15
endloop
endfacet
facet normal 0.4990204863167755 0.8665901881721078 7.305396163597668e-18
outer loop
vertex 76.22152296646516 42.59655615964089 5.639932965095795e-15
vertex 74.80769005796974 43.128960159270484 1.7730000000000057
vertex 76.22152296646516 42.59655615964089 1.7730000000000057
endloop
endfacet
facet normal -0.5194830137058121 0.8544807771220645 7.203313257241425e-18
outer loop
vertex 83.02639387584912 47.09252799954131 1.7730000000000057
vertex 84.17431748948022 47.68706044884201 5.639932965095795e-15
vertex 83.02639387584912 47.09252799954131 5.639932965095795e-15
endloop
endfacet
facet normal -0.446621391689564 0.8947230479233655 7.542557498335807e-18
outer loop
vertex 84.17431748948022 47.68706044884201 5.639932965095795e-15
vertex 83.02639387584912 47.09252799954131 1.7730000000000057
vertex 84.17431748948022 47.68706044884201 1.7730000000000057
endloop
endfacet
facet normal 0.7646497000487452 0.6444461468698249 5.43271141682152e-18
outer loop
vertex 77.14438238681258 41.84293309032099 5.639932965095795e-15
vertex 77.5321012972774 41.157195453506944 1.7730000000000057
vertex 77.5321012972774 41.157195453506944 5.639932965095795e-15
endloop
endfacet
facet normal 0.7947118706860588 0.6069868553689323 5.116927822503512e-18
outer loop
vertex 77.5321012972774 41.157195453506944 1.7730000000000057
vertex 77.14438238681258 41.84293309032099 5.639932965095795e-15
vertex 77.14438238681258 41.84293309032099 1.7730000000000057
endloop
endfacet
facet normal -0.02767187780624593 -0.9996170602679191 -8.426818970280928e-18
outer loop
vertex 84.99672007004935 49.12985438002177 1.7730000000000057
vertex 56.92337074537194 49.12985438002177 5.639932965095795e-15
vertex 84.99672007004935 49.12985438002177 5.639932965095795e-15
endloop
endfacet
facet normal 0.02767187780624593 -0.9996170602679191 -8.426818970280928e-18
outer loop
vertex 56.92337074537194 49.12985438002177 5.639932965095795e-15
vertex 84.99672007004935 49.12985438002177 1.7730000000000057
vertex 56.92337074537194 49.12985438002177 1.7730000000000057
endloop
endfacet
facet normal -0.7165018588493792 0.6975851820855891 5.8806759902738866e-18
outer loop
vertex 86.44190616262121 49.04978035177235 1.7730000000000057
vertex 86.2733910674908 48.87669557014878 5.639932965095795e-15
vertex 86.2733910674908 48.87669557014878 1.7730000000000057
endloop
endfacet
facet normal -0.6751682378354574 0.7376637788438329 6.218540451464745e-18
outer loop
vertex 86.2733910674908 48.87669557014878 5.639932965095795e-15
vertex 86.44190616262121 49.04978035177235 1.7730000000000057
vertex 86.44190616262121 49.04978035177235 5.639932965095795e-15
endloop
endfacet
facet normal -0.6377834430142751 0.7702157358927804 6.492954984872487e-18
outer loop
vertex 81.62131879294832 46.10081944225001 1.7730000000000057
vertex 83.02639387584912 47.09252799954131 5.639932965095795e-15
vertex 81.62131879294832 46.10081944225001 5.639932965095795e-15
endloop
endfacet
facet normal -0.5194830137058121 0.8544807771220645 7.203313257241425e-18
outer loop
vertex 83.02639387584912 47.09252799954131 5.639932965095795e-15
vertex 81.62131879294832 46.10081944225001 1.7730000000000057
vertex 83.02639387584912 47.09252799954131 1.7730000000000057
endloop
endfacet
facet normal 0.4990204863167755 0.8665901881721078 7.305396163597668e-18
outer loop
vertex 76.22152296646516 42.59655615964089 1.7730000000000057
vertex 77.14438238681258 41.84293309032099 5.639932965095795e-15
vertex 76.22152296646516 42.59655615964089 5.639932965095795e-15
endloop
endfacet
facet normal 0.7646497000487452 0.6444461468698249 5.43271141682152e-18
outer loop
vertex 77.14438238681258 41.84293309032099 5.639932965095795e-15
vertex 76.22152296646516 42.59655615964089 1.7730000000000057
vertex 77.14438238681258 41.84293309032099 1.7730000000000057
endloop
endfacet
facet normal -0.4798670272372588 0.8773412313179383 7.396027964446799e-18
outer loop
vertex 85.19455422293994 48.17749072341629 1.7730000000000057
vertex 85.93557606276215 48.6347930405375 5.639932965095795e-15
vertex 85.19455422293994 48.17749072341629 5.639932965095795e-15
endloop
endfacet
facet normal -0.5392670525573335 0.842134814638444 7.099236211141927e-18
outer loop
vertex 85.93557606276215 48.6347930405375 5.639932965095795e-15
vertex 85.19455422293994 48.17749072341629 1.7730000000000057
vertex 85.93557606276215 48.6347930405375 1.7730000000000057
endloop
endfacet
facet normal -0.9103886882266082 0.4137540771388672 3.487966387178698e-18
outer loop
vertex 78.53923949699002 41.98809846706516 1.7730000000000057
vertex 78.04958309248013 40.644387245062596 5.639932965095795e-15
vertex 78.04958309248013 40.644387245062596 1.7730000000000057
endloop
endfacet
facet normal -0.9395609695490542 0.342381635751746 2.886293339626812e-18
outer loop
vertex 78.04958309248013 40.644387245062596 5.639932965095795e-15
vertex 78.53923949699002 41.98809846706516 1.7730000000000057
vertex 78.53923949699002 41.98809846706516 5.639932965095795e-15
endloop
endfacet
facet normal -0.446621391689564 0.8947230479233655 7.542557498335807e-18
outer loop
vertex 84.17431748948022 47.68706044884201 1.7730000000000057
vertex 85.19455422293994 48.17749072341629 5.639932965095795e-15
vertex 84.17431748948022 47.68706044884201 5.639932965095795e-15
endloop
endfacet
facet normal -0.4798670272372588 0.8773412313179383 7.396027964446799e-18
outer loop
vertex 85.19455422293994 48.17749072341629 5.639932965095795e-15
vertex 84.17431748948022 47.68706044884201 1.7730000000000057
vertex 85.19455422293994 48.17749072341629 1.7730000000000057
endloop
endfacet
facet normal 0.7947118706860588 0.6069868553689323 5.116927822503512e-18
outer loop
vertex 77.5321012972774 41.157195453506944 1.7730000000000057
vertex 78.04958309248013 40.644387245062596 5.639932965095795e-15
vertex 77.5321012972774 41.157195453506944 5.639932965095795e-15
endloop
endfacet
facet normal 0.703891971584717 0.7103070408904731 5.9879218600927755e-18
outer loop
vertex 78.04958309248013 40.644387245062596 5.639932965095795e-15
vertex 77.5321012972774 41.157195453506944 1.7730000000000057
vertex 78.04958309248013 40.644387245062596 1.7730000000000057
endloop
endfacet
facet normal 0.17256966952288705 0.9849973142911413 8.303573822079097e-18
outer loop
vertex 73.73731881413687 43.35571799246501 1.7730000000000057
vertex 74.80769005796974 43.128960159270484 5.639932965095795e-15
vertex 73.73731881413687 43.35571799246501 5.639932965095795e-15
endloop
endfacet
facet normal 0.2806332497144984 0.9598150754987547 8.091286361205878e-18
outer loop
vertex 74.80769005796974 43.128960159270484 5.639932965095795e-15
vertex 73.73731881413687 43.35571799246501 1.7730000000000057
vertex 74.80769005796974 43.128960159270484 1.7730000000000057
endloop
endfacet
facet normal -0.5931083935496868 0.8051226201647238 6.787221665852677e-18
outer loop
vertex 86.1567426461676 48.78166782324019 1.7730000000000057
vertex 86.2733910674908 48.87669557014878 5.639932965095795e-15
vertex 86.1567426461676 48.78166782324019 5.639932965095795e-15
endloop
endfacet
facet normal -0.6751682378354574 0.7376637788438329 6.218540451464745e-18
outer loop
vertex 86.2733910674908 48.87669557014878 5.639932965095795e-15
vertex 86.1567426461676 48.78166782324019 1.7730000000000057
vertex 86.2733910674908 48.87669557014878 1.7730000000000057
endloop
endfacet
facet normal -0.7449769259148993 0.6670902336673704 5.623602136652873e-18
outer loop
vertex 80.5550554606469 45.06974290632219 1.7730000000000057
vertex 79.45106057701705 43.64260786646064 5.639932965095795e-15
vertex 79.45106057701705 43.64260786646064 1.7730000000000057
endloop
endfacet
facet normal -0.8358824402768811 0.5489085042489015 4.6273245829892346e-18
outer loop
vertex 79.45106057701705 43.64260786646064 5.639932965095795e-15
vertex 80.5550554606469 45.06974290632219 1.7730000000000057
vertex 80.5550554606469 45.06974290632219 5.639932965095795e-15
endloop
endfacet
facet normal -0.05532256228954524 -0.9984685343573524 -8.417136842678556e-18
outer loop
vertex 86.44190616262121 49.04978035177235 1.7730000000000057
vertex 84.99672007004935 49.12985438002177 5.639932965095795e-15
vertex 86.44190616262121 49.04978035177235 5.639932965095795e-15
endloop
endfacet
facet normal -0.02767187780624593 -0.9996170602679191 -8.426818970280928e-18
outer loop
vertex 84.99672007004935 49.12985438002177 5.639932965095795e-15
vertex 86.44190616262121 49.04978035177235 1.7730000000000057
vertex 84.99672007004935 49.12985438002177 1.7730000000000057
endloop
endfacet
facet normal 0.10603409167701142 0.9943624949696319 8.38252273695702e-18
outer loop
vertex 72.54196053966596 43.52186990067945 1.7730000000000057
vertex 73.73731881413687 43.35571799246501 5.639932965095795e-15
vertex 72.54196053966596 43.52186990067945 5.639932965095795e-15
endloop
endfacet
facet normal 0.17256966952288705 0.9849973142911413 8.303573822079097e-18
outer loop
vertex 73.73731881413687 43.35571799246501 5.639932965095795e-15
vertex 72.54196053966596 43.52186990067945 1.7730000000000057
vertex 73.73731881413687 43.35571799246501 1.7730000000000057
endloop
endfacet
facet normal -0.5392670525573335 0.842134814638444 7.099236211141927e-18
outer loop
vertex 85.93557606276215 48.6347930405375 1.7730000000000057
vertex 86.1567426461676 48.78166782324019 5.639932965095795e-15
vertex 85.93557606276215 48.6347930405375 5.639932965095795e-15
endloop
endfacet
facet normal -0.5931083935496868 0.8051226201647238 6.787221665852677e-18
outer loop
vertex 86.1567426461676 48.78166782324019 5.639932965095795e-15
vertex 85.93557606276215 48.6347930405375 1.7730000000000057
vertex 86.1567426461676 48.78166782324019 1.7730000000000057
endloop
endfacet
facet normal -0.8358824402768811 0.5489085042489015 4.6273245829892346e-18
outer loop
vertex 79.45106057701705 43.64260786646064 1.7730000000000057
vertex 78.53923949699002 41.98809846706516 5.639932965095795e-15
vertex 78.53923949699002 41.98809846706516 1.7730000000000057
endloop
endfacet
facet normal -0.9103886882266082 0.4137540771388672 3.487966387178698e-18
outer loop
vertex 78.53923949699002 41.98809846706516 5.639932965095795e-15
vertex 79.45106057701705 43.64260786646064 1.7730000000000057
vertex 79.45106057701705 43.64260786646064 5.639932965095795e-15
endloop
endfacet
facet normal 0.0 0.0 1.0
outer loop
vertex 81.43925420551643 27.84015803820586 1.7730000000000057
vertex 81.35610037932769 28.917901951694493 1.7730000000000057
vertex 81.13849597455935 28.614924967771284 1.7730000000000057
endloop
endfacet
facet normal 0.0 0.0 1.0
outer loop
vertex 81.35610037932769 28.917901951694493 1.7730000000000057
vertex 81.43925420551643 27.84015803820586 1.7730000000000057
vertex 82.17382343154725 29.119974686890554 1.7730000000000057
endloop
endfacet
facet normal 0.0 0.0 1.0
outer loop
vertex 82.17382343154725 29.119974686890554 1.7730000000000057
vertex 81.43925420551643 27.84015803820586 1.7730000000000057
vertex 81.70863697748906 27.333551623777293 1.7730000000000057
endloop
endfacet
facet normal 0.0 0.0 1.0
outer loop
vertex 82.17382343154725 29.119974686890554 1.7730000000000057
vertex 81.70863697748906 27.333551623777293 1.7730000000000057
vertex 82.06992956879768 26.59970939269816 1.7730000000000057
endloop
endfacet
facet normal 0.0 0.0 1.0
outer loop
vertex 82.17382343154725 29.119974686890554 1.7730000000000057
vertex 82.06992956879768 26.59970939269816 1.7730000000000057
vertex 82.4623429487044 26.822550312212872 1.7730000000000057
endloop
endfacet
facet normal 0.0 0.0 1.0
outer loop
vertex 82.17382343154725 29.119974686890554 1.7730000000000057
vertex 82.4623429487044 26.822550312212872 1.7730000000000057
vertex 82.85449794621027 29.288180487843526 1.7730000000000057
endloop
endfacet
facet normal 0.0 0.0 1.0
outer loop
vertex 82.85449794621027 29.288180487843526 1.7730000000000057
vertex 82.4623429487044 26.822550312212872 1.7730000000000057
vertex 82.75153121384157 27.00270692340029 1.7730000000000057
endloop
endfacet
facet normal 0.0 0.0 1.0
outer loop
vertex 82.85449794621027 29.288180487843526 1.7730000000000057
vertex 82.75153121384157 27.00270692340029 1.7730000000000057
vertex 82.96413547692792 27.1754868212965 1.7730000000000057
endloop
endfacet
facet normal 0.0 0.0 1.0
outer loop
vertex 82.85449794621027 29.288180487843526 1.7730000000000057
vertex 82.96413547692792 27.1754868212965 1.7730000000000057
vertex 82.9845434327356 29.204236895322342 1.7730000000000057
endloop
endfacet
facet normal 0.0 0.0 1.0
outer loop
vertex 82.9845434327356 29.204236895322342 1.7730000000000057
vertex 82.96413547692792 27.1754868212965 1.7730000000000057
vertex 83.12679685068196 27.37619760093789 1.7730000000000057
endloop
endfacet
facet normal 0.0 0.0 1.0
outer loop
vertex 82.9845434327356 29.204236895322342 1.7730000000000057
vertex 83.12679685068196 27.37619760093789 1.7730000000000057
vertex 83.20386865871134 28.745595613790083 1.7730000000000057
endloop
endfacet
facet normal 0.0 0.0 1.0
outer loop
vertex 83.20386865871134 28.745595613790083 1.7730000000000057
vertex 83.12679685068196 27.37619760093789 1.7730000000000057
vertex 83.26615644782237 27.640146857360232 1.7730000000000057
endloop
endfacet
facet normal 0.0 0.0 1.0
outer loop
vertex 83.20386865871134 28.745595613790083 1.7730000000000057
vertex 83.26615644782237 27.640146857360232 1.7730000000000057
vertex 83.42319389256699 28.28695431577959 1.7730000000000057
endloop
endfacet
facet normal 0.0 0.0 1.0
outer loop
vertex 83.42319389256699 28.28695431577959 1.7730000000000057
vertex 83.26615644782237 27.640146857360232 1.7730000000000057
vertex 83.4088553810677 28.00264218560012 1.7730000000000057
endloop
endfacet
facet normal 0.9087977043570384 -0.41723702203349244 0.0
outer loop
vertex 83.26615644782237 27.640146857360232 5.639932965095795e-15
vertex 83.12679685068196 27.37619760093789 1.7730000000000057
vertex 83.12679685068196 27.37619760093789 5.639932965095795e-15
endloop
endfacet
facet normal 0.8345819527751313 -0.5508838027225423 0.0
outer loop
vertex 83.12679685068196 27.37619760093789 1.7730000000000057
vertex 83.26615644782237 27.640146857360232 5.639932965095795e-15
vertex 83.26615644782237 27.640146857360232 1.7730000000000057
endloop
endfacet
facet normal 0.9774627986214909 -0.21110773863372 0.0
outer loop
vertex 83.4088553810677 28.00264218560012 5.639932965095795e-15
vertex 83.26615644782237 27.640146857360232 1.7730000000000057
vertex 83.26615644782237 27.640146857360232 5.639932965095795e-15
endloop
endfacet
facet normal 0.9087977043570384 -0.41723702203349244 0.0
outer loop
vertex 83.26615644782237 27.640146857360232 1.7730000000000057
vertex 83.4088553810677 28.00264218560012 5.639932965095795e-15
vertex 83.4088553810677 28.00264218560012 1.7730000000000057
endloop
endfacet
facet normal 0.9987307128471563 -0.05036827588682444 0.0
outer loop
vertex 83.42319389256699 28.28695431577959 5.639932965095795e-15
vertex 83.4088553810677 28.00264218560012 1.7730000000000057
vertex 83.4088553810677 28.00264218560012 5.639932965095795e-15
endloop
endfacet
facet normal 0.9774627986214909 -0.21110773863372 0.0
outer loop
vertex 83.4088553810677 28.00264218560012 1.7730000000000057
vertex 83.42319389256699 28.28695431577959 5.639932965095795e-15
vertex 83.42319389256699 28.28695431577959 1.7730000000000057
endloop
endfacet
facet normal 0.8345819527751313 -0.5508838027225423 0.0
outer loop
vertex 83.12679685068196 27.37619760093789 5.639932965095795e-15
vertex 82.96413547692792 27.1754868212965 1.7730000000000057
vertex 82.96413547692792 27.1754868212965 5.639932965095795e-15
endloop
endfacet
facet normal 0.7075876015400988 -0.7066256336609439 0.0
outer loop
vertex 82.96413547692792 27.1754868212965 1.7730000000000057
vertex 83.12679685068196 27.37619760093789 5.639932965095795e-15
vertex 83.12679685068196 27.37619760093789 1.7730000000000057
endloop
endfacet
facet normal 0.7075876015400988 -0.7066256336609439 0.0
outer loop
vertex 82.96413547692792 27.1754868212965 1.7730000000000057
vertex 82.75153121384157 27.00270692340029 5.639932965095795e-15
vertex 82.96413547692792 27.1754868212965 5.639932965095795e-15
endloop
endfacet
facet normal 0.5808591648713263 -0.8140040728307112 0.0
outer loop
vertex 82.75153121384157 27.00270692340029 5.639932965095795e-15
vertex 82.96413547692792 27.1754868212965 1.7730000000000057
vertex 82.75153121384157 27.00270692340029 1.7730000000000057
endloop
endfacet
facet normal 0.0 0.0 -1.0
outer loop
vertex 58.71622215670995 28.74559561379009 5.639932965095795e-15
vertex 58.5112354343536 28.002642185600124 5.639932965095795e-15
vertex 58.49689692285431 28.286954315779596 5.639932965095795e-15
endloop
endfacet
facet normal 0.0 0.0 -1.0
outer loop
vertex 58.5112354343536 28.002642185600124 5.639932965095795e-15
vertex 58.71622215670995 28.74559561379009 5.639932965095795e-15
vertex 58.653934367598936 27.64014685736024 5.639932965095795e-15
endloop
endfacet
facet normal 0.0 0.0 -1.0
outer loop
vertex 58.653934367598936 27.64014685736024 5.639932965095795e-15
vertex 58.71622215670995 28.74559561379009 5.639932965095795e-15
vertex 58.79329396473934 27.376197600937893 5.639932965095795e-15
endloop
endfacet
facet normal 0.0 0.0 -1.0
outer loop
vertex 58.79329396473934 27.376197600937893 5.639932965095795e-15
vertex 58.71622215670995 28.74559561379009 5.639932965095795e-15
vertex 58.93554738268569 29.20423689532235 5.639932965095795e-15
endloop
endfacet
facet normal 0.0 0.0 -1.0
outer loop
vertex 58.79329396473934 27.376197600937893 5.639932965095795e-15
vertex 58.93554738268569 29.20423689532235 5.639932965095795e-15
vertex 58.95595533849337 27.175486821296506 5.639932965095795e-15
endloop
endfacet
facet normal 0.0 0.0 -1.0
outer loop
vertex 58.95595533849337 27.175486821296506 5.639932965095795e-15
vertex 58.93554738268569 29.20423689532235 5.639932965095795e-15
vertex 59.06559286921102 29.288180487843533 5.639932965095795e-15
endloop
endfacet
facet normal 0.0 0.0 -1.0
outer loop
vertex 58.95595533849337 27.175486821296506 5.639932965095795e-15
vertex 59.06559286921102 29.288180487843533 5.639932965095795e-15
vertex 59.16855960157972 27.002706923400297 5.639932965095795e-15
endloop
endfacet
facet normal 0.0 0.0 -1.0
outer loop
vertex 59.16855960157972 27.002706923400297 5.639932965095795e-15
vertex 59.06559286921102 29.288180487843533 5.639932965095795e-15
vertex 59.746267383874056 29.119974686890558 5.639932965095795e-15
endloop
endfacet
facet normal 0.0 0.0 -1.0
outer loop
vertex 59.16855960157972 27.002706923400297 5.639932965095795e-15
vertex 59.746267383874056 29.119974686890558 5.639932965095795e-15
vertex 59.45774786671689 26.82255031221288 5.639932965095795e-15
endloop
endfacet
facet normal 0.0 0.0 -1.0
outer loop
vertex 59.45774786671689 26.82255031221288 5.639932965095795e-15
vertex 59.746267383874056 29.119974686890558 5.639932965095795e-15
vertex 59.85016124662362 26.599709392698166 5.639932965095795e-15
endloop
endfacet
facet normal 0.0 0.0 -1.0
outer loop
vertex 59.85016124662362 26.599709392698166 5.639932965095795e-15
vertex 59.746267383874056 29.119974686890558 5.639932965095795e-15
vertex 60.56399043609361 28.9179019516945 5.639932965095795e-15
endloop
endfacet
facet normal 0.0 0.0 -1.0
outer loop
vertex 59.85016124662362 26.599709392698166 5.639932965095795e-15
vertex 60.56399043609361 28.9179019516945 5.639932965095795e-15
vertex 60.21145383793223 27.3335516237773 5.639932965095795e-15
endloop
endfacet
facet normal 0.0 0.0 -1.0
outer loop
vertex 60.21145383793223 27.3335516237773 5.639932965095795e-15
vertex 60.56399043609361 28.9179019516945 5.639932965095795e-15
vertex 60.48083660990486 27.840158038205864 5.639932965095795e-15
endloop
endfacet
facet normal 0.0 0.0 -1.0
outer loop
vertex 60.48083660990486 27.840158038205864 5.639932965095795e-15
vertex 60.56399043609361 28.9179019516945 5.639932965095795e-15
vertex 60.78159484086195 28.61492496777129 5.639932965095795e-15
endloop
endfacet
facet normal 0.8726562856405994 0.48833493335205197 4.116686523056146e-18
outer loop
vertex 133.82351449479867 42.87650945208285 6.38274025723638e-15
vertex 134.78453489020052 40.92096683205291 1.7730000000000063
vertex 134.78453489020052 40.92096683205291 6.065731389175237e-15
endloop
endfacet
facet normal 0.9102757861159124 0.4140024072527331 3.4900598217523894e-18
outer loop
vertex 134.78453489020052 40.92096683205291 1.7730000000000063
vertex 133.82351449479867 42.87650945208285 6.38274025723638e-15
vertex 133.82351449479867 42.87650945208285 1.7730000000000063
endloop
endfacet
facet normal 0.8061043284885423 0.5917734461701 4.988678065336496e-18
outer loop
vertex 133.15539617572426 43.93372255892139 7.741041962985e-15
vertex 133.82351449479867 42.87650945208285 1.7730000000000063
vertex 133.82351449479867 42.87650945208285 6.38274025723638e-15
endloop
endfacet
facet normal 0.8726562856405993 0.4883349333520519 4.116686523056145e-18
outer loop
vertex 133.82351449479867 42.87650945208285 1.7730000000000063
vertex 133.15539617572426 43.93372255892139 7.741041962985e-15
vertex 133.15539617572426 43.93372255892139 1.7730000000000077
endloop
endfacet
facet normal 0.445959965438521 0.8950529086182968 7.545338239553699e-18
outer loop
vertex 126.81022997021303 49.086572662441256 8.251874745030236e-15
vertex 129.15906978489915 47.65862283421989 1.7730000000000077
vertex 129.15906978489915 47.65862283421989 7.782640359763388e-15
endloop
endfacet
facet normal 0.5667479674994221 0.8238912193580378 6.9454418423725e-18
outer loop
vertex 129.15906978489915 47.65862283421989 1.7730000000000077
vertex 126.81022997021303 49.086572662441256 8.251874745030236e-15
vertex 126.81022997021303 49.086572662441256 1.7730000000000083
endloop
endfacet
facet normal 0.9102757861159123 0.4140024072527331 3.490059821752389e-18
outer loop
vertex 134.78453489020052 40.92096683205291 6.065731389175237e-15
vertex 135.6243011632418 38.91756144830141 1.7730000000000057
vertex 135.6243011632418 38.91756144830141 5.800608712137119e-15
endloop
endfacet
facet normal 0.9437270634705607 0.33072530848610965 2.788029950945209e-18
outer loop
vertex 135.6243011632418 38.91756144830141 1.7730000000000057
vertex 134.78453489020052 40.92096683205291 6.065731389175237e-15
vertex 134.78453489020052 40.92096683205291 1.7730000000000063
endloop
endfacet
facet normal 0.7110874691483198 0.70310355654074 5.927196147234109e-18
outer loop
vertex 131.99224336261932 45.30649881986172 8.279309999862331e-15
vertex 133.15539617572426 43.93372255892139 1.7730000000000077
vertex 133.15539617572426 43.93372255892139 7.741041962985e-15
endloop
endfacet
facet normal 0.8061043284885424 0.5917734461701 4.988678065336496e-18
outer loop
vertex 133.15539617572426 43.93372255892139 1.7730000000000077
vertex 131.99224336261932 45.30649881986172 8.279309999862331e-15
vertex 131.99224336261932 45.30649881986172 1.7730000000000083
endloop
endfacet
facet normal 0.9437270634705608 0.33072530848610965 2.7880299509452093e-18
outer loop
vertex 135.6243011632418 38.91756144830141 5.800608712137119e-15
vertex 136.2188243018516 36.82821160621193 1.7730000000000057
vertex 136.2188243018516 36.82821160621193 5.639990432795195e-15
endloop
endfacet
facet normal 0.9764674581160903 0.21566479369684224 1.818064383834324e-18
outer loop
vertex 136.2188243018516 36.82821160621193 1.7730000000000057
vertex 135.6243011632418 38.91756144830141 5.800608712137119e-15
vertex 135.6243011632418 38.91756144830141 1.7730000000000057
endloop
endfacet
facet normal 0.03923552173075233 0.9992299904599121 8.423555953541236e-18
outer loop
vertex 112.68702119881421 51.74549583300464 1.7730000000000057
vertex 120.52349593255404 50.98452244353046 5.639932965095795e-15
vertex 112.68702119881421 51.74549583300464 5.639932965095795e-15
endloop
endfacet
facet normal 0.17168579119551272 0.9851517594267246 8.304875801857286e-18
outer loop
vertex 120.52349593255404 50.98452244353046 5.639932965095795e-15
vertex 112.68702119881421 51.74549583300464 1.7730000000000057
vertex 120.52349593255404 50.98452244353046 1.7730000000000057
endloop
endfacet
facet normal 0.27168216127413 0.9623870340177167 8.112968092840746e-18
outer loop
vertex 120.95789775323091 50.87439784320511 1.7730000000000057
vertex 124.18340748276297 50.05670336564325 5.639932965095795e-15
vertex 120.95789775323091 50.87439784320511 5.639932965095795e-15
endloop
endfacet
facet normal 0.2943850376217725 0.9556868993684217 8.056485641699922e-18
outer loop
vertex 124.18340748276297 50.05670336564325 5.639932965095795e-15
vertex 120.95789775323091 50.87439784320511 1.7730000000000057
vertex 124.18340748276297 50.05670336564325 1.7730000000000057
endloop
endfacet
facet normal -0.05026114508648333 0.9987361099382537 8.41939251744717e-18
outer loop
vertex 93.0678625173177 50.41298017048925 1.7730000000000057
vertex 98.39072210304481 50.95008358438098 5.639932965095795e-15
vertex 93.0678625173177 50.41298017048925 5.639932965095795e-15
endloop
endfacet
facet normal -0.09879357544459225 0.9951079486421931 8.388806946579974e-18
outer loop
vertex 98.39072210304481 50.95008358438098 5.639932965095795e-15
vertex 93.0678625173177 50.41298017048925 1.7730000000000057
vertex 98.39072210304481 50.95008358438098 1.7730000000000057
endloop
endfacet
facet normal -0.17168579119551272 0.9851517594267246 8.304875801857285e-18
outer loop
vertex 21.39659488286726 50.98452244353046 1.7730000000000057
vertex 29.233069616607096 51.74549583300464 5.639932965095795e-15
vertex 21.39659488286726 50.98452244353046 5.639932965095795e-15
endloop
endfacet
facet normal -0.03923552173075235 0.9992299904599121 8.423555953541234e-18
outer loop
vertex 29.233069616607096 51.74549583300464 5.639932965095795e-15
vertex 21.39659488286726 50.98452244353046 1.7730000000000057
vertex 29.233069616607096 51.74549583300464 1.7730000000000057
endloop
endfacet
facet normal 0.1994932491121644 0.979899200713355 8.260596484138884e-18
outer loop
vertex 120.75022670882436 50.93909404661399 1.7730000000000057
vertex 120.84098990363906 50.910818394943085 5.683419838285522e-15
vertex 120.75022670882436 50.93909404661399 5.639932965095795e-15
endloop
endfacet
facet normal 0.2974330252005387 0.9547426855022539 8.04852587426929e-18
outer loop
vertex 120.84098990363906 50.910818394943085 5.683419838285522e-15
vertex 120.75022670882436 50.93909404661399 1.7730000000000057
vertex 120.84098990363906 50.910818394943085 1.7730000000000057
endloop
endfacet
facet normal -0.057796382234660305 0.9983283919635788 8.415955435688486e-18
outer loop
vertex 105.11608670323207 51.60684219527834 1.7730000000000057
vertex 112.68702119881421 51.74549583300464 5.639932965095795e-15
vertex 105.11608670323207 51.60684219527834 5.639932965095795e-15
endloop
endfacet
facet normal 0.03923552173075233 0.9992299904599121 8.423555953541236e-18
outer loop
vertex 112.68702119881421 51.74549583300464 5.639932965095795e-15
vertex 105.11608670323207 51.60684219527834 1.7730000000000057
vertex 112.68702119881421 51.74549583300464 1.7730000000000057
endloop
endfacet
facet normal 0.2943850376217725 0.9556868993684217 8.056485641699922e-18
outer loop
vertex 124.18340748276297 50.05670336564325 1.7730000000000057
vertex 126.41112591489691 49.24517380075879 6.8795441840551835e-15
vertex 124.18340748276297 50.05670336564325 5.639932965095795e-15
endloop
endfacet
facet normal 0.35582935710640734 0.9345509449041508 7.878308548577106e-18
outer loop
vertex 126.41112591489691 49.24517380075879 6.8795441840551835e-15
vertex 124.18340748276297 50.05670336564325 1.7730000000000057
vertex 126.41112591489691 49.24517380075879 1.773000000000007
endloop
endfacet
facet normal -0.2974330252005387 0.9547426855022539 8.04852587426929e-18
outer loop
vertex 21.07910091178225 50.910818394943085 5.683419838285522e-15
vertex 21.169864106596947 50.93909404661399 1.7730000000000057
vertex 21.169864106596947 50.93909404661399 5.639932965095795e-15
endloop
endfacet
facet normal -0.1994932491121644 0.979899200713355 8.260596484138884e-18
outer loop
vertex 21.169864106596947 50.93909404661399 1.7730000000000057
vertex 21.07910091178225 50.910818394943085 5.683419838285522e-15
vertex 21.07910091178225 50.910818394943085 1.7730000000000057
endloop
endfacet
facet normal 0.1731020369389708 0.9849038962292611 8.302786303410892e-18
outer loop
vertex 120.67172559138179 50.946944949243374 1.7730000000000057
vertex 120.75022670882436 50.93909404661399 5.639932965095795e-15
vertex 120.67172559138179 50.946944949243374 5.639932965095795e-15
endloop
endfacet
facet normal 0.19949324911216443 0.9798992007133551 8.260596484138884e-18
outer loop
vertex 120.75022670882436 50.93909404661399 5.639932965095795e-15
vertex 120.67172559138179 50.946944949243374 1.7730000000000057
vertex 120.75022670882436 50.93909404661399 1.7730000000000057
endloop
endfacet
facet normal -0.2943850376217725 0.9556868993684217 8.056485641699922e-18
outer loop
vertex 17.73668333265833 50.05670336564325 1.7730000000000057
vertex 20.962193062190394 50.87439784320511 5.639932965095795e-15
vertex 17.73668333265833 50.05670336564325 5.639932965095795e-15
endloop
endfacet
facet normal -0.2716821612741299 0.9623870340177166 8.112968092840744e-18
outer loop
vertex 20.962193062190394 50.87439784320511 5.639932965095795e-15
vertex 17.73668333265833 50.05670336564325 1.7730000000000057
vertex 20.962193062190394 50.87439784320511 1.7730000000000057
endloop
endfacet
facet normal -0.03923552173075235 0.9992299904599121 8.423555953541234e-18
outer loop
vertex 29.233069616607096 51.74549583300464 1.7730000000000057
vertex 36.80400411218923 51.60684219527834 5.639932965095795e-15
vertex 29.233069616607096 51.74549583300464 5.639932965095795e-15
endloop
endfacet
facet normal 0.057796382234660305 0.9983283919635788 8.415955435688486e-18
outer loop
vertex 36.80400411218923 51.60684219527834 5.639932965095795e-15
vertex 29.233069616607096 51.74549583300464 1.7730000000000057
vertex 36.80400411218923 51.60684219527834 1.7730000000000057
endloop
endfacet
facet normal 0.29743302520053005 0.9547426855022567 8.048525874269313e-18
outer loop
vertex 120.84098990363906 50.910818394943085 5.683419838285522e-15
vertex 120.95789775323091 50.87439784320511 1.7730000000000057
vertex 120.95789775323091 50.87439784320511 5.639932965095795e-15
endloop
endfacet
facet normal 0.27168216127413 0.9623870340177167 8.112968092840746e-18
outer loop
vertex 120.95789775323091 50.87439784320511 1.7730000000000057
vertex 120.84098990363906 50.910818394943085 5.683419838285522e-15
vertex 120.84098990363906 50.910818394943085 1.7730000000000057
endloop
endfacet
facet normal 0.9927978340733644 0.1198017556600764 1.0099344512974913e-18
outer loop
vertex 136.4760823456687 35.208594813512086 5.619648376181693e-15
vertex 136.52257456008903 34.64740831385847 1.7730000000000057
vertex 136.52257456008903 34.64740831385847 5.639932965095795e-15
endloop
endfacet
facet normal 0.997151887988998 0.0754195749124643 6.357905740749736e-19
outer loop
vertex 136.52257456008903 34.64740831385847 1.7730000000000057
vertex 136.4760823456687 35.208594813512086 5.619648376181693e-15
vertex 136.4760823456687 35.208594813512086 1.7730000000000057
endloop
endfacet
facet normal 0.3558293571064073 0.9345509449041508 7.878308548577107e-18
outer loop
vertex 126.41112591489691 49.24517380075879 1.773000000000007
vertex 126.81022997021303 49.086572662441256 8.251874745030236e-15
vertex 126.41112591489691 49.24517380075879 6.8795441840551835e-15
endloop
endfacet
facet normal 0.445959965438521 0.8950529086182968 7.545338239553699e-18
outer loop
vertex 126.81022997021303 49.086572662441256 8.251874745030236e-15
vertex 126.41112591489691 49.24517380075879 1.773000000000007
vertex 126.81022997021303 49.086572662441256 1.7730000000000083
endloop
endfacet
facet normal -0.09879357544459225 0.9951079486421931 8.388806946579974e-18
outer loop
vertex 98.39072210304481 50.95008358438098 1.7730000000000057
vertex 105.11608670323207 51.60684219527834 5.639932965095795e-15
vertex 98.39072210304481 50.95008358438098 5.639932965095795e-15
endloop
endfacet
facet normal -0.057796382234660305 0.9983283919635788 8.415955435688486e-18
outer loop
vertex 105.11608670323207 51.60684219527834 5.639932965095795e-15
vertex 98.39072210304481 50.95008358438098 1.7730000000000057
vertex 105.11608670323207 51.60684219527834 1.7730000000000057
endloop
endfacet
facet normal 0.057796382234660305 0.9983283919635788 8.415955435688486e-18
outer loop
vertex 36.80400411218923 51.60684219527834 1.7730000000000057
vertex 43.52936871237649 50.95008358438098 5.639932965095795e-15
vertex 36.80400411218923 51.60684219527834 5.639932965095795e-15
endloop
endfacet
facet normal 0.09879357544459225 0.9951079486421931 8.388806946579974e-18
outer loop
vertex 43.52936871237649 50.95008358438098 5.639932965095795e-15
vertex 36.80400411218923 51.60684219527834 1.7730000000000057
vertex 43.52936871237649 50.95008358438098 1.7730000000000057
endloop
endfacet
facet normal -0.1731020369389708 0.9849038962292611 8.302786303410892e-18
outer loop
vertex 21.248365224039517 50.946944949243374 1.7730000000000057
vertex 21.39659488286726 50.98452244353046 5.639932965095795e-15
vertex 21.248365224039517 50.946944949243374 5.639932965095795e-15
endloop
endfacet
facet normal -0.17168579119551272 0.9851517594267246 8.304875801857285e-18
outer loop
vertex 21.39659488286726 50.98452244353046 5.639932965095795e-15
vertex 21.248365224039517 50.946944949243374 1.7730000000000057
vertex 21.39659488286726 50.98452244353046 1.7730000000000057
endloop
endfacet
facet normal 0.5667479674994221 0.8238912193580378 6.9454418423725e-18
outer loop
vertex 129.15906978489915 47.65862283421989 1.7730000000000077
vertex 130.28136502603007 46.7896333388855 8.302986066142037e-15
vertex 129.15906978489915 47.65862283421989 7.782640359763388e-15
endloop
endfacet
facet normal 0.6338671128136588 0.7734419715100007 6.52015230330811e-18
outer loop
vertex 130.28136502603007 46.7896333388855 8.302986066142037e-15
vertex 129.15906978489915 47.65862283421989 1.7730000000000077
vertex 130.28136502603007 46.7896333388855 1.7730000000000083
endloop
endfacet
facet normal 0.17168579119551272 0.9851517594267246 8.304875801857286e-18
outer loop
vertex 120.52349593255404 50.98452244353046 1.7730000000000057
vertex 120.67172559138179 50.946944949243374 5.639932965095795e-15
vertex 120.52349593255404 50.98452244353046 5.639932965095795e-15
endloop
endfacet
facet normal 0.1731020369389708 0.9849038962292611 8.302786303410892e-18
outer loop
vertex 120.67172559138179 50.946944949243374 5.639932965095795e-15
vertex 120.52349593255404 50.98452244353046 1.7730000000000057
vertex 120.67172559138179 50.946944949243374 1.7730000000000057
endloop
endfacet
facet normal 0.09879357544459225 0.9951079486421931 8.388806946579974e-18
outer loop
vertex 43.52936871237649 50.95008358438098 1.7730000000000057
vertex 48.85222829810359 50.41298017048925 5.639932965095795e-15
vertex 43.52936871237649 50.95008358438098 5.639932965095795e-15
endloop
endfacet
facet normal 0.05026114508648333 0.9987361099382537 8.41939251744717e-18
outer loop
vertex 48.85222829810359 50.41298017048925 5.639932965095795e-15
vertex 43.52936871237649 50.95008358438098 1.7730000000000057
vertex 48.85222829810359 50.41298017048925 1.7730000000000057
endloop
endfacet
facet normal 0.6338671128136588 0.7734419715100007 6.52015230330811e-18
outer loop
vertex 130.28136502603007 46.7896333388855 8.302986066142037e-15
vertex 131.99224336261932 45.30649881986172 1.7730000000000083
vertex 131.99224336261932 45.30649881986172 8.279309999862331e-15
endloop
endfacet
facet normal 0.7110874691483197 0.70310355654074 5.9271961472341094e-18
outer loop
vertex 131.99224336261932 45.30649881986172 1.7730000000000083
vertex 130.28136502603007 46.7896333388855 8.302986066142037e-15
vertex 130.28136502603007 46.7896333388855 1.7730000000000083
endloop
endfacet
facet normal -0.1994932491121644 0.979899200713355 8.260596484138884e-18
outer loop
vertex 21.169864106596947 50.93909404661399 1.7730000000000057
vertex 21.248365224039517 50.946944949243374 5.639932965095795e-15
vertex 21.169864106596947 50.93909404661399 5.639932965095795e-15
endloop
endfacet
facet normal -0.1731020369389708 0.9849038962292611 8.302786303410892e-18
outer loop
vertex 21.248365224039517 50.946944949243374 5.639932965095795e-15
vertex 21.169864106596947 50.93909404661399 1.7730000000000057
vertex 21.248365224039517 50.946944949243374 1.7730000000000057
endloop
endfacet
facet normal -0.27168216127413 0.9623870340177167 8.112968092840746e-18
outer loop
vertex 20.962193062190394 50.87439784320511 1.7730000000000057
vertex 21.07910091178225 50.910818394943085 5.683419838285522e-15
vertex 20.962193062190394 50.87439784320511 5.639932965095795e-15
endloop
endfacet
facet normal -0.29743302520053005 0.9547426855022567 8.048525874269313e-18
outer loop
vertex 21.07910091178225 50.910818394943085 5.683419838285522e-15
vertex 20.962193062190394 50.87439784320511 1.7730000000000057
vertex 21.07910091178225 50.910818394943085 1.7730000000000057
endloop
endfacet
facet normal 0.997151887988998 0.0754195749124643 6.357905740749736e-19
outer loop
vertex 136.52257456008903 34.64740831385847 5.639932965095795e-15
vertex 136.60129402143866 33.49706902564562 1.7730000000000057
vertex 136.60129402143866 33.49706902564562 5.639932965095795e-15
endloop
endfacet
facet normal 0.9985053002107782 0.05465496730383885 4.607439524617865e-19
outer loop
vertex 136.60129402143866 33.49706902564562 1.7730000000000057
vertex 136.52257456008903 34.64740831385847 5.639932965095795e-15
vertex 136.52257456008903 34.64740831385847 1.7730000000000057
endloop
endfacet
facet normal 0.05026114508648333 0.9987361099382537 8.41939251744717e-18
outer loop
vertex 48.85222829810359 50.41298017048925 1.7730000000000057
vertex 93.0678625173177 50.41298017048925 5.639932965095795e-15
vertex 48.85222829810359 50.41298017048925 5.639932965095795e-15
endloop
endfacet
facet normal -0.05026114508648333 0.9987361099382537 8.41939251744717e-18
outer loop
vertex 93.0678625173177 50.41298017048925 5.639932965095795e-15
vertex 48.85222829810359 50.41298017048925 1.7730000000000057
vertex 93.0678625173177 50.41298017048925 1.7730000000000057
endloop
endfacet
facet normal 0.9764674581160903 0.21566479369684224 1.818064383834324e-18
outer loop
vertex 136.2188243018516 36.82821160621193 5.639990432795195e-15
vertex 136.4760823456687 35.208594813512086 1.7730000000000057
vertex 136.4760823456687 35.208594813512086 5.619648376181693e-15
endloop
endfacet
facet normal 0.9927978340733644 0.1198017556600764 1.0099344512974913e-18
outer loop
vertex 136.4760823456687 35.208594813512086 1.7730000000000057
vertex 136.2188243018516 36.82821160621193 5.639990432795195e-15
vertex 136.2188243018516 36.82821160621193 1.7730000000000057
endloop
endfacet
facet normal -0.9961199553925097 -0.08800587746749942 -7.418936983134073e-19
outer loop
vertex 5.2774665103672005 26.204299847710804 1.7730000000000057
vertex 5.460616427702137 24.386038887960893 5.639932965095795e-15
vertex 5.460616427702137 24.386038887960893 1.7730000000000057
endloop
endfacet
facet normal -0.9931038841572236 -0.11723768707986312 -9.883192322184458e-19
outer loop
vertex 5.460616427702137 24.386038887960893 5.639932965095795e-15
vertex 5.2774665103672005 26.204299847710804 1.7730000000000057
vertex 5.2774665103672005 26.204299847710804 5.639932965095795e-15
endloop
endfacet
facet normal -0.445959965438521 0.8950529086182968 7.545338239553699e-18
outer loop
vertex 15.109860845208281 49.086572662441256 8.251874745030236e-15
vertex 15.508964900524392 49.24517380075879 1.773000000000007
vertex 15.508964900524392 49.24517380075879 6.8795441840551835e-15
endloop
endfacet
facet normal -0.3558293571064073 0.9345509449041508 7.878308548577107e-18
outer loop
vertex 15.508964900524392 49.24517380075879 1.773000000000007
vertex 15.109860845208281 49.086572662441256 8.251874745030236e-15
vertex 15.109860845208281 49.086572662441256 1.7730000000000083
endloop
endfacet
facet normal -0.9927978340733644 0.1198017556600764 1.0099344512974915e-18
outer loop
vertex 5.444008469752627 35.20859481351209 1.7730000000000057
vertex 5.397516255332277 34.64740831385848 5.639932965095795e-15
vertex 5.397516255332277 34.64740831385848 1.7730000000000057
endloop
endfacet
facet normal -0.997151887988998 0.0754195749124643 6.35790574074974e-19
outer loop
vertex 5.397516255332277 34.64740831385848 5.639932965095795e-15
vertex 5.444008469752627 35.20859481351209 1.7730000000000057
vertex 5.444008469752627 35.20859481351209 5.619648376181693e-15
endloop
endfacet
facet normal -0.9446357956060946 0.32812073031072064 2.7660732340679828e-18
outer loop
vertex 1.1648776180900833 32.093637796838216 1.7730000000000057
vertex 0.8953637188674051 31.317726819259857 5.639932965095795e-15
vertex 0.8953637188674051 31.317726819259857 1.7730000000000057
endloop
endfacet
facet normal -0.9710290023184611 0.2389616635705695 2.0144580957898537e-18
outer loop
vertex 0.8953637188674051 31.317726819259857 5.639932965095795e-15
vertex 1.1648776180900833 32.093637796838216 1.7730000000000057
vertex 1.1648776180900833 32.093637796838216 5.639932965095795e-15
endloop
endfacet
facet normal -0.9710290023184611 0.2389616635705695 2.0144580957898537e-18
outer loop
vertex 0.8953637188674051 31.317726819259857 1.7730000000000057
vertex 0.7900157403494081 30.612471620900372 5.639932965095795e-15
vertex 0.7900157403494081 30.612471620900372 1.7730000000000057
endloop
endfacet
facet normal -0.9978508571280646 0.06552607823444782 5.523879304002294e-19
outer loop
vertex 0.7900157403494081 30.612471620900372 5.639932965095795e-15
vertex 0.8953637188674051 31.317726819259857 1.7730000000000057
vertex 0.8953637188674051 31.317726819259857 5.639932965095795e-15
endloop
endfacet
facet normal -0.9764674581160904 0.2156647936968426 1.818064383834327e-18
outer loop
vertex 5.701266513569686 36.82821160621193 1.7730000000000057
vertex 5.444008469752627 35.20859481351209 5.619648376181693e-15
vertex 5.444008469752627 35.20859481351209 1.7730000000000057
endloop
endfacet
facet normal -0.9927978340733644 0.1198017556600764 1.0099344512974915e-18
outer loop
vertex 5.444008469752627 35.20859481351209 5.619648376181693e-15
vertex 5.701266513569686 36.82821160621193 1.7730000000000057
vertex 5.701266513569686 36.82821160621193 5.639990432795195e-15
endloop
endfacet
facet normal -0.5667479674994222 0.8238912193580374 6.945441842372496e-18
outer loop
vertex 12.761021030522153 47.65862283421989 1.7730000000000077
vertex 15.109860845208281 49.086572662441256 8.251874745030236e-15
vertex 12.761021030522153 47.65862283421989 7.782640359763388e-15
endloop
endfacet
facet normal -0.445959965438521 0.8950529086182968 7.545338239553699e-18
outer loop
vertex 15.109860845208281 49.086572662441256 8.251874745030236e-15
vertex 12.761021030522153 47.65862283421989 1.7730000000000077
vertex 15.109860845208281 49.086572662441256 1.7730000000000083
endloop
endfacet
facet normal -0.9437270634705607 0.3307253084861098 2.7880299509452105e-18
outer loop
vertex 6.2957896521795185 38.91756144830141 1.7730000000000057
vertex 5.701266513569686 36.82821160621193 5.639990432795195e-15
vertex 5.701266513569686 36.82821160621193 1.7730000000000057
endloop
endfacet
facet normal -0.9764674581160904 0.2156647936968426 1.818064383834327e-18
outer loop
vertex 5.701266513569686 36.82821160621193 5.639990432795195e-15
vertex 6.2957896521795185 38.91756144830141 1.7730000000000057
vertex 6.2957896521795185 38.91756144830141 5.800608712137119e-15
endloop
endfacet
facet normal -0.10766272619612167 -0.9941874759762462 -8.381047318587084e-18
outer loop
vertex 3.784953935536716 28.75238709754405 1.7730000000000057
vertex 2.8800003685511957 28.88476545187919 5.639932965095795e-15
vertex 3.784953935536716 28.75238709754405 5.639932965095795e-15
endloop
endfacet
facet normal -0.1894388594318695 -0.9818925188314414 -8.277400249899737e-18
outer loop
vertex 2.8800003685511957 28.88476545187919 5.639932965095795e-15
vertex 3.784953935536716 28.75238709754405 1.7730000000000057
vertex 2.8800003685511957 28.88476545187919 1.7730000000000057
endloop
endfacet
facet normal -0.07043352884608542 -0.9975164750590777 -8.409110937885191e-18
outer loop
vertex 4.676140507848122 28.689461404868727 1.7730000000000057
vertex 3.784953935536716 28.75238709754405 5.639932965095795e-15
vertex 4.676140507848122 28.689461404868727 5.639932965095795e-15
endloop
endfacet
facet normal -0.10766272619612167 -0.9941874759762462 -8.381047318587084e-18
outer loop
vertex 3.784953935536716 28.75238709754405 5.639932965095795e-15
vertex 4.676140507848122 28.689461404868727 1.7730000000000057
vertex 3.784953935536716 28.75238709754405 1.7730000000000057
endloop
endfacet
facet normal -0.9823270870773414 -0.18717236439748663 -1.5778718608447247e-18
outer loop
vertex 4.676140507848122 28.689461404868727 1.7730000000000057
vertex 4.72119728392584 28.45299224586656 5.639932965095795e-15
vertex 4.72119728392584 28.45299224586656 1.7730000000000057
endloop
endfacet
facet normal -0.9419414148274969 -0.33577726402002517 -2.8306181743983042e-18
outer loop
vertex 4.72119728392584 28.45299224586656 5.639932965095795e-15
vertex 4.676140507848122 28.689461404868727 1.7730000000000057
vertex 4.676140507848122 28.689461404868727 5.639932965095795e-15
endloop
endfacet
facet normal -0.6338671128136592 0.7734419715100004 6.5201523033081084e-18
outer loop
vertex 11.638725789391229 46.7896333388855 8.302986066142037e-15
vertex 12.761021030522153 47.65862283421989 1.7730000000000077
vertex 12.761021030522153 47.65862283421989 7.782640359763388e-15
endloop
endfacet
facet normal -0.5667479674994222 0.8238912193580374 6.945441842372496e-18
outer loop
vertex 12.761021030522153 47.65862283421989 1.7730000000000077
vertex 11.638725789391229 46.7896333388855 8.302986066142037e-15
vertex 11.638725789391229 46.7896333388855 1.7730000000000083
endloop
endfacet
facet normal -0.9419414148274969 -0.33577726402002517 -2.8306181743983042e-18
outer loop
vertex 4.72119728392584 28.45299224586656 1.7730000000000057
vertex 4.81866102759421 28.27312574134077 5.639932965095795e-15
vertex 4.81866102759421 28.27312574134077 1.7730000000000057
endloop
endfacet
facet normal -0.7663673090597671 -0.6424026366730539 -5.415484529469781e-18
outer loop
vertex 4.81866102759421 28.27312574134077 5.639932965095795e-15
vertex 4.72119728392584 28.45299224586656 1.7730000000000057
vertex 4.72119728392584 28.45299224586656 5.639932965095795e-15
endloop
endfacet
facet normal -0.7110874691483197 0.70310355654074 5.9271961472341094e-18
outer loop
vertex 9.927847452801995 45.30649881986172 1.7730000000000083
vertex 11.638725789391229 46.7896333388855 8.302986066142037e-15
vertex 9.927847452801995 45.30649881986172 8.279309999862331e-15
endloop
endfacet
facet normal -0.6338671128136592 0.7734419715100004 6.5201523033081084e-18
outer loop
vertex 11.638725789391229 46.7896333388855 8.302986066142037e-15
vertex 9.927847452801995 45.30649881986172 1.7730000000000083
vertex 11.638725789391229 46.7896333388855 1.7730000000000083
endloop
endfacet
facet normal 0.03468656840182242 0.9993982399286612 8.424974304499166e-18
outer loop
vertex 3.257890886817334 32.32767314680686 1.7730000000000057
vertex 4.557608428867364 32.261480477357004 5.639932965095795e-15
vertex 3.257890886817334 32.32767314680686 5.639932965095795e-15
endloop
endfacet
facet normal -0.14139419148990845 0.9899533739590543 8.345353638858352e-18
outer loop
vertex 4.557608428867364 32.261480477357004 5.639932965095795e-15
vertex 3.257890886817334 32.32767314680686 1.7730000000000057
vertex 4.557608428867364 32.261480477357004 1.7730000000000057
endloop
endfacet
facet normal -0.8061043284885424 0.5917734461701 4.988678065336496e-18
outer loop
vertex 8.764694639697044 43.93372255892139 1.7730000000000077
vertex 8.096576320622633 42.87650945208285 6.38274025723638e-15
vertex 8.096576320622633 42.87650945208285 1.7730000000000063
endloop
endfacet
facet normal -0.8726562856405994 0.48833493335205197 4.116686523056146e-18
outer loop
vertex 8.096576320622633 42.87650945208285 6.38274025723638e-15
vertex 8.764694639697044 43.93372255892139 1.7730000000000077
vertex 8.764694639697044 43.93372255892139 7.741041962985e-15
endloop
endfacet
facet normal -0.35582935710640734 0.9345509449041508 7.878308548577106e-18
outer loop
vertex 15.508964900524392 49.24517380075879 6.8795441840551835e-15
vertex 17.73668333265833 50.05670336564325 1.7730000000000057
vertex 17.73668333265833 50.05670336564325 5.639932965095795e-15
endloop
endfacet
facet normal -0.2943850376217725 0.9556868993684217 8.056485641699922e-18
outer loop
vertex 17.73668333265833 50.05670336564325 1.7730000000000057
vertex 15.508964900524392 49.24517380075879 6.8795441840551835e-15
vertex 15.508964900524392 49.24517380075879 1.773000000000007
endloop
endfacet
facet normal -0.8726562856405993 0.4883349333520519 4.116686523056145e-18
outer loop
vertex 8.096576320622633 42.87650945208285 1.7730000000000063
vertex 7.135555925220775 40.92096683205291 6.065731389175237e-15
vertex 7.135555925220775 40.92096683205291 1.7730000000000063
endloop
endfacet
facet normal -0.9102757861159123 0.41400240725273285 3.490059821752388e-18
outer loop
vertex 7.135555925220775 40.92096683205291 6.065731389175237e-15
vertex 8.096576320622633 42.87650945208285 1.7730000000000063
vertex 8.096576320622633 42.87650945208285 6.38274025723638e-15
endloop
endfacet
facet normal -0.14139419148990845 0.9899533739590543 8.345353638858352e-18
outer loop
vertex 4.557608428867364 32.261480477357004 1.7730000000000057
vertex 5.2783507808209915 32.512082120432154 5.639932965095795e-15
vertex 4.557608428867364 32.261480477357004 5.639932965095795e-15
endloop
endfacet
facet normal -0.3284138300677622 0.9445339359812452 7.962465634257556e-18
outer loop
vertex 5.2783507808209915 32.512082120432154 5.639932965095795e-15
vertex 4.557608428867364 32.261480477357004 1.7730000000000057
vertex 5.2783507808209915 32.512082120432154 1.7730000000000057
endloop
endfacet
facet normal -0.7110874691483197 0.70310355654074 5.9271961472341094e-18
outer loop
vertex 9.927847452801995 45.30649881986172 1.7730000000000083
vertex 8.764694639697044 43.93372255892139 7.741041962985e-15
vertex 8.764694639697044 43.93372255892139 1.7730000000000077
endloop
endfacet
facet normal -0.8061043284885423 0.5917734461701 4.988678065336496e-18
outer loop
vertex 8.764694639697044 43.93372255892139 7.741041962985e-15
vertex 9.927847452801995 45.30649881986172 1.7730000000000083
vertex 9.927847452801995 45.30649881986172 8.279309999862331e-15
endloop
endfacet
facet normal -0.997151887988998 0.0754195749124643 6.35790574074974e-19
outer loop
vertex 5.397516255332277 34.64740831385848 1.7730000000000057
vertex 5.318796793982634 33.49706902564563 5.639932965095795e-15
vertex 5.318796793982634 33.49706902564563 1.7730000000000057
endloop
endfacet
facet normal -0.9985053002107782 0.05465496730383885 4.607439524617869e-19
outer loop
vertex 5.318796793982634 33.49706902564563 5.639932965095795e-15
vertex 5.397516255332277 34.64740831385848 1.7730000000000057
vertex 5.397516255332277 34.64740831385848 5.639932965095795e-15
endloop
endfacet
facet normal -0.300857413763507 0.9536691337059903 8.039475781987043e-18
outer loop
vertex 1.1648776180900833 32.093637796838216 1.7730000000000057
vertex 1.981594922369884 32.35129052696975 5.639932965095795e-15
vertex 1.1648776180900833 32.093637796838216 5.639932965095795e-15
endloop
endfacet
facet normal -0.14305209101490501 0.9897151606680902 8.343345489578936e-18
outer loop
vertex 1.981594922369884 32.35129052696975 5.639932965095795e-15
vertex 1.1648776180900833 32.093637796838216 1.7730000000000057
vertex 1.981594922369884 32.35129052696975 1.7730000000000057
endloop
endfacet
facet normal -0.9102757861159124 0.4140024072527329 3.490059821752388e-18
outer loop
vertex 7.135555925220775 40.92096683205291 1.7730000000000063
vertex 6.2957896521795185 38.91756144830141 5.800608712137119e-15
vertex 6.2957896521795185 38.91756144830141 1.7730000000000057
endloop
endfacet
facet normal -0.9437270634705607 0.33072530848610976 2.78802995094521e-18
outer loop
vertex 6.2957896521795185 38.91756144830141 5.800608712137119e-15
vertex 7.135555925220775 40.92096683205291 1.7730000000000063
vertex 7.135555925220775 40.92096683205291 6.065731389175237e-15
endloop
endfacet
facet normal -0.9978508571280646 0.06552607823444782 5.523879304002294e-19
outer loop
vertex 0.7900157403494081 30.612471620900372 1.7730000000000057
vertex 0.8001996851930584 30.018131297039012 5.639932965095795e-15
vertex 0.8001996851930584 30.018131297039012 1.7730000000000057
endloop
endfacet
facet normal -0.9964002671706493 -0.08477327162649144 -7.146426785907689e-19
outer loop
vertex 0.8001996851930584 30.018131297039012 5.639932965095795e-15
vertex 0.7900157403494081 30.612471620900372 1.7730000000000057
vertex 0.7900157403494081 30.612471620900372 5.639932965095795e-15
endloop
endfacet
facet normal -0.9964002671706493 -0.08477327162649144 -7.146426785907689e-19
outer loop
vertex 0.8001996851930584 30.018131297039012 1.7730000000000057
vertex 0.8793443208307066 29.50358076589247 5.639932965095795e-15
vertex 0.8793443208307066 29.50358076589247 1.7730000000000057
endloop
endfacet
facet normal -0.9883766002895595 -0.15202531368180813 -1.2815805654151295e-18
outer loop
vertex 0.8793443208307066 29.50358076589247 5.639932965095795e-15
vertex 0.8001996851930584 30.018131297039012 1.7730000000000057
vertex 0.8001996851930584 30.018131297039012 5.639932965095795e-15
endloop
endfacet
facet normal -0.1894388594318695 -0.9818925188314414 -8.277400249899737e-18
outer loop
vertex 2.8800003685511957 28.88476545187919 1.7730000000000057
vertex 1.8926558228815036 29.122129729618 5.639932965095795e-15
vertex 2.8800003685511957 28.88476545187919 5.639932965095795e-15
endloop
endfacet
facet normal -0.29359083503287375 -0.9559311803601239 -8.058544941982777e-18
outer loop
vertex 1.8926558228815036 29.122129729618 5.639932965095795e-15
vertex 2.8800003685511957 28.88476545187919 1.7730000000000057
vertex 1.8926558228815036 29.122129729618 1.7730000000000057
endloop
endfacet
facet normal -0.29359083503287375 -0.9559311803601239 -8.058544941982777e-18
outer loop
vertex 1.8926558228815036 29.122129729618 1.7730000000000057
vertex 0.8793443208307066 29.50358076589247 5.639932965095795e-15
vertex 1.8926558228815036 29.122129729618 5.639932965095795e-15
endloop
endfacet
facet normal -0.35230472929857154 -0.9358853443204783 -7.889557598600749e-18
outer loop
vertex 0.8793443208307066 29.50358076589247 5.639932965095795e-15
vertex 1.8926558228815036 29.122129729618 1.7730000000000057
vertex 0.8793443208307066 29.50358076589247 1.7730000000000057
endloop
endfacet
facet normal -0.14305209101490501 0.9897151606680902 8.343345489578936e-18
outer loop
vertex 1.981594922369884 32.35129052696975 1.7730000000000057
vertex 3.257890886817334 32.32767314680686 5.639932965095795e-15
vertex 1.981594922369884 32.35129052696975 5.639932965095795e-15
endloop
endfacet
facet normal 0.03468656840182242 0.9993982399286612 8.424974304499166e-18
outer loop
vertex 3.257890886817334 32.32767314680686 5.639932965095795e-15
vertex 1.981594922369884 32.35129052696975 1.7730000000000057
vertex 3.257890886817334 32.32767314680686 1.7730000000000057
endloop
endfacet
facet normal -0.9985053002107782 0.05465496730383885 4.607439524617869e-19
outer loop
vertex 5.318796793982634 33.49706902564563 1.7730000000000057
vertex 5.2783507808209915 32.512082120432154 5.639932965095795e-15
vertex 5.2783507808209915 32.512082120432154 1.7730000000000057
endloop
endfacet
facet normal -0.9991580006713191 0.04102791360150531 3.458672469590981e-19
outer loop
vertex 5.2783507808209915 32.512082120432154 5.639932965095795e-15
vertex 5.318796793982634 33.49706902564563 1.7730000000000057
vertex 5.318796793982634 33.49706902564563 5.639932965095795e-15
endloop
endfacet
facet normal -0.619111113191482 -0.7853033996633431 -6.620144702147741e-18
outer loop
vertex 4.96996152730341 28.15273543021227 1.7730000000000057
vertex 4.81866102759421 28.27312574134077 5.639932965095795e-15
vertex 4.96996152730341 28.15273543021227 5.639932965095795e-15
endloop
endfacet
facet normal -0.7663673090597671 -0.6424026366730539 -5.415484529469781e-18
outer loop
vertex 4.81866102759421 28.27312574134077 5.639932965095795e-15
vertex 4.96996152730341 28.15273543021227 1.7730000000000057
vertex 4.81866102759421 28.27312574134077 1.7730000000000057
endloop
endfacet
facet normal -0.6155668708891231 -0.7880846575487773 -6.643590837314681e-18
outer loop
vertex 5.13945409827869 28.0203460852925 1.7730000000000057
vertex 4.96996152730341 28.15273543021227 5.639932965095795e-15
vertex 5.13945409827869 28.0203460852925 5.639932965095795e-15
endloop
endfacet
facet normal -0.619111113191482 -0.7853033996633431 -6.620144702147741e-18
outer loop
vertex 4.96996152730341 28.15273543021227 5.639932965095795e-15
vertex 5.13945409827869 28.0203460852925 1.7730000000000057
vertex 4.96996152730341 28.15273543021227 1.7730000000000057
endloop
endfacet
facet normal -0.9971247455473671 -0.07577758123019396 -6.388085842206948e-19
outer loop
vertex 5.13945409827869 28.0203460852925 1.7730000000000057
vertex 5.2774665103672005 26.204299847710804 5.639932965095795e-15
vertex 5.2774665103672005 26.204299847710804 1.7730000000000057
endloop
endfacet
facet normal -0.9961199553925097 -0.08800587746749942 -7.418936983134073e-19
outer loop
vertex 5.2774665103672005 26.204299847710804 5.639932965095795e-15
vertex 5.13945409827869 28.0203460852925 1.7730000000000057
vertex 5.13945409827869 28.0203460852925 5.639932965095795e-15
endloop
endfacet
facet normal 0.6986600703485146 -0.7154537763549847 -6.031309082831591e-18
outer loop
vertex 51.830711310730536 12.927876689121302 1.7730000000000057
vertex 49.69761614511278 10.930553447999861 5.639932965095795e-15
vertex 51.830711310730536 12.927876689121302 5.639932965095795e-15
endloop
endfacet
facet normal 0.6639213647222799 -0.747802394664062 -6.304009461070682e-18
outer loop
vertex 49.69761614511278 10.930553447999861 5.639932965095795e-15
vertex 51.830711310730536 12.927876689121302 1.7730000000000057
vertex 49.69761614511278 10.930553447999861 1.7730000000000057
endloop
endfacet
facet normal -0.9672217138697838 -0.25393336964408225 -2.1406702842092197e-18
outer loop
vertex 6.357991666765742 19.381210915035446 1.7730000000000057
vertex 6.77100296725422 17.968844927433377 5.639932965095795e-15
vertex 6.77100296725422 17.968844927433377 1.7730000000000057
endloop
endfacet
facet normal -0.9505323534499766 -0.3106255704942027 -2.618588211563049e-18
outer loop
vertex 6.77100296725422 17.968844927433377 5.639932965095795e-15
vertex 6.357991666765742 19.381210915035446 1.7730000000000057
vertex 6.357991666765742 19.381210915035446 5.639932965095795e-15
endloop
endfacet
facet normal -0.23154803272351177 -0.9728234724459889 -8.200947761080864e-18
outer loop
vertex 24.023662701057447 1.7968570157564976 1.7730000000000057
vertex 21.509908844612706 2.558616597389607 5.639932965095795e-15
vertex 24.023662701057447 1.7968570157564976 5.639932965095795e-15
endloop
endfacet
facet normal -0.34750738751151705 -0.937677244911553 -7.904663405107972e-18
outer loop
vertex 21.509908844612706 2.558616597389607 5.639932965095795e-15
vertex 24.023662701057447 1.7968570157564976 1.7730000000000057
vertex 21.509908844612706 2.558616597389607 1.7730000000000057
endloop
endfacet
facet normal 0.7233425755749207 -0.6904893325465935 -5.820857643946905e-18
outer loop
vertex 53.14343196064957 14.264732872595685 5.639932965095795e-15
vertex 51.830711310730536 12.927876689121302 1.7730000000000057
vertex 51.830711310730536 12.927876689121302 5.639932965095795e-15
endloop
endfacet
facet normal 0.6986600703485146 -0.7154537763549847 -6.031309082831591e-18
outer loop
vertex 51.830711310730536 12.927876689121302 1.7730000000000057
vertex 53.14343196064957 14.264732872595685 5.639932965095795e-15
vertex 53.14343196064957 14.264732872595685 1.7730000000000057
endloop
endfacet
facet normal 0.7413236344960072 -0.67114772512289 -5.657806981015936e-18
outer loop
vertex 54.00490129108191 15.193095597062987 5.639932965095795e-15
vertex 53.14343196064957 14.264732872595685 1.7730000000000057
vertex 53.14343196064957 14.264732872595685 5.639932965095795e-15
endloop
endfacet
facet normal 0.7233425755749207 -0.6904893325465935 -5.820857643946905e-18
outer loop
vertex 53.14343196064957 14.264732872595685 1.7730000000000057
vertex 54.00490129108191 15.193095597062987 5.639932965095795e-15
vertex 54.00490129108191 15.193095597062987 1.7730000000000057
endloop
endfacet
facet normal -0.9793181212854927 -0.2023265116633345 -1.705622037121279e-18
outer loop
vertex 6.022279293793605 20.821510073260516 1.7730000000000057
vertex 6.357991666765742 19.381210915035446 5.639932965095795e-15
vertex 6.357991666765742 19.381210915035446 1.7730000000000057
endloop
endfacet
facet normal -0.9672217138697838 -0.25393336964408225 -2.1406702842092197e-18
outer loop
vertex 6.357991666765742 19.381210915035446 5.639932965095795e-15
vertex 6.022279293793605 20.821510073260516 1.7730000000000057
vertex 6.022279293793605 20.821510073260516 5.639932965095795e-15
endloop
endfacet
facet normal -0.6208992475846014 -0.7838903777626537 -6.608232860872284e-18
outer loop
vertex 15.278093428314836 6.095496071309419 1.7730000000000057
vertex 13.61950464313548 7.534573230434842 5.639932965095795e-15
vertex 15.278093428314836 6.095496071309419 5.639932965095795e-15
endloop
endfacet
facet normal -0.6871919658399097 -0.7264758785294116 -6.1242259240777174e-18
outer loop
vertex 13.61950464313548 7.534573230434842 5.639932965095795e-15
vertex 15.278093428314836 6.095496071309419 1.7730000000000057
vertex 13.61950464313548 7.534573230434842 1.7730000000000057
endloop
endfacet
facet normal -0.34750738751151705 -0.937677244911553 -7.904663405107972e-18
outer loop
vertex 21.509908844612706 2.558616597389607 1.7730000000000057
vertex 19.09096404244754 3.6260597331752753 5.639932965095795e-15
vertex 21.509908844612706 2.558616597389607 5.639932965095795e-15
endloop
endfacet
facet normal -0.45435746703281144 -0.8908194498053619 -7.509649982067196e-18
outer loop
vertex 19.09096404244754 3.6260597331752753 5.639932965095795e-15
vertex 21.509908844612706 2.558616597389607 1.7730000000000057
vertex 19.09096404244754 3.6260597331752753 1.7730000000000057
endloop
endfacet
facet normal 0.2926752310573164 -0.9562119059735382 -8.060911472145766e-18
outer loop
vertex 35.16080489841824 2.196051283242402 1.7730000000000057
vertex 33.154560543520404 1.669799114470672 5.639932965095795e-15
vertex 35.16080489841824 2.196051283242402 5.639932965095795e-15
endloop
endfacet
facet normal 0.20917946728294617 -0.977877267588946 -8.243551492524952e-18
outer loop
vertex 33.154560543520404 1.669799114470672 5.639932965095795e-15
vertex 35.16080489841824 2.196051283242402 1.7730000000000057
vertex 33.154560543520404 1.669799114470672 1.7730000000000057
endloop
endfacet
facet normal 0.6639213647222799 -0.747802394664062 -6.304009461070682e-18
outer loop
vertex 49.69761614511278 10.930553447999861 1.7730000000000057
vertex 47.45523607631561 9.043500326018565 5.639932965095795e-15
vertex 49.69761614511278 10.930553447999861 5.639932965095795e-15
endloop
endfacet
facet normal 0.6221361406792704 -0.7829090767520219 -6.599960447064408e-18
outer loop
vertex 47.45523607631561 9.043500326018565 5.639932965095795e-15
vertex 49.69761614511278 10.930553447999861 1.7730000000000057
vertex 47.45523607631561 9.043500326018565 1.7730000000000057
endloop
endfacet
facet normal 0.5768792680451984 -0.8168294253389969 -6.885910585685143e-18
outer loop
vertex 45.11569059662016 7.2893049560785 1.7730000000000057
vertex 42.96666160487481 5.861490180519695 5.639932965095795e-15
vertex 45.11569059662016 7.2893049560785 5.639932965095795e-15
endloop
endfacet
facet normal 0.5303504943975463 -0.8477784811448557 -7.14681258600434e-18
outer loop
vertex 42.96666160487481 5.861490180519695 5.639932965095795e-15
vertex 45.11569059662016 7.2893049560785 1.7730000000000057
vertex 42.96666160487481 5.861490180519695 1.7730000000000057
endloop
endfacet
facet normal -0.8590472137767873 -0.5118963610950356 -4.315310470328776e-18
outer loop
vertex 8.772614396409002 13.565515178319782 1.7730000000000057
vertex 9.762880947215661 12.042718638816211 5.639932965095795e-15
vertex 9.762880947215661 12.042718638816211 1.7730000000000057
endloop
endfacet
facet normal -0.8198722137892841 -0.5725465509949901 -4.82659443207218e-18
outer loop
vertex 9.762880947215661 12.042718638816211 5.639932965095795e-15
vertex 8.772614396409002 13.565515178319782 1.7730000000000057
vertex 8.772614396409002 13.565515178319782 5.639932965095795e-15
endloop
endfacet
facet normal -0.9277367018464747 -0.37323533065215786 -3.146391443014888e-18
outer loop
vertex 7.271990615714714 16.584400373326318 1.7730000000000057
vertex 7.899992161919998 15.169698294593175 5.639932965095795e-15
vertex 7.899992161919998 15.169698294593175 1.7730000000000057
endloop
endfacet
facet normal -0.8969434715477106 -0.44214523501666475 -3.727305187307561e-18
outer loop
vertex 7.899992161919998 15.169698294593175 5.639932965095795e-15
vertex 7.271990615714714 16.584400373326318 1.7730000000000057
vertex 7.271990615714714 16.584400373326318 5.639932965095795e-15
endloop
endfacet
facet normal 0.7581300277185421 -0.6521034128659983 -5.4972625303646874e-18
outer loop
vertex 54.843526014943194 16.142596735555454 5.639932965095795e-15
vertex 54.00490129108191 15.193095597062987 1.7730000000000057
vertex 54.00490129108191 15.193095597062987 5.639932965095795e-15
endloop
endfacet
facet normal 0.7413236344960072 -0.67114772512289 -5.657806981015936e-18
outer loop
vertex 54.00490129108191 15.193095597062987 1.7730000000000057
vertex 54.843526014943194 16.142596735555454 5.639932965095795e-15
vertex 54.843526014943194 16.142596735555454 1.7730000000000057
endloop
endfacet
facet normal -0.8969434715477106 -0.44214523501666475 -3.727305187307561e-18
outer loop
vertex 7.899992161919998 15.169698294593175 1.7730000000000057
vertex 8.772614396409002 13.565515178319782 5.639932965095795e-15
vertex 8.772614396409002 13.565515178319782 1.7730000000000057
endloop
endfacet
facet normal -0.8590472137767873 -0.5118963610950356 -4.315310470328776e-18
outer loop
vertex 8.772614396409002 13.565515178319782 5.639932965095795e-15
vertex 7.899992161919998 15.169698294593175 1.7730000000000057
vertex 7.899992161919998 15.169698294593175 5.639932965095795e-15
endloop
endfacet
facet normal -0.9505323534499766 -0.3106255704942027 -2.618588211563049e-18
outer loop
vertex 6.77100296725422 17.968844927433377 1.7730000000000057
vertex 7.271990615714714 16.584400373326318 5.639932965095795e-15
vertex 7.271990615714714 16.584400373326318 1.7730000000000057
endloop
endfacet
facet normal -0.9277367018464747 -0.37323533065215786 -3.146391443014888e-18
outer loop
vertex 7.271990615714714 16.584400373326318 5.639932965095795e-15
vertex 6.77100296725422 17.968844927433377 1.7730000000000057
vertex 6.77100296725422 17.968844927433377 5.639932965095795e-15
endloop
endfacet
facet normal -0.9931038841572236 -0.11723768707986312 -9.883192322184458e-19
outer loop
vertex 5.460616427702137 24.386038887960893 1.7730000000000057
vertex 5.705745780916 22.57624048988396 5.639932965095795e-15
vertex 5.705745780916 22.57624048988396 1.7730000000000057
endloop
endfacet
facet normal -0.9877713828189878 -0.15590925336189868 -1.3143223601248375e-18
outer loop
vertex 5.705745780916 22.57624048988396 5.639932965095795e-15
vertex 5.460616427702137 24.386038887960893 1.7730000000000057
vertex 5.460616427702137 24.386038887960893 5.639932965095795e-15
endloop
endfacet
facet normal -0.9877713828189878 -0.15590925336189868 -1.3143223601248375e-18
outer loop
vertex 5.705745780916 22.57624048988396 1.7730000000000057
vertex 6.022279293793605 20.821510073260516 5.639932965095795e-15
vertex 6.022279293793605 20.821510073260516 1.7730000000000057
endloop
endfacet
facet normal -0.9793181212854927 -0.2023265116633345 -1.705622037121279e-18
outer loop
vertex 6.022279293793605 20.821510073260516 5.639932965095795e-15
vertex 5.705745780916 22.57624048988396 1.7730000000000057
vertex 5.705745780916 22.57624048988396 5.639932965095795e-15
endloop
endfacet
facet normal -0.11505748634765152 -0.9933588348806086 -8.374061835063621e-18
outer loop
vertex 26.621653031803937 1.342606946818937 1.7730000000000057
vertex 24.023662701057447 1.7968570157564976 5.639932965095795e-15
vertex 26.621653031803937 1.342606946818937 5.639932965095795e-15
endloop
endfacet
facet normal -0.23154803272351177 -0.9728234724459889 -8.200947761080864e-18
outer loop
vertex 24.023662701057447 1.7968570157564976 5.639932965095795e-15
vertex 26.621653031803937 1.342606946818937 1.7730000000000057
vertex 24.023662701057447 1.7968570157564976 1.7730000000000057
endloop
endfacet
facet normal 0.0017743511943095387 -0.9999984258376806 -8.43003390002314e-18
outer loop
vertex 29.04299160153528 1.2031563458788221 1.7730000000000057
vertex 26.621653031803937 1.342606946818937 5.639932965095795e-15
vertex 29.04299160153528 1.2031563458788221 5.639932965095795e-15
endloop
endfacet
facet normal -0.11505748634765152 -0.9933588348806086 -8.374061835063621e-18
outer loop
vertex 26.621653031803937 1.342606946818937 5.639932965095795e-15
vertex 29.04299160153528 1.2031563458788221 1.7730000000000057
vertex 26.621653031803937 1.342606946818937 1.7730000000000057
endloop
endfacet
facet normal 0.3650200731223652 -0.9309996488816435 -7.848370955591723e-18
outer loop
vertex 37.160647642992764 2.8978916058025046 1.7730000000000057
vertex 35.16080489841824 2.196051283242402 5.639932965095795e-15
vertex 37.160647642992764 2.8978916058025046 5.639932965095795e-15
endloop
endfacet
facet normal 0.2926752310573164 -0.9562119059735382 -8.060911472145766e-18
outer loop
vertex 35.16080489841824 2.196051283242402 5.639932965095795e-15
vertex 37.160647642992764 2.8978916058025046 1.7730000000000057
vertex 35.16080489841824 2.196051283242402 1.7730000000000057
endloop
endfacet
facet normal 0.4278626947323438 -0.9038437444914788 -7.619445400630865e-18
outer loop
vertex 39.15465782161401 3.7640524552425045 1.7730000000000057
vertex 37.160647642992764 2.8978916058025046 5.639932965095795e-15
vertex 39.15465782161401 3.7640524552425045 5.639932965095795e-15
endloop
endfacet
facet normal 0.3650200731223652 -0.9309996488816435 -7.848370955591723e-18
outer loop
vertex 37.160647642992764 2.8978916058025046 5.639932965095795e-15
vertex 39.15465782161401 3.7640524552425045 1.7730000000000057
vertex 37.160647642992764 2.8978916058025046 1.7730000000000057
endloop
endfacet
facet normal 0.11277021313582926 -0.9936210942956575 -8.376272694303334e-18
outer loop
vertex 31.110869650903844 1.3296144853553176 1.7730000000000057
vertex 29.04299160153528 1.2031563458788221 5.639932965095795e-15
vertex 31.110869650903844 1.3296144853553176 5.639932965095795e-15
endloop
endfacet
facet normal 0.0017743511943095387 -0.9999984258376806 -8.43003390002314e-18
outer loop
vertex 29.04299160153528 1.2031563458788221 5.639932965095795e-15
vertex 31.110869650903844 1.3296144853553176 1.7730000000000057
vertex 29.04299160153528 1.2031563458788221 1.7730000000000057
endloop
endfacet
facet normal -0.8198722137892841 -0.5725465509949901 -4.82659443207218e-18
outer loop
vertex 9.762880947215661 12.042718638816211 1.7730000000000057
vertex 10.853891768415787 10.585408743670817 5.639932965095795e-15
vertex 10.853891768415787 10.585408743670817 1.7730000000000057
endloop
endfacet
facet normal -0.7836739204850842 -0.6211724288404453 -5.236512876005919e-18
outer loop
vertex 10.853891768415787 10.585408743670817 5.639932965095795e-15
vertex 9.762880947215661 12.042718638816211 1.7730000000000057
vertex 9.762880947215661 12.042718638816211 5.639932965095795e-15
endloop
endfacet
facet normal -0.7836739204850842 -0.6211724288404453 -5.236512876005919e-18
outer loop
vertex 10.853891768415787 10.585408743670817 1.7730000000000057
vertex 12.091003679260563 9.110205720802648 5.639932965095795e-15
vertex 12.091003679260563 9.110205720802648 1.7730000000000057
endloop
endfacet
facet normal -0.7424818990718712 -0.6698661280812963 -5.647003057502002e-18
outer loop
vertex 12.091003679260563 9.110205720802648 5.639932965095795e-15
vertex 10.853891768415787 10.585408743670817 1.7730000000000057
vertex 10.853891768415787 10.585408743670817 5.639932965095795e-15
endloop
endfacet
facet normal -0.45435746703281144 -0.8908194498053619 -7.509649982067196e-18
outer loop
vertex 19.09096404244754 3.6260597331752753 1.7730000000000057
vertex 17.05795369257102 4.811014046848995 5.639932965095795e-15
vertex 19.09096404244754 3.6260597331752753 5.639932965095795e-15
endloop
endfacet
facet normal -0.5450279044370699 -0.8384179049763527 -7.067902487362808e-18
outer loop
vertex 17.05795369257102 4.811014046848995 5.639932965095795e-15
vertex 19.09096404244754 3.6260597331752753 1.7730000000000057
vertex 17.05795369257102 4.811014046848995 1.7730000000000057
endloop
endfacet
facet normal 0.20917946728294617 -0.977877267588946 -8.243551492524952e-18
outer loop
vertex 33.154560543520404 1.669799114470672 1.7730000000000057
vertex 31.110869650903844 1.3296144853553176 5.639932965095795e-15
vertex 33.154560543520404 1.669799114470672 5.639932965095795e-15
endloop
endfacet
facet normal 0.11277021313582926 -0.9936210942956575 -8.376272694303334e-18
outer loop
vertex 31.110869650903844 1.3296144853553176 5.639932965095795e-15
vertex 33.154560543520404 1.669799114470672 1.7730000000000057
vertex 31.110869650903844 1.3296144853553176 1.7730000000000057
endloop
endfacet
facet normal 0.48208235330645804 -0.8761259068367443 -7.385782721743132e-18
outer loop
vertex 41.09185674522882 4.758986508232328 1.7730000000000057
vertex 39.15465782161401 3.7640524552425045 5.639932965095795e-15
vertex 41.09185674522882 4.758986508232328 5.639932965095795e-15
endloop
endfacet
facet normal 0.4278626947323438 -0.9038437444914788 -7.619445400630865e-18
outer loop
vertex 39.15465782161401 3.7640524552425045 5.639932965095795e-15
vertex 41.09185674522882 4.758986508232328 1.7730000000000057
vertex 39.15465782161401 3.7640524552425045 1.7730000000000057
endloop
endfacet
facet normal 0.5303504943975463 -0.8477784811448557 -7.14681258600434e-18
outer loop
vertex 42.96666160487481 5.861490180519695 1.7730000000000057
vertex 41.09185674522882 4.758986508232328 5.639932965095795e-15
vertex 42.96666160487481 5.861490180519695 5.639932965095795e-15
endloop
endfacet
facet normal 0.48208235330645804 -0.8761259068367443 -7.385782721743132e-18
outer loop
vertex 41.09185674522882 4.758986508232328 5.639932965095795e-15
vertex 42.96666160487481 5.861490180519695 1.7730000000000057
vertex 41.09185674522882 4.758986508232328 1.7730000000000057
endloop
endfacet
facet normal 0.6221361406792704 -0.7829090767520219 -6.599960447064408e-18
outer loop
vertex 47.45523607631561 9.043500326018565 1.7730000000000057
vertex 45.11569059662016 7.2893049560785 5.639932965095795e-15
vertex 47.45523607631561 9.043500326018565 5.639932965095795e-15
endloop
endfacet
facet normal 0.5768792680451984 -0.8168294253389969 -6.885910585685143e-18
outer loop
vertex 45.11569059662016 7.2893049560785 5.639932965095795e-15
vertex 47.45523607631561 9.043500326018565 1.7730000000000057
vertex 45.11569059662016 7.2893049560785 1.7730000000000057
endloop
endfacet
facet normal -0.7424818990718712 -0.6698661280812963 -5.647003057502002e-18
outer loop
vertex 12.091003679260563 9.110205720802648 1.7730000000000057
vertex 13.61950464313548 7.534573230434842 5.639932965095795e-15
vertex 13.61950464313548 7.534573230434842 1.7730000000000057
endloop
endfacet
facet normal -0.6871919658399097 -0.7264758785294116 -6.1242259240777174e-18
outer loop
vertex 13.61950464313548 7.534573230434842 5.639932965095795e-15
vertex 12.091003679260563 9.110205720802648 1.7730000000000057
vertex 12.091003679260563 9.110205720802648 5.639932965095795e-15
endloop
endfacet
facet normal -0.5450279044370699 -0.8384179049763527 -7.067902487362808e-18
outer loop
vertex 17.05795369257102 4.811014046848995 1.7730000000000057
vertex 15.278093428314836 6.095496071309419 5.639932965095795e-15
vertex 17.05795369257102 4.811014046848995 5.639932965095795e-15
endloop
endfacet
facet normal -0.6208992475846014 -0.7838903777626537 -6.608232860872284e-18
outer loop
vertex 15.278093428314836 6.095496071309419 5.639932965095795e-15
vertex 17.05795369257102 4.811014046848995 1.7730000000000057
vertex 15.278093428314836 6.095496071309419 1.7730000000000057
endloop
endfacet
facet normal -0.894717351597398 -0.44663280303907216 -3.765135597416321e-18
outer loop
vertex 77.30699604898824 37.64508116381593 1.7730000000000057
vertex 77.58089268598897 37.24794953563565 5.639932965095795e-15
vertex 77.58089268598897 37.24794953563565 1.7730000000000057
endloop
endfacet
facet normal -0.8232004283883977 -0.567750873800436 -4.786166647108625e-18
outer loop
vertex 77.58089268598897 37.24794953563565 5.639932965095795e-15
vertex 77.30699604898824 37.64508116381593 1.7730000000000057
vertex 77.30699604898824 37.64508116381593 5.639932965095795e-15
endloop
endfacet
facet normal -0.9959213699308762 -0.09022541169208867 -7.606044765227584e-19
outer loop
vertex 77.58089268598897 37.24794953563565 1.7730000000000057
vertex 77.59402063969559 37.10304125098844 5.639932965095795e-15
vertex 77.59402063969559 37.10304125098844 1.7730000000000057
endloop
endfacet
facet normal -0.9959213699308762 -0.09022541169208867 -7.606044765227584e-19
outer loop
vertex 77.59402063969559 37.10304125098844 5.639932965095795e-15
vertex 77.58089268598897 37.24794953563565 1.7730000000000057
vertex 77.58089268598897 37.24794953563565 5.639932965095795e-15
endloop
endfacet
facet normal 1.1015536019879426e-34 -8.430047170285747e-18 1.0
outer loop
vertex 56.015704575423136 47.3486691189883 1.7730000000000057
vertex 55.47818465280009 49.04978035177235 1.7730000000000057
vertex 52.819349877374165 48.61281011759283 1.7730000000000057
endloop
endfacet
facet normal 1.1015536019879426e-34 -8.430047170285747e-18 1.0
outer loop
vertex 55.47818465280009 49.04978035177235 1.7730000000000057
vertex 56.015704575423136 47.3486691189883 1.7730000000000057
vertex 55.6466997479305 48.87669557014878 1.7730000000000057
endloop
endfacet
facet normal 1.1015536019879426e-34 -8.430047170285747e-18 1.0
outer loop
vertex 55.6466997479305 48.87669557014878 1.7730000000000057
vertex 56.015704575423136 47.3486691189883 1.7730000000000057
vertex 55.763348169253696 48.78166782324019 1.7730000000000057
endloop
endfacet
facet normal 1.1015536019879426e-34 -8.430047170285747e-18 1.0
outer loop
vertex 55.763348169253696 48.78166782324019 1.7730000000000057
vertex 56.015704575423136 47.3486691189883 1.7730000000000057
vertex 55.98451475265915 48.6347930405375 1.7730000000000057
endloop
endfacet
facet normal 1.1015536019879426e-34 -8.430047170285747e-18 1.0
outer loop
vertex 55.98451475265915 48.6347930405375 1.7730000000000057
vertex 56.015704575423136 47.3486691189883 1.7730000000000057
vertex 56.725536592481355 48.17749072341629 1.7730000000000057
endloop
endfacet
facet normal 1.1015536019879426e-34 -8.430047170285747e-18 1.0
outer loop
vertex 56.725536592481355 48.17749072341629 1.7730000000000057
vertex 56.015704575423136 47.3486691189883 1.7730000000000057
vertex 58.78651322164779 45.528481370883114 1.7730000000000057
endloop
endfacet
facet normal 1.1015536019879426e-34 -8.430047170285747e-18 1.0
outer loop
vertex 56.725536592481355 48.17749072341629 1.7730000000000057
vertex 58.78651322164779 45.528481370883114 1.7730000000000057
vertex 57.74577332594109 47.68706044884201 1.7730000000000057
endloop
endfacet
facet normal 1.1015536019879426e-34 -8.430047170285747e-18 1.0
outer loop
vertex 57.74577332594109 47.68706044884201 1.7730000000000057
vertex 58.78651322164779 45.528481370883114 1.7730000000000057
vertex 58.89369693957218 47.09252799954131 1.7730000000000057
endloop
endfacet
facet normal 1.1015536019879426e-34 -8.430047170285747e-18 1.0
outer loop
vertex 58.89369693957218 47.09252799954131 1.7730000000000057
vertex 58.78651322164779 45.528481370883114 1.7730000000000057
vertex 61.655033732532225 42.78195691844342 1.7730000000000057
endloop
endfacet
facet normal 1.1015536019879426e-34 -8.430047170285747e-18 1.0
outer loop
vertex 58.89369693957218 47.09252799954131 1.7730000000000057
vertex 61.655033732532225 42.78195691844342 1.7730000000000057
vertex 60.29877202247299 46.10081944225001 1.7730000000000057
endloop
endfacet
facet normal 1.1015536019879426e-34 -8.430047170285747e-18 1.0
outer loop
vertex 60.29877202247299 46.10081944225001 1.7730000000000057
vertex 61.655033732532225 42.78195691844342 1.7730000000000057
vertex 61.3650353547744 45.06974290632219 1.7730000000000057
endloop
endfacet
facet normal 1.1015536019879426e-34 -8.430047170285747e-18 1.0
outer loop
vertex 61.3650353547744 45.06974290632219 1.7730000000000057
vertex 61.655033732532225 42.78195691844342 1.7730000000000057
vertex 62.469030238404244 43.64260786646064 1.7730000000000057
endloop
endfacet
facet normal 1.1015536019879426e-34 -8.430047170285747e-18 1.0
outer loop
vertex 62.469030238404244 43.64260786646064 1.7730000000000057
vertex 61.655033732532225 42.78195691844342 1.7730000000000057
vertex 63.075970163653636 38.55841457272399 1.7730000000000057
endloop
endfacet
facet normal 1.1015536019879426e-34 -8.430047170285747e-18 1.0
outer loop
vertex 62.469030238404244 43.64260786646064 1.7730000000000057
vertex 63.075970163653636 38.55841457272399 1.7730000000000057
vertex 63.380851318431276 41.98809846706516 1.7730000000000057
endloop
endfacet
facet normal 1.1015536019879426e-34 -8.430047170285747e-18 1.0
outer loop
vertex 63.380851318431276 41.98809846706516 1.7730000000000057
vertex 63.075970163653636 38.55841457272399 1.7730000000000057
vertex 63.15956423201092 30.086175483227127 1.7730000000000057
endloop
endfacet
facet normal 1.1015536019879426e-34 -8.430047170285747e-18 1.0
outer loop
vertex 63.380851318431276 41.98809846706516 1.7730000000000057
vertex 63.15956423201092 30.086175483227127 1.7730000000000057
vertex 63.62274689201818 32.01264158700799 1.7730000000000057
endloop
endfacet
facet normal 1.1015536019879426e-34 -8.430047170285747e-18 1.0
outer loop
vertex 63.380851318431276 41.98809846706516 1.7730000000000057
vertex 63.62274689201818 32.01264158700799 1.7730000000000057
vertex 63.87050772294116 40.644387245062596 1.7730000000000057
endloop
endfacet
facet normal 1.1015536019879426e-34 -8.430047170285747e-18 1.0
outer loop
vertex 63.87050772294116 40.644387245062596 1.7730000000000057
vertex 63.62274689201818 32.01264158700799 1.7730000000000057
vertex 63.99563472449436 33.813209786044965 1.7730000000000057
endloop
endfacet
facet normal 1.1015536019879426e-34 -8.430047170285747e-18 1.0
outer loop
vertex 63.87050772294116 40.644387245062596 1.7730000000000057
vertex 63.99563472449436 33.813209786044965 1.7730000000000057
vertex 64.3879895181439 41.157195453506944 1.7730000000000057
endloop
endfacet
facet normal 1.1015536019879426e-34 -8.430047170285747e-18 1.0
outer loop
vertex 64.3879895181439 41.157195453506944 1.7730000000000057
vertex 63.99563472449436 33.813209786044965 1.7730000000000057
vertex 64.19287190338187 35.37616611132417 1.7730000000000057
endloop
endfacet
facet normal 1.1015536019879426e-34 -8.430047170285747e-18 1.0
outer loop
vertex 64.3879895181439 41.157195453506944 1.7730000000000057
vertex 64.19287190338187 35.37616611132417 1.7730000000000057
vertex 64.29981425473824 36.813224531859326 1.7730000000000057
endloop
endfacet
facet normal 1.1015536019879426e-34 -8.430047170285747e-18 1.0
outer loop
vertex 64.3879895181439 41.157195453506944 1.7730000000000057
vertex 64.29981425473824 36.813224531859326 1.7730000000000057
vertex 64.31009645850659 36.92672100996731 1.7730000000000057
endloop
endfacet
facet normal 1.1015536019879426e-34 -8.430047170285747e-18 1.0
outer loop
vertex 64.3879895181439 41.157195453506944 1.7730000000000057
vertex 64.31009645850659 36.92672100996731 1.7730000000000057
vertex 64.3260701757257 37.10304125098845 1.7730000000000057
endloop
endfacet
facet normal 1.1015536019879426e-34 -8.430047170285747e-18 1.0
outer loop
vertex 64.3879895181439 41.157195453506944 1.7730000000000057
vertex 64.3260701757257 37.10304125098845 1.7730000000000057
vertex 64.33919812943233 37.247949535635655 1.7730000000000057
endloop
endfacet
facet normal 1.1015536019879426e-34 -8.430047170285747e-18 1.0
outer loop
vertex 64.3879895181439 41.157195453506944 1.7730000000000057
vertex 64.33919812943233 37.247949535635655 1.7730000000000057
vertex 64.61309476643306 37.64508116381594 1.7730000000000057
endloop
endfacet
facet normal 1.1015536019879426e-34 -8.430047170285747e-18 1.0
outer loop
vertex 64.3879895181439 41.157195453506944 1.7730000000000057
vertex 64.61309476643306 37.64508116381594 1.7730000000000057
vertex 64.77570842860871 41.84293309032099 1.7730000000000057
endloop
endfacet
facet normal 1.1015536019879426e-34 -8.430047170285747e-18 1.0
outer loop
vertex 64.77570842860871 41.84293309032099 1.7730000000000057
vertex 64.61309476643306 37.64508116381594 1.7730000000000057
vertex 64.93118950568727 38.59785631711532 1.7730000000000057
endloop
endfacet
facet normal 1.1015536019879426e-34 -8.430047170285747e-18 1.0
outer loop
vertex 64.77570842860871 41.84293309032099 1.7730000000000057
vertex 64.93118950568727 38.59785631711532 1.7730000000000057
vertex 64.95523893167048 39.53228292729 1.7730000000000057
endloop
endfacet
facet normal 1.1015536019879426e-34 -8.430047170285747e-18 1.0
outer loop
vertex 64.77570842860871 41.84293309032099 1.7730000000000057
vertex 64.95523893167048 39.53228292729 1.7730000000000057
vertex 65.07672495087965 40.48252180283019 1.7730000000000057
endloop
endfacet
facet normal 1.1015536019879426e-34 -8.430047170285747e-18 1.0
outer loop
vertex 64.77570842860871 41.84293309032099 1.7730000000000057
vertex 65.07672495087965 40.48252180283019 1.7730000000000057
vertex 65.69856784895613 42.59655615964089 1.7730000000000057
endloop
endfacet
facet normal 1.1015536019879426e-34 -8.430047170285747e-18 1.0
outer loop
vertex 65.69856784895613 42.59655615964089 1.7730000000000057
vertex 65.07672495087965 40.48252180283019 1.7730000000000057
vertex 65.69767175494724 41.406468369010284 1.7730000000000057
endloop
endfacet
facet normal 1.1015536019879426e-34 -8.430047170285747e-18 1.0
outer loop
vertex 65.69856784895613 42.59655615964089 1.7730000000000057
vertex 65.69767175494724 41.406468369010284 1.7730000000000057
vertex 66.88936652434978 42.09607361558869 1.7730000000000057
endloop
endfacet
facet normal 1.1015536019879426e-34 -8.430047170285747e-18 1.0
outer loop
vertex 65.69856784895613 42.59655615964089 1.7730000000000057
vertex 66.88936652434978 42.09607361558869 1.7730000000000057
vertex 67.11240075745155 43.128960159270484 1.7730000000000057
endloop
endfacet
facet normal 1.1015536019879426e-34 -8.430047170285747e-18 1.0
outer loop
vertex 67.11240075745155 43.128960159270484 1.7730000000000057
vertex 66.88936652434978 42.09607361558869 1.7730000000000057
vertex 68.46168142997193 42.56455308314205 1.7730000000000057
endloop
endfacet
facet normal 1.1015536019879426e-34 -8.430047170285747e-18 1.0
outer loop
vertex 67.11240075745155 43.128960159270484 1.7730000000000057
vertex 68.46168142997193 42.56455308314205 1.7730000000000057
vertex 68.18277200128443 43.35571799246501 1.7730000000000057
endloop
endfacet
facet normal 1.1015536019879426e-34 -8.430047170285747e-18 1.0
outer loop
vertex 68.18277200128443 43.35571799246501 1.7730000000000057
vertex 68.46168142997193 42.56455308314205 1.7730000000000057
vertex 69.37813027575534 43.52186990067945 1.7730000000000057
endloop
endfacet
facet normal 1.1015536019879426e-34 -8.430047170285747e-18 1.0
outer loop
vertex 69.37813027575534 43.52186990067945 1.7730000000000057
vertex 68.46168142997193 42.56455308314205 1.7730000000000057
vertex 70.26086407578529 42.80869666283582 1.7730000000000057
endloop
endfacet
facet normal 1.1015536019879426e-34 -8.430047170285747e-18 1.0
outer loop
vertex 69.37813027575534 43.52186990067945 1.7730000000000057
vertex 70.26086407578529 42.80869666283582 1.7730000000000057
vertex 70.57688111677838 43.6111675725547 1.7730000000000057
endloop
endfacet
facet normal 1.1015536019879426e-34 -8.430047170285747e-18 1.0
outer loop
vertex 70.57688111677838 43.6111675725547 1.7730000000000057
vertex 70.26086407578529 42.80869666283582 1.7730000000000057
vertex 71.659226739636 42.80869666283582 1.7730000000000057
endloop
endfacet
facet normal 1.1015536019879426e-34 -8.430047170285747e-18 1.0
outer loop
vertex 70.57688111677838 43.6111675725547 1.7730000000000057
vertex 71.659226739636 42.80869666283582 1.7730000000000057
vertex 71.34320969864292 43.6111675725547 1.7730000000000057
endloop
endfacet
facet normal 1.1015536019879426e-34 -8.430047170285747e-18 1.0
outer loop
vertex 71.34320969864292 43.6111675725547 1.7730000000000057
vertex 71.659226739636 42.80869666283582 1.7730000000000057
vertex 72.54196053966596 43.52186990067945 1.7730000000000057
endloop
endfacet
facet normal 1.1015536019879426e-34 -8.430047170285747e-18 1.0
outer loop
vertex 72.54196053966596 43.52186990067945 1.7730000000000057
vertex 71.659226739636 42.80869666283582 1.7730000000000057
vertex 73.45840938544937 42.56455308314205 1.7730000000000057
endloop
endfacet
facet normal 1.1015536019879426e-34 -8.430047170285747e-18 1.0
outer loop
vertex 72.54196053966596 43.52186990067945 1.7730000000000057
vertex 73.45840938544937 42.56455308314205 1.7730000000000057
vertex 73.73731881413687 43.35571799246501 1.7730000000000057
endloop
endfacet
facet normal 1.1015536019879426e-34 -8.430047170285747e-18 1.0
outer loop
vertex 73.73731881413687 43.35571799246501 1.7730000000000057
vertex 73.45840938544937 42.56455308314205 1.7730000000000057
vertex 75.03072429107151 42.09607361558869 1.7730000000000057
endloop
endfacet
facet normal 1.1015536019879426e-34 -8.430047170285747e-18 1.0
outer loop
vertex 73.73731881413687 43.35571799246501 1.7730000000000057
vertex 75.03072429107151 42.09607361558869 1.7730000000000057
vertex 74.80769005796974 43.128960159270484 1.7730000000000057
endloop
endfacet
facet normal 1.1015536019879426e-34 -8.430047170285747e-18 1.0
outer loop
vertex 74.80769005796974 43.128960159270484 1.7730000000000057
vertex 75.03072429107151 42.09607361558869 1.7730000000000057
vertex 76.22152296646516 42.59655615964089 1.7730000000000057
endloop
endfacet
facet normal 1.1015536019879426e-34 -8.430047170285747e-18 1.0
outer loop
vertex 76.22152296646516 42.59655615964089 1.7730000000000057
vertex 75.03072429107151 42.09607361558869 1.7730000000000057
vertex 76.22241906047407 41.406468369010284 1.7730000000000057
endloop
endfacet
facet normal 1.1015536019879426e-34 -8.430047170285747e-18 1.0
outer loop
vertex 76.22152296646516 42.59655615964089 1.7730000000000057
vertex 76.22241906047407 41.406468369010284 1.7730000000000057
vertex 77.14438238681258 41.84293309032099 1.7730000000000057
endloop
endfacet
facet normal 1.1015536019879426e-34 -8.430047170285747e-18 1.0
outer loop
vertex 77.14438238681258 41.84293309032099 1.7730000000000057
vertex 76.22241906047407 41.406468369010284 1.7730000000000057
vertex 76.84336586454164 40.48252180283019 1.7730000000000057
endloop
endfacet
facet normal 1.1015536019879426e-34 -8.430047170285747e-18 1.0
outer loop
vertex 77.14438238681258 41.84293309032099 1.7730000000000057
vertex 76.84336586454164 40.48252180283019 1.7730000000000057
vertex 76.96485188375081 39.53228292729 1.7730000000000057
endloop
endfacet
facet normal 1.1015536019879426e-34 -8.430047170285747e-18 1.0
outer loop
vertex 77.14438238681258 41.84293309032099 1.7730000000000057
vertex 76.96485188375081 39.53228292729 1.7730000000000057
vertex 76.98890130973402 38.59785631711532 1.7730000000000057
endloop
endfacet
facet normal 1.1015536019879426e-34 -8.430047170285747e-18 1.0
outer loop
vertex 77.14438238681258 41.84293309032099 1.7730000000000057
vertex 76.98890130973402 38.59785631711532 1.7730000000000057
vertex 77.30699604898824 37.64508116381593 1.7730000000000057
endloop
endfacet
facet normal 1.1015536019879426e-34 -8.430047170285747e-18 1.0
outer loop
vertex 77.14438238681258 41.84293309032099 1.7730000000000057
vertex 77.30699604898824 37.64508116381593 1.7730000000000057
vertex 77.5321012972774 41.157195453506944 1.7730000000000057
endloop
endfacet
facet normal 1.1015536019879426e-34 -8.430047170285747e-18 1.0
outer loop
vertex 77.5321012972774 41.157195453506944 1.7730000000000057
vertex 77.30699604898824 37.64508116381593 1.7730000000000057
vertex 77.58089268598897 37.24794953563565 1.7730000000000057
endloop
endfacet
facet normal 1.1015536019879426e-34 -8.430047170285747e-18 1.0
outer loop
vertex 77.5321012972774 41.157195453506944 1.7730000000000057
vertex 77.58089268598897 37.24794953563565 1.7730000000000057
vertex 78.04958309248013 40.644387245062596 1.7730000000000057
endloop
endfacet
facet normal 1.1015536019879426e-34 -8.430047170285747e-18 1.0
outer loop
vertex 78.04958309248013 40.644387245062596 1.7730000000000057
vertex 77.58089268598897 37.24794953563565 1.7730000000000057
vertex 77.59402063969559 37.10304125098844 1.7730000000000057
endloop
endfacet
facet normal 1.1015536019879426e-34 -8.430047170285747e-18 1.0
outer loop
vertex 78.04958309248013 40.644387245062596 1.7730000000000057
vertex 77.59402063969559 37.10304125098844 1.7730000000000057
vertex 77.60999435691471 36.92672100996731 1.7730000000000057
endloop
endfacet
facet normal 1.1015536019879426e-34 -8.430047170285747e-18 1.0
outer loop
vertex 78.04958309248013 40.644387245062596 1.7730000000000057
vertex 77.60999435691471 36.92672100996731 1.7730000000000057
vertex 77.62027656068307 36.81322453185932 1.7730000000000057
endloop
endfacet
facet normal 1.1015536019879426e-34 -8.430047170285747e-18 1.0
outer loop
vertex 78.04958309248013 40.644387245062596 1.7730000000000057
vertex 77.62027656068307 36.81322453185932 1.7730000000000057
vertex 77.72721891203943 35.37616611132416 1.7730000000000057
endloop
endfacet
facet normal 1.1015536019879426e-34 -8.430047170285747e-18 1.0
outer loop
vertex 78.04958309248013 40.644387245062596 1.7730000000000057
vertex 77.72721891203943 35.37616611132416 1.7730000000000057
vertex 77.92445609092694 33.81320978604496 1.7730000000000057
endloop
endfacet
facet normal 1.1015536019879426e-34 -8.430047170285747e-18 1.0
outer loop
vertex 78.04958309248013 40.644387245062596 1.7730000000000057
vertex 77.92445609092694 33.81320978604496 1.7730000000000057
vertex 78.29734392340312 32.012641587007984 1.7730000000000057
endloop
endfacet
facet normal 1.1015536019879426e-34 -8.430047170285747e-18 1.0
outer loop
vertex 78.04958309248013 40.644387245062596 1.7730000000000057
vertex 78.29734392340312 32.012641587007984 1.7730000000000057
vertex 78.53923949699002 41.98809846706516 1.7730000000000057
endloop
endfacet
facet normal 1.1015536019879426e-34 -8.430047170285747e-18 1.0
outer loop
vertex 78.53923949699002 41.98809846706516 1.7730000000000057
vertex 78.29734392340312 32.012641587007984 1.7730000000000057
vertex 78.76052658341037 30.086175483227123 1.7730000000000057
endloop
endfacet
facet normal 1.1015536019879426e-34 -8.430047170285747e-18 1.0
outer loop
vertex 78.53923949699002 41.98809846706516 1.7730000000000057
vertex 78.76052658341037 30.086175483227123 1.7730000000000057
vertex 78.84412065176765 38.55841457272399 1.7730000000000057
endloop
endfacet
facet normal 1.1015536019879426e-34 -8.430047170285747e-18 1.0
outer loop
vertex 78.53923949699002 41.98809846706516 1.7730000000000057
vertex 78.84412065176765 38.55841457272399 1.7730000000000057
vertex 79.45106057701705 43.64260786646064 1.7730000000000057
endloop
endfacet
facet normal 1.1015536019879426e-34 -8.430047170285747e-18 1.0
outer loop
vertex 79.45106057701705 43.64260786646064 1.7730000000000057
vertex 78.84412065176765 38.55841457272399 1.7730000000000057
vertex 80.26505708288907 42.78195691844342 1.7730000000000057
endloop
endfacet
facet normal 1.1015536019879426e-34 -8.430047170285747e-18 1.0
outer loop
vertex 79.45106057701705 43.64260786646064 1.7730000000000057
vertex 80.26505708288907 42.78195691844342 1.7730000000000057
vertex 80.5550554606469 45.06974290632219 1.7730000000000057
endloop
endfacet
facet normal 1.1015536019879426e-34 -8.430047170285747e-18 1.0
outer loop
vertex 80.5550554606469 45.06974290632219 1.7730000000000057
vertex 80.26505708288907 42.78195691844342 1.7730000000000057
vertex 83.13357759377351 45.528481370883114 1.7730000000000057
endloop
endfacet
facet normal 1.1015536019879426e-34 -8.430047170285747e-18 1.0
outer loop
vertex 80.5550554606469 45.06974290632219 1.7730000000000057
vertex 83.13357759377351 45.528481370883114 1.7730000000000057
vertex 81.62131879294832 46.10081944225001 1.7730000000000057
endloop
endfacet
facet normal 1.1015536019879426e-34 -8.430047170285747e-18 1.0
outer loop
vertex 81.62131879294832 46.10081944225001 1.7730000000000057
vertex 83.13357759377351 45.528481370883114 1.7730000000000057
vertex 83.02639387584912 47.09252799954131 1.7730000000000057
endloop
endfacet
facet normal 1.1015536019879426e-34 -8.430047170285747e-18 1.0
outer loop
vertex 83.02639387584912 47.09252799954131 1.7730000000000057
vertex 83.13357759377351 45.528481370883114 1.7730000000000057
vertex 84.17431748948022 47.68706044884201 1.7730000000000057
endloop
endfacet
facet normal 1.1015536019879426e-34 -8.430047170285747e-18 1.0
outer loop
vertex 84.17431748948022 47.68706044884201 1.7730000000000057
vertex 83.13357759377351 45.528481370883114 1.7730000000000057
vertex 85.90438623999816 47.3486691189883 1.7730000000000057
endloop
endfacet
facet normal 1.1015536019879426e-34 -8.430047170285747e-18 1.0
outer loop
vertex 84.17431748948022 47.68706044884201 1.7730000000000057
vertex 85.90438623999816 47.3486691189883 1.7730000000000057
vertex 85.19455422293994 48.17749072341629 1.7730000000000057
endloop
endfacet
facet normal 1.1015536019879426e-34 -8.430047170285747e-18 1.0
outer loop
vertex 85.19455422293994 48.17749072341629 1.7730000000000057
vertex 85.90438623999816 47.3486691189883 1.7730000000000057
vertex 85.93557606276215 48.6347930405375 1.7730000000000057
endloop
endfacet
facet normal 1.1015536019879426e-34 -8.430047170285747e-18 1.0
outer loop
vertex 85.93557606276215 48.6347930405375 1.7730000000000057
vertex 85.90438623999816 47.3486691189883 1.7730000000000057
vertex 89.10074093804714 48.61281011759283 1.7730000000000057
endloop
endfacet
facet normal 1.1015536019879426e-34 -8.430047170285747e-18 1.0
outer loop
vertex 85.93557606276215 48.6347930405375 1.7730000000000057
vertex 89.10074093804714 48.61281011759283 1.7730000000000057
vertex 86.1567426461676 48.78166782324019 1.7730000000000057
endloop
endfacet
facet normal 1.1015536019879426e-34 -8.430047170285747e-18 1.0
outer loop
vertex 86.1567426461676 48.78166782324019 1.7730000000000057
vertex 89.10074093804714 48.61281011759283 1.7730000000000057
vertex 86.2733910674908 48.87669557014878 1.7730000000000057
endloop
endfacet
facet normal 1.1015536019879426e-34 -8.430047170285747e-18 1.0
outer loop
vertex 86.2733910674908 48.87669557014878 1.7730000000000057
vertex 89.10074093804714 48.61281011759283 1.7730000000000057
vertex 86.44190616262121 49.04978035177235 1.7730000000000057
endloop
endfacet
facet normal 1.1015536019879426e-34 -8.430047170285747e-18 1.0
outer loop
vertex 78.76052658341037 30.086175483227123 1.7730000000000057
vertex 78.98112343769931 34.014275981741974 1.7730000000000057
vertex 78.84412065176765 38.55841457272399 1.7730000000000057
endloop
endfacet
facet normal 1.1015536019879426e-34 -8.430047170285747e-18 1.0
outer loop
vertex 78.98112343769931 34.014275981741974 1.7730000000000057
vertex 78.76052658341037 30.086175483227123 1.7730000000000057
vertex 79.78316991041217 26.755536267156014 1.7730000000000057
endloop
endfacet
facet normal 1.1015536019879426e-34 -8.430047170285747e-18 1.0
outer loop
vertex 78.98112343769931 34.014275981741974 1.7730000000000057
vertex 79.78316991041217 26.755536267156014 1.7730000000000057
vertex 79.09399429265424 33.0666662571471 1.7730000000000057
endloop
endfacet
facet normal 1.1015536019879426e-34 -8.430047170285747e-18 1.0
outer loop
vertex 79.09399429265424 33.0666662571471 1.7730000000000057
vertex 79.78316991041217 26.755536267156014 1.7730000000000057
vertex 79.29090316808542 32.13289384653428 1.7730000000000057
endloop
endfacet
facet normal 1.1015536019879426e-34 -8.430047170285747e-18 1.0
outer loop
vertex 79.29090316808542 32.13289384653428 1.7730000000000057
vertex 79.78316991041217 26.755536267156014 1.7730000000000057
vertex 79.570281662611 31.22039635237789 1.7730000000000057
endloop
endfacet
facet normal 1.1015536019879426e-34 -8.430047170285747e-18 1.0
outer loop
vertex 79.570281662611 31.22039635237789 1.7730000000000057
vertex 79.78316991041217 26.755536267156014 1.7730000000000057
vertex 79.92990449503998 30.336441920044898 1.7730000000000057
endloop
endfacet
facet normal 1.1015536019879426e-34 -8.430047170285747e-18 1.0
outer loop
vertex 79.92990449503998 30.336441920044898 1.7730000000000057
vertex 79.78316991041217 26.755536267156014 1.7730000000000057
vertex 80.19688188379308 24.239655709091977 1.7730000000000057
endloop
endfacet
facet normal 1.1015536019879426e-34 -8.430047170285747e-18 1.0
outer loop
vertex 79.92990449503998 30.336441920044898 1.7730000000000057
vertex 80.19688188379308 24.239655709091977 1.7730000000000057
vertex 80.5505005096837 29.030043305126686 1.7730000000000057
endloop
endfacet
facet normal 1.1015536019879426e-34 -8.430047170285747e-18 1.0
outer loop
vertex 80.5505005096837 29.030043305126686 1.7730000000000057
vertex 80.19688188379308 24.239655709091977 1.7730000000000057
vertex 80.20956556491724 23.6074647719736 1.7730000000000057
endloop
endfacet
facet normal 1.1015536019879426e-34 -8.430047170285747e-18 1.0
outer loop
vertex 80.5505005096837 29.030043305126686 1.7730000000000057
vertex 80.20956556491724 23.6074647719736 1.7730000000000057
vertex 80.4477606643158 22.924817962528962 1.7730000000000057
endloop
endfacet
facet normal 1.1015536019879426e-34 -8.430047170285747e-18 1.0
outer loop
vertex 80.5505005096837 29.030043305126686 1.7730000000000057
vertex 80.4477606643158 22.924817962528962 1.7730000000000057
vertex 80.71268598632403 22.16556461824657 1.7730000000000057
endloop
endfacet
facet normal 1.1015536019879426e-34 -8.430047170285747e-18 1.0
outer loop
vertex 80.5505005096837 29.030043305126686 1.7730000000000057
vertex 80.71268598632403 22.16556461824657 1.7730000000000057
vertex 80.89957927587872 28.268581000748153 1.7730000000000057
endloop
endfacet
facet normal 1.1015536019879426e-34 -8.430047170285747e-18 1.0
outer loop
vertex 80.89957927587872 28.268581000748153 1.7730000000000057
vertex 80.71268598632403 22.16556461824657 1.7730000000000057
vertex 80.85999874195782 21.74337884331748 1.7730000000000057
endloop
endfacet
facet normal 1.1015536019879426e-34 -8.430047170285747e-18 1.0
outer loop
vertex 80.89957927587872 28.268581000748153 1.7730000000000057
vertex 80.85999874195782 21.74337884331748 1.7730000000000057
vertex 81.1600174449749 21.76651682796611 1.7730000000000057
endloop
endfacet
facet normal 1.1015536019879426e-34 -8.430047170285747e-18 1.0
outer loop
vertex 80.89957927587872 28.268581000748153 1.7730000000000057
vertex 81.1600174449749 21.76651682796611 1.7730000000000057
vertex 81.28560319691586 27.383035739202473 1.7730000000000057
endloop
endfacet
facet normal 1.1015536019879426e-34 -8.430047170285747e-18 1.0
outer loop
vertex 81.28560319691586 27.383035739202473 1.7730000000000057
vertex 81.1600174449749 21.76651682796611 1.7730000000000057
vertex 81.48612016303751 21.799721498051177 1.7730000000000057
endloop
endfacet
facet normal 1.1015536019879426e-34 -8.430047170285747e-18 1.0
outer loop
vertex 81.28560319691586 27.383035739202473 1.7730000000000057
vertex 81.48612016303751 21.799721498051177 1.7730000000000057
vertex 81.6102335146242 26.631179222870433 1.7730000000000057
endloop
endfacet
facet normal 1.1015536019879426e-34 -8.430047170285747e-18 1.0
outer loop
vertex 81.6102335146242 26.631179222870433 1.7730000000000057
vertex 81.48612016303751 21.799721498051177 1.7730000000000057
vertex 81.78815026183186 21.829533315111522 1.7730000000000057
endloop
endfacet
facet normal 1.1015536019879426e-34 -8.430047170285747e-18 1.0
outer loop
vertex 81.6102335146242 26.631179222870433 1.7730000000000057
vertex 81.78815026183186 21.829533315111522 1.7730000000000057
vertex 81.86084061352635 25.802269913024617 1.7730000000000057
endloop
endfacet
facet normal 1.1015536019879426e-34 -8.430047170285747e-18 1.0
outer loop
vertex 81.86084061352635 25.802269913024617 1.7730000000000057
vertex 81.78815026183186 21.829533315111522 1.7730000000000057
vertex 82.06638688998713 21.857103764508803 1.7730000000000057
endloop
endfacet
facet normal 1.1015536019879426e-34 -8.430047170285747e-18 1.0
outer loop
vertex 81.86084061352635 25.802269913024617 1.7730000000000057
vertex 82.06638688998713 21.857103764508803 1.7730000000000057
vertex 82.1247458367946 25.166947543176878 1.7730000000000057
endloop
endfacet
facet normal 1.1015536019879426e-34 -8.430047170285747e-18 1.0
outer loop
vertex 82.1247458367946 25.166947543176878 1.7730000000000057
vertex 82.06638688998713 21.857103764508803 1.7730000000000057
vertex 82.32110919613237 21.883584331604435 1.7730000000000057
endloop
endfacet
facet normal 1.1015536019879426e-34 -8.430047170285747e-18 1.0
outer loop
vertex 82.1247458367946 25.166947543176878 1.7730000000000057
vertex 82.32110919613237 21.883584331604435 1.7730000000000057
vertex 82.47274254315293 24.607180782567266 1.7730000000000057
endloop
endfacet
facet normal 1.1015536019879426e-34 -8.430047170285747e-18 1.0
outer loop
vertex 82.47274254315293 24.607180782567266 1.7730000000000057
vertex 82.32110919613237 21.883584331604435 1.7730000000000057
vertex 82.55259632889647 21.91012650176014 1.7730000000000057
endloop
endfacet
facet normal 1.1015536019879426e-34 -8.430047170285747e-18 1.0
outer loop
vertex 82.47274254315293 24.607180782567266 1.7730000000000057
vertex 82.55259632889647 21.91012650176014 1.7730000000000057
vertex 82.98525088495802 23.835731437566743 1.7730000000000057
endloop
endfacet
facet normal 1.1015536019879426e-34 -8.430047170285747e-18 1.0
outer loop
vertex 82.98525088495802 23.835731437566743 1.7730000000000057
vertex 82.55259632889647 21.91012650176014 1.7730000000000057
vertex 82.76112743690862 21.93788176033752 1.7730000000000057
endloop
endfacet
facet normal 1.1015536019879426e-34 -8.430047170285747e-18 1.0
outer loop
vertex 82.98525088495802 23.835731437566743 1.7730000000000057
vertex 82.76112743690862 21.93788176033752 1.7730000000000057
vertex 82.94698166879765 21.96800159269802 1.7730000000000057
endloop
endfacet
facet normal 1.1015536019879426e-34 -8.430047170285747e-18 1.0
outer loop
vertex 82.98525088495802 23.835731437566743 1.7730000000000057
vertex 82.94698166879765 21.96800159269802 1.7730000000000057
vertex 82.96104787127688 21.923464946977116 1.7730000000000057
endloop
endfacet
facet normal 1.1015536019879426e-34 -8.430047170285747e-18 1.0
outer loop
vertex 82.98525088495802 23.835731437566743 1.7730000000000057
vertex 82.96104787127688 21.923464946977116 1.7730000000000057
vertex 82.98234243968946 21.88086663852852 1.7730000000000057
endloop
endfacet
facet normal 1.1015536019879426e-34 -8.430047170285747e-18 1.0
outer loop
vertex 82.98525088495802 23.835731437566743 1.7730000000000057
vertex 82.98234243968946 21.88086663852852 1.7730000000000057
vertex 83.11342375347687 21.66079905553171 1.7730000000000057
endloop
endfacet
facet normal 1.1015536019879426e-34 -8.430047170285747e-18 1.0
outer loop
vertex 82.98525088495802 23.835731437566743 1.7730000000000057
vertex 83.11342375347687 21.66079905553171 1.7730000000000057
vertex 83.38872631608446 23.168296080865442 1.7730000000000057
endloop
endfacet
facet normal 1.1015536019879426e-34 -8.430047170285747e-18 1.0
outer loop
vertex 83.38872631608446 23.168296080865442 1.7730000000000057
vertex 83.11342375347687 21.66079905553171 1.7730000000000057
vertex 83.37109360067603 21.228206652801617 1.7730000000000057
endloop
endfacet
facet normal 1.1015536019879426e-34 -8.430047170285747e-18 1.0
outer loop
vertex 83.38872631608446 23.168296080865442 1.7730000000000057
vertex 83.37109360067603 21.228206652801617 1.7730000000000057
vertex 83.61293996611195 20.822179709980638 1.7730000000000057
endloop
endfacet
facet normal 1.1015536019879426e-34 -8.430047170285747e-18 1.0
outer loop
vertex 83.38872631608446 23.168296080865442 1.7730000000000057
vertex 83.61293996611195 20.822179709980638 1.7730000000000057
vertex 83.51531854398641 22.16502189946873 1.7730000000000057
endloop
endfacet
facet normal 1.1015536019879426e-34 -8.430047170285747e-18 1.0
outer loop
vertex 83.51531854398641 22.16502189946873 1.7730000000000057
vertex 83.61293996611195 20.822179709980638 1.7730000000000057
vertex 83.65237673119637 21.93492404617445 1.7730000000000057
endloop
endfacet
facet normal 1.1015536019879426e-34 -8.430047170285747e-18 1.0
outer loop
vertex 83.65237673119637 21.93492404617445 1.7730000000000057
vertex 83.61293996611195 20.822179709980638 1.7730000000000057
vertex 83.69974888552547 20.676436126915103 1.7730000000000057
endloop
endfacet
facet normal 1.1015536019879426e-34 -8.430047170285747e-18 1.0
outer loop
vertex 83.65237673119637 21.93492404617445 1.7730000000000057
vertex 83.69974888552547 20.676436126915103 1.7730000000000057
vertex 83.91399870426875 21.495704357048147 1.7730000000000057
endloop
endfacet
facet normal 1.1015536019879426e-34 -8.430047170285747e-18 1.0
outer loop
vertex 83.91399870426875 21.495704357048147 1.7730000000000057
vertex 83.69974888552547 20.676436126915103 1.7730000000000057
vertex 83.8196051031671 20.48138702657223 1.7730000000000057
endloop
endfacet
facet normal 1.1015536019879426e-34 -8.430047170285747e-18 1.0
outer loop
vertex 83.91399870426875 21.495704357048147 1.7730000000000057
vertex 83.8196051031671 20.48138702657223 1.7730000000000057
vertex 84.37704947467687 19.624825437635184 1.7730000000000057
endloop
endfacet
facet normal 1.1015536019879426e-34 -8.430047170285747e-18 1.0
outer loop
vertex 83.91399870426875 21.495704357048147 1.7730000000000057
vertex 84.37704947467687 19.624825437635184 1.7730000000000057
vertex 84.14939668226548 21.100510384987896 1.7730000000000057
endloop
endfacet
facet normal 1.1015536019879426e-34 -8.430047170285747e-18 1.0
outer loop
vertex 84.14939668226548 21.100510384987896 1.7730000000000057
vertex 84.37704947467687 19.624825437635184 1.7730000000000057
vertex 84.35799645575284 20.75812728013966 1.7730000000000057
endloop
endfacet
facet normal 1.1015536019879426e-34 -8.430047170285747e-18 1.0
outer loop
vertex 84.35799645575284 20.75812728013966 1.7730000000000057
vertex 84.37704947467687 19.624825437635184 1.7730000000000057
vertex 84.9205073847528 19.898601218272994 1.7730000000000057
endloop
endfacet
facet normal 1.1015536019879426e-34 -8.430047170285747e-18 1.0
outer loop
vertex 84.9205073847528 19.898601218272994 1.7730000000000057
vertex 84.37704947467687 19.624825437635184 1.7730000000000057
vertex 84.96793478647639 18.786927483918227 1.7730000000000057
endloop
endfacet
facet normal 1.1015536019879426e-34 -8.430047170285747e-18 1.0
outer loop
vertex 84.9205073847528 19.898601218272994 1.7730000000000057
vertex 84.96793478647639 18.786927483918227 1.7730000000000057
vertex 85.51742956488674 19.057711172592622 1.7730000000000057
endloop
endfacet
facet normal 1.1015536019879426e-34 -8.430047170285747e-18 1.0
outer loop
vertex 85.51742956488674 19.057711172592622 1.7730000000000057
vertex 84.96793478647639 18.786927483918227 1.7730000000000057
vertex 85.58397969558746 17.96854218768164 1.7730000000000057
endloop
endfacet
facet normal 1.1015536019879426e-34 -8.430047170285747e-18 1.0
outer loop
vertex 85.51742956488674 19.057711172592622 1.7730000000000057
vertex 85.58397969558746 17.96854218768164 1.7730000000000057
vertex 86.13964035036996 18.236701113692487 1.7730000000000057
endloop
endfacet
facet normal 1.1015536019879426e-34 -8.430047170285747e-18 1.0
outer loop
vertex 86.13964035036996 18.236701113692487 1.7730000000000057
vertex 85.58397969558746 17.96854218768164 1.7730000000000057
vertex 86.26362262285011 17.11317819270436 1.7730000000000057
endloop
endfacet
facet normal 1.1015536019879426e-34 -8.430047170285747e-18 1.0
outer loop
vertex 86.13964035036996 18.236701113692487 1.7730000000000057
vertex 86.26362262285011 17.11317819270436 1.7730000000000057
vertex 86.85040519554462 17.34882380171523 1.7730000000000057
endloop
endfacet
facet normal 1.1015536019879426e-34 -8.430047170285747e-18 1.0
outer loop
vertex 86.85040519554462 17.34882380171523 1.7730000000000057
vertex 86.26362262285011 17.11317819270436 1.7730000000000057
vertex 87.07656480047811 16.142596735555443 1.7730000000000057
endloop
endfacet
facet normal 1.1015536019879426e-34 -8.430047170285747e-18 1.0
outer loop
vertex 86.85040519554462 17.34882380171523 1.7730000000000057
vertex 87.07656480047811 16.142596735555443 1.7730000000000057
vertex 87.67904026069968 16.36839170890958 1.7730000000000057
endloop
endfacet
facet normal 1.1015536019879426e-34 -8.430047170285747e-18 1.0
outer loop
vertex 87.67904026069968 16.36839170890958 1.7730000000000057
vertex 87.07656480047811 16.142596735555443 1.7730000000000057
vertex 87.9151895243394 15.193095597062978 1.7730000000000057
endloop
endfacet
facet normal 1.1015536019879426e-34 -8.430047170285747e-18 1.0
outer loop
vertex 87.67904026069968 16.36839170890958 1.7730000000000057
vertex 87.9151895243394 15.193095597062978 1.7730000000000057
vertex 88.5338413106353 15.409858880428141 1.7730000000000057
endloop
endfacet
facet normal 1.1015536019879426e-34 -8.430047170285747e-18 1.0
outer loop
vertex 88.5338413106353 15.409858880428141 1.7730000000000057
vertex 87.9151895243394 15.193095597062978 1.7730000000000057
vertex 88.77665885477172 14.264732872595678 1.7730000000000057
endloop
endfacet
facet normal 1.1015536019879426e-34 -8.430047170285747e-18 1.0
outer loop
vertex 88.5338413106353 15.409858880428141 1.7730000000000057
vertex 88.77665885477172 14.264732872595678 1.7730000000000057
vertex 89.41176748213762 14.47327554609669 1.7730000000000057
endloop
endfacet
facet normal 1.1015536019879426e-34 -8.430047170285747e-18 1.0
outer loop
vertex 89.41176748213762 14.47327554609669 1.7730000000000057
vertex 88.77665885477172 14.264732872595678 1.7730000000000057
vertex 90.08937950469075 12.927876689121293 1.7730000000000057
endloop
endfacet
facet normal 1.1015536019879426e-34 -8.430047170285747e-18 1.0
outer loop
vertex 89.41176748213762 14.47327554609669 1.7730000000000057
vertex 90.08937950469075 12.927876689121293 1.7730000000000057
vertex 91.03723026452539 12.847304230639036 1.7730000000000057
endloop
endfacet
facet normal 1.1015536019879426e-34 -8.430047170285747e-18 1.0
outer loop
vertex 91.03723026452539 12.847304230639036 1.7730000000000057
vertex 90.08937950469075 12.927876689121293 1.7730000000000057
vertex 92.22247467030851 10.930553447999854 1.7730000000000057
endloop
endfacet
facet normal 1.1015536019879426e-34 -8.430047170285747e-18 1.0
outer loop
vertex 91.03723026452539 12.847304230639036 1.7730000000000057
vertex 92.22247467030851 10.930553447999854 1.7730000000000057
vertex 93.2317657280063 10.848824714327597 1.7730000000000057
endloop
endfacet
facet normal 1.1015536019879426e-34 -8.430047170285747e-18 1.0
outer loop
vertex 93.2317657280063 10.848824714327597 1.7730000000000057
vertex 92.22247467030851 10.930553447999854 1.7730000000000057
vertex 94.4648547391057 9.043500326018554 1.7730000000000057
endloop
endfacet
facet normal 1.1015536019879426e-34 -8.430047170285747e-18 1.0
outer loop
vertex 93.2317657280063 10.848824714327597 1.7730000000000057
vertex 94.4648547391057 9.043500326018554 1.7730000000000057
vertex 95.53650121299209 8.971628961302741 1.7730000000000057
endloop
endfacet
facet normal 1.1015536019879426e-34 -8.430047170285747e-18 1.0
outer loop
vertex 95.53650121299209 8.971628961302741 1.7730000000000057
vertex 94.4648547391057 9.043500326018554 1.7730000000000057
vertex 96.80440021880113 7.289304956078491 1.7730000000000057
endloop
endfacet
facet normal 1.1015536019879426e-34 -8.430047170285747e-18 1.0
outer loop
vertex 95.53650121299209 8.971628961302741 1.7730000000000057
vertex 96.80440021880113 7.289304956078491 1.7730000000000057
vertex 97.93838106905483 7.240094255586197 1.7730000000000057
endloop
endfacet
facet normal 1.1015536019879426e-34 -8.430047170285747e-18 1.0
outer loop
vertex 97.93838106905483 7.240094255586197 1.7730000000000057
vertex 96.80440021880113 7.289304956078491 1.7730000000000057
vertex 98.9534292105465 5.861490180519685 1.7730000000000057
endloop
endfacet
facet normal 1.1015536019879426e-34 -8.430047170285747e-18 1.0
outer loop
vertex 97.93838106905483 7.240094255586197 1.7730000000000057
vertex 98.9534292105465 5.861490180519685 1.7730000000000057
vertex 99.92328010418422 5.975705855629091 1.7730000000000057
endloop
endfacet
facet normal 1.1015536019879426e-34 -8.430047170285747e-18 1.0
outer loop
vertex 99.92328010418422 5.975705855629091 1.7730000000000057
vertex 98.9534292105465 5.861490180519685 1.7730000000000057
vertex 100.82823407019248 4.758986508232318 1.7730000000000057
endloop
endfacet
facet normal 1.1015536019879426e-34 -8.430047170285747e-18 1.0
outer loop
vertex 99.92328010418422 5.975705855629091 1.7730000000000057
vertex 100.82823407019248 4.758986508232318 1.7730000000000057
vertex 101.83819037017294 4.901115561132131 1.7730000000000057
endloop
endfacet
facet normal 1.1015536019879426e-34 -8.430047170285747e-18 1.0
outer loop
vertex 101.83819037017294 4.901115561132131 1.7730000000000057
vertex 100.82823407019248 4.758986508232318 1.7730000000000057
vertex 102.7654329938073 3.764052455242494 1.7730000000000057
endloop
endfacet
facet normal 1.1015536019879426e-34 -8.430047170285747e-18 1.0
outer loop
vertex 101.83819037017294 4.901115561132131 1.7730000000000057
vertex 102.7654329938073 3.764052455242494 1.7730000000000057
vertex 103.81543923197655 3.9462032883264184 1.7730000000000057
endloop
endfacet
facet normal 1.1015536019879426e-34 -8.430047170285747e-18 1.0
outer loop
vertex 103.81543923197655 3.9462032883264184 1.7730000000000057
vertex 102.7654329938073 3.764052455242494 1.7730000000000057
vertex 104.75944317242853 2.8978916058024944 1.7730000000000057
endloop
endfacet
facet normal 1.1015536019879426e-34 -8.430047170285747e-18 1.0
outer loop
vertex 103.81543923197655 3.9462032883264184 1.7730000000000057
vertex 104.75944317242853 2.8978916058024944 1.7730000000000057
vertex 105.84889470685671 3.133901300623097 1.7730000000000057
endloop
endfacet
facet normal 1.1015536019879426e-34 -8.430047170285747e-18 1.0
outer loop
vertex 105.84889470685671 3.133901300623097 1.7730000000000057
vertex 104.75944317242853 2.8978916058024944 1.7730000000000057
vertex 106.75928591700307 2.196051283242391 1.7730000000000057
endloop
endfacet
facet normal 1.1015536019879426e-34 -8.430047170285747e-18 1.0
outer loop
vertex 105.84889470685671 3.133901300623097 1.7730000000000057
vertex 106.75928591700307 2.196051283242391 1.7730000000000057
vertex 107.82753632326893 2.516811467946498 1.7730000000000057
endloop
endfacet
facet normal 1.1015536019879426e-34 -8.430047170285747e-18 1.0
outer loop
vertex 107.82753632326893 2.516811467946498 1.7730000000000057
vertex 106.75928591700307 2.196051283242391 1.7730000000000057
vertex 108.7655302719009 1.6697991144706612 1.7730000000000057
endloop
endfacet
facet normal 1.1015536019879426e-34 -8.430047170285747e-18 1.0
outer loop
vertex 107.82753632326893 2.516811467946498 1.7730000000000057
vertex 108.7655302719009 1.6697991144706612 1.7730000000000057
vertex 109.84735221693798 2.075768823103128 1.7730000000000057
endloop
endfacet
facet normal 1.1015536019879426e-34 -8.430047170285747e-18 1.0
outer loop
vertex 109.84735221693798 2.075768823103128 1.7730000000000057
vertex 108.7655302719009 1.6697991144706612 1.7730000000000057
vertex 110.80922116451745 1.329614485355307 1.7730000000000057
endloop
endfacet
facet normal 1.1015536019879426e-34 -8.430047170285747e-18 1.0
outer loop
vertex 109.84735221693798 2.075768823103128 1.7730000000000057
vertex 110.80922116451745 1.329614485355307 1.7730000000000057
vertex 111.89884871675886 1.8388868236879685 1.7730000000000057
endloop
endfacet
facet normal 1.1015536019879426e-34 -8.430047170285747e-18 1.0
outer loop
vertex 111.89884871675886 1.8388868236879685 1.7730000000000057
vertex 110.80922116451745 1.329614485355307 1.7730000000000057
vertex 112.87709921388601 1.2031563458788113 1.7730000000000057
endloop
endfacet
facet normal 1.1015536019879426e-34 -8.430047170285747e-18 1.0
outer loop
vertex 111.89884871675886 1.8388868236879685 1.7730000000000057
vertex 112.87709921388601 1.2031563458788113 1.7730000000000057
vertex 114.04542355306685 1.839918840180498 1.7730000000000057
endloop
endfacet
facet normal 1.1015536019879426e-34 -8.430047170285747e-18 1.0
outer loop
vertex 114.04542355306685 1.839918840180498 1.7730000000000057
vertex 112.87709921388601 1.2031563458788113 1.7730000000000057
vertex 115.29843778361737 1.3426069468189263 1.7730000000000057
endloop
endfacet
facet normal 1.1015536019879426e-34 -8.430047170285747e-18 1.0
outer loop
vertex 114.04542355306685 1.839918840180498 1.7730000000000057
vertex 115.29843778361737 1.3426069468189263 1.7730000000000057
vertex 116.67232902505155 2.155773807222468 1.7730000000000057
endloop
endfacet
facet normal 1.1015536019879426e-34 -8.430047170285747e-18 1.0
outer loop
vertex 116.67232902505155 2.155773807222468 1.7730000000000057
vertex 115.29843778361737 1.3426069468189263 1.7730000000000057
vertex 117.89642811436386 1.7968570157564867 1.7730000000000057
endloop
endfacet
facet normal 1.1015536019879426e-34 -8.430047170285747e-18 1.0
outer loop
vertex 116.67232902505155 2.155773807222468 1.7730000000000057
vertex 117.89642811436386 1.7968570157564867 1.7730000000000057
vertex 119.21723086322224 2.7872472000320183 1.7730000000000057
endloop
endfacet
facet normal 1.1015536019879426e-34 -8.430047170285747e-18 1.0
outer loop
vertex 119.21723086322224 2.7872472000320183 1.7730000000000057
vertex 117.89642811436386 1.7968570157564867 1.7730000000000057
vertex 120.4101819708086 2.5586165973895967 1.7730000000000057
endloop
endfacet
facet normal 1.1015536019879426e-34 -8.430047170285747e-18 1.0
outer loop
vertex 119.21723086322224 2.7872472000320183 1.7730000000000057
vertex 120.4101819708086 2.5586165973895967 1.7730000000000057
vertex 121.66951118411232 3.7326300751802908 1.7730000000000057
endloop
endfacet
facet normal 1.1015536019879426e-34 -8.430047170285747e-18 1.0
outer loop
vertex 121.66951118411232 3.7326300751802908 1.7730000000000057
vertex 120.4101819708086 2.5586165973895967 1.7730000000000057
vertex 122.82912677297377 3.6260597331752646 1.7730000000000057
endloop
endfacet
facet normal 1.1015536019879426e-34 -8.430047170285747e-18 1.0
outer loop
vertex 121.66951118411232 3.7326300751802908 1.7730000000000057
vertex 122.82912677297377 3.6260597331752646 1.7730000000000057
vertex 123.892115143683 4.912875353691595 1.7730000000000057
endloop
endfacet
facet normal 1.1015536019879426e-34 -8.430047170285747e-18 1.0
outer loop
vertex 123.892115143683 4.912875353691595 1.7730000000000057
vertex 122.82912677297377 3.6260597331752646 1.7730000000000057
vertex 124.86213712285029 4.811014046848984 1.7730000000000057
endloop
endfacet
facet normal 1.1015536019879426e-34 -8.430047170285747e-18 1.0
outer loop
vertex 123.892115143683 4.912875353691595 1.7730000000000057
vertex 124.86213712285029 4.811014046848984 1.7730000000000057
vertex 125.71307905483124 6.1418983637563995 1.7730000000000057
endloop
endfacet
facet normal 1.1015536019879426e-34 -8.430047170285747e-18 1.0
outer loop
vertex 125.71307905483124 6.1418983637563995 1.7730000000000057
vertex 124.86213712285029 4.811014046848984 1.7730000000000057
vertex 126.64199738710647 6.095496071309409 1.7730000000000057
endloop
endfacet
facet normal 1.1015536019879426e-34 -8.430047170285747e-18 1.0
outer loop
vertex 125.71307905483124 6.1418983637563995 1.7730000000000057
vertex 126.64199738710647 6.095496071309409 1.7730000000000057
vertex 127.41244232566527 7.535956295011488 1.7730000000000057
endloop
endfacet
facet normal 1.1015536019879426e-34 -8.430047170285747e-18 1.0
outer loop
vertex 127.41244232566527 7.535956295011488 1.7730000000000057
vertex 126.64199738710647 6.095496071309409 1.7730000000000057
vertex 128.30058617228582 7.534573230434832 1.7730000000000057
endloop
endfacet
facet normal 1.1015536019879426e-34 -8.430047170285747e-18 1.0
outer loop
vertex 127.41244232566527 7.535956295011488 1.7730000000000057
vertex 128.30058617228582 7.534573230434832 1.7730000000000057
vertex 128.98090644410465 9.075760901963836 1.7730000000000057
endloop
endfacet
facet normal 1.1015536019879426e-34 -8.430047170285747e-18 1.0
outer loop
vertex 128.98090644410465 9.075760901963836 1.7730000000000057
vertex 128.30058617228582 7.534573230434832 1.7730000000000057
vertex 129.82908713616075 9.11020572080264 1.7730000000000057
endloop
endfacet
facet normal 1.1015536019879426e-34 -8.430047170285747e-18 1.0
outer loop
vertex 128.98090644410465 9.075760901963836 1.7730000000000057
vertex 129.82908713616075 9.11020572080264 1.7730000000000057
vertex 130.30777822922613 10.605462536646064 1.7730000000000057
endloop
endfacet
facet normal 1.1015536019879426e-34 -8.430047170285747e-18 1.0
outer loop
vertex 130.30777822922613 10.605462536646064 1.7730000000000057
vertex 129.82908713616075 9.11020572080264 1.7730000000000057
vertex 131.0661990470055 10.58540874367081 1.7730000000000057
endloop
endfacet
facet normal 1.1015536019879426e-34 -8.430047170285747e-18 1.0
outer loop
vertex 130.30777822922613 10.605462536646064 1.7730000000000057
vertex 131.0661990470055 10.58540874367081 1.7730000000000057
vertex 131.42403893398188 12.053472390158424 1.7730000000000057
endloop
endfacet
facet normal 1.1015536019879426e-34 -8.430047170285747e-18 1.0
outer loop
vertex 131.42403893398188 12.053472390158424 1.7730000000000057
vertex 131.0661990470055 10.58540874367081 1.7730000000000057
vertex 132.15720986820565 12.042718638816202 1.7730000000000057
endloop
endfacet
facet normal 1.1015536019879426e-34 -8.430047170285747e-18 1.0
outer loop
vertex 131.42403893398188 12.053472390158424 1.7730000000000057
vertex 132.15720986820565 12.042718638816202 1.7730000000000057
vertex 132.4408517487894 13.56521182025723 1.7730000000000057
endloop
endfacet
facet normal 1.1015536019879426e-34 -8.430047170285747e-18 1.0
outer loop
vertex 132.4408517487894 13.56521182025723 1.7730000000000057
vertex 132.15720986820565 12.042718638816202 1.7730000000000057
vertex 133.1474764190123 13.565515178319773 1.7730000000000057
endloop
endfacet
facet normal 1.1015536019879426e-34 -8.430047170285747e-18 1.0
outer loop
vertex 132.4408517487894 13.56521182025723 1.7730000000000057
vertex 133.1474764190123 13.565515178319773 1.7730000000000057
vertex 133.33969495194665 15.157481138628988 1.7730000000000057
endloop
endfacet
facet normal 1.1015536019879426e-34 -8.430047170285747e-18 1.0
outer loop
vertex 133.33969495194665 15.157481138628988 1.7730000000000057
vertex 133.1474764190123 13.565515178319773 1.7730000000000057
vertex 134.02009865350132 15.169698294593166 1.7730000000000057
endloop
endfacet
facet normal 1.1015536019879426e-34 -8.430047170285747e-18 1.0
outer loop
vertex 133.33969495194665 15.157481138628988 1.7730000000000057
vertex 134.02009865350132 15.169698294593166 1.7730000000000057
vertex 134.0109039262049 16.618784464818695 1.7730000000000057
endloop
endfacet
facet normal 1.1015536019879426e-34 -8.430047170285747e-18 1.0
outer loop
vertex 134.0109039262049 16.618784464818695 1.7730000000000057
vertex 134.02009865350132 15.169698294593166 1.7730000000000057
vertex 134.52419615702289 18.000256676846337 1.7730000000000057
endloop
endfacet
facet normal 1.1015536019879426e-34 -8.430047170285747e-18 1.0
outer loop
vertex 134.52419615702289 18.000256676846337 1.7730000000000057
vertex 134.02009865350132 15.169698294593166 1.7730000000000057
vertex 134.6481001997066 16.584400373326307 1.7730000000000057
endloop
endfacet
facet normal 1.1015536019879426e-34 -8.430047170285747e-18 1.0
outer loop
vertex 134.52419615702289 18.000256676846337 1.7730000000000057
vertex 134.6481001997066 16.584400373326307 1.7730000000000057
vertex 134.94583124864528 19.410368635009682 1.7730000000000057
endloop
endfacet
facet normal 1.1015536019879426e-34 -8.430047170285747e-18 1.0
outer loop
vertex 134.94583124864528 19.410368635009682 1.7730000000000057
vertex 134.6481001997066 16.584400373326307 1.7730000000000057
vertex 135.14908784816708 17.968844927433366 1.7730000000000057
endloop
endfacet
facet normal 1.1015536019879426e-34 -8.430047170285747e-18 1.0
outer loop
vertex 134.94583124864528 19.410368635009682 1.7730000000000057
vertex 135.14908784816708 17.968844927433366 1.7730000000000057
vertex 135.28731936022692 20.849082683014462 1.7730000000000057
endloop
endfacet
facet normal 1.1015536019879426e-34 -8.430047170285747e-18 1.0
outer loop
vertex 135.28731936022692 20.849082683014462 1.7730000000000057
vertex 135.14908784816708 17.968844927433366 1.7730000000000057
vertex 135.56209914865556 19.381210915035442 1.7730000000000057
endloop
endfacet
facet normal 1.1015536019879426e-34 -8.430047170285747e-18 1.0
outer loop
vertex 135.28731936022692 20.849082683014462 1.7730000000000057
vertex 135.56209914865556 19.381210915035442 1.7730000000000057
vertex 135.6081936598887 22.605130153671816 1.7730000000000057
endloop
endfacet
facet normal 1.1015536019879426e-34 -8.430047170285747e-18 1.0
outer loop
vertex 135.6081936598887 22.605130153671816 1.7730000000000057
vertex 135.56209914865556 19.381210915035442 1.7730000000000057
vertex 135.89781152162772 20.82151007326051 1.7730000000000057
endloop
endfacet
facet normal 1.1015536019879426e-34 -8.430047170285747e-18 1.0
outer loop
vertex 135.6081936598887 22.605130153671816 1.7730000000000057
vertex 135.89781152162772 20.82151007326051 1.7730000000000057
vertex 135.85873904739458 24.44285170029219 1.7730000000000057
endloop
endfacet
facet normal 1.1015536019879426e-34 -8.430047170285747e-18 1.0
outer loop
vertex 135.85873904739458 24.44285170029219 1.7730000000000057
vertex 135.89781152162772 20.82151007326051 1.7730000000000057
vertex 136.04443259949008 26.289560414088964 1.7730000000000057
endloop
endfacet
facet normal 1.1015536019879426e-34 -8.430047170285747e-18 1.0
outer loop
vertex 136.04443259949008 26.289560414088964 1.7730000000000057
vertex 135.89781152162772 20.82151007326051 1.7730000000000057
vertex 136.2143450345053 22.576240489883958 1.7730000000000057
endloop
endfacet
facet normal 1.1015536019879426e-34 -8.430047170285747e-18 1.0
outer loop
vertex 136.04443259949008 26.289560414088964 1.7730000000000057
vertex 136.2143450345053 22.576240489883958 1.7730000000000057
vertex 136.18346936879772 28.13340689269807 1.7730000000000057
endloop
endfacet
facet normal 1.1015536019879426e-34 -8.430047170285747e-18 1.0
outer loop
vertex 136.18346936879772 28.13340689269807 1.7730000000000057
vertex 136.2143450345053 22.576240489883958 1.7730000000000057
vertex 136.19087719268185 28.18282593504132 1.7730000000000057
endloop
endfacet
facet normal 1.1015536019879426e-34 -8.430047170285747e-18 1.0
outer loop
vertex 136.19087719268185 28.18282593504132 1.7730000000000057
vertex 136.2143450345053 22.576240489883958 1.7730000000000057
vertex 136.20150220545594 28.21788674554939 1.7730000000000057
endloop
endfacet
facet normal 1.1015536019879426e-34 -8.430047170285747e-18 1.0
outer loop
vertex 0.8001996851930584 30.018131297039012 1.7730000000000057
vertex 0.8953637188674051 31.317726819259857 1.7730000000000057
vertex 0.7900157403494081 30.612471620900372 1.7730000000000057
endloop
endfacet
facet normal 1.1015536019879426e-34 -8.430047170285747e-18 1.0
outer loop
vertex 0.8953637188674051 31.317726819259857 1.7730000000000057
vertex 0.8001996851930584 30.018131297039012 1.7730000000000057
vertex 0.8793443208307066 29.50358076589247 1.7730000000000057
endloop
endfacet
facet normal 1.1015536019879426e-34 -8.430047170285747e-18 1.0
outer loop
vertex 0.8953637188674051 31.317726819259857 1.7730000000000057
vertex 0.8793443208307066 29.50358076589247 1.7730000000000057
vertex 1.8926558228815036 29.122129729618 1.7730000000000057
endloop
endfacet
facet normal 1.1015536019879426e-34 -8.430047170285747e-18 1.0
outer loop
vertex 0.8953637188674051 31.317726819259857 1.7730000000000057
vertex 1.8926558228815036 29.122129729618 1.7730000000000057
vertex 1.1648776180900833 32.093637796838216 1.7730000000000057
endloop
endfacet
facet normal 1.1015536019879426e-34 -8.430047170285747e-18 1.0
outer loop
vertex 1.1648776180900833 32.093637796838216 1.7730000000000057
vertex 1.8926558228815036 29.122129729618 1.7730000000000057
vertex 1.981594922369884 32.35129052696975 1.7730000000000057
endloop
endfacet
facet normal 1.1015536019879426e-34 -8.430047170285747e-18 1.0
outer loop
vertex 1.981594922369884 32.35129052696975 1.7730000000000057
vertex 1.8926558228815036 29.122129729618 1.7730000000000057
vertex 2.8800003685511957 28.88476545187919 1.7730000000000057
endloop
endfacet
facet normal 1.1015536019879426e-34 -8.430047170285747e-18 1.0
outer loop
vertex 1.981594922369884 32.35129052696975 1.7730000000000057
vertex 2.8800003685511957 28.88476545187919 1.7730000000000057
vertex 3.257890886817334 32.32767314680686 1.7730000000000057
endloop
endfacet
facet normal 1.1015536019879426e-34 -8.430047170285747e-18 1.0
outer loop
vertex 3.257890886817334 32.32767314680686 1.7730000000000057
vertex 2.8800003685511957 28.88476545187919 1.7730000000000057
vertex 3.784953935536716 28.75238709754405 1.7730000000000057
endloop
endfacet
facet normal 1.1015536019879426e-34 -8.430047170285747e-18 1.0
outer loop
vertex 3.257890886817334 32.32767314680686 1.7730000000000057
vertex 3.784953935536716 28.75238709754405 1.7730000000000057
vertex 4.557608428867364 32.261480477357004 1.7730000000000057
endloop
endfacet
facet normal 1.1015536019879426e-34 -8.430047170285747e-18 1.0
outer loop
vertex 4.557608428867364 32.261480477357004 1.7730000000000057
vertex 3.784953935536716 28.75238709754405 1.7730000000000057
vertex 4.676140507848122 28.689461404868727 1.7730000000000057
endloop
endfacet
facet normal 1.1015536019879426e-34 -8.430047170285747e-18 1.0
outer loop
vertex 4.557608428867364 32.261480477357004 1.7730000000000057
vertex 4.676140507848122 28.689461404868727 1.7730000000000057
vertex 5.2783507808209915 32.512082120432154 1.7730000000000057
endloop
endfacet
facet normal 1.1015536019879426e-34 -8.430047170285747e-18 1.0
outer loop
vertex 5.2783507808209915 32.512082120432154 1.7730000000000057
vertex 4.676140507848122 28.689461404868727 1.7730000000000057
vertex 4.72119728392584 28.45299224586656 1.7730000000000057
endloop
endfacet
facet normal 1.1015536019879426e-34 -8.430047170285747e-18 1.0
outer loop
vertex 5.2783507808209915 32.512082120432154 1.7730000000000057
vertex 4.72119728392584 28.45299224586656 1.7730000000000057
vertex 4.81866102759421 28.27312574134077 1.7730000000000057
endloop
endfacet
facet normal 1.1015536019879426e-34 -8.430047170285747e-18 1.0
outer loop
vertex 5.2783507808209915 32.512082120432154 1.7730000000000057
vertex 4.81866102759421 28.27312574134077 1.7730000000000057
vertex 4.96996152730341 28.15273543021227 1.7730000000000057
endloop
endfacet
facet normal 1.1015536019879426e-34 -8.430047170285747e-18 1.0
outer loop
vertex 5.2783507808209915 32.512082120432154 1.7730000000000057
vertex 4.96996152730341 28.15273543021227 1.7730000000000057
vertex 5.13945409827869 28.0203460852925 1.7730000000000057
endloop
endfacet
facet normal 1.1015536019879426e-34 -8.430047170285747e-18 1.0
outer loop
vertex 5.2783507808209915 32.512082120432154 1.7730000000000057
vertex 5.13945409827869 28.0203460852925 1.7730000000000057
vertex 5.2774665103672005 26.204299847710804 1.7730000000000057
endloop
endfacet
facet normal 1.1015536019879426e-34 -8.430047170285747e-18 1.0
outer loop
vertex 5.2783507808209915 32.512082120432154 1.7730000000000057
vertex 5.2774665103672005 26.204299847710804 1.7730000000000057
vertex 5.460616427702137 24.386038887960893 1.7730000000000057
endloop
endfacet
facet normal 1.1015536019879426e-34 -8.430047170285747e-18 1.0
outer loop
vertex 5.2783507808209915 32.512082120432154 1.7730000000000057
vertex 5.460616427702137 24.386038887960893 1.7730000000000057
vertex 5.318796793982634 33.49706902564563 1.7730000000000057
endloop
endfacet
facet normal 1.1015536019879426e-34 -8.430047170285747e-18 1.0
outer loop
vertex 5.318796793982634 33.49706902564563 1.7730000000000057
vertex 5.460616427702137 24.386038887960893 1.7730000000000057
vertex 5.397516255332277 34.64740831385848 1.7730000000000057
endloop
endfacet
facet normal 1.1015536019879426e-34 -8.430047170285747e-18 1.0
outer loop
vertex 5.397516255332277 34.64740831385848 1.7730000000000057
vertex 5.460616427702137 24.386038887960893 1.7730000000000057
vertex 5.444008469752627 35.20859481351209 1.7730000000000057
endloop
endfacet
facet normal 1.1015536019879426e-34 -8.430047170285747e-18 1.0
outer loop
vertex 5.444008469752627 35.20859481351209 1.7730000000000057
vertex 5.460616427702137 24.386038887960893 1.7730000000000057
vertex 5.701266513569686 36.82821160621193 1.7730000000000057
endloop
endfacet
facet normal 1.1015536019879426e-34 -8.430047170285747e-18 1.0
outer loop
vertex 5.701266513569686 36.82821160621193 1.7730000000000057
vertex 5.460616427702137 24.386038887960893 1.7730000000000057
vertex 5.705745780916 22.57624048988396 1.7730000000000057
endloop
endfacet
facet normal 1.1015536019879426e-34 -8.430047170285747e-18 1.0
outer loop
vertex 5.701266513569686 36.82821160621193 1.7730000000000057
vertex 5.705745780916 22.57624048988396 1.7730000000000057
vertex 5.7185886099653835 28.217886745549396 1.7730000000000057
endloop
endfacet
facet normal 1.1015536019879426e-34 -8.430047170285747e-18 1.0
outer loop
vertex 5.701266513569686 36.82821160621193 1.7730000000000057
vertex 5.7185886099653835 28.217886745549396 1.7730000000000057
vertex 6.2957896521795185 38.91756144830141 1.7730000000000057
endloop
endfacet
facet normal 1.1015536019879426e-34 -8.430047170285747e-18 1.0
outer loop
vertex 6.2957896521795185 38.91756144830141 1.7730000000000057
vertex 5.7185886099653835 28.217886745549396 1.7730000000000057
vertex 5.739517642360672 28.243128399920096 1.7730000000000057
endloop
endfacet
facet normal 1.1015536019879426e-34 -8.430047170285747e-18 1.0
outer loop
vertex 6.2957896521795185 38.91756144830141 1.7730000000000057
vertex 5.739517642360672 28.243128399920096 1.7730000000000057
vertex 5.800441118615431 28.311161792889806 1.7730000000000057
endloop
endfacet
facet normal 1.1015536019879426e-34 -8.430047170285747e-18 1.0
outer loop
vertex 6.2957896521795185 38.91756144830141 1.7730000000000057
vertex 5.800441118615431 28.311161792889806 1.7730000000000057
vertex 5.848449290443738 28.411185132408004 1.7730000000000057
endloop
endfacet
facet normal 1.1015536019879426e-34 -8.430047170285747e-18 1.0
outer loop
vertex 6.2957896521795185 38.91756144830141 1.7730000000000057
vertex 5.848449290443738 28.411185132408004 1.7730000000000057
vertex 5.8811295564112855 28.552522128859167 1.7730000000000057
endloop
endfacet
facet normal 1.1015536019879426e-34 -8.430047170285747e-18 1.0
outer loop
vertex 6.2957896521795185 38.91756144830141 1.7730000000000057
vertex 5.8811295564112855 28.552522128859167 1.7730000000000057
vertex 5.902125315628998 28.962377481510405 1.7730000000000057
endloop
endfacet
facet normal 1.1015536019879426e-34 -8.430047170285747e-18 1.0
outer loop
vertex 6.2957896521795185 38.91756144830141 1.7730000000000057
vertex 5.902125315628998 28.962377481510405 1.7730000000000057
vertex 5.953371457425645 29.599936168989615 1.7730000000000057
endloop
endfacet
facet normal 1.1015536019879426e-34 -8.430047170285747e-18 1.0
outer loop
vertex 6.2957896521795185 38.91756144830141 1.7730000000000057
vertex 5.953371457425645 29.599936168989615 1.7730000000000057
vertex 6.013538109670932 30.254405438961278 1.7730000000000057
endloop
endfacet
facet normal 1.1015536019879426e-34 -8.430047170285747e-18 1.0
outer loop
vertex 6.2957896521795185 38.91756144830141 1.7730000000000057
vertex 6.013538109670932 30.254405438961278 1.7730000000000057
vertex 6.047541982520165 30.922807251203654 1.7730000000000057
endloop
endfacet
facet normal 1.1015536019879426e-34 -8.430047170285747e-18 1.0
outer loop
vertex 6.2957896521795185 38.91756144830141 1.7730000000000057
vertex 6.047541982520165 30.922807251203654 1.7730000000000057
vertex 6.431120813179348 34.2142127938311 1.7730000000000057
endloop
endfacet
facet normal 1.1015536019879426e-34 -8.430047170285747e-18 1.0
outer loop
vertex 6.2957896521795185 38.91756144830141 1.7730000000000057
vertex 6.431120813179348 34.2142127938311 1.7730000000000057
vertex 7.135555925220775 40.92096683205291 1.7730000000000063
endloop
endfacet
facet normal 1.1015536019879426e-34 -8.430047170285747e-18 1.0
outer loop
vertex 7.135555925220775 40.92096683205291 1.7730000000000063
vertex 6.431120813179348 34.2142127938311 1.7730000000000057
vertex 6.712924887524898 35.90134265301431 1.7730000000000057
endloop
endfacet
facet normal 1.1015536019879426e-34 -8.430047170285747e-18 1.0
outer loop
vertex 7.135555925220775 40.92096683205291 1.7730000000000063
vertex 6.712924887524898 35.90134265301431 1.7730000000000057
vertex 7.119129172024825 37.5629138303398 1.7730000000000057
endloop
endfacet
facet normal 1.1015536019879426e-34 -8.430047170285747e-18 1.0
outer loop
vertex 7.135555925220775 40.92096683205291 1.7730000000000063
vertex 7.119129172024825 37.5629138303398 1.7730000000000057
vertex 7.6474944555778475 39.189766873856954 1.7730000000000057
endloop
endfacet
facet normal 1.1015536019879426e-34 -8.430047170285747e-18 1.0
outer loop
vertex 7.135555925220775 40.92096683205291 1.7730000000000063
vertex 7.6474944555778475 39.189766873856954 1.7730000000000057
vertex 8.096576320622633 42.87650945208285 1.7730000000000063
endloop
endfacet
facet normal 1.1015536019879426e-34 -8.430047170285747e-18 1.0
outer loop
vertex 8.096576320622633 42.87650945208285 1.7730000000000063
vertex 7.6474944555778475 39.189766873856954 1.7730000000000057
vertex 8.295108111572887 40.77293371618092 1.7730000000000057
endloop
endfacet
facet normal 1.1015536019879426e-34 -8.430047170285747e-18 1.0
outer loop
vertex 8.096576320622633 42.87650945208285 1.7730000000000063
vertex 8.295108111572887 40.77293371618092 1.7730000000000057
vertex 8.764694639697044 43.93372255892139 1.7730000000000077
endloop
endfacet
facet normal 1.1015536019879426e-34 -8.430047170285747e-18 1.0
outer loop
vertex 8.764694639697044 43.93372255892139 1.7730000000000077
vertex 8.295108111572887 40.77293371618092 1.7730000000000057
vertex 9.115735597624907 42.326973513474 1.7730000000000057
endloop
endfacet
facet normal 1.1015536019879426e-34 -8.430047170285747e-18 1.0
outer loop
vertex 8.764694639697044 43.93372255892139 1.7730000000000077
vertex 9.115735597624907 42.326973513474 1.7730000000000057
vertex 9.927847452801995 45.30649881986172 1.7730000000000083
endloop
endfacet
facet normal 1.1015536019879426e-34 -8.430047170285747e-18 1.0
outer loop
vertex 9.927847452801995 45.30649881986172 1.7730000000000083
vertex 9.115735597624907 42.326973513474 1.7730000000000057
vertex 10.11770541066261 43.770762160124164 1.7730000000000057
endloop
endfacet
facet normal 1.1015536019879426e-34 -8.430047170285747e-18 1.0
outer loop
vertex 9.927847452801995 45.30649881986172 1.7730000000000083
vertex 10.11770541066261 43.770762160124164 1.7730000000000057
vertex 11.638725789391229 46.7896333388855 1.7730000000000083
endloop
endfacet
facet normal 1.1015536019879426e-34 -8.430047170285747e-18 1.0
outer loop
vertex 11.638725789391229 46.7896333388855 1.7730000000000083
vertex 10.11770541066261 43.770762160124164 1.7730000000000057
vertex 11.286405432357864 45.08324432065973 1.7730000000000057
endloop
endfacet
facet normal 1.1015536019879426e-34 -8.430047170285747e-18 1.0
outer loop
vertex 11.638725789391229 46.7896333388855 1.7730000000000083
vertex 11.286405432357864 45.08324432065973 1.7730000000000057
vertex 13.646773278583652 46.8413852363034 1.7730000000000057
endloop
endfacet
facet normal 1.1015536019879426e-34 -8.430047170285747e-18 1.0
outer loop
vertex 11.638725789391229 46.7896333388855 1.7730000000000083
vertex 13.646773278583652 46.8413852363034 1.7730000000000057
vertex 12.761021030522153 47.65862283421989 1.7730000000000077
endloop
endfacet
facet normal 1.1015536019879426e-34 -8.430047170285747e-18 1.0
outer loop
vertex 12.761021030522153 47.65862283421989 1.7730000000000077
vertex 13.646773278583652 46.8413852363034 1.7730000000000057
vertex 15.109860845208281 49.086572662441256 1.7730000000000083
endloop
endfacet
facet normal 1.1015536019879426e-34 -8.430047170285747e-18 1.0
outer loop
vertex 15.109860845208281 49.086572662441256 1.7730000000000083
vertex 13.646773278583652 46.8413852363034 1.7730000000000057
vertex 16.21048999935105 48.28698283744057 1.7730000000000057
endloop
endfacet
facet normal 1.1015536019879426e-34 -8.430047170285747e-18 1.0
outer loop
vertex 15.109860845208281 49.086572662441256 1.7730000000000083
vertex 16.21048999935105 48.28698283744057 1.7730000000000057
vertex 15.508964900524392 49.24517380075879 1.773000000000007
endloop
endfacet
facet normal 1.1015536019879426e-34 -8.430047170285747e-18 1.0
outer loop
vertex 15.508964900524392 49.24517380075879 1.773000000000007
vertex 16.21048999935105 48.28698283744057 1.7730000000000057
vertex 17.73668333265833 50.05670336564325 1.7730000000000057
endloop
endfacet
facet normal 1.1015536019879426e-34 -8.430047170285747e-18 1.0
outer loop
vertex 17.73668333265833 50.05670336564325 1.7730000000000057
vertex 16.21048999935105 48.28698283744057 1.7730000000000057
vertex 18.936407161484198 49.39683484286482 1.7730000000000057
endloop
endfacet
facet normal 1.1015536019879426e-34 -8.430047170285747e-18 1.0
outer loop
vertex 17.73668333265833 50.05670336564325 1.7730000000000057
vertex 18.936407161484198 49.39683484286482 1.7730000000000057
vertex 20.962193062190394 50.87439784320511 1.7730000000000057
endloop
endfacet
facet normal 1.1015536019879426e-34 -8.430047170285747e-18 1.0
outer loop
vertex 20.962193062190394 50.87439784320511 1.7730000000000057
vertex 18.936407161484198 49.39683484286482 1.7730000000000057
vertex 21.780772965386525 50.15312779030437 1.7730000000000057
endloop
endfacet
facet normal 1.1015536019879426e-34 -8.430047170285747e-18 1.0
outer loop
vertex 20.962193062190394 50.87439784320511 1.7730000000000057
vertex 21.780772965386525 50.15312779030437 1.7730000000000057
vertex 21.07910091178225 50.910818394943085 1.7730000000000057
endloop
endfacet
facet normal 1.1015536019879426e-34 -8.430047170285747e-18 1.0
outer loop
vertex 21.07910091178225 50.910818394943085 1.7730000000000057
vertex 21.780772965386525 50.15312779030437 1.7730000000000057
vertex 21.169864106596947 50.93909404661399 1.7730000000000057
endloop
endfacet
facet normal 1.1015536019879426e-34 -8.430047170285747e-18 1.0
outer loop
vertex 21.169864106596947 50.93909404661399 1.7730000000000057
vertex 21.780772965386525 50.15312779030437 1.7730000000000057
vertex 21.248365224039517 50.946944949243374 1.7730000000000057
endloop
endfacet
facet normal 1.1015536019879426e-34 -8.430047170285747e-18 1.0
outer loop
vertex 21.248365224039517 50.946944949243374 1.7730000000000057
vertex 21.780772965386525 50.15312779030437 1.7730000000000057
vertex 21.39659488286726 50.98452244353046 1.7730000000000057
endloop
endfacet
facet normal 1.1015536019879426e-34 -8.430047170285747e-18 1.0
outer loop
vertex 21.39659488286726 50.98452244353046 1.7730000000000057
vertex 21.780772965386525 50.15312779030437 1.7730000000000057
vertex 29.233069616607096 51.74549583300464 1.7730000000000057
endloop
endfacet
facet normal 1.1015536019879426e-34 -8.430047170285747e-18 1.0
outer loop
vertex 29.233069616607096 51.74549583300464 1.7730000000000057
vertex 21.780772965386525 50.15312779030437 1.7730000000000057
vertex 22.15586904962408 50.20861317219974 1.7730000000000057
endloop
endfacet
facet normal 1.1015536019879426e-34 -8.430047170285747e-18 1.0
outer loop
vertex 29.233069616607096 51.74549583300464 1.7730000000000057
vertex 22.15586904962408 50.20861317219974 1.7730000000000057
vertex 23.101059094739863 50.34842862968049 1.7730000000000057
endloop
endfacet
facet normal 1.1015536019879426e-34 -8.430047170285747e-18 1.0
outer loop
vertex 29.233069616607096 51.74549583300464 1.7730000000000057
vertex 23.101059094739863 50.34842862968049 1.7730000000000057
vertex 26.41841803245005 50.70951945808198 1.7730000000000057
endloop
endfacet
facet normal 1.1015536019879426e-34 -8.430047170285747e-18 1.0
outer loop
vertex 29.233069616607096 51.74549583300464 1.7730000000000057
vertex 26.41841803245005 50.70951945808198 1.7730000000000057
vertex 28.890525158856395 50.84655978291714 1.7730000000000057
endloop
endfacet
facet normal 1.1015536019879426e-34 -8.430047170285747e-18 1.0
outer loop
vertex 29.233069616607096 51.74549583300464 1.7730000000000057
vertex 28.890525158856395 50.84655978291714 1.7730000000000057
vertex 29.711376426434303 50.89206336289897 1.7730000000000057
endloop
endfacet
facet normal 1.1015536019879426e-34 -8.430047170285747e-18 1.0
outer loop
vertex 29.233069616607096 51.74549583300464 1.7730000000000057
vertex 29.711376426434303 50.89206336289897 1.7730000000000057
vertex 36.80400411218923 51.60684219527834 1.7730000000000057
endloop
endfacet
facet normal 1.1015536019879426e-34 -8.430047170285747e-18 1.0
outer loop
vertex 36.80400411218923 51.60684219527834 1.7730000000000057
vertex 29.711376426434303 50.89206336289897 1.7730000000000057
vertex 33.00768473927401 50.937056584297274 1.7730000000000057
endloop
endfacet
facet normal 1.1015536019879426e-34 -8.430047170285747e-18 1.0
outer loop
vertex 36.80400411218923 51.60684219527834 1.7730000000000057
vertex 33.00768473927401 50.937056584297274 1.7730000000000057
vertex 36.389649858099304 50.82694811175228 1.7730000000000057
endloop
endfacet
facet normal 1.1015536019879426e-34 -8.430047170285747e-18 1.0
outer loop
vertex 36.80400411218923 51.60684219527834 1.7730000000000057
vertex 36.389649858099304 50.82694811175228 1.7730000000000057
vertex 39.4519305379429 50.587387231333764 1.7730000000000057
endloop
endfacet
facet normal 1.1015536019879426e-34 -8.430047170285747e-18 1.0
outer loop
vertex 36.80400411218923 51.60684219527834 1.7730000000000057
vertex 39.4519305379429 50.587387231333764 1.7730000000000057
vertex 43.52936871237649 50.95008358438098 1.7730000000000057
endloop
endfacet
facet normal 1.1015536019879426e-34 -8.430047170285747e-18 1.0
outer loop
vertex 43.52936871237649 50.95008358438098 1.7730000000000057
vertex 39.4519305379429 50.587387231333764 1.7730000000000057
vertex 42.35014075789586 50.2583677096962 1.7730000000000057
endloop
endfacet
facet normal 1.1015536019879426e-34 -8.430047170285747e-18 1.0
outer loop
vertex 43.52936871237649 50.95008358438098 1.7730000000000057
vertex 42.35014075789586 50.2583677096962 1.7730000000000057
vertex 45.212198922510076 49.88786518991441 1.7730000000000057
endloop
endfacet
facet normal 1.1015536019879426e-34 -8.430047170285747e-18 1.0
outer loop
vertex 43.52936871237649 50.95008358438098 1.7730000000000057
vertex 45.212198922510076 49.88786518991441 1.7730000000000057
vertex 48.85222829810359 50.41298017048925 1.7730000000000057
endloop
endfacet
facet normal 1.1015536019879426e-34 -8.430047170285747e-18 1.0
outer loop
vertex 48.85222829810359 50.41298017048925 1.7730000000000057
vertex 45.212198922510076 49.88786518991441 1.7730000000000057
vertex 48.614277183072126 49.458209195579016 1.7730000000000057
endloop
endfacet
facet normal 1.1015536019879426e-34 -8.430047170285747e-18 1.0
outer loop
vertex 48.85222829810359 50.41298017048925 1.7730000000000057
vertex 48.614277183072126 49.458209195579016 1.7730000000000057
vertex 52.819349877374165 48.61281011759283 1.7730000000000057
endloop
endfacet
facet normal 1.1015536019879426e-34 -8.430047170285747e-18 1.0
outer loop
vertex 48.85222829810359 50.41298017048925 1.7730000000000057
vertex 52.819349877374165 48.61281011759283 1.7730000000000057
vertex 55.47818465280009 49.04978035177235 1.7730000000000057
endloop
endfacet
facet normal 1.1015536019879426e-34 -8.430047170285747e-18 1.0
outer loop
vertex 48.85222829810359 50.41298017048925 1.7730000000000057
vertex 55.47818465280009 49.04978035177235 1.7730000000000057
vertex 56.92337074537194 49.12985438002177 1.7730000000000057
endloop
endfacet
facet normal 1.1015536019879426e-34 -8.430047170285747e-18 1.0
outer loop
vertex 48.85222829810359 50.41298017048925 1.7730000000000057
vertex 56.92337074537194 49.12985438002177 1.7730000000000057
vertex 93.0678625173177 50.41298017048925 1.7730000000000057
endloop
endfacet
facet normal 1.1015536019879426e-34 -8.430047170285747e-18 1.0
outer loop
vertex 93.0678625173177 50.41298017048925 1.7730000000000057
vertex 56.92337074537194 49.12985438002177 1.7730000000000057
vertex 84.99672007004935 49.12985438002177 1.7730000000000057
endloop
endfacet
facet normal 1.1015536019879426e-34 -8.430047170285747e-18 1.0
outer loop
vertex 93.0678625173177 50.41298017048925 1.7730000000000057
vertex 84.99672007004935 49.12985438002177 1.7730000000000057
vertex 86.44190616262121 49.04978035177235 1.7730000000000057
endloop
endfacet
facet normal 1.1015536019879426e-34 -8.430047170285747e-18 1.0
outer loop
vertex 93.0678625173177 50.41298017048925 1.7730000000000057
vertex 86.44190616262121 49.04978035177235 1.7730000000000057
vertex 89.10074093804714 48.61281011759283 1.7730000000000057
endloop
endfacet
facet normal 1.1015536019879426e-34 -8.430047170285747e-18 1.0
outer loop
vertex 93.0678625173177 50.41298017048925 1.7730000000000057
vertex 89.10074093804714 48.61281011759283 1.7730000000000057
vertex 93.30581363234917 49.458209195579016 1.7730000000000057
endloop
endfacet
facet normal 1.1015536019879426e-34 -8.430047170285747e-18 1.0
outer loop
vertex 93.0678625173177 50.41298017048925 1.7730000000000057
vertex 93.30581363234917 49.458209195579016 1.7730000000000057
vertex 98.39072210304481 50.95008358438098 1.7730000000000057
endloop
endfacet
facet normal 1.1015536019879426e-34 -8.430047170285747e-18 1.0
outer loop
vertex 98.39072210304481 50.95008358438098 1.7730000000000057
vertex 93.30581363234917 49.458209195579016 1.7730000000000057
vertex 96.7078918929112 49.88786518991441 1.7730000000000057
endloop
endfacet
facet normal 1.1015536019879426e-34 -8.430047170285747e-18 1.0
outer loop
vertex 98.39072210304481 50.95008358438098 1.7730000000000057
vertex 96.7078918929112 49.88786518991441 1.7730000000000057
vertex 99.56995005752545 50.2583677096962 1.7730000000000057
endloop
endfacet
facet normal 1.1015536019879426e-34 -8.430047170285747e-18 1.0
outer loop
vertex 98.39072210304481 50.95008358438098 1.7730000000000057
vertex 99.56995005752545 50.2583677096962 1.7730000000000057
vertex 105.11608670323207 51.60684219527834 1.7730000000000057
endloop
endfacet
facet normal 1.1015536019879426e-34 -8.430047170285747e-18 1.0
outer loop
vertex 105.11608670323207 51.60684219527834 1.7730000000000057
vertex 99.56995005752545 50.2583677096962 1.7730000000000057
vertex 102.4681602774784 50.587387231333764 1.7730000000000057
endloop
endfacet
facet normal 1.1015536019879426e-34 -8.430047170285747e-18 1.0
outer loop
vertex 105.11608670323207 51.60684219527834 1.7730000000000057
vertex 102.4681602774784 50.587387231333764 1.7730000000000057
vertex 105.53044095732201 50.82694811175228 1.7730000000000057
endloop
endfacet
facet normal 1.1015536019879426e-34 -8.430047170285747e-18 1.0
outer loop
vertex 105.11608670323207 51.60684219527834 1.7730000000000057
vertex 105.53044095732201 50.82694811175228 1.7730000000000057
vertex 112.68702119881421 51.74549583300464 1.7730000000000057
endloop
endfacet
facet normal 1.1015536019879426e-34 -8.430047170285747e-18 1.0
outer loop
vertex 112.68702119881421 51.74549583300464 1.7730000000000057
vertex 105.53044095732201 50.82694811175228 1.7730000000000057
vertex 108.91240607614728 50.937056584297274 1.7730000000000057
endloop
endfacet
facet normal 1.1015536019879426e-34 -8.430047170285747e-18 1.0
outer loop
vertex 112.68702119881421 51.74549583300464 1.7730000000000057
vertex 108.91240607614728 50.937056584297274 1.7730000000000057
vertex 112.208714388987 50.89206336289897 1.7730000000000057
endloop
endfacet
facet normal 1.1015536019879426e-34 -8.430047170285747e-18 1.0
outer loop
vertex 112.68702119881421 51.74549583300464 1.7730000000000057
vertex 112.208714388987 50.89206336289897 1.7730000000000057
vertex 113.02956565656491 50.84655978291714 1.7730000000000057
endloop
endfacet
facet normal 1.1015536019879426e-34 -8.430047170285747e-18 1.0
outer loop
vertex 112.68702119881421 51.74549583300464 1.7730000000000057
vertex 113.02956565656491 50.84655978291714 1.7730000000000057
vertex 120.52349593255404 50.98452244353046 1.7730000000000057
endloop
endfacet
facet normal 1.1015536019879426e-34 -8.430047170285747e-18 1.0
outer loop
vertex 120.52349593255404 50.98452244353046 1.7730000000000057
vertex 113.02956565656491 50.84655978291714 1.7730000000000057
vertex 115.50167278297126 50.70951945808198 1.7730000000000057
endloop
endfacet
facet normal 1.1015536019879426e-34 -8.430047170285747e-18 1.0
outer loop
vertex 120.52349593255404 50.98452244353046 1.7730000000000057
vertex 115.50167278297126 50.70951945808198 1.7730000000000057
vertex 118.81903172068144 50.34842862968049 1.7730000000000057
endloop
endfacet
facet normal 1.1015536019879426e-34 -8.430047170285747e-18 1.0
outer loop
vertex 120.52349593255404 50.98452244353046 1.7730000000000057
vertex 118.81903172068144 50.34842862968049 1.7730000000000057
vertex 119.76422176579722 50.20861317219974 1.7730000000000057
endloop
endfacet
facet normal 1.1015536019879426e-34 -8.430047170285747e-18 1.0
outer loop
vertex 120.52349593255404 50.98452244353046 1.7730000000000057
vertex 119.76422176579722 50.20861317219974 1.7730000000000057
vertex 120.13931785003479 50.15312779030437 1.7730000000000057
endloop
endfacet
facet normal 1.1015536019879426e-34 -8.430047170285747e-18 1.0
outer loop
vertex 120.52349593255404 50.98452244353046 1.7730000000000057
vertex 120.13931785003479 50.15312779030437 1.7730000000000057
vertex 122.9836836539371 49.39683484286482 1.7730000000000057
endloop
endfacet
facet normal 1.1015536019879426e-34 -8.430047170285747e-18 1.0
outer loop
vertex 120.52349593255404 50.98452244353046 1.7730000000000057
vertex 122.9836836539371 49.39683484286482 1.7730000000000057
vertex 120.67172559138179 50.946944949243374 1.7730000000000057
endloop
endfacet
facet normal 1.1015536019879426e-34 -8.430047170285747e-18 1.0
outer loop
vertex 120.67172559138179 50.946944949243374 1.7730000000000057
vertex 122.9836836539371 49.39683484286482 1.7730000000000057
vertex 120.75022670882436 50.93909404661399 1.7730000000000057
endloop
endfacet
facet normal 1.1015536019879426e-34 -8.430047170285747e-18 1.0
outer loop
vertex 120.75022670882436 50.93909404661399 1.7730000000000057
vertex 122.9836836539371 49.39683484286482 1.7730000000000057
vertex 120.84098990363906 50.910818394943085 1.7730000000000057
endloop
endfacet
facet normal 1.1015536019879426e-34 -8.430047170285747e-18 1.0
outer loop
vertex 120.84098990363906 50.910818394943085 1.7730000000000057
vertex 122.9836836539371 49.39683484286482 1.7730000000000057
vertex 120.95789775323091 50.87439784320511 1.7730000000000057
endloop
endfacet
facet normal 1.1015536019879426e-34 -8.430047170285747e-18 1.0
outer loop
vertex 120.95789775323091 50.87439784320511 1.7730000000000057
vertex 122.9836836539371 49.39683484286482 1.7730000000000057
vertex 124.18340748276297 50.05670336564325 1.7730000000000057
endloop
endfacet
facet normal 1.1015536019879426e-34 -8.430047170285747e-18 1.0
outer loop
vertex 124.18340748276297 50.05670336564325 1.7730000000000057
vertex 122.9836836539371 49.39683484286482 1.7730000000000057
vertex 125.70960081607025 48.28698283744057 1.7730000000000057
endloop
endfacet
facet normal 1.1015536019879426e-34 -8.430047170285747e-18 1.0
outer loop
vertex 124.18340748276297 50.05670336564325 1.7730000000000057
vertex 125.70960081607025 48.28698283744057 1.7730000000000057
vertex 126.41112591489691 49.24517380075879 1.773000000000007
endloop
endfacet
facet normal 1.1015536019879426e-34 -8.430047170285747e-18 1.0
outer loop
vertex 126.41112591489691 49.24517380075879 1.773000000000007
vertex 125.70960081607025 48.28698283744057 1.7730000000000057
vertex 128.27331753683765 46.8413852363034 1.7730000000000057
endloop
endfacet
facet normal 1.1015536019879426e-34 -8.430047170285747e-18 1.0
outer loop
vertex 126.41112591489691 49.24517380075879 1.773000000000007
vertex 128.27331753683765 46.8413852363034 1.7730000000000057
vertex 126.81022997021303 49.086572662441256 1.7730000000000083
endloop
endfacet
facet normal 1.1015536019879426e-34 -8.430047170285747e-18 1.0
outer loop
vertex 126.81022997021303 49.086572662441256 1.7730000000000083
vertex 128.27331753683765 46.8413852363034 1.7730000000000057
vertex 129.15906978489915 47.65862283421989 1.7730000000000077
endloop
endfacet
facet normal 1.1015536019879426e-34 -8.430047170285747e-18 1.0
outer loop
vertex 129.15906978489915 47.65862283421989 1.7730000000000077
vertex 128.27331753683765 46.8413852363034 1.7730000000000057
vertex 130.63368538306344 45.08324432065973 1.7730000000000057
endloop
endfacet
facet normal 1.1015536019879426e-34 -8.430047170285747e-18 1.0
outer loop
vertex 129.15906978489915 47.65862283421989 1.7730000000000077
vertex 130.63368538306344 45.08324432065973 1.7730000000000057
vertex 130.28136502603007 46.7896333388855 1.7730000000000083
endloop
endfacet
facet normal 1.1015536019879426e-34 -8.430047170285747e-18 1.0
outer loop
vertex 130.28136502603007 46.7896333388855 1.7730000000000083
vertex 130.63368538306344 45.08324432065973 1.7730000000000057
vertex 131.99224336261932 45.30649881986172 1.7730000000000083
endloop
endfacet
facet normal 1.1015536019879426e-34 -8.430047170285747e-18 1.0
outer loop
vertex 131.99224336261932 45.30649881986172 1.7730000000000083
vertex 130.63368538306344 45.08324432065973 1.7730000000000057
vertex 131.8023854047587 43.770762160124164 1.7730000000000057
endloop
endfacet
facet normal 1.1015536019879426e-34 -8.430047170285747e-18 1.0
outer loop
vertex 131.99224336261932 45.30649881986172 1.7730000000000083
vertex 131.8023854047587 43.770762160124164 1.7730000000000057
vertex 132.8043552177964 42.326973513474 1.7730000000000057
endloop
endfacet
facet normal 1.1015536019879426e-34 -8.430047170285747e-18 1.0
outer loop
vertex 131.99224336261932 45.30649881986172 1.7730000000000083
vertex 132.8043552177964 42.326973513474 1.7730000000000057
vertex 133.15539617572426 43.93372255892139 1.7730000000000077
endloop
endfacet
facet normal 1.1015536019879426e-34 -8.430047170285747e-18 1.0
outer loop
vertex 133.15539617572426 43.93372255892139 1.7730000000000077
vertex 132.8043552177964 42.326973513474 1.7730000000000057
vertex 133.62498270384842 40.77293371618092 1.7730000000000057
endloop
endfacet
facet normal 1.1015536019879426e-34 -8.430047170285747e-18 1.0
outer loop
vertex 133.15539617572426 43.93372255892139 1.7730000000000077
vertex 133.62498270384842 40.77293371618092 1.7730000000000057
vertex 133.82351449479867 42.87650945208285 1.7730000000000063
endloop
endfacet
facet normal 1.1015536019879426e-34 -8.430047170285747e-18 1.0
outer loop
vertex 133.82351449479867 42.87650945208285 1.7730000000000063
vertex 133.62498270384842 40.77293371618092 1.7730000000000057
vertex 134.27259635984345 39.189766873856954 1.7730000000000057
endloop
endfacet
facet normal 1.1015536019879426e-34 -8.430047170285747e-18 1.0
outer loop
vertex 133.82351449479867 42.87650945208285 1.7730000000000063
vertex 134.27259635984345 39.189766873856954 1.7730000000000057
vertex 134.78453489020052 40.92096683205291 1.7730000000000063
endloop
endfacet
facet normal 1.1015536019879426e-34 -8.430047170285747e-18 1.0
outer loop
vertex 134.78453489020052 40.92096683205291 1.7730000000000063
vertex 134.27259635984345 39.189766873856954 1.7730000000000057
vertex 134.80096164339648 37.5629138303398 1.7730000000000057
endloop
endfacet
facet normal 1.1015536019879426e-34 -8.430047170285747e-18 1.0
outer loop
vertex 134.78453489020052 40.92096683205291 1.7730000000000063
vertex 134.80096164339648 37.5629138303398 1.7730000000000057
vertex 135.6243011632418 38.91756144830141 1.7730000000000057
endloop
endfacet
facet normal 1.1015536019879426e-34 -8.430047170285747e-18 1.0
outer loop
vertex 135.6243011632418 38.91756144830141 1.7730000000000057
vertex 134.80096164339648 37.5629138303398 1.7730000000000057
vertex 135.2071659278964 35.901342653014304 1.7730000000000057
endloop
endfacet
facet normal 1.1015536019879426e-34 -8.430047170285747e-18 1.0
outer loop
vertex 135.6243011632418 38.91756144830141 1.7730000000000057
vertex 135.2071659278964 35.901342653014304 1.7730000000000057
vertex 135.48897000224196 34.214212793831095 1.7730000000000057
endloop
endfacet
facet normal 1.1015536019879426e-34 -8.430047170285747e-18 1.0
outer loop
vertex 135.6243011632418 38.91756144830141 1.7730000000000057
vertex 135.48897000224196 34.214212793831095 1.7730000000000057
vertex 135.87254883290115 30.92280725120365 1.7730000000000057
endloop
endfacet
facet normal 1.1015536019879426e-34 -8.430047170285747e-18 1.0
outer loop
vertex 135.6243011632418 38.91756144830141 1.7730000000000057
vertex 135.87254883290115 30.92280725120365 1.7730000000000057
vertex 136.2188243018516 36.82821160621193 1.7730000000000057
endloop
endfacet
facet normal 1.1015536019879426e-34 -8.430047170285747e-18 1.0
outer loop
vertex 136.2188243018516 36.82821160621193 1.7730000000000057
vertex 135.87254883290115 30.92280725120365 1.7730000000000057
vertex 135.90655270575039 30.254405438961275 1.7730000000000057
endloop
endfacet
facet normal 1.1015536019879426e-34 -8.430047170285747e-18 1.0
outer loop
vertex 136.2188243018516 36.82821160621193 1.7730000000000057
vertex 135.90655270575039 30.254405438961275 1.7730000000000057
vertex 135.96671935799566 29.599936168989608 1.7730000000000057
endloop
endfacet
facet normal 1.1015536019879426e-34 -8.430047170285747e-18 1.0
outer loop
vertex 136.2188243018516 36.82821160621193 1.7730000000000057
vertex 135.96671935799566 29.599936168989608 1.7730000000000057
vertex 136.0179654997923 28.9623774815104 1.7730000000000057
endloop
endfacet
facet normal 1.1015536019879426e-34 -8.430047170285747e-18 1.0
outer loop
vertex 136.2188243018516 36.82821160621193 1.7730000000000057
vertex 136.0179654997923 28.9623774815104 1.7730000000000057
vertex 136.03896125901002 28.552522128859163 1.7730000000000057
endloop
endfacet
facet normal 1.1015536019879426e-34 -8.430047170285747e-18 1.0
outer loop
vertex 136.2188243018516 36.82821160621193 1.7730000000000057
vertex 136.03896125901002 28.552522128859163 1.7730000000000057
vertex 136.07164152497757 28.411185132407997 1.7730000000000057
endloop
endfacet
facet normal 1.1015536019879426e-34 -8.430047170285747e-18 1.0
outer loop
vertex 136.2188243018516 36.82821160621193 1.7730000000000057
vertex 136.07164152497757 28.411185132407997 1.7730000000000057
vertex 136.11964969680588 28.311161792889802 1.7730000000000057
endloop
endfacet
facet normal 1.1015536019879426e-34 -8.430047170285747e-18 1.0
outer loop
vertex 136.2188243018516 36.82821160621193 1.7730000000000057
vertex 136.11964969680588 28.311161792889802 1.7730000000000057
vertex 136.18057317306062 28.24312839992009 1.7730000000000057
endloop
endfacet
facet normal 1.1015536019879426e-34 -8.430047170285747e-18 1.0
outer loop
vertex 136.2188243018516 36.82821160621193 1.7730000000000057
vertex 136.18057317306062 28.24312839992009 1.7730000000000057
vertex 136.20150220545594 28.21788674554939 1.7730000000000057
endloop
endfacet
facet normal 1.1015536019879426e-34 -8.430047170285747e-18 1.0
outer loop
vertex 136.2188243018516 36.82821160621193 1.7730000000000057
vertex 136.20150220545594 28.21788674554939 1.7730000000000057
vertex 136.2143450345053 22.576240489883958 1.7730000000000057
endloop
endfacet
facet normal 1.1015536019879426e-34 -8.430047170285747e-18 1.0
outer loop
vertex 136.2188243018516 36.82821160621193 1.7730000000000057
vertex 136.2143450345053 22.576240489883958 1.7730000000000057
vertex 136.45947438771918 24.386038887960886 1.7730000000000057
endloop
endfacet
facet normal 1.1015536019879426e-34 -8.430047170285747e-18 1.0
outer loop
vertex 136.2188243018516 36.82821160621193 1.7730000000000057
vertex 136.45947438771918 24.386038887960886 1.7730000000000057
vertex 136.4760823456687 35.208594813512086 1.7730000000000057
endloop
endfacet
facet normal 1.1015536019879426e-34 -8.430047170285747e-18 1.0
outer loop
vertex 136.4760823456687 35.208594813512086 1.7730000000000057
vertex 136.45947438771918 24.386038887960886 1.7730000000000057
vertex 136.6426243050541 26.204299847710796 1.7730000000000057
endloop
endfacet
facet normal 1.1015536019879426e-34 -8.430047170285747e-18 1.0
outer loop
vertex 136.4760823456687 35.208594813512086 1.7730000000000057
vertex 136.6426243050541 26.204299847710796 1.7730000000000057
vertex 136.52257456008903 34.64740831385847 1.7730000000000057
endloop
endfacet
facet normal 1.1015536019879426e-34 -8.430047170285747e-18 1.0
outer loop
vertex 136.52257456008903 34.64740831385847 1.7730000000000057
vertex 136.6426243050541 26.204299847710796 1.7730000000000057
vertex 136.60129402143866 33.49706902564562 1.7730000000000057
endloop
endfacet
facet normal 1.1015536019879426e-34 -8.430047170285747e-18 1.0
outer loop
vertex 136.60129402143866 33.49706902564562 1.7730000000000057
vertex 136.6426243050541 26.204299847710796 1.7730000000000057
vertex 136.6417400346003 32.51208212043215 1.7730000000000057
endloop
endfacet
facet normal 1.1015536019879426e-34 -8.430047170285747e-18 1.0
outer loop
vertex 136.6417400346003 32.51208212043215 1.7730000000000057
vertex 136.6426243050541 26.204299847710796 1.7730000000000057
vertex 136.7806367171426 28.02034608529249 1.7730000000000057
endloop
endfacet
facet normal 1.1015536019879426e-34 -8.430047170285747e-18 1.0
outer loop
vertex 136.6417400346003 32.51208212043215 1.7730000000000057
vertex 136.7806367171426 28.02034608529249 1.7730000000000057
vertex 137.36248238655395 32.261480477357 1.7730000000000057
endloop
endfacet
facet normal 1.1015536019879426e-34 -8.430047170285747e-18 1.0
outer loop
vertex 137.36248238655395 32.261480477357 1.7730000000000057
vertex 136.7806367171426 28.02034608529249 1.7730000000000057
vertex 136.9501292881179 28.152735430212264 1.7730000000000057
endloop
endfacet
facet normal 1.1015536019879426e-34 -8.430047170285747e-18 1.0
outer loop
vertex 137.36248238655395 32.261480477357 1.7730000000000057
vertex 136.9501292881179 28.152735430212264 1.7730000000000057
vertex 137.1014297878271 28.273125741340763 1.7730000000000057
endloop
endfacet
facet normal 1.1015536019879426e-34 -8.430047170285747e-18 1.0
outer loop
vertex 137.36248238655395 32.261480477357 1.7730000000000057
vertex 137.1014297878271 28.273125741340763 1.7730000000000057
vertex 137.19889353149546 28.452992245866557 1.7730000000000057
endloop
endfacet
facet normal 1.1015536019879426e-34 -8.430047170285747e-18 1.0
outer loop
vertex 137.36248238655395 32.261480477357 1.7730000000000057
vertex 137.19889353149546 28.452992245866557 1.7730000000000057
vertex 137.2439503075732 28.689461404868723 1.7730000000000057
endloop
endfacet
facet normal 1.1015536019879426e-34 -8.430047170285747e-18 1.0
outer loop
vertex 137.36248238655395 32.261480477357 1.7730000000000057
vertex 137.2439503075732 28.689461404868723 1.7730000000000057
vertex 138.13513687988458 28.752387097544045 1.7730000000000057
endloop
endfacet
facet normal 1.1015536019879426e-34 -8.430047170285747e-18 1.0
outer loop
vertex 137.36248238655395 32.261480477357 1.7730000000000057
vertex 138.13513687988458 28.752387097544045 1.7730000000000057
vertex 138.66219992860397 32.32767314680685 1.7730000000000057
endloop
endfacet
facet normal 1.1015536019879426e-34 -8.430047170285747e-18 1.0
outer loop
vertex 138.66219992860397 32.32767314680685 1.7730000000000057
vertex 138.13513687988458 28.752387097544045 1.7730000000000057
vertex 139.04009044687012 28.884765451879186 1.7730000000000057
endloop
endfacet
facet normal 1.1015536019879426e-34 -8.430047170285747e-18 1.0
outer loop
vertex 138.66219992860397 32.32767314680685 1.7730000000000057
vertex 139.04009044687012 28.884765451879186 1.7730000000000057
vertex 139.93849589305142 32.35129052696974 1.7730000000000057
endloop
endfacet
facet normal 1.1015536019879426e-34 -8.430047170285747e-18 1.0
outer loop
vertex 139.93849589305142 32.35129052696974 1.7730000000000057
vertex 139.04009044687012 28.884765451879186 1.7730000000000057
vertex 140.0274349925398 29.122129729617992 1.7730000000000057
endloop
endfacet
facet normal 1.1015536019879426e-34 -8.430047170285747e-18 1.0
outer loop
vertex 139.93849589305142 32.35129052696974 1.7730000000000057
vertex 140.0274349925398 29.122129729617992 1.7730000000000057
vertex 140.75521319733122 32.09363779683821 1.7730000000000057
endloop
endfacet
facet normal 1.1015536019879426e-34 -8.430047170285747e-18 1.0
outer loop
vertex 140.75521319733122 32.09363779683821 1.7730000000000057
vertex 140.0274349925398 29.122129729617992 1.7730000000000057
vertex 141.0407464945906 29.503580765892462 1.7730000000000057
endloop
endfacet
facet normal 1.1015536019879426e-34 -8.430047170285747e-18 1.0
outer loop
vertex 140.75521319733122 32.09363779683821 1.7730000000000057
vertex 141.0407464945906 29.503580765892462 1.7730000000000057
vertex 141.0247270965539 31.317726819259853 1.7730000000000057
endloop
endfacet
facet normal 1.1015536019879426e-34 -8.430047170285747e-18 1.0
outer loop
vertex 141.0247270965539 31.317726819259853 1.7730000000000057
vertex 141.0407464945906 29.503580765892462 1.7730000000000057
vertex 141.1300750750719 30.612471620900365 1.7730000000000057
endloop
endfacet
facet normal 1.1015536019879426e-34 -8.430047170285747e-18 1.0
outer loop
vertex 141.1300750750719 30.612471620900365 1.7730000000000057
vertex 141.0407464945906 29.503580765892462 1.7730000000000057
vertex 141.11989113022824 30.01813129703901 1.7730000000000057
endloop
endfacet
facet normal 1.1015536019879426e-34 -8.430047170285747e-18 1.0
outer loop
vertex 83.51531854398641 22.16502189946873 1.7730000000000057
vertex 83.60587048898888 22.69791538198493 1.7730000000000057
vertex 83.38872631608446 23.168296080865442 1.7730000000000057
endloop
endfacet
facet normal 1.1015536019879426e-34 -8.430047170285747e-18 1.0
outer loop
vertex 83.60587048898888 22.69791538198493 1.7730000000000057
vertex 83.51531854398641 22.16502189946873 1.7730000000000057
vertex 83.64342205619714 22.36967511640082 1.7730000000000057
endloop
endfacet
facet normal 1.1015536019879426e-34 -8.430047170285747e-18 1.0
outer loop
vertex 6.022279293793605 20.821510073260516 1.7730000000000057
vertex 5.7185886099653835 28.217886745549396 1.7730000000000057
vertex 5.705745780916 22.57624048988396 1.7730000000000057
endloop
endfacet
facet normal 1.1015536019879426e-34 -8.430047170285747e-18 1.0
outer loop
vertex 5.7185886099653835 28.217886745549396 1.7730000000000057
vertex 6.022279293793605 20.821510073260516 1.7730000000000057
vertex 5.72921362273946 28.182825935041322 1.7730000000000057
endloop
endfacet
facet normal 1.1015536019879426e-34 -8.430047170285747e-18 1.0
outer loop
vertex 5.72921362273946 28.182825935041322 1.7730000000000057
vertex 6.022279293793605 20.821510073260516 1.7730000000000057
vertex 5.736621446623602 28.133406892698076 1.7730000000000057
endloop
endfacet
facet normal 1.1015536019879426e-34 -8.430047170285747e-18 1.0
outer loop
vertex 5.736621446623602 28.133406892698076 1.7730000000000057
vertex 6.022279293793605 20.821510073260516 1.7730000000000057
vertex 5.8756582159312405 26.28956041408897 1.7730000000000057
endloop
endfacet
facet normal 1.1015536019879426e-34 -8.430047170285747e-18 1.0
outer loop
vertex 5.8756582159312405 26.28956041408897 1.7730000000000057
vertex 6.022279293793605 20.821510073260516 1.7730000000000057
vertex 6.06135176802673 24.4428517002922 1.7730000000000057
endloop
endfacet
facet normal 1.1015536019879426e-34 -8.430047170285747e-18 1.0
outer loop
vertex 6.06135176802673 24.4428517002922 1.7730000000000057
vertex 6.022279293793605 20.821510073260516 1.7730000000000057
vertex 6.357991666765742 19.381210915035446 1.7730000000000057
endloop
endfacet
facet normal 1.1015536019879426e-34 -8.430047170285747e-18 1.0
outer loop
vertex 6.06135176802673 24.4428517002922 1.7730000000000057
vertex 6.357991666765742 19.381210915035446 1.7730000000000057
vertex 6.311897155532586 22.605130153671823 1.7730000000000057
endloop
endfacet
facet normal 1.1015536019879426e-34 -8.430047170285747e-18 1.0
outer loop
vertex 6.311897155532586 22.605130153671823 1.7730000000000057
vertex 6.357991666765742 19.381210915035446 1.7730000000000057
vertex 6.632771455194399 20.849082683014466 1.7730000000000057
endloop
endfacet
facet normal 1.1015536019879426e-34 -8.430047170285747e-18 1.0
outer loop
vertex 6.632771455194399 20.849082683014466 1.7730000000000057
vertex 6.357991666765742 19.381210915035446 1.7730000000000057
vertex 6.77100296725422 17.968844927433377 1.7730000000000057
endloop
endfacet
facet normal 1.1015536019879426e-34 -8.430047170285747e-18 1.0
outer loop
vertex 6.632771455194399 20.849082683014466 1.7730000000000057
vertex 6.77100296725422 17.968844927433377 1.7730000000000057
vertex 6.974259566776044 19.41036863500969 1.7730000000000057
endloop
endfacet
facet normal 1.1015536019879426e-34 -8.430047170285747e-18 1.0
outer loop
vertex 6.974259566776044 19.41036863500969 1.7730000000000057
vertex 6.77100296725422 17.968844927433377 1.7730000000000057
vertex 7.271990615714714 16.584400373326318 1.7730000000000057
endloop
endfacet
facet normal 1.1015536019879426e-34 -8.430047170285747e-18 1.0
outer loop
vertex 6.974259566776044 19.41036863500969 1.7730000000000057
vertex 7.271990615714714 16.584400373326318 1.7730000000000057
vertex 7.39589465839841 18.000256676846348 1.7730000000000057
endloop
endfacet
facet normal 1.1015536019879426e-34 -8.430047170285747e-18 1.0
outer loop
vertex 7.39589465839841 18.000256676846348 1.7730000000000057
vertex 7.271990615714714 16.584400373326318 1.7730000000000057
vertex 7.899992161919998 15.169698294593175 1.7730000000000057
endloop
endfacet
facet normal 1.1015536019879426e-34 -8.430047170285747e-18 1.0
outer loop
vertex 7.39589465839841 18.000256676846348 1.7730000000000057
vertex 7.899992161919998 15.169698294593175 1.7730000000000057
vertex 7.909186889216411 16.618784464818702 1.7730000000000057
endloop
endfacet
facet normal 1.1015536019879426e-34 -8.430047170285747e-18 1.0
outer loop
vertex 7.909186889216411 16.618784464818702 1.7730000000000057
vertex 7.899992161919998 15.169698294593175 1.7730000000000057
vertex 8.772614396409002 13.565515178319782 1.7730000000000057
endloop
endfacet
facet normal 1.1015536019879426e-34 -8.430047170285747e-18 1.0
outer loop
vertex 7.909186889216411 16.618784464818702 1.7730000000000057
vertex 8.772614396409002 13.565515178319782 1.7730000000000057
vertex 8.580395863474648 15.157481138628997 1.7730000000000057
endloop
endfacet
facet normal 1.1015536019879426e-34 -8.430047170285747e-18 1.0
outer loop
vertex 8.580395863474648 15.157481138628997 1.7730000000000057
vertex 8.772614396409002 13.565515178319782 1.7730000000000057
vertex 9.479239066631884 13.565211820257238 1.7730000000000057
endloop
endfacet
facet normal 1.1015536019879426e-34 -8.430047170285747e-18 1.0
outer loop
vertex 9.479239066631884 13.565211820257238 1.7730000000000057
vertex 8.772614396409002 13.565515178319782 1.7730000000000057
vertex 9.762880947215661 12.042718638816211 1.7730000000000057
endloop
endfacet
facet normal 1.1015536019879426e-34 -8.430047170285747e-18 1.0
outer loop
vertex 9.479239066631884 13.565211820257238 1.7730000000000057
vertex 9.762880947215661 12.042718638816211 1.7730000000000057
vertex 10.496051881439417 12.053472390158433 1.7730000000000057
endloop
endfacet
facet normal 1.1015536019879426e-34 -8.430047170285747e-18 1.0
outer loop
vertex 10.496051881439417 12.053472390158433 1.7730000000000057
vertex 9.762880947215661 12.042718638816211 1.7730000000000057
vertex 10.853891768415787 10.585408743670817 1.7730000000000057
endloop
endfacet
facet normal 1.1015536019879426e-34 -8.430047170285747e-18 1.0
outer loop
vertex 10.496051881439417 12.053472390158433 1.7730000000000057
vertex 10.853891768415787 10.585408743670817 1.7730000000000057
vertex 11.612312586195168 10.605462536646073 1.7730000000000057
endloop
endfacet
facet normal 1.1015536019879426e-34 -8.430047170285747e-18 1.0
outer loop
vertex 11.612312586195168 10.605462536646073 1.7730000000000057
vertex 10.853891768415787 10.585408743670817 1.7730000000000057
vertex 12.091003679260563 9.110205720802648 1.7730000000000057
endloop
endfacet
facet normal 1.1015536019879426e-34 -8.430047170285747e-18 1.0
outer loop
vertex 11.612312586195168 10.605462536646073 1.7730000000000057
vertex 12.091003679260563 9.110205720802648 1.7730000000000057
vertex 12.939184371316653 9.075760901963847 1.7730000000000057
endloop
endfacet
facet normal 1.1015536019879426e-34 -8.430047170285747e-18 1.0
outer loop
vertex 12.939184371316653 9.075760901963847 1.7730000000000057
vertex 12.091003679260563 9.110205720802648 1.7730000000000057
vertex 13.61950464313548 7.534573230434842 1.7730000000000057
endloop
endfacet
facet normal 1.1015536019879426e-34 -8.430047170285747e-18 1.0
outer loop
vertex 12.939184371316653 9.075760901963847 1.7730000000000057
vertex 13.61950464313548 7.534573230434842 1.7730000000000057
vertex 14.507648489756038 7.535956295011498 1.7730000000000057
endloop
endfacet
facet normal 1.1015536019879426e-34 -8.430047170285747e-18 1.0
outer loop
vertex 14.507648489756038 7.535956295011498 1.7730000000000057
vertex 13.61950464313548 7.534573230434842 1.7730000000000057
vertex 15.278093428314836 6.095496071309419 1.7730000000000057
endloop
endfacet
facet normal 1.1015536019879426e-34 -8.430047170285747e-18 1.0
outer loop
vertex 14.507648489756038 7.535956295011498 1.7730000000000057
vertex 15.278093428314836 6.095496071309419 1.7730000000000057
vertex 16.207011760590063 6.141898363756409 1.7730000000000057
endloop
endfacet
facet normal 1.1015536019879426e-34 -8.430047170285747e-18 1.0
outer loop
vertex 16.207011760590063 6.141898363756409 1.7730000000000057
vertex 15.278093428314836 6.095496071309419 1.7730000000000057
vertex 17.05795369257102 4.811014046848995 1.7730000000000057
endloop
endfacet
facet normal 1.1015536019879426e-34 -8.430047170285747e-18 1.0
outer loop
vertex 16.207011760590063 6.141898363756409 1.7730000000000057
vertex 17.05795369257102 4.811014046848995 1.7730000000000057
vertex 18.027975671738307 4.9128753536916046 1.7730000000000057
endloop
endfacet
facet normal 1.1015536019879426e-34 -8.430047170285747e-18 1.0
outer loop
vertex 18.027975671738307 4.9128753536916046 1.7730000000000057
vertex 17.05795369257102 4.811014046848995 1.7730000000000057
vertex 19.09096404244754 3.6260597331752753 1.7730000000000057
endloop
endfacet
facet normal 1.1015536019879426e-34 -8.430047170285747e-18 1.0
outer loop
vertex 18.027975671738307 4.9128753536916046 1.7730000000000057
vertex 19.09096404244754 3.6260597331752753 1.7730000000000057
vertex 20.250579631308984 3.7326300751803014 1.7730000000000057
endloop
endfacet
facet normal 1.1015536019879426e-34 -8.430047170285747e-18 1.0
outer loop
vertex 20.250579631308984 3.7326300751803014 1.7730000000000057
vertex 19.09096404244754 3.6260597331752753 1.7730000000000057
vertex 21.509908844612706 2.558616597389607 1.7730000000000057
endloop
endfacet
facet normal 1.1015536019879426e-34 -8.430047170285747e-18 1.0
outer loop
vertex 20.250579631308984 3.7326300751803014 1.7730000000000057
vertex 21.509908844612706 2.558616597389607 1.7730000000000057
vertex 22.70285995219907 2.7872472000320285 1.7730000000000057
endloop
endfacet
facet normal 1.1015536019879426e-34 -8.430047170285747e-18 1.0
outer loop
vertex 22.70285995219907 2.7872472000320285 1.7730000000000057
vertex 21.509908844612706 2.558616597389607 1.7730000000000057
vertex 24.023662701057447 1.7968570157564976 1.7730000000000057
endloop
endfacet
facet normal 1.1015536019879426e-34 -8.430047170285747e-18 1.0
outer loop
vertex 22.70285995219907 2.7872472000320285 1.7730000000000057
vertex 24.023662701057447 1.7968570157564976 1.7730000000000057
vertex 25.247761790369758 2.155773807222479 1.7730000000000057
endloop
endfacet
facet normal 1.1015536019879426e-34 -8.430047170285747e-18 1.0
outer loop
vertex 25.247761790369758 2.155773807222479 1.7730000000000057
vertex 24.023662701057447 1.7968570157564976 1.7730000000000057
vertex 26.621653031803937 1.342606946818937 1.7730000000000057
endloop
endfacet
facet normal 1.1015536019879426e-34 -8.430047170285747e-18 1.0
outer loop
vertex 25.247761790369758 2.155773807222479 1.7730000000000057
vertex 26.621653031803937 1.342606946818937 1.7730000000000057
vertex 27.874667262354468 1.8399188401805089 1.7730000000000057
endloop
endfacet
facet normal 1.1015536019879426e-34 -8.430047170285747e-18 1.0
outer loop
vertex 27.874667262354468 1.8399188401805089 1.7730000000000057
vertex 26.621653031803937 1.342606946818937 1.7730000000000057
vertex 29.04299160153528 1.2031563458788221 1.7730000000000057
endloop
endfacet
facet normal 1.1015536019879426e-34 -8.430047170285747e-18 1.0
outer loop
vertex 27.874667262354468 1.8399188401805089 1.7730000000000057
vertex 29.04299160153528 1.2031563458788221 1.7730000000000057
vertex 30.02124209866244 1.8388868236879796 1.7730000000000057
endloop
endfacet
facet normal 1.1015536019879426e-34 -8.430047170285747e-18 1.0
outer loop
vertex 30.02124209866244 1.8388868236879796 1.7730000000000057
vertex 29.04299160153528 1.2031563458788221 1.7730000000000057
vertex 31.110869650903844 1.3296144853553176 1.7730000000000057
endloop
endfacet
facet normal 1.1015536019879426e-34 -8.430047170285747e-18 1.0
outer loop
vertex 30.02124209866244 1.8388868236879796 1.7730000000000057
vertex 31.110869650903844 1.3296144853553176 1.7730000000000057
vertex 32.072738598483326 2.075768823103139 1.7730000000000057
endloop
endfacet
facet normal 1.1015536019879426e-34 -8.430047170285747e-18 1.0
outer loop
vertex 32.072738598483326 2.075768823103139 1.7730000000000057
vertex 31.110869650903844 1.3296144853553176 1.7730000000000057
vertex 33.154560543520404 1.669799114470672 1.7730000000000057
endloop
endfacet
facet normal 1.1015536019879426e-34 -8.430047170285747e-18 1.0
outer loop
vertex 32.072738598483326 2.075768823103139 1.7730000000000057
vertex 33.154560543520404 1.669799114470672 1.7730000000000057
vertex 34.092554492152374 2.5168114679465083 1.7730000000000057
endloop
endfacet
facet normal 1.1015536019879426e-34 -8.430047170285747e-18 1.0
outer loop
vertex 34.092554492152374 2.5168114679465083 1.7730000000000057
vertex 33.154560543520404 1.669799114470672 1.7730000000000057
vertex 35.16080489841824 2.196051283242402 1.7730000000000057
endloop
endfacet
facet normal 1.1015536019879426e-34 -8.430047170285747e-18 1.0
outer loop
vertex 34.092554492152374 2.5168114679465083 1.7730000000000057
vertex 35.16080489841824 2.196051283242402 1.7730000000000057
vertex 36.07119610856461 3.133901300623107 1.7730000000000057
endloop
endfacet
facet normal 1.1015536019879426e-34 -8.430047170285747e-18 1.0
outer loop
vertex 36.07119610856461 3.133901300623107 1.7730000000000057
vertex 35.16080489841824 2.196051283242402 1.7730000000000057
vertex 37.160647642992764 2.8978916058025046 1.7730000000000057
endloop
endfacet
facet normal 1.1015536019879426e-34 -8.430047170285747e-18 1.0
outer loop
vertex 36.07119610856461 3.133901300623107 1.7730000000000057
vertex 37.160647642992764 2.8978916058025046 1.7730000000000057
vertex 38.10465158344475 3.946203288326429 1.7730000000000057
endloop
endfacet
facet normal 1.1015536019879426e-34 -8.430047170285747e-18 1.0
outer loop
vertex 38.10465158344475 3.946203288326429 1.7730000000000057
vertex 37.160647642992764 2.8978916058025046 1.7730000000000057
vertex 39.15465782161401 3.7640524552425045 1.7730000000000057
endloop
endfacet
facet normal 1.1015536019879426e-34 -8.430047170285747e-18 1.0
outer loop
vertex 38.10465158344475 3.946203288326429 1.7730000000000057
vertex 39.15465782161401 3.7640524552425045 1.7730000000000057
vertex 40.08190044524835 4.9011155611321415 1.7730000000000057
endloop
endfacet
facet normal 1.1015536019879426e-34 -8.430047170285747e-18 1.0
outer loop
vertex 40.08190044524835 4.9011155611321415 1.7730000000000057
vertex 39.15465782161401 3.7640524552425045 1.7730000000000057
vertex 41.09185674522882 4.758986508232328 1.7730000000000057
endloop
endfacet
facet normal 1.1015536019879426e-34 -8.430047170285747e-18 1.0
outer loop
vertex 40.08190044524835 4.9011155611321415 1.7730000000000057
vertex 41.09185674522882 4.758986508232328 1.7730000000000057
vertex 41.99681071123709 5.9757058556291005 1.7730000000000057
endloop
endfacet
facet normal 1.1015536019879426e-34 -8.430047170285747e-18 1.0
outer loop
vertex 41.99681071123709 5.9757058556291005 1.7730000000000057
vertex 41.09185674522882 4.758986508232328 1.7730000000000057
vertex 42.96666160487481 5.861490180519695 1.7730000000000057
endloop
endfacet
facet normal 1.1015536019879426e-34 -8.430047170285747e-18 1.0
outer loop
vertex 41.99681071123709 5.9757058556291005 1.7730000000000057
vertex 42.96666160487481 5.861490180519695 1.7730000000000057
vertex 43.981709746366484 7.2400942555862065 1.7730000000000057
endloop
endfacet
facet normal 1.1015536019879426e-34 -8.430047170285747e-18 1.0
outer loop
vertex 43.981709746366484 7.2400942555862065 1.7730000000000057
vertex 42.96666160487481 5.861490180519695 1.7730000000000057
vertex 45.11569059662016 7.2893049560785 1.7730000000000057
endloop
endfacet
facet normal 1.1015536019879426e-34 -8.430047170285747e-18 1.0
outer loop
vertex 43.981709746366484 7.2400942555862065 1.7730000000000057
vertex 45.11569059662016 7.2893049560785 1.7730000000000057
vertex 46.38358960242922 8.971628961302752 1.7730000000000057
endloop
endfacet
facet normal 1.1015536019879426e-34 -8.430047170285747e-18 1.0
outer loop
vertex 46.38358960242922 8.971628961302752 1.7730000000000057
vertex 45.11569059662016 7.2893049560785 1.7730000000000057
vertex 47.45523607631561 9.043500326018565 1.7730000000000057
endloop
endfacet
facet normal 1.1015536019879426e-34 -8.430047170285747e-18 1.0
outer loop
vertex 46.38358960242922 8.971628961302752 1.7730000000000057
vertex 47.45523607631561 9.043500326018565 1.7730000000000057
vertex 48.68832508741499 10.848824714327606 1.7730000000000057
endloop
endfacet
facet normal 1.1015536019879426e-34 -8.430047170285747e-18 1.0
outer loop
vertex 48.68832508741499 10.848824714327606 1.7730000000000057
vertex 47.45523607631561 9.043500326018565 1.7730000000000057
vertex 49.69761614511278 10.930553447999861 1.7730000000000057
endloop
endfacet
facet normal 1.1015536019879426e-34 -8.430047170285747e-18 1.0
outer loop
vertex 48.68832508741499 10.848824714327606 1.7730000000000057
vertex 49.69761614511278 10.930553447999861 1.7730000000000057
vertex 50.88286055089591 12.847304230639045 1.7730000000000057
endloop
endfacet
facet normal 1.1015536019879426e-34 -8.430047170285747e-18 1.0
outer loop
vertex 50.88286055089591 12.847304230639045 1.7730000000000057
vertex 49.69761614511278 10.930553447999861 1.7730000000000057
vertex 51.830711310730536 12.927876689121302 1.7730000000000057
endloop
endfacet
facet normal 1.1015536019879426e-34 -8.430047170285747e-18 1.0
outer loop
vertex 50.88286055089591 12.847304230639045 1.7730000000000057
vertex 51.830711310730536 12.927876689121302 1.7730000000000057
vertex 52.50832333328368 14.4732755460967 1.7730000000000057
endloop
endfacet
facet normal 1.1015536019879426e-34 -8.430047170285747e-18 1.0
outer loop
vertex 52.50832333328368 14.4732755460967 1.7730000000000057
vertex 51.830711310730536 12.927876689121302 1.7730000000000057
vertex 53.14343196064957 14.264732872595685 1.7730000000000057
endloop
endfacet
facet normal 1.1015536019879426e-34 -8.430047170285747e-18 1.0
outer loop
vertex 52.50832333328368 14.4732755460967 1.7730000000000057
vertex 53.14343196064957 14.264732872595685 1.7730000000000057
vertex 53.38624950478601 15.40985888042815 1.7730000000000057
endloop
endfacet
facet normal 1.1015536019879426e-34 -8.430047170285747e-18 1.0
outer loop
vertex 53.38624950478601 15.40985888042815 1.7730000000000057
vertex 53.14343196064957 14.264732872595685 1.7730000000000057
vertex 54.00490129108191 15.193095597062987 1.7730000000000057
endloop
endfacet
facet normal 1.1015536019879426e-34 -8.430047170285747e-18 1.0
outer loop
vertex 53.38624950478601 15.40985888042815 1.7730000000000057
vertex 54.00490129108191 15.193095597062987 1.7730000000000057
vertex 54.24105055472161 16.368391708909588 1.7730000000000057
endloop
endfacet
facet normal 1.1015536019879426e-34 -8.430047170285747e-18 1.0
outer loop
vertex 54.24105055472161 16.368391708909588 1.7730000000000057
vertex 54.00490129108191 15.193095597062987 1.7730000000000057
vertex 54.843526014943194 16.142596735555454 1.7730000000000057
endloop
endfacet
facet normal 1.1015536019879426e-34 -8.430047170285747e-18 1.0
outer loop
vertex 54.24105055472161 16.368391708909588 1.7730000000000057
vertex 54.843526014943194 16.142596735555454 1.7730000000000057
vertex 55.06968561987667 17.348823801715238 1.7730000000000057
endloop
endfacet
facet normal 1.1015536019879426e-34 -8.430047170285747e-18 1.0
outer loop
vertex 55.06968561987667 17.348823801715238 1.7730000000000057
vertex 54.843526014943194 16.142596735555454 1.7730000000000057
vertex 55.65646819257119 17.11317819270437 1.7730000000000057
endloop
endfacet
facet normal 1.1015536019879426e-34 -8.430047170285747e-18 1.0
outer loop
vertex 55.06968561987667 17.348823801715238 1.7730000000000057
vertex 55.65646819257119 17.11317819270437 1.7730000000000057
vertex 55.78045046505134 18.236701113692494 1.7730000000000057
endloop
endfacet
facet normal 1.1015536019879426e-34 -8.430047170285747e-18 1.0
outer loop
vertex 55.78045046505134 18.236701113692494 1.7730000000000057
vertex 55.65646819257119 17.11317819270437 1.7730000000000057
vertex 56.33611111983383 17.968542187681646 1.7730000000000057
endloop
endfacet
facet normal 1.1015536019879426e-34 -8.430047170285747e-18 1.0
outer loop
vertex 55.78045046505134 18.236701113692494 1.7730000000000057
vertex 56.33611111983383 17.968542187681646 1.7730000000000057
vertex 56.402661250534564 19.057711172592626 1.7730000000000057
endloop
endfacet
facet normal 1.1015536019879426e-34 -8.430047170285747e-18 1.0
outer loop
vertex 56.402661250534564 19.057711172592626 1.7730000000000057
vertex 56.33611111983383 17.968542187681646 1.7730000000000057
vertex 56.952156028944906 18.786927483918237 1.7730000000000057
endloop
endfacet
facet normal 1.1015536019879426e-34 -8.430047170285747e-18 1.0
outer loop
vertex 56.402661250534564 19.057711172592626 1.7730000000000057
vertex 56.952156028944906 18.786927483918237 1.7730000000000057
vertex 56.99958343066851 19.898601218272997 1.7730000000000057
endloop
endfacet
facet normal 1.1015536019879426e-34 -8.430047170285747e-18 1.0
outer loop
vertex 56.99958343066851 19.898601218272997 1.7730000000000057
vertex 56.952156028944906 18.786927483918237 1.7730000000000057
vertex 57.54304134074443 19.62482543763519 1.7730000000000057
endloop
endfacet
facet normal 1.1015536019879426e-34 -8.430047170285747e-18 1.0
outer loop
vertex 56.99958343066851 19.898601218272997 1.7730000000000057
vertex 57.54304134074443 19.62482543763519 1.7730000000000057
vertex 57.562094359668464 20.758127280139668 1.7730000000000057
endloop
endfacet
facet normal 1.1015536019879426e-34 -8.430047170285747e-18 1.0
outer loop
vertex 57.562094359668464 20.758127280139668 1.7730000000000057
vertex 57.54304134074443 19.62482543763519 1.7730000000000057
vertex 58.10048571225419 20.481387026572236 1.7730000000000057
endloop
endfacet
facet normal 1.1015536019879426e-34 -8.430047170285747e-18 1.0
outer loop
vertex 57.562094359668464 20.758127280139668 1.7730000000000057
vertex 58.10048571225419 20.481387026572236 1.7730000000000057
vertex 57.770694133155814 21.1005103849879 1.7730000000000057
endloop
endfacet
facet normal 1.1015536019879426e-34 -8.430047170285747e-18 1.0
outer loop
vertex 57.770694133155814 21.1005103849879 1.7730000000000057
vertex 58.10048571225419 20.481387026572236 1.7730000000000057
vertex 58.00609211115254 21.495704357048155 1.7730000000000057
endloop
endfacet
facet normal 1.1015536019879426e-34 -8.430047170285747e-18 1.0
outer loop
vertex 58.00609211115254 21.495704357048155 1.7730000000000057
vertex 58.10048571225419 20.481387026572236 1.7730000000000057
vertex 58.26771408422492 21.93492404617446 1.7730000000000057
endloop
endfacet
facet normal 1.1015536019879426e-34 -8.430047170285747e-18 1.0
outer loop
vertex 58.26771408422492 21.93492404617446 1.7730000000000057
vertex 58.10048571225419 20.481387026572236 1.7730000000000057
vertex 58.220341929895824 20.67643612691511 1.7730000000000057
endloop
endfacet
facet normal 1.1015536019879426e-34 -8.430047170285747e-18 1.0
outer loop
vertex 58.26771408422492 21.93492404617446 1.7730000000000057
vertex 58.220341929895824 20.67643612691511 1.7730000000000057
vertex 58.307150849309345 20.82217970998064 1.7730000000000057
endloop
endfacet
facet normal 1.1015536019879426e-34 -8.430047170285747e-18 1.0
outer loop
vertex 58.26771408422492 21.93492404617446 1.7730000000000057
vertex 58.307150849309345 20.82217970998064 1.7730000000000057
vertex 58.404772271434894 22.165021899468734 1.7730000000000057
endloop
endfacet
facet normal 1.1015536019879426e-34 -8.430047170285747e-18 1.0
outer loop
vertex 58.404772271434894 22.165021899468734 1.7730000000000057
vertex 58.307150849309345 20.82217970998064 1.7730000000000057
vertex 58.54899721474527 21.22820665280162 1.7730000000000057
endloop
endfacet
facet normal 1.1015536019879426e-34 -8.430047170285747e-18 1.0
outer loop
vertex 58.404772271434894 22.165021899468734 1.7730000000000057
vertex 58.54899721474527 21.22820665280162 1.7730000000000057
vertex 58.53136449933684 23.168296080865446 1.7730000000000057
endloop
endfacet
facet normal 1.1015536019879426e-34 -8.430047170285747e-18 1.0
outer loop
vertex 58.53136449933684 23.168296080865446 1.7730000000000057
vertex 58.54899721474527 21.22820665280162 1.7730000000000057
vertex 58.934839930463276 23.835731437566746 1.7730000000000057
endloop
endfacet
facet normal 1.1015536019879426e-34 -8.430047170285747e-18 1.0
outer loop
vertex 58.934839930463276 23.835731437566746 1.7730000000000057
vertex 58.54899721474527 21.22820665280162 1.7730000000000057
vertex 58.80666706194443 21.66079905553172 1.7730000000000057
endloop
endfacet
facet normal 1.1015536019879426e-34 -8.430047170285747e-18 1.0
outer loop
vertex 58.934839930463276 23.835731437566746 1.7730000000000057
vertex 58.80666706194443 21.66079905553172 1.7730000000000057
vertex 58.937748375731836 21.880866638528527 1.7730000000000057
endloop
endfacet
facet normal 1.1015536019879426e-34 -8.430047170285747e-18 1.0
outer loop
vertex 58.934839930463276 23.835731437566746 1.7730000000000057
vertex 58.937748375731836 21.880866638528527 1.7730000000000057
vertex 59.44734827226837 24.607180782567273 1.7730000000000057
endloop
endfacet
facet normal 1.1015536019879426e-34 -8.430047170285747e-18 1.0
outer loop
vertex 59.44734827226837 24.607180782567273 1.7730000000000057
vertex 58.937748375731836 21.880866638528527 1.7730000000000057
vertex 58.95904294414443 21.923464946977123 1.7730000000000057
endloop
endfacet
facet normal 1.1015536019879426e-34 -8.430047170285747e-18 1.0
outer loop
vertex 59.44734827226837 24.607180782567273 1.7730000000000057
vertex 58.95904294414443 21.923464946977123 1.7730000000000057
vertex 58.97310914662365 21.968001592698027 1.7730000000000057
endloop
endfacet
facet normal 1.1015536019879426e-34 -8.430047170285747e-18 1.0
outer loop
vertex 59.44734827226837 24.607180782567273 1.7730000000000057
vertex 58.97310914662365 21.968001592698027 1.7730000000000057
vertex 59.15896337851267 21.937881760337525 1.7730000000000057
endloop
endfacet
facet normal 1.1015536019879426e-34 -8.430047170285747e-18 1.0
outer loop
vertex 59.44734827226837 24.607180782567273 1.7730000000000057
vertex 59.15896337851267 21.937881760337525 1.7730000000000057
vertex 59.36749448652483 21.910126501760146 1.7730000000000057
endloop
endfacet
facet normal 1.1015536019879426e-34 -8.430047170285747e-18 1.0
outer loop
vertex 59.44734827226837 24.607180782567273 1.7730000000000057
vertex 59.36749448652483 21.910126501760146 1.7730000000000057
vertex 59.598981619288935 21.883584331604442 1.7730000000000057
endloop
endfacet
facet normal 1.1015536019879426e-34 -8.430047170285747e-18 1.0
outer loop
vertex 59.44734827226837 24.607180782567273 1.7730000000000057
vertex 59.598981619288935 21.883584331604442 1.7730000000000057
vertex 59.79534497862669 25.166947543176885 1.7730000000000057
endloop
endfacet
facet normal 1.1015536019879426e-34 -8.430047170285747e-18 1.0
outer loop
vertex 59.79534497862669 25.166947543176885 1.7730000000000057
vertex 59.598981619288935 21.883584331604442 1.7730000000000057
vertex 59.85370392543417 21.857103764508807 1.7730000000000057
endloop
endfacet
facet normal 1.1015536019879426e-34 -8.430047170285747e-18 1.0
outer loop
vertex 59.79534497862669 25.166947543176885 1.7730000000000057
vertex 59.85370392543417 21.857103764508807 1.7730000000000057
vertex 60.059250201894955 25.80226991302462 1.7730000000000057
endloop
endfacet
facet normal 1.1015536019879426e-34 -8.430047170285747e-18 1.0
outer loop
vertex 60.059250201894955 25.80226991302462 1.7730000000000057
vertex 59.85370392543417 21.857103764508807 1.7730000000000057
vertex 60.13194055358944 21.82953331511153 1.7730000000000057
endloop
endfacet
facet normal 1.1015536019879426e-34 -8.430047170285747e-18 1.0
outer loop
vertex 60.059250201894955 25.80226991302462 1.7730000000000057
vertex 60.13194055358944 21.82953331511153 1.7730000000000057
vertex 60.3098573007971 26.63117922287044 1.7730000000000057
endloop
endfacet
facet normal 1.1015536019879426e-34 -8.430047170285747e-18 1.0
outer loop
vertex 60.3098573007971 26.63117922287044 1.7730000000000057
vertex 60.13194055358944 21.82953331511153 1.7730000000000057
vertex 60.433970652383785 21.79972149805118 1.7730000000000057
endloop
endfacet
facet normal 1.1015536019879426e-34 -8.430047170285747e-18 1.0
outer loop
vertex 60.3098573007971 26.63117922287044 1.7730000000000057
vertex 60.433970652383785 21.79972149805118 1.7730000000000057
vertex 60.63448761850543 27.38303573920248 1.7730000000000057
endloop
endfacet
facet normal 1.1015536019879426e-34 -8.430047170285747e-18 1.0
outer loop
vertex 60.63448761850543 27.38303573920248 1.7730000000000057
vertex 60.433970652383785 21.79972149805118 1.7730000000000057
vertex 60.760073370446406 21.766516827966118 1.7730000000000057
endloop
endfacet
facet normal 1.1015536019879426e-34 -8.430047170285747e-18 1.0
outer loop
vertex 60.63448761850543 27.38303573920248 1.7730000000000057
vertex 60.760073370446406 21.766516827966118 1.7730000000000057
vertex 61.020511539542575 28.268581000748156 1.7730000000000057
endloop
endfacet
facet normal 1.1015536019879426e-34 -8.430047170285747e-18 1.0
outer loop
vertex 61.020511539542575 28.268581000748156 1.7730000000000057
vertex 60.760073370446406 21.766516827966118 1.7730000000000057
vertex 61.060092073463466 21.743378843317483 1.7730000000000057
endloop
endfacet
facet normal 1.1015536019879426e-34 -8.430047170285747e-18 1.0
outer loop
vertex 61.020511539542575 28.268581000748156 1.7730000000000057
vertex 61.060092073463466 21.743378843317483 1.7730000000000057
vertex 61.3695903057376 29.030043305126693 1.7730000000000057
endloop
endfacet
facet normal 1.1015536019879426e-34 -8.430047170285747e-18 1.0
outer loop
vertex 61.3695903057376 29.030043305126693 1.7730000000000057
vertex 61.060092073463466 21.743378843317483 1.7730000000000057
vertex 61.207404829097264 22.165564618246577 1.7730000000000057
endloop
endfacet
facet normal 1.1015536019879426e-34 -8.430047170285747e-18 1.0
outer loop
vertex 61.3695903057376 29.030043305126693 1.7730000000000057
vertex 61.207404829097264 22.165564618246577 1.7730000000000057
vertex 61.4723301511055 22.924817962528966 1.7730000000000057
endloop
endfacet
facet normal 1.1015536019879426e-34 -8.430047170285747e-18 1.0
outer loop
vertex 61.3695903057376 29.030043305126693 1.7730000000000057
vertex 61.4723301511055 22.924817962528966 1.7730000000000057
vertex 61.99018632038132 30.336441920044905 1.7730000000000057
endloop
endfacet
facet normal 1.1015536019879426e-34 -8.430047170285747e-18 1.0
outer loop
vertex 61.99018632038132 30.336441920044905 1.7730000000000057
vertex 61.4723301511055 22.924817962528966 1.7730000000000057
vertex 61.72320893162821 24.239655709091984 1.7730000000000057
endloop
endfacet
facet normal 1.1015536019879426e-34 -8.430047170285747e-18 1.0
outer loop
vertex 61.72320893162821 24.239655709091984 1.7730000000000057
vertex 61.4723301511055 22.924817962528966 1.7730000000000057
vertex 61.710525250504055 23.607464771973607 1.7730000000000057
endloop
endfacet
facet normal 1.1015536019879426e-34 -8.430047170285747e-18 1.0
outer loop
vertex 61.99018632038132 30.336441920044905 1.7730000000000057
vertex 61.72320893162821 24.239655709091984 1.7730000000000057
vertex 62.13692090500912 26.75553626715602 1.7730000000000057
endloop
endfacet
facet normal 1.1015536019879426e-34 -8.430047170285747e-18 1.0
outer loop
vertex 61.99018632038132 30.336441920044905 1.7730000000000057
vertex 62.13692090500912 26.75553626715602 1.7730000000000057
vertex 62.3498091528103 31.220396352377893 1.7730000000000057
endloop
endfacet
facet normal 1.1015536019879426e-34 -8.430047170285747e-18 1.0
outer loop
vertex 62.3498091528103 31.220396352377893 1.7730000000000057
vertex 62.13692090500912 26.75553626715602 1.7730000000000057
vertex 63.15956423201092 30.086175483227127 1.7730000000000057
endloop
endfacet
facet normal 1.1015536019879426e-34 -8.430047170285747e-18 1.0
outer loop
vertex 62.3498091528103 31.220396352377893 1.7730000000000057
vertex 63.15956423201092 30.086175483227127 1.7730000000000057
vertex 62.629187647335876 32.13289384653429 1.7730000000000057
endloop
endfacet
facet normal 1.1015536019879426e-34 -8.430047170285747e-18 1.0
outer loop
vertex 62.629187647335876 32.13289384653429 1.7730000000000057
vertex 63.15956423201092 30.086175483227127 1.7730000000000057
vertex 62.82609652276706 33.066666257147105 1.7730000000000057
endloop
endfacet
facet normal 1.1015536019879426e-34 -8.430047170285747e-18 1.0
outer loop
vertex 62.82609652276706 33.066666257147105 1.7730000000000057
vertex 63.15956423201092 30.086175483227127 1.7730000000000057
vertex 62.93896737772198 34.014275981741974 1.7730000000000057
endloop
endfacet
facet normal 1.1015536019879426e-34 -8.430047170285747e-18 1.0
outer loop
vertex 62.93896737772198 34.014275981741974 1.7730000000000057
vertex 63.15956423201092 30.086175483227127 1.7730000000000057
vertex 63.075970163653636 38.55841457272399 1.7730000000000057
endloop
endfacet
facet normal 1.1015536019879426e-34 -8.430047170285747e-18 1.0
outer loop
vertex 58.404772271434894 22.165021899468734 1.7730000000000057
vertex 58.31422032643241 22.697915381984938 1.7730000000000057
vertex 58.27666875922416 22.369675116400824 1.7730000000000057
endloop
endfacet
facet normal 1.1015536019879426e-34 -8.430047170285747e-18 1.0
outer loop
vertex 58.31422032643241 22.697915381984938 1.7730000000000057
vertex 58.404772271434894 22.165021899468734 1.7730000000000057
vertex 58.53136449933684 23.168296080865446 1.7730000000000057
endloop
endfacet
facet normal -0.21063694054681906 -0.9775643606827511 -8.240913672545821e-18
outer loop
vertex 73.45840938544937 42.56455308314205 1.7730000000000057
vertex 71.659226739636 42.80869666283582 5.639932965095795e-15
vertex 73.45840938544937 42.56455308314205 5.639932965095795e-15
endloop
endfacet
facet normal -0.06738546333740678 -0.9977270164382656 -8.410885811643042e-18
outer loop
vertex 71.659226739636 42.80869666283582 5.639932965095795e-15
vertex 73.45840938544937 42.56455308314205 1.7730000000000057
vertex 71.659226739636 42.80869666283582 1.7730000000000057
endloop
endfacet
facet normal -0.3959353196836639 -0.9182784014812692 -7.741130239941691e-18
outer loop
vertex 75.03072429107151 42.09607361558869 1.7730000000000057
vertex 73.45840938544937 42.56455308314205 5.639932965095795e-15
vertex 75.03072429107151 42.09607361558869 5.639932965095795e-15
endloop
endfacet
facet normal -0.21063694054681906 -0.9775643606827511 -8.240913672545821e-18
outer loop
vertex 73.45840938544937 42.56455308314205 5.639932965095795e-15
vertex 75.03072429107151 42.09607361558869 1.7730000000000057
vertex 73.45840938544937 42.56455308314205 1.7730000000000057
endloop
endfacet
facet normal -0.500860391904101 -0.8655280860963844 -7.296442592999663e-18
outer loop
vertex 76.22241906047407 41.406468369010284 1.7730000000000057
vertex 75.03072429107151 42.09607361558869 5.639932965095795e-15
vertex 76.22241906047407 41.406468369010284 5.639932965095795e-15
endloop
endfacet
facet normal -0.3959353196836639 -0.9182784014812692 -7.741130239941691e-18
outer loop
vertex 75.03072429107151 42.09607361558869 5.639932965095795e-15
vertex 76.22241906047407 41.406468369010284 1.7730000000000057
vertex 75.03072429107151 42.09607361558869 1.7730000000000057
endloop
endfacet
facet normal -0.8299788166407457 -0.5577949120668164 -4.702237420068653e-18
outer loop
vertex 76.22241906047407 41.406468369010284 1.7730000000000057
vertex 76.84336586454164 40.48252180283019 5.639932965095795e-15
vertex 76.84336586454164 40.48252180283019 1.7730000000000057
endloop
endfacet
facet normal -0.8299788166407457 -0.5577949120668164 -4.702237420068653e-18
outer loop
vertex 76.84336586454164 40.48252180283019 5.639932965095795e-15
vertex 76.22241906047407 41.406468369010284 1.7730000000000057
vertex 76.22241906047407 41.406468369010284 5.639932965095795e-15
endloop
endfacet
facet normal -0.9919263008819041 -0.12681566787563062 -1.0690620621228568e-18
outer loop
vertex 76.84336586454164 40.48252180283019 1.7730000000000057
vertex 76.96485188375081 39.53228292729 5.639932965095795e-15
vertex 76.96485188375081 39.53228292729 1.7730000000000057
endloop
endfacet
facet normal -0.9970795235610506 -0.07637030637144508 -6.438052851204559e-19
outer loop
vertex 76.96485188375081 39.53228292729 5.639932965095795e-15
vertex 76.84336586454164 40.48252180283019 1.7730000000000057
vertex 76.84336586454164 40.48252180283019 5.639932965095795e-15
endloop
endfacet
facet normal -0.9970795235610506 -0.07637030637144508 -6.438052851204559e-19
outer loop
vertex 76.96485188375081 39.53228292729 1.7730000000000057
vertex 76.98890130973402 38.59785631711532 5.639932965095795e-15
vertex 76.98890130973402 38.59785631711532 1.7730000000000057
endloop
endfacet
facet normal -0.984903872092027 -0.17310217427326643 -1.45925949440266e-18
outer loop
vertex 76.98890130973402 38.59785631711532 5.639932965095795e-15
vertex 76.96485188375081 39.53228292729 1.7730000000000057
vertex 76.96485188375081 39.53228292729 5.639932965095795e-15
endloop
endfacet
facet normal -0.984903872092027 -0.17310217427326643 -1.45925949440266e-18
outer loop
vertex 76.98890130973402 38.59785631711532 1.7730000000000057
vertex 77.30699604898824 37.64508116381593 5.639932965095795e-15
vertex 77.30699604898824 37.64508116381593 1.7730000000000057
endloop
endfacet
facet normal -0.894717351597398 -0.44663280303907216 -3.765135597416321e-18
outer loop
vertex 77.30699604898824 37.64508116381593 5.639932965095795e-15
vertex 76.98890130973402 38.59785631711532 1.7730000000000057
vertex 76.98890130973402 38.59785631711532 5.639932965095795e-15
endloop
endfacet
facet normal -0.06738546333740678 -0.9977270164382656 -8.410885811643042e-18
outer loop
vertex 71.659226739636 42.80869666283582 1.7730000000000057
vertex 70.26086407578529 42.80869666283582 5.639932965095795e-15
vertex 71.659226739636 42.80869666283582 5.639932965095795e-15
endloop
endfacet
facet normal 0.06738546333740678 -0.9977270164382656 -8.410885811643042e-18
outer loop
vertex 70.26086407578529 42.80869666283582 5.639932965095795e-15
vertex 71.659226739636 42.80869666283582 1.7730000000000057
vertex 70.26086407578529 42.80869666283582 1.7730000000000057
endloop
endfacet
facet normal -0.774842952879166 -0.6321537774730881 -5.329086162972452e-18
outer loop
vertex 86.26362262285011 17.11317819270436 1.7730000000000057
vertex 87.07656480047811 16.142596735555443 5.639932965095795e-15
vertex 87.07656480047811 16.142596735555443 1.7730000000000057
endloop
endfacet
facet normal -0.7581300277185421 -0.6521034128659983 -5.4972625303646874e-18
outer loop
vertex 87.07656480047811 16.142596735555443 5.639932965095795e-15
vertex 86.26362262285011 17.11317819270436 1.7730000000000057
vertex 86.26362262285011 17.11317819270436 5.639932965095795e-15
endloop
endfacet
facet normal -0.9966140782406074 -0.08222152426599995 -6.931313279751736e-19
outer loop
vertex 77.62027656068307 36.81322453185932 1.7730000000000057
vertex 77.72721891203943 35.37616611132416 5.639932965095795e-15
vertex 77.72721891203943 35.37616611132416 1.7730000000000057
endloop
endfacet
facet normal -0.9950135453910984 -0.09973988413988057 -8.408119280580282e-19
outer loop
vertex 77.72721891203943 35.37616611132416 5.639932965095795e-15
vertex 77.62027656068307 36.81322453185932 1.7730000000000057
vertex 77.62027656068307 36.81322453185932 5.639932965095795e-15
endloop
endfacet
facet normal -0.9950135453910984 -0.09973988413988057 -8.408119280580282e-19
outer loop
vertex 77.72721891203943 35.37616611132416 1.7730000000000057
vertex 77.92445609092694 33.81320978604496 5.639932965095795e-15
vertex 77.92445609092694 33.81320978604496 1.7730000000000057
endloop
endfacet
facet normal -0.9864397651012364 -0.1641237028189947 -1.383570556526085e-18
outer loop
vertex 77.92445609092694 33.81320978604496 5.639932965095795e-15
vertex 77.72721891203943 35.37616611132416 1.7730000000000057
vertex 77.72721891203943 35.37616611132416 5.639932965095795e-15
endloop
endfacet
facet normal 0.10865869408926011 -0.9940791156637466 -8.380133836041325e-18
outer loop
vertex 82.32110919613237 21.883584331604435 1.7730000000000057
vertex 82.06638688998713 21.857103764508803 5.639932965095795e-15
vertex 82.32110919613237 21.883584331604435 5.639932965095795e-15
endloop
endfacet
facet normal 0.10100446303505442 -0.9948859725853011 -8.3869356779497e-18
outer loop
vertex 82.06638688998713 21.857103764508803 5.639932965095795e-15
vertex 82.32110919613237 21.883584331604435 1.7730000000000057
vertex 82.06638688998713 21.857103764508803 1.7730000000000057
endloop
endfacet
facet normal -0.8591406414208497 -0.5117395414260766 -4.313988473122223e-18
outer loop
vertex 83.11342375347687 21.66079905553171 1.7730000000000057
vertex 83.37109360067603 21.228206652801617 5.639932965095795e-15
vertex 83.37109360067603 21.228206652801617 1.7730000000000057
endloop
endfacet
facet normal -0.8591406414208497 -0.5117395414260766 -4.313988473122223e-18
outer loop
vertex 83.37109360067603 21.228206652801617 5.639932965095795e-15
vertex 83.11342375347687 21.66079905553171 1.7730000000000057
vertex 83.11342375347687 21.66079905553171 5.639932965095795e-15
endloop
endfacet
facet normal -0.8081835738354756 -0.5889306504016568 -4.964713162913032e-18
outer loop
vertex 84.96793478647639 18.786927483918227 1.7730000000000057
vertex 85.58397969558746 17.96854218768164 5.639932965095795e-15
vertex 85.58397969558746 17.96854218768164 1.7730000000000057
endloop
endfacet
facet normal -0.791008440485674 -0.6118052362316148 -5.157547000460327e-18
outer loop
vertex 85.58397969558746 17.96854218768164 5.639932965095795e-15
vertex 84.96793478647639 18.786927483918227 1.7730000000000057
vertex 84.96793478647639 18.786927483918227 5.639932965095795e-15
endloop
endfacet
facet normal -0.9959213699308804 -0.09022541169204282 -7.606044765223719e-19
outer loop
vertex 77.60999435691471 36.92672100996731 1.7730000000000057
vertex 77.62027656068307 36.81322453185932 5.639932965095795e-15
vertex 77.62027656068307 36.81322453185932 1.7730000000000057
endloop
endfacet
facet normal -0.9966140782406074 -0.08222152426599995 -6.931313279751736e-19
outer loop
vertex 77.62027656068307 36.81322453185932 5.639932965095795e-15
vertex 77.60999435691471 36.92672100996731 1.7730000000000057
vertex 77.60999435691471 36.92672100996731 5.639932965095795e-15
endloop
endfacet
facet normal -0.9441732984272792 -0.3294492108610249 -2.7772723877718553e-18
outer loop
vertex 80.4477606643158 22.924817962528962 1.7730000000000057
vertex 80.71268598632403 22.16556461824657 5.639932965095795e-15
vertex 80.71268598632403 22.16556461824657 1.7730000000000057
endloop
endfacet
facet normal -0.9441732984272792 -0.3294492108610249 -2.7772723877718553e-18
outer loop
vertex 80.71268598632403 22.16556461824657 5.639932965095795e-15
vertex 80.4477606643158 22.924817962528962 1.7730000000000057
vertex 80.4477606643158 22.924817962528962 5.639932965095795e-15
endloop
endfacet
facet normal -0.9959213699308925 -0.09022541169190854 -7.606044765212401e-19
outer loop
vertex 77.59402063969559 37.10304125098844 1.7730000000000057
vertex 77.60999435691471 36.92672100996731 5.639932965095795e-15
vertex 77.60999435691471 36.92672100996731 1.7730000000000057
endloop
endfacet
facet normal -0.9959213699308925 -0.09022541169190854 -7.606044765212401e-19
outer loop
vertex 77.60999435691471 36.92672100996731 5.639932965095795e-15
vertex 77.59402063969559 37.10304125098844 1.7730000000000057
vertex 77.59402063969559 37.10304125098844 5.639932965095795e-15
endloop
endfacet
facet normal 0.09976332459794943 -0.995011195447149 -8.387991312581877e-18
outer loop
vertex 81.48612016303751 21.799721498051177 1.7730000000000057
vertex 81.1600174449749 21.76651682796611 5.639932965095795e-15
vertex 81.48612016303751 21.799721498051177 5.639932965095795e-15
endloop
endfacet
facet normal 0.08910290447100634 -0.9960224256585948 -8.396516030964382e-18
outer loop
vertex 81.1600174449749 21.76651682796611 5.639932965095795e-15
vertex 81.48612016303751 21.799721498051177 1.7730000000000057
vertex 81.1600174449749 21.76651682796611 1.7730000000000057
endloop
endfacet
facet normal 0.10100446303505442 -0.9948859725853011 -8.3869356779497e-18
outer loop
vertex 82.06638688998713 21.857103764508803 1.7730000000000057
vertex 81.78815026183186 21.829533315111522 5.639932965095795e-15
vertex 82.06638688998713 21.857103764508803 5.639932965095795e-15
endloop
endfacet
facet normal 0.09841723519675755 -0.9951452395586416 -8.389121310764657e-18
outer loop
vertex 81.78815026183186 21.829533315111522 5.639932965095795e-15
vertex 82.06638688998713 21.857103764508803 1.7730000000000057
vertex 81.78815026183186 21.829533315111522 1.7730000000000057
endloop
endfacet
facet normal -0.9535703767030658 -0.30117027853753 -2.5388796543594748e-18
outer loop
vertex 82.94698166879765 21.96800159269802 1.7730000000000057
vertex 82.96104787127688 21.923464946977116 5.639932965095795e-15
vertex 82.96104787127688 21.923464946977116 1.7730000000000057
endloop
endfacet
facet normal -0.9268958291021039 -0.37531869390309325 -3.1639542934931133e-18
outer loop
vertex 82.96104787127688 21.923464946977116 5.639932965095795e-15
vertex 82.94698166879765 21.96800159269802 1.7730000000000057
vertex 82.94698166879765 21.96800159269802 5.639932965095795e-15
endloop
endfacet
facet normal -0.8773979656754783 -0.47976328520274675 -4.044427124830408e-18
outer loop
vertex 82.98234243968946 21.88086663852852 1.7730000000000057
vertex 83.11342375347687 21.66079905553171 5.639932965095795e-15
vertex 83.11342375347687 21.66079905553171 1.7730000000000057
endloop
endfacet
facet normal -0.8591406414207248 -0.511739541426286 -4.313988473123988e-18
outer loop
vertex 83.11342375347687 21.66079905553171 5.639932965095795e-15
vertex 82.98234243968946 21.88086663852852 1.7730000000000057
vertex 82.98234243968946 21.88086663852852 5.639932965095795e-15
endloop
endfacet
facet normal -0.855591947509179 -0.517650866277118 -4.363821220455383e-18
outer loop
vertex 83.69974888552547 20.676436126915103 1.7730000000000057
vertex 83.8196051031671 20.48138702657223 5.639932965095795e-15
vertex 83.8196051031671 20.48138702657223 1.7730000000000057
endloop
endfacet
facet normal -0.8451395656660974 -0.5345457085654326 -4.5062455378804136e-18
outer loop
vertex 83.8196051031671 20.48138702657223 5.639932965095795e-15
vertex 83.69974888552547 20.676436126915103 1.7730000000000057
vertex 83.69974888552547 20.676436126915103 5.639932965095795e-15
endloop
endfacet
facet normal 0.09841723519675755 -0.9951452395586416 -8.389121310764657e-18
outer loop
vertex 81.78815026183186 21.829533315111522 1.7730000000000057
vertex 81.48612016303751 21.799721498051177 5.639932965095795e-15
vertex 81.78815026183186 21.829533315111522 5.639932965095795e-15
endloop
endfacet
facet normal 0.09976332459794943 -0.995011195447149 -8.387991312581877e-18
outer loop
vertex 81.48612016303751 21.799721498051177 5.639932965095795e-15
vertex 81.78815026183186 21.829533315111522 1.7730000000000057
vertex 81.48612016303751 21.799721498051177 1.7730000000000057
endloop
endfacet
facet normal 0.1459695603542791 -0.9892890818410859 -8.33975362496903e-18
outer loop
vertex 82.76112743690862 21.93788176033752 1.7730000000000057
vertex 82.55259632889647 21.91012650176014 5.639932965095795e-15
vertex 82.76112743690862 21.93788176033752 5.639932965095795e-15
endloop
endfacet
facet normal 0.12292927093169052 -0.9924154343560982 -8.366108924141526e-18
outer loop
vertex 82.55259632889647 21.91012650176014 5.639932965095795e-15
vertex 82.76112743690862 21.93788176033752 1.7730000000000057
vertex 82.55259632889647 21.91012650176014 1.7730000000000057
endloop
endfacet
facet normal -0.9268958291021039 -0.37531869390309325 -3.1639542934931133e-18
outer loop
vertex 82.96104787127688 21.923464946977116 1.7730000000000057
vertex 82.98234243968946 21.88086663852852 5.639932965095795e-15
vertex 82.98234243968946 21.88086663852852 1.7730000000000057
endloop
endfacet
facet normal -0.8773979656754783 -0.47976328520274675 -4.044427124830408e-18
outer loop
vertex 82.98234243968946 21.88086663852852 5.639932965095795e-15
vertex 82.96104787127688 21.923464946977116 1.7730000000000057
vertex 82.96104787127688 21.923464946977116 5.639932965095795e-15
endloop
endfacet
facet normal -0.9864397651012364 -0.1641237028189947 -1.383570556526085e-18
outer loop
vertex 77.92445609092694 33.81320978604496 1.7730000000000057
vertex 78.29734392340312 32.012641587007984 5.639932965095795e-15
vertex 78.29734392340312 32.012641587007984 1.7730000000000057
endloop
endfacet
facet normal -0.975879929493786 -0.2183079549883689 -1.8403463582005676e-18
outer loop
vertex 78.29734392340312 32.012641587007984 5.639932965095795e-15
vertex 77.92445609092694 33.81320978604496 1.7730000000000057
vertex 77.92445609092694 33.81320978604496 5.639932965095795e-15
endloop
endfacet
facet normal -0.9645856544826316 -0.2637698147368525 -2.223591980329199e-18
outer loop
vertex 78.76052658341037 30.086175483227123 1.7730000000000057
vertex 79.78316991041217 26.755536267156014 5.639932965095795e-15
vertex 79.78316991041217 26.755536267156014 1.7730000000000057
endloop
endfacet
facet normal -0.9735653483409036 -0.22840865244087186 -1.9254957141779523e-18
outer loop
vertex 79.78316991041217 26.755536267156014 5.639932965095795e-15
vertex 78.76052658341037 30.086175483227123 1.7730000000000057
vertex 78.76052658341037 30.086175483227123 5.639932965095795e-15
endloop
endfacet
facet normal -0.9958148758857978 -0.0913932873057606 -7.704497230350393e-19
outer loop
vertex 80.19688188379308 24.239655709091977 1.7730000000000057
vertex 80.20956556491724 23.6074647719736 5.639932965095795e-15
vertex 80.20956556491724 23.6074647719736 1.7730000000000057
endloop
endfacet
facet normal -0.9842192085694751 -0.17695352351076904 -1.4917265501440508e-18
outer loop
vertex 80.20956556491724 23.6074647719736 5.639932965095795e-15
vertex 80.19688188379308 24.239655709091977 1.7730000000000057
vertex 80.19688188379308 24.239655709091977 5.639932965095795e-15
endloop
endfacet
facet normal -0.9842192085694751 -0.17695352351076904 -1.4917265501440508e-18
outer loop
vertex 80.20956556491724 23.6074647719736 1.7730000000000057
vertex 80.4477606643158 22.924817962528962 5.639932965095795e-15
vertex 80.4477606643158 22.924817962528962 1.7730000000000057
endloop
endfacet
facet normal -0.9441732984272757 -0.3294492108610349 -2.7772723877719393e-18
outer loop
vertex 80.4477606643158 22.924817962528962 5.639932965095795e-15
vertex 80.20956556491724 23.6074647719736 1.7730000000000057
vertex 80.20956556491724 23.6074647719736 5.639932965095795e-15
endloop
endfacet
facet normal 0.12292927093169052 -0.9924154343560982 -8.366108924141526e-18
outer loop
vertex 82.55259632889647 21.91012650176014 1.7730000000000057
vertex 82.32110919613237 21.883584331604435 5.639932965095795e-15
vertex 82.55259632889647 21.91012650176014 5.639932965095795e-15
endloop
endfacet
facet normal 0.10865869408926011 -0.9940791156637466 -8.380133836041325e-18
outer loop
vertex 82.32110919613237 21.883584331604435 5.639932965095795e-15
vertex 82.55259632889647 21.91012650176014 1.7730000000000057
vertex 82.32110919613237 21.883584331604435 1.7730000000000057
endloop
endfacet
facet normal -0.8591431809217428 -0.511735277927631 -4.313952531629214e-18
outer loop
vertex 83.61293996611195 20.822179709980638 1.7730000000000057
vertex 83.69974888552547 20.676436126915103 5.639932965095795e-15
vertex 83.69974888552547 20.676436126915103 1.7730000000000057
endloop
endfacet
facet normal -0.855591947509179 -0.517650866277118 -4.363821220455383e-18
outer loop
vertex 83.69974888552547 20.676436126915103 5.639932965095795e-15
vertex 83.61293996611195 20.822179709980638 1.7730000000000057
vertex 83.61293996611195 20.822179709980638 5.639932965095795e-15
endloop
endfacet
facet normal -0.8451395656660974 -0.5345457085654326 -4.5062455378804136e-18
outer loop
vertex 83.8196051031671 20.48138702657223 1.7730000000000057
vertex 84.37704947467687 19.624825437635184 5.639932965095795e-15
vertex 84.37704947467687 19.624825437635184 1.7730000000000057
endloop
endfacet
facet normal -0.8278289649543371 -0.5609805743362519 -4.729092703268593e-18
outer loop
vertex 84.37704947467687 19.624825437635184 5.639932965095795e-15
vertex 83.8196051031671 20.48138702657223 1.7730000000000057
vertex 83.8196051031671 20.48138702657223 5.639932965095795e-15
endloop
endfacet
facet normal -0.8591406414207645 -0.5117395414262195 -4.313988473123426e-18
outer loop
vertex 83.37109360067603 21.228206652801617 1.7730000000000057
vertex 83.61293996611195 20.822179709980638 5.639932965095795e-15
vertex 83.61293996611195 20.822179709980638 1.7730000000000057
endloop
endfacet
facet normal -0.8591431809217428 -0.511735277927631 -4.313952531629214e-18
outer loop
vertex 83.61293996611195 20.822179709980638 5.639932965095795e-15
vertex 83.37109360067603 21.228206652801617 1.7730000000000057
vertex 83.37109360067603 21.228206652801617 5.639932965095795e-15
endloop
endfacet
facet normal -0.8278289649543371 -0.5609805743362519 -4.729092703268593e-18
outer loop
vertex 84.37704947467687 19.624825437635184 1.7730000000000057
vertex 84.96793478647639 18.786927483918227 5.639932965095795e-15
vertex 84.96793478647639 18.786927483918227 1.7730000000000057
endloop
endfacet
facet normal -0.8081835738354756 -0.5889306504016568 -4.964713162913032e-18
outer loop
vertex 84.96793478647639 18.786927483918227 5.639932965095795e-15
vertex 84.37704947467687 19.624825437635184 1.7730000000000057
vertex 84.37704947467687 19.624825437635184 5.639932965095795e-15
endloop
endfacet
facet normal 0.15997442479306886 -0.9871211594389652 -8.321477936857633e-18
outer loop
vertex 82.94698166879765 21.96800159269802 1.7730000000000057
vertex 82.76112743690862 21.93788176033752 5.639932965095795e-15
vertex 82.94698166879765 21.96800159269802 5.639932965095795e-15
endloop
endfacet
facet normal 0.1459695603542791 -0.9892890818410859 -8.33975362496903e-18
outer loop
vertex 82.76112743690862 21.93788176033752 5.639932965095795e-15
vertex 82.94698166879765 21.96800159269802 1.7730000000000057
vertex 82.76112743690862 21.93788176033752 1.7730000000000057
endloop
endfacet
facet normal -0.9441732984272516 -0.329449210861104 -2.7772723877725225e-18
outer loop
vertex 80.71268598632403 22.16556461824657 1.7730000000000057
vertex 80.85999874195782 21.74337884331748 5.639932965095795e-15
vertex 80.85999874195782 21.74337884331748 1.7730000000000057
endloop
endfacet
facet normal -0.9441732984272516 -0.329449210861104 -2.7772723877725225e-18
outer loop
vertex 80.85999874195782 21.74337884331748 5.639932965095795e-15
vertex 80.71268598632403 22.16556461824657 1.7730000000000057
vertex 80.71268598632403 22.16556461824657 5.639932965095795e-15
endloop
endfacet
facet normal -0.9735653483409036 -0.22840865244087186 -1.9254957141779523e-18
outer loop
vertex 79.78316991041217 26.755536267156014 1.7730000000000057
vertex 80.19688188379308 24.239655709091977 5.639932965095795e-15
vertex 80.19688188379308 24.239655709091977 1.7730000000000057
endloop
endfacet
facet normal -0.9958148758857978 -0.0913932873057606 -7.704497230350393e-19
outer loop
vertex 80.19688188379308 24.239655709091977 5.639932965095795e-15
vertex 79.78316991041217 26.755536267156014 1.7730000000000057
vertex 79.78316991041217 26.755536267156014 5.639932965095795e-15
endloop
endfacet
facet normal -0.975879929493786 -0.2183079549883689 -1.8403463582005676e-18
outer loop
vertex 78.29734392340312 32.012641587007984 1.7730000000000057
vertex 78.76052658341037 30.086175483227123 5.639932965095795e-15
vertex 78.76052658341037 30.086175483227123 1.7730000000000057
endloop
endfacet
facet normal -0.9645856544826316 -0.2637698147368525 -2.223591980329199e-18
outer loop
vertex 78.76052658341037 30.086175483227123 5.639932965095795e-15
vertex 78.29734392340312 32.012641587007984 1.7730000000000057
vertex 78.29734392340312 32.012641587007984 5.639932965095795e-15
endloop
endfacet
facet normal -0.791008440485674 -0.6118052362316148 -5.157547000460327e-18
outer loop
vertex 85.58397969558746 17.96854218768164 1.7730000000000057
vertex 86.26362262285011 17.11317819270436 5.639932965095795e-15
vertex 86.26362262285011 17.11317819270436 1.7730000000000057
endloop
endfacet
facet normal -0.774842952879166 -0.6321537774730881 -5.329086162972452e-18
outer loop
vertex 86.26362262285011 17.11317819270436 5.639932965095795e-15
vertex 85.58397969558746 17.96854218768164 1.7730000000000057
vertex 85.58397969558746 17.96854218768164 5.639932965095795e-15
endloop
endfacet
facet normal 0.08910290447100634 -0.9960224256585948 -8.396516030964382e-18
outer loop
vertex 81.1600174449749 21.76651682796611 1.7730000000000057
vertex 80.85999874195782 21.74337884331748 5.639932965095795e-15
vertex 81.1600174449749 21.76651682796611 5.639932965095795e-15
endloop
endfacet
facet normal 0.07689347400463106 -0.9970393139969452 -8.40508844762359e-18
outer loop
vertex 80.85999874195782 21.74337884331748 5.639932965095795e-15
vertex 81.1600174449749 21.76651682796611 1.7730000000000057
vertex 80.85999874195782 21.74337884331748 1.7730000000000057
endloop
endfacet
facet normal 0.9931038841572236 -0.11723768707986312 -9.883192322184462e-19
outer loop
vertex 136.45947438771918 24.386038887960886 5.639932965095795e-15
vertex 136.2143450345053 22.576240489883958 1.7730000000000057
vertex 136.2143450345053 22.576240489883958 5.639932965095795e-15
endloop
endfacet
facet normal 0.9877713828189878 -0.15590925336189868 -1.3143223601248379e-18
outer loop
vertex 136.2143450345053 22.576240489883958 1.7730000000000057
vertex 136.45947438771918 24.386038887960886 5.639932965095795e-15
vertex 136.45947438771918 24.386038887960886 1.7730000000000057
endloop
endfacet
facet normal -0.4820823533064581 -0.8761259068367442 -7.385782721743129e-18
outer loop
vertex 100.82823407019248 4.758986508232318 1.7730000000000057
vertex 98.9534292105465 5.861490180519685 5.639932965095795e-15
vertex 100.82823407019248 4.758986508232318 5.639932965095795e-15
endloop
endfacet
facet normal -0.5303504943975454 -0.8477784811448562 -7.146812586004343e-18
outer loop
vertex 98.9534292105465 5.861490180519685 5.639932965095795e-15
vertex 100.82823407019248 4.758986508232318 1.7730000000000057
vertex 98.9534292105465 5.861490180519685 1.7730000000000057
endloop
endfacet
facet normal 0.6208992475846014 -0.7838903777626537 -6.608232860872284e-18
outer loop
vertex 126.64199738710647 6.095496071309409 1.7730000000000057
vertex 124.86213712285029 4.811014046848984 5.639932965095795e-15
vertex 126.64199738710647 6.095496071309409 5.639932965095795e-15
endloop
endfacet
facet normal 0.54502790443707 -0.8384179049763527 -7.067902487362806e-18
outer loop
vertex 124.86213712285029 4.811014046848984 5.639932965095795e-15
vertex 126.64199738710647 6.095496071309409 1.7730000000000057
vertex 124.86213712285029 4.811014046848984 1.7730000000000057
endloop
endfacet
facet normal -0.001774351194309813 -0.9999984258376806 -8.43003390002314e-18
outer loop
vertex 112.87709921388601 1.2031563458788113 1.7730000000000057
vertex 110.80922116451745 1.329614485355307 5.639932965095795e-15
vertex 112.87709921388601 1.2031563458788113 5.639932965095795e-15
endloop
endfacet
facet normal -0.11277021313582965 -0.9936210942956574 -8.376272694303334e-18
outer loop
vertex 110.80922116451745 1.329614485355307 5.639932965095795e-15
vertex 112.87709921388601 1.2031563458788113 1.7730000000000057
vertex 110.80922116451745 1.329614485355307 1.7730000000000057
endloop
endfacet
facet normal -0.7581300277185421 -0.6521034128659983 -5.4972625303646874e-18
outer loop
vertex 87.07656480047811 16.142596735555443 1.7730000000000057
vertex 87.9151895243394 15.193095597062978 5.639932965095795e-15
vertex 87.9151895243394 15.193095597062978 1.7730000000000057
endloop
endfacet
facet normal -0.7413236344960072 -0.67114772512289 -5.657806981015936e-18
outer loop
vertex 87.9151895243394 15.193095597062978 5.639932965095795e-15
vertex 87.07656480047811 16.142596735555443 1.7730000000000057
vertex 87.07656480047811 16.142596735555443 5.639932965095795e-15
endloop
endfacet
facet normal -0.3650200731223643 -0.9309996488816439 -7.848370955591725e-18
outer loop
vertex 104.75944317242853 2.8978916058024944 1.7730000000000057
vertex 102.7654329938073 3.764052455242494 5.639932965095795e-15
vertex 104.75944317242853 2.8978916058024944 5.639932965095795e-15
endloop
endfacet
facet normal -0.4278626947323436 -0.9038437444914788 -7.619445400630865e-18
outer loop
vertex 102.7654329938073 3.764052455242494 5.639932965095795e-15
vertex 104.75944317242853 2.8978916058024944 1.7730000000000057
vertex 102.7654329938073 3.764052455242494 1.7730000000000057
endloop
endfacet
facet normal 0.3475073875115171 -0.9376772449115529 -7.904663405107972e-18
outer loop
vertex 120.4101819708086 2.5586165973895967 1.7730000000000057
vertex 117.89642811436386 1.7968570157564867 5.639932965095795e-15
vertex 120.4101819708086 2.5586165973895967 5.639932965095795e-15
endloop
endfacet
facet normal 0.2315480327235121 -0.9728234724459888 -8.200947761080861e-18
outer loop
vertex 117.89642811436386 1.7968570157564867 5.639932965095795e-15
vertex 120.4101819708086 2.5586165973895967 1.7730000000000057
vertex 117.89642811436386 1.7968570157564867 1.7730000000000057
endloop
endfacet
facet normal -0.5303504943975454 -0.8477784811448562 -7.146812586004343e-18
outer loop
vertex 98.9534292105465 5.861490180519685 1.7730000000000057
vertex 96.80440021880113 7.289304956078491 5.639932965095795e-15
vertex 98.9534292105465 5.861490180519685 5.639932965095795e-15
endloop
endfacet
facet normal -0.5768792680451984 -0.8168294253389972 -6.885910585685144e-18
outer loop
vertex 96.80440021880113 7.289304956078491 5.639932965095795e-15
vertex 98.9534292105465 5.861490180519685 1.7730000000000057
vertex 96.80440021880113 7.289304956078491 1.7730000000000057
endloop
endfacet
facet normal -0.11277021313582965 -0.9936210942956574 -8.376272694303334e-18
outer loop
vertex 110.80922116451745 1.329614485355307 1.7730000000000057
vertex 108.7655302719009 1.6697991144706612 5.639932965095795e-15
vertex 110.80922116451745 1.329614485355307 5.639932965095795e-15
endloop
endfacet
facet normal -0.2091794672829472 -0.9778772675889458 -8.243551492524948e-18
outer loop
vertex 108.7655302719009 1.6697991144706612 5.639932965095795e-15
vertex 110.80922116451745 1.329614485355307 1.7730000000000057
vertex 108.7655302719009 1.6697991144706612 1.7730000000000057
endloop
endfacet
facet normal 0.54502790443707 -0.8384179049763527 -7.067902487362806e-18
outer loop
vertex 124.86213712285029 4.811014046848984 1.7730000000000057
vertex 122.82912677297377 3.6260597331752646 5.639932965095795e-15
vertex 124.86213712285029 4.811014046848984 5.639932965095795e-15
endloop
endfacet
facet normal 0.4543574670328116 -0.890819449805362 -7.509649982067197e-18
outer loop
vertex 122.82912677297377 3.6260597331752646 5.639932965095795e-15
vertex 124.86213712285029 4.811014046848984 1.7730000000000057
vertex 122.82912677297377 3.6260597331752646 1.7730000000000057
endloop
endfacet
facet normal -0.7413236344960072 -0.67114772512289 -5.657806981015936e-18
outer loop
vertex 87.9151895243394 15.193095597062978 1.7730000000000057
vertex 88.77665885477172 14.264732872595678 5.639932965095795e-15
vertex 88.77665885477172 14.264732872595678 1.7730000000000057
endloop
endfacet
facet normal -0.7233425755749207 -0.6904893325465935 -5.820857643946905e-18
outer loop
vertex 88.77665885477172 14.264732872595678 5.639932965095795e-15
vertex 87.9151895243394 15.193095597062978 1.7730000000000057
vertex 87.9151895243394 15.193095597062978 5.639932965095795e-15
endloop
endfacet
facet normal -0.7233425755749207 -0.6904893325465935 -5.820857643946905e-18
outer loop
vertex 88.77665885477172 14.264732872595678 1.7730000000000057
vertex 90.08937950469075 12.927876689121293 5.639932965095795e-15
vertex 90.08937950469075 12.927876689121293 1.7730000000000057
endloop
endfacet
facet normal -0.6986600703485152 -0.7154537763549843 -6.031309082831588e-18
outer loop
vertex 90.08937950469075 12.927876689121293 5.639932965095795e-15
vertex 88.77665885477172 14.264732872595678 1.7730000000000057
vertex 88.77665885477172 14.264732872595678 5.639932965095795e-15
endloop
endfacet
facet normal -0.2091794672829472 -0.9778772675889458 -8.243551492524948e-18
outer loop
vertex 108.7655302719009 1.6697991144706612 1.7730000000000057
vertex 106.75928591700307 2.196051283242391 5.639932965095795e-15
vertex 108.7655302719009 1.6697991144706612 5.639932965095795e-15
endloop
endfacet
facet normal -0.2926752310573163 -0.9562119059735381 -8.060911472145766e-18
outer loop
vertex 106.75928591700307 2.196051283242391 5.639932965095795e-15
vertex 108.7655302719009 1.6697991144706612 1.7730000000000057
vertex 106.75928591700307 2.196051283242391 1.7730000000000057
endloop
endfacet
facet normal 0.4543574670328116 -0.890819449805362 -7.509649982067197e-18
outer loop
vertex 122.82912677297377 3.6260597331752646 1.7730000000000057
vertex 120.4101819708086 2.5586165973895967 5.639932965095795e-15
vertex 122.82912677297377 3.6260597331752646 5.639932965095795e-15
endloop
endfacet
facet normal 0.3475073875115171 -0.9376772449115529 -7.904663405107972e-18
outer loop
vertex 120.4101819708086 2.5586165973895967 5.639932965095795e-15
vertex 122.82912677297377 3.6260597331752646 1.7730000000000057
vertex 120.4101819708086 2.5586165973895967 1.7730000000000057
endloop
endfacet
facet normal 0.8198722137892841 -0.5725465509949901 -4.82659443207218e-18
outer loop
vertex 132.15720986820565 12.042718638816202 5.639932965095795e-15
vertex 131.0661990470055 10.58540874367081 1.7730000000000057
vertex 131.0661990470055 10.58540874367081 5.639932965095795e-15
endloop
endfacet
facet normal 0.7836739204850843 -0.621172428840445 -5.236512876005917e-18
outer loop
vertex 131.0661990470055 10.58540874367081 1.7730000000000057
vertex 132.15720986820565 12.042718638816202 5.639932965095795e-15
vertex 132.15720986820565 12.042718638816202 1.7730000000000057
endloop
endfacet
facet normal -0.2926752310573163 -0.9562119059735381 -8.060911472145766e-18
outer loop
vertex 106.75928591700307 2.196051283242391 1.7730000000000057
vertex 104.75944317242853 2.8978916058024944 5.639932965095795e-15
vertex 106.75928591700307 2.196051283242391 5.639932965095795e-15
endloop
endfacet
facet normal -0.3650200731223643 -0.9309996488816439 -7.848370955591725e-18
outer loop
vertex 104.75944317242853 2.8978916058024944 5.639932965095795e-15
vertex 106.75928591700307 2.196051283242391 1.7730000000000057
vertex 104.75944317242853 2.8978916058024944 1.7730000000000057
endloop
endfacet
facet normal 0.8590472137767873 -0.5118963610950356 -4.315310470328776e-18
outer loop
vertex 133.1474764190123 13.565515178319773 5.639932965095795e-15
vertex 132.15720986820565 12.042718638816202 1.7730000000000057
vertex 132.15720986820565 12.042718638816202 5.639932965095795e-15
endloop
endfacet
facet normal 0.8198722137892841 -0.5725465509949901 -4.82659443207218e-18
outer loop
vertex 132.15720986820565 12.042718638816202 1.7730000000000057
vertex 133.1474764190123 13.565515178319773 5.639932965095795e-15
vertex 133.1474764190123 13.565515178319773 1.7730000000000057
endloop
endfacet
facet normal 0.7424818990718712 -0.6698661280812963 -5.647003057502002e-18
outer loop
vertex 129.82908713616075 9.11020572080264 5.639932965095795e-15
vertex 128.30058617228582 7.534573230434832 1.7730000000000057
vertex 128.30058617228582 7.534573230434832 5.639932965095795e-15
endloop
endfacet
facet normal 0.6871919658399096 -0.7264758785294116 -6.12422592407772e-18
outer loop
vertex 128.30058617228582 7.534573230434832 1.7730000000000057
vertex 129.82908713616075 9.11020572080264 5.639932965095795e-15
vertex 129.82908713616075 9.11020572080264 1.7730000000000057
endloop
endfacet
facet normal -0.6221361406792705 -0.7829090767520219 -6.599960447064408e-18
outer loop
vertex 94.4648547391057 9.043500326018554 1.7730000000000057
vertex 92.22247467030851 10.930553447999854 5.639932965095795e-15
vertex 94.4648547391057 9.043500326018554 5.639932965095795e-15
endloop
endfacet
facet normal -0.6639213647222795 -0.7478023946640624 -6.304009461070684e-18
outer loop
vertex 92.22247467030851 10.930553447999854 5.639932965095795e-15
vertex 94.4648547391057 9.043500326018554 1.7730000000000057
vertex 92.22247467030851 10.930553447999854 1.7730000000000057
endloop
endfacet
facet normal -0.5768792680451984 -0.8168294253389972 -6.885910585685144e-18
outer loop
vertex 96.80440021880113 7.289304956078491 1.7730000000000057
vertex 94.4648547391057 9.043500326018554 5.639932965095795e-15
vertex 96.80440021880113 7.289304956078491 5.639932965095795e-15
endloop
endfacet
facet normal -0.6221361406792705 -0.7829090767520219 -6.599960447064408e-18
outer loop
vertex 94.4648547391057 9.043500326018554 5.639932965095795e-15
vertex 96.80440021880113 7.289304956078491 1.7730000000000057
vertex 94.4648547391057 9.043500326018554 1.7730000000000057
endloop
endfacet
facet normal 0.11505748634765148 -0.9933588348806086 -8.374061835063621e-18
outer loop
vertex 115.29843778361737 1.3426069468189263 1.7730000000000057
vertex 112.87709921388601 1.2031563458788113 5.639932965095795e-15
vertex 115.29843778361737 1.3426069468189263 5.639932965095795e-15
endloop
endfacet
facet normal -0.001774351194309813 -0.9999984258376806 -8.43003390002314e-18
outer loop
vertex 112.87709921388601 1.2031563458788113 5.639932965095795e-15
vertex 115.29843778361737 1.3426069468189263 1.7730000000000057
vertex 112.87709921388601 1.2031563458788113 1.7730000000000057
endloop
endfacet
facet normal 0.6871919658399096 -0.7264758785294116 -6.12422592407772e-18
outer loop
vertex 128.30058617228582 7.534573230434832 1.7730000000000057
vertex 126.64199738710647 6.095496071309409 5.639932965095795e-15
vertex 128.30058617228582 7.534573230434832 5.639932965095795e-15
endloop
endfacet
facet normal 0.6208992475846014 -0.7838903777626537 -6.608232860872284e-18
outer loop
vertex 126.64199738710647 6.095496071309409 5.639932965095795e-15
vertex 128.30058617228582 7.534573230434832 1.7730000000000057
vertex 126.64199738710647 6.095496071309409 1.7730000000000057
endloop
endfacet
facet normal 0.8969434715477106 -0.44214523501666475 -3.727305187307561e-18
outer loop
vertex 134.02009865350132 15.169698294593166 5.639932965095795e-15
vertex 133.1474764190123 13.565515178319773 1.7730000000000057
vertex 133.1474764190123 13.565515178319773 5.639932965095795e-15
endloop
endfacet
facet normal 0.8590472137767873 -0.5118963610950356 -4.315310470328776e-18
outer loop
vertex 133.1474764190123 13.565515178319773 1.7730000000000057
vertex 134.02009865350132 15.169698294593166 5.639932965095795e-15
vertex 134.02009865350132 15.169698294593166 1.7730000000000057
endloop
endfacet
facet normal 0.2315480327235121 -0.9728234724459888 -8.200947761080861e-18
outer loop
vertex 117.89642811436386 1.7968570157564867 1.7730000000000057
vertex 115.29843778361737 1.3426069468189263 5.639932965095795e-15
vertex 117.89642811436386 1.7968570157564867 5.639932965095795e-15
endloop
endfacet
facet normal 0.11505748634765148 -0.9933588348806086 -8.374061835063621e-18
outer loop
vertex 115.29843778361737 1.3426069468189263 5.639932965095795e-15
vertex 117.89642811436386 1.7968570157564867 1.7730000000000057
vertex 115.29843778361737 1.3426069468189263 1.7730000000000057
endloop
endfacet
facet normal 0.9277367018464747 -0.37323533065215786 -3.146391443014888e-18
outer loop
vertex 134.6481001997066 16.584400373326307 5.639932965095795e-15
vertex 134.02009865350132 15.169698294593166 1.7730000000000057
vertex 134.02009865350132 15.169698294593166 5.639932965095795e-15
endloop
endfacet
facet normal 0.8969434715477106 -0.44214523501666475 -3.727305187307561e-18
outer loop
vertex 134.02009865350132 15.169698294593166 1.7730000000000057
vertex 134.6481001997066 16.584400373326307 5.639932965095795e-15
vertex 134.6481001997066 16.584400373326307 1.7730000000000057
endloop
endfacet
facet normal 0.7836739204850843 -0.621172428840445 -5.236512876005917e-18
outer loop
vertex 131.0661990470055 10.58540874367081 5.639932965095795e-15
vertex 129.82908713616075 9.11020572080264 1.7730000000000057
vertex 129.82908713616075 9.11020572080264 5.639932965095795e-15
endloop
endfacet
facet normal 0.7424818990718712 -0.6698661280812963 -5.647003057502002e-18
outer loop
vertex 129.82908713616075 9.11020572080264 1.7730000000000057
vertex 131.0661990470055 10.58540874367081 5.639932965095795e-15
vertex 131.0661990470055 10.58540874367081 1.7730000000000057
endloop
endfacet
facet normal -0.4278626947323436 -0.9038437444914788 -7.619445400630865e-18
outer loop
vertex 102.7654329938073 3.764052455242494 1.7730000000000057
vertex 100.82823407019248 4.758986508232318 5.639932965095795e-15
vertex 102.7654329938073 3.764052455242494 5.639932965095795e-15
endloop
endfacet
facet normal -0.4820823533064581 -0.8761259068367442 -7.385782721743129e-18
outer loop
vertex 100.82823407019248 4.758986508232318 5.639932965095795e-15
vertex 102.7654329938073 3.764052455242494 1.7730000000000057
vertex 100.82823407019248 4.758986508232318 1.7730000000000057
endloop
endfacet
facet normal 0.9505323534499768 -0.3106255704942025 -2.6185882115630475e-18
outer loop
vertex 135.14908784816708 17.968844927433366 5.639932965095795e-15
vertex 134.6481001997066 16.584400373326307 1.7730000000000057
vertex 134.6481001997066 16.584400373326307 5.639932965095795e-15
endloop
endfacet
facet normal 0.9277367018464747 -0.37323533065215786 -3.146391443014888e-18
outer loop
vertex 134.6481001997066 16.584400373326307 1.7730000000000057
vertex 135.14908784816708 17.968844927433366 5.639932965095795e-15
vertex 135.14908784816708 17.968844927433366 1.7730000000000057
endloop
endfacet
facet normal 0.9672217138697838 -0.2539333696440822 -2.1406702842092197e-18
outer loop
vertex 135.56209914865556 19.381210915035442 5.639932965095795e-15
vertex 135.14908784816708 17.968844927433366 1.7730000000000057
vertex 135.14908784816708 17.968844927433366 5.639932965095795e-15
endloop
endfacet
facet normal 0.9505323534499768 -0.3106255704942025 -2.6185882115630475e-18
outer loop
vertex 135.14908784816708 17.968844927433366 1.7730000000000057
vertex 135.56209914865556 19.381210915035442 5.639932965095795e-15
vertex 135.56209914865556 19.381210915035442 1.7730000000000057
endloop
endfacet
facet normal 0.9793181212854924 -0.20232651166333468 -1.7056220371212807e-18
outer loop
vertex 135.89781152162772 20.82151007326051 5.639932965095795e-15
vertex 135.56209914865556 19.381210915035442 1.7730000000000057
vertex 135.56209914865556 19.381210915035442 5.639932965095795e-15
endloop
endfacet
facet normal 0.9672217138697838 -0.2539333696440822 -2.1406702842092197e-18
outer loop
vertex 135.56209914865556 19.381210915035442 1.7730000000000057
vertex 135.89781152162772 20.82151007326051 5.639932965095795e-15
vertex 135.89781152162772 20.82151007326051 1.7730000000000057
endloop
endfacet
facet normal 0.9877713828189878 -0.15590925336189868 -1.3143223601248379e-18
outer loop
vertex 136.2143450345053 22.576240489883958 5.639932965095795e-15
vertex 135.89781152162772 20.82151007326051 1.7730000000000057
vertex 135.89781152162772 20.82151007326051 5.639932965095795e-15
endloop
endfacet
facet normal 0.9793181212854924 -0.20232651166333468 -1.7056220371212807e-18
outer loop
vertex 135.89781152162772 20.82151007326051 1.7730000000000057
vertex 136.2143450345053 22.576240489883958 5.639932965095795e-15
vertex 136.2143450345053 22.576240489883958 1.7730000000000057
endloop
endfacet
facet normal -0.6639213647222795 -0.7478023946640624 -6.304009461070684e-18
outer loop
vertex 92.22247467030851 10.930553447999854 1.7730000000000057
vertex 90.08937950469075 12.927876689121293 5.639932965095795e-15
vertex 92.22247467030851 10.930553447999854 5.639932965095795e-15
endloop
endfacet
facet normal -0.6986600703485152 -0.7154537763549843 -6.031309082831588e-18
outer loop
vertex 90.08937950469075 12.927876689121293 5.639932965095795e-15
vertex 92.22247467030851 10.930553447999854 1.7730000000000057
vertex 90.08937950469075 12.927876689121293 1.7730000000000057
endloop
endfacet
facet normal 0.29359083503287375 -0.9559311803601241 -8.058544941982778e-18
outer loop
vertex 140.0274349925398 29.122129729617992 1.7730000000000057
vertex 139.04009044687012 28.884765451879186 5.639932965095795e-15
vertex 140.0274349925398 29.122129729617992 5.639932965095795e-15
endloop
endfacet
facet normal 0.18943885943186947 -0.9818925188314414 -8.277400249899735e-18
outer loop
vertex 139.04009044687012 28.884765451879186 5.639932965095795e-15
vertex 140.0274349925398 29.122129729617992 1.7730000000000057
vertex 139.04009044687012 28.884765451879186 1.7730000000000057
endloop
endfacet
facet normal 0.9978508571280646 0.0655260782344478 5.523879304002289e-19
outer loop
vertex 141.1300750750719 30.612471620900365 5.639932965095795e-15
vertex 141.11989113022824 30.01813129703901 1.7730000000000057
vertex 141.11989113022824 30.01813129703901 5.639932965095795e-15
endloop
endfacet
facet normal 0.9964002671706493 -0.08477327162649151 -7.146426785907698e-19
outer loop
vertex 141.11989113022824 30.01813129703901 1.7730000000000057
vertex 141.1300750750719 30.612471620900365 5.639932965095795e-15
vertex 141.1300750750719 30.612471620900365 1.7730000000000057
endloop
endfacet
facet normal 0.143052091014905 0.9897151606680902 8.343345489578936e-18
outer loop
vertex 139.93849589305142 32.35129052696974 1.7730000000000057
vertex 140.75521319733122 32.09363779683821 5.639932965095795e-15
vertex 139.93849589305142 32.35129052696974 5.639932965095795e-15
endloop
endfacet
facet normal 0.30085741376350694 0.9536691337059903 8.039475781987042e-18
outer loop
vertex 140.75521319733122 32.09363779683821 5.639932965095795e-15
vertex 139.93849589305142 32.35129052696974 1.7730000000000057
vertex 140.75521319733122 32.09363779683821 1.7730000000000057
endloop
endfacet
facet normal 0.10766272619612166 -0.9941874759762462 -8.381047318587082e-18
outer loop
vertex 138.13513687988458 28.752387097544045 1.7730000000000057
vertex 137.2439503075732 28.689461404868723 5.639932965095795e-15
vertex 138.13513687988458 28.752387097544045 5.639932965095795e-15
endloop
endfacet
facet normal 0.07043352884608542 -0.9975164750590777 -8.409110937885191e-18
outer loop
vertex 137.2439503075732 28.689461404868723 5.639932965095795e-15
vertex 138.13513687988458 28.752387097544045 1.7730000000000057
vertex 137.2439503075732 28.689461404868723 1.7730000000000057
endloop
endfacet
facet normal -0.03468656840182242 0.9993982399286612 8.424974304499166e-18
outer loop
vertex 138.66219992860397 32.32767314680685 1.7730000000000057
vertex 139.93849589305142 32.35129052696974 5.639932965095795e-15
vertex 138.66219992860397 32.32767314680685 5.639932965095795e-15
endloop
endfacet
facet normal 0.143052091014905 0.9897151606680902 8.343345489578936e-18
outer loop
vertex 139.93849589305142 32.35129052696974 5.639932965095795e-15
vertex 138.66219992860397 32.32767314680685 1.7730000000000057
vertex 139.93849589305142 32.35129052696974 1.7730000000000057
endloop
endfacet
facet normal 0.3523047292985715 -0.9358853443204784 -7.88955759860075e-18
outer loop
vertex 141.0407464945906 29.503580765892462 1.7730000000000057
vertex 140.0274349925398 29.122129729617992 5.639932965095795e-15
vertex 141.0407464945906 29.503580765892462 5.639932965095795e-15
endloop
endfacet
facet normal 0.29359083503287375 -0.9559311803601241 -8.058544941982778e-18
outer loop
vertex 140.0274349925398 29.122129729617992 5.639932965095795e-15
vertex 141.0407464945906 29.503580765892462 1.7730000000000057
vertex 140.0274349925398 29.122129729617992 1.7730000000000057
endloop
endfacet
facet normal 0.9961199553925097 -0.08800587746749942 -7.418936983134077e-19
outer loop
vertex 136.6426243050541 26.204299847710796 5.639932965095795e-15
vertex 136.45947438771918 24.386038887960886 1.7730000000000057
vertex 136.45947438771918 24.386038887960886 5.639932965095795e-15
endloop
endfacet
facet normal 0.9931038841572236 -0.11723768707986312 -9.883192322184462e-19
outer loop
vertex 136.45947438771918 24.386038887960886 1.7730000000000057
vertex 136.6426243050541 26.204299847710796 5.639932965095795e-15
vertex 136.6426243050541 26.204299847710796 1.7730000000000057
endloop
endfacet
facet normal 0.14139419148990845 0.9899533739590543 8.345353638858352e-18
outer loop
vertex 137.36248238655395 32.261480477357 1.7730000000000057
vertex 138.66219992860397 32.32767314680685 5.639932965095795e-15
vertex 137.36248238655395 32.261480477357 5.639932965095795e-15
endloop
endfacet
facet normal -0.03468656840182242 0.9993982399286612 8.424974304499166e-18
outer loop
vertex 138.66219992860397 32.32767314680685 5.639932965095795e-15
vertex 137.36248238655395 32.261480477357 1.7730000000000057
vertex 138.66219992860397 32.32767314680685 1.7730000000000057
endloop
endfacet
facet normal 0.9964002671706493 -0.08477327162649151 -7.146426785907698e-19
outer loop
vertex 141.11989113022824 30.01813129703901 5.639932965095795e-15
vertex 141.0407464945906 29.503580765892462 1.7730000000000057
vertex 141.0407464945906 29.503580765892462 5.639932965095795e-15
endloop
endfacet
facet normal 0.9883766002895595 -0.15202531368180813 -1.2815805654151299e-18
outer loop
vertex 141.0407464945906 29.503580765892462 1.7730000000000057
vertex 141.11989113022824 30.01813129703901 5.639932965095795e-15
vertex 141.11989113022824 30.01813129703901 1.7730000000000057
endloop
endfacet
facet normal 0.9710290023184611 0.23896166357056953 2.0144580957898537e-18
outer loop
vertex 141.0247270965539 31.317726819259853 5.639932965095795e-15
vertex 141.1300750750719 30.612471620900365 1.7730000000000057
vertex 141.1300750750719 30.612471620900365 5.639932965095795e-15
endloop
endfacet
facet normal 0.9978508571280646 0.0655260782344478 5.523879304002289e-19
outer loop
vertex 141.1300750750719 30.612471620900365 1.7730000000000057
vertex 141.0247270965539 31.317726819259853 5.639932965095795e-15
vertex 141.0247270965539 31.317726819259853 1.7730000000000057
endloop
endfacet
facet normal 0.9446357956060946 0.32812073031072064 2.7660732340679828e-18
outer loop
vertex 140.75521319733122 32.09363779683821 5.639932965095795e-15
vertex 141.0247270965539 31.317726819259853 1.7730000000000057
vertex 141.0247270965539 31.317726819259853 5.639932965095795e-15
endloop
endfacet
facet normal 0.9710290023184611 0.23896166357056953 2.0144580957898537e-18
outer loop
vertex 141.0247270965539 31.317726819259853 1.7730000000000057
vertex 140.75521319733122 32.09363779683821 5.639932965095795e-15
vertex 140.75521319733122 32.09363779683821 1.7730000000000057
endloop
endfacet
facet normal 0.3284138300677622 0.9445339359812452 7.962465634257556e-18
outer loop
vertex 136.6417400346003 32.51208212043215 1.7730000000000057
vertex 137.36248238655395 32.261480477357 5.639932965095795e-15
vertex 136.6417400346003 32.51208212043215 5.639932965095795e-15
endloop
endfacet
facet normal 0.14139419148990845 0.9899533739590543 8.345353638858352e-18
outer loop
vertex 137.36248238655395 32.261480477357 5.639932965095795e-15
vertex 136.6417400346003 32.51208212043215 1.7730000000000057
vertex 137.36248238655395 32.261480477357 1.7730000000000057
endloop
endfacet
facet normal 0.9985053002107782 0.05465496730383885 4.607439524617865e-19
outer loop
vertex 136.60129402143866 33.49706902564562 5.639932965095795e-15
vertex 136.6417400346003 32.51208212043215 1.7730000000000057
vertex 136.6417400346003 32.51208212043215 5.639932965095795e-15
endloop
endfacet
facet normal 0.9991580006713191 0.04102791360150531 3.4586724695909786e-19
outer loop
vertex 136.6417400346003 32.51208212043215 1.7730000000000057
vertex 136.60129402143866 33.49706902564562 5.639932965095795e-15
vertex 136.60129402143866 33.49706902564562 1.7730000000000057
endloop
endfacet
facet normal 0.619111113191482 -0.7853033996633431 -6.620144702147741e-18
outer loop
vertex 136.9501292881179 28.152735430212264 1.7730000000000057
vertex 136.7806367171426 28.02034608529249 5.639932965095795e-15
vertex 136.9501292881179 28.152735430212264 5.639932965095795e-15
endloop
endfacet
facet normal 0.6155668708891231 -0.7880846575487773 -6.643590837314681e-18
outer loop
vertex 136.7806367171426 28.02034608529249 5.639932965095795e-15
vertex 136.9501292881179 28.152735430212264 1.7730000000000057
vertex 136.7806367171426 28.02034608529249 1.7730000000000057
endloop
endfacet
facet normal 0.9419414148274969 -0.33577726402002517 -2.8306181743983042e-18
outer loop
vertex 137.19889353149546 28.452992245866557 5.639932965095795e-15
vertex 137.1014297878271 28.273125741340763 1.7730000000000057
vertex 137.1014297878271 28.273125741340763 5.639932965095795e-15
endloop
endfacet
facet normal 0.7663673090597671 -0.6424026366730539 -5.415484529469781e-18
outer loop
vertex 137.1014297878271 28.273125741340763 1.7730000000000057
vertex 137.19889353149546 28.452992245866557 5.639932965095795e-15
vertex 137.19889353149546 28.452992245866557 1.7730000000000057
endloop
endfacet
facet normal 0.7663673090597671 -0.6424026366730539 -5.415484529469781e-18
outer loop
vertex 137.1014297878271 28.273125741340763 1.7730000000000057
vertex 136.9501292881179 28.152735430212264 5.639932965095795e-15
vertex 137.1014297878271 28.273125741340763 5.639932965095795e-15
endloop
endfacet
facet normal 0.619111113191482 -0.7853033996633431 -6.620144702147741e-18
outer loop
vertex 136.9501292881179 28.152735430212264 5.639932965095795e-15
vertex 137.1014297878271 28.273125741340763 1.7730000000000057
vertex 136.9501292881179 28.152735430212264 1.7730000000000057
endloop
endfacet
facet normal 0.9823270870773414 -0.18717236439748663 -1.5778718608447247e-18
outer loop
vertex 137.2439503075732 28.689461404868723 5.639932965095795e-15
vertex 137.19889353149546 28.452992245866557 1.7730000000000057
vertex 137.19889353149546 28.452992245866557 5.639932965095795e-15
endloop
endfacet
facet normal 0.9419414148274969 -0.33577726402002517 -2.8306181743983042e-18
outer loop
vertex 137.19889353149546 28.452992245866557 1.7730000000000057
vertex 137.2439503075732 28.689461404868723 5.639932965095795e-15
vertex 137.2439503075732 28.689461404868723 1.7730000000000057
endloop
endfacet
facet normal 0.18943885943186947 -0.9818925188314414 -8.277400249899735e-18
outer loop
vertex 139.04009044687012 28.884765451879186 1.7730000000000057
vertex 138.13513687988458 28.752387097544045 5.639932965095795e-15
vertex 139.04009044687012 28.884765451879186 5.639932965095795e-15
endloop
endfacet
facet normal 0.10766272619612166 -0.9941874759762462 -8.381047318587082e-18
outer loop
vertex 138.13513687988458 28.752387097544045 5.639932965095795e-15
vertex 139.04009044687012 28.884765451879186 1.7730000000000057
vertex 138.13513687988458 28.752387097544045 1.7730000000000057
endloop
endfacet
facet normal 0.9971247455473671 -0.07577758123019396 -6.38808584220695e-19
outer loop
vertex 136.7806367171426 28.02034608529249 5.639932965095795e-15
vertex 136.6426243050541 26.204299847710796 1.7730000000000057
vertex 136.6426243050541 26.204299847710796 5.639932965095795e-15
endloop
endfacet
facet normal 0.9961199553925097 -0.08800587746749942 -7.418936983134077e-19
outer loop
vertex 136.6426243050541 26.204299847710796 1.7730000000000057
vertex 136.7806367171426 28.02034608529249 5.639932965095795e-15
vertex 136.7806367171426 28.02034608529249 1.7730000000000057
endloop
endfacet
endsolid Modelo Óculos Aviator
