solid Modelo Óculos Bike
facet normal 0.0021256214200065953 0.9999955697458689 -0.0020837999457205426
outer loop
vertex 123.79345349382521 38.97666541218802 -12.909197395684213
vertex 120.52708403264552 38.99048074910729 -9.8237845565907
vertex 121.87709556817751 38.9904807491069 -8.203805436615701
endloop
endfacet
facet normal 0.002040102388402099 0.99999573048869 -0.002092124909294572
outer loop
vertex 125.2872863561097 38.976665412187664 -11.425071911794106
vertex 123.79345349382521 38.97666541218802 -12.909197395684213
vertex 121.87709556817751 38.9904807491069 -8.203805436615701
endloop
endfacet
facet normal 0.0025846599302463227 0.9999954293232246 -0.0015687146663999865
outer loop
vertex 115.23976248247564 39.010495263975706 -6.033653547910802
vertex 110.52888383117129 39.02706007788092 -3.4094262750675246
vertex 111.43866518600758 39.02706007788046 -1.5070169128069884
endloop
endfacet
facet normal 0.00250111219604323 0.9999956219340137 -0.0015813129316633403
outer loop
vertex 116.35696826551981 39.01049526397528 -4.246791386469458
vertex 115.23976248247564 39.010495263975706 -6.033653547910802
vertex 111.43866518600758 39.02706007788046 -1.5070169128069884
endloop
endfacet
facet normal 0.0017721199841767572 0.9999982532431968 -0.0005942232889302821
outer loop
vertex 105.6779560860717 39.0449503726087 0.8200363500461808
vertex 105.32712648687736 39.04429345320814 -1.3081630120527792
vertex 105.01112677624144 39.04495037260918 -1.1805141158944576
endloop
endfacet
facet normal 0.0023701573773956095 0.9999968668668249 -0.0008053636073753008
outer loop
vertex 105.32712648687736 39.04429345320814 -1.3081630120527792
vertex 105.6779560860717 39.0449503726087 0.8200363500461808
vertex 106.00786956187633 39.044293453207665 0.6867669526487642
endloop
endfacet
facet normal -0.04462101679420159 0.9990029536568701 0.001436469665924003
outer loop
vertex 90.88343709286562 38.939330076593265 1.14924108110417
vertex 86.95983270234518 38.68913054573472 1.1492411170453196
vertex 86.9598327216619 38.689130545734216 3.2579998740453124
endloop
endfacet
facet normal -0.04331812502011552 0.9990594327495503 0.00194676112774319
outer loop
vertex 90.97074569337848 38.93933007659277 3.2550468668463544
vertex 90.88343709286562 38.939330076593265 1.14924108110417
vertex 86.9598327216619 38.689130545734216 3.2579998740453124
endloop
endfacet
facet normal -0.17419645326743446 0.9847109198485852 1.5959164206124172e-09
outer loop
vertex 82.62182786105137 38.15179192005164 3.2579999137823625
vertex 86.45584392762746 38.656992308000895 1.1492411216619882
vertex 82.62182784173464 38.15179192005214 1.1492411567823697
endloop
endfacet
facet normal -0.09719367369611125 0.9952654870904818 8.90554819472374e-10
outer loop
vertex 86.45584392762746 38.656992308000895 1.1492411216619882
vertex 82.62182786105137 38.15179192005164 3.2579999137823625
vertex 86.45584394694421 38.65699230800039 3.2579998786619813
endloop
endfacet
facet normal -0.012256891765433812 0.9999242591409642 0.0011156099876117602
outer loop
vertex 95.5546358504505 39.06362817125734 0.8510217136994018
vertex 93.36294064017726 39.00275227754139 1.1492410583912802
vertex 93.50542349253628 39.002752277540885 3.253180727680281
endloop
endfacet
facet normal -0.012298865986063548 0.9999233767903551 0.0014065715873499292
outer loop
vertex 95.79788282071074 39.063628171256845 2.9415302225900857
vertex 95.5546358504505 39.06362817125734 0.8510217136994018
vertex 93.50542349253628 39.002752277540885 3.253180727680281
endloop
endfacet
facet normal -0.23130789568636917 0.972880597706185 2.119068957896303e-09
outer loop
vertex 80.70198600588246 37.724158477182314 3.257999931368531
vertex 82.62182784173464 38.15179192005214 1.1492411567823697
vertex 80.70198598656573 37.72415847718282 1.149241174368493
endloop
endfacet
facet normal -0.17419645326743408 0.9847109198485852 1.5959164206124135e-09
outer loop
vertex 82.62182784173464 38.15179192005214 1.1492411567823697
vertex 80.70198600588246 37.724158477182314 3.257999931368531
vertex 82.62182786105137 38.15179192005164 3.2579999137823625
endloop
endfacet
facet normal 0.0 1.0 2.3799712201011423e-13
outer loop
vertex 136.32510788055555 38.97697956271743 -28.129265543743873
vertex 135.52162252612067 38.976979562718455 -32.43770848125577
vertex 134.3657661260056 38.97697956271762 -28.9089086570345
endloop
endfacet
facet normal 0.0 1.0 2.3799712201011423e-13
outer loop
vertex 135.52162252612067 38.976979562718455 -32.43770848125577
vertex 136.32510788055555 38.97697956271743 -28.129265543743873
vertex 137.53185772765377 38.976979562718306 -31.813441751009268
endloop
endfacet
facet normal -0.2718841825959785 0.962329980440242 2.4907558718482836e-09
outer loop
vertex 79.7304830786683 37.47307340755416 3.257999940267691
vertex 80.23857303772877 37.606975481212075 1.1492411786134673
vertex 79.73048305935149 37.47307340755466 1.1492411832676528
endloop
endfacet
facet normal -0.24999911761000046 0.9682460643835437 2.2902852300579395e-09
outer loop
vertex 80.23857303772877 37.606975481212075 1.1492411786134673
vertex 79.7304830786683 37.47307340755416 3.257999940267691
vertex 80.23857305704567 37.60697548121158 3.2579999356134604
endloop
endfacet
facet normal -0.24515293329944018 0.9694844193150709 2.245892671645247e-09
outer loop
vertex 80.55672478382978 37.687426360635236 3.257999932699149
vertex 80.70198598656573 37.72415847718282 1.149241174368493
vertex 80.55672476451305 37.68742636063573 1.149241175699156
endloop
endfacet
facet normal -0.23130789568636884 0.9728805977061852 2.1190689578962995e-09
outer loop
vertex 80.70198598656573 37.72415847718282 1.149241174368493
vertex 80.55672478382978 37.687426360635236 3.257999932699149
vertex 80.70198600588246 37.724158477182314 3.257999931368531
endloop
endfacet
facet normal 0.0016664557482875758 0.9999958486330602 -0.00235066839101948
outer loop
vertex 130.34624957612175 38.954642601483606 -17.263674959172334
vertex 129.71695283034754 38.94866021455124 -20.201097896093298
vertex 128.63906008731962 38.9546426014839 -18.50156330007702
endloop
endfacet
facet normal -0.0006729476089440905 0.9999991228773526 0.0011407830824291668
outer loop
vertex 131.4716029528109 38.94866021455096 -19.038041665691118
vertex 129.71695283034754 38.94866021455124 -20.201097896093298
vertex 130.34624957612175 38.954642601483606 -17.263674959172334
endloop
endfacet
facet normal -0.27225944200849855 0.962223880517014 2.494193938107916e-09
outer loop
vertex 79.32553063855555 37.350897467660914 3.25799994397712
vertex 79.73048305935149 37.47307340755466 1.1492411832676528
vertex 79.32553061923878 37.35089746766142 1.149241186977127
endloop
endfacet
facet normal -0.27188418259597863 0.9623299804402421 2.4907558718482844e-09
outer loop
vertex 79.73048305935149 37.47307340755466 1.1492411832676528
vertex 79.32553063855555 37.350897467660914 3.25799994397712
vertex 79.7304830786683 37.47307340755416 3.257999940267691
endloop
endfacet
facet normal -0.17956345496371998 0.9837463929496728 1.6450809775228446e-09
outer loop
vertex 77.99776337983329 36.999869845834546 3.2579999561397033
vertex 79.32553061923878 37.35089746766142 1.149241186977127
vertex 77.99776336051657 36.99986984583505 1.1492411991397102
endloop
endfacet
facet normal -0.27225944200849905 0.9622238805170139 2.494193938107919e-09
outer loop
vertex 79.32553061923878 37.35089746766142 1.149241186977127
vertex 77.99776337983329 36.999869845834546 3.2579999561397033
vertex 79.32553063855555 37.350897467660914 3.25799994397712
endloop
endfacet
facet normal -0.06026080052585194 0.998182666609666 5.522417556406908e-10
outer loop
vertex 75.98659317881776 36.79274728666893 3.257999974562499
vertex 77.99776336051657 36.99986984583505 1.1492411991397102
vertex 75.98659315950103 36.792747286669425 1.149241217562461
endloop
endfacet
facet normal -0.17956345496372042 0.9837463929496728 1.6450809775228483e-09
outer loop
vertex 77.99776336051657 36.99986984583505 1.1492411991397102
vertex 75.98659317881776 36.79274728666893 3.257999974562499
vertex 77.99776337983329 36.999869845834546 3.2579999561397033
endloop
endfacet
facet normal -0.017969399604211803 0.999838537303831 1.6484213502528554e-10
outer loop
vertex 74.1536168459976 36.75980448344559 3.2579999913530306
vertex 75.98659315950103 36.792747286669425 1.149241217562461
vertex 74.15361682668087 36.75980448344609 1.1492412343529925
endloop
endfacet
facet normal -0.060260800525852504 0.9981826666096658 5.522417556406959e-10
outer loop
vertex 75.98659315950103 36.792747286669425 1.149241217562461
vertex 74.1536168459976 36.75980448344559 3.2579999913530306
vertex 75.98659317881776 36.79274728666893 3.257999974562499
endloop
endfacet
facet normal 0.009062722695938722 0.999958932685406 -8.277881014922458e-11
outer loop
vertex 71.04938550664193 36.772598982329626 3.258000019788535
vertex 73.58623475679302 36.749607276671945 1.1492412395503713
vertex 71.0493854873252 36.77259898233013 1.149241262788542
endloop
endfacet
facet normal -0.004453785087733532 0.9999900818500113 4.103577553791012e-11
outer loop
vertex 73.58623475679302 36.749607276671945 1.1492412395503713
vertex 71.04938550664193 36.772598982329626 3.258000019788535
vertex 73.58623477610983 36.74960727667144 3.2579999965503643
endloop
endfacet
facet normal -0.0026063402062147293 0.9999849708791873 0.004823381229018375
outer loop
vertex 133.6738602071288 38.97102372976843 -22.510383804786677
vertex 132.2739164983339 38.97697956271656 -24.47557872283877
vertex 131.82633212567052 38.971023729768675 -23.526997538437406
endloop
endfacet
facet normal -0.0012918648140874582 0.9999961040675707 0.0024744565024704636
outer loop
vertex 134.14115214168154 38.97697956271632 -23.500731913014196
vertex 132.2739164983339 38.97697956271656 -24.47557872283877
vertex 133.6738602071288 38.97102372976843 -22.510383804786677
endloop
endfacet
facet normal -0.2822469219725025 -0.9593417926042043 2.5852237930582526e-09
outer loop
vertex 75.20337714559662 32.733016268538044 1.1492412247360044
vertex 74.42916107039751 32.89232923692179 3.2579999888280327
vertex 74.42916105108074 32.89232923692229 1.1492412318280172
endloop
endfacet
facet normal -0.15013149047885346 -0.9886660384409883 1.3750065519129033e-09
outer loop
vertex 74.42916107039751 32.89232923692179 3.2579999888280327
vertex 75.20337714559662 32.733016268538044 1.1492412247360044
vertex 75.20337716491339 32.73301626853754 3.2579999817359973
endloop
endfacet
facet normal -0.067993767462358 -0.9976857459071342 6.22602068703006e-10
outer loop
vertex 73.54427246861653 32.979739738793135 1.1492412399338416
vertex 72.55919810227184 33.01682620328718 3.258000005957389
vertex 72.5591980829551 33.016826203287685 1.149241248957396
endloop
endfacet
facet normal -0.022693513142127048 -0.999742469069544 2.0764020615422301e-10
outer loop
vertex 72.55919810227184 33.01682620328718 3.258000005957389
vertex 73.54427246861653 32.979739738793135 1.1492412399338416
vertex 73.5442724879333 32.97973973879264 3.257999996933857
endloop
endfacet
facet normal -0.4722726872352631 -0.8814524995095218 4.325925673572781e-09
outer loop
vertex 75.8564340674133 32.48022252265825 1.1492412187537502
vertex 75.20337716491339 32.73301626853754 3.2579999817359973
vertex 75.20337714559662 32.733016268538044 1.1492412247360044
endloop
endfacet
facet normal -0.282246921972501 -0.9593417926042047 2.585223793058238e-09
outer loop
vertex 75.20337716491339 32.73301626853754 3.2579999817359973
vertex 75.8564340674133 32.48022252265825 1.1492412187537502
vertex 75.85643408673003 32.48022252265775 3.257999975753743
endloop
endfacet
facet normal -0.9022097480223317 -0.43129754297176437 8.264363382137917e-09
outer loop
vertex 77.44892715350215 30.16070142994799 1.1492412041655673
vertex 78.96980416116412 26.97931815213387 3.2579999472332113
vertex 77.44892717281887 30.16070142994749 3.2579999611655603
endloop
endfacet
facet normal -0.9021808019618127 -0.43135808856626345 8.264104799391163e-09
outer loop
vertex 78.96980416116412 26.97931815213387 3.2579999472332113
vertex 77.44892715350215 30.16070142994799 1.1492412041655673
vertex 78.96980414184722 26.979318152134372 1.1492411902331956
endloop
endfacet
facet normal -0.6963309022243358 -0.7177208890700079 6.3783917360893575e-09
outer loop
vertex 76.37784513177947 32.11236964889464 1.1492412139774262
vertex 76.757123673261 31.607879296845606 3.257999967502995
vertex 76.3778451510962 32.11236964889414 3.2579999709774192
endloop
endfacet
facet normal -0.8549773700127775 -0.5186653032216768 7.83167808248875e-09
outer loop
vertex 76.757123673261 31.607879296845606 3.257999967502995
vertex 76.37784513177947 32.11236964889464 1.1492412139774262
vertex 76.75712365394423 31.607879296846107 1.1492412105030019
endloop
endfacet
facet normal -0.902155187619543 -0.4314116566009164 8.263863570791629e-09
outer loop
vertex 80.55672476451305 23.660797111530385 1.1492411756958172
vertex 80.59728632857197 23.575976019083246 3.257999932324229
vertex 80.55672478382978 23.660797111529885 3.2579999326958102
endloop
endfacet
facet normal -0.8827361708211806 -0.46986897399589983 8.085971396849502e-09
outer loop
vertex 80.59728632857197 23.575976019083246 3.257999932324229
vertex 80.55672476451305 23.660797111530385 1.1492411756958172
vertex 80.59728630925524 23.575976019083747 1.149241175324236
endloop
endfacet
facet normal -0.15013149047885346 -0.9886660384409883 1.3750065519129033e-09
outer loop
vertex 74.42916105108074 32.89232923692229 1.1492412318280172
vertex 74.1536168459976 32.91954788373598 3.2579999913521056
vertex 74.15361682668087 32.91954788373648 1.1492412343520677
endloop
endfacet
facet normal -0.09830296491159024 -0.9951565339631704 9.002428016489427e-10
outer loop
vertex 74.1536168459976 32.91954788373598 3.2579999913521056
vertex 74.42916105108074 32.89232923692229 1.1492412318280172
vertex 74.42916107039751 32.89232923692179 3.2579999888280327
endloop
endfacet
facet normal -0.02269351314212725 -0.999742469069544 2.0764020615422482e-10
outer loop
vertex 72.5591980829551 33.016826203287685 1.149241248957396
vertex 71.48442459816438 33.025166941503876 3.2580000158025686
vertex 71.48442457884767 33.02516694150438 1.1492412588025758
endloop
endfacet
facet normal -0.007760227654185091 -0.9999698889800408 7.084762842846066e-11
outer loop
vertex 71.48442459816438 33.025166941503876 3.2580000158025686
vertex 72.5591980829551 33.016826203287685 1.149241248957396
vertex 72.55919810227184 33.01682620328718 3.258000005957389
endloop
endfacet
facet normal -0.007760227656984145 -0.9999698889800193 7.084762847640978e-11
outer loop
vertex 71.48442457884767 33.02516694150438 1.1492412588025758
vertex 71.04938550664193 33.028543045551714 3.2580000197876324
vertex 71.0493854873252 33.02854304555221 1.1492412627876396
endloop
endfacet
facet normal -0.007760227656984145 -0.9999698889800193 7.084762847640978e-11
outer loop
vertex 71.04938550664193 33.028543045551714 3.2580000197876324
vertex 71.48442457884767 33.02516694150438 1.1492412588025758
vertex 71.48442459816438 33.025166941503876 3.2580000158025686
endloop
endfacet
facet normal -0.8549773700127785 -0.5186653032216754 7.83167808248876e-09
outer loop
vertex 76.75712365394423 31.607879296846107 1.1492412105030019
vertex 77.44892717281887 30.16070142994749 3.2579999611655603
vertex 76.757123673261 31.607879296845606 3.257999967502995
endloop
endfacet
facet normal -0.9022097480223317 -0.43129754297176437 8.264363382137917e-09
outer loop
vertex 77.44892717281887 30.16070142994749 3.2579999611655603
vertex 76.75712365394423 31.607879296846107 1.1492412105030019
vertex 77.44892715350215 30.16070142994799 1.1492412041655673
endloop
endfacet
facet normal -0.8827361708211792 -0.46986897399590255 8.085971396849487e-09
outer loop
vertex 80.59728630925524 23.575976019083747 1.149241175324236
vertex 82.23346179593103 20.797680643969986 3.257999917335791
vertex 80.59728632857197 23.575976019083246 3.257999932324229
endloop
endfacet
facet normal -0.7623967785556461 -0.6471098454265497 6.983593555369021e-09
outer loop
vertex 82.23346179593103 20.797680643969986 3.257999917335791
vertex 80.59728630925524 23.575976019083747 1.149241175324236
vertex 82.23346177661426 20.797680643970487 1.1492411603357982
endloop
endfacet
facet normal -0.6963309022243358 -0.7177208890700079 6.3783917360893575e-09
outer loop
vertex 76.37784513177947 32.11236964889464 1.1492412139774262
vertex 75.85643408673003 32.48022252265775 3.257999975753743
vertex 75.8564340674133 32.48022252265825 1.1492412187537502
endloop
endfacet
facet normal -0.47227268723526106 -0.8814524995095228 4.3259256735727636e-09
outer loop
vertex 75.85643408673003 32.48022252265775 3.257999975753743
vertex 76.37784513177947 32.11236964889464 1.1492412139774262
vertex 76.3778451510962 32.11236964889414 3.2579999709774192
endloop
endfacet
facet normal -0.5326360657331856 -0.8463443870436395 4.8788827958143256e-09
outer loop
vertex 85.81150703292793 17.811663541225556 1.1492411275593053
vertex 82.23346179593103 20.797680643969986 3.257999917335791
vertex 82.23346177661426 20.797680643970487 1.1492411603357982
endloop
endfacet
facet normal -0.7623967785556461 -0.6471098454265497 6.983593555369021e-09
outer loop
vertex 82.23346179593103 20.797680643969986 3.257999917335791
vertex 85.81150703292793 17.811663541225556 1.1492411275593053
vertex 85.8115070522447 17.811663541225055 3.257999884559298
endloop
endfacet
facet normal 0.12883300340903509 2.3601372619563924e-13 -0.9916663033665144
outer loop
vertex 137.3603541654059 38.97697956272036 -40.48585037628181
vertex 139.45148527729833 35.55302994314692 -40.21417965322527
vertex 137.3603541654059 35.55302994314698 -40.48585037628263
endloop
endfacet
facet normal 0.12883300340903509 2.3601372619563924e-13 -0.9916663033665144
outer loop
vertex 139.45148527729833 35.55302994314692 -40.21417965322527
vertex 137.3603541654059 38.97697956272036 -40.48585037628181
vertex 139.45148527729833 38.976979562720295 -40.21417965322446
endloop
endfacet
facet normal 0.0 1.0 2.3799712201011423e-13
outer loop
vertex 139.44585325431058 38.976979562720274 -40.13212993888778
vertex 137.3603541654059 38.97697956272036 -40.48585037628181
vertex 137.3548972388523 38.97697956272034 -40.40556445873261
endloop
endfacet
facet normal 0.0 1.0 2.3799712201011423e-13
outer loop
vertex 137.3603541654059 38.97697956272036 -40.48585037628181
vertex 139.44585325431058 38.976979562720274 -40.13212993888778
vertex 139.45148527729833 38.976979562720295 -40.21417965322446
endloop
endfacet
facet normal -0.5545384743690992 -0.3155134694441819 0.7700248898858316
outer loop
vertex 130.37195530851284 32.150880972672724 -17.304205690823515
vertex 128.730897595864 31.75956118592652 -18.646365298229995
vertex 130.44213077674738 31.759561185926227 -17.414852725816296
endloop
endfacet
facet normal -0.5583381650870088 -0.3048664842294989 0.7715665364703272
outer loop
vertex 128.66368170660166 32.150880972673015 -18.540384689359232
vertex 128.730897595864 31.75956118592652 -18.646365298229995
vertex 130.37195530851284 32.150880972672724 -17.304205690823515
endloop
endfacet
facet normal -0.5533172044776544 -0.31635261650479485 0.7705589485948521
outer loop
vertex 130.44213077674738 31.759561185926227 -17.414852725816296
vertex 128.79242808110072 31.40134088079515 -18.74338161923779
vertex 130.506370507257 31.401340880794862 -17.51614076690039
endloop
endfacet
facet normal -0.5570492827930809 -0.3056345838230934 0.7721940155886983
outer loop
vertex 128.730897595864 31.75956118592652 -18.646365298229995
vertex 128.79242808110072 31.40134088079515 -18.74338161923779
vertex 130.44213077674738 31.759561185926227 -17.414852725816296
endloop
endfacet
facet normal 0.1788850487033864 -0.9377494021452698 -0.29770152523387633
outer loop
vertex 132.94929067312955 18.554169484260846 -21.367940831484425
vertex 128.63906008731962 16.980301940430433 -18.501563300082253
vertex 131.13232057454817 18.5541694842611 -22.432735935145775
endloop
endfacet
facet normal 0.1788850487033864 -0.9377494021452698 -0.29770152523387633
outer loop
vertex 132.94929067312955 18.554169484260846 -21.367940831484425
vertex 130.34624957612175 16.980301940430124 -17.263674959177568
vertex 128.63906008731962 16.980301940430433 -18.501563300082253
endloop
endfacet
facet normal 0.16908948769152002 -0.9685130130961488 -0.18273283398349208
outer loop
vertex 126.64368825803271 15.095614273031082 -12.773377383409239
vertex 124.85315991441108 15.019070653858856 -13.910196160405453
vertex 125.09265052561764 15.095614273031423 -14.200639455879388
endloop
endfacet
facet normal 0.16908948769152002 -0.9685130130961488 -0.18273283398349208
outer loop
vertex 126.64368825803271 15.095614273031082 -12.773377383409239
vertex 126.3936526494345 15.019070653858513 -12.470145595819481
vertex 124.85315991441108 15.019070653858856 -13.910196160405453
endloop
endfacet
facet normal 0.12883300340903514 2.1180309829168542e-13 -0.9916663033665144
outer loop
vertex 137.3603541654059 31.53760078582133 -40.48585037628364
vertex 139.45148527729833 29.014505540919068 -40.21417965322683
vertex 137.3603541654059 29.014505540919128 -40.48585037628418
endloop
endfacet
facet normal 0.12883300340903514 2.1180309829168542e-13 -0.9916663033665144
outer loop
vertex 139.45148527729833 29.014505540919068 -40.21417965322683
vertex 137.3603541654059 31.53760078582133 -40.48585037628364
vertex 139.45148527729833 31.537600785821265 -40.21417965322629
endloop
endfacet
facet normal -0.3256362186930244 -0.9454388654652451 0.010315267475879549
outer loop
vertex 90.73660715003942 15.602470904821072 3.2552192497393824
vertex 86.95983270234518 17.28782889302489 1.1492411170402212
vertex 90.65439522057548 15.60247090482157 1.1492410831967206
endloop
endfacet
facet normal -0.3256362186930244 -0.9454388654652451 0.010315267475879549
outer loop
vertex 90.73660715003942 15.602470904821072 3.2552192497393824
vertex 86.9598327216619 17.287828893024386 3.2579998740402143
vertex 86.95983270234518 17.28782889302489 1.1492411170402212
endloop
endfacet
facet normal -0.5726729681917809 -0.16362044916629898 0.8032894995685143
outer loop
vertex 130.55098661193313 30.90067366205937 -17.586487852848386
vertex 128.85788575966225 30.634453704050802 -18.84659002286598
vertex 130.57471034911595 30.634453704050507 -17.623893533840292
endloop
endfacet
facet normal -0.5741264915756927 -0.15765182297785565 0.8034455018125031
outer loop
vertex 128.83516254695718 30.90067366205966 -18.810761888411193
vertex 128.85788575966225 30.634453704050802 -18.84659002286598
vertex 130.55098661193313 30.90067366205937 -17.586487852848386
endloop
endfacet
facet normal -0.322089627656625 -0.8359228521548613 0.4443998841148572
outer loop
vertex 130.37195530851284 32.150880972672724 -17.304205690823515
vertex 128.64434371751682 32.17556983391446 -18.509894103278402
vertex 128.66368170660166 32.150880972673015 -18.540384689359232
endloop
endfacet
facet normal -0.322089627656625 -0.8359228521548613 0.4443998841148572
outer loop
vertex 130.37195530851284 32.150880972672724 -17.304205690823515
vertex 130.35176584953763 32.17556983391416 -17.27237257549246
vertex 128.64434371751682 32.17556983391446 -18.509894103278402
endloop
endfacet
facet normal -0.06968747679047746 -0.9973795190826545 0.019435804409115562
outer loop
vertex 104.21066906330296 13.243764295731282 1.2096958837506113
vertex 99.25954518781346 13.758833987042856 0.3469025142935278
vertex 103.60572109075387 13.243764295731761 -0.8072880765617849
endloop
endfacet
facet normal -0.06968747679047746 -0.9973795190826545 0.019435804409115562
outer loop
vertex 104.21066906330296 13.243764295731282 1.2096958837506113
vertex 99.67312693798937 13.758833987042365 2.414706574436957
vertex 99.25954518781346 13.758833987042856 0.3469025142935278
endloop
endfacet
facet normal -0.5791052561779176 0.07722260806043896 0.8115871925255181
outer loop
vertex 130.57595954268723 29.861612707860807 -17.62586316180691
vertex 128.79599983544912 29.094299610612953 -18.74901327426403
vertex 130.51009952931662 29.09429961061266 -17.52202038900669
endloop
endfacet
facet normal -0.5784770316321811 0.07432314810240859 0.8123056035324191
outer loop
vertex 128.8590822697656 29.8616127078611 -18.84847658377713
vertex 128.79599983544912 29.094299610612953 -18.74901327426403
vertex 130.57595954268723 29.861612707860807 -17.62586316180691
endloop
endfacet
facet normal -0.5055932865047745 0.5606713726319158 0.6557614204513288
outer loop
vertex 129.5835475086056 26.23415675811037 -16.338704661433024
vertex 127.30931253897351 24.881894111577132 -16.888906093418644
vertex 128.9579519895996 24.881894111576823 -15.580010935368612
endloop
endfacet
facet normal -0.5022605466549699 0.5515316684165594 0.6659933648374413
outer loop
vertex 127.90852420348301 26.234156758110668 -17.615602683525903
vertex 127.30931253897351 24.881894111577132 -16.888906093418644
vertex 129.5835475086056 26.23415675811037 -16.338704661433024
endloop
endfacet
facet normal 0.12883300340903509 2.512267872833674e-13 -0.9916663033665144
outer loop
vertex 137.3603541654059 35.55302994314698 -40.48585037628263
vertex 139.45148527729833 31.537600785821265 -40.21417965322629
vertex 137.3603541654059 31.53760078582133 -40.48585037628364
endloop
endfacet
facet normal 0.12883300340903509 2.512267872833674e-13 -0.9916663033665144
outer loop
vertex 139.45148527729833 31.537600785821265 -40.21417965322629
vertex 137.3603541654059 35.55302994314698 -40.48585037628263
vertex 139.45148527729833 35.55302994314692 -40.21417965322527
endloop
endfacet
facet normal -0.47707212642638724 0.6649470655464149 0.5746717203832263
outer loop
vertex 128.4441651826225 23.912359909044756 -14.956913718164058
vertex 126.27251809215578 22.986434915844224 -15.631529053268181
vertex 127.87550650584834 22.986434915843905 -14.267270398745366
endloop
endfacet
facet normal -0.47707212642638724 0.6649470655464149 0.5746717203832263
outer loop
vertex 128.4441651826225 23.912359909044756 -14.956913718164058
vertex 126.81719416782383 23.912359909045076 -16.292087367374005
vertex 126.27251809215578 22.986434915844224 -15.631529053268181
endloop
endfacet
facet normal -0.43145556642130084 0.763298700943418 0.4808546426334729
outer loop
vertex 127.25462575833731 22.10843369759532 -13.514294532614965
vertex 125.0358780915687 21.282447507801866 -14.131788435981168
vertex 126.58441608019025 21.28244750780153 -12.701494788195475
endloop
endfacet
facet normal -0.43145556642130084 0.763298700943418 0.4808546426334729
outer loop
vertex 127.25462575833731 22.10843369759532 -13.514294532614965
vertex 125.67782235845065 22.10843369759565 -14.910309178169946
vertex 125.0358780915687 21.282447507801866 -14.131788435981168
endloop
endfacet
facet normal 0.00801262761765908 -0.9999580270825792 -0.0044431826179342875
outer loop
vertex 112.62135335368563 12.937546285306961 -2.165841470739514
vertex 110.52888383117129 12.983178046213064 -3.4094262750737285
vertex 111.66169332871395 12.937546285307407 -4.0404655775963185
endloop
endfacet
facet normal 0.00801262761765908 -0.9999580270825792 -0.0044431826179342875
outer loop
vertex 112.62135335368563 12.937546285306961 -2.165841470739514
vertex 111.43866518600758 12.983178046212613 -1.5070169128131923
vertex 110.52888383117129 12.983178046213064 -3.4094262750737285
endloop
endfacet
facet normal 0.0662303373419367 -0.8596593333453958 -0.5065563867998535
outer loop
vertex 139.45148527729833 29.014505540919068 -40.21417965322683
vertex 137.3548972388523 28.965753045760714 -40.40556445873498
vertex 137.3603541654059 29.014505540919128 -40.48585037628418
endloop
endfacet
facet normal 0.0662303373419367 -0.8596593333453958 -0.5065563867998535
outer loop
vertex 139.45148527729833 29.014505540919068 -40.21417965322683
vertex 139.44585325431058 28.965753045760653 -40.13212993889015
vertex 137.3548972388523 28.965753045760714 -40.40556445873498
endloop
endfacet
facet normal -0.5780422855390202 -0.0839439942509873 0.8116775972995781
outer loop
vertex 130.57471034911595 30.634453704050507 -17.623893533840292
vertex 128.8590822697656 29.8616127078611 -18.84847658377713
vertex 130.57595954268723 29.861612707860807 -17.62586316180691
endloop
endfacet
facet normal -0.5785570970690753 -0.08032412654644466 0.8116771033641121
outer loop
vertex 128.85788575966225 30.634453704050802 -18.84659002286598
vertex 128.8590822697656 29.8616127078611 -18.84847658377713
vertex 130.57471034911595 30.634453704050507 -17.623893533840292
endloop
endfacet
facet normal -0.5186622908276952 0.4924396764917064 0.698922451413682
outer loop
vertex 130.15108933303532 27.621604001971015 -17.026993513243024
vertex 127.90852420348301 26.234156758110668 -17.615602683525903
vertex 129.5835475086056 26.23415675811037 -16.338704661433024
endloop
endfacet
facet normal -0.5166457836409174 0.4828303324963454 0.7070728422641693
outer loop
vertex 128.45213052891793 27.62160400197131 -18.274863653316295
vertex 127.90852420348301 26.234156758110668 -17.615602683525903
vertex 130.15108933303532 27.621604001971015 -17.026993513243024
endloop
endfacet
facet normal -0.4952327787463333 0.6113781385195846 0.6172205980000286
outer loop
vertex 128.9579519895996 24.881894111576823 -15.580010935368612
vertex 126.81719416782383 23.912359909045076 -16.292087367374005
vertex 128.4441651826225 23.912359909044756 -14.956913718164058
endloop
endfacet
facet normal -0.4952327787463333 0.6113781385195846 0.6172205980000286
outer loop
vertex 128.9579519895996 24.881894111576823 -15.580010935368612
vertex 127.30931253897351 24.881894111577132 -16.888906093418644
vertex 126.81719416782383 23.912359909045076 -16.292087367374005
endloop
endfacet
facet normal 0.17896396653131846 -0.8993058827900583 -0.3990248461719782
outer loop
vertex 135.63030355379345 20.96173678213694 -26.656742481145685
vertex 131.82633212567052 19.102717340188573 -23.52699753844212
vertex 133.70026446479 20.961736782137137 -27.498487756370068
endloop
endfacet
facet normal 0.17896396653131846 -0.8993058827900583 -0.3990248461719782
outer loop
vertex 135.63030355379345 20.96173678213694 -26.656742481145685
vertex 133.6738602071288 19.10271734018833 -22.510383804791392
vertex 131.82633212567052 19.102717340188573 -23.52699753844212
endloop
endfacet
facet normal 0.14839730290810227 -0.8662097153991829 -0.47713621685810786
outer loop
vertex 137.69645405397114 24.31162839652404 -32.315950096615545
vertex 134.3657661260056 21.865705330850645 -28.908908657038562
vertex 135.6792771698455 24.31162839652419 -32.91902404866775
endloop
endfacet
facet normal 0.14839730290810227 -0.8662097153991829 -0.47713621685810786
outer loop
vertex 137.69645405397114 24.31162839652404 -32.315950096615545
vertex 136.32510788055555 21.865705330850457 -28.129265543747934
vertex 134.3657661260056 21.865705330850645 -28.908908657038562
endloop
endfacet
facet normal -0.567288164162305 0.2347464730378275 0.789353046613277
outer loop
vertex 130.51009952931662 29.09429961061266 -17.52202038900669
vertex 128.66957564139818 28.343914005418842 -18.549677771773084
vertex 130.378108758815 28.34391400541855 -17.31390795641704
endloop
endfacet
facet normal -0.5661841499675264 0.22635260261973583 0.7925906936198667
outer loop
vertex 128.79599983544912 29.094299610612953 -18.74901327426403
vertex 128.66957564139818 28.343914005418842 -18.549677771773084
vertex 130.51009952931662 29.09429961061266 -17.52202038900669
endloop
endfacet
facet normal -0.18287785390376932 -0.9829010887200104 0.02147417855402232
outer loop
vertex 96.65733858619814 14.092124810171963 2.8246907130997725
vertex 93.36294064017726 14.918470778777214 1.14924105838555
vertex 96.37631458712855 14.09212481017246 0.7392176210209085
endloop
endfacet
facet normal -0.18287785390376932 -0.9829010887200104 0.02147417855402232
outer loop
vertex 96.65733858619814 14.092124810171963 2.8246907130997725
vertex 93.50542349253628 14.918470778776713 3.253180727674551
vertex 93.36294064017726 14.918470778777214 1.14924105838555
endloop
endfacet
facet normal 0.09942990103957489 -0.9921572273744447 -0.07574781150577682
outer loop
vertex 120.33939617697901 13.437732641688267 -7.076556327071073
vertex 115.72762491343177 13.20272371664443 -6.305420662180485
vertex 119.05423554872517 13.437732641688665 -8.74407603131188
endloop
endfacet
facet normal 0.09942990103957489 -0.9921572273744447 -0.07574781150577682
outer loop
vertex 120.33939617697901 13.437732641688267 -7.076556327071073
vertex 116.86631173924432 13.202723716644009 -4.530524662989215
vertex 115.72762491343177 13.20272371664443 -6.305420662180485
endloop
endfacet
facet normal -0.5417073354161438 0.38334943232126534 0.7480617457772487
outer loop
vertex 130.378108758815 28.34391400541855 -17.31390795641704
vertex 128.63906008731962 28.226600917613364 -18.50156330007957
vertex 130.34624957612175 28.226600917613027 -17.26367495917488
endloop
endfacet
facet normal -0.5431410897793787 0.36927628277004804 0.7540774387135611
outer loop
vertex 128.66957564139818 28.343914005418842 -18.549677771773084
vertex 128.63906008731962 28.226600917613364 -18.50156330007957
vertex 130.378108758815 28.34391400541855 -17.31390795641704
endloop
endfacet
facet normal -0.5643997217000524 -0.2413858808504841 0.7894211871180931
outer loop
vertex 130.506370507257 31.401340880794862 -17.51614076690039
vertex 128.83516254695718 30.90067366205966 -18.810761888411193
vertex 130.55098661193313 30.90067366205937 -17.586487852848386
endloop
endfacet
facet normal -0.5671425516554921 -0.23177942263145765 0.7903338695426924
outer loop
vertex 128.79242808110072 31.40134088079515 -18.74338161923779
vertex 128.83516254695718 30.90067366205966 -18.810761888411193
vertex 130.506370507257 31.401340880794862 -17.51614076690039
endloop
endfacet
facet normal -0.45511686274115953 0.7169032276448899 0.5281272606493475
outer loop
vertex 127.87550650584834 22.986434915843905 -14.267270398745366
vertex 125.67782235845065 22.10843369759565 -14.910309178169946
vertex 127.25462575833731 22.10843369759532 -13.514294532614965
endloop
endfacet
facet normal -0.45511686274115953 0.7169032276448899 0.5281272606493475
outer loop
vertex 127.87550650584834 22.986434915843905 -14.267270398745366
vertex 126.27251809215578 22.986434915844224 -15.631529053268181
vertex 125.67782235845065 22.10843369759565 -14.910309178169946
endloop
endfacet
facet normal 0.0 1.0 2.3799712201011423e-13
outer loop
vertex 138.25905864395563 38.976979562718824 -34.0335674217801
vertex 137.1281698430955 38.97697956272007 -39.240484009850086
vertex 136.21815448367457 38.97697956271896 -34.564202610748126
endloop
endfacet
facet normal 0.0 1.0 2.3799712201011423e-13
outer loop
vertex 137.1281698430955 38.97697956272007 -39.240484009850086
vertex 138.25905864395563 38.976979562718824 -34.0335674217801
vertex 139.20914283757097 38.97697956271999 -38.915749899458845
endloop
endfacet
facet normal -0.13818809237929788 0.9863860102848822 0.0891442081059836
outer loop
vertex 116.86631173924432 16.5076130913909 -4.530524662988426
vertex 115.93929114573939 16.55313031072786 -6.4605879030957984
vertex 115.72762491343177 16.507613091391324 -6.305420662179696
endloop
endfacet
facet normal -0.1452953836608239 0.9846643015108952 0.0965684462799044
outer loop
vertex 117.08729783530924 16.55313031072744 -4.692524063806308
vertex 115.93929114573939 16.55313031072786 -6.4605879030957984
vertex 116.86631173924432 16.5076130913909 -4.530524662988426
endloop
endfacet
facet normal 0.9651117581996594 -0.26183829778082834 -8.840728846716473e-09
outer loop
vertex 83.47461318355305 30.52320454680216 1.1492411489688743
vertex 83.79299561165702 31.34848800081941 3.2579999030525935
vertex 83.47461320286976 30.523204546801658 3.2579999059688673
endloop
endfacet
facet normal 0.8861721696978866 -0.4633561110559996 -8.117668096220579e-09
outer loop
vertex 83.79299561165702 31.34848800081941 3.2579999030525935
vertex 83.47461318355305 30.52320454680216 1.1492411489688743
vertex 83.79299559234025 31.34848800081991 1.1492411460526004
endloop
endfacet
facet normal 0.8861721696978861 -0.46335611105600083 -8.117668096220572e-09
outer loop
vertex 83.79299559234025 31.34848800081991 1.1492411460526004
vertex 84.31374057210897 32.117281796283855 3.2579998982826313
vertex 83.79299561165702 31.34848800081941 3.2579999030525935
endloop
endfacet
facet normal 0.7665898169424121 -0.6421370979473147 -7.0223065002139015e-09
outer loop
vertex 84.31374057210897 32.117281796283855 3.2579998982826313
vertex 83.79299559234025 31.34848800081991 1.1492411460526004
vertex 84.31374055279224 32.11728179628436 1.1492411412826158
endloop
endfacet
facet normal 0.6295464485098844 -0.7769628492846947 -5.7669871926325435e-09
outer loop
vertex 85.01919780114574 32.8035282382743 1.1492411348206286
vertex 84.31374057210897 32.117281796283855 3.2579998982826313
vertex 84.31374055279224 32.11728179628436 1.1492411412826158
endloop
endfacet
facet normal 0.7665898169424121 -0.6421370979473147 -7.0223065002139015e-09
outer loop
vertex 84.31374057210897 32.117281796283855 3.2579998982826313
vertex 85.01919780114574 32.8035282382743 1.1492411348206286
vertex 85.01919782046247 32.8035282382738 3.2579998918206217
endloop
endfacet
facet normal 0.2511833887314328 -0.9679360744091609 -0.0025809073554545594
outer loop
vertex 88.46883331457776 34.39759294815322 3.256888882695038
vertex 87.1076992190074 33.961530492656216 1.149241115689683
vertex 88.43598573618387 34.39759294815372 1.1492411035223622
endloop
endfacet
facet normal 0.2511833887314328 -0.9679360744091609 -0.0025809073554545594
outer loop
vertex 88.46883331457776 34.39759294815322 3.256888882695038
vertex 87.11098958426405 33.96153049265571 3.2578885858395594
vertex 87.1076992190074 33.961530492656216 1.149241115689683
endloop
endfacet
facet normal -0.18004576606530107 0.9756192585976919 0.12550133216523482
outer loop
vertex 117.55132895185699 16.938630438600946 -7.6423326523680455
vertex 115.93929114573939 16.55313031072786 -6.4605879030957984
vertex 117.08729783530924 16.55313031072744 -4.692524063806308
endloop
endfacet
facet normal -0.17323723876656041 0.9767676140683564 0.12615025648704792
outer loop
vertex 118.77031518578221 16.938630438600534 -5.926302148481468
vertex 117.55132895185699 16.938630438600946 -7.6423326523680455
vertex 117.08729783530924 16.55313031072744 -4.692524063806308
endloop
endfacet
facet normal 0.6854074487665781 0.7281527932211967 -0.0031841638556406667
outer loop
vertex 87.06470172475024 20.963518148802752 1.1492411160804625
vertex 86.95983270234518 21.08091452013442 1.1492411170411236
vertex 87.06703530388758 20.963518148802248 3.257920946874351
endloop
endfacet
facet normal 0.7456024715344393 0.6663908763447879 -0.00039289459279600285
outer loop
vertex 86.95983270234518 21.08091452013442 1.1492411170411236
vertex 86.9598327216619 21.080914520133916 3.2579998740411167
vertex 87.06703530388758 20.963518148802248 3.257920946874351
endloop
endfacet
facet normal -0.2980478265426468 0.9145176549224219 0.2735414994628756
outer loop
vertex 123.38172138550559 18.825500256878698 -9.625075097015555
vertex 122.51579619531357 19.211134806757435 -11.702322215265834
vertex 121.96825378702249 18.82550025687907 -11.1851136151466
endloop
endfacet
facet normal -0.32153739344574306 0.895824236873475 0.30677783695399735
outer loop
vertex 123.95337260223037 19.211134806757066 -10.165056879397536
vertex 122.51579619531357 19.211134806757435 -11.702322215265834
vertex 123.38172138550559 18.825500256878698 -9.625075097015555
endloop
endfacet
facet normal -0.10986628419742585 0.9920940663180868 0.0606528084518262
outer loop
vertex 113.36819684221447 16.070711658904358 -4.991085067675364
vertex 111.57556977131618 15.836996907841254 -3.992489859075379
vertex 112.53143769486235 15.836996907840806 -2.1157533361029497
endloop
endfacet
facet normal -0.10605635748895785 0.9924851299759733 0.061035365262687026
outer loop
vertex 114.40299582569546 16.070711658903925 -3.158317633165343
vertex 113.36819684221447 16.070711658904358 -4.991085067675364
vertex 112.53143769486235 15.836996907840806 -2.1157533361029497
endloop
endfacet
facet normal 0.5568394909193816 0.8305825095478216 -0.00790418787015189
outer loop
vertex 88.3686409850562 19.948380502916955 3.2569626486078165
vertex 88.33797436900156 19.948380502917455 1.1492411044167201
vertex 87.06470172475024 20.963518148802752 1.1492411160804625
endloop
endfacet
facet normal 0.5568394909193816 0.8305825095478216 -0.00790418787015189
outer loop
vertex 88.3686409850562 19.948380502916955 3.2569626486078165
vertex 87.06470172475024 20.963518148802752 1.1492411160804625
vertex 87.06703530388758 20.963518148802248 3.257920946874351
endloop
endfacet
facet normal 0.881458018467654 0.4722623864750155 -8.074262619726429e-09
outer loop
vertex 85.27693074566749 23.375088126427446 3.257999889457467
vertex 83.89446389892267 26.29912635413025 1.1492411451218987
vertex 83.89446391823938 26.29912635412975 3.2579999021218917
endloop
endfacet
facet normal 0.9219518147742112 0.3873045974869632 -8.445218385838493e-09
outer loop
vertex 83.89446389892267 26.29912635413025 1.1492411451218987
vertex 85.27693074566749 23.375088126427446 3.257999889457467
vertex 85.27693072635076 23.375088126427947 1.1492411324574743
endloop
endfacet
facet normal 0.9638817303485343 0.26633064018305375 -8.829335656668366e-09
outer loop
vertex 83.51303699060287 27.33195856048003 3.2579999056161233
vertex 83.31428496085208 28.39164982622573 1.1492411504370166
vertex 83.31428498016881 28.391649826225226 3.2579999074370094
endloop
endfacet
facet normal 0.9951310214093806 0.09856089604261302 -9.115624589067597e-09
outer loop
vertex 83.31428496085208 28.39164982622573 1.1492411504370166
vertex 83.51303699060287 27.33195856048003 3.2579999056161233
vertex 83.51303697128614 27.33195856048053 1.1492411486161302
endloop
endfacet
facet normal 0.035492021952823694 0.9992949444288834 -0.012244607652962328
outer loop
vertex 105.88058552659024 15.712358247733578 -1.5317342151648723
vertex 105.01112677624144 15.75904389810817 -1.1805141159000074
vertex 105.6779560860717 15.759043898107695 0.8200363500406311
endloop
endfacet
facet normal 0.034854267999734095 0.9993121315771902 -0.012666636682833205
outer loop
vertex 106.5856979248825 15.712358247733105 0.4533516986916263
vertex 105.88058552659024 15.712358247733578 -1.5317342151648723
vertex 105.6779560860717 15.759043898107695 0.8200363500406311
endloop
endfacet
facet normal -0.22401804163374045 0.9596429054831191 0.17000414988611626
outer loop
vertex 119.1264641459283 17.448164481699138 -8.797025016234377
vertex 117.55132895185699 16.938630438600946 -7.6423326523680455
vertex 118.77031518578221 16.938630438600534 -5.926302148481468
endloop
endfacet
facet normal -0.2169070150226109 0.9609774282763186 0.17167914601783704
outer loop
vertex 120.4148050674107 17.44816448169874 -7.131836705717488
vertex 119.1264641459283 17.448164481699138 -8.797025016234377
vertex 118.77031518578221 16.938630438600534 -5.926302148481468
endloop
endfacet
facet normal -0.0387571396898425 0.9990964841321018 0.017438449413140766
outer loop
vertex 109.72411050174823 15.69909901347075 -3.084336018022572
vertex 107.80211505410101 15.657503932613286 -2.3079410117747936
vertex 108.5918342090157 15.65750393261282 -0.35703221494365245
endloop
endfacet
facet normal -0.038533560164259004 0.9990938973374653 0.018070668059081068
outer loop
vertex 110.59845692818811 15.699099013470294 -1.1676126252645853
vertex 109.72411050174823 15.69909901347075 -3.084336018022572
vertex 108.5918342090157 15.65750393261282 -0.35703221494365245
endloop
endfacet
facet normal 0.08635453664203042 0.996009990087917 -0.022516519411482677
outer loop
vertex 102.76238130705451 15.874881623728534 -0.5833268598554572
vertex 99.25954518781346 16.35623750801791 0.34690251429415947
vertex 99.67312693798937 16.35623750801742 2.414706574437589
endloop
endfacet
facet normal 0.08383884429333936 0.9961889310818698 -0.024055389781060168
outer loop
vertex 103.33019623386699 15.874881623728049 1.4435183239684017
vertex 102.76238130705451 15.874881623728534 -0.5833268598554572
vertex 99.67312693798937 16.35623750801742 2.414706574437589
endloop
endfacet
facet normal 0.305833068927942 0.9519099458254776 -0.018264418650830155
outer loop
vertex 93.32682409041293 17.646466753974845 1.1492410587170427
vertex 89.8210927119406 19.09763320134314 1.1492410908307984
vertex 89.88476188008255 19.09763320134264 3.2558464149846995
endloop
endfacet
facet normal 0.2961992479917063 0.9549169721755875 -0.019989540769006695
outer loop
vertex 93.46850327236992 17.646466753974344 3.2532079099344076
vertex 93.32682409041293 17.646466753974845 1.1492410587170427
vertex 89.88476188008255 19.09763320134264 3.2558464149846995
endloop
endfacet
facet normal 0.9219518147742113 0.38730459748696294 -8.445218385838495e-09
outer loop
vertex 83.89446391823938 26.29912635412975 3.2579999021218917
vertex 83.51303697128614 27.33195856048053 1.1492411486161302
vertex 83.51303699060287 27.33195856048003 3.2579999056161233
endloop
endfacet
facet normal 0.9638817303485341 0.2663306401830544 -8.829335656668364e-09
outer loop
vertex 83.51303697128614 27.33195856048053 1.1492411486161302
vertex 83.89446391823938 26.29912635412975 3.2579999021218917
vertex 83.89446389892267 26.29912635413025 1.1492411451218987
endloop
endfacet
facet normal 0.9951310214093806 0.09856089604261307 -9.115624589067597e-09
outer loop
vertex 83.31428498016881 28.391649826225226 3.2579999074370094
vertex 83.30140792166304 29.461138339822593 1.149241150555207
vertex 83.30140794097981 29.461138339822092 3.2579999075551997
endloop
endfacet
facet normal 0.9972030234662543 -0.07474041737748613 -9.134648298881446e-09
outer loop
vertex 83.30140792166304 29.461138339822593 1.149241150555207
vertex 83.31428498016881 28.391649826225226 3.2579999074370094
vertex 83.31428496085208 28.39164982622573 1.1492411504370166
endloop
endfacet
facet normal 0.18252390817537595 0.9828532018598467 -0.026164986876249484
outer loop
vertex 97.52669093874542 16.588507862790635 0.5826883371501702
vertex 93.36294064017726 17.63808286698435 1.1492410583862043
vertex 93.50542349253628 17.638082866983847 3.253180727675205
endloop
endfacet
facet normal 0.17743469378783358 0.9836787582823825 -0.02988360661713591
outer loop
vertex 97.86060397903846 16.58850786279014 2.661111685622097
vertex 97.52669093874542 16.588507862790635 0.5826883371501702
vertex 93.50542349253628 17.638082866983847 3.253180727675205
endloop
endfacet
facet normal -0.08049886143970172 0.99593562829961 0.04039997017786954
outer loop
vertex 111.57556977131618 15.836996907841254 -3.992489859075379
vertex 110.52888383117129 15.757029394879329 -3.4094262750730744
vertex 111.43866518600758 15.757029394878874 -1.5070169128125381
endloop
endfacet
facet normal -0.07680227987558404 0.9962271910500405 0.04040784105168892
outer loop
vertex 112.53143769486235 15.836996907840806 -2.1157533361029497
vertex 111.57556977131618 15.836996907841254 -3.992489859075379
vertex 111.43866518600758 15.757029394878874 -1.5070169128125381
endloop
endfacet
facet normal 0.804727460764764 0.5936444338921196 -7.371364522368071e-09
outer loop
vertex 86.03520831431402 22.115992060225647 3.2579998825111454
vertex 85.27693072635076 23.375088126427947 1.1492411324574743
vertex 85.27693074566749 23.375088126427446 3.257999889457467
endloop
endfacet
facet normal 0.8814580184676539 0.47226238647501584 -8.074262619726426e-09
outer loop
vertex 85.27693072635076 23.375088126427947 1.1492411324574743
vertex 86.03520831431402 22.115992060225647 3.2579998825111454
vertex 86.03520829499729 22.115992060226148 1.1492411255111523
endloop
endfacet
facet normal 0.49331164177504944 -0.8698526450435184 -4.519065577241824e-09
outer loop
vertex 85.88545638779375 33.3839675131631 1.1492411268855813
vertex 85.01919782046247 32.8035282382738 3.2579998918206217
vertex 85.01919780114574 32.8035282382743 1.1492411348206286
endloop
endfacet
facet normal 0.6295464485098848 -0.7769628492846945 -5.766987192632548e-09
outer loop
vertex 85.01919782046247 32.8035282382738 3.2579998918206217
vertex 85.88545638779375 33.3839675131631 1.1492411268855813
vertex 85.88545640711047 33.383967513162595 3.2579998838856197
endloop
endfacet
facet normal 0.3635240975711048 -0.9315847600532207 -0.0002555810974276041
outer loop
vertex 87.11098958426405 33.96153049265571 3.2578885858395594
vertex 86.95983270234518 33.89165708642862 1.1492411170441916
vertex 87.1076992190074 33.961530492656216 1.149241115689683
endloop
endfacet
facet normal 0.3635240975711048 -0.9315847600532207 -0.0002555810974276041
outer loop
vertex 87.11098958426405 33.96153049265571 3.2578885858395594
vertex 86.9598327216619 33.891657086428125 3.2579998740441845
vertex 86.95983270234518 33.89165708642862 1.1492411170441916
endloop
endfacet
facet normal -0.25594564212516213 0.9414898104216749 0.2192915072438896
outer loop
vertex 121.99709837346975 18.0784673946863 -8.317160095539805
vertex 121.96825378702249 18.82550025687907 -11.1851136151466
vertex 120.64202584172253 18.078467394686683 -9.932358598108562
endloop
endfacet
facet normal -0.2980478265426468 0.9145176549224219 0.2735414994628756
outer loop
vertex 123.38172138550559 18.825500256878698 -9.625075097015555
vertex 121.96825378702249 18.82550025687907 -11.1851136151466
vertex 121.99709837346975 18.0784673946863 -8.317160095539805
endloop
endfacet
facet normal -0.3823199003847729 0.8275042911016053 0.41117896587520963
outer loop
vertex 126.3936526494345 21.079830609549422 -12.470145595818037
vertex 125.0358780915687 21.282447507801866 -14.131788435981168
vertex 124.85315991441108 21.079830609549763 -13.91019616040401
endloop
endfacet
facet normal -0.39936407163859483 0.808428000684892 0.4323800480975867
outer loop
vertex 126.58441608019025 21.28244750780153 -12.701494788195475
vertex 125.0358780915687 21.282447507801866 -14.131788435981168
vertex 126.3936526494345 21.079830609549422 -12.470145595818037
endloop
endfacet
facet normal -0.36192177812961424 0.8588738192107043 0.36242018319888947
outer loop
vertex 124.01717549204096 20.26855742923037 -13.120525212056735
vertex 122.51579619531357 19.211134806757435 -11.702322215265834
vertex 123.95337260223037 19.211134806757066 -10.165056879397536
endloop
endfacet
facet normal -0.351407905297005 0.8623755914071826 0.3644459129142257
outer loop
vertex 125.52085904482132 20.268557429230015 -11.645704691151069
vertex 124.01717549204096 20.26855742923037 -13.120525212056735
vertex 123.95337260223037 19.211134806757066 -10.165056879397536
endloop
endfacet
facet normal -0.10605635748895785 0.9924851299759733 0.061035365262687026
outer loop
vertex 114.40299582569546 16.070711658903925 -3.158317633165343
vertex 114.2356050186785 16.211407763395385 -5.474280743440367
vertex 113.36819684221447 16.070711658904358 -4.991085067675364
endloop
endfacet
facet normal -0.12915552772734043 0.9885165966578245 0.0784460820532421
outer loop
vertex 115.3085968019201 16.211407763394952 -3.662788870068085
vertex 114.2356050186785 16.211407763395385 -5.474280743440367
vertex 114.40299582569546 16.070711658903925 -3.158317633165343
endloop
endfacet
facet normal 0.002818225094638913 0.9999956787695466 -0.0008366896376405793
outer loop
vertex 107.80211505410101 15.657503932613286 -2.3079410117747936
vertex 105.88058552659024 15.712358247733578 -1.5317342151648723
vertex 106.5856979248825 15.712358247733105 0.4533516986916263
endloop
endfacet
facet normal 0.002716034420481682 0.999995931054276 -0.0008723714337095945
outer loop
vertex 108.5918342090157 15.65750393261282 -0.35703221494365245
vertex 107.80211505410101 15.657503932613286 -2.3079410117747936
vertex 106.5856979248825 15.712358247733105 0.4533516986916263
endloop
endfacet
facet normal 0.440002640061743 0.8979282885398981 -0.01106640766037486
outer loop
vertex 89.8210927119406 19.09763320134314 1.1492410908307984
vertex 88.33797436900156 19.948380502917455 1.1492411044167201
vertex 88.3686409850562 19.948380502916955 3.2569626486078165
endloop
endfacet
facet normal 0.43458838822109724 0.9004973140503466 -0.015411690741129495
outer loop
vertex 89.88476188008255 19.09763320134264 3.2558464149846995
vertex 89.8210927119406 19.09763320134314 1.1492410908307984
vertex 88.3686409850562 19.948380502916955 3.2569626486078165
endloop
endfacet
facet normal 0.9972030234662543 -0.07474041737748613 -9.134648298881446e-09
outer loop
vertex 83.30140792166304 29.461138339822593 1.149241150555207
vertex 83.47461320286976 30.523204546801658 3.2579999059688673
vertex 83.30140794097981 29.461138339822092 3.2579999075551997
endloop
endfacet
facet normal 0.9651117581996597 -0.2618382977808281 -8.840728846716475e-09
outer loop
vertex 83.47461320286976 30.523204546801658 3.2579999059688673
vertex 83.30140792166304 29.461138339822593 1.149241150555207
vertex 83.47461318355305 30.52320454680216 1.1492411489688743
endloop
endfacet
facet normal -0.23354579011133772 0.9525419204245422 0.19524408763185622
outer loop
vertex 121.87709556817751 18.025870201251657 -8.203805436620687
vertex 120.64202584172253 18.078467394686683 -9.932358598108562
vertex 120.52708403264552 18.025870201252044 -9.823784556595687
endloop
endfacet
facet normal -0.25594564212516213 0.9414898104216749 0.2192915072438896
outer loop
vertex 121.99709837346975 18.0784673946863 -8.317160095539805
vertex 120.64202584172253 18.078467394686683 -9.932358598108562
vertex 121.87709556817751 18.025870201251657 -8.203805436620687
endloop
endfacet
facet normal 0.009524729090877936 -0.9999439418659805 -0.0046252201320548915
outer loop
vertex 112.3200329174828 35.371285699066874 -1.9979888544649034
vertex 110.52888383117129 35.35086001511277 -3.4094262750684043
vertex 111.373080775327 35.37128569906732 -3.8796919746297758
endloop
endfacet
facet normal 0.009524729090877936 -0.9999439418659805 -0.0046252201320548915
outer loop
vertex 112.3200329174828 35.371285699066874 -1.9979888544649034
vertex 111.43866518600758 35.350860015112325 -1.5070169128078683
vertex 110.52888383117129 35.35086001511277 -3.4094262750684043
endloop
endfacet
facet normal -0.1900321199083772 -0.9547849384025264 0.22863401934710384
outer loop
vertex 128.3716259334276 34.618624367023976 -14.868941423626685
vertex 126.41482792960525 34.763544329729484 -15.804115936562972
vertex 126.74771418765795 34.618624367024296 -16.207825214850445
endloop
endfacet
facet normal -0.1900321199083772 -0.9547849384025264 0.22863401934710384
outer loop
vertex 128.3716259334276 34.618624367023976 -14.868941423626685
vertex 128.02408237960358 34.76354432972916 -14.447456445218396
vertex 126.41482792960525 34.763544329729484 -15.804115936562972
endloop
endfacet
facet normal -0.3323106634306837 -0.8418993792312909 0.4251765024319027
outer loop
vertex 129.31233755506722 33.941792008692104 -16.00979359358536
vertex 127.36802485402093 34.20551821468026 -16.96010971255354
vertex 127.64875225379025 33.94179200869241 -17.300563105311163
endloop
endfacet
facet normal -0.3323106634306837 -0.8418993792312909 0.4251765024319027
outer loop
vertex 129.31233755506722 33.941792008692104 -16.00979359358536
vertex 129.01924946322958 34.20551821467995 -15.654349716981429
vertex 127.36802485402093 34.20551821468026 -16.96010971255354
endloop
endfacet
facet normal -0.2858242886865539 -0.8886279790797047 0.35867086694286343
outer loop
vertex 129.01924946322958 34.20551821467995 -15.654349716981429
vertex 127.06659406123029 34.43194384754396 -16.594548188557372
vertex 127.36802485402093 34.20551821468026 -16.96010971255354
endloop
endfacet
facet normal -0.2858242886865539 -0.8886279790797047 0.35867086694286343
outer loop
vertex 129.01924946322958 34.20551821467995 -15.654349716981429
vertex 128.70454638845797 34.43194384754365 -15.272692174449794
vertex 127.06659406123029 34.43194384754396 -16.594548188557372
endloop
endfacet
facet normal -0.09064071190459673 -0.990402096928222 0.10434532929464711
outer loop
vertex 127.66566788259851 34.86513914829903 -14.01278768250015
vertex 125.72152432443681 34.92231198302993 -14.96330893024805
vertex 126.07152919933938 34.865139148299356 -15.387778886654782
endloop
endfacet
facet normal -0.09064071190459673 -0.990402096928222 0.10434532929464711
outer loop
vertex 127.66566788259851 34.86513914829903 -14.01278768250015
vertex 127.30025196308601 34.922311983029594 -13.569627913742833
vertex 125.72152432443681 34.92231198302993 -14.96330893024805
endloop
endfacet
facet normal -0.4585513696668422 -0.6339453440119965 0.6227711796335588
outer loop
vertex 130.03163838978006 32.95710747809045 -16.882128854741094
vertex 128.50803227414278 32.57619367192828 -18.342658741498493
vertex 130.2094524848039 32.57619367192798 -17.097773683071892
endloop
endfacet
facet normal -0.4676594431195747 -0.6219344261967362 0.6280861523488841
outer loop
vertex 128.33771730765795 32.95710747809075 -18.136108514392806
vertex 128.50803227414278 32.57619367192828 -18.342658741498493
vertex 130.03163838978006 32.95710747809045 -16.882128854741094
endloop
endfacet
facet normal 0.1397837584072746 -0.9901763041196413 -0.003374558564368052
outer loop
vertex 89.90373809770088 34.682089539036724 3.255832443878207
vertex 88.43598573618387 34.39759294815372 1.1492411035223622
vertex 89.83965585985426 34.68208953903723 1.149241090664443
endloop
endfacet
facet normal 0.1397837584072746 -0.9901763041196413 -0.003374558564368052
outer loop
vertex 89.90373809770088 34.682089539036724 3.255832443878207
vertex 88.46883331457776 34.39759294815322 3.256888882695038
vertex 88.43598573618387 34.39759294815372 1.1492411035223622
endloop
endfacet
facet normal 0.026157216267215042 -0.9996403370837067 -0.005915785013275507
outer loop
vertex 101.49941261796543 35.13754471796687 1.9297096955499633
vertex 99.25954518781346 35.076082331840425 0.34690251429860375
vertex 101.00880912740698 35.13754471796735 -0.1176401146905226
endloop
endfacet
facet normal 0.026157216267215042 -0.9996403370837067 -0.005915785013275507
outer loop
vertex 101.49941261796543 35.13754471796687 1.9297096955499633
vertex 99.67312693798937 35.07608233183993 2.414706574442033
vertex 99.25954518781346 35.076082331840425 0.34690251429860375
endloop
endfacet
facet normal -0.05313588967064973 -0.9968218836874122 0.059352417227840265
outer loop
vertex 127.30025196308601 34.922311983029594 -13.569627913742833
vertex 124.85315991441108 35.0079287987518 -13.910196160400693
vertex 125.72152432443681 34.92231198302993 -14.96330893024805
endloop
endfacet
facet normal -0.05313588967064973 -0.9968218836874122 0.059352417227840265
outer loop
vertex 127.30025196308601 34.922311983029594 -13.569627913742833
vertex 126.3936526494345 35.007928798751465 -12.470145595814722
vertex 124.85315991441108 35.0079287987518 -13.910196160400693
endloop
endfacet
facet normal -0.023510661634276016 -0.9995075994666265 0.02077997588978599
outer loop
vertex 120.62697993422417 35.37258203278077 -9.918146232748088
vertex 121.87709556817751 35.37256594513689 -8.203805436616559
vertex 120.52708403264552 35.37256594513728 -9.823784556591558
endloop
endfacet
facet normal 9.017895655887005e-05 -0.9999999934397359 -7.062778530501871e-05
outer loop
vertex 121.87709556817751 35.37256594513689 -8.203805436616559
vertex 120.62697993422417 35.37258203278077 -9.918146232748088
vertex 121.98138998047979 35.372582032780386 -8.302321946333985
endloop
endfacet
facet normal -0.5134726905777117 -0.48845632168563985 0.7055184036127053
outer loop
vertex 130.34624957612175 32.1938818706309 -17.263674959173937
vertex 128.64434371751682 32.17556983391446 -18.509894103278402
vertex 130.34624957612175 32.1938818706309 -17.263674959173937
endloop
endfacet
facet normal -0.5134726905777117 -0.48845632168563985 0.7055184036127053
outer loop
vertex 130.34624957612175 32.1938818706309 -17.263674959173937
vertex 128.63906008731962 32.19388187063117 -18.501563300078622
vertex 128.63906008731962 32.19388187063117 -18.501563300078622
endloop
endfacet
facet normal -0.4585513696668422 -0.6339453440119965 0.6227711796335588
outer loop
vertex 130.03163838978006 32.95710747809045 -16.882128854741094
vertex 129.82127934131634 33.31419882430461 -16.627014990524163
vertex 128.33771730765795 32.95710747809075 -18.136108514392806
endloop
endfacet
facet normal -0.4176363398161275 -0.7155402506348076 0.5599839617225343
outer loop
vertex 129.82127934131634 33.31419882430461 -16.627014990524163
vertex 128.13622993803168 33.31419882430491 -17.891753817831418
vertex 128.33771730765795 32.95710747809075 -18.136108514392806
endloop
endfacet
facet normal -0.23836059122413544 -0.9259196741914482 0.2930136268102273
outer loop
vertex 128.70454638845797 34.43194384754365 -15.272692174449794
vertex 126.74771418765795 34.618624367024296 -16.207825214850445
vertex 127.06659406123029 34.43194384754396 -16.594548188557372
endloop
endfacet
facet normal -0.23836059122413544 -0.9259196741914482 0.2930136268102273
outer loop
vertex 128.70454638845797 34.43194384754365 -15.272692174449794
vertex 128.3716259334276 34.618624367023976 -14.868941423626685
vertex 126.74771418765795 34.618624367024296 -16.207825214850445
endloop
endfacet
facet normal -0.4176363398161275 -0.7155402506348076 0.5599839617225343
outer loop
vertex 129.82127934131634 33.31419882430461 -16.627014990524163
vertex 129.58064642134096 33.64361247491978 -16.33518635505031
vertex 128.13622993803168 33.31419882430491 -17.891753817831418
endloop
endfacet
facet normal -0.37657615061788813 -0.7836007514445633 0.49412575840703676
outer loop
vertex 129.58064642134096 33.64361247491978 -16.33518635505031
vertex 127.90574546662201 33.643612474920076 -17.612232758135054
vertex 128.13622993803168 33.31419882430491 -17.891753817831418
endloop
endfacet
facet normal -0.37657615061788813 -0.7836007514445633 0.49412575840703676
outer loop
vertex 129.58064642134096 33.64361247491978 -16.33518635505031
vertex 127.64875225379025 33.94179200869241 -17.300563105311163
vertex 127.90574546662201 33.643612474920076 -17.612232758135054
endloop
endfacet
facet normal -0.37657615061788813 -0.7836007514445633 0.49412575840703676
outer loop
vertex 129.58064642134096 33.64361247491978 -16.33518635505031
vertex 129.31233755506722 33.941792008692104 -16.00979359358536
vertex 127.64875225379025 33.94179200869241 -17.300563105311163
endloop
endfacet
facet normal 0.05759602172233388 -0.998337448018952 -0.0022445856559156164
outer loop
vertex 91.38258284559103 34.80845339303655 3.2547436545632875
vertex 89.83965585985426 34.68208953903723 1.149241090664443
vertex 91.28630947379112 34.80845339303705 1.1492410774127662
endloop
endfacet
facet normal 0.05759602172233388 -0.998337448018952 -0.0022445856559156164
outer loop
vertex 91.38258284559103 34.80845339303655 3.2547436545632875
vertex 89.90373809770088 34.682089539036724 3.255832443878207
vertex 89.83965585985426 34.68208953903723 1.149241090664443
endloop
endfacet
facet normal -0.1408245908070295 -0.9760641940685234 0.16573208404348447
outer loop
vertex 128.02408237960358 34.76354432972916 -14.447456445218396
vertex 126.07152919933938 34.865139148299356 -15.387778886654782
vertex 126.41482792960525 34.763544329729484 -15.804115936562972
endloop
endfacet
facet normal -0.1408245908070295 -0.9760641940685234 0.16573208404348447
outer loop
vertex 128.02408237960358 34.76354432972916 -14.447456445218396
vertex 127.66566788259851 34.86513914829903 -14.01278768250015
vertex 126.07152919933938 34.865139148299356 -15.387778886654782
endloop
endfacet
facet normal 0.8444773181853409 -2.2399042868872306e-13 0.535591317209768
outer loop
vertex 128.730897595864 31.75956118592652 -18.646365298229995
vertex 128.66368170660166 32.150880972673015 -18.540384689359232
vertex 128.64434371751682 32.17556983391446 -18.509894103278402
endloop
endfacet
facet normal -0.9976981029171474 1.6225469612799763e-14 -0.06781220712766141
outer loop
vertex 137.3603541654059 38.97697956272036 -40.48585037628181
vertex 137.3548972388523 28.965753045760714 -40.40556445873498
vertex 137.3548972388523 38.97697956272034 -40.40556445873261
endloop
endfacet
facet normal -0.9885285190557218 3.588194215740119e-14 -0.15103432395817004
outer loop
vertex 137.3548972388523 28.965753045760714 -40.40556445873498
vertex 137.3603541654059 38.97697956272036 -40.48585037628181
vertex 137.3603541654059 29.014505540919128 -40.48585037628418
endloop
endfacet
facet normal -0.9976981029171474 1.6225469612799763e-14 -0.06781220712766141
outer loop
vertex 137.3603541654059 29.014505540919128 -40.48585037628418
vertex 137.3603541654059 38.97697956272036 -40.48585037628181
vertex 137.3603541654059 35.55302994314698 -40.48585037628263
endloop
endfacet
facet normal -0.9976981029171474 1.6225469612799763e-14 -0.06781220712766141
outer loop
vertex 137.3603541654059 29.014505540919128 -40.48585037628418
vertex 137.3603541654059 35.55302994314698 -40.48585037628263
vertex 137.3603541654059 31.53760078582133 -40.48585037628364
endloop
endfacet
facet normal 0.950319364469588 -7.437184446050985e-14 0.31127657398866126
outer loop
vertex 138.3066320340891 28.347592837505015 -32.2174883333092
vertex 137.94928920931153 27.781096313708634 -31.126529891468035
vertex 137.9361569265162 27.561569929194512 -31.08643737027321
endloop
endfacet
facet normal 0.950319364469588 -7.437184446050985e-14 0.31127657398866126
outer loop
vertex 137.94928920931153 27.781096313708634 -31.126529891468035
vertex 138.3066320340891 28.347592837505015 -32.2174883333092
vertex 137.99785528203597 28.131480827889355 -31.274800860833974
endloop
endfacet
facet normal 0.950319364469588 -7.437184446050985e-14 0.31127657398866126
outer loop
vertex 137.99785528203597 28.131480827889355 -31.274800860833974
vertex 138.3066320340891 28.347592837505015 -32.2174883333092
vertex 138.02497741803674 28.50215569918253 -31.357604043601892
endloop
endfacet
facet normal 0.950319364469588 -7.437184446050985e-14 0.31127657398866126
outer loop
vertex 137.06374207745677 31.30980456010076 -28.422977302306542
vertex 136.89346047249782 35.286848385138754 -27.90311194741596
vertex 136.89346047249782 31.259324777833378 -27.90311194741691
endloop
endfacet
facet normal 0.9303682544951194 -8.705884399071413e-14 0.36662639161373084
outer loop
vertex 136.89346047249782 35.286848385138754 -27.90311194741596
vertex 137.06374207745677 31.30980456010076 -28.422977302306542
vertex 136.9536304110242 35.30309885840272 -28.08680922025565
endloop
endfacet
facet normal 0.950319364469588 -7.437184446050985e-14 0.31127657398866126
outer loop
vertex 136.9536304110242 35.30309885840272 -28.08680922025565
vertex 137.06374207745677 31.30980456010076 -28.422977302306542
vertex 137.722548421568 34.88652947775796 -30.43429610545847
endloop
endfacet
facet normal 0.950319364469588 -7.437184446050985e-14 0.31127657398866126
outer loop
vertex 137.722548421568 34.88652947775796 -30.43429610545847
vertex 137.06374207745677 31.30980456010076 -28.422977302306542
vertex 137.51193978847652 30.9517682361104 -29.791313372172663
endloop
endfacet
facet normal 0.950319364469588 -7.437184446050985e-14 0.31127657398866126
outer loop
vertex 137.722548421568 34.88652947775796 -30.43429610545847
vertex 137.51193978847652 30.9517682361104 -29.791313372172663
vertex 137.846425972518 30.192368266705767 -30.812491078445788
endloop
endfacet
facet normal 0.950319364469588 -7.437184446050985e-14 0.31127657398866126
outer loop
vertex 137.722548421568 34.88652947775796 -30.43429610545847
vertex 137.846425972518 30.192368266705767 -30.812491078445788
vertex 138.32220014238615 33.76581735332167 -32.265017367032605
endloop
endfacet
facet normal 0.950319364469588 -7.437184446050985e-14 0.31127657398866126
outer loop
vertex 138.32220014238615 33.76581735332167 -32.265017367032605
vertex 137.846425972518 30.192368266705767 -30.812491078445788
vertex 138.01789037781356 29.14907633245099 -31.335967492304096
endloop
endfacet
facet normal 0.950319364469588 -7.437184446050985e-14 0.31127657398866126
outer loop
vertex 138.32220014238615 33.76581735332167 -32.265017367032605
vertex 138.01789037781356 29.14907633245099 -31.335967492304096
vertex 138.02497741803674 28.50215569918253 -31.357604043601892
endloop
endfacet
facet normal 0.950319364469588 -7.437184446050985e-14 0.31127657398866126
outer loop
vertex 138.32220014238615 33.76581735332167 -32.265017367032605
vertex 138.02497741803674 28.50215569918253 -31.357604043601892
vertex 138.3066320340891 28.347592837505015 -32.2174883333092
endloop
endfacet
facet normal 0.950319364469588 -7.437184446050985e-14 0.31127657398866126
outer loop
vertex 138.32220014238615 33.76581735332167 -32.265017367032605
vertex 138.3066320340891 28.347592837505015 -32.2174883333092
vertex 138.57260449979432 29.351426164339056 -33.02949542184969
endloop
endfacet
facet normal 0.950319364469588 -7.437184446050985e-14 0.31127657398866126
outer loop
vertex 138.32220014238615 33.76581735332167 -32.265017367032605
vertex 138.57260449979432 29.351426164339056 -33.02949542184969
vertex 138.67135468843094 32.13445651134262 -33.330977204765844
endloop
endfacet
facet normal 0.950319364469588 -7.437184446050985e-14 0.31127657398866126
outer loop
vertex 138.67135468843094 32.13445651134262 -33.330977204765844
vertex 138.57260449979432 29.351426164339056 -33.02949542184969
vertex 138.71182221996781 30.520173088518913 -33.45452353643842
endloop
endfacet
facet normal 0.9976524583252715 -1.6385326973032114e-14 0.06848045266747535
outer loop
vertex 139.45148527729833 31.537600785821265 -40.21417965322629
vertex 139.45148527729833 35.55302994314692 -40.21417965322527
vertex 139.45148527729833 29.014505540919068 -40.21417965322683
endloop
endfacet
facet normal 0.9976524583252715 -1.6385326973032114e-14 0.06848045266747535
outer loop
vertex 139.45148527729833 29.014505540919068 -40.21417965322683
vertex 139.44585325431058 38.976979562720274 -40.13212993888778
vertex 139.44585325431058 28.965753045760653 -40.13212993889015
endloop
endfacet
facet normal 0.9915142344666896 -3.0697152802917926e-14 0.12999816479448678
outer loop
vertex 139.44585325431058 38.976979562720274 -40.13212993888778
vertex 139.45148527729833 29.014505540919068 -40.21417965322683
vertex 139.45148527729833 38.976979562720295 -40.21417965322446
endloop
endfacet
facet normal 0.9976524583252715 -1.6385326973032114e-14 0.06848045266747535
outer loop
vertex 139.45148527729833 38.976979562720295 -40.21417965322446
vertex 139.45148527729833 29.014505540919068 -40.21417965322683
vertex 139.45148527729833 35.55302994314692 -40.21417965322527
endloop
endfacet
facet normal -0.024969672879371744 -0.9975363201894936 0.06555764897478568
outer loop
vertex 137.06374207745677 31.30980456010076 -28.422977302306542
vertex 136.32510788055555 31.259324777833434 -28.1292655437457
vertex 136.49333151439754 31.309804560100815 -28.642847965811686
endloop
endfacet
facet normal -0.024969672879371744 -0.9975363201894936 0.06555764897478568
outer loop
vertex 137.06374207745677 31.30980456010076 -28.422977302306542
vertex 136.89346047249782 31.259324777833378 -27.90311194741691
vertex 136.32510788055555 31.259324777833434 -28.1292655437457
endloop
endfacet
facet normal -0.18680293432297404 -0.8995468949005916 0.39486712651603517
outer loop
vertex 135.65992771670184 27.59665281400875 -25.28884292026617
vertex 134.78160483974784 27.968143246462624 -24.858065671721924
vertex 135.10648322234212 27.59665281400881 -25.54659176818471
endloop
endfacet
facet normal -0.18680293432297404 -0.8995468949005916 0.39486712651603517
outer loop
vertex 135.65992771670184 27.59665281400875 -25.28884292026617
vertex 135.33107492033102 27.968143246462557 -24.591893709955393
vertex 134.78160483974784 27.968143246462624 -24.858065671721924
endloop
endfacet
facet normal -0.13909838918930212 -0.9097067122329109 0.3912612117797129
outer loop
vertex 137.51193978847652 30.9517682361104 -29.791313372172663
vertex 136.49333151439754 31.309804560100815 -28.642847965811686
vertex 136.93611244570005 30.951768236110443 -29.994646746692727
endloop
endfacet
facet normal -0.13909838918930212 -0.9097067122329109 0.3912612117797129
outer loop
vertex 137.51193978847652 30.9517682361104 -29.791313372172663
vertex 137.06374207745677 31.30980456010076 -28.422977302306542
vertex 136.49333151439754 31.309804560100815 -28.642847965811686
endloop
endfacet
facet normal 0.2503240193399189 -0.7934279958757131 -0.5548061830064238
outer loop
vertex 135.37558830684577 30.57191066639857 -26.116915567176314
vertex 135.58959205025212 29.640290285712812 -25.139778087216502
vertex 135.03699761112927 29.640290285712872 -25.399328486870697
endloop
endfacet
facet normal 0.24827560003375035 -0.7965823434779452 -0.5511948806792986
outer loop
vertex 135.93232490992236 30.571910666398512 -25.8661438001757
vertex 135.58959205025212 29.640290285712812 -25.139778087216502
vertex 135.37558830684577 30.57191066639857 -26.116915567176314
endloop
endfacet
facet normal -0.24342192421986722 -0.8295982602745583 0.5025062122586381
outer loop
vertex 135.33107492033102 27.968143246462557 -24.591893709955393
vertex 134.8989847966127 28.881709290887777 -23.676150028186164
vertex 134.78160483974784 27.968143246462624 -24.858065671721924
endloop
endfacet
facet normal -0.3523947267061204 -0.6258528859620279 0.695791722947837
outer loop
vertex 134.8989847966127 28.881709290887777 -23.676150028186164
vertex 134.35473682439948 28.881709290887844 -23.953389386504746
vertex 134.78160483974784 27.968143246462624 -24.858065671721924
endloop
endfacet
facet normal -0.46788771143821645 0.014402488238433353 0.8836705595512674
outer loop
vertex 134.5454147441772 31.187749600465843 -22.926816674314615
vertex 134.08615143557742 29.983714691705007 -23.384166996710707
vertex 134.62711365679345 29.98371469170494 -23.099964031611318
endloop
endfacet
facet normal -0.4678279541493866 0.014434394135995685 0.8837016768018076
outer loop
vertex 134.00543991089714 31.18774960046591 -23.213112245132457
vertex 134.08615143557742 29.983714691705007 -23.384166996710707
vertex 134.5454147441772 31.187749600465843 -22.926816674314615
endloop
endfacet
facet normal 0.41510237980612813 0.23598974703499212 -0.8786346530689815
outer loop
vertex 134.97239823709643 28.293928038820397 -25.262420778572107
vertex 135.5780072022791 27.934020032340946 -25.11522591452585
vertex 135.0255527740665 27.93402003234101 -25.37507304418958
endloop
endfacet
facet normal 0.4159309823075031 0.2376714803589469 -0.8777890893493164
outer loop
vertex 135.5242023969768 28.293928038820336 -25.00119551253364
vertex 135.5780072022791 27.934020032340946 -25.11522591452585
vertex 134.97239823709643 28.293928038820397 -25.262420778572107
endloop
endfacet
facet normal -0.2360408969595314 -0.6571501204076388 0.7158480384905486
outer loop
vertex 137.846425972518 30.192368266705767 -30.812491078445788
vertex 136.93611244570005 30.951768236110443 -29.994646746692727
vertex 137.26655613257395 30.192368266705813 -31.00348281321405
endloop
endfacet
facet normal -0.2360408969595314 -0.6571501204076388 0.7158480384905486
outer loop
vertex 137.846425972518 30.192368266705767 -30.812491078445788
vertex 137.51193978847652 30.9517682361104 -29.791313372172663
vertex 136.93611244570005 30.951768236110443 -29.994646746692727
endloop
endfacet
facet normal -0.4412426576819285 0.3211419248069347 0.8379575055890874
outer loop
vertex 134.62116511187548 32.134456419874496 -23.087357072725677
vertex 134.00543991089714 31.18774960046591 -23.213112245132457
vertex 134.5454147441772 31.187749600465843 -22.926816674314615
endloop
endfacet
facet normal -0.43923156989580053 0.3223759606474889 0.8385400217064654
outer loop
vertex 134.08027478294417 32.13445641987457 -23.371712401653557
vertex 134.00543991089714 31.18774960046591 -23.213112245132457
vertex 134.62116511187548 32.134456419874496 -23.087357072725677
endloop
endfacet
facet normal -0.3008412448584556 0.7378167610151695 0.6042524079861816
outer loop
vertex 135.09981676970307 33.76581729928968 -24.1017802390126
vertex 134.26742613045806 33.00187457141239 -23.768348785159517
vertex 134.81060598351195 33.001874571412316 -23.488845724623033
endloop
endfacet
facet normal -0.3007186136455514 0.7379234959772903 0.6041831092406933
outer loop
vertex 134.55314160401792 33.76581729928975 -24.373875561481935
vertex 134.26742613045806 33.00187457141239 -23.768348785159517
vertex 135.09981676970307 33.76581729928968 -24.1017802390126
endloop
endfacet
facet normal -0.21674158734909435 0.861957523949844 0.4583146421615275
outer loop
vertex 135.47487688106523 34.40209784771702 -24.896658224900538
vertex 135.36525553159225 34.886529460904775 -26.095016955903862
vertex 134.92366885420293 34.40209784771708 -25.159146896452754
endloop
endfacet
facet normal -0.1379469846905296 0.9413256968466873 0.30802039197249464
outer loop
vertex 135.9218657282148 34.88652946090472 -25.843977291292987
vertex 135.36525553159225 34.886529460904775 -26.095016955903862
vertex 135.47487688106523 34.40209784771702 -24.896658224900538
endloop
endfacet
facet normal 0.4283021089903599 -0.033316733067870655 -0.9030212061364308
outer loop
vertex 134.9493294146164 28.672333706780673 -25.21353021784815
vertex 135.5242023969768 28.293928038820336 -25.00119551253364
vertex 134.97239823709643 28.293928038820397 -25.262420778572107
endloop
endfacet
facet normal 0.4279706750252209 -0.03318521588489445 -0.9031831723217222
outer loop
vertex 135.50085136105704 28.67233370678061 -24.951706847015657
vertex 135.5242023969768 28.293928038820336 -25.00119551253364
vertex 134.9493294146164 28.672333706780673 -25.21353021784815
endloop
endfacet
facet normal -0.4375037279562493 -0.3308245500174817 0.8361492720382617
outer loop
vertex 134.62711365679345 29.98371469170494 -23.099964031611318
vertex 134.35473682439948 28.881709290887844 -23.953389386504746
vertex 134.8989847966127 28.881709290887777 -23.676150028186164
endloop
endfacet
facet normal -0.4390536215276597 -0.3329000359333263 0.8345115238863013
outer loop
vertex 134.08615143557742 29.983714691705007 -23.384166996710707
vertex 134.35473682439948 28.881709290887844 -23.953389386504746
vertex 134.62711365679345 29.98371469170494 -23.099964031611318
endloop
endfacet
facet normal 0.11068775405495536 0.939084929185508 -0.32537319631297124
outer loop
vertex 137.14417572761306 34.88652947775801 -30.62985858837747
vertex 136.3845506237069 35.30309885840277 -28.310742707830784
vertex 136.9536304110242 35.30309885840272 -28.08680922025565
endloop
endfacet
facet normal 0.10769303332779144 0.9400065359719552 -0.3237127166217981
outer loop
vertex 137.722548421568 34.88652947775796 -30.43429610545847
vertex 137.14417572761306 34.88652947775801 -30.62985858837747
vertex 136.9536304110242 35.30309885840272 -28.08680922025565
endloop
endfacet
facet normal 0.3870452045152073 0.4110179279267579 -0.825384923889803
outer loop
vertex 135.0255527740665 27.93402003234101 -25.37507304418958
vertex 135.65992771670184 27.59665281400875 -25.28884292026617
vertex 135.10648322234212 27.59665281400881 -25.54659176818471
endloop
endfacet
facet normal 0.3881808653295355 0.41369886035325326 -0.8235100902444563
outer loop
vertex 135.5780072022791 27.934020032340946 -25.11522591452585
vertex 135.65992771670184 27.59665281400875 -25.28884292026617
vertex 135.0255527740665 27.93402003234101 -25.37507304418958
endloop
endfacet
facet normal -0.030946690251956004 0.9964635092352777 0.07812027345679835
outer loop
vertex 136.89346047249782 35.286848385138754 -27.90311194741596
vertex 136.3845506237069 35.30309885840277 -28.310742707830784
vertex 136.32510788055555 35.28684838513881 -28.12926554374475
endloop
endfacet
facet normal 0.013257300825786368 0.9992857458024796 -0.03538703450130613
outer loop
vertex 136.9536304110242 35.30309885840272 -28.08680922025565
vertex 136.3845506237069 35.30309885840277 -28.310742707830784
vertex 136.89346047249782 35.286848385138754 -27.90311194741596
endloop
endfacet
facet normal -0.29218885604362294 -0.2571020277575789 0.9211537438054843
outer loop
vertex 138.01789037781356 29.14907633245099 -31.335967492304096
vertex 137.44294966022557 28.502155699182573 -31.542007710692296
vertex 138.02497741803674 28.50215569918253 -31.357604043601892
endloop
endfacet
facet normal -0.2937465811589322 -0.2569263839974138 0.9207072169063585
outer loop
vertex 137.43594827179126 29.149076332451035 -31.520632652100392
vertex 137.44294966022557 28.502155699182573 -31.542007710692296
vertex 138.01789037781356 29.14907633245099 -31.335967492304096
endloop
endfacet
facet normal -0.2887489516979799 0.3183040948383292 0.9029432684850526
outer loop
vertex 137.99785528203597 28.131480827889355 -31.274800860833974
vertex 137.36817619591736 27.781096313708673 -31.313726249707187
vertex 137.94928920931153 27.781096313708634 -31.126529891468035
endloop
endfacet
facet normal -0.28755913717534615 0.3163882808283426 0.9039956849351971
outer loop
vertex 137.41615531402056 28.1314808278894 -31.460205261729808
vertex 137.36817619591736 27.781096313708673 -31.313726249707187
vertex 137.99785528203597 28.131480827889355 -31.274800860833974
endloop
endfacet
facet normal -0.3799464495503287 0.5612620039540316 0.7352725062122233
outer loop
vertex 134.81060598351195 33.001874571412316 -23.488845724623033
vertex 134.08027478294417 32.13445641987457 -23.371712401653557
vertex 134.62116511187548 32.134456419874496 -23.087357072725677
endloop
endfacet
facet normal -0.37678706877690266 0.5623270241368907 0.7360841138945048
outer loop
vertex 134.26742613045806 33.00187457141239 -23.768348785159517
vertex 134.08027478294417 32.13445641987457 -23.371712401653557
vertex 134.81060598351195 33.001874571412316 -23.488845724623033
endloop
endfacet
facet normal -0.3008412448584556 0.7378167610151695 0.6042524079861816
outer loop
vertex 135.09981676970307 33.76581729928968 -24.1017802390126
vertex 134.92366885420293 34.40209784771708 -25.159146896452754
vertex 134.55314160401792 33.76581729928975 -24.373875561481935
endloop
endfacet
facet normal -0.21674158734909435 0.861957523949844 0.4583146421615275
outer loop
vertex 135.47487688106523 34.40209784771702 -24.896658224900538
vertex 134.92366885420293 34.40209784771708 -25.159146896452754
vertex 135.09981676970307 33.76581729928968 -24.1017802390126
endloop
endfacet
facet normal -0.1379469846905296 0.9413256968466873 0.30802039197249464
outer loop
vertex 135.9218657282148 34.88652946090472 -25.843977291292987
vertex 135.86414928676518 35.194925383063186 -27.152339905667073
vertex 135.36525553159225 34.886529460904775 -26.095016955903862
endloop
endfacet
facet normal -0.06477551094666918 0.9859671163595543 0.15386025685414337
outer loop
vertex 136.42686272176817 35.19492538306313 -26.914235047196044
vertex 135.86414928676518 35.194925383063186 -27.152339905667073
vertex 135.9218657282148 34.88652946090472 -25.843977291292987
endloop
endfacet
facet normal 0.19263601117276669 0.7344532220612223 -0.6507455968374541
outer loop
vertex 137.7365802421226 33.765817353321715 -32.43845431572032
vertex 137.14417572761306 34.88652947775801 -30.62985858837747
vertex 137.722548421568 34.88652947775796 -30.43429610545847
endloop
endfacet
facet normal 0.1937283391575611 0.7311475849817951 -0.6541349551755675
outer loop
vertex 138.32220014238615 33.76581735332167 -32.265017367032605
vertex 137.7365802421226 33.765817353321715 -32.43845431572032
vertex 137.722548421568 34.88652947775796 -30.43429610545847
endloop
endfacet
facet normal 0.19263601117276669 0.7344532220612223 -0.6507455968374541
outer loop
vertex 137.7365802421226 33.765817353321715 -32.43845431572032
vertex 138.67135468843094 32.13445651134262 -33.330977204765844
vertex 138.08151501368698 32.13445651134266 -33.49153129063114
endloop
endfacet
facet normal 0.1937283391575611 0.7311475849817951 -0.6541349551755675
outer loop
vertex 138.32220014238615 33.76581735332167 -32.265017367032605
vertex 138.67135468843094 32.13445651134262 -33.330977204765844
vertex 137.7365802421226 33.765817353321715 -32.43845431572032
endloop
endfacet
facet normal -0.3011252292644196 0.0971315774613268 0.9486248220241368
outer loop
vertex 138.02497741803674 28.50215569918253 -31.357604043601892
vertex 137.41615531402056 28.1314808278894 -31.460205261729808
vertex 137.99785528203597 28.131480827889355 -31.274800860833974
endloop
endfacet
facet normal -0.30072679984142425 0.09652480690422775 0.9488131288663946
outer loop
vertex 137.44294966022557 28.502155699182573 -31.542007710692296
vertex 137.41615531402056 28.1314808278894 -31.460205261729808
vertex 138.02497741803674 28.50215569918253 -31.357604043601892
endloop
endfacet
facet normal -0.2360408969595314 -0.6571501204076388 0.7158480384905486
outer loop
vertex 137.846425972518 30.192368266705767 -30.812491078445788
vertex 137.43594827179126 29.149076332451035 -31.520632652100392
vertex 138.01789037781356 29.14907633245099 -31.335967492304096
endloop
endfacet
facet normal -0.23619069531805567 -0.6557315690611816 0.7170983647880773
outer loop
vertex 137.26655613257395 30.192368266705813 -31.00348281321405
vertex 137.43594827179126 29.149076332451035 -31.520632652100392
vertex 137.846425972518 30.192368266705767 -30.812491078445788
endloop
endfacet
facet normal 0.10275173414145859 -0.9651950994187146 -0.24050052222192927
outer loop
vertex 136.46849971328948 31.16742939738335 -27.002477776712205
vertex 135.37558830684577 30.57191066639857 -26.116915567176314
vertex 135.90528306641 31.16742939738341 -27.239516160688453
endloop
endfacet
facet normal 0.10275173414145859 -0.9651950994187146 -0.24050052222192927
outer loop
vertex 136.46849971328948 31.16742939738335 -27.002477776712205
vertex 135.93232490992236 30.571910666398512 -25.8661438001757
vertex 135.37558830684577 30.57191066639857 -26.116915567176314
endloop
endfacet
facet normal 0.38198229944072587 -0.4421482463924806 -0.8115383238800431
outer loop
vertex 135.03699761112927 29.640290285712872 -25.399328486870697
vertex 135.50085136105704 28.67233370678061 -24.951706847015657
vertex 134.9493294146164 28.672333706780673 -25.21353021784815
endloop
endfacet
facet normal 0.37936949874921433 -0.44354861431403736 -0.811999636797251
outer loop
vertex 135.58959205025212 29.640290285712812 -25.139778087216502
vertex 135.50085136105704 28.67233370678061 -24.951706847015657
vertex 135.03699761112927 29.640290285712872 -25.399328486870697
endloop
endfacet
facet normal 0.2472503134431662 0.3342104922040198 -0.9094892134616017
outer loop
vertex 138.08151501368698 32.13445651134266 -33.49153129063114
vertex 138.71182221996781 30.520173088518913 -33.45452353643842
vertex 138.12149346708117 30.52017308851895 -33.613584479328864
endloop
endfacet
facet normal 0.24970015307608948 0.32969257782065564 -0.9104683617148639
outer loop
vertex 138.67135468843094 32.13445651134262 -33.330977204765844
vertex 138.71182221996781 30.520173088518913 -33.45452353643842
vertex 138.08151501368698 32.13445651134266 -33.49153129063114
endloop
endfacet
facet normal 0.19006897804754325 -0.7445680303573852 -0.6399158005188544
outer loop
vertex 138.3066320340891 28.347592837505015 -32.2174883333092
vertex 137.3552026258537 27.561569929194558 -31.27411827439531
vertex 137.7212002851954 28.347592837505058 -32.39149970328364
endloop
endfacet
facet normal 0.19006897804754325 -0.7445680303573852 -0.6399158005188544
outer loop
vertex 138.3066320340891 28.347592837505015 -32.2174883333092
vertex 137.9361569265162 27.561569929194512 -31.08643737027321
vertex 137.3552026258537 27.561569929194558 -31.27411827439531
endloop
endfacet
facet normal 0.25868082380036045 -0.14285399024318277 -0.9553412839763429
outer loop
vertex 138.12149346708117 30.52017308851895 -33.613584479328864
vertex 138.57260449979432 29.351426164339056 -33.02949542184969
vertex 137.98395828946516 29.351426164339095 -33.19369312383943
endloop
endfacet
facet normal 0.2578519771001229 -0.14120544448529218 -0.955810326557141
outer loop
vertex 138.71182221996781 30.520173088518913 -33.45452353643842
vertex 138.57260449979432 29.351426164339056 -33.02949542184969
vertex 138.12149346708117 30.52017308851895 -33.613584479328864
endloop
endfacet
facet normal 0.23295861323259692 -0.5094641648322539 -0.8283577423266589
outer loop
vertex 137.98395828946516 29.351426164339095 -33.19369312383943
vertex 138.3066320340891 28.347592837505015 -32.2174883333092
vertex 137.7212002851954 28.347592837505058 -32.39149970328364
endloop
endfacet
facet normal 0.2305061474008456 -0.50639198284443 -0.8309236280918397
outer loop
vertex 138.57260449979432 29.351426164339056 -33.02949542184969
vertex 138.3066320340891 28.347592837505015 -32.2174883333092
vertex 137.98395828946516 29.351426164339095 -33.19369312383943
endloop
endfacet
facet normal -0.29284023865469117 0.2995781832780333 0.9080184506542235
outer loop
vertex 137.94928920931153 27.781096313708634 -31.126529891468035
vertex 137.3552026258537 27.561569929194558 -31.27411827439531
vertex 137.9361569265162 27.561569929194512 -31.08643737027321
endloop
endfacet
facet normal -0.29189710422068466 0.29716236141197977 0.9091152905477032
outer loop
vertex 137.36817619591736 27.781096313708673 -31.313726249707187
vertex 137.3552026258537 27.561569929194558 -31.27411827439531
vertex 137.94928920931153 27.781096313708634 -31.126529891468035
endloop
endfacet
facet normal 0.0631833966885059 0.9980019330556944 -5.785381969391464e-10
outer loop
vertex 54.94429303250117 38.701542640331965 3.258000167315668
vertex 55.64292704702322 38.65699234705109 1.149241403915998
vertex 54.94429301318435 38.70154264033247 1.149241410315675
endloop
endfacet
facet normal 0.09719365433827323 0.9952654889808911 -8.900816077880692e-10
outer loop
vertex 55.64292704702322 38.65699234705109 1.149241403915998
vertex 54.94429303250117 38.701542640331965 3.258000167315668
vertex 55.64292706633995 38.65699234705058 3.2580001609159908
endloop
endfacet
facet normal 0.21741586554588707 0.9760790651422315 -1.991351312434557e-09
outer loop
vertex 61.3474009703333 37.73515848141217 3.2580001086613803
vertex 61.39678498808494 37.72415847788138 1.1492413512089972
vertex 61.347400951016525 37.73515848141267 1.1492413516613873
endloop
endfacet
facet normal 0.2313079091391478 0.9728805945077103 -2.1186065890318268e-09
outer loop
vertex 61.39678498808494 37.72415847788138 1.1492413512089972
vertex 61.3474009703333 37.73515848141217 3.2580001086613803
vertex 61.39678500740171 37.72415847788088 3.25800010820899
endloop
endfacet
facet normal 0.24999906444468425 0.968246078110716 -2.289823886326469e-09
outer loop
vertex 61.86019795623895 37.606975521655926 3.2580001039640156
vertex 62.36828791529968 37.47307344047762 1.149241342309747
vertex 61.86019793692222 37.60697552165642 1.1492413469640226
endloop
endfacet
facet normal 0.27188419574905226 0.9623299767241438 -2.490298547927292e-09
outer loop
vertex 62.36828791529968 37.47307344047762 1.149241342309747
vertex 61.86019795623895 37.606975521655926 3.2580001039640156
vertex 62.3682879346165 37.47307344047712 3.25800009930974
endloop
endfacet
facet normal -0.0025867518095611477 0.9999954350647121 -0.0015615904754115132
outer loop
vertex 26.32103498923853 39.01049526397551 -5.272644126359938
vertex 25.65871602881196 39.00822197227848 -5.623374287038532
vertex 24.55034945105525 39.00822197227805 -3.8293879368852966
endloop
endfacet
facet normal -0.0025867518095611477 0.9999954350647121 -0.0015615904754115132
outer loop
vertex 26.32103498923853 39.01049526397551 -5.272644126359938
vertex 24.55034945105525 39.00822197227805 -3.8293879368852966
vertex 25.243400818682147 39.01049526397507 -3.462383469174257
endloop
endfacet
facet normal -0.0020767696007942746 0.9999956247620434 -0.0021065338344373615
outer loop
vertex 17.558219896122466 38.97666541218782 -12.115645523418133
vertex 16.34589828608094 38.97179446593351 -13.251098891255479
vertex 14.805405611755809 38.97179446593317 -11.811048261737591
endloop
endfacet
facet normal -0.0020767696007942746 0.9999956247620434 -0.0021065338344373615
outer loop
vertex 17.558219896122466 38.97666541218782 -12.115645523418133
vertex 14.805405611755809 38.97179446593317 -11.811048261737591
vertex 16.073980422451026 38.976665412187465 -10.622908473395341
endloop
endfacet
facet normal 0.2718841957490522 0.9623299767241438 -2.490298547927292e-09
outer loop
vertex 62.3682879346165 37.47307344047712 3.25800009930974
vertex 62.77324035541234 37.350897494622515 1.1492413386002276
vertex 62.36828791529968 37.47307344047762 1.149241342309747
endloop
endfacet
facet normal 0.272259455004538 0.962223876839809 -2.4937354162840094e-09
outer loop
vertex 62.77324035541234 37.350897494622515 1.1492413386002276
vertex 62.3682879346165 37.47307344047712 3.25800009930974
vertex 62.77324037472906 37.35089749462201 3.2580000956002206
endloop
endfacet
facet normal 0.27225945500453885 0.9622238768398086 -2.493735416284017e-09
outer loop
vertex 62.77324037472906 37.35089749462201 3.2580000956002206
vertex 64.1010076141341 36.99986985359243 1.149241326437464
vertex 62.77324035541234 37.350897494622515 1.1492413386002276
endloop
endfacet
facet normal 0.1795634685022866 0.9837463904784751 -1.644612217204722e-09
outer loop
vertex 64.1010076141341 36.99986985359243 1.149241326437464
vertex 62.77324037472906 37.35089749462201 3.2580000956002206
vertex 64.10100763345092 36.99986985359193 3.2580000834374796
endloop
endfacet
facet normal 0.17956346850228389 0.9837463904784755 -1.6446122172046967e-09
outer loop
vertex 64.10100763345092 36.99986985359193 3.2580000834374796
vertex 66.11217781514951 36.79274726595945 1.1492413080145778
vertex 64.1010076141341 36.99986985359243 1.149241326437464
endloop
endfacet
facet normal 0.06026080079052247 0.9981826665936876 -5.517667184958404e-10
outer loop
vertex 66.11217781514951 36.79274726595945 1.1492413080145778
vertex 64.10100763345092 36.99986985359193 3.2580000834374796
vertex 66.11217783446622 36.792747265958944 3.2580000650145933
endloop
endfacet
facet normal 0.001292862641223282 0.9999960968816751 0.002476838227777426
outer loop
vertex 7.122802921601689 38.97697956271619 -22.91200595047945
vertex 6.904746504001876 38.97697956271754 -28.565179194610327
vertex 4.926172877229958 38.97697956271736 -27.83572056064485
endloop
endfacet
facet normal 0.0 1.0 2.3799712201011423e-13
outer loop
vertex 6.904746504001876 38.97697956271754 -28.565179194610327
vertex 7.122802921601689 38.97697956271619 -22.91200595047945
vertex 9.003970018142878 38.976979562716416 -23.8597999191779
endloop
endfacet
facet normal 0.23130790913914492 0.972880594507711 -2.1186065890317995e-09
outer loop
vertex 61.39678500740171 37.72415847788088 3.25800010820899
vertex 61.86019793692222 37.60697552165642 1.1492413469640226
vertex 61.39678498808494 37.72415847788138 1.1492413512089972
endloop
endfacet
facet normal 0.24999906444468414 0.9682460781107161 -2.2898238863264678e-09
outer loop
vertex 61.86019793692222 37.60697552165642 1.1492413469640226
vertex 61.39678500740171 37.72415847788088 3.25800010820899
vertex 61.86019795623895 37.606975521655926 3.2580001039640156
endloop
endfacet
facet normal -0.002300857105114864 0.9999970850643014 -0.0007320652170400824
outer loop
vertex 36.49544627326806 39.04429345320799 -0.7645260133036729
vertex 30.98963804297935 39.02650438371156 -2.8003913342484
vertex 30.128632745635446 39.0265043837111 -0.8754151335722022
endloop
endfacet
facet normal -0.002300857105114864 0.9999970850643014 -0.0007320652170400824
outer loop
vertex 36.49544627326806 39.04429345320799 -0.7645260133036729
vertex 30.128632745635446 39.0265043837111 -0.8754151335722022
vertex 35.889917189969594 39.04429345320751 1.2549168201986343
endloop
endfacet
facet normal 0.012545730637387714 0.9999207889000147 0.0010102318281910798
outer loop
vertex 46.49050524833472 39.06362817125731 0.9672560796549889
vertex 42.5325555581001 39.0560723300776 0.6160120649744921
vertex 42.207155705489946 39.0560723300771 2.6995135483301858
endloop
endfacet
facet normal 0.012545730637387714 0.9999207889000147 0.0010102318281910798
outer loop
vertex 46.49050524833472 39.06362817125731 0.9672560796549889
vertex 42.207155705489946 39.0560723300771 2.6995135483301858
vertex 46.317995509205325 39.06362817125681 3.066034720397658
endloop
endfacet
facet normal 0.0971936543382725 0.9952654889808911 -8.900816077880624e-10
outer loop
vertex 55.64292706633995 38.65699234705058 3.2580001609159908
vertex 59.4769431329158 38.151791901821035 1.1492413687953233
vertex 55.64292704702322 38.65699234705109 1.149241403915998
endloop
endfacet
facet normal 0.17419645556871863 0.9847109194414854 -1.5954494795711187e-09
outer loop
vertex 59.4769431329158 38.151791901821035 1.1492413687953233
vertex 55.64292706633995 38.65699234705058 3.2580001609159908
vertex 59.47694315223252 38.15179190182054 3.2580001257953164
endloop
endfacet
facet normal 0.04481995224896639 0.9989942946666507 0.0012534368278488864
outer loop
vertex 51.21533388178537 38.93933008605958 1.1492414444739516
vertex 48.54118507535218 39.00773102619647 1.1492414689698724
vertex 48.44789025707915 39.00773102619597 3.2559354600628847
endloop
endfacet
facet normal 0.04481995224896639 0.9989942946666507 0.0012534368278488864
outer loop
vertex 51.21533388178537 38.93933008605958 1.1492414444739516
vertex 48.44789025707915 39.00773102619597 3.2559354600628847
vertex 51.16100206101436 38.93933008605908 3.256797749827393
endloop
endfacet
facet normal -0.17084909072221074 -0.9001670738612314 -0.4006367773126952
outer loop
vertex 7.623535994613177 20.961736782136995 -26.954022902901244
vertex 5.678315076485712 20.96173678213681 -26.14980465283103
vertex 6.904746504001876 21.97056153070094 -28.565179194614363
endloop
endfacet
facet normal -0.17498772349012792 -0.8701406279455328 -0.460689249089119
outer loop
vertex 6.904746504001876 21.97056153070094 -28.565179194614363
vertex 5.678315076485712 20.96173678213681 -26.14980465283103
vertex 4.926172877229958 21.970561530700774 -27.83572056064889
endloop
endfacet
facet normal 0.5614863944263581 -0.23439091812222182 0.7935955685208367
outer loop
vertex 12.471981874246545 31.401340880794955 -18.01244462284362
vertex 10.707320833187707 30.90067366205915 -16.86536812538206
vertex 12.429537425882383 30.90067366205944 -18.081291910302287
endloop
endfacet
facet normal 0.56144791089763 -0.24475515226236874 0.7904879245059417
outer loop
vertex 10.751734755700213 31.40134088079466 -16.793326239853236
vertex 10.707320833187707 30.90067366205915 -16.86536812538206
vertex 12.471981874246545 31.401340880794955 -18.01244462284362
endloop
endfacet
facet normal 0.02269350085260744 -0.9997424693485081 -2.0811614821331936e-10
outer loop
vertex 69.5395728916957 33.01682622189606 1.1492412766179283
vertex 68.55449852535101 32.97973976949785 3.2580000426414304
vertex 68.5544985060342 32.97973976949835 1.1492412856414376
endloop
endfacet
facet normal 0.0679937872103601 -0.9976857445612783 -6.230780444357995e-10
outer loop
vertex 68.55449852535101 32.97973976949785 3.2580000426414304
vertex 69.5395728916957 33.01682622189606 1.1492412766179283
vertex 69.53957291101251 33.016826221895556 3.2580000336179213
endloop
endfacet
facet normal 0.1830323810300203 -0.9829886027478877 0.015249733185763496
outer loop
vertex 45.65321608115108 14.092124810172452 0.8929517474702591
vertex 45.44836302141223 14.092124810171955 2.9884985638122528
vertex 42.5325555581001 13.738113546359164 0.6160120649684687
endloop
endfacet
facet normal 0.17944231548166545 -0.983590337604902 0.01872173028469912
outer loop
vertex 45.44836302141223 14.092124810171955 2.9884985638122528
vertex 42.207155705489946 13.738113546358667 2.6995135483241626
vertex 42.5325555581001 13.738113546359164 0.6160120649684687
endloop
endfacet
facet normal -0.08966958369325072 2.369790899750329e-13 -0.9959715687509756
outer loop
vertex 2.188842206387703 35.55302994314685 -40.022247963456955
vertex 4.288798987061205 31.537600785821255 -40.21131184460157
vertex 2.188842206387703 31.537600785821212 -40.0222479634579
endloop
endfacet
facet normal -0.08966958369325072 2.369790899750329e-13 -0.9959715687509756
outer loop
vertex 4.288798987061205 31.537600785821255 -40.21131184460157
vertex 2.188842206387703 35.55302994314685 -40.022247963456955
vertex 4.288798987061205 35.553029943146896 -40.21131184460062
endloop
endfacet
facet normal 1.0 2.1801141313091437e-21 -9.160253969026699e-09
outer loop
vertex 71.04938548732534 34.55142243192435 1.149241262788023
vertex 71.04938550664205 36.006037398453486 3.2580000197883545
vertex 71.04938550664205 34.55142243192385 3.258000019788016
endloop
endfacet
facet normal 1.0 2.1801141313091437e-21 -9.160253969026699e-09
outer loop
vertex 71.04938550664205 36.006037398453486 3.2580000197883545
vertex 71.04938548732534 34.55142243192435 1.149241262788023
vertex 71.04938548732534 36.00603739845399 1.1492412627883615
endloop
endfacet
facet normal -0.1352233432544187 -0.8669647829962736 -0.47967354782531224
outer loop
vertex 5.746600639259605 24.311628396524046 -32.49198743029931
vertex 3.7142876324618506 24.311628396523915 -31.944737485662454
vertex 5.198308364072242 25.470042408530087 -34.351026682015124
endloop
endfacet
facet normal -0.1162685165497535 -0.8607091663059803 -0.49564237419351487
outer loop
vertex 5.198308364072242 25.470042408530087 -34.351026682015124
vertex 3.7142876324618506 24.311628396523915 -31.944737485662454
vertex 3.1405539272797722 25.47004240852998 -33.89003842502253
endloop
endfacet
facet normal -0.8861721708933396 -0.4633561087696867 8.11744959081283e-09
outer loop
vertex 58.30577538231042 31.348488000098133 1.1492413795219119
vertex 58.62415781041422 30.523204542559583 3.25800013360527
vertex 58.30577540162715 31.348488000097632 3.258000136521905
endloop
endfacet
facet normal -0.9651117584194131 -0.26183829697083744 8.840604214645138e-09
outer loop
vertex 58.62415781041422 30.523204542559583 3.25800013360527
vertex 58.30577538231042 31.348488000098133 1.1492413795219119
vertex 58.62415779109745 30.523204542560084 1.149241376605277
endloop
endfacet
facet normal 0.14865600115801797 0.9843410890974652 0.09473127062445297
outer loop
vertex 25.591430512303702 16.55313031072769 -5.671393527178139
vertex 23.94223670720661 16.93863043860079 -6.848363512169665
vertex 22.754223396358316 16.938630438600377 -5.111218155453144
endloop
endfacet
facet normal 0.14865600115801797 0.9843410890974652 0.09473127062445297
outer loop
vertex 25.591430512303702 16.55313031072769 -5.671393527178139
vertex 22.754223396358316 16.938630438600377 -5.111218155453144
vertex 24.479941804552833 16.553130310727266 -3.8796353283076526
endloop
endfacet
facet normal 0.28224691101835503 -0.9593417958270122 -2.5856803326968327e-09
outer loop
vertex 66.89539382905342 32.733016241122485 1.1492413008391844
vertex 66.24233692655409 32.48022250339527 3.2580000638212963
vertex 66.24233690723737 32.48022250339577 1.1492413068213034
endloop
endfacet
facet normal 0.47227267879237855 -0.8814525040331276 -4.326346579024314e-09
outer loop
vertex 66.24233692655409 32.48022250339527 3.2580000638212963
vertex 66.89539382905342 32.733016241122485 1.1492413008391844
vertex 66.89539384837015 32.73301624112198 3.2580000578391775
endloop
endfacet
facet normal 0.480006252708885 0.6597526233753069 0.5782045255009461
outer loop
vertex 14.481360925269051 23.912359909044856 -15.531994800684338
vertex 13.985093361340558 24.881894111576948 -16.13908086950489
vertex 12.854351444334847 23.91235990904454 -14.197780522016124
endloop
endfacet
facet normal 0.4969973242996537 0.6063430244158338 0.6207590485697686
outer loop
vertex 13.985093361340558 24.881894111576948 -16.13908086950489
vertex 12.33505646043768 24.88189411157664 -14.833036124531832
vertex 12.854351444334847 23.91235990904454 -14.197780522016124
endloop
endfacet
facet normal 0.0 1.0 2.3799712201011423e-13
outer loop
vertex 3.866259608649856 38.97697956271822 -31.429461451908924
vertex 5.198308364072242 38.97697956271891 -34.35102668201192
vertex 3.1405539272797722 38.9769795627188 -33.89003842501933
endloop
endfacet
facet normal 0.0 1.0 2.3799712201011423e-13
outer loop
vertex 5.198308364072242 38.97697956271891 -34.35102668201192
vertex 3.866259608649856 38.97697956271822 -31.429461451908924
vertex 5.891833627728343 38.976979562718356 -31.999560601712247
endloop
endfacet
facet normal 0.004453759403954351 0.9999900819644021 -4.055961667104765e-11
outer loop
vertex 68.51253623717461 36.74960731245931 3.2580000430267058
vertex 71.0493854873252 36.77259898233013 1.149241262788542
vertex 68.51253621785789 36.74960731245981 1.1492412860267127
endloop
endfacet
facet normal -0.009062708590466546 0.9999589328132452 8.325461140648783e-11
outer loop
vertex 71.0493854873252 36.77259898233013 1.149241262788542
vertex 68.51253623717461 36.74960731245931 3.2580000430267058
vertex 71.04938550664193 36.772598982329626 3.258000019788535
endloop
endfacet
facet normal 0.017969413714893218 0.9998385370502293 -1.6436643467382843e-10
outer loop
vertex 67.75050890816547 36.76330270809531 3.2580000500070927
vertex 68.51253621785789 36.74960731245981 1.1492412860267127
vertex 67.75050888884866 36.76330270809581 1.1492412930070546
endloop
endfacet
facet normal 0.004453759403954189 0.9999900819644021 -4.055961667104617e-11
outer loop
vertex 68.51253621785789 36.74960731245981 1.1492412860267127
vertex 67.75050890816547 36.76330270809531 3.2580000500070927
vertex 68.51253623717461 36.74960731245931 3.2580000430267058
endloop
endfacet
facet normal 0.8616787387257459 -0.5074541863341042 -7.893314515567348e-09
outer loop
vertex 61.347400951016525 23.31433533414163 1.1492413516579583
vertex 61.50148468471202 23.575976018639494 3.258000107246592
vertex 61.3474009703333 23.314335334141113 3.258000108657951
endloop
endfacet
facet normal 0.8827361700085986 -0.46986897552248597 -8.086195955572933e-09
outer loop
vertex 61.50148468471202 23.575976018639494 3.258000107246592
vertex 61.347400951016525 23.31433533414163 1.1492413516579583
vertex 61.50148466539525 23.575976018639995 1.149241350246599
endloop
endfacet
facet normal 0.30577355704889436 0.9113617934026143 0.2755398579799976
outer loop
vertex 19.415762786530912 18.825500256878886 -10.375881657674203
vertex 18.85851773333124 19.211134806757258 -10.897794132982199
vertex 17.434613664506276 19.21113480675689 -9.348547293753862
endloop
endfacet
facet normal 0.30577355704889436 0.9113617934026143 0.2755398579799976
outer loop
vertex 19.415762786530912 18.825500256878886 -10.375881657674203
vertex 17.434613664506276 19.21113480675689 -9.348547293753862
vertex 18.01771556751482 18.825500256878506 -8.802417443325291
endloop
endfacet
facet normal -0.9951310213907252 0.09856089623096859 9.115671541561159e-09
outer loop
vertex 58.78448603311554 28.391649820748913 3.258000132136135
vertex 58.58573400336421 27.33195855718822 1.1492413769564642
vertex 58.58573402268098 27.33195855718772 3.258000133956457
endloop
endfacet
facet normal -0.9638817301459923 0.26633064091607705 8.829455441497723e-09
outer loop
vertex 58.58573400336421 27.33195855718822 1.1492413769564642
vertex 58.78448603311554 28.391649820748913 3.258000132136135
vertex 58.78448601379882 28.391649820749418 1.1492413751360968
endloop
endfacet
facet normal -0.08670127033654196 0.9960116510016489 -0.02106373164943637
outer loop
vertex 39.12731559359266 15.874881623728433 -0.15027067021343166
vertex 36.64747829703404 15.750037523376557 -0.7083096120267522
vertex 36.04900368498133 15.750037523376077 1.3137417310287598
endloop
endfacet
facet normal -0.08670127033654196 0.9960116510016489 -0.02106373164943637
outer loop
vertex 39.12731559359266 15.874881623728433 -0.15027067021343166
vertex 36.04900368498133 15.750037523376077 1.3137417310287598
vertex 38.643908455283196 15.874881623727942 1.8976743600504806
endloop
endfacet
facet normal 0.45926060312907874 0.7115824313647137 0.5317237457426529
outer loop
vertex 15.030629322972446 22.98643491584403 -14.860072602808737
vertex 14.481360925269051 23.912359909044856 -15.531994800684338
vertex 13.429106565307748 22.986434915843702 -13.49468031501514
endloop
endfacet
facet normal 0.480006252708885 0.6597526233753069 0.5782045255009461
outer loop
vertex 14.481360925269051 23.912359909044856 -15.531994800684338
vertex 12.854351444334847 23.91235990904454 -14.197780522016124
vertex 13.429106565307748 22.986434915843702 -13.49468031501514
endloop
endfacet
facet normal 0.5168833865631246 0.4903988451824538 0.7016698207410315
outer loop
vertex 12.832639941326294 27.621604001971118 -17.548881684849263
vertex 11.702754091912606 26.23415675811015 -15.60653410649781
vertex 13.380829569421714 26.234156758110448 -16.87827915009114
endloop
endfacet
facet normal 0.5076926479477634 0.4998024863468335 0.7017447184420498
outer loop
vertex 11.129127796772616 27.621604001970816 -16.308253416403847
vertex 11.702754091912606 26.23415675811015 -15.60653410649781
vertex 12.832639941326294 27.621604001971118 -17.548881684849263
endloop
endfacet
facet normal 0.5690261716100258 -0.1594704464258912 0.8067083690774285
outer loop
vertex 12.429537425882383 30.90067366205944 -18.081291910302287
vertex 10.683704602398079 30.634453704050326 -16.90367498275747
vertex 12.406968424281036 30.63445370405062 -18.11790010291137
endloop
endfacet
facet normal 0.5693881191669493 -0.16581161043999842 0.8051730743106218
outer loop
vertex 10.707320833187707 30.90067366205915 -16.86536812538206
vertex 10.683704602398079 30.634453704050326 -16.90367498275747
vertex 12.429537425882383 30.90067366205944 -18.081291910302287
endloop
endfacet
facet normal 0.902209747175918 -0.4312975447423345 -8.264566480568767e-09
outer loop
vertex 64.64984382114915 30.160701429908883 1.1492413214084034
vertex 65.34164734002303 31.607879288742968 3.258000072071616
vertex 64.64984384046588 30.160701429908382 3.2580000784083962
endloop
endfacet
facet normal 0.8549773682953651 -0.518665306052691 -7.831931076022431e-09
outer loop
vertex 65.34164734002303 31.607879288742968 3.258000072071616
vertex 64.64984382114915 30.160701429908883 1.1492413214084034
vertex 65.34164732070626 31.60787928874347 1.149241315071623
endloop
endfacet
facet normal -0.17500341459492483 -0.9383353557122315 -0.29816197795915694
outer loop
vertex 10.147969063360408 18.554169484260953 -21.782124385806533
vertex 8.319884917172578 18.554169484260704 -20.737923739454136
vertex 9.362436476582248 19.179298151524534 -23.05630251496821
endloop
endfacet
facet normal -0.18200486274574287 -0.9238462839573636 -0.33672284382719475
outer loop
vertex 9.362436476582248 19.179298151524534 -23.05630251496821
vertex 8.319884917172578 18.554169484260704 -20.737923739454136
vertex 7.497902660720986 19.1792981515243 -22.071225287166264
endloop
endfacet
facet normal -0.10050354197800336 -0.9921708498356001 -0.07413530054150187
outer loop
vertex 22.404689486050533 13.4377326416885 -7.945655367266495
vertex 21.1453321097087 13.4377326416881 -6.25942569034078
vertex 20.74863376077373 13.845841326067024 -9.127522456568038
endloop
endfacet
facet normal -0.09834378182674505 -0.9922347103476428 -0.0761497219781076
outer loop
vertex 21.1453321097087 13.4377326416881 -6.25942569034078
vertex 19.41243337987264 13.845841326066635 -7.4961328534063885
vertex 20.74863376077373 13.845841326067024 -9.127522456568038
endloop
endfacet
facet normal 0.007760215331932833 -0.9999698890756672 -7.132349547849878e-11
outer loop
vertex 70.61434639580301 33.02516694686793 1.1492412667727034
vertex 69.53957291101251 33.016826221895556 3.2580000336179213
vertex 69.5395728916957 33.01682622189606 1.1492412766179283
endloop
endfacet
facet normal 0.02269350085260692 -0.9997424693485081 -2.0811614821331458e-10
outer loop
vertex 69.53957291101251 33.016826221895556 3.2580000336179213
vertex 70.61434639580301 33.02516694686793 1.1492412667727034
vertex 70.61434641511973 33.02516694686742 3.2580000237726963
endloop
endfacet
facet normal 0.17666547510318178 0.9764125951183138 0.12412797428817943
outer loop
vertex 23.94223670720661 16.93863043860079 -6.848363512169665
vertex 22.330796085655862 17.448164481698964 -7.9983904151930885
vertex 21.068009965451804 17.448164481698566 -6.314607708780776
endloop
endfacet
facet normal 0.17666547510318178 0.9764125951183138 0.12412797428817943
outer loop
vertex 23.94223670720661 16.93863043860079 -6.848363512169665
vertex 21.068009965451804 17.448164481698566 -6.314607708780776
vertex 22.754223396358316 16.938630438600377 -5.111218155453144
endloop
endfacet
facet normal 0.553608489648409 0.3039877583201234 0.775312248697719
outer loop
vertex 12.528078090310466 28.737867774636563 -17.921453398749406
vertex 10.893626664954807 28.34391400541833 -16.59634288005187
vertex 12.607581782449888 28.343914005418622 -17.82419621849854
endloop
endfacet
facet normal 0.549699049392118 0.3151841371748573 0.7736212993259316
outer loop
vertex 10.810433904576708 28.737867774636275 -16.69811291203309
vertex 10.893626664954807 28.34391400541833 -16.59634288005187
vertex 12.528078090310466 28.737867774636563 -17.921453398749406
endloop
endfacet
facet normal -0.0032091361244623853 0.9999944118356171 -0.00093687932672843
outer loop
vertex 33.957623421598505 15.657503932613164 -1.702928754253278
vertex 31.986832916769437 15.699099013470615 -2.43166173509998
vertex 31.172098677254947 15.699099013470152 -0.4895760315027772
endloop
endfacet
facet normal -0.0032091361244623853 0.9999944118356171 -0.00093687932672843
outer loop
vertex 33.957623421598505 15.657503932613164 -1.702928754253278
vertex 31.172098677254947 15.699099013470152 -0.4895760315027772
vertex 33.23433626410918 15.65750393261269 0.27297104805743294
endloop
endfacet
facet normal 0.8549773682953654 -0.5186653060526903 -7.831931076022436e-09
outer loop
vertex 65.34164732070626 31.60787928874347 1.149241315071623
vertex 65.72092586218828 32.11236963611317 3.258000068597485
vertex 65.34164734002303 31.607879288742968 3.258000072071616
endloop
endfacet
facet normal 0.696330897647366 -0.7177208935105718 -6.378738683847786e-09
outer loop
vertex 65.72092586218828 32.11236963611317 3.258000068597485
vertex 65.34164732070626 31.60787928874347 1.149241315071623
vertex 65.72092584287151 32.11236963611367 1.149241311597492
endloop
endfacet
facet normal 0.9021808019653499 -0.43135808855886537 -8.264301332477593e-09
outer loop
vertex 63.12896683280359 26.97931816646129 1.149241335339241
vertex 64.64984384046588 30.160701429908382 3.2580000784083962
vertex 63.128966852120314 26.97931816646079 3.258000092339234
endloop
endfacet
facet normal 0.902209747175918 -0.4312975447423345 -8.264566480568767e-09
outer loop
vertex 64.64984384046588 30.160701429908382 3.2580000784083962
vertex 63.12896683280359 26.97931816646129 1.149241335339241
vertex 64.64984382114915 30.160701429908883 1.1492413214084034
endloop
endfacet
facet normal 0.5518906016492504 -0.30860683992275256 0.7747119349565494
outer loop
vertex 12.534128310833426 31.759561185926305 -17.914052140113697
vertex 10.810433904576708 31.730155269022376 -16.698112912032364
vertex 12.528078090310466 31.730155269022664 -17.921453398748685
endloop
endfacet
facet normal 0.5505833171854646 -0.32065427976505645 0.7707391541276485
outer loop
vertex 10.816764862707789 31.75956118592601 -16.69036822597382
vertex 10.810433904576708 31.730155269022376 -16.698112912032364
vertex 12.534128310833426 31.759561185926305 -17.914052140113697
endloop
endfacet
facet normal 0.1313899870946234 0.9884306610987919 0.07577268301360203
outer loop
vertex 27.35072372440419 16.211407763395222 -4.72737377006911
vertex 25.65871602881196 16.538987059292047 -5.623374287043902
vertex 24.55034945105525 16.53898705929162 -3.8293879368906656
endloop
endfacet
facet normal 0.1313899870946234 0.9884306610987919 0.07577268301360203
outer loop
vertex 27.35072372440419 16.211407763395222 -4.72737377006911
vertex 24.55034945105525 16.53898705929162 -3.8293879368906656
vertex 26.32086836645858 16.21140776339478 -2.891811903609272
endloop
endfacet
facet normal 0.4340837030434633 -0.6678594346027854 0.6045950002804539
outer loop
vertex 12.637805418027181 32.17556983391424 -17.787223525858117
vertex 10.925252714068629 32.17556983391394 -16.55765460939938
vertex 12.614641733099964 32.15088097267281 -17.8155597530146
endloop
endfacet
facet normal 0.3264556773408068 -0.8286584008749173 0.4546998409845554
outer loop
vertex 12.614641733099964 32.15088097267281 -17.8155597530146
vertex 10.925252714068629 32.17556983391394 -16.55765460939938
vertex 10.901014205921834 32.15088097267252 -16.587305672040788
endloop
endfacet
facet normal 0.0 1.0 2.3799712201011423e-13
outer loop
vertex 2.395013325533651 38.97697956271995 -38.69381575481228
vertex 4.288798987061205 38.9769795627203 -40.21131184459981
vertex 2.188842206387703 38.97697956272026 -40.02224796345614
endloop
endfacet
facet normal 0.0 1.0 2.3799712201011423e-13
outer loop
vertex 4.288798987061205 38.9769795627203 -40.21131184459981
vertex 2.395013325533651 38.97697956271995 -38.69381575481228
vertex 4.485827732232434 38.976979562720004 -38.941787130380085
endloop
endfacet
facet normal 0.4722726787923761 -0.8814525040331289 -4.326346579024293e-09
outer loop
vertex 66.24233690723737 32.48022250339577 1.1492413068213034
vertex 65.72092586218828 32.11236963611317 3.258000068597485
vertex 65.72092584287151 32.11236963611367 1.149241311597492
endloop
endfacet
facet normal 0.696330897647366 -0.7177208935105718 -6.378738683847786e-09
outer loop
vertex 65.72092586218828 32.11236963611317 3.258000068597485
vertex 66.24233690723737 32.48022250339577 1.1492413068213034
vertex 66.24233692655409 32.48022250339527 3.2580000638212963
endloop
endfacet
facet normal 0.5519450868315956 -0.31015737024956297 0.7740536330270261
outer loop
vertex 12.614641733099964 32.15088097267281 -17.8155597530146
vertex 10.816764862707789 31.75956118592601 -16.69036822597382
vertex 12.534128310833426 31.759561185926305 -17.914052140113697
endloop
endfacet
facet normal 0.5516448807180311 -0.32146806577742315 0.7696403109653961
outer loop
vertex 10.901014205921834 32.15088097267252 -16.587305672040788
vertex 10.816764862707789 31.75956118592601 -16.69036822597382
vertex 12.614641733099964 32.15088097267281 -17.8155597530146
endloop
endfacet
facet normal 0.33073466599927365 -0.9437021342325954 0.0063923822784333955
outer loop
vertex 51.44437575407506 15.602470906408417 1.1492414423703243
vertex 51.3933811290041 15.602470906407916 3.256871605271332
vertex 48.54118507535218 14.869316209593622 1.1492414689641197
endloop
endfacet
facet normal 0.3268838793306777 -0.945022872243766 0.008871322892867049
outer loop
vertex 51.3933811290041 15.602470906407916 3.256871605271332
vertex 48.44789025707915 14.869316209593123 3.255935460057132
vertex 48.54118507535218 14.869316209593622 1.1492414689641197
endloop
endfacet
facet normal 0.5750992810892918 0.07604881620044855 0.8145412171554551
outer loop
vertex 12.40578003429414 29.861612707860903 -18.119827738449157
vertex 10.748022632062185 29.09429961061245 -16.799347513613725
vertex 12.468434359612342 29.094299610612737 -18.018198891522378
endloop
endfacet
facet normal 0.5741533151144524 0.0792043219122916 0.8149077531435681
outer loop
vertex 10.682461069667031 29.86161270786061 -16.905692062934154
vertex 10.748022632062185 29.09429961061245 -16.799347513613725
vertex 12.40578003429414 29.861612707860903 -18.119827738449157
endloop
endfacet
facet normal 0.7623967780951384 -0.6471098459690998 -6.983897202070897e-09
outer loop
vertex 59.865309198036364 20.79768063344138 1.1492413652337057
vertex 56.28726396103978 17.811663551132046 3.2580001550087703
vertex 56.28726394172296 17.81166355113255 1.1492413980087772
endloop
endfacet
facet normal 0.5326360667638961 -0.8463443863949748 -4.879280977514278e-09
outer loop
vertex 56.28726396103978 17.811663551132046 3.2580001550087703
vertex 59.865309198036364 20.79768063344138 1.1492413652337057
vertex 59.865309217353136 20.79768063344088 3.2580001222336987
endloop
endfacet
facet normal -0.08966958369325059 2.370383669666308e-13 -0.9959715687509756
outer loop
vertex 2.188842206387703 38.97697956272026 -40.02224796345614
vertex 4.288798987061205 35.553029943146896 -40.21131184460062
vertex 2.188842206387703 35.55302994314685 -40.022247963456955
endloop
endfacet
facet normal -0.08966958369325059 2.370383669666308e-13 -0.9959715687509756
outer loop
vertex 4.288798987061205 35.553029943146896 -40.21131184460062
vertex 2.188842206387703 38.97697956272026 -40.02224796345614
vertex 4.288798987061205 38.9769795627203 -40.21131184459981
endloop
endfacet
facet normal 0.4099548522151794 0.7986103224265364 0.4406342837989504
outer loop
vertex 16.277695794223433 21.282447507801653 -13.334531268620369
vertex 15.630339108963407 22.10843369759542 -14.126445255640405
vertex 14.734038441130147 21.282447507801308 -11.89835200312488
endloop
endfacet
facet normal 0.43676363583738276 0.757945051873908 0.48451710470319703
outer loop
vertex 15.630339108963407 22.10843369759542 -14.126445255640405
vertex 14.056643616478057 22.10843369759509 -12.727011764569188
vertex 14.734038441130147 21.282447507801308 -11.89835200312488
endloop
endfacet
facet normal 0.5418056530698813 0.3762257956797229 0.7515988191626426
outer loop
vertex 12.607581782449888 28.343914005418622 -17.82419621849854
vertex 11.129127796772616 27.621604001970816 -16.308253416403847
vertex 12.832639941326294 27.621604001971118 -17.548881684849263
endloop
endfacet
facet normal 0.5363271307569932 0.3858149783986229 0.750666378131618
outer loop
vertex 10.893626664954807 28.34391400541833 -16.59634288005187
vertex 11.129127796772616 27.621604001970816 -16.308253416403847
vertex 12.607581782449888 28.343914005418622 -17.82419621849854
endloop
endfacet
facet normal 0.06799378721036167 -0.9976857445612782 -6.230780444358139e-10
outer loop
vertex 68.5544985060342 32.97973976949835 1.1492412856414376
vertex 67.75050890816547 32.90032055191763 3.2580000500061677
vertex 67.75050888884866 32.900320551918135 1.1492412930061298
endloop
endfacet
facet normal 0.09830295280287958 -0.9951565351592859 -9.007173355944856e-10
outer loop
vertex 67.75050890816547 32.90032055191763 3.2580000500061677
vertex 68.5544985060342 32.97973976949835 1.1492412856414376
vertex 68.55449852535101 32.97973976949785 3.2580000426414304
endloop
endfacet
facet normal 0.007760215329207964 -0.9999698890756883 -7.13234576810165e-11
outer loop
vertex 71.0493854873252 33.02854304555221 1.1492412627876396
vertex 70.61434641511973 33.02516694686742 3.2580000237726963
vertex 70.61434639580301 33.02516694686793 1.1492412667727034
endloop
endfacet
facet normal 0.007760215329207964 -0.9999698890756883 -7.13234576810165e-11
outer loop
vertex 70.61434641511973 33.02516694686742 3.2580000237726963
vertex 71.0493854873252 33.02854304555221 1.1492412627876396
vertex 71.04938550664193 33.028543045551714 3.2580000197876324
endloop
endfacet
facet normal -0.08966958369325082 2.3703610124383633e-13 -0.9959715687509756
outer loop
vertex 2.188842206387703 31.537600785821212 -40.0222479634579
vertex 4.288798987061205 29.01450554091905 -40.21131184460218
vertex 2.188842206387703 29.014505540919004 -40.02224796345851
endloop
endfacet
facet normal -0.08966958369325082 2.3703610124383633e-13 -0.9959715687509756
outer loop
vertex 4.288798987061205 29.01450554091905 -40.21131184460218
vertex 2.188842206387703 31.537600785821212 -40.0222479634579
vertex 4.288798987061205 31.537600785821255 -40.21131184460157
endloop
endfacet
facet normal 0.5740757770921567 -0.08107022108643643 0.8147788788432312
outer loop
vertex 12.406968424281036 30.63445370405062 -18.11790010291137
vertex 10.682461069667031 29.86161270786061 -16.905692062934154
vertex 12.40578003429414 29.861612707860903 -18.119827738449157
endloop
endfacet
facet normal 0.5742567282762265 -0.08497373359633016 0.8142534461874777
outer loop
vertex 10.683704602398079 30.634453704050326 -16.90367498275747
vertex 10.682461069667031 29.86161270786061 -16.905692062934154
vertex 12.406968424281036 30.63445370405062 -18.11790010291137
endloop
endfacet
facet normal -0.010859028522365024 -0.9999259216086054 -0.005498435662196644
outer loop
vertex 29.990078574633458 12.937546285307254 -3.329706775737647
vertex 29.08269249939001 12.937546285306803 -1.4292914568375257
vertex 25.65871602881196 13.213030607772177 -5.623374287044691
endloop
endfacet
facet normal -0.008683726409397486 -0.9999499875441032 -0.004961381480442839
outer loop
vertex 29.08269249939001 12.937546285306803 -1.4292914568375257
vertex 24.55034945105525 13.213030607771747 -3.829387936891455
vertex 25.65871602881196 13.213030607772177 -5.623374287044691
endloop
endfacet
facet normal 0.43676363583738276 0.757945051873908 0.48451710470319703
outer loop
vertex 15.630339108963407 22.10843369759542 -14.126445255640405
vertex 15.030629322972446 22.98643491584403 -14.860072602808737
vertex 14.056643616478057 22.10843369759509 -12.727011764569188
endloop
endfacet
facet normal 0.45926060312907874 0.7115824313647137 0.5317237457426529
outer loop
vertex 15.030629322972446 22.98643491584403 -14.860072602808737
vertex 13.429106565307748 22.986434915843702 -13.49468031501514
vertex 14.056643616478057 22.10843369759509 -12.727011764569188
endloop
endfacet
facet normal 1.0 1.473005208344144e-13 -9.160249101237726e-09
outer loop
vertex 71.04938548732534 36.00603739845399 1.1492412627883615
vertex 71.04938550664193 36.772598982329626 3.258000019788535
vertex 71.04938550664205 36.006037398453486 3.2580000197883545
endloop
endfacet
facet normal 1.0 1.473005208344144e-13 -9.160249101237726e-09
outer loop
vertex 71.04938550664193 36.772598982329626 3.258000019788535
vertex 71.04938548732534 36.00603739845399 1.1492412627883615
vertex 71.0493854873252 36.77259898233013 1.149241262788542
endloop
endfacet
facet normal -0.176693897688995 -0.9657321714904653 -0.19010691588624945
outer loop
vertex 16.220444695310007 15.095614273031254 -13.404566763788782
vertex 14.674130821432026 15.095614273030913 -11.971637230649682
vertex 12.528078090310466 17.04146267110594 -17.92145339875218
endloop
endfacet
facet normal -0.16651187859327776 -0.9684132917681477 -0.18560573971221264
outer loop
vertex 14.674130821432026 15.095614273030913 -11.971637230649682
vertex 10.810433904576708 17.041462671105652 -16.698112912035864
vertex 12.528078090310466 17.04146267110594 -17.92145339875218
endloop
endfacet
facet normal -0.7665898201906818 -0.6421370940694971 7.02200376560567e-09
outer loop
vertex 57.78503042185843 32.117281801734144 1.1492413842922573
vertex 57.079573192821705 32.80352825249658 3.2580001477545983
vertex 57.07957317350493 32.80352825249708 1.1492413907546053
endloop
endfacet
facet normal -0.6295464544433136 -0.7769628444770398 5.766618957143655e-09
outer loop
vertex 57.079573192821705 32.80352825249658 3.2580001477545983
vertex 57.78503042185843 32.117281801734144 1.1492413842922573
vertex 57.78503044117515 32.11728180173364 3.2580001412922504
endloop
endfacet
facet normal -0.3702914999065221 -0.9289156070908584 3.391742717690647e-09
outer loop
vertex 54.991071755643134 33.96153049330195 1.1492414098860475
vertex 54.94429303250117 33.97688742079912 3.25800016731454
vertex 54.94429301318435 33.97688742079962 1.149241410314547
endloop
endfacet
facet normal -0.3106195588779369 -0.9505339205590404 -0.0008692002852496854
outer loop
vertex 54.94429303250117 33.97688742079912 3.25800016731454
vertex 54.991071755643134 33.96153049330195 1.1492414098860475
vertex 54.99107177495986 33.96153049330145 3.2580001668860405
endloop
endfacet
facet normal -0.6217275296048469 0.7832321196429453 -0.001525021663288403
outer loop
vertex 54.94429303250117 20.89194254096431 3.258000167311427
vertex 55.03406924990076 20.9635181488523 1.1492414094890864
vertex 54.94429301318435 20.891942540964813 1.149241410311434
endloop
endfacet
facet normal -0.6870246997536401 0.726634063286618 6.293491999924791e-09
outer loop
vertex 55.03406924990076 20.9635181488523 1.1492414094890864
vertex 54.94429303250117 20.89194254096431 3.258000167311427
vertex 55.034069269217525 20.9635181488518 3.2580001664890794
endloop
endfacet
facet normal -0.7665898201906818 -0.6421370940694971 7.02200376560567e-09
outer loop
vertex 57.78503042185843 32.117281801734144 1.1492413842922573
vertex 58.30577540162715 31.348488000097632 3.258000136521905
vertex 57.78503044117515 32.11728180173364 3.2580001412922504
endloop
endfacet
facet normal -0.8861721708933405 -0.46335610876968497 8.117449590812838e-09
outer loop
vertex 58.30577540162715 31.348488000097632 3.258000136521905
vertex 57.78503042185843 32.117281801734144 1.1492413842922573
vertex 58.30577538231042 31.348488000098133 1.1492413795219119
endloop
endfacet
facet normal -0.804727459575605 0.5936444355041096 7.371646186280624e-09
outer loop
vertex 56.06356269897042 22.115992075745055 3.2580001570589534
vertex 55.03406924990076 20.9635181488523 1.1492414094890864
vertex 55.034069269217525 20.9635181488518 3.2580001664890794
endloop
endfacet
facet normal -0.6870246997536401 0.726634063286618 6.293491999924791e-09
outer loop
vertex 55.03406924990076 20.9635181488523 1.1492414094890864
vertex 56.06356269897042 22.115992075745055 3.2580001570589534
vertex 56.0635626796537 22.115992075745556 1.1492414000589382
endloop
endfacet
facet normal 0.5054276007090847 0.5573974210181638 0.6586737094220156
outer loop
vertex 13.380829569421714 26.234156758110448 -16.87827915009114
vertex 12.33505646043768 24.88189411157664 -14.833036124531832
vertex 13.985093361340558 24.881894111576948 -16.13908086950489
endloop
endfacet
facet normal 0.4939679075079914 0.5665362774077484 0.6595698240013314
outer loop
vertex 11.702754091912606 26.23415675811015 -15.60653410649781
vertex 12.33505646043768 24.88189411157664 -14.833036124531832
vertex 13.380829569421714 26.234156758110448 -16.87827915009114
endloop
endfacet
facet normal 0.07901576849761498 0.996112788182898 0.0389335529745798
outer loop
vertex 30.078391872181626 15.836996907841092 -3.282940581667599
vertex 28.24018624427423 16.070711658904195 -4.256360027218354
vertex 27.251603031599007 16.07071165890375 -2.3989425488748677
endloop
endfacet
facet normal 0.07901576849761498 0.996112788182898 0.0389335529745798
outer loop
vertex 30.078391872181626 15.836996907841092 -3.282940581667599
vertex 27.251603031599007 16.07071165890375 -2.3989425488748677
vertex 29.175103641607556 15.836996907840641 -1.3803552543497528
endloop
endfacet
facet normal 0.8827361700085985 -0.4698689755224864 -8.086195955572933e-09
outer loop
vertex 61.50148466539525 23.575976018639995 1.149241350246599
vertex 63.128966852120314 26.97931816646079 3.258000092339234
vertex 61.50148468471202 23.575976018639494 3.258000107246592
endloop
endfacet
facet normal 0.90218080196535 -0.43135808855886537 -8.264301332477593e-09
outer loop
vertex 63.128966852120314 26.97931816646079 3.258000092339234
vertex 61.50148466539525 23.575976018639995 1.149241350246599
vertex 63.12896683280359 26.97931816646129 1.149241335339241
endloop
endfacet
facet normal 0.0006546026740492732 0.9999991362574236 0.0011397279262342615
outer loop
vertex 11.553731413061923 38.94866021455103 -19.501898624404042
vertex 9.362436476582248 38.97205093572868 -23.056302514963495
vertex 7.497902660720986 38.97205093572845 -22.07122528716155
endloop
endfacet
facet normal 0.0006546026740492732 0.9999991362574236 0.0011397279262342615
outer loop
vertex 11.553731413061923 38.94866021455103 -19.501898624404042
vertex 7.497902660720986 38.97205093572845 -22.07122528716155
vertex 9.790876353672612 38.948660214550756 -18.35189272288746
endloop
endfacet
facet normal 0.5326360667638921 -0.8463443863949773 -4.879280977514241e-09
outer loop
vertex 56.28726394172296 17.81166355113255 1.1492413980087772
vertex 54.94429303250117 17.199037069428392 3.2580001673105468
vertex 54.94429301318435 17.199037069428897 1.149241410310554
endloop
endfacet
facet normal 0.4142393074223423 -0.9101666279426 0.0015828979294488011
outer loop
vertex 54.94429303250117 17.199037069428392 3.2580001673105468
vertex 56.28726394172296 17.81166355113255 1.1492413980087772
vertex 56.28726396103978 17.811663551132046 3.2580001550087703
endloop
endfacet
facet normal 0.07053327201577383 -0.9973719121498783 0.01656280149142867
outer loop
vertex 38.264401678855066 13.243764295731665 -0.3444525903442006
vertex 37.74095428291876 13.24376429573118 1.6944821620974313
vertex 36.64747829703404 13.186227482027412 -0.7083096120273614
endloop
endfacet
facet normal 0.06768985932880157 -0.9975485935392356 0.017745040770299404
outer loop
vertex 37.74095428291876 13.24376429573118 1.6944821620974313
vertex 36.04900368498133 13.186227482026933 1.3137417310281507
vertex 36.64747829703404 13.186227482027412 -0.7083096120273614
endloop
endfacet
facet normal -0.9219518142802774 0.3873045986627381 8.445397054001733e-09
outer loop
vertex 58.204307095044825 26.299126354484056 3.25800013745017
vertex 56.821840248299914 23.37508813740265 1.149241393113248
vertex 56.821840267616686 23.375088137402148 3.258000150113241
endloop
endfacet
facet normal -0.8814580177596042 0.4722623877965609 8.074486296485384e-09
outer loop
vertex 56.821840248299914 23.37508813740265 1.149241393113248
vertex 58.204307095044825 26.299126354484056 3.25800013745017
vertex 58.20430707572801 26.29912635448456 1.149241380450177
endloop
endfacet
facet normal 0.15013171618539525 -0.988666004166841 -1.3754796953525343e-09
outer loop
vertex 67.66960992357019 32.89232919983948 1.149241293747217
vertex 66.89539384837015 32.73301624112198 3.2580000578391775
vertex 66.89539382905342 32.733016241122485 1.1492413008391844
endloop
endfacet
facet normal 0.2822469110183562 -0.9593417958270118 -2.585680332696844e-09
outer loop
vertex 66.89539384837015 32.73301624112198 3.2580000578391775
vertex 67.66960992357019 32.89232919983948 1.149241293747217
vertex 67.66960994288696 32.892329199838976 3.25800005074721
endloop
endfacet
facet normal 1.0 -7.414567205816604e-14 -9.160249101237724e-09
outer loop
vertex 71.0493854873252 33.02854304555221 1.1492412627876396
vertex 71.04938550664205 34.55142243192385 3.258000019788016
vertex 71.04938550664193 33.028543045551714 3.2580000197876324
endloop
endfacet
facet normal 1.0 -7.414567205816604e-14 -9.160249101237724e-09
outer loop
vertex 71.04938550664205 34.55142243192385 3.258000019788016
vertex 71.0493854873252 33.02854304555221 1.1492412627876396
vertex 71.04938548732534 34.55142243192435 1.149241262788023
endloop
endfacet
facet normal 0.26475428942263834 0.32114292799930505 0.9092702491714698
outer loop
vertex 3.9730877793812764 28.131480827889288 -31.06724996076679
vertex 3.4317660906301732 27.78109631370852 -30.745087614919317
vertex 4.017386953956113 27.781096313708566 -30.91704922280256
endloop
endfacet
facet normal 0.2630570656372015 0.32330479931877737 0.9089966924889168
outer loop
vertex 3.386897100318105 28.13148082788924 -30.89722036956449
vertex 3.4317660906301732 27.78109631370852 -30.745087614919317
vertex 3.9730877793812764 28.131480827889288 -31.06724996076679
endloop
endfacet
facet normal 0.2873264926551361 0.7460135119819998 0.6007556296521745
outer loop
vertex 6.723170106684215 33.76581729928959 -23.807777149892463
vertex 6.363755943138839 34.402097847716945 -24.6133988214537
vertex 5.8083161833691 34.40209784771689 -24.360354005250468
endloop
endfacet
facet normal 0.2873264926551361 0.7460135119819998 0.6007556296521745
outer loop
vertex 6.723170106684215 33.76581729928959 -23.807777149892463
vertex 5.8083161833691 34.40209784771689 -24.360354005250468
vertex 6.172353454422112 33.76581729928952 -23.544369704789606
endloop
endfacet
facet normal 0.1316364483035518 0.9418752683431031 0.30910002323137054
outer loop
vertex 5.935413611482204 34.88652946090464 -25.573521989182257
vertex 5.45148299200986 35.194925383063044 -26.65824550350692
vertex 4.884308758874476 35.194925383062994 -26.43150334036134
endloop
endfacet
facet normal 0.1316364483035518 0.9418752683431031 0.30910002323137054
outer loop
vertex 5.935413611482204 34.88652946090464 -25.573521989182257
vertex 4.884308758874476 35.194925383062994 -26.43150334036134
vertex 5.374464128250841 34.88652946090458 -25.332827138771112
endloop
endfacet
facet normal 0.2899837798427748 -0.8847657894769265 0.3648272265050514
outer loop
vertex 13.925886025729218 34.205518214680055 -16.211509436739956
vertex 12.273101832273955 34.20551821467974 -14.908825465584744
vertex 13.642791731797635 33.9417920086922 -16.557819803365817
endloop
endfacet
facet normal 0.33611468091887836 -0.8370564893055702 0.4316982221207707
outer loop
vertex 13.642791731797635 33.9417920086922 -16.557819803365817
vertex 12.273101832273955 34.20551821467974 -14.908825465584744
vertex 11.976871617982178 33.94179200869189 -15.271205055410798
endloop
endfacet
facet normal -0.4128158655146299 -0.03482424923050741 -0.9101485224099078
outer loop
vertex 5.783105081130635 28.672333706780464 -24.416864327847076
vertex 6.316488082586023 28.293928038820244 -24.71934905016633
vertex 5.760440321175998 28.29392803882019 -24.467667060883844
endloop
endfacet
facet normal -0.4124551487924861 -0.03499955379741938 -0.910305323212245
outer loop
vertex 6.338865010414031 28.672333706780528 -24.66919148869623
vertex 6.316488082586023 28.293928038820244 -24.71934905016633
vertex 5.783105081130635 28.672333706780464 -24.416864327847076
endloop
endfacet
facet normal 9.160250865637732e-09 -2.369968349524241e-13 1.0
outer loop
vertex 71.04938550664193 36.772598982329626 3.258000019788535
vertex 68.51253623717461 36.74960731245931 3.2580000430267058
vertex 71.04938550664205 36.006037398453486 3.2580000197883545
endloop
endfacet
facet normal 9.160250865637732e-09 -2.369968349524241e-13 1.0
outer loop
vertex 68.55449852535101 32.97973976949785 3.2580000426414304
vertex 67.75050890816547 36.76330270809531 3.2580000500070927
vertex 67.75050890816547 32.90032055191763 3.2580000500061677
endloop
endfacet
facet normal 9.160250865637732e-09 -2.369968349524241e-13 1.0
outer loop
vertex 67.75050890816547 36.76330270809531 3.2580000500070927
vertex 68.55449852535101 32.97973976949785 3.2580000426414304
vertex 69.53957291101251 33.016826221895556 3.2580000336179213
endloop
endfacet
facet normal 9.160250865637732e-09 -2.369968349524241e-13 1.0
outer loop
vertex 67.75050890816547 36.76330270809531 3.2580000500070927
vertex 69.53957291101251 33.016826221895556 3.2580000336179213
vertex 70.61434641511973 33.02516694686742 3.2580000237726963
endloop
endfacet
facet normal 9.160250865637732e-09 -2.369968349524241e-13 1.0
outer loop
vertex 67.75050890816547 36.76330270809531 3.2580000500070927
vertex 70.61434641511973 33.02516694686742 3.2580000237726963
vertex 71.04938550664193 33.028543045551714 3.2580000197876324
endloop
endfacet
facet normal 9.160250865637732e-09 -2.369968349524241e-13 1.0
outer loop
vertex 67.75050890816547 36.76330270809531 3.2580000500070927
vertex 71.04938550664193 33.028543045551714 3.2580000197876324
vertex 71.04938550664205 34.55142243192385 3.258000019788016
endloop
endfacet
facet normal 9.160250865637732e-09 -2.369968349524241e-13 1.0
outer loop
vertex 67.75050890816547 36.76330270809531 3.2580000500070927
vertex 71.04938550664205 34.55142243192385 3.258000019788016
vertex 71.04938550664205 36.006037398453486 3.2580000197883545
endloop
endfacet
facet normal 9.160250865637732e-09 -2.369968349524241e-13 1.0
outer loop
vertex 67.75050890816547 36.76330270809531 3.2580000500070927
vertex 71.04938550664205 36.006037398453486 3.2580000197883545
vertex 68.51253623717461 36.74960731245931 3.2580000430267058
endloop
endfacet
facet normal -0.8814580177596041 0.47226238779656116 8.07448629648538e-09
outer loop
vertex 56.821840267616686 23.375088137402148 3.258000150113241
vertex 56.0635626796537 22.115992075745556 1.1492414000589382
vertex 56.06356269897042 22.115992075745055 3.2580001570589534
endloop
endfacet
facet normal -0.8047274595756053 0.5936444355041093 7.371646186280627e-09
outer loop
vertex 56.0635626796537 22.115992075745556 1.1492414000589382
vertex 56.821840267616686 23.375088137402148 3.258000150113241
vertex 56.821840248299914 23.37508813740265 1.149241393113248
endloop
endfacet
facet normal 0.3254586263515511 0.8948179849424068 0.3055772510462321
outer loop
vertex 18.85851773333124 19.211134806757258 -10.897794132982199
vertex 17.330533465062874 20.268557429230135 -12.328895310291145
vertex 15.8357290634165 20.26855742922978 -10.846053310353037
endloop
endfacet
facet normal 0.3254586263515511 0.8948179849424068 0.3055772510462321
outer loop
vertex 18.85851773333124 19.211134806757258 -10.897794132982199
vertex 15.8357290634165 20.26855742922978 -10.846053310353037
vertex 17.434613664506276 19.21113480675689 -9.348547293753862
endloop
endfacet
facet normal 0.3669787609257424 0.5680302481184534 0.7366601837020208
outer loop
vertex 7.000316221821877 33.00187457141224 -23.18655812407151
vertex 6.63693776510115 32.13445641987435 -22.50301066301368
vertex 7.18185440825589 32.13445641987441 -22.779642893562908
endloop
endfacet
facet normal 0.36442478289605973 0.5667368055568135 0.7389208149987511
outer loop
vertex 6.453064471601924 33.00187457141217 -22.915160002380354
vertex 6.63693776510115 32.13445641987435 -22.50301066301368
vertex 7.000316221821877 33.00187457141224 -23.18655812407151
endloop
endfacet
facet normal 0.42414422729735474 -0.33880365000043194 0.8398296024770231
outer loop
vertex 7.176154011889473 29.98371469170486 -22.792420249925723
vertex 6.3672830702598295 28.88170929088762 -23.107437778127288
vertex 6.9156242051996495 28.88170929088768 -23.376394059657382
endloop
endfacet
facet normal 0.426635660554233 -0.3360569185791136 0.839671221740131
outer loop
vertex 6.631164045121132 29.9837146917048 -22.515952373200335
vertex 6.3672830702598295 28.88170929088762 -23.107437778127288
vertex 7.176154011889473 29.98371469170486 -22.792420249925723
endloop
endfacet
facet normal 0.45951429990228254 -0.6269324216147728 0.6291282436145685
outer loop
vertex 12.948017813652905 32.957107478090556 -17.407739478443848
vertex 11.070138948584272 32.5761936719278 -16.380414707113342
vertex 12.77626687226698 32.576193671928095 -17.61784308263047
endloop
endfacet
facet normal 0.4566256353149988 -0.6398821753990322 0.6180969428655798
outer loop
vertex 11.249859343032986 32.95710747809026 -16.160562039554062
vertex 11.070138948584272 32.5761936719278 -16.380414707113342
vertex 12.948017813652905 32.957107478090556 -17.407739478443848
endloop
endfacet
facet normal 0.42852355460036495 0.326046807837934 0.8426511984512698
outer loop
vertex 7.18185440825589 32.13445641987441 -22.779642893562908
vertex 6.710461865112919 31.18774960046568 -22.338207451678965
vertex 7.254444785690905 31.187749600465747 -22.61693260793718
endloop
endfacet
facet normal 0.4268409212672716 0.3245468760528471 0.8440830250491032
outer loop
vertex 6.63693776510115 32.13445641987435 -22.50301066301368
vertex 6.710461865112919 31.18774960046568 -22.338207451678965
vertex 7.18185440825589 32.13445641987441 -22.779642893562908
endloop
endfacet
facet normal -0.5600876297953418 0.8284213086654952 -0.004470156505565135
outer loop
vertex 53.76079660564894 19.948380491229088 1.1492414211523325
vertex 52.27767826270994 19.097633198857846 1.1492414347378932
vertex 52.23882505754947 19.09763319885734 3.257140306932364
endloop
endfacet
facet normal -0.5600876297953418 0.8284213086654952 -0.004470156505565135
outer loop
vertex 53.76079660564894 19.948380491229088 1.1492414211523325
vertex 52.23882505754947 19.09763319885734 3.257140306932364
vertex 53.743552794906805 19.948380491228587 3.257618544255616
endloop
endfacet
facet normal -0.03515270689344745 0.9993172760138583 -0.011369655153324915
outer loop
vertex 35.92793617764677 15.712358247733448 -0.9743724290643825
vertex 33.957623421598505 15.657503932613164 -1.702928754253278
vertex 33.23433626410918 15.65750393261269 0.27297104805743294
endloop
endfacet
facet normal -0.03515270689344745 0.9993172760138583 -0.011369655153324915
outer loop
vertex 35.92793617764677 15.712358247733448 -0.9743724290643825
vertex 33.23433626410918 15.65750393261269 0.27297104805743294
vertex 35.296073934056935 15.712358247732968 1.0353332749220077
endloop
endfacet
facet normal 0.14454979436092585 -0.9748066205424748 0.1698746876281856
outer loop
vertex 14.88711962999097 34.76354432972929 -15.035628576402392
vertex 13.278937847618522 34.763544329728965 -13.67838229980491
vertex 14.551426711307451 34.61862436702408 -15.446283048198527
endloop
endfacet
facet normal 0.19412972766376005 -0.9527693398915809 0.23354706977343082
outer loop
vertex 14.551426711307451 34.61862436702408 -15.446283048198527
vertex 13.278937847618522 34.763544329728965 -13.67838229980491
vertex 12.927668368263038 34.61862436702376 -14.108091639723423
endloop
endfacet
facet normal 0.0382994402777293 0.9991279930704607 0.01662547254684598
outer loop
vertex 31.986832916769437 15.699099013470615 -2.43166173509998
vertex 30.98963804297935 15.76910331768321 -2.8003913342539724
vertex 30.128632745635446 15.769103317682758 -0.8754151335777971
endloop
endfacet
facet normal 0.0382994402777293 0.9991279930704607 0.01662547254684598
outer loop
vertex 31.986832916769437 15.699099013470615 -2.43166173509998
vertex 30.128632745635446 15.769103317682758 -0.8754151335777971
vertex 31.172098677254947 15.699099013470152 -0.4895760315027772
endloop
endfacet
facet normal -0.9132384380685863 -9.656047701079041e-14 0.4074255210882708
outer loop
vertex 5.374464128250841 34.88652946090458 -25.332827138771112
vertex 5.783105081130635 28.672333706780464 -24.416864327847076
vertex 5.8083161833691 34.40209784771689 -24.360354005250468
endloop
endfacet
facet normal -0.9132384380685863 -9.656047701079041e-14 0.4074255210882708
outer loop
vertex 5.783105081130635 28.672333706780464 -24.416864327847076
vertex 5.374464128250841 34.88652946090458 -25.332827138771112
vertex 5.69697243906244 29.640290285712688 -24.609929404622026
endloop
endfacet
facet normal -0.9132384380685863 -9.656047701079041e-14 0.4074255210882708
outer loop
vertex 5.69697243906244 29.640290285712688 -24.609929404622026
vertex 5.374464128250841 34.88652946090458 -25.332827138771112
vertex 5.364312336975762 30.571910666398367 -25.355582232716447
endloop
endfacet
facet normal -0.9132384380685863 -9.656047701079041e-14 0.4074255210882708
outer loop
vertex 5.364312336975762 30.571910666398367 -25.355582232716447
vertex 5.374464128250841 34.88652946090458 -25.332827138771112
vertex 4.884308758874476 35.194925383062994 -26.43150334036134
endloop
endfacet
facet normal -0.9132384380685863 -9.656047701079041e-14 0.4074255210882708
outer loop
vertex 5.364312336975762 30.571910666398367 -25.355582232716447
vertex 4.884308758874476 35.194925383062994 -26.43150334036134
vertex 4.843895458955347 31.167429397383206 -26.522089170127554
endloop
endfacet
facet normal -0.9132384380685863 -9.656047701079041e-14 0.4074255210882708
outer loop
vertex 4.843895458955347 31.167429397383206 -26.522089170127554
vertex 4.884308758874476 35.194925383062994 -26.43150334036134
vertex 4.352241633988129 35.30292022480284 -27.624124138344108
endloop
endfacet
facet normal -0.9132384380685863 -9.656047701079041e-14 0.4074255210882708
outer loop
vertex 4.843895458955347 31.167429397383206 -26.522089170127554
vertex 4.352241633988129 35.30292022480284 -27.624124138344108
vertex 4.352241633988129 31.276966008702267 -27.624124138345056
endloop
endfacet
facet normal -0.9132384380685863 -9.656047701079041e-14 0.4074255210882708
outer loop
vertex 6.63693776510115 32.13445641987435 -22.50301066301368
vertex 6.631164045121132 29.9837146917048 -22.515952373200335
vertex 6.710461865112919 31.18774960046568 -22.338207451678965
endloop
endfacet
facet normal -0.9132384380685863 -9.656047701079041e-14 0.4074255210882708
outer loop
vertex 6.631164045121132 29.9837146917048 -22.515952373200335
vertex 6.63693776510115 32.13445641987435 -22.50301066301368
vertex 6.453064471601924 33.00187457141217 -22.915160002380354
endloop
endfacet
facet normal -0.9132384380685863 -9.656047701079041e-14 0.4074255210882708
outer loop
vertex 6.631164045121132 29.9837146917048 -22.515952373200335
vertex 6.453064471601924 33.00187457141217 -22.915160002380354
vertex 6.3672830702598295 28.88170929088762 -23.107437778127288
endloop
endfacet
facet normal -0.9132384380685863 -9.656047701079041e-14 0.4074255210882708
outer loop
vertex 6.3672830702598295 28.88170929088762 -23.107437778127288
vertex 6.453064471601924 33.00187457141217 -22.915160002380354
vertex 6.172353454422112 33.76581729928952 -23.544369704789606
endloop
endfacet
facet normal -0.9132384380685863 -9.656047701079041e-14 0.4074255210882708
outer loop
vertex 6.3672830702598295 28.88170929088762 -23.107437778127288
vertex 6.172353454422112 33.76581729928952 -23.544369704789606
vertex 5.947891872096841 27.968143246462425 -24.047497109038027
endloop
endfacet
facet normal -0.9132384380685863 -9.656047701079041e-14 0.4074255210882708
outer loop
vertex 5.947891872096841 27.968143246462425 -24.047497109038027
vertex 6.172353454422112 33.76581729928952 -23.544369704789606
vertex 5.8083161833691 34.40209784771689 -24.360354005250468
endloop
endfacet
facet normal -0.9132384380685863 -9.656047701079041e-14 0.4074255210882708
outer loop
vertex 5.947891872096841 27.968143246462425 -24.047497109038027
vertex 5.8083161833691 34.40209784771689 -24.360354005250468
vertex 5.783105081130635 28.672333706780464 -24.416864327847076
endloop
endfacet
facet normal -0.9132384380685863 -9.656047701079041e-14 0.4074255210882708
outer loop
vertex 5.947891872096841 27.968143246462425 -24.047497109038027
vertex 5.783105081130635 28.672333706780464 -24.416864327847076
vertex 5.760440321175998 28.29392803882019 -24.467667060883844
endloop
endfacet
facet normal -0.9132384380685863 -9.656047701079041e-14 0.4074255210882708
outer loop
vertex 5.947891872096841 27.968143246462425 -24.047497109038027
vertex 5.760440321175998 28.29392803882019 -24.467667060883844
vertex 5.7082168138010685 27.934020032340822 -24.584725300579326
endloop
endfacet
facet normal -0.9132384380685863 -9.656047701079041e-14 0.4074255210882708
outer loop
vertex 5.947891872096841 27.968143246462425 -24.047497109038027
vertex 5.7082168138010685 27.934020032340822 -24.584725300579326
vertex 5.6287039047759 27.596652814008596 -24.76295234107131
endloop
endfacet
facet normal -0.9638817301459923 0.2663306409160768 8.829455441497723e-09
outer loop
vertex 58.58573402268098 27.33195855718772 3.258000133956457
vertex 58.20430707572801 26.29912635448456 1.149241380450177
vertex 58.204307095044825 26.299126354484056 3.25800013745017
endloop
endfacet
facet normal -0.9219518142802773 0.38730459866273853 8.445397054001732e-09
outer loop
vertex 58.20430707572801 26.29912635448456 1.149241380450177
vertex 58.58573402268098 27.33195855718772 3.258000133956457
vertex 58.58573400336421 27.33195855718822 1.1492413769564642
endloop
endfacet
facet normal -0.6295464544433149 -0.7769628444770389 5.766618957143666e-09
outer loop
vertex 57.07957317350493 32.80352825249708 1.1492413907546053
vertex 56.21331460617356 33.383967538536325 3.2580001556898712
vertex 56.21331458685675 33.38396753853683 1.1492413986898782
endloop
endfacet
facet normal -0.4933116503380935 -0.8698526401872368 4.51865229915358e-09
outer loop
vertex 56.21331460617356 33.383967538536325 3.2580001556898712
vertex 57.07957317350493 32.80352825249708 1.1492413907546053
vertex 57.079573192821705 32.80352825249658 3.2580001477545983
endloop
endfacet
facet normal -0.09862471548776894 0.9410436083794435 -0.3235893889223711
outer loop
vertex 4.224206842327197 34.8865294777579 -30.215805911674543
vertex 3.6772390770855763 33.76581735332162 -32.070354281264926
vertex 3.0872429265206356 33.76581735332158 -31.913227518012693
endloop
endfacet
facet normal -0.09862471548776894 0.9410436083794435 -0.3235893889223711
outer loop
vertex 4.224206842327197 34.8865294777579 -30.215805911674543
vertex 3.0872429265206356 33.76581735332158 -31.913227518012693
vertex 3.64124628200441 34.886529477757854 -30.034824283032084
endloop
endfacet
facet normal -0.1748668969375133 0.7331445715326195 -0.6572066688551605
outer loop
vertex 3.0872429265206356 33.76581735332158 -31.913227518012693
vertex 3.3587604083116886 32.13445651134257 -33.150187743961176
vertex 2.764667699308139 32.134456511342535 -33.006950767742126
endloop
endfacet
facet normal -0.17418522186223798 0.7361245461442768 -0.6540490509500687
outer loop
vertex 3.6772390770855763 33.76581735332162 -32.070354281264926
vertex 3.3587604083116886 32.13445651134257 -33.150187743961176
vertex 3.0872429265206356 33.76581735332158 -31.913227518012693
endloop
endfacet
facet normal 0.2760179583122465 0.09859329279549259 0.9560823444164634
outer loop
vertex 3.948348528909686 28.50215569918245 -31.151130839206907
vertex 3.386897100318105 28.13148082788924 -30.89722036956449
vertex 3.9730877793812764 28.131480827889288 -31.06724996076679
endloop
endfacet
facet normal 0.27555004289549323 0.0992991499674369 0.9561442635272339
outer loop
vertex 3.3618396314061023 28.50215569918241 -30.982180199137343
vertex 3.386897100318105 28.13148082788924 -30.89722036956449
vertex 3.948348528909686 28.50215569918245 -31.151130839206907
endloop
endfacet
facet normal 0.21597844722469264 -0.663702456325853 0.7161371096385383
outer loop
vertex 4.1112128745713745 30.192368266705707 -30.598923148177697
vertex 3.368387172133257 29.14907633245087 -30.95998011395481
vertex 3.9548129188522814 29.14907633245091 -31.129212684993153
endloop
endfacet
facet normal 0.21522359836558874 -0.6657739040351086 0.7144395785595992
outer loop
vertex 3.5267988844351965 30.19236826670566 -30.422869517238258
vertex 3.368387172133257 29.14907633245087 -30.95998011395481
vertex 4.1112128745713745 30.192368266705707 -30.598923148177697
endloop
endfacet
facet normal -0.2386412984402002 -0.7955160407602875 -0.5569601059069241
outer loop
vertex 5.925390743331654 30.571910666398423 -25.595988103800426
vertex 5.364312336975762 30.571910666398367 -25.355582232716447
vertex 5.411582922589699 31.167429397383263 -26.74768093450088
endloop
endfacet
facet normal -0.09960763971078286 -0.9640009326681349 -0.24653705588858862
outer loop
vertex 5.411582922589699 31.167429397383263 -26.74768093450088
vertex 5.364312336975762 30.571910666398367 -25.355582232716447
vertex 4.843895458955347 31.167429397383206 -26.522089170127554
endloop
endfacet
facet normal 0.4196664368886362 -0.7090208519112753 0.5667181956706575
outer loop
vertex 13.151203981755073 33.31419882430472 -17.159181037397477
vertex 11.249859343032986 32.95710747809026 -16.160562039554062
vertex 12.948017813652905 32.957107478090556 -17.407739478443848
endloop
endfacet
facet normal 0.4196664368886362 -0.7090208519112753 0.5667181956706575
outer loop
vertex 13.151203981755073 33.31419882430472 -17.159181037397477
vertex 11.462473597040418 33.31419882430442 -15.900470183824192
vertex 11.249859343032986 32.95710747809026 -16.160562039554062
endloop
endfacet
facet normal 0.2652057171616182 0.939429992072594 0.21711107198684718
outer loop
vertex 20.767434604781904 18.07846739468651 -9.114104974023883
vertex 20.74863376077373 18.087797880189058 -9.127522456567023
vertex 19.41243337987264 18.087797880188667 -7.496132853405328
endloop
endfacet
facet normal 0.2652057171616182 0.939429992072594 0.21711107198684718
outer loop
vertex 20.767434604781904 18.07846739468651 -9.114104974023883
vertex 19.41243337987264 18.087797880188667 -7.496132853405328
vertex 19.43210660596295 18.07846739468612 -7.482092783314913
endloop
endfacet
facet normal -0.026324075444533447 -0.9996421527227562 -0.004754950242044938
outer loop
vertex 40.9215886298728 35.137544717967224 0.2534954268167636
vertex 40.52143794785443 35.137544717966726 2.320175696216013
vertex 36.64747829703404 35.22889808957718 -0.708309612022105
endloop
endfacet
facet normal -0.02587159647389243 -0.9996513036215247 -0.005285041502045751
outer loop
vertex 40.52143794785443 35.137544717966726 2.320175696216013
vertex 36.04900368498133 35.228898089576695 1.3137417310334072
vertex 36.64747829703404 35.22889808957718 -0.708309612022105
endloop
endfacet
facet normal 0.37814705311343555 -0.7798751152525946 0.4987981664274405
outer loop
vertex 13.383631734619804 33.64361247491989 -16.874851250347504
vertex 11.462473597040418 33.31419882430442 -15.900470183824192
vertex 13.151203981755073 33.31419882430472 -17.159181037397477
endloop
endfacet
facet normal 0.37814705311343555 -0.7798751152525946 0.4987981664274405
outer loop
vertex 13.383631734619804 33.64361247491989 -16.874851250347504
vertex 11.705686280992019 33.64361247491959 -15.602947148027175
vertex 11.462473597040418 33.31419882430442 -15.900470183824192
endloop
endfacet
facet normal 0.027593376696464784 -0.9966291420251512 0.07725903719758768
outer loop
vertex 4.825132048168484 31.30980456010067 -28.17830949678841
vertex 4.2499011271098714 31.30980456010062 -27.97111976082067
vertex 4.416311908290272 30.951768236110315 -29.564454663006572
endloop
endfacet
facet normal 0.13022224352479211 -0.9088461948880187 0.39628368794203367
outer loop
vertex 4.416311908290272 30.951768236110315 -29.564454663006572
vertex 4.2499011271098714 31.30980456010062 -27.97111976082067
vertex 3.8358223757197845 30.95176823611027 -29.375094770085045
endloop
endfacet
facet normal -0.49331165033809043 -0.8698526401872385 4.518652299153552e-09
outer loop
vertex 56.21331458685675 33.38396753853683 1.1492413986898782
vertex 54.99107177495986 33.96153049330145 3.2580001668860405
vertex 54.991071755643134 33.96153049330195 1.1492414098860475
endloop
endfacet
facet normal -0.3702914999065215 -0.9289156070908587 3.391742717690641e-09
outer loop
vertex 54.99107177495986 33.96153049330145 3.2580001668860405
vertex 56.21331458685675 33.38396753853683 1.1492413986898782
vertex 56.21331460617356 33.383967538536325 3.2580001556898712
endloop
endfacet
facet normal 0.35413480717840357 0.8615695176293191 0.3637121178029369
outer loop
vertex 17.330533465062874 20.268557429230135 -12.328895310291145
vertex 16.34589828608094 21.20744982617885 -13.251098891259698
vertex 14.805405611755855 21.207449826178504 -11.81104826174181
endloop
endfacet
facet normal 0.35413480717840357 0.8615695176293191 0.3637121178029369
outer loop
vertex 17.330533465062874 20.268557429230135 -12.328895310291145
vertex 14.805405611755855 21.207449826178504 -11.81104826174181
vertex 15.8357290634165 20.26855742922978 -10.846053310353037
endloop
endfacet
facet normal 0.19412972766376005 -0.9527693398915809 0.23354706977343082
outer loop
vertex 14.551426711307451 34.61862436702408 -15.446283048198527
vertex 12.927668368263038 34.61862436702376 -14.108091639723423
vertex 14.229858268996331 34.43194384754377 -15.839658992324631
endloop
endfacet
facet normal 0.24261104336361364 -0.9230215256652631 0.298615379370502
outer loop
vertex 14.229858268996331 34.43194384754377 -15.839658992324631
vertex 12.927668368263038 34.61862436702376 -14.108091639723423
vertex 12.591178758202874 34.43194384754346 -14.519720707223687
endloop
endfacet
facet normal -0.3994733525215215 0.24086147261799495 -0.8845376145950532
outer loop
vertex 5.760440321175998 28.29392803882019 -24.467667060883844
vertex 6.264927789964679 27.934020032340886 -24.83492070354273
vertex 5.7082168138010685 27.934020032340822 -24.584725300579326
endloop
endfacet
facet normal -0.40072148357874254 0.23918727886909685 -0.8844273504509279
outer loop
vertex 6.316488082586023 28.293928038820244 -24.71934905016633
vertex 6.264927789964679 27.934020032340886 -24.83492070354273
vertex 5.760440321175998 28.29392803882019 -24.467667060883844
endloop
endfacet
facet normal -0.05956266315793273 -0.99822354462716 -0.0014297235826497446
outer loop
vertex 50.812461500859236 34.8084534065812 1.1492414481633701
vertex 50.75225973166436 34.8084534065807 3.2566678420480386
vertex 48.54118507535218 34.88013714050074 1.14924146896888
endloop
endfacet
facet normal -0.05808622087320481 -0.9983099872613966 -0.0017777173057730972
outer loop
vertex 50.75225973166436 34.8084534065807 3.2566678420480386
vertex 48.44789025707915 34.88013714050024 3.2559354600618917
vertex 48.54118507535218 34.88013714050074 1.14924146896888
endloop
endfacet
facet normal 0.10908741509188366 0.992262931039362 0.05928078570452217
outer loop
vertex 28.24018624427423 16.070711658904195 -4.256360027218354
vertex 27.35072372440419 16.211407763395222 -4.72737377006911
vertex 26.32086836645858 16.21140776339478 -2.891811903609272
endloop
endfacet
facet normal 0.10908741509188366 0.992262931039362 0.05928078570452217
outer loop
vertex 28.24018624427423 16.070711658904195 -4.256360027218354
vertex 26.32086836645858 16.21140776339478 -2.891811903609272
vertex 27.251603031599007 16.07071165890375 -2.3989425488748677
endloop
endfacet
facet normal 0.24261104336361364 -0.9230215256652631 0.298615379370502
outer loop
vertex 14.229858268996331 34.43194384754377 -15.839658992324631
vertex 12.591178758202874 34.43194384754346 -14.519720707223687
vertex 13.925886025729218 34.205518214680055 -16.211509436739956
endloop
endfacet
facet normal 0.2899837798427748 -0.8847657894769265 0.3648272265050514
outer loop
vertex 13.925886025729218 34.205518214680055 -16.211509436739956
vertex 12.591178758202874 34.43194384754346 -14.519720707223687
vertex 12.273101832273955 34.20551821467974 -14.908825465584744
endloop
endfacet
facet normal -0.307209631844834 0.9515492365564634 -0.01327751899163441
outer loop
vertex 48.77194688423797 17.64646676927336 1.149241466850927
vertex 48.54118507535218 17.592898956668524 1.1492414689647739
vertex 48.44789025707915 17.59289895666802 3.255935460057786
endloop
endfacet
facet normal -0.307209631844834 0.9515492365564634 -0.01327751899163441
outer loop
vertex 48.77194688423797 17.64646676927336 1.149241466850927
vertex 48.44789025707915 17.59289895666802 3.255935460057786
vertex 48.682014321558746 17.64646676927286 3.2560098701076243
endloop
endfacet
facet normal -9.554981298149743e-05 -0.9999999936601357 -5.958155692425891e-05
outer loop
vertex 25.65871602881196 35.37189043456926 -5.623374287039412
vertex 29.392375663004945 35.37128569906667 -1.2652991325536447
vertex 24.55034945105525 35.37189043456883 -3.8293879368861763
endloop
endfacet
facet normal -0.009361612700058492 -0.999946547385856 -0.004388915442368636
outer loop
vertex 29.392375663004945 35.37128569906667 -1.2652991325536447
vertex 25.65871602881196 35.37189043456926 -5.623374287039412
vertex 30.28602926540162 35.37128569906712 -3.1729864649333934
endloop
endfacet
facet normal -9.160250865637671e-09 2.3699683495772515e-13 -1.0
outer loop
vertex 67.75050888884866 36.76330270809581 1.1492412930070546
vertex 68.5544985060342 32.97973976949835 1.1492412856414376
vertex 67.75050888884866 32.900320551918135 1.1492412930061298
endloop
endfacet
facet normal -9.160250865637671e-09 2.3699683495772515e-13 -1.0
outer loop
vertex 68.5544985060342 32.97973976949835 1.1492412856414376
vertex 67.75050888884866 36.76330270809581 1.1492412930070546
vertex 69.5395728916957 33.01682622189606 1.1492412766179283
endloop
endfacet
facet normal -9.160250865637671e-09 2.3699683495772515e-13 -1.0
outer loop
vertex 69.5395728916957 33.01682622189606 1.1492412766179283
vertex 67.75050888884866 36.76330270809581 1.1492412930070546
vertex 70.61434639580301 33.02516694686793 1.1492412667727034
endloop
endfacet
facet normal -9.160250865637671e-09 2.3699683495772515e-13 -1.0
outer loop
vertex 70.61434639580301 33.02516694686793 1.1492412667727034
vertex 67.75050888884866 36.76330270809581 1.1492412930070546
vertex 71.0493854873252 33.02854304555221 1.1492412627876396
endloop
endfacet
facet normal -9.160250865637671e-09 2.3699683495772515e-13 -1.0
outer loop
vertex 71.0493854873252 33.02854304555221 1.1492412627876396
vertex 67.75050888884866 36.76330270809581 1.1492412930070546
vertex 71.04938548732534 34.55142243192435 1.149241262788023
endloop
endfacet
facet normal -9.160250865637671e-09 2.3699683495772515e-13 -1.0
outer loop
vertex 71.04938548732534 34.55142243192435 1.149241262788023
vertex 67.75050888884866 36.76330270809581 1.1492412930070546
vertex 71.04938548732534 36.00603739845399 1.1492412627883615
endloop
endfacet
facet normal -9.160250865637671e-09 2.3699683495772515e-13 -1.0
outer loop
vertex 71.04938548732534 36.00603739845399 1.1492412627883615
vertex 67.75050888884866 36.76330270809581 1.1492412930070546
vertex 68.51253621785789 36.74960731245981 1.1492412860267127
endloop
endfacet
facet normal -9.160250865637671e-09 2.3699683495772515e-13 -1.0
outer loop
vertex 71.0493854873252 36.77259898233013 1.149241262788542
vertex 71.04938548732534 36.00603739845399 1.1492412627883615
vertex 68.51253621785789 36.74960731245981 1.1492412860267127
endloop
endfacet
facet normal -0.9972030234756237 -0.07474041725247951 9.134615164812313e-09
outer loop
vertex 58.79736307230466 29.461138333932492 3.258000132018396
vertex 58.78448601379882 28.391649820749418 1.1492413751360968
vertex 58.78448603311554 28.391649820748913 3.258000132136135
endloop
endfacet
facet normal -0.9951310213907252 0.09856089623096866 9.115671541561159e-09
outer loop
vertex 58.78448601379882 28.391649820749418 1.1492413751360968
vertex 58.79736307230466 29.461138333932492 3.258000132018396
vertex 58.79736305298785 29.461138333932993 1.1492413750184027
endloop
endfacet
facet normal 0.33611468091887836 -0.8370564893055702 0.4316982221207707
outer loop
vertex 13.642791731797635 33.9417920086922 -16.557819803365817
vertex 11.976871617982178 33.94179200869189 -15.271205055410798
vertex 13.383631734619804 33.64361247491989 -16.874851250347504
endloop
endfacet
facet normal 0.37814705311343555 -0.7798751152525946 0.4987981664274405
outer loop
vertex 13.383631734619804 33.64361247491989 -16.874851250347504
vertex 11.976871617982178 33.94179200869189 -15.271205055410798
vertex 11.705686280992019 33.64361247491959 -15.602947148027175
endloop
endfacet
facet normal 0.2338777808467558 -0.8315454746953751 0.5038187244831617
outer loop
vertex 6.501559084202471 27.96814324646249 -24.30451506530324
vertex 5.947891872096841 27.968143246462425 -24.047497109038027
vertex 6.18642465866256 27.596652814008653 -25.0108843418106
endloop
endfacet
facet normal 0.1772735173547704 -0.9027271971614749 0.39199197383320944
outer loop
vertex 6.18642465866256 27.596652814008653 -25.0108843418106
vertex 5.947891872096841 27.968143246462425 -24.047497109038027
vertex 5.6287039047759 27.596652814008596 -24.76295234107131
endloop
endfacet
facet normal -0.2375286378397133 -0.7983443925318104 -0.553377246658213
outer loop
vertex 5.364312336975762 30.571910666398367 -25.355582232716447
vertex 6.2538262136629905 29.640290285712744 -24.859804726945633
vertex 5.69697243906244 29.640290285712688 -24.609929404622026
endloop
endfacet
facet normal -0.2386412984402002 -0.7955160407602875 -0.5569601059069241
outer loop
vertex 5.925390743331654 30.571910666398423 -25.595988103800426
vertex 6.2538262136629905 29.640290285712744 -24.859804726945633
vertex 5.364312336975762 30.571910666398367 -25.355582232716447
endloop
endfacet
facet normal 0.3388524800399274 -0.6338813004711759 0.6952506696751621
outer loop
vertex 6.9156242051996495 28.88170929088768 -23.376394059657382
vertex 5.947891872096841 27.968143246462425 -24.047497109038027
vertex 6.501559084202471 27.96814324646249 -24.30451506530324
endloop
endfacet
facet normal 0.3388524800399274 -0.6338813004711759 0.6952506696751621
outer loop
vertex 6.9156242051996495 28.88170929088768 -23.376394059657382
vertex 6.3672830702598295 28.88170929088762 -23.107437778127288
vertex 5.947891872096841 27.968143246462425 -24.047497109038027
endloop
endfacet
facet normal 0.45543359078190593 0.013232900476143913 0.8901714075010991
outer loop
vertex 7.254444785690905 31.187749600465747 -22.61693260793718
vertex 6.631164045121132 29.9837146917048 -22.515952373200335
vertex 7.176154011889473 29.98371469170486 -22.792420249925723
endloop
endfacet
facet normal 0.45536671597590933 0.013205297648473054 0.8902060290153794
outer loop
vertex 6.710461865112919 31.18774960046568 -22.338207451678965
vertex 6.631164045121132 29.9837146917048 -22.515952373200335
vertex 7.254444785690905 31.187749600465747 -22.61693260793718
endloop
endfacet
facet normal -0.43997803718384776 0.8979573985648989 -0.009583170582223676
outer loop
vertex 52.27767826270994 19.097633198857846 1.1492414347378932
vertex 48.77194688423797 17.64646676927336 1.149241466850927
vertex 48.682014321558746 17.64646676927286 3.2560098701076243
endloop
endfacet
facet normal -0.43997803718384776 0.8979573985648989 -0.009583170582223676
outer loop
vertex 52.27767826270994 19.097633198857846 1.1492414347378932
vertex 48.682014321558746 17.64646676927286 3.2560098701076243
vertex 52.23882505754947 19.09763319885734 3.257140306932364
endloop
endfacet
facet normal -0.1431727085719192 -0.9896955857697409 -0.002055000746867286
outer loop
vertex 52.259115114796536 34.682089533539184 1.1492414349116482
vertex 52.21999144006315 34.68208953353869 3.2571343211762835
vertex 50.812461500859236 34.8084534065812 1.1492414481633701
endloop
endfacet
facet normal -0.14066108049809425 -0.9900536211428057 -0.002878835724066511
outer loop
vertex 52.21999144006315 34.68208953353869 3.2571343211762835
vertex 50.75225973166436 34.8084534065807 3.2566678420480386
vertex 50.812461500859236 34.8084534065812 1.1492414481633701
endloop
endfacet
facet normal 0.05480605058988739 -0.9966298351929381 0.06103497703805426
outer loop
vertex 15.586268679020915 34.92231198302973 -14.180356786452048
vertex 14.010528264859712 34.922311983029395 -12.783424856134419
vertex 15.233312811461632 34.86513914829916 -14.612129091713307
endloop
endfacet
facet normal 0.09379864314040628 -0.9897506299946641 0.10768242646868666
outer loop
vertex 15.233312811461632 34.86513914829916 -14.612129091713307
vertex 14.010528264859712 34.922311983029395 -12.783424856134419
vertex 13.641194814755353 34.86513914829883 -13.235231922735775
endloop
endfacet
facet normal 0.09379864314040628 -0.9897506299946641 0.10768242646868666
outer loop
vertex 15.233312811461632 34.86513914829916 -14.612129091713307
vertex 13.641194814755353 34.86513914829883 -13.235231922735775
vertex 14.88711962999097 34.76354432972929 -15.035628576402392
endloop
endfacet
facet normal 0.14454979436092585 -0.9748066205424748 0.1698746876281856
outer loop
vertex 14.88711962999097 34.76354432972929 -15.035628576402392
vertex 13.641194814755353 34.86513914829883 -13.235231922735775
vertex 13.278937847618522 34.763544329728965 -13.67838229980491
endloop
endfacet
facet normal 0.20692904630280365 0.8647101127794116 0.45766449573156676
outer loop
vertex 6.363755943138839 34.402097847716945 -24.6133988214537
vertex 5.935413611482204 34.88652946090464 -25.573521989182257
vertex 5.374464128250841 34.88652946090458 -25.332827138771112
endloop
endfacet
facet normal 0.20692904630280365 0.8647101127794116 0.45766449573156676
outer loop
vertex 6.363755943138839 34.402097847716945 -24.6133988214537
vertex 5.374464128250841 34.88652946090458 -25.332827138771112
vertex 5.8083161833691 34.40209784771689 -24.360354005250468
endloop
endfacet
facet normal -0.015317652475561138 0.9989372776276519 -0.04347050596086068
outer loop
vertex 4.925569568857115 35.303098858402635 -27.8377661374243
vertex 4.224206842327197 34.8865294777579 -30.215805911674543
vertex 3.64124628200441 34.886529477757854 -30.034824283032084
endloop
endfacet
facet normal -0.015317652475561138 0.9989372776276519 -0.04347050596086068
outer loop
vertex 4.925569568857115 35.303098858402635 -27.8377661374243
vertex 3.64124628200441 34.886529477757854 -30.034824283032084
vertex 4.351630565321593 35.303098858402585 -27.626196027166888
endloop
endfacet
facet normal -0.774231754253366 -1.012286568323968e-13 0.6329021967932766
outer loop
vertex 12.534128310833426 31.759561185926305 -17.914052140113697
vertex 12.637805418027181 32.17556983391424 -17.787223525858117
vertex 12.614641733099964 32.15088097267281 -17.8155597530146
endloop
endfacet
facet normal -0.37119557140859494 0.418895368482136 -0.8286980861754552
outer loop
vertex 5.7082168138010685 27.934020032340822 -24.584725300579326
vertex 6.18642465866256 27.596652814008653 -25.0108843418106
vertex 5.6287039047759 27.596652814008596 -24.76295234107131
endloop
endfacet
facet normal -0.37346638625357625 0.4162331130535316 -0.8290192120430386
outer loop
vertex 6.264927789964679 27.934020032340886 -24.83492070354273
vertex 6.18642465866256 27.596652814008653 -25.0108843418106
vertex 5.7082168138010685 27.934020032340822 -24.584725300579326
endloop
endfacet
facet normal 0.06275838151172412 0.9854713766296913 0.15782126407303262
outer loop
vertex 5.45148299200986 35.194925383063044 -26.65824550350692
vertex 4.926172877229958 35.30292022480289 -27.835720560645733
vertex 4.352241633988129 35.30292022480284 -27.624124138344108
endloop
endfacet
facet normal 0.06275838151172412 0.9854713766296913 0.15782126407303262
outer loop
vertex 5.45148299200986 35.194925383063044 -26.65824550350692
vertex 4.352241633988129 35.30292022480284 -27.624124138344108
vertex 4.884308758874476 35.194925383062994 -26.43150334036134
endloop
endfacet
facet normal -0.18344696197340774 0.9827576986521259 -0.023119642789293942
outer loop
vertex 44.48098463058714 16.5885078627906 0.7889233203671444
vertex 42.5325555581001 16.33221121561518 0.6160120649690778
vertex 42.207155705489946 16.332211215614684 2.6995135483247714
endloop
endfacet
facet normal -0.18344696197340774 0.9827576986521259 -0.023119642789293942
outer loop
vertex 44.48098463058714 16.5885078627906 0.7889233203671444
vertex 42.207155705489946 16.332211215614684 2.6995135483247714
vertex 44.23084989383662 16.588507862790102 2.879945479812031
endloop
endfacet
facet normal -0.25526664423870704 -0.9668697123189537 -0.0013783103325938698
outer loop
vertex 53.66278523846708 34.397592924487014 1.1492414220535938
vertex 53.64411337830397 34.39759292448651 3.257586940109574
vertex 52.259115114796536 34.682089533539184 1.1492414349116482
endloop
endfacet
facet normal -0.2525221310394032 -0.9675869797621622 -0.0028301819827629016
outer loop
vertex 53.64411337830397 34.39759292448651 3.257586940109574
vertex 52.21999144006315 34.68208953353869 3.2571343211762835
vertex 52.259115114796536 34.682089533539184 1.1492414349116482
endloop
endfacet
facet normal 0.02292599748013226 -0.9995614034770373 0.018745647989770152
outer loop
vertex 20.784511661595797 35.37258203278054 -9.101917696066273
vertex 19.449976059031794 35.37258203278015 -7.469340000802675
vertex 20.74863376077373 35.36985453459485 -9.127522456562916
endloop
endfacet
facet normal 0.04788846673161391 -0.9980837727652151 0.03918516679624251
outer loop
vertex 20.74863376077373 35.36985453459485 -9.127522456562916
vertex 19.449976059031794 35.37258203278015 -7.469340000802675
vertex 19.41243337987264 35.36985453459447 -7.496132853401222
endloop
endfacet
facet normal 0.2677184540680502 -0.2586611150627953 0.9281278235813668
outer loop
vertex 3.9548129188522814 29.14907633245091 -31.129212684993153
vertex 3.3618396314061023 28.50215569918241 -30.982180199137343
vertex 3.948348528909686 28.50215569918245 -31.151130839206907
endloop
endfacet
facet normal 0.26933391659613193 -0.2591299163975808 0.9275294754339457
outer loop
vertex 3.368387172133257 29.14907633245087 -30.95998011395481
vertex 3.3618396314061023 28.50215569918241 -30.982180199137343
vertex 3.9548129188522814 29.14907633245091 -31.129212684993153
endloop
endfacet
facet normal -0.965111758419413 -0.2618382969708376 8.840604214645133e-09
outer loop
vertex 58.62415779109745 30.523204542560084 1.149241376605277
vertex 58.79736307230466 29.461138333932492 3.258000132018396
vertex 58.62415781041422 30.523204542559583 3.25800013360527
endloop
endfacet
facet normal -0.9972030234756237 -0.07474041725247951 9.134615164812313e-09
outer loop
vertex 58.79736307230466 29.461138333932492 3.258000132018396
vertex 58.62415779109745 30.523204542560084 1.149241376605277
vertex 58.79736305298785 29.461138333932993 1.1492413750184027
endloop
endfacet
facet normal 0.49565086250577517 -0.5321143551164617 0.6864288277573088
outer loop
vertex 12.77626687226698 32.576193671928095 -17.61784308263047
vertex 10.925252714068629 32.17556983391394 -16.55765460939938
vertex 12.637805418027181 32.17556983391424 -17.787223525858117
endloop
endfacet
facet normal 0.49387006881180673 -0.5450605926498122 0.6774963508920596
outer loop
vertex 11.070138948584272 32.5761936719278 -16.380414707113342
vertex 10.925252714068629 32.17556983391394 -16.55765460939938
vertex 12.77626687226698 32.576193671928095 -17.61784308263047
endloop
endfacet
facet normal 0.2873264926551361 0.7460135119819998 0.6007556296521745
outer loop
vertex 6.723170106684215 33.76581729928959 -23.807777149892463
vertex 6.453064471601924 33.00187457141217 -22.915160002380354
vertex 7.000316221821877 33.00187457141224 -23.18655812407151
endloop
endfacet
facet normal 0.2875128714764788 0.7455642510890099 0.6012239983844904
outer loop
vertex 6.172353454422112 33.76581729928952 -23.544369704789606
vertex 6.453064471601924 33.00187457141217 -22.915160002380354
vertex 6.723170106684215 33.76581729928959 -23.807777149892463
endloop
endfacet
facet normal -0.09960763971078286 -0.9640009326681349 -0.24653705588858862
outer loop
vertex 5.411582922589699 31.167429397383263 -26.74768093450088
vertex 4.843895458955347 31.167429397383206 -26.522089170127554
vertex 4.926172877229958 31.276966008702317 -27.83572056064668
endloop
endfacet
facet normal -0.03190603888221017 -0.9958212825118409 -0.08556855718848656
outer loop
vertex 4.926172877229958 31.276966008702317 -27.83572056064668
vertex 4.843895458955347 31.167429397383206 -26.522089170127554
vertex 4.352241633988129 31.276966008702267 -27.624124138345056
endloop
endfacet
facet normal 0.21984788550816942 0.9607936293124147 0.1689452843682386
outer loop
vertex 22.330796085655862 17.448164481698964 -7.9983904151930885
vertex 20.767434604781904 18.07846739468651 -9.114104974023883
vertex 19.43210660596295 18.07846739468612 -7.482092783314913
endloop
endfacet
facet normal 0.21984788550816942 0.9607936293124147 0.1689452843682386
outer loop
vertex 22.330796085655862 17.448164481698964 -7.9983904151930885
vertex 19.43210660596295 18.07846739468612 -7.482092783314913
vertex 21.068009965451804 17.448164481698566 -6.314607708780776
endloop
endfacet
facet normal 0.13022224352479211 -0.9088461948880187 0.39628368794203367
outer loop
vertex 4.416311908290272 30.951768236110315 -29.564454663006572
vertex 3.8358223757197845 30.95176823611027 -29.375094770085045
vertex 4.1112128745713745 30.192368266705707 -30.598923148177697
endloop
endfacet
facet normal 0.21597844722469264 -0.663702456325853 0.7161371096385383
outer loop
vertex 4.1112128745713745 30.192368266705707 -30.598923148177697
vertex 3.8358223757197845 30.95176823611027 -29.375094770085045
vertex 3.5267988844351965 30.19236826670566 -30.422869517238258
endloop
endfacet
facet normal -0.36639958863997224 -0.44959928002875893 -0.8146237345192445
outer loop
vertex 5.69697243906244 29.640290285712688 -24.609929404622026
vertex 6.338865010414031 28.672333706780528 -24.66919148869623
vertex 5.783105081130635 28.672333706780464 -24.416864327847076
endloop
endfacet
facet normal -0.36411987083245473 -0.4486370778646321 -0.8161749150948225
outer loop
vertex 6.2538262136629905 29.640290285712744 -24.859804726945633
vertex 6.338865010414031 28.672333706780528 -24.66919148869623
vertex 5.69697243906244 29.640290285712688 -24.609929404622026
endloop
endfacet
facet normal -0.1553390509409012 -0.8353770937746033 -0.5272711735430617
outer loop
vertex 4.029365466021792 27.561569929194444 -30.876434891514375
vertex 3.4438986810674845 27.561569929194405 -30.703950865655063
vertex 3.6914394088923483 28.347592837504937 -32.02220665013801
endloop
endfacet
facet normal -0.1696606540787582 -0.7538754259919235 -0.6347338848234463
outer loop
vertex 3.6914394088923483 28.347592837504937 -32.02220665013801
vertex 3.4438986810674845 27.561569929194405 -30.703950865655063
vertex 3.1016259157384005 28.347592837504898 -31.864460568846784
endloop
endfacet
facet normal -0.22047130436516568 0.3356244533768385 -0.9158322063822724
outer loop
vertex 2.764667699308139 32.134456511342535 -33.006950767742126
vertex 3.3218482566054925 30.52017308851887 -33.27534204941588
vertex 2.727280750381995 30.520173088518835 -33.13371492018634
endloop
endfacet
facet normal -0.22225464071479206 0.34033486502800936 -0.9136602510381555
outer loop
vertex 3.3587604083116886 32.13445651134257 -33.150187743961176
vertex 3.3218482566054925 30.52017308851887 -33.27534204941588
vertex 2.764667699308139 32.134456511342535 -33.006950767742126
endloop
endfacet
facet normal 0.2690133438986122 0.3009261721006031 0.9149181710674267
outer loop
vertex 4.017386953956113 27.781096313708566 -30.91704922280256
vertex 3.4438986810674845 27.561569929194405 -30.703950865655063
vertex 4.029365466021792 27.561569929194444 -30.876434891514375
endloop
endfacet
facet normal 0.2675370485023218 0.3033249765118695 0.91455884791671
outer loop
vertex 3.4317660906301732 27.78109631370852 -30.745087614919317
vertex 3.4438986810674845 27.561569929194405 -30.703950865655063
vertex 4.017386953956113 27.781096313708566 -30.91704922280256
endloop
endfacet
facet normal -0.23065744727205936 -0.14141514282445203 -0.9627039521046317
outer loop
vertex 2.727280750381995 30.520173088518835 -33.13371492018634
vertex 3.448834643272589 29.351426164338978 -32.84478213104602
vertex 2.8559005499112025 29.351426164338935 -32.697616753764514
endloop
endfacet
facet normal -0.22964811850801084 -0.14301620249724822 -0.9627087345033267
outer loop
vertex 3.3218482566054925 30.52017308851887 -33.27534204941588
vertex 3.448834643272589 29.351426164338978 -32.84478213104602
vertex 2.727280750381995 30.520173088518835 -33.13371492018634
endloop
endfacet
facet normal -0.2088064088198414 -0.5116725325240918 -0.8334213238789511
outer loop
vertex 2.8559005499112025 29.351426164338935 -32.697616753764514
vertex 3.6914394088923483 28.347592837504937 -32.02220665013801
vertex 3.1016259157384005 28.347592837504898 -31.864460568846784
endloop
endfacet
facet normal -0.20533240773028097 -0.5144239873284293 -0.8325902735420381
outer loop
vertex 3.448834643272589 29.351426164338978 -32.84478213104602
vertex 3.6914394088923483 28.347592837504937 -32.02220665013801
vertex 2.8559005499112025 29.351426164338935 -32.697616753764514
endloop
endfacet
facet normal 0.2961992479917063 0.9549169721755875 -0.019989540769006695
outer loop
vertex 93.46850327236992 17.646466753974344 3.2532079099344076
vertex 93.36294064017726 17.63808286698435 1.1492410583862043
vertex 93.32682409041293 17.646466753974845 1.1492410587170427
endloop
endfacet
facet normal 0.22998193938730077 0.973015391540242 -0.018691050838455257
outer loop
vertex 93.50542349253628 17.638082866983847 3.253180727675205
vertex 93.36294064017726 17.63808286698435 1.1492410583862043
vertex 93.46850327236992 17.646466753974344 3.2532079099344076
endloop
endfacet
facet normal -0.032373268481462956 -0.9994211100368127 0.0104602246922498
outer loop
vertex 105.6779560860717 13.192593407392776 0.820036350040022
vertex 103.60572109075387 13.243764295731761 -0.8072880765617849
vertex 105.01112677624144 13.192593407393254 -1.1805141159006165
endloop
endfacet
facet normal -0.032373268481462956 -0.9994211100368127 0.0104602246922498
outer loop
vertex 105.6779560860717 13.192593407392776 0.820036350040022
vertex 104.21066906330296 13.243764295731282 1.2096958837506113
vertex 103.60572109075387 13.243764295731761 -0.8072880765617849
endloop
endfacet
facet normal 0.7715363936757799 -1.5238125285678648e-13 0.6361851878453099
outer loop
vertex 127.30025196308601 34.922311983029594 -13.569627913742833
vertex 126.3936526494345 38.972332204383775 -12.470145595813774
vertex 126.3936526494345 35.007928798751465 -12.470145595814722
endloop
endfacet
facet normal 0.7304440297971629 -1.6289082968239555e-13 0.6829725611865248
outer loop
vertex 126.3936526494345 38.972332204383775 -12.470145595813774
vertex 127.30025196308601 34.922311983029594 -13.569627913742833
vertex 130.34624957612175 38.954642601483606 -17.263674959172334
endloop
endfacet
facet normal 0.8095045492259492 -1.402553276366374e-13 0.5871136046647982
outer loop
vertex 130.34624957612175 38.954642601483606 -17.263674959172334
vertex 127.30025196308601 34.922311983029594 -13.569627913742833
vertex 127.66566788259851 34.86513914829903 -14.01278768250015
endloop
endfacet
facet normal 0.8095045492259492 -1.402553276366374e-13 0.5871136046647982
outer loop
vertex 130.34624957612175 38.954642601483606 -17.263674959172334
vertex 127.66566788259851 34.86513914829903 -14.01278768250015
vertex 128.02408237960358 34.76354432972916 -14.447456445218396
endloop
endfacet
facet normal 0.8095045492259492 -1.402553276366374e-13 0.5871136046647982
outer loop
vertex 130.34624957612175 38.954642601483606 -17.263674959172334
vertex 128.02408237960358 34.76354432972916 -14.447456445218396
vertex 128.3716259334276 34.618624367023976 -14.868941423626685
endloop
endfacet
facet normal 0.8095045492259492 -1.402553276366374e-13 0.5871136046647982
outer loop
vertex 130.34624957612175 38.954642601483606 -17.263674959172334
vertex 128.3716259334276 34.618624367023976 -14.868941423626685
vertex 128.70454638845797 34.43194384754365 -15.272692174449794
endloop
endfacet
facet normal 0.8095045492259492 -1.402553276366374e-13 0.5871136046647982
outer loop
vertex 130.34624957612175 38.954642601483606 -17.263674959172334
vertex 128.70454638845797 34.43194384754365 -15.272692174449794
vertex 129.01924946322958 34.20551821467995 -15.654349716981429
endloop
endfacet
facet normal 0.8095045492259492 -1.402553276366374e-13 0.5871136046647982
outer loop
vertex 130.34624957612175 38.954642601483606 -17.263674959172334
vertex 129.01924946322958 34.20551821467995 -15.654349716981429
vertex 129.31233755506722 33.941792008692104 -16.00979359358536
endloop
endfacet
facet normal 0.8095045492259492 -1.402553276366374e-13 0.5871136046647982
outer loop
vertex 130.34624957612175 38.954642601483606 -17.263674959172334
vertex 129.31233755506722 33.941792008692104 -16.00979359358536
vertex 129.58064642134096 33.64361247491978 -16.33518635505031
endloop
endfacet
facet normal 0.8095045492259492 -1.402553276366374e-13 0.5871136046647982
outer loop
vertex 130.34624957612175 38.954642601483606 -17.263674959172334
vertex 129.58064642134096 33.64361247491978 -16.33518635505031
vertex 129.82127934131634 33.31419882430461 -16.627014990524163
endloop
endfacet
facet normal 0.8095045492259492 -1.402553276366374e-13 0.5871136046647982
outer loop
vertex 130.34624957612175 38.954642601483606 -17.263674959172334
vertex 129.82127934131634 33.31419882430461 -16.627014990524163
vertex 130.03163838978006 32.95710747809045 -16.882128854741094
endloop
endfacet
facet normal 0.8095045492259492 -1.402553276366374e-13 0.5871136046647982
outer loop
vertex 130.34624957612175 38.954642601483606 -17.263674959172334
vertex 130.03163838978006 32.95710747809045 -16.882128854741094
vertex 130.2094524848039 32.57619367192798 -17.097773683071892
endloop
endfacet
facet normal 0.8095045492259492 -1.402553276366374e-13 0.5871136046647982
outer loop
vertex 130.34624957612175 38.954642601483606 -17.263674959172334
vertex 130.2094524848039 32.57619367192798 -17.097773683071892
vertex 130.34624957612175 32.1938818706309 -17.263674959173937
endloop
endfacet
facet normal 0.002745234818630852 0.9999954256042872 -0.0012698252993393368
outer loop
vertex 110.52888383117129 39.02706007788092 -3.4094262750675246
vertex 105.32712648687736 39.04429345320814 -1.3081630120527792
vertex 106.00786956187633 39.044293453207665 0.6867669526487642
endloop
endfacet
facet normal 0.002684423543546359 0.9999955150419615 -0.001328068597990525
outer loop
vertex 111.43866518600758 39.02706007788046 -1.5070169128069884
vertex 110.52888383117129 39.02706007788092 -3.4094262750675246
vertex 106.00786956187633 39.044293453207665 0.6867669526487642
endloop
endfacet
facet normal -9.16025222921436e-09 2.3782151167491567e-13 -1.0
outer loop
vertex 78.96980414184722 26.979318152134372 1.1492411902331956
vertex 80.55672476451305 37.68742636063573 1.149241175699156
vertex 80.55672476451305 23.660797111530385 1.1492411756958172
endloop
endfacet
facet normal -9.16025222921436e-09 2.3782151167491567e-13 -1.0
outer loop
vertex 80.55672476451305 37.68742636063573 1.149241175699156
vertex 78.96980414184722 26.979318152134372 1.1492411902331956
vertex 77.44892715350215 30.16070142994799 1.1492412041655673
endloop
endfacet
facet normal -9.16025222921436e-09 2.3782151167491567e-13 -1.0
outer loop
vertex 80.55672476451305 37.68742636063573 1.149241175699156
vertex 77.44892715350215 30.16070142994799 1.1492412041655673
vertex 76.75712365394423 31.607879296846107 1.1492412105030019
endloop
endfacet
facet normal -9.16025222921436e-09 2.3782151167491567e-13 -1.0
outer loop
vertex 80.55672476451305 37.68742636063573 1.149241175699156
vertex 76.75712365394423 31.607879296846107 1.1492412105030019
vertex 76.37784513177947 32.11236964889464 1.1492412139774262
endloop
endfacet
facet normal -9.16025222921436e-09 2.3782151167491567e-13 -1.0
outer loop
vertex 80.55672476451305 37.68742636063573 1.149241175699156
vertex 76.37784513177947 32.11236964889464 1.1492412139774262
vertex 75.8564340674133 32.48022252265825 1.1492412187537502
endloop
endfacet
facet normal -9.16025222921436e-09 2.3782151167491567e-13 -1.0
outer loop
vertex 80.55672476451305 37.68742636063573 1.149241175699156
vertex 75.8564340674133 32.48022252265825 1.1492412187537502
vertex 75.20337714559662 32.733016268538044 1.1492412247360044
endloop
endfacet
facet normal -9.16025222921436e-09 2.3782151167491567e-13 -1.0
outer loop
vertex 80.55672476451305 37.68742636063573 1.149241175699156
vertex 75.20337714559662 32.733016268538044 1.1492412247360044
vertex 74.42916105108074 32.89232923692229 1.1492412318280172
endloop
endfacet
facet normal -9.16025222921436e-09 2.3782151167491567e-13 -1.0
outer loop
vertex 80.55672476451305 37.68742636063573 1.149241175699156
vertex 74.42916105108074 32.89232923692229 1.1492412318280172
vertex 74.15361682668087 32.91954788373648 1.1492412343520677
endloop
endfacet
facet normal -9.16025222921436e-09 2.3782151167491567e-13 -1.0
outer loop
vertex 80.55672476451305 37.68742636063573 1.149241175699156
vertex 74.15361682668087 32.91954788373648 1.1492412343520677
vertex 79.32553061923878 37.35089746766142 1.149241186977127
endloop
endfacet
facet normal -9.16025222921436e-09 2.3782151167491567e-13 -1.0
outer loop
vertex 79.32553061923878 37.35089746766142 1.149241186977127
vertex 74.15361682668087 32.91954788373648 1.1492412343520677
vertex 77.99776336051657 36.99986984583505 1.1492411991397102
endloop
endfacet
facet normal -9.16025222921436e-09 2.3782151167491567e-13 -1.0
outer loop
vertex 77.99776336051657 36.99986984583505 1.1492411991397102
vertex 74.15361682668087 32.91954788373648 1.1492412343520677
vertex 75.98659315950103 36.792747286669425 1.149241217562461
endloop
endfacet
facet normal -9.16025222921436e-09 2.3782151167491567e-13 -1.0
outer loop
vertex 75.98659315950103 36.792747286669425 1.149241217562461
vertex 74.15361682668087 32.91954788373648 1.1492412343520677
vertex 74.15361682668087 36.75980448344609 1.1492412343529925
endloop
endfacet
facet normal -9.16025222921436e-09 2.3782151167491567e-13 -1.0
outer loop
vertex 80.55672476451305 37.68742636063573 1.149241175699156
vertex 79.32553061923878 37.35089746766142 1.149241186977127
vertex 79.73048305935149 37.47307340755466 1.1492411832676528
endloop
endfacet
facet normal -9.16025222921436e-09 2.3782151167491567e-13 -1.0
outer loop
vertex 80.55672476451305 37.68742636063573 1.149241175699156
vertex 79.73048305935149 37.47307340755466 1.1492411832676528
vertex 80.23857303772877 37.606975481212075 1.1492411786134673
endloop
endfacet
facet normal 0.13192574315639818 -0.8622922641305096 -0.48892499374987114
outer loop
vertex 138.25905864395563 25.36044627531496 -34.033567421783324
vertex 135.6792771698455 24.31162839652419 -32.91902404866775
vertex 136.21815448367457 25.360446275315084 -34.56420261075135
endloop
endfacet
facet normal 0.13192574315639818 -0.8622922641305096 -0.48892499374987114
outer loop
vertex 138.25905864395563 25.36044627531496 -34.033567421783324
vertex 137.69645405397114 24.31162839652404 -32.315950096615545
vertex 135.6792771698455 24.31162839652419 -32.91902404866775
endloop
endfacet
facet normal -0.04679481556109678 0.9988038178616405 -0.014183746388514879
outer loop
vertex 36.64747829703404 15.750037523376557 -0.7083096120267522
vertex 35.92793617764677 15.712358247733448 -0.9743724290643825
vertex 35.296073934056935 15.712358247732968 1.0353332749220077
endloop
endfacet
facet normal -0.04679481556109678 0.9988038178616405 -0.014183746388514879
outer loop
vertex 36.64747829703404 15.750037523376557 -0.7083096120267522
vertex 35.296073934056935 15.712358247732968 1.0353332749220077
vertex 36.04900368498133 15.750037523376077 1.3137417310287598
endloop
endfacet
facet normal -0.17498772349012792 -0.8701406279455328 -0.460689249089119
outer loop
vertex 6.904746504001876 21.97056153070094 -28.565179194614363
vertex 4.926172877229958 21.970561530700774 -27.83572056064889
vertex 5.746600639259605 24.311628396524046 -32.49198743029931
endloop
endfacet
facet normal -0.1352233432544187 -0.8669647829962736 -0.47967354782531224
outer loop
vertex 5.746600639259605 24.311628396524046 -32.49198743029931
vertex 4.926172877229958 21.970561530700774 -27.83572056064889
vertex 3.7142876324618506 24.311628396523915 -31.944737485662454
endloop
endfacet
facet normal -0.0016601604847862042 0.9999957769690203 -0.0023853534937167457
outer loop
vertex 12.528078090310466 38.954104863033294 -17.92145339874697
vertex 11.553731413061923 38.94866021455103 -19.501898624404042
vertex 9.790876353672612 38.948660214550756 -18.35189272288746
endloop
endfacet
facet normal -0.0016601604847862042 0.9999957769690203 -0.0023853534937167457
outer loop
vertex 12.528078090310466 38.954104863033294 -17.92145339874697
vertex 9.790876353672612 38.948660214550756 -18.35189272288746
vertex 10.810433904576708 38.954104863033 -16.698112912030652
endloop
endfacet
facet normal -9.16024940906322e-09 2.377432715575492e-13 -1.0
outer loop
vertex 54.94429301318435 20.891942540964813 1.149241410311434
vertex 56.28726394172296 17.81166355113255 1.1492413980087772
vertex 54.94429301318435 17.199037069428897 1.149241410310554
endloop
endfacet
facet normal -9.16024940906322e-09 2.377432715575492e-13 -1.0
outer loop
vertex 56.28726394172296 17.81166355113255 1.1492413980087772
vertex 54.94429301318435 20.891942540964813 1.149241410311434
vertex 59.865309198036364 20.79768063344138 1.1492413652337057
endloop
endfacet
facet normal -9.16024940906322e-09 2.377432715575492e-13 -1.0
outer loop
vertex 59.865309198036364 20.79768063344138 1.1492413652337057
vertex 54.94429301318435 20.891942540964813 1.149241410311434
vertex 61.347400951016525 23.31433533414163 1.1492413516579583
endloop
endfacet
facet normal -9.16024940906322e-09 2.377432715575492e-13 -1.0
outer loop
vertex 61.347400951016525 23.31433533414163 1.1492413516579583
vertex 54.94429301318435 20.891942540964813 1.149241410311434
vertex 55.03406924990076 20.9635181488523 1.1492414094890864
endloop
endfacet
facet normal -9.16024940906322e-09 2.377432715575492e-13 -1.0
outer loop
vertex 61.347400951016525 23.31433533414163 1.1492413516579583
vertex 55.03406924990076 20.9635181488523 1.1492414094890864
vertex 56.0635626796537 22.115992075745556 1.1492414000589382
endloop
endfacet
facet normal -9.16024940906322e-09 2.377432715575492e-13 -1.0
outer loop
vertex 61.347400951016525 23.31433533414163 1.1492413516579583
vertex 56.0635626796537 22.115992075745556 1.1492414000589382
vertex 56.821840248299914 23.37508813740265 1.149241393113248
endloop
endfacet
facet normal -9.16024940906322e-09 2.377432715575492e-13 -1.0
outer loop
vertex 61.347400951016525 23.31433533414163 1.1492413516579583
vertex 56.821840248299914 23.37508813740265 1.149241393113248
vertex 58.20430707572801 26.29912635448456 1.149241380450177
endloop
endfacet
facet normal -9.16024940906322e-09 2.377432715575492e-13 -1.0
outer loop
vertex 61.347400951016525 23.31433533414163 1.1492413516579583
vertex 58.20430707572801 26.29912635448456 1.149241380450177
vertex 58.58573400336421 27.33195855718822 1.1492413769564642
endloop
endfacet
facet normal -9.16024940906322e-09 2.377432715575492e-13 -1.0
outer loop
vertex 61.347400951016525 23.31433533414163 1.1492413516579583
vertex 58.58573400336421 27.33195855718822 1.1492413769564642
vertex 61.347400951016525 37.73515848141267 1.1492413516613873
endloop
endfacet
facet normal -9.16024940906322e-09 2.377432715575492e-13 -1.0
outer loop
vertex 61.347400951016525 37.73515848141267 1.1492413516613873
vertex 58.58573400336421 27.33195855718822 1.1492413769564642
vertex 58.78448601379882 28.391649820749418 1.1492413751360968
endloop
endfacet
facet normal -9.16024940906322e-09 2.377432715575492e-13 -1.0
outer loop
vertex 61.347400951016525 37.73515848141267 1.1492413516613873
vertex 58.78448601379882 28.391649820749418 1.1492413751360968
vertex 58.79736305298785 29.461138333932993 1.1492413750184027
endloop
endfacet
facet normal -9.16024940906322e-09 2.377432715575492e-13 -1.0
outer loop
vertex 61.347400951016525 37.73515848141267 1.1492413516613873
vertex 58.79736305298785 29.461138333932993 1.1492413750184027
vertex 58.62415779109745 30.523204542560084 1.149241376605277
endloop
endfacet
facet normal -9.16024940906322e-09 2.377432715575492e-13 -1.0
outer loop
vertex 61.347400951016525 37.73515848141267 1.1492413516613873
vertex 58.62415779109745 30.523204542560084 1.149241376605277
vertex 58.30577538231042 31.348488000098133 1.1492413795219119
endloop
endfacet
facet normal -9.16024940906322e-09 2.377432715575492e-13 -1.0
outer loop
vertex 61.347400951016525 37.73515848141267 1.1492413516613873
vertex 58.30577538231042 31.348488000098133 1.1492413795219119
vertex 57.78503042185843 32.117281801734144 1.1492413842922573
endloop
endfacet
facet normal -9.16024940906322e-09 2.377432715575492e-13 -1.0
outer loop
vertex 61.347400951016525 37.73515848141267 1.1492413516613873
vertex 57.78503042185843 32.117281801734144 1.1492413842922573
vertex 57.07957317350493 32.80352825249708 1.1492413907546053
endloop
endfacet
facet normal -9.16024940906322e-09 2.377432715575492e-13 -1.0
outer loop
vertex 61.347400951016525 37.73515848141267 1.1492413516613873
vertex 57.07957317350493 32.80352825249708 1.1492413907546053
vertex 56.21331458685675 33.38396753853683 1.1492413986898782
endloop
endfacet
facet normal -9.16024940906322e-09 2.377432715575492e-13 -1.0
outer loop
vertex 61.347400951016525 37.73515848141267 1.1492413516613873
vertex 56.21331458685675 33.38396753853683 1.1492413986898782
vertex 54.991071755643134 33.96153049330195 1.1492414098860475
endloop
endfacet
facet normal -9.16024940906322e-09 2.377432715575492e-13 -1.0
outer loop
vertex 61.347400951016525 37.73515848141267 1.1492413516613873
vertex 54.991071755643134 33.96153049330195 1.1492414098860475
vertex 54.94429301318435 33.97688742079962 1.149241410314547
endloop
endfacet
facet normal -9.16024940906322e-09 2.377432715575492e-13 -1.0
outer loop
vertex 61.347400951016525 37.73515848141267 1.1492413516613873
vertex 54.94429301318435 33.97688742079962 1.149241410314547
vertex 54.94429301318435 38.70154264033247 1.149241410315675
endloop
endfacet
facet normal -9.16024940906322e-09 2.377432715575492e-13 -1.0
outer loop
vertex 61.347400951016525 37.73515848141267 1.1492413516613873
vertex 54.94429301318435 38.70154264033247 1.149241410315675
vertex 59.4769431329158 38.151791901821035 1.1492413687953233
endloop
endfacet
facet normal -9.16024940906322e-09 2.377432715575492e-13 -1.0
outer loop
vertex 59.4769431329158 38.151791901821035 1.1492413687953233
vertex 54.94429301318435 38.70154264033247 1.149241410315675
vertex 55.64292704702322 38.65699234705109 1.149241403915998
endloop
endfacet
facet normal 0.0025707093745678264 0.9999844346330677 0.0049519637413047626
outer loop
vertex 9.362436476582248 38.97205093572868 -23.056302514963495
vertex 9.003970018142878 38.976979562716416 -23.8597999191779
vertex 7.122802921601689 38.97697956271619 -22.91200595047945
endloop
endfacet
facet normal 0.0025707093745678264 0.9999844346330677 0.0049519637413047626
outer loop
vertex 9.362436476582248 38.97205093572868 -23.056302514963495
vertex 7.122802921601689 38.97697956271619 -22.91200595047945
vertex 7.497902660720986 38.97205093572845 -22.07122528716155
endloop
endfacet
facet normal -0.08880739638777127 -2.3715491868721184e-13 0.9960488172508541
outer loop
vertex 45.44836302141223 14.092124810171955 2.9884985638122528
vertex 42.207155705489946 16.332211215614684 2.6995135483247714
vertex 42.207155705489946 13.738113546358667 2.6995135483241626
endloop
endfacet
facet normal -0.14929773038628644 -2.3473091367954463e-13 0.988792287440342
outer loop
vertex 42.207155705489946 16.332211215614684 2.6995135483247714
vertex 45.44836302141223 14.092124810171955 2.9884985638122528
vertex 48.44789025707915 14.869316209593123 3.255935460057132
endloop
endfacet
facet normal -0.14929773038628644 -2.3473091367954463e-13 0.988792287440342
outer loop
vertex 42.207155705489946 16.332211215614684 2.6995135483247714
vertex 48.44789025707915 14.869316209593123 3.255935460057132
vertex 44.23084989383662 16.588507862790102 2.879945479812031
endloop
endfacet
facet normal -0.08880739638777127 -2.3715491868721184e-13 0.9960488172508541
outer loop
vertex 44.23084989383662 16.588507862790102 2.879945479812031
vertex 48.44789025707915 14.869316209593123 3.255935460057132
vertex 48.44789025707915 17.59289895666802 3.255935460057786
endloop
endfacet
facet normal -0.03239416336288867 -0.999474302702725 -0.00131773173294613
outer loop
vertex 48.54118507535218 34.88013714050074 1.14924146896888
vertex 48.44789025707915 34.88013714050024 3.2559354600618917
vertex 42.5325555581001 35.08222552775139 0.6160120649735447
endloop
endfacet
facet normal -0.03211798992995682 -0.9994824468380279 -0.0018091947181316781
outer loop
vertex 48.44789025707915 34.88013714050024 3.2559354600618917
vertex 42.207155705489946 35.08222552775089 2.6995135483292385
vertex 42.5325555581001 35.08222552775139 0.6160120649735447
endloop
endfacet
facet normal -0.9132384380685865 -9.685523301214771e-14 0.4074255210882702
outer loop
vertex 7.122802921601689 38.97697956271619 -22.91200595047945
vertex 7.497902660720986 19.1792981515243 -22.071225287166264
vertex 7.497902660720986 38.97205093572845 -22.07122528716155
endloop
endfacet
facet normal -0.876560826748144 -1.1445474187184186e-13 0.4812910938409421
outer loop
vertex 7.497902660720986 19.1792981515243 -22.071225287166264
vertex 7.122802921601689 38.97697956271619 -22.91200595047945
vertex 7.254444785690905 31.187749600465747 -22.61693260793718
endloop
endfacet
facet normal -0.9132384380685865 -9.685523301214771e-14 0.4074255210882702
outer loop
vertex 7.254444785690905 31.187749600465747 -22.61693260793718
vertex 7.122802921601689 38.97697956271619 -22.91200595047945
vertex 7.18185440825589 32.13445641987441 -22.779642893562908
endloop
endfacet
facet normal -0.9132384380685865 -9.685523301214771e-14 0.4074255210882702
outer loop
vertex 7.18185440825589 32.13445641987441 -22.779642893562908
vertex 7.122802921601689 38.97697956271619 -22.91200595047945
vertex 7.000316221821877 33.00187457141224 -23.18655812407151
endloop
endfacet
facet normal -0.9132384380685865 -9.685523301214771e-14 0.4074255210882702
outer loop
vertex 7.000316221821877 33.00187457141224 -23.18655812407151
vertex 7.122802921601689 38.97697956271619 -22.91200595047945
vertex 4.926172877229958 38.97697956271736 -27.83572056064485
endloop
endfacet
facet normal -0.9132384380685865 -9.685523301214771e-14 0.4074255210882702
outer loop
vertex 7.000316221821877 33.00187457141224 -23.18655812407151
vertex 4.926172877229958 38.97697956271736 -27.83572056064485
vertex 6.723170106684215 33.76581729928959 -23.807777149892463
endloop
endfacet
facet normal -0.9132384380685865 -9.685523301214771e-14 0.4074255210882702
outer loop
vertex 6.723170106684215 33.76581729928959 -23.807777149892463
vertex 4.926172877229958 38.97697956271736 -27.83572056064485
vertex 6.363755943138839 34.402097847716945 -24.6133988214537
endloop
endfacet
facet normal -0.9132384380685865 -9.685523301214771e-14 0.4074255210882702
outer loop
vertex 6.363755943138839 34.402097847716945 -24.6133988214537
vertex 4.926172877229958 38.97697956271736 -27.83572056064485
vertex 5.935413611482204 34.88652946090464 -25.573521989182257
endloop
endfacet
facet normal -0.9132384380685865 -9.685523301214771e-14 0.4074255210882702
outer loop
vertex 5.935413611482204 34.88652946090464 -25.573521989182257
vertex 4.926172877229958 38.97697956271736 -27.83572056064485
vertex 5.45148299200986 35.194925383063044 -26.65824550350692
endloop
endfacet
facet normal -0.9132384380685865 -9.685523301214771e-14 0.4074255210882702
outer loop
vertex 5.45148299200986 35.194925383063044 -26.65824550350692
vertex 4.926172877229958 38.97697956271736 -27.83572056064485
vertex 4.926172877229958 35.30292022480289 -27.835720560645733
endloop
endfacet
facet normal -0.9132384380685865 -9.685523301214771e-14 0.4074255210882702
outer loop
vertex 6.2538262136629905 29.640290285712744 -24.859804726945633
vertex 6.316488082586023 28.293928038820244 -24.71934905016633
vertex 6.338865010414031 28.672333706780528 -24.66919148869623
endloop
endfacet
facet normal -0.9132384380685865 -9.685523301214771e-14 0.4074255210882702
outer loop
vertex 6.316488082586023 28.293928038820244 -24.71934905016633
vertex 6.2538262136629905 29.640290285712744 -24.859804726945633
vertex 6.264927789964679 27.934020032340886 -24.83492070354273
endloop
endfacet
facet normal -0.9132384380685865 -9.685523301214771e-14 0.4074255210882702
outer loop
vertex 6.264927789964679 27.934020032340886 -24.83492070354273
vertex 6.2538262136629905 29.640290285712744 -24.859804726945633
vertex 6.18642465866256 27.596652814008653 -25.0108843418106
endloop
endfacet
facet normal -0.9132384380685865 -9.685523301214771e-14 0.4074255210882702
outer loop
vertex 6.18642465866256 27.596652814008653 -25.0108843418106
vertex 6.2538262136629905 29.640290285712744 -24.859804726945633
vertex 5.925390743331654 30.571910666398423 -25.595988103800426
endloop
endfacet
facet normal -0.876560826748144 -1.1445474187184186e-13 0.4812910938409421
outer loop
vertex 7.497902660720986 19.1792981515243 -22.071225287166264
vertex 7.176154011889473 29.98371469170486 -22.792420249925723
vertex 5.678315076485712 20.96173678213681 -26.14980465283103
endloop
endfacet
facet normal -0.9132384380685865 -9.685523301214771e-14 0.4074255210882702
outer loop
vertex 7.176154011889473 29.98371469170486 -22.792420249925723
vertex 7.497902660720986 19.1792981515243 -22.071225287166264
vertex 7.254444785690905 31.187749600465747 -22.61693260793718
endloop
endfacet
facet normal -0.9132384380685865 -9.685523301214771e-14 0.4074255210882702
outer loop
vertex 5.678315076485712 20.96173678213681 -26.14980465283103
vertex 7.176154011889473 29.98371469170486 -22.792420249925723
vertex 6.9156242051996495 28.88170929088768 -23.376394059657382
endloop
endfacet
facet normal -0.9132384380685865 -9.685523301214771e-14 0.4074255210882702
outer loop
vertex 5.678315076485712 20.96173678213681 -26.14980465283103
vertex 6.9156242051996495 28.88170929088768 -23.376394059657382
vertex 6.501559084202471 27.96814324646249 -24.30451506530324
endloop
endfacet
facet normal -0.9132384380685865 -9.685523301214771e-14 0.4074255210882702
outer loop
vertex 5.678315076485712 20.96173678213681 -26.14980465283103
vertex 6.501559084202471 27.96814324646249 -24.30451506530324
vertex 6.18642465866256 27.596652814008653 -25.0108843418106
endloop
endfacet
facet normal -0.9132384380685865 -9.685523301214771e-14 0.4074255210882702
outer loop
vertex 5.678315076485712 20.96173678213681 -26.14980465283103
vertex 6.18642465866256 27.596652814008653 -25.0108843418106
vertex 5.925390743331654 30.571910666398423 -25.595988103800426
endloop
endfacet
facet normal -0.9132384380685865 -9.685523301214771e-14 0.4074255210882702
outer loop
vertex 5.678315076485712 20.96173678213681 -26.14980465283103
vertex 5.925390743331654 30.571910666398423 -25.595988103800426
vertex 5.411582922589699 31.167429397383263 -26.74768093450088
endloop
endfacet
facet normal -0.9132384380685865 -9.685523301214771e-14 0.4074255210882702
outer loop
vertex 5.678315076485712 20.96173678213681 -26.14980465283103
vertex 5.411582922589699 31.167429397383263 -26.74768093450088
vertex 4.926172877229958 21.970561530700774 -27.83572056064889
endloop
endfacet
facet normal -0.9307302754201291 -8.696093777507148e-14 0.36570637732526695
outer loop
vertex 4.926172877229958 21.970561530700774 -27.83572056064889
vertex 5.411582922589699 31.167429397383263 -26.74768093450088
vertex 4.926172877229958 31.276966008702317 -27.83572056064668
endloop
endfacet
facet normal 0.04686222179857232 0.9987880918949381 -0.015042594755224854
outer loop
vertex 105.01112677624144 15.75904389810817 -1.1805141159000074
vertex 102.76238130705451 15.874881623728534 -0.5833268598554572
vertex 103.33019623386699 15.874881623728049 1.4435183239684017
endloop
endfacet
facet normal 0.04541710748779584 0.9988478990630606 -0.015497125047948456
outer loop
vertex 105.6779560860717 15.759043898107695 0.8200363500406311
vertex 105.01112677624144 15.75904389810817 -1.1805141159000074
vertex 103.33019623386699 15.874881623728049 1.4435183239684017
endloop
endfacet
facet normal 6.154646044273529e-16 1.0 2.3583820890821655e-13
outer loop
vertex 137.53185772765377 38.976979562718306 -31.813441751009268
vertex 136.21815448367457 38.97697956271896 -34.564202610748126
vertex 135.52162252612067 38.976979562718455 -32.43770848125577
endloop
endfacet
facet normal 6.154646044273529e-16 1.0 2.3583820890821655e-13
outer loop
vertex 136.21815448367457 38.97697956271896 -34.564202610748126
vertex 137.53185772765377 38.976979562718306 -31.813441751009268
vertex 138.25905864395563 38.976979562718824 -34.0335674217801
endloop
endfacet
facet normal -0.004453785087734023 0.9999900818500113 4.103577553791463e-11
outer loop
vertex 73.58623477610983 36.74960727667144 3.2579999965503643
vertex 74.15361682668087 36.75980448344609 1.1492412343529925
vertex 73.58623475679302 36.749607276671945 1.1492412395503713
endloop
endfacet
facet normal -0.01796947917844142 0.9998385358736958 1.6484286411389447e-10
outer loop
vertex 74.15361682668087 36.75980448344609 1.1492412343529925
vertex 73.58623477610983 36.74960727667144 3.2579999965503643
vertex 74.1536168459976 36.75980448344559 3.2579999913530306
endloop
endfacet
facet normal 0.00250111219604323 0.9999956219340137 -0.0015813129316633403
outer loop
vertex 116.35696826551981 39.01049526397528 -4.246791386469458
vertex 115.72762491343177 39.008778188069925 -6.305420662174327
vertex 115.23976248247564 39.010495263975706 -6.033653547910802
endloop
endfacet
facet normal 0.0025022303442454688 0.9999955026866321 -0.0016533147959196103
outer loop
vertex 116.86631173924432 39.0087781880695 -4.530524662983056
vertex 115.72762491343177 39.008778188069925 -6.305420662174327
vertex 116.35696826551981 39.01049526397528 -4.246791386469458
endloop
endfacet
facet normal 0.03182381989446202 -0.9994915252650569 -0.001983786947940022
outer loop
vertex 93.50542349253628 34.87399394458922 3.253180727679311
vertex 91.28630947379112 34.80845339303705 1.1492410774127662
vertex 93.36294064017726 34.87399394458972 1.14924105839031
endloop
endfacet
facet normal 0.03182381989446202 -0.9994915252650569 -0.001983786947940022
outer loop
vertex 93.50542349253628 34.87399394458922 3.253180727679311
vertex 91.38258284559103 34.80845339303655 3.2547436545632875
vertex 91.28630947379112 34.80845339303705 1.1492410774127662
endloop
endfacet
facet normal 9.160252404238186e-09 -2.3754071332043404e-13 1.0
outer loop
vertex 80.55672478382978 37.687426360635236 3.257999932699149
vertex 78.96980416116412 26.97931815213387 3.2579999472332113
vertex 80.55672478382978 23.660797111529885 3.2579999326958102
endloop
endfacet
facet normal 9.160252404238186e-09 -2.3754071332043404e-13 1.0
outer loop
vertex 78.96980416116412 26.97931815213387 3.2579999472332113
vertex 80.55672478382978 37.687426360635236 3.257999932699149
vertex 77.44892717281887 30.16070142994749 3.2579999611655603
endloop
endfacet
facet normal 9.160252404238186e-09 -2.3754071332043404e-13 1.0
outer loop
vertex 77.44892717281887 30.16070142994749 3.2579999611655603
vertex 80.55672478382978 37.687426360635236 3.257999932699149
vertex 76.757123673261 31.607879296845606 3.257999967502995
endloop
endfacet
facet normal 9.160252404238186e-09 -2.3754071332043404e-13 1.0
outer loop
vertex 76.757123673261 31.607879296845606 3.257999967502995
vertex 80.55672478382978 37.687426360635236 3.257999932699149
vertex 76.3778451510962 32.11236964889414 3.2579999709774192
endloop
endfacet
facet normal 9.160252404238186e-09 -2.3754071332043404e-13 1.0
outer loop
vertex 76.3778451510962 32.11236964889414 3.2579999709774192
vertex 80.55672478382978 37.687426360635236 3.257999932699149
vertex 75.85643408673003 32.48022252265775 3.257999975753743
endloop
endfacet
facet normal 9.160252404238186e-09 -2.3754071332043404e-13 1.0
outer loop
vertex 75.85643408673003 32.48022252265775 3.257999975753743
vertex 80.55672478382978 37.687426360635236 3.257999932699149
vertex 75.20337716491339 32.73301626853754 3.2579999817359973
endloop
endfacet
facet normal 9.160252404238186e-09 -2.3754071332043404e-13 1.0
outer loop
vertex 75.20337716491339 32.73301626853754 3.2579999817359973
vertex 80.55672478382978 37.687426360635236 3.257999932699149
vertex 74.42916107039751 32.89232923692179 3.2579999888280327
endloop
endfacet
facet normal 9.160252404238186e-09 -2.3754071332043404e-13 1.0
outer loop
vertex 74.42916107039751 32.89232923692179 3.2579999888280327
vertex 80.55672478382978 37.687426360635236 3.257999932699149
vertex 74.1536168459976 32.91954788373598 3.2579999913521056
endloop
endfacet
facet normal 9.160252404238186e-09 -2.3754071332043404e-13 1.0
outer loop
vertex 74.1536168459976 32.91954788373598 3.2579999913521056
vertex 80.55672478382978 37.687426360635236 3.257999932699149
vertex 79.32553063855555 37.350897467660914 3.25799994397712
endloop
endfacet
facet normal 9.160252404238186e-09 -2.3754071332043404e-13 1.0
outer loop
vertex 74.1536168459976 32.91954788373598 3.2579999913521056
vertex 79.32553063855555 37.350897467660914 3.25799994397712
vertex 77.99776337983329 36.999869845834546 3.2579999561397033
endloop
endfacet
facet normal 9.160252404238186e-09 -2.3754071332043404e-13 1.0
outer loop
vertex 74.1536168459976 32.91954788373598 3.2579999913521056
vertex 77.99776337983329 36.999869845834546 3.2579999561397033
vertex 75.98659317881776 36.79274728666893 3.257999974562499
endloop
endfacet
facet normal 9.160252404238186e-09 -2.3754071332043404e-13 1.0
outer loop
vertex 74.1536168459976 32.91954788373598 3.2579999913521056
vertex 75.98659317881776 36.79274728666893 3.257999974562499
vertex 74.1536168459976 36.75980448344559 3.2579999913530306
endloop
endfacet
facet normal 9.160252404238186e-09 -2.3754071332043404e-13 1.0
outer loop
vertex 79.32553063855555 37.350897467660914 3.25799994397712
vertex 80.55672478382978 37.687426360635236 3.257999932699149
vertex 79.7304830786683 37.47307340755416 3.257999940267691
endloop
endfacet
facet normal 9.160252404238186e-09 -2.3754071332043404e-13 1.0
outer loop
vertex 79.7304830786683 37.47307340755416 3.257999940267691
vertex 80.55672478382978 37.687426360635236 3.257999932699149
vertex 80.23857305704567 37.60697548121158 3.2579999356134604
endloop
endfacet
facet normal 0.033097826900713126 -0.9994076808058038 0.00942451064061909
outer loop
vertex 36.64747829703404 13.186227482027412 -0.7083096120273614
vertex 36.04900368498133 13.186227482026933 1.3137417310281507
vertex 30.98963804297935 12.976812120847207 -2.8003913342546265
endloop
endfacet
facet normal 0.03227543051906056 -0.99942844736562 0.010053615327603386
outer loop
vertex 36.04900368498133 13.186227482026933 1.3137417310281507
vertex 30.128632745635446 12.976812120846747 -0.8754151335784512
vertex 30.98963804297935 12.976812120847207 -2.8003913342546265
endloop
endfacet
facet normal -0.0022867134891064833 0.9999955346182208 -0.0019239763609598171
outer loop
vertex 20.74863376077373 38.98992453331583 -9.12752245656206
vertex 17.558219896122466 38.97666541218782 -12.115645523418133
vertex 16.073980422451026 38.976665412187465 -10.622908473395341
endloop
endfacet
facet normal -0.0022867134891064833 0.9999955346182208 -0.0019239763609598171
outer loop
vertex 20.74863376077373 38.98992453331583 -9.12752245656206
vertex 16.073980422451026 38.976665412187465 -10.622908473395341
vertex 19.41243337987264 38.989924533315445 -7.496132853400365
endloop
endfacet
facet normal 0.5635786844724956 0.22902140166498092 0.7936802025927436
outer loop
vertex 12.468434359612342 29.094299610612737 -18.018198891522378
vertex 10.810433904576708 28.737867774636275 -16.69811291203309
vertex 12.528078090310466 28.737867774636563 -17.921453398749406
endloop
endfacet
facet normal 0.5605334854755386 0.23892232937384472 0.7929176074392725
outer loop
vertex 10.748022632062185 29.09429961061245 -16.799347513613725
vertex 10.810433904576708 28.737867774636275 -16.69811291203309
vertex 12.468434359612342 29.094299610612737 -18.018198891522378
endloop
endfacet
facet normal -0.9591534952705634 -6.731760093760948e-14 0.28288614761112163
outer loop
vertex 3.9548129188522814 29.14907633245091 -31.129212684993153
vertex 4.029365466021792 27.561569929194444 -30.876434891514375
vertex 4.1112128745713745 30.192368266705707 -30.598923148177697
endloop
endfacet
facet normal -0.9591534952705634 -6.731760093760948e-14 0.28288614761112163
outer loop
vertex 4.029365466021792 27.561569929194444 -30.876434891514375
vertex 3.9548129188522814 29.14907633245091 -31.129212684993153
vertex 4.017386953956113 27.781096313708566 -30.91704922280256
endloop
endfacet
facet normal -0.9591534952705634 -6.731760093760948e-14 0.28288614761112163
outer loop
vertex 4.017386953956113 27.781096313708566 -30.91704922280256
vertex 3.9548129188522814 29.14907633245091 -31.129212684993153
vertex 3.9730877793812764 28.131480827889288 -31.06724996076679
endloop
endfacet
facet normal -0.9591534952705634 -6.731760093760948e-14 0.28288614761112163
outer loop
vertex 3.9730877793812764 28.131480827889288 -31.06724996076679
vertex 3.9548129188522814 29.14907633245091 -31.129212684993153
vertex 3.948348528909686 28.50215569918245 -31.151130839206907
endloop
endfacet
facet normal -0.9591534952705634 -6.731760093760948e-14 0.28288614761112163
outer loop
vertex 3.866259608649856 38.97697956271822 -31.429461451908924
vertex 4.926172877229958 35.30292022480289 -27.835720560645733
vertex 4.926172877229958 38.97697956271736 -27.83572056064485
endloop
endfacet
facet normal -0.9591534952705634 -6.731760093760948e-14 0.28288614761112163
outer loop
vertex 4.926172877229958 35.30292022480289 -27.835720560645733
vertex 3.866259608649856 38.97697956271822 -31.429461451908924
vertex 4.926172877229958 35.30292022480289 -27.835720560645733
endloop
endfacet
facet normal -0.9591534952705634 -6.731760093760948e-14 0.28288614761112163
outer loop
vertex 4.926172877229958 35.30292022480289 -27.835720560645733
vertex 3.866259608649856 38.97697956271822 -31.429461451908924
vertex 4.224206842327197 34.8865294777579 -30.215805911674543
endloop
endfacet
facet normal -0.9591534952705634 -6.731760093760948e-14 0.28288614761112163
outer loop
vertex 4.224206842327197 34.8865294777579 -30.215805911674543
vertex 3.866259608649856 38.97697956271822 -31.429461451908924
vertex 3.6772390770855763 33.76581735332162 -32.070354281264926
endloop
endfacet
facet normal -0.9591534952705634 -6.731760093760948e-14 0.28288614761112163
outer loop
vertex 3.6772390770855763 33.76581735332162 -32.070354281264926
vertex 3.866259608649856 38.97697956271822 -31.429461451908924
vertex 3.1405539272797722 38.9769795627188 -33.89003842501933
endloop
endfacet
facet normal -0.9591534952705634 -6.731760093760948e-14 0.28288614761112163
outer loop
vertex 3.6772390770855763 33.76581735332162 -32.070354281264926
vertex 3.1405539272797722 38.9769795627188 -33.89003842501933
vertex 3.3587604083116886 32.13445651134257 -33.150187743961176
endloop
endfacet
facet normal -0.9591534952705634 -6.731760093760948e-14 0.28288614761112163
outer loop
vertex 3.3587604083116886 32.13445651134257 -33.150187743961176
vertex 3.1405539272797722 38.9769795627188 -33.89003842501933
vertex 3.3218482566054925 30.52017308851887 -33.27534204941588
endloop
endfacet
facet normal -0.9591534952705634 -6.731760093760948e-14 0.28288614761112163
outer loop
vertex 4.825132048168484 31.30980456010067 -28.17830949678841
vertex 4.926172877229958 21.970561530700774 -27.83572056064889
vertex 4.926172877229958 31.276966008702317 -27.83572056064668
endloop
endfacet
facet normal -0.9307302754201291 -8.696093777507148e-14 0.36570637732526695
outer loop
vertex 4.926172877229958 21.970561530700774 -27.83572056064889
vertex 4.825132048168484 31.30980456010067 -28.17830949678841
vertex 3.7142876324618506 24.311628396523915 -31.944737485662454
endloop
endfacet
facet normal -0.9591534952705634 -6.731760093760948e-14 0.28288614761112163
outer loop
vertex 3.7142876324618506 24.311628396523915 -31.944737485662454
vertex 4.825132048168484 31.30980456010067 -28.17830949678841
vertex 4.416311908290272 30.951768236110315 -29.564454663006572
endloop
endfacet
facet normal -0.9591534952705634 -6.731760093760948e-14 0.28288614761112163
outer loop
vertex 3.7142876324618506 24.311628396523915 -31.944737485662454
vertex 4.416311908290272 30.951768236110315 -29.564454663006572
vertex 4.029365466021792 27.561569929194444 -30.876434891514375
endloop
endfacet
facet normal -0.9591534952705634 -6.731760093760948e-14 0.28288614761112163
outer loop
vertex 4.029365466021792 27.561569929194444 -30.876434891514375
vertex 4.416311908290272 30.951768236110315 -29.564454663006572
vertex 4.1112128745713745 30.192368266705707 -30.598923148177697
endloop
endfacet
facet normal -0.9591534952705634 -6.731760093760948e-14 0.28288614761112163
outer loop
vertex 3.7142876324618506 24.311628396523915 -31.944737485662454
vertex 4.029365466021792 27.561569929194444 -30.876434891514375
vertex 3.6914394088923483 28.347592837504937 -32.02220665013801
endloop
endfacet
facet normal -0.9591534952705634 -6.731760093760948e-14 0.28288614761112163
outer loop
vertex 3.7142876324618506 24.311628396523915 -31.944737485662454
vertex 3.6914394088923483 28.347592837504937 -32.02220665013801
vertex 3.1405539272797722 25.47004240852998 -33.89003842502253
endloop
endfacet
facet normal -0.9707750184138588 -5.724706958556068e-14 0.23999138239439347
outer loop
vertex 3.1405539272797722 25.47004240852998 -33.89003842502253
vertex 3.6914394088923483 28.347592837504937 -32.02220665013801
vertex 3.448834643272589 29.351426164338978 -32.84478213104602
endloop
endfacet
facet normal -0.9707750184138588 -5.724706958556068e-14 0.23999138239439347
outer loop
vertex 3.1405539272797722 25.47004240852998 -33.89003842502253
vertex 3.448834643272589 29.351426164338978 -32.84478213104602
vertex 3.3218482566054925 30.52017308851887 -33.27534204941588
endloop
endfacet
facet normal -0.9707750184138588 -5.724706958556068e-14 0.23999138239439347
outer loop
vertex 3.1405539272797722 25.47004240852998 -33.89003842502253
vertex 3.3218482566054925 30.52017308851887 -33.27534204941588
vertex 3.1405539272797722 38.9769795627188 -33.89003842501933
endloop
endfacet
facet normal -0.031144563332092087 -0.999411412267299 0.014382114056564135
outer loop
vertex 111.43866518600758 12.983178046212613 -1.5070169128131923
vertex 105.01112677624144 13.192593407393254 -1.1805141159006165
vertex 110.52888383117129 12.983178046213064 -3.4094262750737285
endloop
endfacet
facet normal -0.031144563332092087 -0.999411412267299 0.014382114056564135
outer loop
vertex 111.43866518600758 12.983178046212613 -1.5070169128131923
vertex 105.6779560860717 13.192593407392776 0.820036350040022
vertex 105.01112677624144 13.192593407393254 -1.1805141159006165
endloop
endfacet
facet normal -9.160252167026366e-09 2.3967586346881053e-13 -1.0
outer loop
vertex 90.65439522057548 15.60247090482157 1.1492410831967206
vertex 93.36294064017726 17.63808286698435 1.1492410583862043
vertex 93.36294064017726 14.918470778777214 1.14924105838555
endloop
endfacet
facet normal -0.05733997844462015 2.381715223743855e-13 -0.9983547099463048
outer loop
vertex 93.36294064017726 17.63808286698435 1.1492410583862043
vertex 90.65439522057548 15.60247090482157 1.1492410831967206
vertex 86.95983270234518 17.28782889302489 1.1492411170402212
endloop
endfacet
facet normal -0.05733997844462015 2.381715223743855e-13 -0.9983547099463048
outer loop
vertex 93.36294064017726 17.63808286698435 1.1492410583862043
vertex 86.95983270234518 17.28782889302489 1.1492411170402212
vertex 93.32682409041293 17.646466753974845 1.1492410587170427
endloop
endfacet
facet normal -9.160252167026366e-09 2.3967586346881053e-13 -1.0
outer loop
vertex 93.32682409041293 17.646466753974845 1.1492410587170427
vertex 86.95983270234518 17.28782889302489 1.1492411170402212
vertex 89.8210927119406 19.09763320134314 1.1492410908307984
endloop
endfacet
facet normal -9.160252167026366e-09 2.3967586346881053e-13 -1.0
outer loop
vertex 89.8210927119406 19.09763320134314 1.1492410908307984
vertex 86.95983270234518 17.28782889302489 1.1492411170402212
vertex 88.33797436900156 19.948380502917455 1.1492411044167201
endloop
endfacet
facet normal -9.160252167026366e-09 2.3967586346881053e-13 -1.0
outer loop
vertex 88.33797436900156 19.948380502917455 1.1492411044167201
vertex 86.95983270234518 17.28782889302489 1.1492411170402212
vertex 87.06470172475024 20.963518148802752 1.1492411160804625
endloop
endfacet
facet normal -9.160252167026366e-09 2.3967586346881053e-13 -1.0
outer loop
vertex 87.06470172475024 20.963518148802752 1.1492411160804625
vertex 86.95983270234518 17.28782889302489 1.1492411170402212
vertex 86.95983270234518 21.08091452013442 1.1492411170411236
endloop
endfacet
facet normal -0.9503193644695891 7.426806752587834e-14 -0.3112765739886577
outer loop
vertex 135.52162252612067 38.976979562718455 -32.43770848125577
vertex 134.3657661260056 21.865705330850645 -28.908908657038562
vertex 134.3657661260056 38.97697956271762 -28.9089086570345
endloop
endfacet
facet normal -0.9212484932367518 9.254905533383242e-14 -0.3889745669179598
outer loop
vertex 134.3657661260056 21.865705330850645 -28.908908657038562
vertex 135.52162252612067 38.976979562718455 -32.43770848125577
vertex 135.6792771698455 24.31162839652419 -32.91902404866775
endloop
endfacet
facet normal -0.9503193644695891 7.426806752587834e-14 -0.3112765739886577
outer loop
vertex 135.6792771698455 24.31162839652419 -32.91902404866775
vertex 135.52162252612067 38.976979562718455 -32.43770848125577
vertex 136.21815448367457 38.97697956271896 -34.564202610748126
endloop
endfacet
facet normal -0.9503193644695891 7.426806752587834e-14 -0.3112765739886577
outer loop
vertex 135.6792771698455 24.31162839652419 -32.91902404866775
vertex 136.21815448367457 38.97697956271896 -34.564202610748126
vertex 136.21815448367457 25.360446275315084 -34.56420261075135
endloop
endfacet
facet normal -0.04532991802063692 -2.3758865210724865e-13 0.9989720709470523
outer loop
vertex 48.44789025707915 39.00773102619597 3.2559354600628847
vertex 42.207155705489946 35.08222552775089 2.6995135483292385
vertex 48.44789025707915 34.88013714050024 3.2559354600618917
endloop
endfacet
facet normal -0.15317271603843557 -2.359429833468401e-13 0.9881994328380325
outer loop
vertex 42.207155705489946 35.08222552775089 2.6995135483292385
vertex 48.44789025707915 39.00773102619597 3.2559354600628847
vertex 42.207155705489946 39.0560723300771 2.6995135483301858
endloop
endfacet
facet normal -0.15443641464026417 -2.3589401981394356e-13 0.9880027296688306
outer loop
vertex 42.207155705489946 39.0560723300771 2.6995135483301858
vertex 48.44789025707915 39.00773102619597 3.2559354600628847
vertex 46.317995509205325 39.06362817125681 3.066034720397658
endloop
endfacet
facet normal -0.28373042406057475 -2.2857443036718e-13 0.9589040861642035
outer loop
vertex 36.04900368498133 39.04460168140986 1.3137417310343096
vertex 30.128632745635446 35.354683717021494 -0.8754151335730821
vertex 36.04900368498133 35.228898089576695 1.3137417310334072
endloop
endfacet
facet normal -0.4075292596119363 -2.1759541583363026e-13 0.9131921498568342
outer loop
vertex 30.128632745635446 35.354683717021494 -0.8754151335730821
vertex 36.04900368498133 39.04460168140986 1.3137417310343096
vertex 30.128632745635446 39.0265043837111 -0.8754151335722022
endloop
endfacet
facet normal -0.4081876266624743 -2.1752743834479826e-13 0.912898056433278
outer loop
vertex 30.128632745635446 39.0265043837111 -0.8754151335722022
vertex 36.04900368498133 39.04460168140986 1.3137417310343096
vertex 35.889917189969594 39.04429345320751 1.2549168201986343
endloop
endfacet
facet normal -0.22944416214981342 0.9732388810437926 -0.012706568380034231
outer loop
vertex 48.54118507535218 17.592898956668524 1.1492414689647739
vertex 44.48098463058714 16.5885078627906 0.7889233203671444
vertex 44.23084989383662 16.588507862790102 2.879945479812031
endloop
endfacet
facet normal -0.22944416214981342 0.9732388810437926 -0.012706568380034231
outer loop
vertex 48.54118507535218 17.592898956668524 1.1492414689647739
vertex 44.23084989383662 16.588507862790102 2.879945479812031
vertex 48.44789025707915 17.59289895666802 3.255935460057786
endloop
endfacet
facet normal 0.9132384380685868 9.68299125566712e-14 -0.4074255210882694
outer loop
vertex 7.623535994613177 20.961736782136995 -26.954022902901244
vertex 9.362436476582248 38.97205093572868 -23.056302514963495
vertex 9.362436476582248 19.179298151524534 -23.05630251496821
endloop
endfacet
facet normal 0.8842962314345719 1.1116469090414466e-13 -0.4669263058241781
outer loop
vertex 9.362436476582248 38.97205093572868 -23.056302514963495
vertex 7.623535994613177 20.961736782136995 -26.954022902901244
vertex 9.003970018142878 38.976979562716416 -23.8597999191779
endloop
endfacet
facet normal 0.9132384380685868 9.68299125566712e-14 -0.4074255210882694
outer loop
vertex 9.003970018142878 38.976979562716416 -23.8597999191779
vertex 7.623535994613177 20.961736782136995 -26.954022902901244
vertex 6.904746504001876 38.97697956271754 -28.565179194610327
endloop
endfacet
facet normal 0.9382645692420128 8.224684033749699e-14 -0.3459184847693167
outer loop
vertex 6.904746504001876 38.97697956271754 -28.565179194610327
vertex 7.623535994613177 20.961736782136995 -26.954022902901244
vertex 6.904746504001876 21.97056153070094 -28.565179194614363
endloop
endfacet
facet normal -0.09830290120364445 -0.995156540256329 9.002417365473674e-10
outer loop
vertex 74.15361682668087 32.91954788373648 1.1492412343520677
vertex 73.5442724879333 32.97973973879264 3.257999996933857
vertex 73.54427246861653 32.979739738793135 1.1492412399338416
endloop
endfacet
facet normal -0.0679937674623575 -0.9976857459071342 6.226020687030015e-10
outer loop
vertex 73.5442724879333 32.97973973879264 3.257999996933857
vertex 74.15361682668087 32.91954788373648 1.1492412343520677
vertex 74.1536168459976 32.91954788373598 3.2579999913521056
endloop
endfacet
facet normal 0.047039027988314275 -0.9984627945876731 -0.029315144040047078
outer loop
vertex 116.86631173924432 13.202723716644009 -4.530524662989215
vertex 111.66169332871395 12.937546285307407 -4.0404655775963185
vertex 115.72762491343177 13.20272371664443 -6.305420662180485
endloop
endfacet
facet normal 0.047039027988314275 -0.9984627945876731 -0.029315144040047078
outer loop
vertex 116.86631173924432 13.202723716644009 -4.530524662989215
vertex 112.62135335368563 12.937546285306961 -2.165841470739514
vertex 111.66169332871395 12.937546285307407 -4.0404655775963185
endloop
endfacet
facet normal -0.038533560164259004 0.9990938973374653 0.018070668059081068
outer loop
vertex 110.59845692818811 15.699099013470294 -1.1676126252645853
vertex 110.52888383117129 15.757029394879329 -3.4094262750730744
vertex 109.72411050174823 15.69909901347075 -3.084336018022572
endloop
endfacet
facet normal -0.0578277060839599 0.9979269411300802 0.028244938941847417
outer loop
vertex 111.43866518600758 15.757029394878874 -1.5070169128125381
vertex 110.52888383117129 15.757029394879329 -3.4094262750730744
vertex 110.59845692818811 15.699099013470294 -1.1676126252645853
endloop
endfacet
facet normal 0.019603228227991883 -0.99978827574798 -0.00625436806739139
outer loop
vertex 105.6779560860717 35.225074387667505 0.8200363500452784
vertex 101.00880912740698 35.13754471796735 -0.1176401146905226
vertex 105.01112677624144 35.22507438766798 -1.18051411589536
endloop
endfacet
facet normal 0.019603228227991883 -0.99978827574798 -0.00625436806739139
outer loop
vertex 105.6779560860717 35.225074387667505 0.8200363500452784
vertex 101.49941261796543 35.13754471796687 1.9297096955499633
vertex 101.00880912740698 35.13754471796735 -0.1176401146905226
endloop
endfacet
facet normal 0.002040102388402099 0.99999573048869 -0.002092124909294572
outer loop
vertex 125.2872863561097 38.976665412187664 -11.425071911794106
vertex 124.85315991441108 38.97233220438411 -13.910196160399746
vertex 123.79345349382521 38.97666541218802 -12.909197395684213
endloop
endfacet
facet normal 0.001951305039783341 0.9999957965208879 -0.0021446093343078293
outer loop
vertex 126.3936526494345 38.972332204383775 -12.470145595813774
vertex 124.85315991441108 38.97233220438411 -13.910196160399746
vertex 125.2872863561097 38.976665412187664 -11.425071911794106
endloop
endfacet
facet normal -0.15207956199553171 -0.9808386304450187 -0.12176776194866676
outer loop
vertex 20.74863376077373 13.845841326067024 -9.127522456568038
vertex 19.41243337987264 13.845841326066635 -7.4961328534063885
vertex 16.34589828608094 15.055853274345305 -13.251098891261165
endloop
endfacet
facet normal -0.14668869524598305 -0.9814291199998917 -0.12360950247966204
outer loop
vertex 19.41243337987264 13.845841326066635 -7.4961328534063885
vertex 14.805405611755855 15.055853274344962 -11.811048261743277
vertex 16.34589828608094 15.055853274345305 -13.251098891261165
endloop
endfacet
facet normal 0.55087452961167 -0.3092273076542553 0.7751875417123406
outer loop
vertex 12.528078090310466 31.730155269022664 -17.921453398748685
vertex 10.751734755700213 31.40134088079466 -16.793326239853236
vertex 12.471981874246545 31.401340880794955 -18.01244462284362
endloop
endfacet
facet normal 0.5494335959092094 -0.3213530714525465 0.7712683885355929
outer loop
vertex 10.810433904576708 31.730155269022376 -16.698112912032364
vertex 10.751734755700213 31.40134088079466 -16.793326239853236
vertex 12.528078090310466 31.730155269022664 -17.921453398748685
endloop
endfacet
facet normal -0.9394673771147499 -8.149301937165769e-14 0.34263836232554623
outer loop
vertex 4.351630565321593 35.303098858402585 -27.626196027166888
vertex 4.352241633988129 31.276966008702267 -27.624124138345056
vertex 4.351630565321593 35.303098858402585 -27.626196027166888
endloop
endfacet
facet normal -0.936931747788885 -8.309211291341537e-14 0.3495123745810226
outer loop
vertex 4.352241633988129 31.276966008702267 -27.624124138345056
vertex 4.351630565321593 35.303098858402585 -27.626196027166888
vertex 4.2499011271098714 31.30980456010062 -27.97111976082067
endloop
endfacet
facet normal -0.9591534952705634 -6.758898600180852e-14 0.282886147611122
outer loop
vertex 4.2499011271098714 31.30980456010062 -27.97111976082067
vertex 4.351630565321593 35.303098858402585 -27.626196027166888
vertex 3.64124628200441 34.886529477757854 -30.034824283032084
endloop
endfacet
facet normal -0.9591534952705634 -6.758898600180852e-14 0.282886147611122
outer loop
vertex 4.2499011271098714 31.30980456010062 -27.97111976082067
vertex 3.64124628200441 34.886529477757854 -30.034824283032084
vertex 3.8358223757197845 30.95176823611027 -29.375094770085045
endloop
endfacet
facet normal -0.9591534952705634 -6.758898600180852e-14 0.282886147611122
outer loop
vertex 3.8358223757197845 30.95176823611027 -29.375094770085045
vertex 3.64124628200441 34.886529477757854 -30.034824283032084
vertex 3.5267988844351965 30.19236826670566 -30.422869517238258
endloop
endfacet
facet normal -0.9591534952705634 -6.758898600180852e-14 0.282886147611122
outer loop
vertex 3.5267988844351965 30.19236826670566 -30.422869517238258
vertex 3.64124628200441 34.886529477757854 -30.034824283032084
vertex 3.0872429265206356 33.76581735332158 -31.913227518012693
endloop
endfacet
facet normal -0.9591534952705634 -6.758898600180852e-14 0.282886147611122
outer loop
vertex 3.5267988844351965 30.19236826670566 -30.422869517238258
vertex 3.0872429265206356 33.76581735332158 -31.913227518012693
vertex 3.368387172133257 29.14907633245087 -30.95998011395481
endloop
endfacet
facet normal -0.9591534952705634 -6.758898600180852e-14 0.282886147611122
outer loop
vertex 3.368387172133257 29.14907633245087 -30.95998011395481
vertex 3.0872429265206356 33.76581735332158 -31.913227518012693
vertex 3.3618396314061023 28.50215569918241 -30.982180199137343
endloop
endfacet
facet normal -0.9591534952705634 -6.758898600180852e-14 0.282886147611122
outer loop
vertex 3.3618396314061023 28.50215569918241 -30.982180199137343
vertex 3.0872429265206356 33.76581735332158 -31.913227518012693
vertex 3.1016259157384005 28.347592837504898 -31.864460568846784
endloop
endfacet
facet normal -0.9591534952705634 -6.758898600180852e-14 0.282886147611122
outer loop
vertex 3.1016259157384005 28.347592837504898 -31.864460568846784
vertex 3.0872429265206356 33.76581735332158 -31.913227518012693
vertex 2.8559005499112025 29.351426164338935 -32.697616753764514
endloop
endfacet
facet normal -0.9591534952705634 -6.758898600180852e-14 0.282886147611122
outer loop
vertex 2.8559005499112025 29.351426164338935 -32.697616753764514
vertex 3.0872429265206356 33.76581735332158 -31.913227518012693
vertex 2.764667699308139 32.134456511342535 -33.006950767742126
endloop
endfacet
facet normal -0.9591534952705634 -6.758898600180852e-14 0.282886147611122
outer loop
vertex 2.8559005499112025 29.351426164338935 -32.697616753764514
vertex 2.764667699308139 32.134456511342535 -33.006950767742126
vertex 2.727280750381995 30.520173088518835 -33.13371492018634
endloop
endfacet
facet normal -0.9591534952705634 -6.758898600180852e-14 0.282886147611122
outer loop
vertex 3.4317660906301732 27.78109631370852 -30.745087614919317
vertex 3.1016259157384005 28.347592837504898 -31.864460568846784
vertex 3.4438986810674845 27.561569929194405 -30.703950865655063
endloop
endfacet
facet normal -0.9591534952705634 -6.758898600180852e-14 0.282886147611122
outer loop
vertex 3.1016259157384005 28.347592837504898 -31.864460568846784
vertex 3.4317660906301732 27.78109631370852 -30.745087614919317
vertex 3.386897100318105 28.13148082788924 -30.89722036956449
endloop
endfacet
facet normal -0.9591534952705634 -6.758898600180852e-14 0.282886147611122
outer loop
vertex 3.1016259157384005 28.347592837504898 -31.864460568846784
vertex 3.386897100318105 28.13148082788924 -30.89722036956449
vertex 3.3618396314061023 28.50215569918241 -30.982180199137343
endloop
endfacet
facet normal -0.25666810835413767 2.3201957227612e-13 -0.9664996027696591
outer loop
vertex 103.60572109075387 13.243764295731761 -0.8072880765617849
vertex 105.01112677624144 15.75904389810817 -1.1805141159000074
vertex 105.01112677624144 13.192593407393254 -1.1805141159006165
endloop
endfacet
facet normal -0.3143480838596371 2.275227168131894e-13 -0.949307791063454
outer loop
vertex 105.01112677624144 15.75904389810817 -1.1805141159000074
vertex 103.60572109075387 13.243764295731761 -0.8072880765617849
vertex 99.25954518781346 13.758833987042856 0.3469025142935278
endloop
endfacet
facet normal -0.3143480838596371 2.275227168131894e-13 -0.949307791063454
outer loop
vertex 105.01112677624144 15.75904389810817 -1.1805141159000074
vertex 99.25954518781346 13.758833987042856 0.3469025142935278
vertex 102.76238130705451 15.874881623728534 -0.5833268598554572
endloop
endfacet
facet normal -0.25666810835413767 2.3201957227612e-13 -0.9664996027696591
outer loop
vertex 102.76238130705451 15.874881623728534 -0.5833268598554572
vertex 99.25954518781346 13.758833987042856 0.3469025142935278
vertex 99.25954518781346 16.35623750801791 0.34690251429415947
endloop
endfacet
facet normal -0.19605078023076342 2.340500917429579e-13 -0.9805937444073917
outer loop
vertex 99.25954518781346 39.05642102127637 0.3469025142995512
vertex 101.00880912740698 35.13754471796735 -0.1176401146905226
vertex 99.25954518781346 35.076082331840425 0.34690251429860375
endloop
endfacet
facet normal -0.2566681083541375 2.3061568938184893e-13 -0.9664996027696591
outer loop
vertex 101.00880912740698 35.13754471796735 -0.1176401146905226
vertex 99.25954518781346 39.05642102127637 0.3469025142995512
vertex 105.01112677624144 35.22507438766798 -1.18051411589536
endloop
endfacet
facet normal -0.3154242293251903 2.2612358439879096e-13 -0.9489507656114777
outer loop
vertex 105.01112677624144 35.22507438766798 -1.18051411589536
vertex 99.25954518781346 39.05642102127637 0.3469025142995512
vertex 105.01112677624144 39.04495037260918 -1.1805141158944576
endloop
endfacet
facet normal 0.7715363936757798 -1.517661386317418e-13 0.6361851878453099
outer loop
vertex 126.64368825803271 15.095614273031082 -12.773377383409239
vertex 126.3936526494345 21.079830609549422 -12.470145595818037
vertex 126.3936526494345 15.019070653858513 -12.470145595819481
endloop
endfacet
facet normal 0.7463954243877302 -1.5901317968560463e-13 0.6655027200944111
outer loop
vertex 126.3936526494345 21.079830609549422 -12.470145595818037
vertex 126.64368825803271 15.095614273031082 -12.773377383409239
vertex 126.58441608019025 21.28244750780153 -12.701494788195475
endloop
endfacet
facet normal 0.7715363936757798 -1.517661386317418e-13 0.6361851878453099
outer loop
vertex 126.58441608019025 21.28244750780153 -12.701494788195475
vertex 126.64368825803271 15.095614273031082 -12.773377383409239
vertex 127.25462575833731 22.10843369759532 -13.514294532614965
endloop
endfacet
facet normal 0.7715363936757798 -1.517661386317418e-13 0.6361851878453099
outer loop
vertex 127.25462575833731 22.10843369759532 -13.514294532614965
vertex 126.64368825803271 15.095614273031082 -12.773377383409239
vertex 130.34624957612175 16.980301940430124 -17.263674959177568
endloop
endfacet
facet normal 0.7715363936757798 -1.517661386317418e-13 0.6361851878453099
outer loop
vertex 127.25462575833731 22.10843369759532 -13.514294532614965
vertex 130.34624957612175 16.980301940430124 -17.263674959177568
vertex 127.87550650584834 22.986434915843905 -14.267270398745366
endloop
endfacet
facet normal 0.7715363936757798 -1.517661386317418e-13 0.6361851878453099
outer loop
vertex 127.87550650584834 22.986434915843905 -14.267270398745366
vertex 130.34624957612175 16.980301940430124 -17.263674959177568
vertex 128.4441651826225 23.912359909044756 -14.956913718164058
endloop
endfacet
facet normal 0.7715363936757798 -1.517661386317418e-13 0.6361851878453099
outer loop
vertex 128.4441651826225 23.912359909044756 -14.956913718164058
vertex 130.34624957612175 16.980301940430124 -17.263674959177568
vertex 128.9579519895996 24.881894111576823 -15.580010935368612
endloop
endfacet
facet normal 0.7715363936757798 -1.517661386317418e-13 0.6361851878453099
outer loop
vertex 128.9579519895996 24.881894111576823 -15.580010935368612
vertex 130.34624957612175 16.980301940430124 -17.263674959177568
vertex 129.5835475086056 26.23415675811037 -16.338704661433024
endloop
endfacet
facet normal 0.7715363936757798 -1.517661386317418e-13 0.6361851878453099
outer loop
vertex 129.5835475086056 26.23415675811037 -16.338704661433024
vertex 130.34624957612175 16.980301940430124 -17.263674959177568
vertex 130.15108933303532 27.621604001971015 -17.026993513243024
endloop
endfacet
facet normal 0.7715363936757798 -1.517661386317418e-13 0.6361851878453099
outer loop
vertex 130.15108933303532 27.621604001971015 -17.026993513243024
vertex 130.34624957612175 16.980301940430124 -17.263674959177568
vertex 130.34624957612175 28.226600917613027 -17.26367495917488
endloop
endfacet
facet normal 0.0007362429500496298 -2.371173263734742e-13 0.9999997289731225
outer loop
vertex 87.11098958426405 33.96153049265571 3.2578885858395594
vertex 86.9598327216619 38.689130545734216 3.2579998740453124
vertex 86.9598327216619 33.891657086428125 3.2579998740441845
endloop
endfacet
facet normal 0.00038289437637759207 -2.375213945749259e-13 0.9999999266959455
outer loop
vertex 86.9598327216619 38.689130545734216 3.2579998740453124
vertex 87.11098958426405 33.96153049265571 3.2578885858395594
vertex 88.46883331457776 34.39759294815322 3.256888882695038
endloop
endfacet
facet normal 0.00038289437637759207 -2.375213945749259e-13 0.9999999266959455
outer loop
vertex 86.9598327216619 38.689130545734216 3.2579998740453124
vertex 88.46883331457776 34.39759294815322 3.256888882695038
vertex 89.90373809770088 34.682089539036724 3.255832443878207
endloop
endfacet
facet normal 0.00038289437637759207 -2.375213945749259e-13 0.9999999266959455
outer loop
vertex 86.9598327216619 38.689130545734216 3.2579998740453124
vertex 89.90373809770088 34.682089539036724 3.255832443878207
vertex 91.38258284559103 34.80845339303655 3.2547436545632875
endloop
endfacet
facet normal 0.00038289437637759207 -2.375213945749259e-13 0.9999999266959455
outer loop
vertex 86.9598327216619 38.689130545734216 3.2579998740453124
vertex 91.38258284559103 34.80845339303655 3.2547436545632875
vertex 93.50542349253628 34.87399394458922 3.253180727679311
endloop
endfacet
facet normal 0.00038289437637759207 -2.375213945749259e-13 0.9999999266959455
outer loop
vertex 86.9598327216619 38.689130545734216 3.2579998740453124
vertex 93.50542349253628 34.87399394458922 3.253180727679311
vertex 93.50542349253628 39.002752277540885 3.253180727680281
endloop
endfacet
facet normal 0.00038289437637759207 -2.375213945749259e-13 0.9999999266959455
outer loop
vertex 86.9598327216619 38.689130545734216 3.2579998740453124
vertex 93.50542349253628 39.002752277540885 3.253180727680281
vertex 90.97074569337848 38.93933007659277 3.2550468668463544
endloop
endfacet
facet normal -9.160246909206044e-09 2.373436311584452e-13 -1.0
outer loop
vertex 71.0493854873252 36.77259898233013 1.149241262788542
vertex 73.58623475679302 36.749607276671945 1.1492412395503713
vertex 71.04938548732534 36.00603739845399 1.1492412627883615
endloop
endfacet
facet normal -9.160246909206044e-09 2.373436311584452e-13 -1.0
outer loop
vertex 73.54427246861653 32.979739738793135 1.1492412399338416
vertex 74.15361682668087 36.75980448344609 1.1492412343529925
vertex 74.15361682668087 32.91954788373648 1.1492412343520677
endloop
endfacet
facet normal -9.160246909206044e-09 2.373436311584452e-13 -1.0
outer loop
vertex 74.15361682668087 36.75980448344609 1.1492412343529925
vertex 73.54427246861653 32.979739738793135 1.1492412399338416
vertex 72.5591980829551 33.016826203287685 1.149241248957396
endloop
endfacet
facet normal -9.160246909206044e-09 2.373436311584452e-13 -1.0
outer loop
vertex 74.15361682668087 36.75980448344609 1.1492412343529925
vertex 72.5591980829551 33.016826203287685 1.149241248957396
vertex 71.48442457884767 33.02516694150438 1.1492412588025758
endloop
endfacet
facet normal -9.160246909206044e-09 2.373436311584452e-13 -1.0
outer loop
vertex 74.15361682668087 36.75980448344609 1.1492412343529925
vertex 71.48442457884767 33.02516694150438 1.1492412588025758
vertex 71.0493854873252 33.02854304555221 1.1492412627876396
endloop
endfacet
facet normal -9.160246909206044e-09 2.373436311584452e-13 -1.0
outer loop
vertex 74.15361682668087 36.75980448344609 1.1492412343529925
vertex 71.0493854873252 33.02854304555221 1.1492412627876396
vertex 71.04938548732534 34.55142243192435 1.149241262788023
endloop
endfacet
facet normal -9.160246909206044e-09 2.373436311584452e-13 -1.0
outer loop
vertex 74.15361682668087 36.75980448344609 1.1492412343529925
vertex 71.04938548732534 34.55142243192435 1.149241262788023
vertex 71.04938548732534 36.00603739845399 1.1492412627883615
endloop
endfacet
facet normal -9.160246909206044e-09 2.373436311584452e-13 -1.0
outer loop
vertex 74.15361682668087 36.75980448344609 1.1492412343529925
vertex 71.04938548732534 36.00603739845399 1.1492412627883615
vertex 73.58623475679302 36.749607276671945 1.1492412395503713
endloop
endfacet
facet normal 0.9503193644695888 -7.39769404886783e-14 0.31127657398865893
outer loop
vertex 137.69645405397114 24.31162839652404 -32.315950096615545
vertex 136.32510788055555 31.259324777833434 -28.1292655437457
vertex 136.32510788055555 21.865705330850457 -28.129265543747934
endloop
endfacet
facet normal 0.9305027998806727 -8.726382897074992e-14 0.36628477911896445
outer loop
vertex 136.32510788055555 31.259324777833434 -28.1292655437457
vertex 137.69645405397114 24.31162839652404 -32.315950096615545
vertex 136.49333151439754 31.309804560100815 -28.642847965811686
endloop
endfacet
facet normal 0.9503193644695888 -7.39769404886783e-14 0.31127657398865893
outer loop
vertex 136.49333151439754 31.309804560100815 -28.642847965811686
vertex 137.69645405397114 24.31162839652404 -32.315950096615545
vertex 136.93611244570005 30.951768236110443 -29.994646746692727
endloop
endfacet
facet normal 0.9503193644695888 -7.39769404886783e-14 0.31127657398865893
outer loop
vertex 136.93611244570005 30.951768236110443 -29.994646746692727
vertex 137.69645405397114 24.31162839652404 -32.315950096615545
vertex 137.3552026258537 27.561569929194558 -31.27411827439531
endloop
endfacet
facet normal 0.9503193644695888 -7.39769404886783e-14 0.31127657398865893
outer loop
vertex 136.93611244570005 30.951768236110443 -29.994646746692727
vertex 137.3552026258537 27.561569929194558 -31.27411827439531
vertex 137.26655613257395 30.192368266705813 -31.00348281321405
endloop
endfacet
facet normal 0.9503193644695888 -7.39769404886783e-14 0.31127657398865893
outer loop
vertex 137.3552026258537 27.561569929194558 -31.27411827439531
vertex 137.69645405397114 24.31162839652404 -32.315950096615545
vertex 137.7212002851954 28.347592837505058 -32.39149970328364
endloop
endfacet
facet normal 0.9503193644695888 -7.39769404886783e-14 0.31127657398865893
outer loop
vertex 137.7212002851954 28.347592837505058 -32.39149970328364
vertex 137.69645405397114 24.31162839652404 -32.315950096615545
vertex 138.25905864395563 25.36044627531496 -34.033567421783324
endloop
endfacet
facet normal 0.9503193644695888 -7.39769404886783e-14 0.31127657398865893
outer loop
vertex 137.7212002851954 28.347592837505058 -32.39149970328364
vertex 138.25905864395563 25.36044627531496 -34.033567421783324
vertex 137.98395828946516 29.351426164339095 -33.19369312383943
endloop
endfacet
facet normal 0.9503193644695888 -7.39769404886783e-14 0.31127657398865893
outer loop
vertex 137.98395828946516 29.351426164339095 -33.19369312383943
vertex 138.25905864395563 25.36044627531496 -34.033567421783324
vertex 138.12149346708117 30.52017308851895 -33.613584479328864
endloop
endfacet
facet normal 0.9503193644695888 -7.39769404886783e-14 0.31127657398865893
outer loop
vertex 136.3845506237069 35.30309885840277 -28.310742707830784
vertex 136.32510788055555 38.97697956271743 -28.129265543743873
vertex 136.32510788055555 35.28684838513881 -28.12926554374475
endloop
endfacet
facet normal 0.9291445728658617 -8.809290220485971e-14 0.3697165978339562
outer loop
vertex 136.32510788055555 38.97697956271743 -28.129265543743873
vertex 136.3845506237069 35.30309885840277 -28.310742707830784
vertex 137.53185772765377 38.976979562718306 -31.813441751009268
endloop
endfacet
facet normal 0.9503193644695888 -7.39769404886783e-14 0.31127657398865893
outer loop
vertex 137.53185772765377 38.976979562718306 -31.813441751009268
vertex 136.3845506237069 35.30309885840277 -28.310742707830784
vertex 137.14417572761306 34.88652947775801 -30.62985858837747
endloop
endfacet
facet normal 0.9503193644695888 -7.39769404886783e-14 0.31127657398865893
outer loop
vertex 137.53185772765377 38.976979562718306 -31.813441751009268
vertex 137.14417572761306 34.88652947775801 -30.62985858837747
vertex 137.7365802421226 33.765817353321715 -32.43845431572032
endloop
endfacet
facet normal 0.9503193644695888 -7.39769404886783e-14 0.31127657398865893
outer loop
vertex 137.53185772765377 38.976979562718306 -31.813441751009268
vertex 137.7365802421226 33.765817353321715 -32.43845431572032
vertex 138.25905864395563 38.976979562718824 -34.0335674217801
endloop
endfacet
facet normal 0.9678224943969633 -5.954933330991866e-14 0.2516338994238255
outer loop
vertex 138.25905864395563 38.976979562718824 -34.0335674217801
vertex 137.7365802421226 33.765817353321715 -32.43845431572032
vertex 138.08151501368698 32.13445651134266 -33.49153129063114
endloop
endfacet
facet normal 0.9678224943969633 -5.954933330991866e-14 0.2516338994238255
outer loop
vertex 138.25905864395563 38.976979562718824 -34.0335674217801
vertex 138.08151501368698 32.13445651134266 -33.49153129063114
vertex 138.12149346708117 30.52017308851895 -33.613584479328864
endloop
endfacet
facet normal 0.9678224943969633 -5.954933330991866e-14 0.2516338994238255
outer loop
vertex 138.25905864395563 38.976979562718824 -34.0335674217801
vertex 138.12149346708117 30.52017308851895 -33.613584479328864
vertex 138.25905864395563 25.36044627531496 -34.033567421783324
endloop
endfacet
facet normal 0.9503193644695888 -7.39769404886783e-14 0.31127657398865893
outer loop
vertex 137.3552026258537 27.561569929194558 -31.27411827439531
vertex 137.43594827179126 29.149076332451035 -31.520632652100392
vertex 137.26655613257395 30.192368266705813 -31.00348281321405
endloop
endfacet
facet normal 0.9503193644695888 -7.39769404886783e-14 0.31127657398865893
outer loop
vertex 137.43594827179126 29.149076332451035 -31.520632652100392
vertex 137.3552026258537 27.561569929194558 -31.27411827439531
vertex 137.36817619591736 27.781096313708673 -31.313726249707187
endloop
endfacet
facet normal 0.9503193644695888 -7.39769404886783e-14 0.31127657398865893
outer loop
vertex 137.43594827179126 29.149076332451035 -31.520632652100392
vertex 137.36817619591736 27.781096313708673 -31.313726249707187
vertex 137.41615531402056 28.1314808278894 -31.460205261729808
endloop
endfacet
facet normal 0.9503193644695888 -7.39769404886783e-14 0.31127657398865893
outer loop
vertex 137.43594827179126 29.149076332451035 -31.520632652100392
vertex 137.41615531402056 28.1314808278894 -31.460205261729808
vertex 137.44294966022557 28.502155699182573 -31.542007710692296
endloop
endfacet
facet normal -0.2851504938298318 -2.288179224914199e-13 0.9584827572098535
outer loop
vertex 36.04900368498133 13.186227482026933 1.3137417310281507
vertex 35.296073934056935 15.712358247732968 1.0353332749220077
vertex 33.23433626410918 15.65750393261269 0.27297104805743294
endloop
endfacet
facet normal -0.3468165209392791 -2.2595187164475998e-13 0.9379329937706502
outer loop
vertex 35.296073934056935 15.712358247732968 1.0353332749220077
vertex 36.04900368498133 13.186227482026933 1.3137417310281507
vertex 36.04900368498133 15.750037523376077 1.3137417310287598
endloop
endfacet
facet normal -0.2851504938298318 -2.288179224914199e-13 0.9584827572098535
outer loop
vertex 36.04900368498133 13.186227482026933 1.3137417310281507
vertex 30.128632745635446 15.769103317682758 -0.8754151335777971
vertex 30.128632745635446 12.976812120846747 -0.8754151335784512
endloop
endfacet
facet normal -0.4107271571103718 -2.1832987538478728e-13 0.9117583026285156
outer loop
vertex 30.128632745635446 15.769103317682758 -0.8754151335777971
vertex 36.04900368498133 13.186227482026933 1.3137417310281507
vertex 31.172098677254947 15.699099013470152 -0.4895760315027772
endloop
endfacet
facet normal -0.3468165209392791 -2.2595187164475998e-13 0.9379329937706502
outer loop
vertex 31.172098677254947 15.699099013470152 -0.4895760315027772
vertex 36.04900368498133 13.186227482026933 1.3137417310281507
vertex 33.23433626410918 15.65750393261269 0.27297104805743294
endloop
endfacet
facet normal -0.635576012393906 -1.8377268567090237e-13 0.7720382972815931
outer loop
vertex 19.41243337987264 35.36985453459447 -7.496132853401222
vertex 14.805405611755809 38.97179446593317 -11.811048261737591
vertex 14.805405611755809 34.996581846650336 -11.81104826173854
endloop
endfacet
facet normal -0.7304400144925559 -1.6226450447992442e-13 0.6829768555581621
outer loop
vertex 14.805405611755809 38.97179446593317 -11.811048261737591
vertex 19.41243337987264 35.36985453459447 -7.496132853401222
vertex 16.073980422451026 38.976665412187465 -10.622908473395341
endloop
endfacet
facet normal -0.6835891818724404 -1.7299105039119317e-13 0.7298669950250988
outer loop
vertex 16.073980422451026 38.976665412187465 -10.622908473395341
vertex 19.41243337987264 35.36985453459447 -7.496132853401222
vertex 19.41243337987264 38.989924533315445 -7.496132853400365
endloop
endfacet
facet normal 0.959153495270563 6.730110702874442e-14 -0.28288614761112274
outer loop
vertex 5.746600639259605 24.311628396524046 -32.49198743029931
vertex 6.904746504001876 38.97697956271754 -28.565179194610327
vertex 6.904746504001876 21.97056153070094 -28.565179194614363
endloop
endfacet
facet normal 0.9382645692420128 8.224684033749699e-14 -0.3459184847693167
outer loop
vertex 6.904746504001876 38.97697956271754 -28.565179194610327
vertex 5.746600639259605 24.311628396524046 -32.49198743029931
vertex 5.891833627728343 38.976979562718356 -31.999560601712247
endloop
endfacet
facet normal 0.959153495270563 6.730110702874442e-14 -0.28288614761112274
outer loop
vertex 5.891833627728343 38.976979562718356 -31.999560601712247
vertex 5.746600639259605 24.311628396524046 -32.49198743029931
vertex 5.198308364072242 38.97697956271891 -34.35102668201192
endloop
endfacet
facet normal 0.9758131080484123 5.199246142731065e-14 -0.2186064458356561
outer loop
vertex 5.198308364072242 38.97697956271891 -34.35102668201192
vertex 5.746600639259605 24.311628396524046 -32.49198743029931
vertex 5.198308364072242 25.470042408530087 -34.351026682015124
endloop
endfacet
facet normal -0.019770209207212584 -0.9997890431066474 -0.005568492776095569
outer loop
vertex 36.64747829703404 35.22889808957718 -0.708309612022105
vertex 36.04900368498133 35.228898089576695 1.3137417310334072
vertex 30.98963804297935 35.354683717021956 -2.8003913342492797
endloop
endfacet
facet normal -0.019393304494201898 -0.9997936816874131 -0.006041009743631136
outer loop
vertex 36.04900368498133 35.228898089576695 1.3137417310334072
vertex 30.128632745635446 35.354683717021494 -0.8754151335730821
vertex 30.98963804297935 35.354683717021956 -2.8003913342492797
endloop
endfacet
facet normal 0.14885584225531023 2.3577483158089146e-13 -0.9888589071381529
outer loop
vertex 42.5325555581001 16.33221121561518 0.6160120649690778
vertex 45.65321608115108 14.092124810172452 0.8929517474702591
vertex 42.5325555581001 13.738113546359164 0.6160120649684687
endloop
endfacet
facet normal 0.08839653097266496 2.388080071505218e-13 -0.9960853644703344
outer loop
vertex 45.65321608115108 14.092124810172452 0.8929517474702591
vertex 42.5325555581001 16.33221121561518 0.6160120649690778
vertex 48.54118507535218 14.869316209593622 1.1492414689641197
endloop
endfacet
facet normal 0.051378970295657654 2.3925054004684884e-13 -0.9986792284869841
outer loop
vertex 48.54118507535218 14.869316209593622 1.1492414689641197
vertex 42.5325555581001 16.33221121561518 0.6160120649690778
vertex 44.48098463058714 16.5885078627906 0.7889233203671444
endloop
endfacet
facet normal 0.051378970295657654 2.3925054004684884e-13 -0.9986792284869841
outer loop
vertex 48.54118507535218 14.869316209593622 1.1492414689641197
vertex 44.48098463058714 16.5885078627906 0.7889233203671444
vertex 48.54118507535218 17.592898956668524 1.1492414689647739
endloop
endfacet
facet normal -0.14358789629490246 0.9855249633618315 0.09012803464108693
outer loop
vertex 115.72762491343177 16.507613091391324 -6.305420662179696
vertex 114.2356050186785 16.211407763395385 -5.474280743440367
vertex 115.3085968019201 16.211407763394952 -3.662788870068085
endloop
endfacet
facet normal -0.13818809237929788 0.9863860102848822 0.0891442081059836
outer loop
vertex 116.86631173924432 16.5076130913909 -4.530524662988426
vertex 115.72762491343177 16.507613091391324 -6.305420662179696
vertex 115.3085968019201 16.211407763394952 -3.662788870068085
endloop
endfacet
facet normal 0.13473063698745422 -0.9808909577612706 -0.14035877043894415
outer loop
vertex 126.3936526494345 15.019070653858513 -12.470145595819481
vertex 120.52708403264552 13.80905870558048 -9.823784556596678
vertex 124.85315991441108 15.019070653858856 -13.910196160405453
endloop
endfacet
facet normal 0.13473063698745422 -0.9808909577612706 -0.14035877043894415
outer loop
vertex 126.3936526494345 15.019070653858513 -12.470145595819481
vertex 121.87709556817751 13.809058705580092 -8.203805436621678
vertex 120.52708403264552 13.80905870558048 -9.823784556596678
endloop
endfacet
facet normal -0.18409295940107592 -0.950176416401337 -0.2515443499935288
outer loop
vertex 12.528078090310466 17.04146267110594 -17.92145339875218
vertex 10.810433904576708 17.041462671105652 -16.698112912035864
vertex 10.147969063360408 18.554169484260953 -21.782124385806533
endloop
endfacet
facet normal -0.17578052062653987 -0.9511457726790842 -0.2538167206528568
outer loop
vertex 10.810433904576708 17.041462671105652 -16.698112912035864
vertex 8.319884917172578 18.554169484260704 -20.737923739454136
vertex 10.147969063360408 18.554169484260953 -21.782124385806533
endloop
endfacet
facet normal 0.01871407563060217 -0.9997875288974266 -0.008641784217950695
outer loop
vertex 111.43866518600758 35.350860015112325 -1.5070169128078683
vertex 105.01112677624144 35.22507438766798 -1.18051411589536
vertex 110.52888383117129 35.35086001511277 -3.4094262750684043
endloop
endfacet
facet normal 0.01871407563060217 -0.9997875288974266 -0.008641784217950695
outer loop
vertex 111.43866518600758 35.350860015112325 -1.5070169128078683
vertex 105.6779560860717 35.225074387667505 0.8200363500452784
vertex 105.01112677624144 35.22507438766798 -1.18051411589536
endloop
endfacet
facet normal -0.31754099166057514 2.272468280437192e-13 -0.948244545787224
outer loop
vertex 105.01112677624144 13.192593407393254 -1.1805141159006165
vertex 105.88058552659024 15.712358247733578 -1.5317342151648723
vertex 107.80211505410101 15.657503932613286 -2.3079410117747936
endloop
endfacet
facet normal -0.37454788449554044 2.2182482880935887e-13 -0.9272075723482393
outer loop
vertex 105.88058552659024 15.712358247733578 -1.5317342151648723
vertex 105.01112677624144 13.192593407393254 -1.1805141159006165
vertex 105.01112677624144 15.75904389810817 -1.1805141159000074
endloop
endfacet
facet normal -0.31754099166057514 2.272468280437192e-13 -0.948244545787224
outer loop
vertex 105.01112677624144 13.192593407393254 -1.1805141159006165
vertex 110.52888383117129 15.757029394879329 -3.4094262750730744
vertex 110.52888383117129 12.983178046213064 -3.4094262750737285
endloop
endfacet
facet normal -0.4338108732127233 2.1590067844518532e-13 -0.9010039546430496
outer loop
vertex 110.52888383117129 15.757029394879329 -3.4094262750730744
vertex 105.01112677624144 13.192593407393254 -1.1805141159006165
vertex 109.72411050174823 15.69909901347075 -3.084336018022572
endloop
endfacet
facet normal -0.37454788449554044 2.2182482880935887e-13 -0.9272075723482393
outer loop
vertex 109.72411050174823 15.69909901347075 -3.084336018022572
vertex 105.01112677624144 13.192593407393254 -1.1805141159006165
vertex 107.80211505410101 15.657503932613286 -2.3079410117747936
endloop
endfacet
facet normal -0.3161464029495268 2.2606245691054303e-13 -0.9487104151963734
outer loop
vertex 105.01112677624144 39.04495037260918 -1.1805141158944576
vertex 110.52888383117129 35.35086001511277 -3.4094262750684043
vertex 105.01112677624144 35.22507438766798 -1.18051411589536
endloop
endfacet
facet normal -0.43067409023010683 2.1381031159439064e-13 -0.9025075224087995
outer loop
vertex 110.52888383117129 35.35086001511277 -3.4094262750684043
vertex 105.01112677624144 39.04495037260918 -1.1805141158944576
vertex 110.52888383117129 39.02706007788092 -3.4094262750675246
endloop
endfacet
facet normal -0.4313199706724719 2.1372599678967357e-13 -0.9021990262126746
outer loop
vertex 110.52888383117129 39.02706007788092 -3.4094262750675246
vertex 105.01112677624144 39.04495037260918 -1.1805141158944576
vertex 105.32712648687736 39.04429345320814 -1.3081630120527792
endloop
endfacet
facet normal 0.25666810835413817 -2.303120979397932e-13 0.9664996027696588
outer loop
vertex 101.49941261796543 35.13754471796687 1.9297096955499633
vertex 99.67312693798937 39.056421021275874 2.4147065744429805
vertex 99.67312693798937 35.07608233183993 2.414706574442033
endloop
endfacet
facet normal 0.19599522250757986 -2.3338231584170666e-13 0.9806048504643469
outer loop
vertex 99.67312693798937 39.056421021275874 2.4147065744429805
vertex 101.49941261796543 35.13754471796687 1.9297096955499633
vertex 105.6779560860717 35.225074387667505 0.8200363500452784
endloop
endfacet
facet normal 0.19599522250757986 -2.3338231584170666e-13 0.9806048504643469
outer loop
vertex 99.67312693798937 39.056421021275874 2.4147065744429805
vertex 105.6779560860717 35.225074387667505 0.8200363500452784
vertex 105.6779560860717 39.0449503726087 0.8200363500461808
endloop
endfacet
facet normal 0.31442688483205955 -2.2626385701155432e-13 0.9492816937531277
outer loop
vertex 105.6779560860717 15.759043898107695 0.8200363500406311
vertex 104.21066906330296 13.243764295731282 1.2096958837506113
vertex 105.6779560860717 13.192593407392776 0.820036350040022
endloop
endfacet
facet normal 0.2566681083541368 -2.327502534901794e-13 0.9664996027696592
outer loop
vertex 104.21066906330296 13.243764295731282 1.2096958837506113
vertex 105.6779560860717 15.759043898107695 0.8200363500406311
vertex 99.67312693798937 13.758833987042365 2.414706574436957
endloop
endfacet
facet normal 0.2003113094064377 -2.3580201366706204e-13 0.9797322998267834
outer loop
vertex 99.67312693798937 13.758833987042365 2.414706574436957
vertex 105.6779560860717 15.759043898107695 0.8200363500406311
vertex 103.33019623386699 15.874881623728049 1.4435183239684017
endloop
endfacet
facet normal 0.2003113094064377 -2.3580201366706204e-13 0.9797322998267834
outer loop
vertex 99.67312693798937 13.758833987042365 2.414706574436957
vertex 103.33019623386699 15.874881623728049 1.4435183239684017
vertex 99.67312693798937 16.35623750801742 2.414706574437589
endloop
endfacet
facet normal 9.16024690920607e-09 -2.373436311714376e-13 1.0
outer loop
vertex 74.1536168459976 36.75980448344559 3.2579999913530306
vertex 73.5442724879333 32.97973973879264 3.257999996933857
vertex 74.1536168459976 32.91954788373598 3.2579999913521056
endloop
endfacet
facet normal 9.16024690920607e-09 -2.373436311714376e-13 1.0
outer loop
vertex 73.5442724879333 32.97973973879264 3.257999996933857
vertex 74.1536168459976 36.75980448344559 3.2579999913530306
vertex 72.55919810227184 33.01682620328718 3.258000005957389
endloop
endfacet
facet normal 9.16024690920607e-09 -2.373436311714376e-13 1.0
outer loop
vertex 72.55919810227184 33.01682620328718 3.258000005957389
vertex 74.1536168459976 36.75980448344559 3.2579999913530306
vertex 71.48442459816438 33.025166941503876 3.2580000158025686
endloop
endfacet
facet normal 9.16024690920607e-09 -2.373436311714376e-13 1.0
outer loop
vertex 71.48442459816438 33.025166941503876 3.2580000158025686
vertex 74.1536168459976 36.75980448344559 3.2579999913530306
vertex 71.04938550664193 33.028543045551714 3.2580000197876324
endloop
endfacet
facet normal 9.16024690920607e-09 -2.373436311714376e-13 1.0
outer loop
vertex 71.04938550664193 33.028543045551714 3.2580000197876324
vertex 74.1536168459976 36.75980448344559 3.2579999913530306
vertex 71.04938550664205 34.55142243192385 3.258000019788016
endloop
endfacet
facet normal 9.16024690920607e-09 -2.373436311714376e-13 1.0
outer loop
vertex 71.04938550664205 34.55142243192385 3.258000019788016
vertex 74.1536168459976 36.75980448344559 3.2579999913530306
vertex 71.04938550664205 36.006037398453486 3.2580000197883545
endloop
endfacet
facet normal 9.16024690920607e-09 -2.373436311714376e-13 1.0
outer loop
vertex 71.04938550664205 36.006037398453486 3.2580000197883545
vertex 74.1536168459976 36.75980448344559 3.2579999913530306
vertex 73.58623477610983 36.74960727667144 3.2579999965503643
endloop
endfacet
facet normal 9.16024690920607e-09 -2.373436311714376e-13 1.0
outer loop
vertex 71.04938550664193 36.772598982329626 3.258000019788535
vertex 71.04938550664205 36.006037398453486 3.2580000197883545
vertex 73.58623477610983 36.74960727667144 3.2579999965503643
endloop
endfacet
facet normal 0.28498044567867115 0.9284211062059962 0.23837028995246057
outer loop
vertex 20.74863376077373 18.087797880189058 -9.127522456567023
vertex 19.415762786530912 18.825500256878886 -10.375881657674203
vertex 18.01771556751482 18.825500256878506 -8.802417443325291
endloop
endfacet
facet normal 0.28498044567867115 0.9284211062059962 0.23837028995246057
outer loop
vertex 20.74863376077373 18.087797880189058 -9.127522456567023
vertex 18.01771556751482 18.825500256878506 -8.802417443325291
vertex 19.41243337987264 18.087797880188667 -7.496132853405328
endloop
endfacet
facet normal -0.6456332843621863 -1.8273407427459423e-13 0.7636476033640753
outer loop
vertex 19.41243337987264 18.087797880188667 -7.496132853405328
vertex 14.805405611755855 15.055853274344962 -11.811048261743277
vertex 19.41243337987264 13.845841326066635 -7.4961328534063885
endloop
endfacet
facet normal -0.7250210703866805 -1.6442426136100328e-13 0.6887266856274353
outer loop
vertex 14.805405611755855 15.055853274344962 -11.811048261743277
vertex 19.41243337987264 18.087797880188667 -7.496132853405328
vertex 18.01771556751482 18.825500256878506 -8.802417443325291
endloop
endfacet
facet normal -0.7250210703866805 -1.6442426136100328e-13 0.6887266856274353
outer loop
vertex 14.805405611755855 15.055853274344962 -11.811048261743277
vertex 18.01771556751482 18.825500256878506 -8.802417443325291
vertex 15.8357290634165 20.26855742922978 -10.846053310353037
endloop
endfacet
facet normal -0.7250210703866805 -1.6442426136100328e-13 0.6887266856274353
outer loop
vertex 14.805405611755855 15.055853274344962 -11.811048261743277
vertex 15.8357290634165 20.26855742922978 -10.846053310353037
vertex 14.805405611755855 21.207449826178504 -11.81104826174181
endloop
endfacet
facet normal -0.6835891818724406 -1.7461325363675284e-13 0.7298669950250987
outer loop
vertex 15.8357290634165 20.26855742922978 -10.846053310353037
vertex 18.01771556751482 18.825500256878506 -8.802417443325291
vertex 17.434613664506276 19.21113480675689 -9.348547293753862
endloop
endfacet
facet normal -0.8512337195597153 -1.2481893123352427e-13 0.52478677068361
outer loop
vertex 9.790876353672612 38.948660214550756 -18.35189272288746
vertex 10.810433904576708 31.730155269022376 -16.698112912032364
vertex 10.810433904576708 38.954104863033 -16.698112912030652
endloop
endfacet
facet normal -0.8438921153273896 -1.2763396554914324e-13 0.5365129054256419
outer loop
vertex 10.810433904576708 31.730155269022376 -16.698112912032364
vertex 9.790876353672612 38.948660214550756 -18.35189272288746
vertex 10.751734755700213 31.40134088079466 -16.793326239853236
endloop
endfacet
facet normal -0.8512337195597153 -1.2481893123352427e-13 0.52478677068361
outer loop
vertex 10.751734755700213 31.40134088079466 -16.793326239853236
vertex 9.790876353672612 38.948660214550756 -18.35189272288746
vertex 10.707320833187707 30.90067366205915 -16.86536812538206
endloop
endfacet
facet normal -0.8512337195597153 -1.2481893123352427e-13 0.52478677068361
outer loop
vertex 10.707320833187707 30.90067366205915 -16.86536812538206
vertex 9.790876353672612 38.948660214550756 -18.35189272288746
vertex 10.683704602398079 30.634453704050326 -16.90367498275747
endloop
endfacet
facet normal -0.8512337195597153 -1.2481893123352427e-13 0.52478677068361
outer loop
vertex 10.683704602398079 30.634453704050326 -16.90367498275747
vertex 9.790876353672612 38.948660214550756 -18.35189272288746
vertex 10.682461069667031 29.86161270786061 -16.905692062934154
endloop
endfacet
facet normal -0.8512337195597153 -1.2481893123352427e-13 0.52478677068361
outer loop
vertex 10.748022632062185 29.09429961061245 -16.799347513613725
vertex 10.810433904576708 17.041462671105652 -16.698112912035864
vertex 10.810433904576708 28.737867774636275 -16.69811291203309
endloop
endfacet
facet normal -0.8068799132284064 -1.405568580961697e-13 0.590715503121866
outer loop
vertex 10.810433904576708 17.041462671105652 -16.698112912035864
vertex 10.748022632062185 29.09429961061245 -16.799347513613725
vertex 8.319884917172578 18.554169484260704 -20.737923739454136
endloop
endfacet
facet normal -0.8512337195597153 -1.2481893123352427e-13 0.52478677068361
outer loop
vertex 8.319884917172578 18.554169484260704 -20.737923739454136
vertex 10.748022632062185 29.09429961061245 -16.799347513613725
vertex 10.682461069667031 29.86161270786061 -16.905692062934154
endloop
endfacet
facet normal -0.8512337195597153 -1.2481893123352427e-13 0.52478677068361
outer loop
vertex 8.319884917172578 18.554169484260704 -20.737923739454136
vertex 10.682461069667031 29.86161270786061 -16.905692062934154
vertex 9.790876353672612 38.948660214550756 -18.35189272288746
endloop
endfacet
facet normal -0.8512337195597153 -1.2481893123352427e-13 0.52478677068361
outer loop
vertex 8.319884917172578 18.554169484260704 -20.737923739454136
vertex 9.790876353672612 38.948660214550756 -18.35189272288746
vertex 7.497902660720986 38.97205093572845 -22.07122528716155
endloop
endfacet
facet normal -0.8512337195597153 -1.2481893123352427e-13 0.52478677068361
outer loop
vertex 8.319884917172578 18.554169484260704 -20.737923739454136
vertex 7.497902660720986 38.97205093572845 -22.07122528716155
vertex 7.497902660720986 19.1792981515243 -22.071225287166264
endloop
endfacet
facet normal -0.012291000085663422 0.999368309622705 -0.033345360078305
outer loop
vertex 4.352241633988129 35.30292022480284 -27.624124138344108
vertex 4.925569568857115 35.303098858402635 -27.8377661374243
vertex 4.352241633988129 35.30292022480284 -27.624124138344108
endloop
endfacet
facet normal 0.02884300786246136 0.9965175354844571 0.07823606821300289
outer loop
vertex 4.925569568857115 35.303098858402635 -27.8377661374243
vertex 4.352241633988129 35.30292022480284 -27.624124138344108
vertex 4.925569568857115 35.303098858402635 -27.8377661374243
endloop
endfacet
facet normal 0.15290749957815716 2.350175262785292e-13 -0.9882405054301082
outer loop
vertex 42.5325555581001 35.08222552775139 0.6160120649735447
vertex 48.54118507535218 39.00773102619647 1.1492414689698724
vertex 48.54118507535218 34.88013714050074 1.14924146896888
endloop
endfacet
facet normal 0.04498359192946342 2.3700063096242636e-13 -0.9989877258791138
outer loop
vertex 48.54118507535218 39.00773102619647 1.1492414689698724
vertex 42.5325555581001 35.08222552775139 0.6160120649735447
vertex 42.5325555581001 39.0560723300776 0.6160120649744921
endloop
endfacet
facet normal 0.04498359192946342 2.3700063096242636e-13 -0.9989877258791138
outer loop
vertex 48.54118507535218 39.00773102619647 1.1492414689698724
vertex 42.5325555581001 39.0560723300776 0.6160120649744921
vertex 46.49050524833472 39.06362817125731 0.9672560796549889
endloop
endfacet
facet normal 0.41083941200917384 2.1813921935315853e-13 -0.9117077259406966
outer loop
vertex 30.98963804297935 15.76910331768321 -2.8003913342539724
vertex 36.64747829703404 13.186227482027412 -0.7083096120273614
vertex 30.98963804297935 12.976812120847207 -2.8003913342546265
endloop
endfacet
facet normal 0.28521290032664176 2.2875427290299497e-13 -0.958464188943575
outer loop
vertex 36.64747829703404 13.186227482027412 -0.7083096120273614
vertex 30.98963804297935 15.76910331768321 -2.8003913342539724
vertex 31.986832916769437 15.699099013470615 -2.43166173509998
endloop
endfacet
facet normal 0.28521290032664176 2.2875427290299497e-13 -0.958464188943575
outer loop
vertex 36.64747829703404 13.186227482027412 -0.7083096120273614
vertex 31.986832916769437 15.699099013470615 -2.43166173509998
vertex 33.957623421598505 15.657503932613164 -1.702928754253278
endloop
endfacet
facet normal 0.28521290032664176 2.2875427290299497e-13 -0.958464188943575
outer loop
vertex 36.64747829703404 13.186227482027412 -0.7083096120273614
vertex 35.92793617764677 15.712358247733448 -0.9743724290643825
vertex 36.64747829703404 15.750037523376557 -0.7083096120267522
endloop
endfacet
facet normal 0.34681652093927795 2.255549868803784e-13 -0.9379329937706506
outer loop
vertex 35.92793617764677 15.712358247733448 -0.9743724290643825
vertex 36.64747829703404 13.186227482027412 -0.7083096120273614
vertex 33.957623421598505 15.657503932613164 -1.702928754253278
endloop
endfacet
facet normal -0.351407905297005 0.8623755914071826 0.3644459129142257
outer loop
vertex 125.52085904482132 20.268557429230015 -11.645704691151069
vertex 124.85315991441108 21.079830609549763 -13.91019616040401
vertex 124.01717549204096 20.26855742923037 -13.120525212056735
endloop
endfacet
facet normal -0.3823199003847729 0.8275042911016053 0.41117896587520963
outer loop
vertex 126.3936526494345 21.079830609549422 -12.470145595818037
vertex 124.85315991441108 21.079830609549763 -13.91019616040401
vertex 125.52085904482132 20.268557429230015 -11.645704691151069
endloop
endfacet
facet normal 9.590188797111236e-05 -0.9999999934662362 -6.221218045167471e-05
outer loop
vertex 115.72762491343177 35.371869256230106 -6.305420662175207
vertex 112.3200329174828 35.371285699066874 -1.9979888544649034
vertex 111.373080775327 35.37128569906732 -3.8796919746297758
endloop
endfacet
facet normal 0.009524729090877936 -0.9999439418659805 -0.0046252201320548915
outer loop
vertex 112.3200329174828 35.371285699066874 -1.9979888544649034
vertex 115.72762491343177 35.371869256230106 -6.305420662175207
vertex 116.86631173924432 35.37186925622968 -4.530524662983936
endloop
endfacet
facet normal -0.0012918648140874582 0.9999961040675707 0.0024744565024704636
outer loop
vertex 134.14115214168154 38.97697956271632 -23.500731913014196
vertex 134.3657661260056 38.97697956271762 -28.9089086570345
vertex 132.2739164983339 38.97697956271656 -24.47557872283877
endloop
endfacet
facet normal -4.2679991957454963e-16 1.0 2.389279811185944e-13
outer loop
vertex 134.3657661260056 38.97697956271762 -28.9089086570345
vertex 134.14115214168154 38.97697956271632 -23.500731913014196
vertex 136.32510788055555 38.97697956271743 -28.129265543743873
endloop
endfacet
facet normal -0.1162685165497535 -0.8607091663059803 -0.49564237419351487
outer loop
vertex 5.198308364072242 25.470042408530087 -34.351026682015124
vertex 3.1405539272797722 25.47004240852998 -33.89003842502253
vertex 4.288798987061205 29.01450554091905 -40.21131184460218
endloop
endfacet
facet normal -0.056691134288987644 -0.8664072258612591 -0.4961094982646725
outer loop
vertex 4.288798987061205 29.01450554091905 -40.21131184460218
vertex 3.1405539272797722 25.47004240852998 -33.89003842502253
vertex 2.188842206387703 29.014505540919004 -40.02224796345851
endloop
endfacet
facet normal 0.06333037422590514 0.997992581879807 0.0002649778924027702
outer loop
vertex 54.94429301318435 38.70154264033247 1.149241410315675
vertex 51.21533388178537 38.93933008605958 1.1492414444739516
vertex 51.16100206101436 38.93933008605908 3.256797749827393
endloop
endfacet
facet normal 0.0631833966885059 0.9980019330556944 -5.785381969391464e-10
outer loop
vertex 54.94429303250117 38.701542640331965 3.258000167315668
vertex 54.94429301318435 38.70154264033247 1.149241410315675
vertex 51.16100206101436 38.93933008605908 3.256797749827393
endloop
endfacet
facet normal -0.43268692929003016 2.1602331119082885e-13 -0.9015442425203349
outer loop
vertex 110.52888383117129 12.983178046213064 -3.4094262750737285
vertex 115.72762491343177 13.20272371664443 -6.305420662180485
vertex 111.66169332871395 12.937546285307407 -4.0404655775963185
endloop
endfacet
facet normal -0.5380799532431733 2.024179028799053e-13 -0.842893803463891
outer loop
vertex 115.72762491343177 13.20272371664443 -6.305420662180485
vertex 110.52888383117129 12.983178046213064 -3.4094262750737285
vertex 110.52888383117129 15.757029394879329 -3.4094262750730744
endloop
endfacet
facet normal -0.5380799532431733 2.024179028799053e-13 -0.842893803463891
outer loop
vertex 115.72762491343177 13.20272371664443 -6.305420662180485
vertex 110.52888383117129 15.757029394879329 -3.4094262750730744
vertex 111.57556977131618 15.836996907841254 -3.992489859075379
endloop
endfacet
facet normal -0.5380799532431733 2.024179028799053e-13 -0.842893803463891
outer loop
vertex 115.72762491343177 13.20272371664443 -6.305420662180485
vertex 111.57556977131618 15.836996907841254 -3.992489859075379
vertex 113.36819684221447 16.070711658904358 -4.991085067675364
endloop
endfacet
facet normal -0.5380799532431733 2.024179028799053e-13 -0.842893803463891
outer loop
vertex 115.72762491343177 13.20272371664443 -6.305420662180485
vertex 113.36819684221447 16.070711658904358 -4.991085067675364
vertex 114.2356050186785 16.211407763395385 -5.474280743440367
endloop
endfacet
facet normal -0.5380799532431733 2.024179028799053e-13 -0.842893803463891
outer loop
vertex 115.72762491343177 13.20272371664443 -6.305420662180485
vertex 114.2356050186785 16.211407763395385 -5.474280743440367
vertex 115.72762491343177 16.507613091391324 -6.305420662179696
endloop
endfacet
facet normal -0.4313199706724719 2.1372599678967357e-13 -0.9021990262126746
outer loop
vertex 110.52888383117129 39.02706007788092 -3.4094262750675246
vertex 111.373080775327 35.37128569906732 -3.8796919746297758
vertex 110.52888383117129 35.35086001511277 -3.4094262750684043
endloop
endfacet
facet normal -0.48664482659749614 2.0597404735080866e-13 -0.8735999157199438
outer loop
vertex 111.373080775327 35.37128569906732 -3.8796919746297758
vertex 110.52888383117129 39.02706007788092 -3.4094262750675246
vertex 115.72762491343177 35.371869256230106 -6.305420662175207
endloop
endfacet
facet normal -0.5399757500019929 1.9933904910342906e-13 -0.8416805744519623
outer loop
vertex 115.72762491343177 35.371869256230106 -6.305420662175207
vertex 110.52888383117129 39.02706007788092 -3.4094262750675246
vertex 115.72762491343177 39.008778188069925 -6.305420662174327
endloop
endfacet
facet normal -0.5398770960750257 1.9935229221893475e-13 -0.8417438571998002
outer loop
vertex 115.72762491343177 39.008778188069925 -6.305420662174327
vertex 110.52888383117129 39.02706007788092 -3.4094262750675246
vertex 115.23976248247564 39.010495263975706 -6.033653547910802
endloop
endfacet
facet normal 0.43070595843382037 -2.1553473679131238e-13 0.9024923142994649
outer loop
vertex 111.43866518600758 35.350860015112325 -1.5070169128078683
vertex 105.6779560860717 39.0449503726087 0.8200363500461808
vertex 105.6779560860717 35.225074387667505 0.8200363500452784
endloop
endfacet
facet normal 0.3161494591755835 -2.2600792483164782e-13 0.9487093967401113
outer loop
vertex 105.6779560860717 39.0449503726087 0.8200363500461808
vertex 111.43866518600758 35.350860015112325 -1.5070169128078683
vertex 111.43866518600758 39.02706007788046 -1.5070169128069884
endloop
endfacet
facet normal 0.3161494591755835 -2.2600792483164782e-13 0.9487093967401113
outer loop
vertex 105.6779560860717 39.0449503726087 0.8200363500461808
vertex 111.43866518600758 39.02706007788046 -1.5070169128069884
vertex 106.00786956187633 39.044293453207665 0.6867669526487642
endloop
endfacet
facet normal 0.43371079347861663 -2.1288863161647328e-13 0.9010521336860308
outer loop
vertex 111.43866518600758 15.757029394878874 -1.5070169128125381
vertex 105.6779560860717 13.192593407392776 0.820036350040022
vertex 111.43866518600758 12.983178046212613 -1.5070169128131923
endloop
endfacet
facet normal 0.3174852881177284 -2.258936133729262e-13 0.9482631975505551
outer loop
vertex 105.6779560860717 13.192593407392776 0.820036350040022
vertex 111.43866518600758 15.757029394878874 -1.5070169128125381
vertex 110.59845692818811 15.699099013470294 -1.1676126252645853
endloop
endfacet
facet normal 0.3174852881177284 -2.258936133729262e-13 0.9482631975505551
outer loop
vertex 105.6779560860717 13.192593407392776 0.820036350040022
vertex 110.59845692818811 15.699099013470294 -1.1676126252645853
vertex 108.5918342090157 15.65750393261282 -0.35703221494365245
endloop
endfacet
facet normal 0.3174852881177284 -2.258936133729262e-13 0.9482631975505551
outer loop
vertex 105.6779560860717 13.192593407392776 0.820036350040022
vertex 106.5856979248825 15.712358247733105 0.4533516986916263
vertex 105.6779560860717 15.759043898107695 0.8200363500406311
endloop
endfacet
facet normal 0.3745478844955402 -2.1847090147700176e-13 0.9272075723482393
outer loop
vertex 106.5856979248825 15.712358247733105 0.4533516986916263
vertex 105.6779560860717 13.192593407392776 0.820036350040022
vertex 108.5918342090157 15.65750393261282 -0.35703221494365245
endloop
endfacet
facet normal 0.7247712456993769 1.6420944536630283e-13 -0.688989580042669
outer loop
vertex 16.34589828608094 15.055853274345305 -13.251098891261165
vertex 20.74863376077373 18.087797880189058 -9.127522456567023
vertex 20.74863376077373 13.845841326067024 -9.127522456568038
endloop
endfacet
facet normal 0.6461340653858019 1.8119243355948564e-13 -0.7632239314565656
outer loop
vertex 20.74863376077373 18.087797880189058 -9.127522456567023
vertex 16.34589828608094 15.055853274345305 -13.251098891261165
vertex 19.415762786530912 18.825500256878886 -10.375881657674203
endloop
endfacet
facet normal 0.6835891818724403 1.738165925893872e-13 -0.7298669950250989
outer loop
vertex 19.415762786530912 18.825500256878886 -10.375881657674203
vertex 16.34589828608094 15.055853274345305 -13.251098891261165
vertex 17.330533465062874 20.268557429230135 -12.328895310291145
endloop
endfacet
facet normal 0.6835891818724403 1.738165925893872e-13 -0.7298669950250989
outer loop
vertex 17.330533465062874 20.268557429230135 -12.328895310291145
vertex 16.34589828608094 15.055853274345305 -13.251098891261165
vertex 16.34589828608094 21.20744982617885 -13.251098891259698
endloop
endfacet
facet normal 0.6835891818724403 1.738165925893872e-13 -0.7298669950250989
outer loop
vertex 19.415762786530912 18.825500256878886 -10.375881657674203
vertex 17.330533465062874 20.268557429230135 -12.328895310291145
vertex 18.85851773333124 19.211134806757258 -10.897794132982199
endloop
endfacet
facet normal 0.40749351929224314 2.1742505048241488e-13 -0.9132080988114497
outer loop
vertex 30.98963804297935 35.354683717021956 -2.8003913342492797
vertex 36.64747829703404 39.044601681410334 -0.7083096120212026
vertex 36.64747829703404 35.22889808957718 -0.708309612022105
endloop
endfacet
facet normal 0.28372700029361525 2.2813898555048595e-13 -0.9589050992170116
outer loop
vertex 36.64747829703404 39.044601681410334 -0.7083096120212026
vertex 30.98963804297935 35.354683717021956 -2.8003913342492797
vertex 30.98963804297935 39.02650438371156 -2.8003913342484
endloop
endfacet
facet normal 0.28372700029361525 2.2813898555048595e-13 -0.9589050992170116
outer loop
vertex 36.64747829703404 39.044601681410334 -0.7083096120212026
vertex 30.98963804297935 39.02650438371156 -2.8003913342484
vertex 36.49544627326806 39.04429345320799 -0.7645260133036729
endloop
endfacet
facet normal 0.73043625383234 1.62615969509503e-13 -0.6829808775415146
outer loop
vertex 16.34589828608094 38.97179446593351 -13.251098891255479
vertex 20.74863376077373 35.36985453459485 -9.127522456562916
vertex 16.34589828608094 34.99658184665068 -13.251098891256428
endloop
endfacet
facet normal 0.6356653833599443 1.8405366746422994e-13 -0.7719647144771937
outer loop
vertex 20.74863376077373 35.36985453459485 -9.127522456562916
vertex 16.34589828608094 38.97179446593351 -13.251098891255479
vertex 17.558219896122466 38.97666541218782 -12.115645523418133
endloop
endfacet
facet normal 0.6356653833599443 1.8405366746422994e-13 -0.7719647144771937
outer loop
vertex 20.74863376077373 35.36985453459485 -9.127522456562916
vertex 17.558219896122466 38.97666541218782 -12.115645523418133
vertex 20.74863376077373 38.98992453331583 -9.12752245656206
endloop
endfacet
facet normal 0.8512337195597147 1.2511015534038759e-13 -0.5247867706836111
outer loop
vertex 10.147969063360408 18.554169484260953 -21.782124385806533
vertex 12.528078090310466 28.737867774636563 -17.921453398749406
vertex 12.528078090310466 17.04146267110594 -17.92145339875218
endloop
endfacet
facet normal 0.8443272587802592 1.2775526925719338e-13 -0.5358278455629321
outer loop
vertex 12.528078090310466 28.737867774636563 -17.921453398749406
vertex 10.147969063360408 18.554169484260953 -21.782124385806533
vertex 12.468434359612342 29.094299610612737 -18.018198891522378
endloop
endfacet
facet normal 0.8512337195597147 1.2511015534038759e-13 -0.5247867706836111
outer loop
vertex 12.468434359612342 29.094299610612737 -18.018198891522378
vertex 10.147969063360408 18.554169484260953 -21.782124385806533
vertex 12.40578003429414 29.861612707860903 -18.119827738449157
endloop
endfacet
facet normal 0.8512337195597147 1.2511015534038759e-13 -0.5247867706836111
outer loop
vertex 12.40578003429414 29.861612707860903 -18.119827738449157
vertex 10.147969063360408 18.554169484260953 -21.782124385806533
vertex 11.553731413061923 38.94866021455103 -19.501898624404042
endloop
endfacet
facet normal 0.8512337195597147 1.2511015534038759e-13 -0.5247867706836111
outer loop
vertex 11.553731413061923 38.94866021455103 -19.501898624404042
vertex 10.147969063360408 18.554169484260953 -21.782124385806533
vertex 9.362436476582248 38.97205093572868 -23.056302514963495
endloop
endfacet
facet normal 0.8842962314345719 1.1116469090414466e-13 -0.4669263058241781
outer loop
vertex 9.362436476582248 38.97205093572868 -23.056302514963495
vertex 10.147969063360408 18.554169484260953 -21.782124385806533
vertex 9.362436476582248 19.179298151524534 -23.05630251496821
endloop
endfacet
facet normal 0.8512337195597147 1.2511015534038759e-13 -0.5247867706836111
outer loop
vertex 12.471981874246545 31.401340880794955 -18.01244462284362
vertex 12.528078090310466 38.954104863033294 -17.92145339874697
vertex 12.528078090310466 31.730155269022664 -17.921453398748685
endloop
endfacet
facet normal 0.8144564951496045 1.3802878364159445e-13 -0.5802246267684804
outer loop
vertex 12.528078090310466 38.954104863033294 -17.92145339874697
vertex 12.471981874246545 31.401340880794955 -18.01244462284362
vertex 11.553731413061923 38.94866021455103 -19.501898624404042
endloop
endfacet
facet normal 0.8512337195597147 1.2511015534038759e-13 -0.5247867706836111
outer loop
vertex 11.553731413061923 38.94866021455103 -19.501898624404042
vertex 12.471981874246545 31.401340880794955 -18.01244462284362
vertex 12.429537425882383 30.90067366205944 -18.081291910302287
endloop
endfacet
facet normal 0.8512337195597147 1.2511015534038759e-13 -0.5247867706836111
outer loop
vertex 11.553731413061923 38.94866021455103 -19.501898624404042
vertex 12.429537425882383 30.90067366205944 -18.081291910302287
vertex 12.406968424281036 30.63445370405062 -18.11790010291137
endloop
endfacet
facet normal 0.8512337195597147 1.2511015534038759e-13 -0.5247867706836111
outer loop
vertex 11.553731413061923 38.94866021455103 -19.501898624404042
vertex 12.406968424281036 30.63445370405062 -18.11790010291137
vertex 12.40578003429414 29.861612707860903 -18.119827738449157
endloop
endfacet
facet normal -0.03190603888221017 -0.9958212825118409 -0.08556855718848656
outer loop
vertex 4.926172877229958 31.276966008702317 -27.83572056064668
vertex 4.352241633988129 31.276966008702267 -27.624124138345056
vertex 4.825132048168484 31.30980456010067 -28.17830949678841
endloop
endfacet
facet normal 0.027593376696464784 -0.9966291420251512 0.07725903719758768
outer loop
vertex 4.825132048168484 31.30980456010067 -28.17830949678841
vertex 4.352241633988129 31.276966008702267 -27.624124138345056
vertex 4.2499011271098714 31.30980456010062 -27.97111976082067
endloop
endfacet
facet normal 0.1850248066915493 -0.8719629179954899 -0.45326205505154016
outer loop
vertex 136.32510788055555 21.865705330850457 -28.129265543747934
vertex 133.70026446479 20.961736782137137 -27.498487756370068
vertex 134.3657661260056 21.865705330850645 -28.908908657038562
endloop
endfacet
facet normal 0.1850248066915493 -0.8719629179954899 -0.45326205505154016
outer loop
vertex 136.32510788055555 21.865705330850457 -28.129265543747934
vertex 135.63030355379345 20.96173678213694 -26.656742481145685
vertex 133.70026446479 20.961736782137137 -27.498487756370068
endloop
endfacet
facet normal -0.04229418199525565 -0.9981339187120237 0.04404409706114404
outer loop
vertex 126.3936526494345 35.007928798751465 -12.470145595814722
vertex 120.62697993422417 35.37258203278077 -9.918146232748088
vertex 124.85315991441108 35.0079287987518 -13.910196160400693
endloop
endfacet
facet normal -0.04229418199525565 -0.9981339187120237 0.04404409706114404
outer loop
vertex 126.3936526494345 35.007928798751465 -12.470145595814722
vertex 121.98138998047979 35.372582032780386 -8.302321946333985
vertex 120.62697993422417 35.37258203278077 -9.918146232748088
endloop
endfacet
facet normal -0.09719367369611186 0.9952654870904818 8.905548194723795e-10
outer loop
vertex 86.45584394694421 38.65699230800039 3.2579998786619813
vertex 86.95983270234518 38.68913054573472 1.1492411170453196
vertex 86.45584392762746 38.656992308000895 1.1492411216619882
endloop
endfacet
facet normal -0.06363850871634359 0.9979730157716489 5.831821071992355e-10
outer loop
vertex 86.95983270234518 38.68913054573472 1.1492411170453196
vertex 86.45584394694421 38.65699230800039 3.2579998786619813
vertex 86.9598327216619 38.689130545734216 3.2579998740453124
endloop
endfacet
facet normal -0.00276094009356427 0.9999843138630053 0.004873318964951072
outer loop
vertex 131.82633212567052 38.971023729768675 -23.526997538437406
vertex 129.71695283034754 38.94866021455124 -20.201097896093298
vertex 131.4716029528109 38.94866021455096 -19.038041665691118
endloop
endfacet
facet normal -0.0026063402062147293 0.9999849708791873 0.004823381229018375
outer loop
vertex 133.6738602071288 38.97102372976843 -22.510383804786677
vertex 131.82633212567052 38.971023729768675 -23.526997538437406
vertex 131.4716029528109 38.94866021455096 -19.038041665691118
endloop
endfacet
facet normal 0.0 1.0 2.3799712201011423e-13
outer loop
vertex 3.1405539272797722 38.9769795627188 -33.89003842501933
vertex 4.485827732232434 38.976979562720004 -38.941787130380085
vertex 2.395013325533651 38.97697956271995 -38.69381575481228
endloop
endfacet
facet normal 0.0 1.0 2.3799712201011423e-13
outer loop
vertex 4.485827732232434 38.976979562720004 -38.941787130380085
vertex 3.1405539272797722 38.9769795627188 -33.89003842501933
vertex 5.198308364072242 38.97697956271891 -34.35102668201192
endloop
endfacet
facet normal -0.3106195588779369 -0.9505339205590404 -0.0008692002852496854
outer loop
vertex 54.94429303250117 33.97688742079912 3.25800016731454
vertex 53.66278523846708 34.397592924487014 1.1492414220535938
vertex 54.94429301318435 33.97688742079962 1.149241410314547
endloop
endfacet
facet normal -0.3106195588779369 -0.9505339205590404 -0.0008692002852496854
outer loop
vertex 54.94429303250117 33.97688742079912 3.25800016731454
vertex 53.64411337830397 34.39759292448651 3.257586940109574
vertex 53.66278523846708 34.397592924487014 1.1492414220535938
endloop
endfacet
facet normal -0.0018439860676304379 0.9999982506759773 -0.00031362456505142127
outer loop
vertex 42.5325555581001 39.0560723300776 0.6160120649744921
vertex 36.64747829703404 39.044601681410334 -0.7083096120212026
vertex 36.04900368498133 39.04460168140986 1.3137417310343096
endloop
endfacet
facet normal -0.0018439860676304379 0.9999982506759773 -0.00031362456505142127
outer loop
vertex 42.5325555581001 39.0560723300776 0.6160120649744921
vertex 36.04900368498133 39.04460168140986 1.3137417310343096
vertex 42.207155705489946 39.0560723300771 2.6995135483301858
endloop
endfacet
facet normal 0.4866448265974964 -2.0926862562773258e-13 0.8735999157199436
outer loop
vertex 112.3200329174828 35.371285699066874 -1.9979888544649034
vertex 111.43866518600758 39.02706007788046 -1.5070169128069884
vertex 111.43866518600758 35.350860015112325 -1.5070169128078683
endloop
endfacet
facet normal 0.4313246024354733 -2.1547107194823267e-13 0.9021968118619578
outer loop
vertex 111.43866518600758 39.02706007788046 -1.5070169128069884
vertex 112.3200329174828 35.371285699066874 -1.9979888544649034
vertex 116.86631173924432 35.37186925622968 -4.530524662983936
endloop
endfacet
facet normal 0.4313246024354733 -2.1547107194823267e-13 0.9021968118619578
outer loop
vertex 111.43866518600758 39.02706007788046 -1.5070169128069884
vertex 116.86631173924432 35.37186925622968 -4.530524662983936
vertex 116.86631173924432 39.0087781880695 -4.530524662983056
endloop
endfacet
facet normal 0.4313246024354733 -2.1547107194823267e-13 0.9021968118619578
outer loop
vertex 111.43866518600758 39.02706007788046 -1.5070169128069884
vertex 116.86631173924432 39.0087781880695 -4.530524662983056
vertex 116.35696826551981 39.01049526397528 -4.246791386469458
endloop
endfacet
facet normal 0.5381599640740814 -2.0085006855225894e-13 0.8428427214301512
outer loop
vertex 116.86631173924432 13.202723716644009 -4.530524662989215
vertex 111.43866518600758 12.983178046212613 -1.5070169128131923
vertex 112.62135335368563 12.937546285306961 -2.165841470739514
endloop
endfacet
facet normal 0.4326339688775093 -2.129998662014775e-13 0.9015696584143094
outer loop
vertex 111.43866518600758 12.983178046212613 -1.5070169128131923
vertex 116.86631173924432 13.202723716644009 -4.530524662989215
vertex 111.43866518600758 15.757029394878874 -1.5070169128125381
endloop
endfacet
facet normal 0.43371079347861663 -2.1288863161647328e-13 0.9010521336860308
outer loop
vertex 111.43866518600758 15.757029394878874 -1.5070169128125381
vertex 116.86631173924432 13.202723716644009 -4.530524662989215
vertex 112.53143769486235 15.836996907840806 -2.1157533361029497
endloop
endfacet
facet normal 0.486644826597497 -2.0695331303613141e-13 0.8735999157199433
outer loop
vertex 112.53143769486235 15.836996907840806 -2.1157533361029497
vertex 116.86631173924432 13.202723716644009 -4.530524662989215
vertex 114.40299582569546 16.070711658903925 -3.158317633165343
endloop
endfacet
facet normal 0.486644826597497 -2.0695331303613141e-13 0.8735999157199433
outer loop
vertex 114.40299582569546 16.070711658903925 -3.158317633165343
vertex 116.86631173924432 13.202723716644009 -4.530524662989215
vertex 115.3085968019201 16.211407763394952 -3.662788870068085
endloop
endfacet
facet normal 0.486644826597497 -2.0695331303613141e-13 0.8735999157199433
outer loop
vertex 115.3085968019201 16.211407763394952 -3.662788870068085
vertex 116.86631173924432 13.202723716644009 -4.530524662989215
vertex 116.86631173924432 16.5076130913909 -4.530524662988426
endloop
endfacet
facet normal -0.9043799306839689 1.0142917630013865e-13 -0.42672818160517545
outer loop
vertex 132.2739164983339 38.97697956271656 -24.47557872283877
vertex 131.82633212567052 19.102717340188573 -23.52699753844212
vertex 131.82633212567052 38.971023729768675 -23.526997538437406
endloop
endfacet
facet normal -0.8683612469670838 1.1809361685662e-13 -0.4959321977506311
outer loop
vertex 131.82633212567052 19.102717340188573 -23.52699753844212
vertex 132.2739164983339 38.97697956271656 -24.47557872283877
vertex 133.70026446479 20.961736782137137 -27.498487756370068
endloop
endfacet
facet normal -0.9043799306839689 1.0142917630013865e-13 -0.42672818160517545
outer loop
vertex 133.70026446479 20.961736782137137 -27.498487756370068
vertex 132.2739164983339 38.97697956271656 -24.47557872283877
vertex 134.3657661260056 38.97697956271762 -28.9089086570345
endloop
endfacet
facet normal -0.9043799306839689 1.0142917630013865e-13 -0.42672818160517545
outer loop
vertex 133.70026446479 20.961736782137137 -27.498487756370068
vertex 134.3657661260056 38.97697956271762 -28.9089086570345
vertex 134.3657661260056 21.865705330850645 -28.908908657038562
endloop
endfacet
facet normal -0.6499163503062277 1.8105351362848734e-13 -0.7600057484023608
outer loop
vertex 120.52708403264552 18.025870201252044 -9.823784556595687
vertex 124.85315991441108 15.019070653858856 -13.910196160405453
vertex 120.52708403264552 13.80905870558048 -9.823784556596678
endloop
endfacet
facet normal -0.725069661781611 1.6375158026656706e-13 -0.6886755299587028
outer loop
vertex 124.85315991441108 15.019070653858856 -13.910196160405453
vertex 120.52708403264552 18.025870201252044 -9.823784556595687
vertex 120.64202584172253 18.078467394686683 -9.932358598108562
endloop
endfacet
facet normal -0.725069661781611 1.6375158026656706e-13 -0.6886755299587028
outer loop
vertex 124.85315991441108 15.019070653858856 -13.910196160405453
vertex 120.64202584172253 18.078467394686683 -9.932358598108562
vertex 121.96825378702249 18.82550025687907 -11.1851136151466
endloop
endfacet
facet normal -0.725069661781611 1.6375158026656706e-13 -0.6886755299587028
outer loop
vertex 124.85315991441108 15.019070653858856 -13.910196160405453
vertex 121.96825378702249 18.82550025687907 -11.1851136151466
vertex 122.51579619531357 19.211134806757435 -11.702322215265834
endloop
endfacet
facet normal -0.725069661781611 1.6375158026656706e-13 -0.6886755299587028
outer loop
vertex 124.85315991441108 15.019070653858856 -13.910196160405453
vertex 122.51579619531357 19.211134806757435 -11.702322215265834
vertex 124.01717549204096 20.26855742923037 -13.120525212056735
endloop
endfacet
facet normal -0.725069661781611 1.6375158026656706e-13 -0.6886755299587028
outer loop
vertex 124.85315991441108 15.019070653858856 -13.910196160405453
vertex 124.01717549204096 20.26855742923037 -13.120525212056735
vertex 124.85315991441108 21.079830609549763 -13.91019616040401
endloop
endfacet
facet normal -0.640098889294729 1.827160971581931e-13 -0.7682925301756188
outer loop
vertex 120.52708403264552 38.99048074910729 -9.8237845565907
vertex 120.62697993422417 35.37258203278077 -9.918146232748088
vertex 120.52708403264552 35.37256594513728 -9.823784556591558
endloop
endfacet
facet normal -0.6866833289439892 1.7275587992438736e-13 -0.7269566739155788
outer loop
vertex 120.62697993422417 35.37258203278077 -9.918146232748088
vertex 120.52708403264552 38.99048074910729 -9.8237845565907
vertex 123.79345349382521 38.97666541218802 -12.909197395684213
endloop
endfacet
facet normal -0.6866833289439892 1.7275587992438736e-13 -0.7269566739155788
outer loop
vertex 120.62697993422417 35.37258203278077 -9.918146232748088
vertex 123.79345349382521 38.97666541218802 -12.909197395684213
vertex 124.85315991441108 38.97233220438411 -13.910196160399746
endloop
endfacet
facet normal -0.7304406367927885 1.6226136246897604e-13 -0.6829761900108566
outer loop
vertex 124.85315991441108 38.97233220438411 -13.910196160399746
vertex 124.85315991441108 35.0079287987518 -13.910196160400693
vertex 120.62697993422417 35.37258203278077 -9.918146232748088
endloop
endfacet
facet normal 0.04788846673161391 -0.9980837727652151 0.03918516679624251
outer loop
vertex 20.74863376077373 35.36985453459485 -9.127522456562916
vertex 19.41243337987264 35.36985453459447 -7.496132853401222
vertex 16.34589828608094 34.99658184665068 -13.251098891256428
endloop
endfacet
facet normal 0.04601190883530086 -0.9981874625055878 0.03879038465893003
outer loop
vertex 19.41243337987264 35.36985453459447 -7.496132853401222
vertex 14.805405611755809 34.996581846650336 -11.81104826173854
vertex 16.34589828608094 34.99658184665068 -13.251098891256428
endloop
endfacet
facet normal -0.9881699482998334 -3.6903723947795114e-14 0.15336281582282163
outer loop
vertex 2.395013325533651 38.97697956271995 -38.69381575481228
vertex 3.1405539272797722 25.47004240852998 -33.89003842502253
vertex 3.1405539272797722 38.9769795627188 -33.89003842501933
endloop
endfacet
facet normal -0.9707750184138588 -5.724706958556068e-14 0.23999138239439347
outer loop
vertex 3.1405539272797722 25.47004240852998 -33.89003842502253
vertex 2.395013325533651 38.97697956271995 -38.69381575481228
vertex 2.188842206387703 29.014505540919004 -40.02224796345851
endloop
endfacet
facet normal -0.9881699482998334 -3.6903723947795114e-14 0.15336281582282163
outer loop
vertex 2.188842206387703 29.014505540919004 -40.02224796345851
vertex 2.395013325533651 38.97697956271995 -38.69381575481228
vertex 2.188842206387703 38.97697956272026 -40.02224796345614
endloop
endfacet
facet normal -0.9881699482998334 -3.6903723947795114e-14 0.15336281582282163
outer loop
vertex 2.188842206387703 29.014505540919004 -40.02224796345851
vertex 2.188842206387703 38.97697956272026 -40.02224796345614
vertex 2.188842206387703 35.55302994314685 -40.022247963456955
endloop
endfacet
facet normal -0.9881699482998334 -3.6903723947795114e-14 0.15336281582282163
outer loop
vertex 2.188842206387703 29.014505540919004 -40.02224796345851
vertex 2.188842206387703 35.55302994314685 -40.022247963456955
vertex 2.188842206387703 31.537600785821212 -40.0222479634579
endloop
endfacet
facet normal -0.41239876925262575 -0.9110001948644655 0.002429007168683398
outer loop
vertex 86.95983270234518 17.28782889302489 1.1492411170402212
vertex 85.8115070522447 17.811663541225055 3.257999884559298
vertex 85.81150703292793 17.811663541225556 1.1492411275593053
endloop
endfacet
facet normal -0.5326360657331861 -0.846344387043639 4.878882795814332e-09
outer loop
vertex 85.8115070522447 17.811663541225055 3.257999884559298
vertex 86.95983270234518 17.28782889302489 1.1492411170402212
vertex 86.9598327216619 17.287828893024386 3.2579998740402143
endloop
endfacet
facet normal 0.18542912478715096 -0.9254404250889154 -0.330418006912333
outer loop
vertex 133.6738602071288 19.10271734018833 -22.510383804791392
vertex 131.13232057454817 18.5541694842611 -22.432735935145775
vertex 131.82633212567052 19.102717340188573 -23.52699753844212
endloop
endfacet
facet normal 0.18542912478715096 -0.9254404250889154 -0.330418006912333
outer loop
vertex 133.6738602071288 19.10271734018833 -22.510383804791392
vertex 132.94929067312955 18.554169484260846 -21.367940831484425
vertex 131.13232057454817 18.5541694842611 -22.432735935145775
endloop
endfacet
facet normal 0.10997735361336235 -0.9938053615322258 0.015996408409495292
outer loop
vertex 42.5325555581001 13.738113546359164 0.6160120649684687
vertex 42.207155705489946 13.738113546358667 2.6995135483241626
vertex 38.264401678855066 13.243764295731665 -0.3444525903442006
endloop
endfacet
facet normal 0.10810462594980155 -0.9939693883461104 0.018391434938926275
outer loop
vertex 42.207155705489946 13.738113546358667 2.6995135483241626
vertex 37.74095428291876 13.24376429573118 1.6944821620974313
vertex 38.264401678855066 13.243764295731665 -0.3444525903442006
endloop
endfacet
facet normal -0.0027061434862928327 0.9999955517704613 -0.0012542833500434432
outer loop
vertex 30.98963804297935 39.02650438371156 -2.8003913342484
vertex 26.32103498923853 39.01049526397551 -5.272644126359938
vertex 25.243400818682147 39.01049526397507 -3.462383469174257
endloop
endfacet
facet normal -0.0027061434862928327 0.9999955517704613 -0.0012542833500434432
outer loop
vertex 30.98963804297935 39.02650438371156 -2.8003913342484
vertex 25.243400818682147 39.01049526397507 -3.462383469174257
vertex 30.128632745635446 39.0265043837111 -0.8754151335722022
endloop
endfacet
facet normal -0.6217275296048469 0.7832321196429453 -0.001525021663288403
outer loop
vertex 54.94429303250117 20.89194254096431 3.258000167311427
vertex 53.76079660564894 19.948380491229088 1.1492414211523325
vertex 53.743552794906805 19.948380491228587 3.257618544255616
endloop
endfacet
facet normal -0.6217275296048469 0.7832321196429453 -0.001525021663288403
outer loop
vertex 54.94429303250117 20.89194254096431 3.258000167311427
vertex 54.94429301318435 20.891942540964813 1.149241410311434
vertex 53.76079660564894 19.948380491229088 1.1492414211523325
endloop
endfacet
facet normal -0.0019411238294546073 0.9999958396593505 -0.0021337062284533894
outer loop
vertex 16.34589828608094 38.97179446593351 -13.251098891255479
vertex 12.528078090310466 38.954104863033294 -17.92145339874697
vertex 10.810433904576708 38.954104863033 -16.698112912030652
endloop
endfacet
facet normal -0.0019411238294546073 0.9999958396593505 -0.0021337062284533894
outer loop
vertex 16.34589828608094 38.97179446593351 -13.251098891255479
vertex 10.810433904576708 38.954104863033 -16.698112912030652
vertex 14.805405611755809 38.97179446593317 -11.811048261737591
endloop
endfacet
facet normal 0.0018683973753926238 0.9999981937191866 -0.00034878304414504
outer loop
vertex 99.25954518781346 39.05642102127637 0.3469025142995512
vertex 95.5546358504505 39.06362817125734 0.8510217136994018
vertex 95.79788282071074 39.063628171256845 2.9415302225900857
endloop
endfacet
facet normal 0.0018368255846233715 0.9999982357246714 -0.00039321662742231863
outer loop
vertex 99.67312693798937 39.056421021275874 2.4147065744429805
vertex 99.25954518781346 39.05642102127637 0.3469025142995512
vertex 95.79788282071074 39.063628171256845 2.9415302225900857
endloop
endfacet
facet normal 0.7304440297971629 -1.6289082968239555e-13 0.6829725611865248
outer loop
vertex 126.3936526494345 38.972332204383775 -12.470145595813774
vertex 121.98138998047979 35.372582032780386 -8.302321946333985
vertex 126.3936526494345 35.007928798751465 -12.470145595814722
endloop
endfacet
facet normal 0.686683328943989 -1.7273417086822999e-13 0.7269566739155789
outer loop
vertex 121.98138998047979 35.372582032780386 -8.302321946333985
vertex 121.87709556817751 38.9904807491069 -8.203805436615701
vertex 121.87709556817751 35.37256594513689 -8.203805436616559
endloop
endfacet
facet normal 0.6401028372993904 -1.8386958809146048e-13 0.7682892408990707
outer loop
vertex 121.87709556817751 38.9904807491069 -8.203805436615701
vertex 121.98138998047979 35.372582032780386 -8.302321946333985
vertex 125.2872863561097 38.976665412187664 -11.425071911794106
endloop
endfacet
facet normal 0.686683328943989 -1.7273417086822999e-13 0.7269566739155789
outer loop
vertex 125.2872863561097 38.976665412187664 -11.425071911794106
vertex 121.98138998047979 35.372582032780386 -8.302321946333985
vertex 126.3936526494345 38.972332204383775 -12.470145595813774
endloop
endfacet
facet normal 0.725294718896346 -1.6468868111322608e-13 0.6884385017857952
outer loop
vertex 126.3936526494345 15.019070653858513 -12.470145595819481
vertex 121.87709556817751 18.025870201251657 -8.203805436620687
vertex 121.87709556817751 13.809058705580092 -8.203805436621678
endloop
endfacet
facet normal 0.6495343078562733 -1.823155834317924e-13 0.7603322845425361
outer loop
vertex 121.87709556817751 18.025870201251657 -8.203805436620687
vertex 126.3936526494345 15.019070653858513 -12.470145595819481
vertex 121.99709837346975 18.0784673946863 -8.317160095539805
endloop
endfacet
facet normal 0.6866833289439893 -1.7423331624400189e-13 0.7269566739155788
outer loop
vertex 121.99709837346975 18.0784673946863 -8.317160095539805
vertex 126.3936526494345 15.019070653858513 -12.470145595819481
vertex 123.38172138550559 18.825500256878698 -9.625075097015555
endloop
endfacet
facet normal 0.6866833289439893 -1.7423331624400189e-13 0.7269566739155788
outer loop
vertex 123.38172138550559 18.825500256878698 -9.625075097015555
vertex 126.3936526494345 15.019070653858513 -12.470145595819481
vertex 125.52085904482132 20.268557429230015 -11.645704691151069
endloop
endfacet
facet normal 0.6866833289439893 -1.7423331624400189e-13 0.7269566739155788
outer loop
vertex 125.52085904482132 20.268557429230015 -11.645704691151069
vertex 126.3936526494345 15.019070653858513 -12.470145595819481
vertex 126.3936526494345 21.079830609549422 -12.470145595818037
endloop
endfacet
facet normal 0.6866833289439893 -1.7423331624400189e-13 0.7269566739155788
outer loop
vertex 123.38172138550559 18.825500256878698 -9.625075097015555
vertex 125.52085904482132 20.268557429230015 -11.645704691151069
vertex 123.95337260223037 19.211134806757066 -10.165056879397536
endloop
endfacet
facet normal -0.8444773181854157 1.2764741946924782e-13 -0.5355913172096503
outer loop
vertex 129.71695283034754 38.94866021455124 -20.201097896093298
vertex 128.63906008731962 32.19388187063117 -18.501563300078622
vertex 128.63906008731962 38.9546426014839 -18.50156330007702
endloop
endfacet
facet normal -0.8444773181854157 1.2764741946924782e-13 -0.5355913172096503
outer loop
vertex 128.63906008731962 32.19388187063117 -18.501563300078622
vertex 129.71695283034754 38.94866021455124 -20.201097896093298
vertex 128.63906008731962 32.19388187063117 -18.501563300078622
endloop
endfacet
facet normal -0.8444773181854157 1.2764741946924782e-13 -0.5355913172096503
outer loop
vertex 128.63906008731962 32.19388187063117 -18.501563300078622
vertex 129.71695283034754 38.94866021455124 -20.201097896093298
vertex 128.66368170660166 32.150880972673015 -18.540384689359232
endloop
endfacet
facet normal -0.8444773181854157 1.2764741946924782e-13 -0.5355913172096503
outer loop
vertex 128.66368170660166 32.150880972673015 -18.540384689359232
vertex 129.71695283034754 38.94866021455124 -20.201097896093298
vertex 128.730897595864 31.75956118592652 -18.646365298229995
endloop
endfacet
facet normal -0.8444773181854157 1.2764741946924782e-13 -0.5355913172096503
outer loop
vertex 128.730897595864 31.75956118592652 -18.646365298229995
vertex 129.71695283034754 38.94866021455124 -20.201097896093298
vertex 128.79242808110072 31.40134088079515 -18.74338161923779
endloop
endfacet
facet normal -0.8444773181854157 1.2764741946924782e-13 -0.5355913172096503
outer loop
vertex 128.79242808110072 31.40134088079515 -18.74338161923779
vertex 129.71695283034754 38.94866021455124 -20.201097896093298
vertex 128.83516254695718 30.90067366205966 -18.810761888411193
endloop
endfacet
facet normal -0.8444773181854157 1.2764741946924782e-13 -0.5355913172096503
outer loop
vertex 128.83516254695718 30.90067366205966 -18.810761888411193
vertex 129.71695283034754 38.94866021455124 -20.201097896093298
vertex 128.85788575966225 30.634453704050802 -18.84659002286598
endloop
endfacet
facet normal -0.8444773181854157 1.2764741946924782e-13 -0.5355913172096503
outer loop
vertex 128.85788575966225 30.634453704050802 -18.84659002286598
vertex 129.71695283034754 38.94866021455124 -20.201097896093298
vertex 128.8590822697656 29.8616127078611 -18.84847658377713
endloop
endfacet
facet normal -0.8444773181854157 1.2764741946924782e-13 -0.5355913172096503
outer loop
vertex 128.66957564139818 28.343914005418842 -18.549677771773084
vertex 128.63906008731962 16.980301940430433 -18.501563300082253
vertex 128.63906008731962 28.226600917613364 -18.50156330007957
endloop
endfacet
facet normal -0.8019195827751391 1.427911484410927e-13 -0.5974319900722984
outer loop
vertex 128.63906008731962 16.980301940430433 -18.501563300082253
vertex 128.66957564139818 28.343914005418842 -18.549677771773084
vertex 131.13232057454817 18.5541694842611 -22.432735935145775
endloop
endfacet
facet normal -0.8444773181854157 1.2764741946924782e-13 -0.5355913172096503
outer loop
vertex 131.13232057454817 18.5541694842611 -22.432735935145775
vertex 128.66957564139818 28.343914005418842 -18.549677771773084
vertex 128.79599983544912 29.094299610612953 -18.74901327426403
endloop
endfacet
facet normal -0.8444773181854157 1.2764741946924782e-13 -0.5355913172096503
outer loop
vertex 131.13232057454817 18.5541694842611 -22.432735935145775
vertex 128.79599983544912 29.094299610612953 -18.74901327426403
vertex 128.8590822697656 29.8616127078611 -18.84847658377713
endloop
endfacet
facet normal -0.8444773181854157 1.2764741946924782e-13 -0.5355913172096503
outer loop
vertex 131.13232057454817 18.5541694842611 -22.432735935145775
vertex 128.8590822697656 29.8616127078611 -18.84847658377713
vertex 129.71695283034754 38.94866021455124 -20.201097896093298
endloop
endfacet
facet normal -0.8444773181854157 1.2764741946924782e-13 -0.5355913172096503
outer loop
vertex 131.13232057454817 18.5541694842611 -22.432735935145775
vertex 129.71695283034754 38.94866021455124 -20.201097896093298
vertex 131.82633212567052 38.971023729768675 -23.526997538437406
endloop
endfacet
facet normal -0.8444773181854157 1.2764741946924782e-13 -0.5355913172096503
outer loop
vertex 131.13232057454817 18.5541694842611 -22.432735935145775
vertex 131.82633212567052 38.971023729768675 -23.526997538437406
vertex 131.82633212567052 19.102717340188573 -23.52699753844212
endloop
endfacet
facet normal -0.15443641464026417 -2.3589401981394356e-13 0.9880027296688306
outer loop
vertex 42.207155705489946 39.0560723300771 2.6995135483301858
vertex 40.52143794785443 35.137544717966726 2.320175696216013
vertex 42.207155705489946 35.08222552775089 2.6995135483292385
endloop
endfacet
facet normal -0.21954048531677142 -2.328300406232039e-13 0.975603390372787
outer loop
vertex 40.52143794785443 35.137544717966726 2.320175696216013
vertex 42.207155705489946 39.0560723300771 2.6995135483301858
vertex 36.04900368498133 35.228898089576695 1.3137417310334072
endloop
endfacet
facet normal -0.28299510275136686 -2.286294012973433e-13 0.9591213540625312
outer loop
vertex 36.04900368498133 35.228898089576695 1.3137417310334072
vertex 42.207155705489946 39.0560723300771 2.6995135483301858
vertex 36.04900368498133 39.04460168140986 1.3137417310343096
endloop
endfacet
facet normal -0.21954048531677173 -2.307773494983132e-13 0.975603390372787
outer loop
vertex 37.74095428291876 13.24376429573118 1.6944821620974313
vertex 36.04900368498133 15.750037523376077 1.3137417310287598
vertex 36.04900368498133 13.186227482026933 1.3137417310281507
endloop
endfacet
facet normal -0.2818992604887147 -2.289409517588991e-13 0.9594440092761617
outer loop
vertex 36.04900368498133 15.750037523376077 1.3137417310287598
vertex 37.74095428291876 13.24376429573118 1.6944821620974313
vertex 42.207155705489946 13.738113546358667 2.6995135483241626
endloop
endfacet
facet normal -0.2818992604887147 -2.289409517588991e-13 0.9594440092761617
outer loop
vertex 36.04900368498133 15.750037523376077 1.3137417310287598
vertex 42.207155705489946 13.738113546358667 2.6995135483241626
vertex 38.643908455283196 15.874881623727942 1.8976743600504806
endloop
endfacet
facet normal -0.21954048531677173 -2.307773494983132e-13 0.975603390372787
outer loop
vertex 38.643908455283196 15.874881623727942 1.8976743600504806
vertex 42.207155705489946 13.738113546358667 2.6995135483241626
vertex 42.207155705489946 16.332211215614684 2.6995135483247714
endloop
endfacet
facet normal 0.9881699482998334 3.6454559083201833e-14 -0.15336281582282155
outer loop
vertex 4.288798987061205 29.01450554091905 -40.21131184460218
vertex 5.198308364072242 38.97697956271891 -34.35102668201192
vertex 5.198308364072242 25.470042408530087 -34.351026682015124
endloop
endfacet
facet normal 0.9758131080484123 5.199246142731065e-14 -0.2186064458356561
outer loop
vertex 5.198308364072242 38.97697956271891 -34.35102668201192
vertex 4.288798987061205 29.01450554091905 -40.21131184460218
vertex 4.485827732232434 38.976979562720004 -38.941787130380085
endloop
endfacet
facet normal 0.9881699482998334 3.6454559083201833e-14 -0.15336281582282155
outer loop
vertex 4.485827732232434 38.976979562720004 -38.941787130380085
vertex 4.288798987061205 29.01450554091905 -40.21131184460218
vertex 4.288798987061205 38.9769795627203 -40.21131184459981
endloop
endfacet
facet normal 0.9881699482998334 3.6454559083201833e-14 -0.15336281582282155
outer loop
vertex 4.288798987061205 38.9769795627203 -40.21131184459981
vertex 4.288798987061205 29.01450554091905 -40.21131184460218
vertex 4.288798987061205 31.537600785821255 -40.21131184460157
endloop
endfacet
facet normal 0.9881699482998334 3.6454559083201833e-14 -0.15336281582282155
outer loop
vertex 4.288798987061205 38.9769795627203 -40.21131184459981
vertex 4.288798987061205 31.537600785821255 -40.21131184460157
vertex 4.288798987061205 35.553029943146896 -40.21131184460062
endloop
endfacet
facet normal -0.10868958783513863 -0.9938677598944066 0.020333453683562548
outer loop
vertex 99.67312693798937 13.758833987042365 2.414706574436957
vertex 96.37631458712855 14.09212481017246 0.7392176210209085
vertex 99.25954518781346 13.758833987042856 0.3469025142935278
endloop
endfacet
facet normal -0.10868958783513863 -0.9938677598944066 0.020333453683562548
outer loop
vertex 99.67312693798937 13.758833987042365 2.414706574436957
vertex 96.65733858619814 14.092124810171963 2.8246907130997725
vertex 96.37631458712855 14.09212481017246 0.7392176210209085
endloop
endfacet
facet normal 0.0023499639491828873 0.9999954193285019 -0.0019076140729173546
outer loop
vertex 120.52708403264552 38.99048074910729 -9.8237845565907
vertex 115.72762491343177 39.008778188069925 -6.305420662174327
vertex 116.86631173924432 39.0087781880695 -4.530524662983056
endloop
endfacet
facet normal 0.0022756577267543654 0.9999955146227872 -0.0019473356714722527
outer loop
vertex 121.87709556817751 38.9904807491069 -8.203805436615701
vertex 120.52708403264552 38.99048074910729 -9.8237845565907
vertex 116.86631173924432 39.0087781880695 -4.530524662983056
endloop
endfacet
facet normal 0.9043799306839689 -1.0082276430845743e-13 0.42672818160517534
outer loop
vertex 134.62711365679345 29.98371469170494 -23.099964031611318
vertex 134.62116511187548 32.134456419874496 -23.087357072725677
vertex 134.5454147441772 31.187749600465843 -22.926816674314615
endloop
endfacet
facet normal 0.9043799306839689 -1.0082276430845743e-13 0.42672818160517534
outer loop
vertex 134.62116511187548 32.134456419874496 -23.087357072725677
vertex 134.62711365679345 29.98371469170494 -23.099964031611318
vertex 134.81060598351195 33.001874571412316 -23.488845724623033
endloop
endfacet
facet normal 0.9043799306839689 -1.0082276430845743e-13 0.42672818160517534
outer loop
vertex 134.81060598351195 33.001874571412316 -23.488845724623033
vertex 134.62711365679345 29.98371469170494 -23.099964031611318
vertex 134.8989847966127 28.881709290887777 -23.676150028186164
endloop
endfacet
facet normal 0.9043799306839689 -1.0082276430845743e-13 0.42672818160517534
outer loop
vertex 134.81060598351195 33.001874571412316 -23.488845724623033
vertex 134.8989847966127 28.881709290887777 -23.676150028186164
vertex 135.09981676970307 33.76581729928968 -24.1017802390126
endloop
endfacet
facet normal 0.9043799306839689 -1.0082276430845743e-13 0.42672818160517534
outer loop
vertex 135.09981676970307 33.76581729928968 -24.1017802390126
vertex 134.8989847966127 28.881709290887777 -23.676150028186164
vertex 135.33107492033102 27.968143246462557 -24.591893709955393
endloop
endfacet
facet normal 0.9043799306839689 -1.0082276430845743e-13 0.42672818160517534
outer loop
vertex 135.09981676970307 33.76581729928968 -24.1017802390126
vertex 135.33107492033102 27.968143246462557 -24.591893709955393
vertex 135.47487688106523 34.40209784771702 -24.896658224900538
endloop
endfacet
facet normal 0.9043799306839689 -1.0082276430845743e-13 0.42672818160517534
outer loop
vertex 135.47487688106523 34.40209784771702 -24.896658224900538
vertex 135.33107492033102 27.968143246462557 -24.591893709955393
vertex 135.50085136105704 28.67233370678061 -24.951706847015657
endloop
endfacet
facet normal 0.9043799306839689 -1.0082276430845743e-13 0.42672818160517534
outer loop
vertex 135.50085136105704 28.67233370678061 -24.951706847015657
vertex 135.33107492033102 27.968143246462557 -24.591893709955393
vertex 135.5242023969768 28.293928038820336 -25.00119551253364
endloop
endfacet
facet normal 0.9043799306839689 -1.0082276430845743e-13 0.42672818160517534
outer loop
vertex 135.5242023969768 28.293928038820336 -25.00119551253364
vertex 135.33107492033102 27.968143246462557 -24.591893709955393
vertex 135.5780072022791 27.934020032340946 -25.11522591452585
endloop
endfacet
facet normal 0.9043799306839689 -1.0082276430845743e-13 0.42672818160517534
outer loop
vertex 135.5780072022791 27.934020032340946 -25.11522591452585
vertex 135.33107492033102 27.968143246462557 -24.591893709955393
vertex 135.65992771670184 27.59665281400875 -25.28884292026617
endloop
endfacet
facet normal 0.9043799306839689 -1.0082276430845743e-13 0.42672818160517534
outer loop
vertex 135.50085136105704 28.67233370678061 -24.951706847015657
vertex 135.9218657282148 34.88652946090472 -25.843977291292987
vertex 135.47487688106523 34.40209784771702 -24.896658224900538
endloop
endfacet
facet normal 0.9043799306839689 -1.0082276430845743e-13 0.42672818160517534
outer loop
vertex 135.9218657282148 34.88652946090472 -25.843977291292987
vertex 135.50085136105704 28.67233370678061 -24.951706847015657
vertex 135.58959205025212 29.640290285712812 -25.139778087216502
endloop
endfacet
facet normal 0.9043799306839689 -1.0082276430845743e-13 0.42672818160517534
outer loop
vertex 135.9218657282148 34.88652946090472 -25.843977291292987
vertex 135.58959205025212 29.640290285712812 -25.139778087216502
vertex 135.93232490992236 30.571910666398512 -25.8661438001757
endloop
endfacet
facet normal 0.9043799306839689 -1.0082276430845743e-13 0.42672818160517534
outer loop
vertex 135.9218657282148 34.88652946090472 -25.843977291292987
vertex 135.93232490992236 30.571910666398512 -25.8661438001757
vertex 136.42686272176817 35.19492538306313 -26.914235047196044
endloop
endfacet
facet normal 0.9043799306839689 -1.0082276430845743e-13 0.42672818160517534
outer loop
vertex 136.42686272176817 35.19492538306313 -26.914235047196044
vertex 135.93232490992236 30.571910666398512 -25.8661438001757
vertex 136.46849971328948 31.16742939738335 -27.002477776712205
endloop
endfacet
facet normal 0.9043799306839689 -1.0082276430845743e-13 0.42672818160517534
outer loop
vertex 136.42686272176817 35.19492538306313 -26.914235047196044
vertex 136.46849971328948 31.16742939738335 -27.002477776712205
vertex 136.89346047249782 35.286848385138754 -27.90311194741596
endloop
endfacet
facet normal 0.9303682544951194 -8.705884399071413e-14 0.36662639161373084
outer loop
vertex 136.89346047249782 35.286848385138754 -27.90311194741596
vertex 136.46849971328948 31.16742939738335 -27.002477776712205
vertex 136.89346047249782 31.259324777833378 -27.90311194741691
endloop
endfacet
facet normal 0.7421202258792063 0.6702667904207964 -6.79785021467567e-09
outer loop
vertex 86.9598327216619 21.080914520133916 3.2579998740411167
vertex 86.03520829499729 22.115992060226148 1.1492411255111523
vertex 86.03520831431402 22.115992060225647 3.2579998825111454
endloop
endfacet
facet normal 0.804727460764764 0.5936444338921197 -7.371364522368073e-09
outer loop
vertex 86.03520829499729 22.115992060226148 1.1492411255111523
vertex 86.9598327216619 21.080914520133916 3.2579998740411167
vertex 86.95983270234518 21.08091452013442 1.1492411170411236
endloop
endfacet
facet normal 0.4142393074223423 -0.9101666279426 0.0015828979294488011
outer loop
vertex 54.94429303250117 17.199037069428392 3.2580001673105468
vertex 51.44437575407506 15.602470906408417 1.1492414423703243
vertex 54.94429301318435 17.199037069428897 1.149241410310554
endloop
endfacet
facet normal 0.4142393074223423 -0.9101666279426 0.0015828979294488011
outer loop
vertex 54.94429303250117 17.199037069428392 3.2580001673105468
vertex 51.3933811290041 15.602470906407916 3.256871605271332
vertex 51.44437575407506 15.602470906408417 1.1492414423703243
endloop
endfacet
facet normal 0.031339840629977474 -0.999417453349761 0.013511784825322923
outer loop
vertex 30.98963804297935 12.976812120847207 -2.8003913342546265
vertex 30.128632745635446 12.976812120846747 -0.8754151335784512
vertex 29.990078574633458 12.937546285307254 -3.329706775737647
endloop
endfacet
facet normal 0.030426197303396716 -0.9994401155294987 0.013917686159593004
outer loop
vertex 30.128632745635446 12.976812120846747 -0.8754151335784512
vertex 29.08269249939001 12.937546285306803 -1.4292914568375257
vertex 29.990078574633458 12.937546285307254 -3.329706775737647
endloop
endfacet
facet normal -0.002516836725018503 0.9999955488405894 -0.0016024456022061618
outer loop
vertex 25.65871602881196 39.00822197227848 -5.623374287038532
vertex 20.74863376077373 38.98992453331583 -9.12752245656206
vertex 19.41243337987264 38.989924533315445 -7.496132853400365
endloop
endfacet
facet normal -0.002516836725018503 0.9999955488405894 -0.0016024456022061618
outer loop
vertex 25.65871602881196 39.00822197227848 -5.623374287038532
vertex 19.41243337987264 38.989924533315445 -7.496132853400365
vertex 24.55034945105525 39.00822197227805 -3.8293879368852966
endloop
endfacet
facet normal -0.13405295432072376 -0.981087643601027 -0.1396310889854775
outer loop
vertex 16.34589828608094 15.055853274345305 -13.251098891261165
vertex 14.805405611755855 15.055853274344962 -11.811048261743277
vertex 16.220444695310007 15.095614273031254 -13.404566763788782
endloop
endfacet
facet normal -0.176693897688995 -0.9657321714904653 -0.19010691588624945
outer loop
vertex 16.220444695310007 15.095614273031254 -13.404566763788782
vertex 14.805405611755855 15.055853274344962 -11.811048261743277
vertex 14.674130821432026 15.095614273030913 -11.971637230649682
endloop
endfacet
facet normal 0.868660464950725 -1.180679830716289e-13 0.4954079093349138
outer loop
vertex 133.6738602071288 19.10271734018833 -22.510383804791392
vertex 134.00543991089714 31.18774960046591 -23.213112245132457
vertex 133.6738602071288 38.97102372976843 -22.510383804786677
endloop
endfacet
facet normal 0.904379930683968 -1.0186850746290987e-13 0.4267281816051773
outer loop
vertex 134.00543991089714 31.18774960046591 -23.213112245132457
vertex 133.6738602071288 19.10271734018833 -22.510383804791392
vertex 134.08615143557742 29.983714691705007 -23.384166996710707
endloop
endfacet
facet normal 0.904379930683968 -1.0186850746290987e-13 0.4267281816051773
outer loop
vertex 134.08615143557742 29.983714691705007 -23.384166996710707
vertex 133.6738602071288 19.10271734018833 -22.510383804791392
vertex 135.63030355379345 20.96173678213694 -26.656742481145685
endloop
endfacet
facet normal 0.904379930683968 -1.0186850746290987e-13 0.4267281816051773
outer loop
vertex 134.08615143557742 29.983714691705007 -23.384166996710707
vertex 135.63030355379345 20.96173678213694 -26.656742481145685
vertex 134.35473682439948 28.881709290887844 -23.953389386504746
endloop
endfacet
facet normal 0.904379930683968 -1.0186850746290987e-13 0.4267281816051773
outer loop
vertex 134.35473682439948 28.881709290887844 -23.953389386504746
vertex 135.63030355379345 20.96173678213694 -26.656742481145685
vertex 134.78160483974784 27.968143246462624 -24.858065671721924
endloop
endfacet
facet normal 0.904379930683968 -1.0186850746290987e-13 0.4267281816051773
outer loop
vertex 134.78160483974784 27.968143246462624 -24.858065671721924
vertex 135.63030355379345 20.96173678213694 -26.656742481145685
vertex 135.10648322234212 27.59665281400881 -25.54659176818471
endloop
endfacet
facet normal 0.904379930683968 -1.0186850746290987e-13 0.4267281816051773
outer loop
vertex 135.10648322234212 27.59665281400881 -25.54659176818471
vertex 135.63030355379345 20.96173678213694 -26.656742481145685
vertex 135.37558830684577 30.57191066639857 -26.116915567176314
endloop
endfacet
facet normal 0.904379930683968 -1.0186850746290987e-13 0.4267281816051773
outer loop
vertex 135.37558830684577 30.57191066639857 -26.116915567176314
vertex 135.63030355379345 20.96173678213694 -26.656742481145685
vertex 135.90528306641 31.16742939738341 -27.239516160688453
endloop
endfacet
facet normal 0.904379930683968 -1.0186850746290987e-13 0.4267281816051773
outer loop
vertex 135.90528306641 31.16742939738341 -27.239516160688453
vertex 135.63030355379345 20.96173678213694 -26.656742481145685
vertex 136.32510788055555 21.865705330850457 -28.129265543747934
endloop
endfacet
facet normal 0.904379930683968 -1.0186850746290987e-13 0.4267281816051773
outer loop
vertex 135.90528306641 31.16742939738341 -27.239516160688453
vertex 136.32510788055555 21.865705330850457 -28.129265543747934
vertex 136.32510788055555 31.259324777833434 -28.1292655437457
endloop
endfacet
facet normal 0.904379930683968 -1.0186850746290987e-13 0.4267281816051773
outer loop
vertex 134.97239823709643 28.293928038820397 -25.262420778572107
vertex 135.03699761112927 29.640290285712872 -25.399328486870697
vertex 134.9493294146164 28.672333706780673 -25.21353021784815
endloop
endfacet
facet normal 0.904379930683968 -1.0186850746290987e-13 0.4267281816051773
outer loop
vertex 135.03699761112927 29.640290285712872 -25.399328486870697
vertex 134.97239823709643 28.293928038820397 -25.262420778572107
vertex 135.0255527740665 27.93402003234101 -25.37507304418958
endloop
endfacet
facet normal 0.904379930683968 -1.0186850746290987e-13 0.4267281816051773
outer loop
vertex 135.03699761112927 29.640290285712872 -25.399328486870697
vertex 135.0255527740665 27.93402003234101 -25.37507304418958
vertex 135.10648322234212 27.59665281400881 -25.54659176818471
endloop
endfacet
facet normal 0.904379930683968 -1.0186850746290987e-13 0.4267281816051773
outer loop
vertex 135.03699761112927 29.640290285712872 -25.399328486870697
vertex 135.10648322234212 27.59665281400881 -25.54659176818471
vertex 135.37558830684577 30.57191066639857 -26.116915567176314
endloop
endfacet
facet normal 0.904379930683968 -1.0186850746290987e-13 0.4267281816051773
outer loop
vertex 134.00543991089714 31.18774960046591 -23.213112245132457
vertex 134.14115214168154 38.97697956271632 -23.500731913014196
vertex 133.6738602071288 38.97102372976843 -22.510383804786677
endloop
endfacet
facet normal 0.904379930683968 -1.0186850746290987e-13 0.4267281816051773
outer loop
vertex 134.14115214168154 38.97697956271632 -23.500731913014196
vertex 134.00543991089714 31.18774960046591 -23.213112245132457
vertex 134.08027478294417 32.13445641987457 -23.371712401653557
endloop
endfacet
facet normal 0.904379930683968 -1.0186850746290987e-13 0.4267281816051773
outer loop
vertex 134.14115214168154 38.97697956271632 -23.500731913014196
vertex 134.08027478294417 32.13445641987457 -23.371712401653557
vertex 134.26742613045806 33.00187457141239 -23.768348785159517
endloop
endfacet
facet normal 0.904379930683968 -1.0186850746290987e-13 0.4267281816051773
outer loop
vertex 134.14115214168154 38.97697956271632 -23.500731913014196
vertex 134.26742613045806 33.00187457141239 -23.768348785159517
vertex 136.32510788055555 38.97697956271743 -28.129265543743873
endloop
endfacet
facet normal 0.9291445728658617 -8.809290220485971e-14 0.3697165978339562
outer loop
vertex 136.32510788055555 38.97697956271743 -28.129265543743873
vertex 134.26742613045806 33.00187457141239 -23.768348785159517
vertex 134.55314160401792 33.76581729928975 -24.373875561481935
endloop
endfacet
facet normal 0.9291445728658617 -8.809290220485971e-14 0.3697165978339562
outer loop
vertex 136.32510788055555 38.97697956271743 -28.129265543743873
vertex 134.55314160401792 33.76581729928975 -24.373875561481935
vertex 134.92366885420293 34.40209784771708 -25.159146896452754
endloop
endfacet
facet normal 0.9291445728658617 -8.809290220485971e-14 0.3697165978339562
outer loop
vertex 136.32510788055555 38.97697956271743 -28.129265543743873
vertex 134.92366885420293 34.40209784771708 -25.159146896452754
vertex 135.36525553159225 34.886529460904775 -26.095016955903862
endloop
endfacet
facet normal 0.9291445728658617 -8.809290220485971e-14 0.3697165978339562
outer loop
vertex 136.32510788055555 38.97697956271743 -28.129265543743873
vertex 135.36525553159225 34.886529460904775 -26.095016955903862
vertex 135.86414928676518 35.194925383063186 -27.152339905667073
endloop
endfacet
facet normal 0.9291445728658617 -8.809290220485971e-14 0.3697165978339562
outer loop
vertex 136.32510788055555 38.97697956271743 -28.129265543743873
vertex 135.86414928676518 35.194925383063186 -27.152339905667073
vertex 136.32510788055555 35.28684838513881 -28.12926554374475
endloop
endfacet
facet normal 0.0017481167724169553 0.9999957186089466 -0.0023466681755613433
outer loop
vertex 128.63906008731962 38.9546426014839 -18.50156330007702
vertex 124.85315991441108 38.97233220438411 -13.910196160399746
vertex 126.3936526494345 38.972332204383775 -12.470145595813774
endloop
endfacet
facet normal 0.0016664557482875758 0.9999958486330602 -0.00235066839101948
outer loop
vertex 130.34624957612175 38.954642601483606 -17.263674959172334
vertex 128.63906008731962 38.9546426014839 -18.50156330007702
vertex 126.3936526494345 38.972332204383775 -12.470145595813774
endloop
endfacet
facet normal 0.8444773181854172 -1.275424902315164e-13 0.5355913172096479
outer loop
vertex 132.94929067312955 18.554169484260846 -21.367940831484425
vertex 130.34624957612175 28.226600917613027 -17.26367495917488
vertex 130.34624957612175 16.980301940430124 -17.263674959177568
endloop
endfacet
facet normal 0.8344006259947094 -1.312897403770253e-13 0.5511584122007366
outer loop
vertex 130.34624957612175 28.226600917613027 -17.26367495917488
vertex 132.94929067312955 18.554169484260846 -21.367940831484425
vertex 130.378108758815 28.34391400541855 -17.31390795641704
endloop
endfacet
facet normal 0.8444773181854172 -1.275424902315164e-13 0.5355913172096479
outer loop
vertex 130.378108758815 28.34391400541855 -17.31390795641704
vertex 132.94929067312955 18.554169484260846 -21.367940831484425
vertex 130.51009952931662 29.09429961061266 -17.52202038900669
endloop
endfacet
facet normal 0.8444773181854172 -1.275424902315164e-13 0.5355913172096479
outer loop
vertex 130.51009952931662 29.09429961061266 -17.52202038900669
vertex 132.94929067312955 18.554169484260846 -21.367940831484425
vertex 130.57595954268723 29.861612707860807 -17.62586316180691
endloop
endfacet
facet normal 0.8444773181854172 -1.275424902315164e-13 0.5355913172096479
outer loop
vertex 130.57595954268723 29.861612707860807 -17.62586316180691
vertex 132.94929067312955 18.554169484260846 -21.367940831484425
vertex 131.4716029528109 38.94866021455096 -19.038041665691118
endloop
endfacet
facet normal 0.8444773181854172 -1.275424902315164e-13 0.5355913172096479
outer loop
vertex 131.4716029528109 38.94866021455096 -19.038041665691118
vertex 132.94929067312955 18.554169484260846 -21.367940831484425
vertex 133.6738602071288 38.97102372976843 -22.510383804786677
endloop
endfacet
facet normal 0.8762250035643785 -1.148829803721111e-13 0.48190221324310684
outer loop
vertex 133.6738602071288 38.97102372976843 -22.510383804786677
vertex 132.94929067312955 18.554169484260846 -21.367940831484425
vertex 133.6738602071288 19.10271734018833 -22.510383804791392
endloop
endfacet
facet normal 0.8334604640551422 -1.3173216624380716e-13 0.55257909375671
outer loop
vertex 130.35176584953763 32.17556983391416 -17.27237257549246
vertex 130.34624957612175 38.954642601483606 -17.263674959172334
vertex 130.35176584953763 32.17556983391416 -17.27237257549246
endloop
endfacet
facet normal 0.8095045492259492 -1.402553276366374e-13 0.5871136046647982
outer loop
vertex 130.34624957612175 38.954642601483606 -17.263674959172334
vertex 130.35176584953763 32.17556983391416 -17.27237257549246
vertex 131.4716029528109 38.94866021455096 -19.038041665691118
endloop
endfacet
facet normal 0.8444773181854172 -1.275424902315164e-13 0.5355913172096479
outer loop
vertex 131.4716029528109 38.94866021455096 -19.038041665691118
vertex 130.35176584953763 32.17556983391416 -17.27237257549246
vertex 130.37195530851284 32.150880972672724 -17.304205690823515
endloop
endfacet
facet normal 0.8444773181854172 -1.275424902315164e-13 0.5355913172096479
outer loop
vertex 131.4716029528109 38.94866021455096 -19.038041665691118
vertex 130.37195530851284 32.150880972672724 -17.304205690823515
vertex 130.44213077674738 31.759561185926227 -17.414852725816296
endloop
endfacet
facet normal 0.8444773181854172 -1.275424902315164e-13 0.5355913172096479
outer loop
vertex 131.4716029528109 38.94866021455096 -19.038041665691118
vertex 130.44213077674738 31.759561185926227 -17.414852725816296
vertex 130.506370507257 31.401340880794862 -17.51614076690039
endloop
endfacet
facet normal 0.8444773181854172 -1.275424902315164e-13 0.5355913172096479
outer loop
vertex 131.4716029528109 38.94866021455096 -19.038041665691118
vertex 130.506370507257 31.401340880794862 -17.51614076690039
vertex 130.55098661193313 30.90067366205937 -17.586487852848386
endloop
endfacet
facet normal 0.8444773181854172 -1.275424902315164e-13 0.5355913172096479
outer loop
vertex 131.4716029528109 38.94866021455096 -19.038041665691118
vertex 130.55098661193313 30.90067366205937 -17.586487852848386
vertex 130.57471034911595 30.634453704050507 -17.623893533840292
endloop
endfacet
facet normal 0.8444773181854172 -1.275424902315164e-13 0.5355913172096479
outer loop
vertex 131.4716029528109 38.94866021455096 -19.038041665691118
vertex 130.57471034911595 30.634453704050507 -17.623893533840292
vertex 130.57595954268723 29.861612707860807 -17.62586316180691
endloop
endfacet
facet normal -0.00016530531838707707 -2.373900130982829e-13 0.9999999863370757
outer loop
vertex 54.94429303250117 38.701542640331965 3.258000167315668
vertex 53.64411337830397 34.39759292448651 3.257586940109574
vertex 54.94429303250117 33.97688742079912 3.25800016731454
endloop
endfacet
facet normal -0.0003178231430472931 -2.3677409109414605e-13 0.9999999494942237
outer loop
vertex 53.64411337830397 34.39759292448651 3.257586940109574
vertex 54.94429303250117 38.701542640331965 3.258000167315668
vertex 52.21999144006315 34.68208953353869 3.2571343211762835
endloop
endfacet
facet normal -0.0003178231430472931 -2.3677409109414605e-13 0.9999999494942237
outer loop
vertex 52.21999144006315 34.68208953353869 3.2571343211762835
vertex 54.94429303250117 38.701542640331965 3.258000167315668
vertex 50.75225973166436 34.8084534065807 3.2566678420480386
endloop
endfacet
facet normal -0.0003178231430472931 -2.3677409109414605e-13 0.9999999494942237
outer loop
vertex 50.75225973166436 34.8084534065807 3.2566678420480386
vertex 54.94429303250117 38.701542640331965 3.258000167315668
vertex 48.44789025707915 34.88013714050024 3.2559354600618917
endloop
endfacet
facet normal -0.04371309713004539 -2.375677118057719e-13 0.9990441257218318
outer loop
vertex 48.44789025707915 34.88013714050024 3.2559354600618917
vertex 54.94429303250117 38.701542640331965 3.258000167315668
vertex 48.44789025707915 39.00773102619597 3.2559354600628847
endloop
endfacet
facet normal -0.04532991802063692 -2.3758865210724865e-13 0.9989720709470523
outer loop
vertex 48.44789025707915 39.00773102619597 3.2559354600628847
vertex 54.94429303250117 38.701542640331965 3.258000167315668
vertex 51.16100206101436 38.93933008605908 3.256797749827393
endloop
endfacet
facet normal -0.00031782314304608817 -2.388503588863261e-13 0.9999999494942237
outer loop
vertex 51.3933811290041 15.602470906407916 3.256871605271332
vertex 48.44789025707915 17.59289895666802 3.255935460057786
vertex 48.44789025707915 14.869316209593123 3.255935460057132
endloop
endfacet
facet normal -0.03813452272168958 -2.383553878691533e-13 0.9992726145435934
outer loop
vertex 48.44789025707915 17.59289895666802 3.255935460057786
vertex 51.3933811290041 15.602470906407916 3.256871605271332
vertex 54.94429303250117 17.199037069428392 3.2580001673105468
endloop
endfacet
facet normal -0.03813452272168958 -2.383553878691533e-13 0.9992726145435934
outer loop
vertex 48.44789025707915 17.59289895666802 3.255935460057786
vertex 54.94429303250117 17.199037069428392 3.2580001673105468
vertex 48.682014321558746 17.64646676927286 3.2560098701076243
endloop
endfacet
facet normal -0.00031782314304608817 -2.388503588863261e-13 0.9999999494942237
outer loop
vertex 48.682014321558746 17.64646676927286 3.2560098701076243
vertex 54.94429303250117 17.199037069428392 3.2580001673105468
vertex 52.23882505754947 19.09763319885734 3.257140306932364
endloop
endfacet
facet normal -0.00031782314304608817 -2.388503588863261e-13 0.9999999494942237
outer loop
vertex 52.23882505754947 19.09763319885734 3.257140306932364
vertex 54.94429303250117 17.199037069428392 3.2580001673105468
vertex 53.743552794906805 19.948380491228587 3.257618544255616
endloop
endfacet
facet normal -0.00031782314304608817 -2.388503588863261e-13 0.9999999494942237
outer loop
vertex 53.743552794906805 19.948380491228587 3.257618544255616
vertex 54.94429303250117 17.199037069428392 3.2580001673105468
vertex 54.94429303250117 20.89194254096431 3.258000167311427
endloop
endfacet
facet normal -0.8144596900057628 -1.3812858261704766e-13 0.580220142149268
outer loop
vertex 10.810433904576708 38.954104863033 -16.698112912030652
vertex 14.805405611755809 34.996581846650336 -11.81104826173854
vertex 14.805405611755809 38.97179446593317 -11.811048261737591
endloop
endfacet
facet normal -0.732226752778522 -1.6182567346303307e-13 0.6810609242317615
outer loop
vertex 14.805405611755809 34.996581846650336 -11.81104826173854
vertex 10.810433904576708 38.954104863033 -16.698112912030652
vertex 14.010528264859712 34.922311983029395 -12.783424856134419
endloop
endfacet
facet normal -0.7742317542533048 -1.5078284632239313e-13 0.6329021967933515
outer loop
vertex 14.010528264859712 34.922311983029395 -12.783424856134419
vertex 10.810433904576708 38.954104863033 -16.698112912030652
vertex 13.641194814755353 34.86513914829883 -13.235231922735775
endloop
endfacet
facet normal -0.7742317542533048 -1.5078284632239313e-13 0.6329021967933515
outer loop
vertex 13.641194814755353 34.86513914829883 -13.235231922735775
vertex 10.810433904576708 38.954104863033 -16.698112912030652
vertex 13.278937847618522 34.763544329728965 -13.67838229980491
endloop
endfacet
facet normal -0.7742317542533048 -1.5078284632239313e-13 0.6329021967933515
outer loop
vertex 13.278937847618522 34.763544329728965 -13.67838229980491
vertex 10.810433904576708 38.954104863033 -16.698112912030652
vertex 12.927668368263038 34.61862436702376 -14.108091639723423
endloop
endfacet
facet normal -0.7742317542533048 -1.5078284632239313e-13 0.6329021967933515
outer loop
vertex 12.927668368263038 34.61862436702376 -14.108091639723423
vertex 10.810433904576708 38.954104863033 -16.698112912030652
vertex 12.591178758202874 34.43194384754346 -14.519720707223687
endloop
endfacet
facet normal -0.7742317542533048 -1.5078284632239313e-13 0.6329021967933515
outer loop
vertex 12.591178758202874 34.43194384754346 -14.519720707223687
vertex 10.810433904576708 38.954104863033 -16.698112912030652
vertex 12.273101832273955 34.20551821467974 -14.908825465584744
endloop
endfacet
facet normal -0.7742317542533048 -1.5078284632239313e-13 0.6329021967933515
outer loop
vertex 12.273101832273955 34.20551821467974 -14.908825465584744
vertex 10.810433904576708 38.954104863033 -16.698112912030652
vertex 11.976871617982178 33.94179200869189 -15.271205055410798
endloop
endfacet
facet normal -0.7742317542533048 -1.5078284632239313e-13 0.6329021967933515
outer loop
vertex 11.976871617982178 33.94179200869189 -15.271205055410798
vertex 10.810433904576708 38.954104863033 -16.698112912030652
vertex 11.705686280992019 33.64361247491959 -15.602947148027175
endloop
endfacet
facet normal -0.7742317542533048 -1.5078284632239313e-13 0.6329021967933515
outer loop
vertex 11.705686280992019 33.64361247491959 -15.602947148027175
vertex 10.810433904576708 38.954104863033 -16.698112912030652
vertex 11.462473597040418 33.31419882430442 -15.900470183824192
endloop
endfacet
facet normal -0.7742317542533048 -1.5078284632239313e-13 0.6329021967933515
outer loop
vertex 11.462473597040418 33.31419882430442 -15.900470183824192
vertex 10.810433904576708 38.954104863033 -16.698112912030652
vertex 11.249859343032986 32.95710747809026 -16.160562039554062
endloop
endfacet
facet normal -0.7742317542533048 -1.5078284632239313e-13 0.6329021967933515
outer loop
vertex 11.249859343032986 32.95710747809026 -16.160562039554062
vertex 10.810433904576708 38.954104863033 -16.698112912030652
vertex 11.070138948584272 32.5761936719278 -16.380414707113342
endloop
endfacet
facet normal -0.7742317542533048 -1.5078284632239313e-13 0.6329021967933515
outer loop
vertex 11.070138948584272 32.5761936719278 -16.380414707113342
vertex 10.810433904576708 38.954104863033 -16.698112912030652
vertex 10.925252714068629 32.17556983391394 -16.55765460939938
endloop
endfacet
facet normal -0.7742317542533048 -1.5078284632239313e-13 0.6329021967933515
outer loop
vertex 10.925252714068629 32.17556983391394 -16.55765460939938
vertex 10.810433904576708 38.954104863033 -16.698112912030652
vertex 10.901014205921834 32.15088097267252 -16.587305672040788
endloop
endfacet
facet normal -0.7742317542533048 -1.5078284632239313e-13 0.6329021967933515
outer loop
vertex 10.901014205921834 32.15088097267252 -16.587305672040788
vertex 10.810433904576708 38.954104863033 -16.698112912030652
vertex 10.816764862707789 31.75956118592601 -16.69036822597382
endloop
endfacet
facet normal -0.7742317542533048 -1.5078284632239313e-13 0.6329021967933515
outer loop
vertex 10.816764862707789 31.75956118592601 -16.69036822597382
vertex 10.810433904576708 38.954104863033 -16.698112912030652
vertex 10.810433904576708 31.730155269022376 -16.698112912032364
endloop
endfacet
facet normal -0.7742317542533041 -1.5062890135069676e-13 0.6329021967933522
outer loop
vertex 14.734038441130147 21.282447507801308 -11.89835200312488
vertex 14.805405611755855 15.055853274344962 -11.811048261743277
vertex 14.805405611755855 21.207449826178504 -11.81104826174181
endloop
endfacet
facet normal -0.7250210703866805 -1.6442426136100328e-13 0.6887266856274353
outer loop
vertex 14.805405611755855 15.055853274344962 -11.811048261743277
vertex 14.734038441130147 21.282447507801308 -11.89835200312488
vertex 14.674130821432026 15.095614273030913 -11.971637230649682
endloop
endfacet
facet normal -0.7742317542533041 -1.5062890135069676e-13 0.6329021967933522
outer loop
vertex 14.674130821432026 15.095614273030913 -11.971637230649682
vertex 14.734038441130147 21.282447507801308 -11.89835200312488
vertex 14.056643616478057 22.10843369759509 -12.727011764569188
endloop
endfacet
facet normal -0.7742317542533041 -1.5062890135069676e-13 0.6329021967933522
outer loop
vertex 14.674130821432026 15.095614273030913 -11.971637230649682
vertex 14.056643616478057 22.10843369759509 -12.727011764569188
vertex 10.810433904576708 17.041462671105652 -16.698112912035864
endloop
endfacet
facet normal -0.8068799132284064 -1.405568580961697e-13 0.590715503121866
outer loop
vertex 10.810433904576708 17.041462671105652 -16.698112912035864
vertex 14.056643616478057 22.10843369759509 -12.727011764569188
vertex 13.429106565307748 22.986434915843702 -13.49468031501514
endloop
endfacet
facet normal -0.8068799132284064 -1.405568580961697e-13 0.590715503121866
outer loop
vertex 10.810433904576708 17.041462671105652 -16.698112912035864
vertex 13.429106565307748 22.986434915843702 -13.49468031501514
vertex 12.854351444334847 23.91235990904454 -14.197780522016124
endloop
endfacet
facet normal -0.8068799132284064 -1.405568580961697e-13 0.590715503121866
outer loop
vertex 10.810433904576708 17.041462671105652 -16.698112912035864
vertex 12.854351444334847 23.91235990904454 -14.197780522016124
vertex 12.33505646043768 24.88189411157664 -14.833036124531832
endloop
endfacet
facet normal -0.8068799132284064 -1.405568580961697e-13 0.590715503121866
outer loop
vertex 10.810433904576708 17.041462671105652 -16.698112912035864
vertex 12.33505646043768 24.88189411157664 -14.833036124531832
vertex 11.702754091912606 26.23415675811015 -15.60653410649781
endloop
endfacet
facet normal -0.8068799132284064 -1.405568580961697e-13 0.590715503121866
outer loop
vertex 10.810433904576708 17.041462671105652 -16.698112912035864
vertex 11.702754091912606 26.23415675811015 -15.60653410649781
vertex 11.129127796772616 27.621604001970816 -16.308253416403847
endloop
endfacet
facet normal -0.8068799132284064 -1.405568580961697e-13 0.590715503121866
outer loop
vertex 10.810433904576708 17.041462671105652 -16.698112912035864
vertex 11.129127796772616 27.621604001970816 -16.308253416403847
vertex 10.893626664954807 28.34391400541833 -16.59634288005187
endloop
endfacet
facet normal -0.8068799132284064 -1.405568580961697e-13 0.590715503121866
outer loop
vertex 10.810433904576708 17.041462671105652 -16.698112912035864
vertex 10.893626664954807 28.34391400541833 -16.59634288005187
vertex 10.810433904576708 28.737867774636275 -16.69811291203309
endloop
endfacet
facet normal -0.4081876266624743 -2.1752743834479826e-13 0.912898056433278
outer loop
vertex 30.128632745635446 39.0265043837111 -0.8754151335722022
vertex 29.392375663004945 35.37128569906667 -1.2652991325536447
vertex 30.128632745635446 35.354683717021494 -0.8754151335730821
endloop
endfacet
facet normal -0.4679822570770599 -2.1077269848778074e-13 0.8837378610544309
outer loop
vertex 29.392375663004945 35.37128569906667 -1.2652991325536447
vertex 30.128632745635446 39.0265043837111 -0.8754151335722022
vertex 24.55034945105525 35.37189043456883 -3.8293879368861763
endloop
endfacet
facet normal -0.5255974348347259 -2.0311274770783832e-13 0.8507334109432614
outer loop
vertex 24.55034945105525 35.37189043456883 -3.8293879368861763
vertex 30.128632745635446 39.0265043837111 -0.8754151335722022
vertex 24.55034945105525 39.00822197227805 -3.8293879368852966
endloop
endfacet
facet normal -0.5254969843191417 -2.031271714068412e-13 0.8507954627708635
outer loop
vertex 24.55034945105525 39.00822197227805 -3.8293879368852966
vertex 30.128632745635446 39.0265043837111 -0.8754151335722022
vertex 25.243400818682147 39.01049526397507 -3.462383469174257
endloop
endfacet
facet normal -0.40958108710771246 -2.184779514242523e-13 0.9122737160982247
outer loop
vertex 30.128632745635446 12.976812120846747 -0.8754151335784512
vertex 24.55034945105525 13.213030607771747 -3.829387936891455
vertex 29.08269249939001 12.937546285306803 -1.4292914568375257
endloop
endfacet
facet normal -0.5236669216594234 -2.0331650670687185e-13 0.8519230922798978
outer loop
vertex 24.55034945105525 13.213030607771747 -3.829387936891455
vertex 30.128632745635446 12.976812120846747 -0.8754151335784512
vertex 30.128632745635446 15.769103317682758 -0.8754151335777971
endloop
endfacet
facet normal -0.5236669216594234 -2.0331650670687185e-13 0.8519230922798978
outer loop
vertex 24.55034945105525 13.213030607771747 -3.829387936891455
vertex 30.128632745635446 15.769103317682758 -0.8754151335777971
vertex 29.175103641607556 15.836996907840641 -1.3803552543497528
endloop
endfacet
facet normal -0.5236669216594234 -2.0331650670687185e-13 0.8519230922798978
outer loop
vertex 24.55034945105525 13.213030607771747 -3.829387936891455
vertex 29.175103641607556 15.836996907840641 -1.3803552543497528
vertex 27.251603031599007 16.07071165890375 -2.3989425488748677
endloop
endfacet
facet normal -0.5236669216594234 -2.0331650670687185e-13 0.8519230922798978
outer loop
vertex 24.55034945105525 13.213030607771747 -3.829387936891455
vertex 27.251603031599007 16.07071165890375 -2.3989425488748677
vertex 26.32086836645858 16.21140776339478 -2.891811903609272
endloop
endfacet
facet normal -0.5236669216594234 -2.0331650670687185e-13 0.8519230922798978
outer loop
vertex 24.55034945105525 13.213030607771747 -3.829387936891455
vertex 26.32086836645858 16.21140776339478 -2.891811903609272
vertex 24.55034945105525 16.53898705929162 -3.8293879368906656
endloop
endfacet
facet normal -0.03269560029491958 -0.9994541750149863 -0.0047275539624501975
outer loop
vertex 42.5325555581001 35.08222552775139 0.6160120649735447
vertex 42.207155705489946 35.08222552775089 2.6995135483292385
vertex 40.9215886298728 35.137544717967224 0.2534954268167636
endloop
endfacet
facet normal -0.03204172127314144 -0.9994722528966774 -0.005342638626583546
outer loop
vertex 42.207155705489946 35.08222552775089 2.6995135483292385
vertex 40.52143794785443 35.137544717966726 2.320175696216013
vertex 40.9215886298728 35.137544717967224 0.2534954268167636
endloop
endfacet
facet normal 0.14973232352411933 -0.9811428138943606 -0.12222524303728965
outer loop
vertex 121.87709556817751 13.809058705580092 -8.203805436621678
vertex 119.05423554872517 13.437732641688665 -8.74407603131188
vertex 120.52708403264552 13.80905870558048 -9.823784556596678
endloop
endfacet
facet normal 0.14973232352411933 -0.9811428138943606 -0.12222524303728965
outer loop
vertex 121.87709556817751 13.809058705580092 -8.203805436621678
vertex 120.33939617697901 13.437732641688267 -7.076556327071073
vertex 119.05423554872517 13.437732641688665 -8.74407603131188
endloop
endfacet
facet normal 0.12825784526172299 0.9914440339597829 -0.024262165080073547
outer loop
vertex 99.25954518781346 16.35623750801791 0.34690251429415947
vertex 97.52669093874542 16.588507862790635 0.5826883371501702
vertex 97.86060397903846 16.58850786279014 2.661111685622097
endloop
endfacet
facet normal 0.12523985588063674 0.9917675190190046 -0.026686451953861528
outer loop
vertex 99.67312693798937 16.35623750801742 2.414706574437589
vertex 99.25954518781346 16.35623750801791 0.34690251429415947
vertex 97.86060397903846 16.58850786279014 2.661111685622097
endloop
endfacet
facet normal 0.4270524281744625 -0.9042268096797629 -0.00031661751948209427
outer loop
vertex 86.95983270234518 33.89165708642862 1.1492411170441916
vertex 85.88545640711047 33.383967513162595 3.2579998838856197
vertex 85.88545638779375 33.3839675131631 1.1492411268855813
endloop
endfacet
facet normal 0.4933116417750505 -0.8698526450435179 -4.519065577241834e-09
outer loop
vertex 85.88545640711047 33.383967513162595 3.2579998838856197
vertex 86.95983270234518 33.89165708642862 1.1492411170441916
vertex 86.9598327216619 33.891657086428125 3.2579998740441845
endloop
endfacet
facet normal 0.14361351698034863 0.9856324517302212 0.08890347482977376
outer loop
vertex 25.65871602881196 16.538987059292047 -5.623374287043902
vertex 25.591430512303702 16.55313031072769 -5.671393527178139
vertex 24.479941804552833 16.553130310727266 -3.8796353283076526
endloop
endfacet
facet normal 0.14361351698034863 0.9856324517302212 0.08890347482977376
outer loop
vertex 25.65871602881196 16.538987059292047 -5.623374287043902
vertex 24.479941804552833 16.553130310727266 -3.8796353283076526
vertex 24.55034945105525 16.53898705929162 -3.8293879368906656
endloop
endfacet
facet normal 0.06026080079052292 0.9981826665936876 -5.517667184958447e-10
outer loop
vertex 66.11217783446622 36.792747265958944 3.2580000650145933
vertex 67.75050888884866 36.76330270809581 1.1492412930070546
vertex 66.11217781514951 36.79274726595945 1.1492413080145778
endloop
endfacet
facet normal 0.017969386130602723 0.9998385375459826 -1.643662696503505e-10
outer loop
vertex 67.75050888884866 36.76330270809581 1.1492412930070546
vertex 66.11217783446622 36.792747265958944 3.2580000650145933
vertex 67.75050890816547 36.76330270809531 3.2580000500070927
endloop
endfacet
facet normal -9.160252792058658e-09 2.37189234041962e-13 -1.0
outer loop
vertex 86.95983270234518 38.68913054573472 1.1492411170453196
vertex 87.1076992190074 33.961530492656216 1.149241115689683
vertex 86.95983270234518 33.89165708642862 1.1492411170441916
endloop
endfacet
facet normal -9.160252792058658e-09 2.37189234041962e-13 -1.0
outer loop
vertex 87.1076992190074 33.961530492656216 1.149241115689683
vertex 86.95983270234518 38.68913054573472 1.1492411170453196
vertex 88.43598573618387 34.39759294815372 1.1492411035223622
endloop
endfacet
facet normal -9.160252792058658e-09 2.37189234041962e-13 -1.0
outer loop
vertex 88.43598573618387 34.39759294815372 1.1492411035223622
vertex 86.95983270234518 38.68913054573472 1.1492411170453196
vertex 89.83965585985426 34.68208953903723 1.149241090664443
endloop
endfacet
facet normal -9.160252792058658e-09 2.37189234041962e-13 -1.0
outer loop
vertex 89.83965585985426 34.68208953903723 1.149241090664443
vertex 86.95983270234518 38.68913054573472 1.1492411170453196
vertex 91.28630947379112 34.80845339303705 1.1492410774127662
endloop
endfacet
facet normal -9.160252792058658e-09 2.37189234041962e-13 -1.0
outer loop
vertex 91.28630947379112 34.80845339303705 1.1492410774127662
vertex 86.95983270234518 38.68913054573472 1.1492411170453196
vertex 93.36294064017726 34.87399394458972 1.14924105839031
endloop
endfacet
facet normal -0.06615737124429773 2.374298555419528e-13 -0.9978092013155843
outer loop
vertex 93.36294064017726 34.87399394458972 1.14924105839031
vertex 86.95983270234518 38.68913054573472 1.1492411170453196
vertex 93.36294064017726 39.00275227754139 1.1492410583912802
endloop
endfacet
facet normal -0.06870819817504513 2.374182767995471e-13 -0.9976367993932155
outer loop
vertex 93.36294064017726 39.00275227754139 1.1492410583912802
vertex 86.95983270234518 38.68913054573472 1.1492411170453196
vertex 90.88343709286562 38.939330076593265 1.14924108110417
endloop
endfacet
facet normal -9.160249455242272e-09 2.3800450083127145e-13 -1.0
outer loop
vertex 85.81150703292793 17.811663541225556 1.1492411275593053
vertex 86.95983270234518 21.08091452013442 1.1492411170411236
vertex 86.95983270234518 17.28782889302489 1.1492411170402212
endloop
endfacet
facet normal -9.160249455242272e-09 2.3800450083127145e-13 -1.0
outer loop
vertex 86.95983270234518 21.08091452013442 1.1492411170411236
vertex 85.81150703292793 17.811663541225556 1.1492411275593053
vertex 82.23346177661426 20.797680643970487 1.1492411603357982
endloop
endfacet
facet normal -9.160249455242272e-09 2.3800450083127145e-13 -1.0
outer loop
vertex 86.95983270234518 21.08091452013442 1.1492411170411236
vertex 82.23346177661426 20.797680643970487 1.1492411603357982
vertex 80.59728630925524 23.575976019083747 1.149241175324236
endloop
endfacet
facet normal -9.160249455242272e-09 2.3800450083127145e-13 -1.0
outer loop
vertex 86.95983270234518 21.08091452013442 1.1492411170411236
vertex 80.59728630925524 23.575976019083747 1.149241175324236
vertex 86.03520829499729 22.115992060226148 1.1492411255111523
endloop
endfacet
facet normal -9.160249455242272e-09 2.3800450083127145e-13 -1.0
outer loop
vertex 86.03520829499729 22.115992060226148 1.1492411255111523
vertex 80.59728630925524 23.575976019083747 1.149241175324236
vertex 85.27693072635076 23.375088126427947 1.1492411324574743
endloop
endfacet
facet normal -9.160249455242272e-09 2.3800450083127145e-13 -1.0
outer loop
vertex 85.27693072635076 23.375088126427947 1.1492411324574743
vertex 80.59728630925524 23.575976019083747 1.149241175324236
vertex 83.89446389892267 26.29912635413025 1.1492411451218987
endloop
endfacet
facet normal -9.160249455242272e-09 2.3800450083127145e-13 -1.0
outer loop
vertex 83.89446389892267 26.29912635413025 1.1492411451218987
vertex 80.59728630925524 23.575976019083747 1.149241175324236
vertex 80.55672476451305 23.660797111530385 1.1492411756958172
endloop
endfacet
facet normal -9.160249455242272e-09 2.3800450083127145e-13 -1.0
outer loop
vertex 83.89446389892267 26.29912635413025 1.1492411451218987
vertex 80.55672476451305 23.660797111530385 1.1492411756958172
vertex 83.51303697128614 27.33195856048053 1.1492411486161302
endloop
endfacet
facet normal -9.160249455242272e-09 2.3800450083127145e-13 -1.0
outer loop
vertex 83.51303697128614 27.33195856048053 1.1492411486161302
vertex 80.55672476451305 23.660797111530385 1.1492411756958172
vertex 80.55672476451305 37.68742636063573 1.149241175699156
endloop
endfacet
facet normal -9.160249455242272e-09 2.3800450083127145e-13 -1.0
outer loop
vertex 83.51303697128614 27.33195856048053 1.1492411486161302
vertex 80.55672476451305 37.68742636063573 1.149241175699156
vertex 83.31428496085208 28.39164982622573 1.1492411504370166
endloop
endfacet
facet normal -9.160249455242272e-09 2.3800450083127145e-13 -1.0
outer loop
vertex 83.31428496085208 28.39164982622573 1.1492411504370166
vertex 80.55672476451305 37.68742636063573 1.149241175699156
vertex 83.30140792166304 29.461138339822593 1.149241150555207
endloop
endfacet
facet normal -9.160249455242272e-09 2.3800450083127145e-13 -1.0
outer loop
vertex 83.30140792166304 29.461138339822593 1.149241150555207
vertex 80.55672476451305 37.68742636063573 1.149241175699156
vertex 83.47461318355305 30.52320454680216 1.1492411489688743
endloop
endfacet
facet normal -9.160249455242272e-09 2.3800450083127145e-13 -1.0
outer loop
vertex 83.47461318355305 30.52320454680216 1.1492411489688743
vertex 80.55672476451305 37.68742636063573 1.149241175699156
vertex 83.79299559234025 31.34848800081991 1.1492411460526004
endloop
endfacet
facet normal -9.160249455242272e-09 2.3800450083127145e-13 -1.0
outer loop
vertex 83.79299559234025 31.34848800081991 1.1492411460526004
vertex 80.55672476451305 37.68742636063573 1.149241175699156
vertex 84.31374055279224 32.11728179628436 1.1492411412826158
endloop
endfacet
facet normal -9.160249455242272e-09 2.3800450083127145e-13 -1.0
outer loop
vertex 84.31374055279224 32.11728179628436 1.1492411412826158
vertex 80.55672476451305 37.68742636063573 1.149241175699156
vertex 85.01919780114574 32.8035282382743 1.1492411348206286
endloop
endfacet
facet normal -9.160249455242272e-09 2.3800450083127145e-13 -1.0
outer loop
vertex 85.01919780114574 32.8035282382743 1.1492411348206286
vertex 80.55672476451305 37.68742636063573 1.149241175699156
vertex 85.88545638779375 33.3839675131631 1.1492411268855813
endloop
endfacet
facet normal -9.160249455242272e-09 2.3800450083127145e-13 -1.0
outer loop
vertex 85.88545638779375 33.3839675131631 1.1492411268855813
vertex 80.55672476451305 37.68742636063573 1.149241175699156
vertex 86.95983270234518 33.89165708642862 1.1492411170441916
endloop
endfacet
facet normal -9.160249455242272e-09 2.3800450083127145e-13 -1.0
outer loop
vertex 86.95983270234518 33.89165708642862 1.1492411170441916
vertex 80.55672476451305 37.68742636063573 1.149241175699156
vertex 86.95983270234518 38.68913054573472 1.1492411170453196
endloop
endfacet
facet normal -9.160249455242272e-09 2.3800450083127145e-13 -1.0
outer loop
vertex 86.95983270234518 38.68913054573472 1.1492411170453196
vertex 80.55672476451305 37.68742636063573 1.149241175699156
vertex 80.70198598656573 37.72415847718282 1.149241174368493
endloop
endfacet
facet normal -9.160249455242272e-09 2.3800450083127145e-13 -1.0
outer loop
vertex 86.95983270234518 38.68913054573472 1.1492411170453196
vertex 80.70198598656573 37.72415847718282 1.149241174368493
vertex 82.62182784173464 38.15179192005214 1.1492411567823697
endloop
endfacet
facet normal -9.160249455242272e-09 2.3800450083127145e-13 -1.0
outer loop
vertex 86.95983270234518 38.68913054573472 1.1492411170453196
vertex 82.62182784173464 38.15179192005214 1.1492411567823697
vertex 86.45584392762746 38.656992308000895 1.1492411216619882
endloop
endfacet
facet normal 0.03446186015906085 -0.9957216055678724 -0.08573718213071606
outer loop
vertex 136.89346047249782 31.259324777833378 -27.90311194741691
vertex 135.90528306641 31.16742939738341 -27.239516160688453
vertex 136.32510788055555 31.259324777833434 -28.1292655437457
endloop
endfacet
facet normal 0.03446186015906085 -0.9957216055678724 -0.08573718213071606
outer loop
vertex 136.89346047249782 31.259324777833378 -27.90311194741691
vertex 136.46849971328948 31.16742939738335 -27.002477776712205
vertex 135.90528306641 31.16742939738341 -27.239516160688453
endloop
endfacet
facet normal 0.18705982214210115 -0.9496960614912628 -0.2511692929642254
outer loop
vertex 130.34624957612175 16.980301940430124 -17.263674959177568
vertex 125.09265052561764 15.095614273031423 -14.200639455879388
vertex 128.63906008731962 16.980301940430433 -18.501563300082253
endloop
endfacet
facet normal 0.18705982214210115 -0.9496960614912628 -0.2511692929642254
outer loop
vertex 130.34624957612175 16.980301940430124 -17.263674959177568
vertex 126.64368825803271 15.095614273031082 -12.773377383409239
vertex 125.09265052561764 15.095614273031423 -14.200639455879388
endloop
endfacet
facet normal 0.037597801395569945 2.393310637811872e-13 -0.9992929527071724
outer loop
vertex 48.54118507535218 17.592898956668524 1.1492414689647739
vertex 51.44437575407506 15.602470906408417 1.1492414423703243
vertex 48.54118507535218 14.869316209593622 1.1492414689641197
endloop
endfacet
facet normal -9.160253522054889e-09 2.393192513786021e-13 -1.0
outer loop
vertex 51.44437575407506 15.602470906408417 1.1492414423703243
vertex 48.54118507535218 17.592898956668524 1.1492414689647739
vertex 54.94429301318435 17.199037069428897 1.149241410310554
endloop
endfacet
facet normal -9.160253522054889e-09 2.393192513786021e-13 -1.0
outer loop
vertex 54.94429301318435 17.199037069428897 1.149241410310554
vertex 48.54118507535218 17.592898956668524 1.1492414689647739
vertex 48.77194688423797 17.64646676927336 1.149241466850927
endloop
endfacet
facet normal -9.160253522054889e-09 2.393192513786021e-13 -1.0
outer loop
vertex 54.94429301318435 17.199037069428897 1.149241410310554
vertex 48.77194688423797 17.64646676927336 1.149241466850927
vertex 52.27767826270994 19.097633198857846 1.1492414347378932
endloop
endfacet
facet normal -9.160253522054889e-09 2.393192513786021e-13 -1.0
outer loop
vertex 54.94429301318435 17.199037069428897 1.149241410310554
vertex 52.27767826270994 19.097633198857846 1.1492414347378932
vertex 53.76079660564894 19.948380491229088 1.1492414211523325
endloop
endfacet
facet normal -9.160253522054889e-09 2.393192513786021e-13 -1.0
outer loop
vertex 54.94429301318435 17.199037069428897 1.149241410310554
vertex 53.76079660564894 19.948380491229088 1.1492414211523325
vertex 54.94429301318435 20.891942540964813 1.149241410311434
endloop
endfacet
facet normal -9.16025255614847e-09 2.3643164377576834e-13 -1.0
outer loop
vertex 53.66278523846708 34.397592924487014 1.1492414220535938
vertex 54.94429301318435 38.70154264033247 1.149241410315675
vertex 54.94429301318435 33.97688742079962 1.149241410314547
endloop
endfacet
facet normal -9.16025255614847e-09 2.3643164377576834e-13 -1.0
outer loop
vertex 54.94429301318435 38.70154264033247 1.149241410315675
vertex 53.66278523846708 34.397592924487014 1.1492414220535938
vertex 52.259115114796536 34.682089533539184 1.1492414349116482
endloop
endfacet
facet normal -9.16025255614847e-09 2.3643164377576834e-13 -1.0
outer loop
vertex 54.94429301318435 38.70154264033247 1.149241410315675
vertex 52.259115114796536 34.682089533539184 1.1492414349116482
vertex 50.812461500859236 34.8084534065812 1.1492414481633701
endloop
endfacet
facet normal -9.16025255614847e-09 2.3643164377576834e-13 -1.0
outer loop
vertex 54.94429301318435 38.70154264033247 1.149241410315675
vertex 50.812461500859236 34.8084534065812 1.1492414481633701
vertex 48.54118507535218 34.88013714050074 1.14924146896888
endloop
endfacet
facet normal -9.16025255614847e-09 2.3643164377576834e-13 -1.0
outer loop
vertex 54.94429301318435 38.70154264033247 1.149241410315675
vertex 48.54118507535218 34.88013714050074 1.14924146896888
vertex 48.54118507535218 39.00773102619647 1.1492414689698724
endloop
endfacet
facet normal -9.16025255614847e-09 2.3643164377576834e-13 -1.0
outer loop
vertex 54.94429301318435 38.70154264033247 1.149241410315675
vertex 48.54118507535218 39.00773102619647 1.1492414689698724
vertex 51.21533388178537 38.93933008605958 1.1492414444739516
endloop
endfacet
facet normal 0.38994200337755514 0.8204537454685937 0.41809195824418177
outer loop
vertex 16.34589828608094 21.20744982617885 -13.251098891259698
vertex 16.277695794223433 21.282447507801653 -13.334531268620369
vertex 14.734038441130147 21.282447507801308 -11.89835200312488
endloop
endfacet
facet normal 0.38994200337755514 0.8204537454685937 0.41809195824418177
outer loop
vertex 16.34589828608094 21.20744982617885 -13.251098891259698
vertex 14.734038441130147 21.282447507801308 -11.89835200312488
vertex 14.805405611755855 21.207449826178504 -11.81104826174181
endloop
endfacet
facet normal 0.05946741509081978 0.9978603582990099 0.027172263022937904
outer loop
vertex 30.98963804297935 15.76910331768321 -2.8003913342539724
vertex 30.078391872181626 15.836996907841092 -3.282940581667599
vertex 29.175103641607556 15.836996907840641 -1.3803552543497528
endloop
endfacet
facet normal 0.05946741509081978 0.9978603582990099 0.027172263022937904
outer loop
vertex 30.98963804297935 15.76910331768321 -2.8003913342539724
vertex 29.175103641607556 15.836996907840641 -1.3803552543497528
vertex 30.128632745635446 15.769103317682758 -0.8754151335777971
endloop
endfacet
facet normal 0.281810980492367 2.2890134548979386e-13 -0.9594699428715475
outer loop
vertex 36.64747829703404 15.750037523376557 -0.7083096120267522
vertex 38.264401678855066 13.243764295731665 -0.3444525903442006
vertex 36.64747829703404 13.186227482027412 -0.7083096120273614
endloop
endfacet
facet normal 0.21954048531677292 2.310671523276239e-13 -0.9756033903727865
outer loop
vertex 38.264401678855066 13.243764295731665 -0.3444525903442006
vertex 36.64747829703404 15.750037523376557 -0.7083096120267522
vertex 42.5325555581001 13.738113546359164 0.6160120649684687
endloop
endfacet
facet normal 0.15901436046546666 2.351761642122171e-13 -0.987276269929425
outer loop
vertex 42.5325555581001 13.738113546359164 0.6160120649684687
vertex 36.64747829703404 15.750037523376557 -0.7083096120267522
vertex 39.12731559359266 15.874881623728433 -0.15027067021343166
endloop
endfacet
facet normal 0.15901436046546666 2.351761642122171e-13 -0.987276269929425
outer loop
vertex 42.5325555581001 13.738113546359164 0.6160120649684687
vertex 39.12731559359266 15.874881623728433 -0.15027067021343166
vertex 42.5325555581001 16.33221121561518 0.6160120649690778
endloop
endfacet
facet normal 0.21954048531676987 2.3179165922645647e-13 -0.9756033903727873
outer loop
vertex 40.9215886298728 35.137544717967224 0.2534954268167636
vertex 42.5325555581001 39.0560723300776 0.6160120649744921
vertex 42.5325555581001 35.08222552775139 0.6160120649735447
endloop
endfacet
facet normal 0.1542291591785624 2.349643261647672e-13 -0.9880351038597129
outer loop
vertex 42.5325555581001 39.0560723300776 0.6160120649744921
vertex 40.9215886298728 35.137544717967224 0.2534954268167636
vertex 36.64747829703404 35.22889808957718 -0.708309612022105
endloop
endfacet
facet normal 0.1542291591785624 2.349643261647672e-13 -0.9880351038597129
outer loop
vertex 42.5325555581001 39.0560723300776 0.6160120649744921
vertex 36.64747829703404 35.22889808957718 -0.708309612022105
vertex 36.64747829703404 39.044601681410334 -0.7083096120212026
endloop
endfacet
facet normal 6.009644909813977e-16 1.0 2.3380569326053923e-13
outer loop
vertex 139.20914283757097 38.97697956271999 -38.915749899458845
vertex 137.3548972388523 38.97697956272034 -40.40556445873261
vertex 137.1281698430955 38.97697956272007 -39.240484009850086
endloop
endfacet
facet normal 6.009644909813977e-16 1.0 2.3380569326053923e-13
outer loop
vertex 137.3548972388523 38.97697956272034 -40.40556445873261
vertex 139.20914283757097 38.97697956271999 -38.915749899458845
vertex 139.44585325431058 38.976979562720274 -40.13212993888778
endloop
endfacet
facet normal -0.24256745357614906 0.9496785563991027 0.19817081011415155
outer loop
vertex 120.52708403264552 18.025870201252044 -9.823784556595687
vertex 119.1264641459283 17.448164481699138 -8.797025016234377
vertex 120.4148050674107 17.44816448169874 -7.131836705717488
endloop
endfacet
facet normal -0.23354579011133772 0.9525419204245422 0.19524408763185622
outer loop
vertex 121.87709556817751 18.025870201251657 -8.203805436620687
vertex 120.52708403264552 18.025870201252044 -9.823784556595687
vertex 120.4148050674107 17.44816448169874 -7.131836705717488
endloop
endfacet
facet normal -0.047392942685116096 -0.9984720979741477 -0.028414407450256363
outer loop
vertex 25.65871602881196 13.213030607772177 -5.623374287044691
vertex 24.55034945105525 13.213030607771747 -3.829387936891455
vertex 22.404689486050533 13.4377326416885 -7.945655367266495
endloop
endfacet
facet normal -0.046030582692553564 -0.9985100969665689 -0.02930480699129736
outer loop
vertex 24.55034945105525 13.213030607771747 -3.829387936891455
vertex 21.1453321097087 13.4377326416881 -6.25942569034078
vertex 22.404689486050533 13.4377326416885 -7.945655367266495
endloop
endfacet
facet normal 0.09830343120963302 -0.9951564879014823 -9.007217188339389e-10
outer loop
vertex 67.75050888884866 32.900320551918135 1.1492412930061298
vertex 67.66960994288696 32.892329199838976 3.25800005074721
vertex 67.66960992357019 32.89232919983948 1.149241293747217
endloop
endfacet
facet normal 0.15013171618539792 -0.9886660041668406 -1.3754796953525583e-09
outer loop
vertex 67.66960994288696 32.892329199838976 3.25800005074721
vertex 67.75050888884866 32.900320551918135 1.1492412930061298
vertex 67.75050890816547 32.90032055191763 3.2580000500061677
endloop
endfacet
facet normal 0.03254356969279283 -0.9994520945302048 -0.006035462769072359
outer loop
vertex 99.67312693798937 35.07608233183993 2.414706574442033
vertex 93.36294064017726 34.87399394458972 1.14924105839031
vertex 99.25954518781346 35.076082331840425 0.34690251429860375
endloop
endfacet
facet normal 0.03254356969279283 -0.9994520945302048 -0.006035462769072359
outer loop
vertex 99.67312693798937 35.07608233183993 2.414706574442033
vertex 93.50542349253628 34.87399394458922 3.253180727679311
vertex 93.36294064017726 34.87399394458972 1.14924105839031
endloop
endfacet
facet normal -0.13482550359915765 2.348774754026603e-13 -0.9908693574731401
outer loop
vertex 96.37631458712855 14.09212481017246 0.7392176210209085
vertex 99.25954518781346 16.35623750801791 0.34690251429415947
vertex 99.25954518781346 13.758833987042856 0.3469025142935278
endloop
endfacet
facet normal -0.19099205715149553 2.340175212299265e-13 -0.9815915821282495
outer loop
vertex 99.25954518781346 16.35623750801791 0.34690251429415947
vertex 96.37631458712855 14.09212481017246 0.7392176210209085
vertex 93.36294064017726 14.918470778777214 1.14924105838555
endloop
endfacet
facet normal -0.19099205715149553 2.340175212299265e-13 -0.9815915821282495
outer loop
vertex 99.25954518781346 16.35623750801791 0.34690251429415947
vertex 93.36294064017726 14.918470778777214 1.14924105838555
vertex 97.52669093874542 16.588507862790635 0.5826883371501702
endloop
endfacet
facet normal -0.13482550359915765 2.348774754026603e-13 -0.9908693574731401
outer loop
vertex 97.52669093874542 16.588507862790635 0.5826883371501702
vertex 93.36294064017726 14.918470778777214 1.14924105838555
vertex 93.36294064017726 17.63808286698435 1.1492410583862043
endloop
endfacet
facet normal -0.06870819817504513 2.374182767995471e-13 -0.9976367993932155
outer loop
vertex 93.36294064017726 39.00275227754139 1.1492410583912802
vertex 99.25954518781346 35.076082331840425 0.34690251429860375
vertex 93.36294064017726 34.87399394458972 1.14924105839031
endloop
endfacet
facet normal -0.19480640533071047 2.34110712899653e-13 -0.9808417122258447
outer loop
vertex 99.25954518781346 35.076082331840425 0.34690251429860375
vertex 93.36294064017726 39.00275227754139 1.1492410583912802
vertex 99.25954518781346 39.05642102127637 0.3469025142995512
endloop
endfacet
facet normal -0.19605078023076342 2.340500917429579e-13 -0.9805937444073917
outer loop
vertex 99.25954518781346 39.05642102127637 0.3469025142995512
vertex 93.36294064017726 39.00275227754139 1.1492410583912802
vertex 95.5546358504505 39.06362817125734 0.8510217136994018
endloop
endfacet
facet normal 0.0580559211700568 -2.3953491701895983e-13 0.9983133325850637
outer loop
vertex 93.50542349253628 17.638082866983847 3.253180727675205
vertex 90.73660715003942 15.602470904821072 3.2552192497393824
vertex 93.50542349253628 14.918470778776713 3.253180727674551
endloop
endfacet
facet normal 0.0007362429500495941 -2.395069855576533e-13 0.9999997289731225
outer loop
vertex 90.73660715003942 15.602470904821072 3.2552192497393824
vertex 93.50542349253628 17.638082866983847 3.253180727675205
vertex 86.9598327216619 17.287828893024386 3.2579998740402143
endloop
endfacet
facet normal 0.00046771708276457913 -2.3894248014001173e-13 0.9999998906203592
outer loop
vertex 86.9598327216619 17.287828893024386 3.2579998740402143
vertex 93.50542349253628 17.638082866983847 3.253180727675205
vertex 93.46850327236992 17.646466753974344 3.2532079099344076
endloop
endfacet
facet normal 0.00046771708276457913 -2.3894248014001173e-13 0.9999998906203592
outer loop
vertex 86.9598327216619 17.287828893024386 3.2579998740402143
vertex 93.46850327236992 17.646466753974344 3.2532079099344076
vertex 89.88476188008255 19.09763320134264 3.2558464149846995
endloop
endfacet
facet normal 0.00046771708276457913 -2.3894248014001173e-13 0.9999998906203592
outer loop
vertex 86.9598327216619 17.287828893024386 3.2579998740402143
vertex 89.88476188008255 19.09763320134264 3.2558464149846995
vertex 88.3686409850562 19.948380502916955 3.2569626486078165
endloop
endfacet
facet normal 0.00046771708276457913 -2.3894248014001173e-13 0.9999998906203592
outer loop
vertex 86.9598327216619 17.287828893024386 3.2579998740402143
vertex 88.3686409850562 19.948380502916955 3.2569626486078165
vertex 87.06703530388758 20.963518148802248 3.257920946874351
endloop
endfacet
facet normal 0.00046771708276457913 -2.3894248014001173e-13 0.9999998906203592
outer loop
vertex 86.9598327216619 17.287828893024386 3.2579998740402143
vertex 87.06703530388758 20.963518148802248 3.257920946874351
vertex 86.9598327216619 21.080914520133916 3.2579998740411167
endloop
endfacet
facet normal 0.00017283632556899093 -2.3832255069100913e-13 0.9999999850638023
outer loop
vertex 86.9598327216619 21.080914520133916 3.2579998740411167
vertex 85.8115070522447 17.811663541225055 3.257999884559298
vertex 86.9598327216619 17.287828893024386 3.2579998740402143
endloop
endfacet
facet normal 9.160249405633304e-09 -2.379592055667471e-13 1.0
outer loop
vertex 85.8115070522447 17.811663541225055 3.257999884559298
vertex 86.9598327216619 21.080914520133916 3.2579998740411167
vertex 82.23346179593103 20.797680643969986 3.257999917335791
endloop
endfacet
facet normal 9.160249405633304e-09 -2.379592055667471e-13 1.0
outer loop
vertex 82.23346179593103 20.797680643969986 3.257999917335791
vertex 86.9598327216619 21.080914520133916 3.2579998740411167
vertex 80.59728632857197 23.575976019083246 3.257999932324229
endloop
endfacet
facet normal 9.160249405633304e-09 -2.379592055667471e-13 1.0
outer loop
vertex 80.59728632857197 23.575976019083246 3.257999932324229
vertex 86.9598327216619 21.080914520133916 3.2579998740411167
vertex 86.03520831431402 22.115992060225647 3.2579998825111454
endloop
endfacet
facet normal 9.160249405633304e-09 -2.379592055667471e-13 1.0
outer loop
vertex 80.59728632857197 23.575976019083246 3.257999932324229
vertex 86.03520831431402 22.115992060225647 3.2579998825111454
vertex 85.27693074566749 23.375088126427446 3.257999889457467
endloop
endfacet
facet normal 9.160249405633304e-09 -2.379592055667471e-13 1.0
outer loop
vertex 80.59728632857197 23.575976019083246 3.257999932324229
vertex 85.27693074566749 23.375088126427446 3.257999889457467
vertex 83.89446391823938 26.29912635412975 3.2579999021218917
endloop
endfacet
facet normal 9.160249405633304e-09 -2.379592055667471e-13 1.0
outer loop
vertex 80.59728632857197 23.575976019083246 3.257999932324229
vertex 83.89446391823938 26.29912635412975 3.2579999021218917
vertex 80.55672478382978 23.660797111529885 3.2579999326958102
endloop
endfacet
facet normal 9.160249405633304e-09 -2.379592055667471e-13 1.0
outer loop
vertex 80.55672478382978 23.660797111529885 3.2579999326958102
vertex 83.89446391823938 26.29912635412975 3.2579999021218917
vertex 83.51303699060287 27.33195856048003 3.2579999056161233
endloop
endfacet
facet normal 9.160249405633304e-09 -2.379592055667471e-13 1.0
outer loop
vertex 80.55672478382978 23.660797111529885 3.2579999326958102
vertex 83.51303699060287 27.33195856048003 3.2579999056161233
vertex 80.55672478382978 37.687426360635236 3.257999932699149
endloop
endfacet
facet normal 9.160249405633304e-09 -2.379592055667471e-13 1.0
outer loop
vertex 80.55672478382978 37.687426360635236 3.257999932699149
vertex 83.51303699060287 27.33195856048003 3.2579999056161233
vertex 83.31428498016881 28.391649826225226 3.2579999074370094
endloop
endfacet
facet normal 9.160249405633304e-09 -2.379592055667471e-13 1.0
outer loop
vertex 80.55672478382978 37.687426360635236 3.257999932699149
vertex 83.31428498016881 28.391649826225226 3.2579999074370094
vertex 83.30140794097981 29.461138339822092 3.2579999075551997
endloop
endfacet
facet normal 9.160249405633304e-09 -2.379592055667471e-13 1.0
outer loop
vertex 80.55672478382978 37.687426360635236 3.257999932699149
vertex 83.30140794097981 29.461138339822092 3.2579999075551997
vertex 83.47461320286976 30.523204546801658 3.2579999059688673
endloop
endfacet
facet normal 9.160249405633304e-09 -2.379592055667471e-13 1.0
outer loop
vertex 80.55672478382978 37.687426360635236 3.257999932699149
vertex 83.47461320286976 30.523204546801658 3.2579999059688673
vertex 83.79299561165702 31.34848800081941 3.2579999030525935
endloop
endfacet
facet normal 9.160249405633304e-09 -2.379592055667471e-13 1.0
outer loop
vertex 80.55672478382978 37.687426360635236 3.257999932699149
vertex 83.79299561165702 31.34848800081941 3.2579999030525935
vertex 84.31374057210897 32.117281796283855 3.2579998982826313
endloop
endfacet
facet normal 9.160249405633304e-09 -2.379592055667471e-13 1.0
outer loop
vertex 80.55672478382978 37.687426360635236 3.257999932699149
vertex 84.31374057210897 32.117281796283855 3.2579998982826313
vertex 85.01919782046247 32.8035282382738 3.2579998918206217
endloop
endfacet
facet normal 9.160249405633304e-09 -2.379592055667471e-13 1.0
outer loop
vertex 80.55672478382978 37.687426360635236 3.257999932699149
vertex 85.01919782046247 32.8035282382738 3.2579998918206217
vertex 85.88545640711047 33.383967513162595 3.2579998838856197
endloop
endfacet
facet normal 9.160249405633304e-09 -2.379592055667471e-13 1.0
outer loop
vertex 80.55672478382978 37.687426360635236 3.257999932699149
vertex 85.88545640711047 33.383967513162595 3.2579998838856197
vertex 86.9598327216619 33.891657086428125 3.2579998740441845
endloop
endfacet
facet normal 9.160249405633304e-09 -2.379592055667471e-13 1.0
outer loop
vertex 80.55672478382978 37.687426360635236 3.257999932699149
vertex 86.9598327216619 33.891657086428125 3.2579998740441845
vertex 86.9598327216619 38.689130545734216 3.2579998740453124
endloop
endfacet
facet normal 9.160249405633304e-09 -2.379592055667471e-13 1.0
outer loop
vertex 80.55672478382978 37.687426360635236 3.257999932699149
vertex 86.9598327216619 38.689130545734216 3.2579998740453124
vertex 80.70198600588246 37.724158477182314 3.257999931368531
endloop
endfacet
facet normal 9.160249405633304e-09 -2.379592055667471e-13 1.0
outer loop
vertex 80.70198600588246 37.724158477182314 3.257999931368531
vertex 86.9598327216619 38.689130545734216 3.2579998740453124
vertex 82.62182786105137 38.15179192005164 3.2579999137823625
endloop
endfacet
facet normal 9.160249405633304e-09 -2.379592055667471e-13 1.0
outer loop
vertex 82.62182786105137 38.15179192005164 3.2579999137823625
vertex 86.9598327216619 38.689130545734216 3.2579998740453124
vertex 86.45584394694421 38.65699230800039 3.2579998786619813
endloop
endfacet
facet normal -0.06477551094666918 0.9859671163595543 0.15386025685414337
outer loop
vertex 136.42686272176817 35.19492538306313 -26.914235047196044
vertex 136.32510788055555 35.28684838513881 -28.12926554374475
vertex 135.86414928676518 35.194925383063186 -27.152339905667073
endloop
endfacet
facet normal -0.030946690251956004 0.9964635092352777 0.07812027345679835
outer loop
vertex 136.89346047249782 35.286848385138754 -27.90311194741596
vertex 136.32510788055555 35.28684838513881 -28.12926554374475
vertex 136.42686272176817 35.19492538306313 -26.914235047196044
endloop
endfacet
facet normal -0.5259754287403372 0.4500807262442291 0.7216489369665043
outer loop
vertex 130.34624957612175 28.226600917613027 -17.26367495917488
vertex 128.45213052891793 27.62160400197131 -18.274863653316295
vertex 130.15108933303532 27.621604001971015 -17.026993513243024
endloop
endfacet
facet normal -0.5277301678655598 0.4365019022405919 0.7286747966445202
outer loop
vertex 128.63906008731962 28.226600917613364 -18.50156330007957
vertex 128.45213052891793 27.62160400197131 -18.274863653316295
vertex 130.34624957612175 28.226600917613027 -17.26367495917488
endloop
endfacet
facet normal 0.17419645556871854 0.9847109194414854 -1.5954494795711175e-09
outer loop
vertex 59.47694315223252 38.15179190182054 3.2580001257953164
vertex 61.347400951016525 37.73515848141267 1.1492413516613873
vertex 59.4769431329158 38.151791901821035 1.1492413687953233
endloop
endfacet
facet normal 0.2174158421204558 0.9760790703601082 -1.9913521604308844e-09
outer loop
vertex 61.347400951016525 37.73515848141267 1.1492413516613873
vertex 59.47694315223252 38.15179190182054 3.2580001257953164
vertex 61.3474009703333 37.73515848141217 3.2580001086613803
endloop
endfacet
facet normal -0.5254969843191417 -2.031271714068412e-13 0.8507954627708635
outer loop
vertex 24.55034945105525 39.00822197227805 -3.8293879368852966
vertex 19.449976059031794 35.37258203278015 -7.469340000802675
vertex 24.55034945105525 35.37189043456883 -3.8293879368861763
endloop
endfacet
facet normal -0.5809029657388701 -1.9455604748960006e-13 0.813972815513998
outer loop
vertex 19.449976059031794 35.37258203278015 -7.469340000802675
vertex 24.55034945105525 39.00822197227805 -3.8293879368852966
vertex 19.41243337987264 38.989924533315445 -7.496132853400365
endloop
endfacet
facet normal -0.6335481108537484 -1.841995525010783e-13 0.7737032966413201
outer loop
vertex 19.41243337987264 38.989924533315445 -7.496132853400365
vertex 19.41243337987264 35.36985453459447 -7.496132853401222
vertex 19.449976059031794 35.37258203278015 -7.469340000802675
endloop
endfacet
facet normal -0.5314273178506962 -2.022432200612538e-13 0.8471038931807687
outer loop
vertex 24.55034945105525 16.53898705929162 -3.8293879368906656
vertex 21.1453321097087 13.4377326416881 -6.25942569034078
vertex 24.55034945105525 13.213030607771747 -3.829387936891455
endloop
endfacet
facet normal -0.5809029657388692 -1.948368040531341e-13 0.8139728155139988
outer loop
vertex 21.1453321097087 13.4377326416881 -6.25942569034078
vertex 24.55034945105525 16.53898705929162 -3.8293879368906656
vertex 19.41243337987264 13.845841326066635 -7.4961328534063885
endloop
endfacet
facet normal -0.6274185438111307 -1.863491185978443e-13 0.7786822014672741
outer loop
vertex 19.41243337987264 13.845841326066635 -7.4961328534063885
vertex 24.55034945105525 16.53898705929162 -3.8293879368906656
vertex 24.479941804552833 16.553130310727266 -3.8796353283076526
endloop
endfacet
facet normal -0.6274185438111307 -1.863491185978443e-13 0.7786822014672741
outer loop
vertex 19.41243337987264 13.845841326066635 -7.4961328534063885
vertex 24.479941804552833 16.553130310727266 -3.8796353283076526
vertex 22.754223396358316 16.938630438600377 -5.111218155453144
endloop
endfacet
facet normal -0.6274185438111307 -1.863491185978443e-13 0.7786822014672741
outer loop
vertex 19.41243337987264 13.845841326066635 -7.4961328534063885
vertex 22.754223396358316 16.938630438600377 -5.111218155453144
vertex 21.068009965451804 17.448164481698566 -6.314607708780776
endloop
endfacet
facet normal -0.6274185438111307 -1.863491185978443e-13 0.7786822014672741
outer loop
vertex 19.41243337987264 13.845841326066635 -7.4961328534063885
vertex 21.068009965451804 17.448164481698566 -6.314607708780776
vertex 19.43210660596295 18.07846739468612 -7.482092783314913
endloop
endfacet
facet normal -0.6274185438111307 -1.863491185978443e-13 0.7786822014672741
outer loop
vertex 19.41243337987264 13.845841326066635 -7.4961328534063885
vertex 19.43210660596295 18.07846739468612 -7.482092783314913
vertex 19.41243337987264 18.087797880188667 -7.496132853405328
endloop
endfacet
facet normal 0.7742317542533051 1.5101627608297712e-13 -0.6329021967933511
outer loop
vertex 16.220444695310007 15.095614273031254 -13.404566763788782
vertex 16.34589828608094 21.20744982617885 -13.251098891259698
vertex 16.34589828608094 15.055853274345305 -13.251098891261165
endloop
endfacet
facet normal 0.7478545540398037 1.58300434645288e-13 -0.663862610787749
outer loop
vertex 16.34589828608094 21.20744982617885 -13.251098891259698
vertex 16.220444695310007 15.095614273031254 -13.404566763788782
vertex 16.277695794223433 21.282447507801653 -13.334531268620369
endloop
endfacet
facet normal 0.7742317542533051 1.5101627608297712e-13 -0.6329021967933511
outer loop
vertex 16.277695794223433 21.282447507801653 -13.334531268620369
vertex 16.220444695310007 15.095614273031254 -13.404566763788782
vertex 15.630339108963407 22.10843369759542 -14.126445255640405
endloop
endfacet
facet normal 0.7742317542533051 1.5101627608297712e-13 -0.6329021967933511
outer loop
vertex 15.630339108963407 22.10843369759542 -14.126445255640405
vertex 16.220444695310007 15.095614273031254 -13.404566763788782
vertex 12.528078090310466 17.04146267110594 -17.92145339875218
endloop
endfacet
facet normal 0.7742317542533051 1.5101627608297712e-13 -0.6329021967933511
outer loop
vertex 15.630339108963407 22.10843369759542 -14.126445255640405
vertex 12.528078090310466 17.04146267110594 -17.92145339875218
vertex 15.030629322972446 22.98643491584403 -14.860072602808737
endloop
endfacet
facet normal 0.7742317542533051 1.5101627608297712e-13 -0.6329021967933511
outer loop
vertex 15.030629322972446 22.98643491584403 -14.860072602808737
vertex 12.528078090310466 17.04146267110594 -17.92145339875218
vertex 14.481360925269051 23.912359909044856 -15.531994800684338
endloop
endfacet
facet normal 0.7742317542533051 1.5101627608297712e-13 -0.6329021967933511
outer loop
vertex 14.481360925269051 23.912359909044856 -15.531994800684338
vertex 12.528078090310466 17.04146267110594 -17.92145339875218
vertex 13.985093361340558 24.881894111576948 -16.13908086950489
endloop
endfacet
facet normal 0.7742317542533051 1.5101627608297712e-13 -0.6329021967933511
outer loop
vertex 13.985093361340558 24.881894111576948 -16.13908086950489
vertex 12.528078090310466 17.04146267110594 -17.92145339875218
vertex 13.380829569421714 26.234156758110448 -16.87827915009114
endloop
endfacet
facet normal 0.7742317542533051 1.5101627608297712e-13 -0.6329021967933511
outer loop
vertex 13.380829569421714 26.234156758110448 -16.87827915009114
vertex 12.528078090310466 17.04146267110594 -17.92145339875218
vertex 12.832639941326294 27.621604001971118 -17.548881684849263
endloop
endfacet
facet normal 0.7742317542533051 1.5101627608297712e-13 -0.6329021967933511
outer loop
vertex 12.832639941326294 27.621604001971118 -17.548881684849263
vertex 12.528078090310466 17.04146267110594 -17.92145339875218
vertex 12.607581782449888 28.343914005418622 -17.82419621849854
endloop
endfacet
facet normal 0.7742317542533051 1.5101627608297712e-13 -0.6329021967933511
outer loop
vertex 12.607581782449888 28.343914005418622 -17.82419621849854
vertex 12.528078090310466 17.04146267110594 -17.92145339875218
vertex 12.528078090310466 28.737867774636563 -17.921453398749406
endloop
endfacet
facet normal 0.7742317542533045 1.5029177556029072e-13 -0.632902196793352
outer loop
vertex 15.586268679020915 34.92231198302973 -14.180356786452048
vertex 16.34589828608094 38.97179446593351 -13.251098891255479
vertex 16.34589828608094 34.99658184665068 -13.251098891256428
endloop
endfacet
facet normal 0.73043625383234 1.62615969509503e-13 -0.6829808775415146
outer loop
vertex 16.34589828608094 38.97179446593351 -13.251098891255479
vertex 15.586268679020915 34.92231198302973 -14.180356786452048
vertex 12.528078090310466 38.954104863033294 -17.92145339874697
endloop
endfacet
facet normal 0.8144564951496045 1.3802878364159445e-13 -0.5802246267684804
outer loop
vertex 12.528078090310466 38.954104863033294 -17.92145339874697
vertex 15.586268679020915 34.92231198302973 -14.180356786452048
vertex 15.233312811461632 34.86513914829916 -14.612129091713307
endloop
endfacet
facet normal 0.8144564951496045 1.3802878364159445e-13 -0.5802246267684804
outer loop
vertex 12.528078090310466 38.954104863033294 -17.92145339874697
vertex 15.233312811461632 34.86513914829916 -14.612129091713307
vertex 14.88711962999097 34.76354432972929 -15.035628576402392
endloop
endfacet
facet normal 0.8144564951496045 1.3802878364159445e-13 -0.5802246267684804
outer loop
vertex 12.528078090310466 38.954104863033294 -17.92145339874697
vertex 14.88711962999097 34.76354432972929 -15.035628576402392
vertex 14.551426711307451 34.61862436702408 -15.446283048198527
endloop
endfacet
facet normal 0.8144564951496045 1.3802878364159445e-13 -0.5802246267684804
outer loop
vertex 12.528078090310466 38.954104863033294 -17.92145339874697
vertex 14.551426711307451 34.61862436702408 -15.446283048198527
vertex 14.229858268996331 34.43194384754377 -15.839658992324631
endloop
endfacet
facet normal 0.8144564951496045 1.3802878364159445e-13 -0.5802246267684804
outer loop
vertex 12.528078090310466 38.954104863033294 -17.92145339874697
vertex 14.229858268996331 34.43194384754377 -15.839658992324631
vertex 13.925886025729218 34.205518214680055 -16.211509436739956
endloop
endfacet
facet normal 0.8144564951496045 1.3802878364159445e-13 -0.5802246267684804
outer loop
vertex 12.528078090310466 38.954104863033294 -17.92145339874697
vertex 13.925886025729218 34.205518214680055 -16.211509436739956
vertex 13.642791731797635 33.9417920086922 -16.557819803365817
endloop
endfacet
facet normal 0.8144564951496045 1.3802878364159445e-13 -0.5802246267684804
outer loop
vertex 12.528078090310466 38.954104863033294 -17.92145339874697
vertex 13.642791731797635 33.9417920086922 -16.557819803365817
vertex 13.383631734619804 33.64361247491989 -16.874851250347504
endloop
endfacet
facet normal 0.8144564951496045 1.3802878364159445e-13 -0.5802246267684804
outer loop
vertex 12.528078090310466 38.954104863033294 -17.92145339874697
vertex 13.383631734619804 33.64361247491989 -16.874851250347504
vertex 13.151203981755073 33.31419882430472 -17.159181037397477
endloop
endfacet
facet normal 0.8144564951496045 1.3802878364159445e-13 -0.5802246267684804
outer loop
vertex 12.528078090310466 38.954104863033294 -17.92145339874697
vertex 13.151203981755073 33.31419882430472 -17.159181037397477
vertex 12.948017813652905 32.957107478090556 -17.407739478443848
endloop
endfacet
facet normal 0.8144564951496045 1.3802878364159445e-13 -0.5802246267684804
outer loop
vertex 12.528078090310466 38.954104863033294 -17.92145339874697
vertex 12.948017813652905 32.957107478090556 -17.407739478443848
vertex 12.77626687226698 32.576193671928095 -17.61784308263047
endloop
endfacet
facet normal 0.8144564951496045 1.3802878364159445e-13 -0.5802246267684804
outer loop
vertex 12.528078090310466 38.954104863033294 -17.92145339874697
vertex 12.77626687226698 32.576193671928095 -17.61784308263047
vertex 12.637805418027181 32.17556983391424 -17.787223525858117
endloop
endfacet
facet normal 0.8144564951496045 1.3802878364159445e-13 -0.5802246267684804
outer loop
vertex 12.528078090310466 38.954104863033294 -17.92145339874697
vertex 12.637805418027181 32.17556983391424 -17.787223525858117
vertex 12.614641733099964 32.15088097267281 -17.8155597530146
endloop
endfacet
facet normal 0.8144564951496045 1.3802878364159445e-13 -0.5802246267684804
outer loop
vertex 12.528078090310466 38.954104863033294 -17.92145339874697
vertex 12.614641733099964 32.15088097267281 -17.8155597530146
vertex 12.534128310833426 31.759561185926305 -17.914052140113697
endloop
endfacet
facet normal 0.8144564951496045 1.3802878364159445e-13 -0.5802246267684804
outer loop
vertex 12.528078090310466 38.954104863033294 -17.92145339874697
vertex 12.534128310833426 31.759561185926305 -17.914052140113697
vertex 12.528078090310466 31.730155269022664 -17.921453398748685
endloop
endfacet
facet normal -0.018831397657092915 -0.9997897094809985 -0.00811882246271775
outer loop
vertex 30.98963804297935 35.354683717021956 -2.8003913342492797
vertex 30.128632745635446 35.354683717021494 -0.8754151335730821
vertex 30.28602926540162 35.37128569906712 -3.1729864649333934
endloop
endfacet
facet normal -0.009172333845985986 -0.9999493116330574 -0.004152403688486869
outer loop
vertex 30.28602926540162 35.37128569906712 -3.1729864649333934
vertex 30.128632745635446 35.354683717021494 -0.8754151335730821
vertex 29.392375663004945 35.37128569906667 -1.2652991325536447
endloop
endfacet
facet normal -0.12639251432163456 0.991749587584971 -0.021393640375016596
outer loop
vertex 42.5325555581001 16.33221121561518 0.6160120649690778
vertex 39.12731559359266 15.874881623728433 -0.15027067021343166
vertex 38.643908455283196 15.874881623727942 1.8976743600504806
endloop
endfacet
facet normal -0.12639251432163456 0.991749587584971 -0.021393640375016596
outer loop
vertex 42.5325555581001 16.33221121561518 0.6160120649690778
vertex 38.643908455283196 15.874881623727942 1.8976743600504806
vertex 42.207155705489946 16.332211215614684 2.6995135483247714
endloop
endfacet
facet normal 9.160252760136046e-09 -2.376640155359748e-13 1.0
outer loop
vertex 61.50148468471202 23.575976018639494 3.258000107246592
vertex 61.3474009703333 37.73515848141217 3.2580001086613803
vertex 61.3474009703333 23.314335334141113 3.258000108657951
endloop
endfacet
facet normal 9.160252760136046e-09 -2.376640155359748e-13 1.0
outer loop
vertex 61.3474009703333 37.73515848141217 3.2580001086613803
vertex 61.50148468471202 23.575976018639494 3.258000107246592
vertex 63.128966852120314 26.97931816646079 3.258000092339234
endloop
endfacet
facet normal 9.160252760136046e-09 -2.376640155359748e-13 1.0
outer loop
vertex 61.3474009703333 37.73515848141217 3.2580001086613803
vertex 63.128966852120314 26.97931816646079 3.258000092339234
vertex 64.64984384046588 30.160701429908382 3.2580000784083962
endloop
endfacet
facet normal 9.160252760136046e-09 -2.376640155359748e-13 1.0
outer loop
vertex 61.3474009703333 37.73515848141217 3.2580001086613803
vertex 64.64984384046588 30.160701429908382 3.2580000784083962
vertex 65.34164734002303 31.607879288742968 3.258000072071616
endloop
endfacet
facet normal 9.160252760136046e-09 -2.376640155359748e-13 1.0
outer loop
vertex 61.3474009703333 37.73515848141217 3.2580001086613803
vertex 65.34164734002303 31.607879288742968 3.258000072071616
vertex 65.72092586218828 32.11236963611317 3.258000068597485
endloop
endfacet
facet normal 9.160252760136046e-09 -2.376640155359748e-13 1.0
outer loop
vertex 61.3474009703333 37.73515848141217 3.2580001086613803
vertex 65.72092586218828 32.11236963611317 3.258000068597485
vertex 66.24233692655409 32.48022250339527 3.2580000638212963
endloop
endfacet
facet normal 9.160252760136046e-09 -2.376640155359748e-13 1.0
outer loop
vertex 61.3474009703333 37.73515848141217 3.2580001086613803
vertex 66.24233692655409 32.48022250339527 3.2580000638212963
vertex 66.89539384837015 32.73301624112198 3.2580000578391775
endloop
endfacet
facet normal 9.160252760136046e-09 -2.376640155359748e-13 1.0
outer loop
vertex 61.3474009703333 37.73515848141217 3.2580001086613803
vertex 66.89539384837015 32.73301624112198 3.2580000578391775
vertex 67.66960994288696 32.892329199838976 3.25800005074721
endloop
endfacet
facet normal 9.160252760136046e-09 -2.376640155359748e-13 1.0
outer loop
vertex 61.3474009703333 37.73515848141217 3.2580001086613803
vertex 67.66960994288696 32.892329199838976 3.25800005074721
vertex 67.75050890816547 32.90032055191763 3.2580000500061677
endloop
endfacet
facet normal 9.160252760136046e-09 -2.376640155359748e-13 1.0
outer loop
vertex 61.3474009703333 37.73515848141217 3.2580001086613803
vertex 67.75050890816547 32.90032055191763 3.2580000500061677
vertex 62.77324037472906 37.35089749462201 3.2580000956002206
endloop
endfacet
facet normal 9.160252760136046e-09 -2.376640155359748e-13 1.0
outer loop
vertex 62.77324037472906 37.35089749462201 3.2580000956002206
vertex 67.75050890816547 32.90032055191763 3.2580000500061677
vertex 64.10100763345092 36.99986985359193 3.2580000834374796
endloop
endfacet
facet normal 9.160252760136046e-09 -2.376640155359748e-13 1.0
outer loop
vertex 64.10100763345092 36.99986985359193 3.2580000834374796
vertex 67.75050890816547 32.90032055191763 3.2580000500061677
vertex 66.11217783446622 36.792747265958944 3.2580000650145933
endloop
endfacet
facet normal 9.160252760136046e-09 -2.376640155359748e-13 1.0
outer loop
vertex 66.11217783446622 36.792747265958944 3.2580000650145933
vertex 67.75050890816547 32.90032055191763 3.2580000500061677
vertex 67.75050890816547 36.76330270809531 3.2580000500070927
endloop
endfacet
facet normal 9.160252760136046e-09 -2.376640155359748e-13 1.0
outer loop
vertex 61.3474009703333 37.73515848141217 3.2580001086613803
vertex 62.77324037472906 37.35089749462201 3.2580000956002206
vertex 62.3682879346165 37.47307344047712 3.25800009930974
endloop
endfacet
facet normal 9.160252760136046e-09 -2.376640155359748e-13 1.0
outer loop
vertex 61.3474009703333 37.73515848141217 3.2580001086613803
vertex 62.3682879346165 37.47307344047712 3.25800009930974
vertex 61.86019795623895 37.606975521655926 3.2580001039640156
endloop
endfacet
facet normal 9.160252760136046e-09 -2.376640155359748e-13 1.0
outer loop
vertex 61.3474009703333 37.73515848141217 3.2580001086613803
vertex 61.86019795623895 37.606975521655926 3.2580001039640156
vertex 61.39678500740171 37.72415847788088 3.25800010820899
endloop
endfacet
facet normal 0.07240673938184658 -0.858401260250088 -0.5078430274141313
outer loop
vertex 139.44585325431058 28.965753045760653 -40.13212993889015
vertex 136.21815448367457 25.360446275315084 -34.56420261075135
vertex 137.3548972388523 28.965753045760714 -40.40556445873498
endloop
endfacet
facet normal 0.07240673938184658 -0.858401260250088 -0.5078430274141313
outer loop
vertex 139.44585325431058 28.965753045760653 -40.13212993889015
vertex 138.25905864395563 25.36044627531496 -34.033567421783324
vertex 136.21815448367457 25.360446275315084 -34.56420261075135
endloop
endfacet
facet normal 9.01789565588725e-05 -0.9999999934397359 -7.062778530501537e-05
outer loop
vertex 120.52708403264552 35.37256594513728 -9.823784556591558
vertex 116.86631173924432 35.37186925622968 -4.530524662983936
vertex 115.72762491343177 35.371869256230106 -6.305420662175207
endloop
endfacet
facet normal 9.590188797111346e-05 -0.9999999934662362 -6.221218045167302e-05
outer loop
vertex 116.86631173924432 35.37186925622968 -4.530524662983936
vertex 120.52708403264552 35.37256594513728 -9.823784556591558
vertex 121.87709556817751 35.37256594513689 -8.203805436616559
endloop
endfacet
facet normal -0.5456947794040722 2.012587884270082e-13 -0.8379840140069147
outer loop
vertex 115.72762491343177 16.507613091391324 -6.305420662179696
vertex 119.05423554872517 13.437732641688665 -8.74407603131188
vertex 115.72762491343177 13.20272371664443 -6.305420662180485
endloop
endfacet
facet normal -0.5912282133307831 1.9382087957143797e-13 -0.8065043085822232
outer loop
vertex 119.05423554872517 13.437732641688665 -8.74407603131188
vertex 115.72762491343177 16.507613091391324 -6.305420662179696
vertex 120.52708403264552 13.80905870558048 -9.823784556596678
endloop
endfacet
facet normal -0.6340656786395072 1.846825851610963e-13 -0.7732791961325619
outer loop
vertex 120.52708403264552 13.80905870558048 -9.823784556596678
vertex 115.72762491343177 16.507613091391324 -6.305420662179696
vertex 115.93929114573939 16.55313031072786 -6.4605879030957984
endloop
endfacet
facet normal -0.6340656786395072 1.846825851610963e-13 -0.7732791961325619
outer loop
vertex 120.52708403264552 13.80905870558048 -9.823784556596678
vertex 115.93929114573939 16.55313031072786 -6.4605879030957984
vertex 117.55132895185699 16.938630438600946 -7.6423326523680455
endloop
endfacet
facet normal -0.6340656786395072 1.846825851610963e-13 -0.7732791961325619
outer loop
vertex 120.52708403264552 13.80905870558048 -9.823784556596678
vertex 117.55132895185699 16.938630438600946 -7.6423326523680455
vertex 119.1264641459283 17.448164481699138 -8.797025016234377
endloop
endfacet
facet normal -0.6340656786395072 1.846825851610963e-13 -0.7732791961325619
outer loop
vertex 120.52708403264552 13.80905870558048 -9.823784556596678
vertex 119.1264641459283 17.448164481699138 -8.797025016234377
vertex 120.52708403264552 18.025870201252044 -9.823784556595687
endloop
endfacet
facet normal -0.5398770960750257 1.9935229221893475e-13 -0.8417438571998002
outer loop
vertex 115.72762491343177 39.008778188069925 -6.305420662174327
vertex 120.52708403264552 35.37256594513728 -9.823784556591558
vertex 115.72762491343177 35.371869256230106 -6.305420662175207
endloop
endfacet
facet normal -0.6401889335792128 1.8269800954663016e-13 -0.7682175013124279
outer loop
vertex 120.52708403264552 35.37256594513728 -9.823784556591558
vertex 115.72762491343177 39.008778188069925 -6.305420662174327
vertex 120.52708403264552 38.99048074910729 -9.8237845565907
endloop
endfacet
facet normal 0.1948032041175651 -2.3343324083343583e-13 0.980842348018034
outer loop
vertex 99.67312693798937 35.07608233183993 2.414706574442033
vertex 93.50542349253628 39.002752277540885 3.253180727680281
vertex 93.50542349253628 34.87399394458922 3.253180727679311
endloop
endfacet
facet normal 0.0689710027775013 -2.3685158706790713e-13 0.9976186650097651
outer loop
vertex 93.50542349253628 39.002752277540885 3.253180727680281
vertex 99.67312693798937 35.07608233183993 2.414706574442033
vertex 99.67312693798937 39.056421021275874 2.4147065744429805
endloop
endfacet
facet normal 0.0689710027775013 -2.3685158706790713e-13 0.9976186650097651
outer loop
vertex 93.50542349253628 39.002752277540885 3.253180727680281
vertex 99.67312693798937 39.056421021275874 2.4147065744429805
vertex 95.79788282071074 39.063628171256845 2.9415302225900857
endloop
endfacet
facet normal 0.19114691731007252 -2.3622075770660655e-13 0.9815614377118003
outer loop
vertex 99.67312693798937 16.35623750801742 2.414706574437589
vertex 96.65733858619814 14.092124810171963 2.8246907130997725
vertex 99.67312693798937 13.758833987042365 2.414706574436957
endloop
endfacet
facet normal 0.134706845806411 -2.383333995483476e-13 0.9908854957526061
outer loop
vertex 96.65733858619814 14.092124810171963 2.8246907130997725
vertex 99.67312693798937 16.35623750801742 2.414706574437589
vertex 93.50542349253628 14.918470778776713 3.253180727674551
endloop
endfacet
facet normal 0.07843722699610511 -2.3935453080486553e-13 0.9969190545982967
outer loop
vertex 93.50542349253628 14.918470778776713 3.253180727674551
vertex 99.67312693798937 16.35623750801742 2.414706574437589
vertex 97.86060397903846 16.58850786279014 2.661111685622097
endloop
endfacet
facet normal 0.07843722699610511 -2.3935453080486553e-13 0.9969190545982967
outer loop
vertex 93.50542349253628 14.918470778776713 3.253180727674551
vertex 97.86060397903846 16.58850786279014 2.661111685622097
vertex 93.50542349253628 17.638082866983847 3.253180727675205
endloop
endfacet
facet normal -0.02638496151227246 0.9996505127421019 0.0016389571222162743
outer loop
vertex 93.36294064017726 39.00275227754139 1.1492410583912802
vertex 90.88343709286562 38.939330076593265 1.14924108110417
vertex 90.97074569337848 38.93933007659277 3.2550468668463544
endloop
endfacet
facet normal -0.025927441236016285 0.9996616965054339 0.002064056886456763
outer loop
vertex 93.50542349253628 39.002752277540885 3.253180727680281
vertex 93.36294064017726 39.00275227754139 1.1492410583912802
vertex 90.97074569337848 38.93933007659277 3.2550468668463544
endloop
endfacet
facet normal -0.24999911761000002 0.9682460643835437 2.2902852300579357e-09
outer loop
vertex 80.23857305704567 37.60697548121158 3.2579999356134604
vertex 80.55672476451305 37.68742636063573 1.149241175699156
vertex 80.23857303772877 37.606975481212075 1.1492411786134673
endloop
endfacet
facet normal -0.2451530664357213 0.9694843856489711 2.2458950860968065e-09
outer loop
vertex 80.55672476451305 37.68742636063573 1.149241175699156
vertex 80.23857305704567 37.60697548121158 3.2579999356134604
vertex 80.55672478382978 37.687426360635236 3.257999932699149
endloop
endfacet
facet normal -0.5017401145590896 -0.5281465007463121 0.6850679755992519
outer loop
vertex 128.50803227414278 32.57619367192828 -18.342658741498493
vertex 128.63906008731962 32.19388187063117 -18.501563300078622
vertex 130.34624957612175 32.1938818706309 -17.263674959173937
endloop
endfacet
facet normal -0.5017401145590896 -0.5281465007463121 0.6850679755992519
outer loop
vertex 128.50803227414278 32.57619367192828 -18.342658741498493
vertex 130.34624957612175 32.1938818706309 -17.263674959173937
vertex 130.2094524848039 32.57619367192798 -17.097773683071892
endloop
endfacet
facet normal -0.9815863374119063 4.5325514165278193e-14 -0.19101901006517494
outer loop
vertex 137.1281698430955 38.97697956272007 -39.240484009850086
vertex 136.21815448367457 25.360446275315084 -34.56420261075135
vertex 136.21815448367457 38.97697956271896 -34.564202610748126
endloop
endfacet
facet normal -0.962166685741619 6.492528838214693e-14 -0.27246149975544887
outer loop
vertex 136.21815448367457 25.360446275315084 -34.56420261075135
vertex 137.1281698430955 38.97697956272007 -39.240484009850086
vertex 137.3548972388523 28.965753045760714 -40.40556445873498
endloop
endfacet
facet normal -0.9885285190557218 3.588194215740119e-14 -0.15103432395817004
outer loop
vertex 137.3548972388523 28.965753045760714 -40.40556445873498
vertex 137.1281698430955 38.97697956272007 -39.240484009850086
vertex 137.3548972388523 38.97697956272034 -40.40556445873261
endloop
endfacet
facet normal 0.7623967780951384 -0.6471098459690998 -6.983897202070897e-09
outer loop
vertex 59.865309198036364 20.79768063344138 1.1492413652337057
vertex 61.3474009703333 23.314335334141113 3.258000108657951
vertex 59.865309217353136 20.79768063344088 3.2580001222336987
endloop
endfacet
facet normal 0.8616787406446171 -0.5074541830757793 -7.893310310004185e-09
outer loop
vertex 61.3474009703333 23.314335334141113 3.258000108657951
vertex 59.865309198036364 20.79768063344138 1.1492413652337057
vertex 61.347400951016525 23.31433533414163 1.1492413516579583
endloop
endfacet
facet normal 0.02292599748013226 -0.9995614034770373 0.018745647989770152
outer loop
vertex 20.784511661595797 35.37258203278054 -9.101917696066273
vertex 24.55034945105525 35.37189043456883 -3.8293879368861763
vertex 19.449976059031794 35.37258203278015 -7.469340000802675
endloop
endfacet
facet normal -9.554981298149846e-05 -0.9999999936601357 -5.958155692425719e-05
outer loop
vertex 24.55034945105525 35.37189043456883 -3.8293879368861763
vertex 20.784511661595797 35.37258203278054 -9.101917696066273
vertex 25.65871602881196 35.37189043456926 -5.623374287039412
endloop
endfacet
facet normal 0.0420851589030711 -0.9981527050656703 0.04381799596271405
outer loop
vertex 16.34589828608094 34.99658184665068 -13.251098891256428
vertex 14.805405611755809 34.996581846650336 -11.81104826173854
vertex 15.586268679020915 34.92231198302973 -14.180356786452048
endloop
endfacet
facet normal 0.05480605058988739 -0.9966298351929381 0.06103497703805426
outer loop
vertex 15.586268679020915 34.92231198302973 -14.180356786452048
vertex 14.805405611755809 34.996581846650336 -11.81104826173854
vertex 14.010528264859712 34.922311983029395 -12.783424856134419
endloop
endfacet
facet normal 0.5235772781300837 2.0213946230373605e-13 -0.8519781885857718
outer loop
vertex 25.65871602881196 13.213030607772177 -5.623374287044691
vertex 30.98963804297935 12.976812120847207 -2.8003913342546265
vertex 29.990078574633458 12.937546285307254 -3.329706775737647
endloop
endfacet
facet normal 0.40964048465617314 2.182899532297835e-13 -0.9122470462164598
outer loop
vertex 30.98963804297935 12.976812120847207 -2.8003913342546265
vertex 25.65871602881196 13.213030607772177 -5.623374287044691
vertex 30.98963804297935 15.76910331768321 -2.8003913342539724
endloop
endfacet
facet normal 0.41083941200917384 2.1813921935315853e-13 -0.9117077259406966
outer loop
vertex 30.98963804297935 15.76910331768321 -2.8003913342539724
vertex 25.65871602881196 13.213030607772177 -5.623374287044691
vertex 30.078391872181626 15.836996907841092 -3.282940581667599
endloop
endfacet
facet normal 0.4679822570770592 2.1039771198829078e-13 -0.8837378610544313
outer loop
vertex 30.078391872181626 15.836996907841092 -3.282940581667599
vertex 25.65871602881196 13.213030607772177 -5.623374287044691
vertex 28.24018624427423 16.070711658904195 -4.256360027218354
endloop
endfacet
facet normal 0.4679822570770592 2.1039771198829078e-13 -0.8837378610544313
outer loop
vertex 28.24018624427423 16.070711658904195 -4.256360027218354
vertex 25.65871602881196 13.213030607772177 -5.623374287044691
vertex 27.35072372440419 16.211407763395222 -4.72737377006911
endloop
endfacet
facet normal 0.4679822570770592 2.1039771198829078e-13 -0.8837378610544313
outer loop
vertex 27.35072372440419 16.211407763395222 -4.72737377006911
vertex 25.65871602881196 13.213030607772177 -5.623374287044691
vertex 25.65871602881196 16.538987059292047 -5.623374287043902
endloop
endfacet
facet normal 0.46798225707706054 2.1024574319903726e-13 -0.8837378610544308
outer loop
vertex 30.28602926540162 35.37128569906712 -3.1729864649333934
vertex 30.98963804297935 39.02650438371156 -2.8003913342484
vertex 30.98963804297935 35.354683717021956 -2.8003913342492797
endloop
endfacet
facet normal 0.40818243215745126 2.1734995955627267e-13 -0.9129003790545975
outer loop
vertex 30.98963804297935 39.02650438371156 -2.8003913342484
vertex 30.28602926540162 35.37128569906712 -3.1729864649333934
vertex 25.65871602881196 35.37189043456926 -5.623374287039412
endloop
endfacet
facet normal 0.40818243215745126 2.1734995955627267e-13 -0.9129003790545975
outer loop
vertex 30.98963804297935 39.02650438371156 -2.8003913342484
vertex 25.65871602881196 35.37189043456926 -5.623374287039412
vertex 25.65871602881196 39.00822197227848 -5.623374287038532
endloop
endfacet
facet normal 0.40818243215745126 2.1734995955627267e-13 -0.9129003790545975
outer loop
vertex 30.98963804297935 39.02650438371156 -2.8003913342484
vertex 25.65871602881196 39.00822197227848 -5.623374287038532
vertex 26.32103498923853 39.01049526397551 -5.272644126359938
endloop
endfacet
facet normal 0.026078536399084716 0.999658904402344 0.001408825179719233
outer loop
vertex 48.54118507535218 39.00773102619647 1.1492414689698724
vertex 46.49050524833472 39.06362817125731 0.9672560796549889
vertex 46.317995509205325 39.06362817125681 3.066034720397658
endloop
endfacet
facet normal 0.026078536399084716 0.999658904402344 0.001408825179719233
outer loop
vertex 48.54118507535218 39.00773102619647 1.1492414689698724
vertex 46.317995509205325 39.06362817125681 3.066034720397658
vertex 48.44789025707915 39.00773102619597 3.2559354600628847
endloop
endfacet
facet normal -9.160252530871864e-09 2.3756645061153107e-13 -1.0
outer loop
vertex 61.347400951016525 37.73515848141267 1.1492413516613873
vertex 61.50148466539525 23.575976018639995 1.149241350246599
vertex 61.347400951016525 23.31433533414163 1.1492413516579583
endloop
endfacet
facet normal -9.160252530871864e-09 2.3756645061153107e-13 -1.0
outer loop
vertex 61.50148466539525 23.575976018639995 1.149241350246599
vertex 61.347400951016525 37.73515848141267 1.1492413516613873
vertex 63.12896683280359 26.97931816646129 1.149241335339241
endloop
endfacet
facet normal -9.160252530871864e-09 2.3756645061153107e-13 -1.0
outer loop
vertex 63.12896683280359 26.97931816646129 1.149241335339241
vertex 61.347400951016525 37.73515848141267 1.1492413516613873
vertex 64.64984382114915 30.160701429908883 1.1492413214084034
endloop
endfacet
facet normal -9.160252530871864e-09 2.3756645061153107e-13 -1.0
outer loop
vertex 64.64984382114915 30.160701429908883 1.1492413214084034
vertex 61.347400951016525 37.73515848141267 1.1492413516613873
vertex 65.34164732070626 31.60787928874347 1.149241315071623
endloop
endfacet
facet normal -9.160252530871864e-09 2.3756645061153107e-13 -1.0
outer loop
vertex 65.34164732070626 31.60787928874347 1.149241315071623
vertex 61.347400951016525 37.73515848141267 1.1492413516613873
vertex 65.72092584287151 32.11236963611367 1.149241311597492
endloop
endfacet
facet normal -9.160252530871864e-09 2.3756645061153107e-13 -1.0
outer loop
vertex 65.72092584287151 32.11236963611367 1.149241311597492
vertex 61.347400951016525 37.73515848141267 1.1492413516613873
vertex 66.24233690723737 32.48022250339577 1.1492413068213034
endloop
endfacet
facet normal -9.160252530871864e-09 2.3756645061153107e-13 -1.0
outer loop
vertex 66.24233690723737 32.48022250339577 1.1492413068213034
vertex 61.347400951016525 37.73515848141267 1.1492413516613873
vertex 66.89539382905342 32.733016241122485 1.1492413008391844
endloop
endfacet
facet normal -9.160252530871864e-09 2.3756645061153107e-13 -1.0
outer loop
vertex 66.89539382905342 32.733016241122485 1.1492413008391844
vertex 61.347400951016525 37.73515848141267 1.1492413516613873
vertex 67.66960992357019 32.89232919983948 1.149241293747217
endloop
endfacet
facet normal -9.160252530871864e-09 2.3756645061153107e-13 -1.0
outer loop
vertex 67.66960992357019 32.89232919983948 1.149241293747217
vertex 61.347400951016525 37.73515848141267 1.1492413516613873
vertex 67.75050888884866 32.900320551918135 1.1492412930061298
endloop
endfacet
facet normal -9.160252530871864e-09 2.3756645061153107e-13 -1.0
outer loop
vertex 67.75050888884866 32.900320551918135 1.1492412930061298
vertex 61.347400951016525 37.73515848141267 1.1492413516613873
vertex 62.77324035541234 37.350897494622515 1.1492413386002276
endloop
endfacet
facet normal -9.160252530871864e-09 2.3756645061153107e-13 -1.0
outer loop
vertex 67.75050888884866 32.900320551918135 1.1492412930061298
vertex 62.77324035541234 37.350897494622515 1.1492413386002276
vertex 64.1010076141341 36.99986985359243 1.149241326437464
endloop
endfacet
facet normal -9.160252530871864e-09 2.3756645061153107e-13 -1.0
outer loop
vertex 67.75050888884866 32.900320551918135 1.1492412930061298
vertex 64.1010076141341 36.99986985359243 1.149241326437464
vertex 66.11217781514951 36.79274726595945 1.1492413080145778
endloop
endfacet
facet normal -9.160252530871864e-09 2.3756645061153107e-13 -1.0
outer loop
vertex 67.75050888884866 32.900320551918135 1.1492412930061298
vertex 66.11217781514951 36.79274726595945 1.1492413080145778
vertex 67.75050888884866 36.76330270809581 1.1492412930070546
endloop
endfacet
facet normal -9.160252530871864e-09 2.3756645061153107e-13 -1.0
outer loop
vertex 62.77324035541234 37.350897494622515 1.1492413386002276
vertex 61.347400951016525 37.73515848141267 1.1492413516613873
vertex 62.36828791529968 37.47307344047762 1.149241342309747
endloop
endfacet
facet normal -9.160252530871864e-09 2.3756645061153107e-13 -1.0
outer loop
vertex 62.36828791529968 37.47307344047762 1.149241342309747
vertex 61.347400951016525 37.73515848141267 1.1492413516613873
vertex 61.86019793692222 37.60697552165642 1.1492413469640226
endloop
endfacet
facet normal -9.160252530871864e-09 2.3756645061153107e-13 -1.0
outer loop
vertex 61.86019793692222 37.60697552165642 1.1492413469640226
vertex 61.347400951016525 37.73515848141267 1.1492413516613873
vertex 61.39678498808494 37.72415847788138 1.1492413512089972
endloop
endfacet
facet normal 0.6401890838894857 -1.838501462699819e-13 0.7682173760523392
outer loop
vertex 121.87709556817751 35.37256594513689 -8.203805436616559
vertex 116.86631173924432 39.0087781880695 -4.530524662983056
vertex 116.86631173924432 35.37186925622968 -4.530524662983936
endloop
endfacet
facet normal 0.539881421524225 -2.0216606186945013e-13 0.841741082930483
outer loop
vertex 116.86631173924432 39.0087781880695 -4.530524662983056
vertex 121.87709556817751 35.37256594513689 -8.203805436616559
vertex 121.87709556817751 38.9904807491069 -8.203805436615701
endloop
endfacet
facet normal 0.5912282133307838 -1.935049942115942e-13 0.8065043085822228
outer loop
vertex 120.33939617697901 13.437732641688267 -7.076556327071073
vertex 116.86631173924432 16.5076130913909 -4.530524662988426
vertex 116.86631173924432 13.202723716644009 -4.530524662989215
endloop
endfacet
facet normal 0.5454586795668537 -1.99906415215618e-13 0.8381377147493033
outer loop
vertex 116.86631173924432 16.5076130913909 -4.530524662988426
vertex 120.33939617697901 13.437732641688267 -7.076556327071073
vertex 121.87709556817751 13.809058705580092 -8.203805436621678
endloop
endfacet
facet normal 0.5454586795668537 -1.99906415215618e-13 0.8381377147493033
outer loop
vertex 116.86631173924432 16.5076130913909 -4.530524662988426
vertex 121.87709556817751 13.809058705580092 -8.203805436621678
vertex 117.08729783530924 16.55313031072744 -4.692524063806308
endloop
endfacet
facet normal 0.5912282133307838 -1.935049942115942e-13 0.8065043085822228
outer loop
vertex 117.08729783530924 16.55313031072744 -4.692524063806308
vertex 121.87709556817751 13.809058705580092 -8.203805436621678
vertex 118.77031518578221 16.938630438600534 -5.926302148481468
endloop
endfacet
facet normal 0.5912282133307838 -1.935049942115942e-13 0.8065043085822228
outer loop
vertex 118.77031518578221 16.938630438600534 -5.926302148481468
vertex 121.87709556817751 13.809058705580092 -8.203805436621678
vertex 120.4148050674107 17.44816448169874 -7.131836705717488
endloop
endfacet
facet normal 0.5912282133307838 -1.935049942115942e-13 0.8065043085822228
outer loop
vertex 120.4148050674107 17.44816448169874 -7.131836705717488
vertex 121.87709556817751 13.809058705580092 -8.203805436621678
vertex 121.87709556817751 18.025870201251657 -8.203805436620687
endloop
endfacet
facet normal 0.0017862852010513115 0.9999982403168183 -0.0005731914580099212
outer loop
vertex 105.01112677624144 39.04495037260918 -1.1805141158944576
vertex 99.25954518781346 39.05642102127637 0.3469025142995512
vertex 99.67312693798937 39.056421021275874 2.4147065744429805
endloop
endfacet
facet normal 0.0017721199841767572 0.9999982532431968 -0.0005942232889302821
outer loop
vertex 105.6779560860717 39.0449503726087 0.8200363500461808
vertex 105.01112677624144 39.04495037260918 -1.1805141158944576
vertex 99.67312693798937 39.056421021275874 2.4147065744429805
endloop
endfacet
facet normal -0.24707443230307666 -0.9688755677211126 0.01530879404800732
outer loop
vertex 93.50542349253628 14.918470778776713 3.253180727674551
vertex 90.65439522057548 15.60247090482157 1.1492410831967206
vertex 93.36294064017726 14.918470778777214 1.14924105838555
endloop
endfacet
facet normal -0.24707443230307666 -0.9688755677211126 0.01530879404800732
outer loop
vertex 93.50542349253628 14.918470778776713 3.253180727674551
vertex 90.73660715003942 15.602470904821072 3.2552192497393824
vertex 90.65439522057548 15.60247090482157 1.1492410831967206
endloop
endfacet
facet normal -0.9021808019618127 -0.43135808856626345 8.264104799391164e-09
outer loop
vertex 78.96980414184722 26.979318152134372 1.1492411902331956
vertex 80.55672478382978 23.660797111529885 3.2579999326958102
vertex 78.96980416116412 26.97931815213387 3.2579999472332113
endloop
endfacet
facet normal -0.9021551861551285 -0.4314116596632567 8.263872333779495e-09
outer loop
vertex 80.55672478382978 23.660797111529885 3.2579999326958102
vertex 78.96980414184722 26.979318152134372 1.1492411902331956
vertex 80.55672476451305 23.660797111530385 1.1492411756958172
endloop
endfacet
facet normal -0.7715363936757814 1.5229189289379143e-13 -0.636185187845308
outer loop
vertex 125.0358780915687 21.282447507801866 -14.131788435981168
vertex 124.85315991441108 15.019070653858856 -13.910196160405453
vertex 124.85315991441108 21.079830609549763 -13.91019616040401
endloop
endfacet
facet normal -0.725069661781611 1.6375158026656706e-13 -0.6886755299587028
outer loop
vertex 124.85315991441108 15.019070653858856 -13.910196160405453
vertex 125.0358780915687 21.282447507801866 -14.131788435981168
vertex 125.09265052561764 15.095614273031423 -14.200639455879388
endloop
endfacet
facet normal -0.7715363936757814 1.5229189289379143e-13 -0.636185187845308
outer loop
vertex 125.09265052561764 15.095614273031423 -14.200639455879388
vertex 125.0358780915687 21.282447507801866 -14.131788435981168
vertex 125.67782235845065 22.10843369759565 -14.910309178169946
endloop
endfacet
facet normal -0.7715363936757814 1.5229189289379143e-13 -0.636185187845308
outer loop
vertex 125.09265052561764 15.095614273031423 -14.200639455879388
vertex 125.67782235845065 22.10843369759565 -14.910309178169946
vertex 128.63906008731962 16.980301940430433 -18.501563300082253
endloop
endfacet
facet normal -0.8019195827751391 1.427911484410927e-13 -0.5974319900722984
outer loop
vertex 128.63906008731962 16.980301940430433 -18.501563300082253
vertex 125.67782235845065 22.10843369759565 -14.910309178169946
vertex 126.27251809215578 22.986434915844224 -15.631529053268181
endloop
endfacet
facet normal -0.8019195827751391 1.427911484410927e-13 -0.5974319900722984
outer loop
vertex 128.63906008731962 16.980301940430433 -18.501563300082253
vertex 126.27251809215578 22.986434915844224 -15.631529053268181
vertex 126.81719416782383 23.912359909045076 -16.292087367374005
endloop
endfacet
facet normal -0.8019195827751391 1.427911484410927e-13 -0.5974319900722984
outer loop
vertex 128.63906008731962 16.980301940430433 -18.501563300082253
vertex 126.81719416782383 23.912359909045076 -16.292087367374005
vertex 127.30931253897351 24.881894111577132 -16.888906093418644
endloop
endfacet
facet normal -0.8019195827751391 1.427911484410927e-13 -0.5974319900722984
outer loop
vertex 128.63906008731962 16.980301940430433 -18.501563300082253
vertex 127.30931253897351 24.881894111577132 -16.888906093418644
vertex 127.90852420348301 26.234156758110668 -17.615602683525903
endloop
endfacet
facet normal -0.8019195827751391 1.427911484410927e-13 -0.5974319900722984
outer loop
vertex 128.63906008731962 16.980301940430433 -18.501563300082253
vertex 127.90852420348301 26.234156758110668 -17.615602683525903
vertex 128.45213052891793 27.62160400197131 -18.274863653316295
endloop
endfacet
facet normal -0.8019195827751391 1.427911484410927e-13 -0.5974319900722984
outer loop
vertex 128.63906008731962 16.980301940430433 -18.501563300082253
vertex 128.45213052891793 27.62160400197131 -18.274863653316295
vertex 128.63906008731962 28.226600917613364 -18.50156330007957
endloop
endfacet
facet normal -0.8095016324461645 1.396651790420894e-13 -0.5871176262615482
outer loop
vertex 128.63906008731962 38.9546426014839 -18.50156330007702
vertex 124.85315991441108 35.0079287987518 -13.910196160400693
vertex 124.85315991441108 38.97233220438411 -13.910196160399746
endloop
endfacet
facet normal -0.7322140620222781 1.618076616193988e-13 -0.6810745681471564
outer loop
vertex 124.85315991441108 35.0079287987518 -13.910196160400693
vertex 128.63906008731962 38.9546426014839 -18.50156330007702
vertex 125.72152432443681 34.92231198302993 -14.96330893024805
endloop
endfacet
facet normal -0.7715363936757813 1.5109894950986265e-13 -0.6361851878453081
outer loop
vertex 125.72152432443681 34.92231198302993 -14.96330893024805
vertex 128.63906008731962 38.9546426014839 -18.50156330007702
vertex 126.07152919933938 34.865139148299356 -15.387778886654782
endloop
endfacet
facet normal -0.7715363936757813 1.5109894950986265e-13 -0.6361851878453081
outer loop
vertex 126.07152919933938 34.865139148299356 -15.387778886654782
vertex 128.63906008731962 38.9546426014839 -18.50156330007702
vertex 126.41482792960525 34.763544329729484 -15.804115936562972
endloop
endfacet
facet normal -0.7715363936757813 1.5109894950986265e-13 -0.6361851878453081
outer loop
vertex 126.41482792960525 34.763544329729484 -15.804115936562972
vertex 128.63906008731962 38.9546426014839 -18.50156330007702
vertex 126.74771418765795 34.618624367024296 -16.207825214850445
endloop
endfacet
facet normal -0.7715363936757813 1.5109894950986265e-13 -0.6361851878453081
outer loop
vertex 126.74771418765795 34.618624367024296 -16.207825214850445
vertex 128.63906008731962 38.9546426014839 -18.50156330007702
vertex 127.06659406123029 34.43194384754396 -16.594548188557372
endloop
endfacet
facet normal -0.7715363936757813 1.5109894950986265e-13 -0.6361851878453081
outer loop
vertex 127.06659406123029 34.43194384754396 -16.594548188557372
vertex 128.63906008731962 38.9546426014839 -18.50156330007702
vertex 127.36802485402093 34.20551821468026 -16.96010971255354
endloop
endfacet
facet normal -0.7715363936757813 1.5109894950986265e-13 -0.6361851878453081
outer loop
vertex 127.36802485402093 34.20551821468026 -16.96010971255354
vertex 128.63906008731962 38.9546426014839 -18.50156330007702
vertex 127.64875225379025 33.94179200869241 -17.300563105311163
endloop
endfacet
facet normal -0.7715363936757813 1.5109894950986265e-13 -0.6361851878453081
outer loop
vertex 127.64875225379025 33.94179200869241 -17.300563105311163
vertex 128.63906008731962 38.9546426014839 -18.50156330007702
vertex 127.90574546662201 33.643612474920076 -17.612232758135054
endloop
endfacet
facet normal -0.7715363936757813 1.5109894950986265e-13 -0.6361851878453081
outer loop
vertex 127.90574546662201 33.643612474920076 -17.612232758135054
vertex 128.63906008731962 38.9546426014839 -18.50156330007702
vertex 128.13622993803168 33.31419882430491 -17.891753817831418
endloop
endfacet
facet normal -0.7715363936757813 1.5109894950986265e-13 -0.6361851878453081
outer loop
vertex 128.13622993803168 33.31419882430491 -17.891753817831418
vertex 128.63906008731962 38.9546426014839 -18.50156330007702
vertex 128.33771730765795 32.95710747809075 -18.136108514392806
endloop
endfacet
facet normal -0.7715363936757813 1.5109894950986265e-13 -0.6361851878453081
outer loop
vertex 128.33771730765795 32.95710747809075 -18.136108514392806
vertex 128.63906008731962 38.9546426014839 -18.50156330007702
vertex 128.50803227414278 32.57619367192828 -18.342658741498493
endloop
endfacet
facet normal -0.7715363936757813 1.5109894950986265e-13 -0.6361851878453081
outer loop
vertex 128.50803227414278 32.57619367192828 -18.342658741498493
vertex 128.63906008731962 38.9546426014839 -18.50156330007702
vertex 128.63906008731962 32.19388187063117 -18.501563300078622
endloop
endfacet
facet normal 0.9885709295711905 -3.5526090655038306e-14 0.15075648313340295
outer loop
vertex 139.44585325431058 28.965753045760653 -40.13212993889015
vertex 138.25905864395563 38.976979562718824 -34.0335674217801
vertex 138.25905864395563 25.36044627531496 -34.033567421783324
endloop
endfacet
facet normal 0.9678224943969633 -5.954933330991866e-14 0.2516338994238255
outer loop
vertex 138.25905864395563 38.976979562718824 -34.0335674217801
vertex 139.44585325431058 28.965753045760653 -40.13212993889015
vertex 139.20914283757097 38.97697956271999 -38.915749899458845
endloop
endfacet
facet normal 0.9815863374119058 -4.4891650839482114e-14 0.191019010065177
outer loop
vertex 139.20914283757097 38.97697956271999 -38.915749899458845
vertex 139.44585325431058 28.965753045760653 -40.13212993889015
vertex 139.44585325431058 38.976979562720274 -40.13212993888778
endloop
endfacet
facet normal 9.160249169619773e-09 -2.380576063541406e-13 1.0
outer loop
vertex 56.28726396103978 17.811663551132046 3.2580001550087703
vertex 54.94429303250117 20.89194254096431 3.258000167311427
vertex 54.94429303250117 17.199037069428392 3.2580001673105468
endloop
endfacet
facet normal -9.132037794170739e-05 -2.38285407318689e-13 0.9999999958302943
outer loop
vertex 54.94429303250117 20.89194254096431 3.258000167311427
vertex 56.28726396103978 17.811663551132046 3.2580001550087703
vertex 59.865309217353136 20.79768063344088 3.2580001222336987
endloop
endfacet
facet normal -9.132037794170739e-05 -2.38285407318689e-13 0.9999999958302943
outer loop
vertex 54.94429303250117 20.89194254096431 3.258000167311427
vertex 59.865309217353136 20.79768063344088 3.2580001222336987
vertex 61.3474009703333 23.314335334141113 3.258000108657951
endloop
endfacet
facet normal -9.132037794170739e-05 -2.38285407318689e-13 0.9999999958302943
outer loop
vertex 54.94429303250117 20.89194254096431 3.258000167311427
vertex 61.3474009703333 23.314335334141113 3.258000108657951
vertex 55.034069269217525 20.9635181488518 3.2580001664890794
endloop
endfacet
facet normal 9.160249169619773e-09 -2.380576063541406e-13 1.0
outer loop
vertex 55.034069269217525 20.9635181488518 3.2580001664890794
vertex 61.3474009703333 23.314335334141113 3.258000108657951
vertex 56.06356269897042 22.115992075745055 3.2580001570589534
endloop
endfacet
facet normal 9.160249169619773e-09 -2.380576063541406e-13 1.0
outer loop
vertex 56.06356269897042 22.115992075745055 3.2580001570589534
vertex 61.3474009703333 23.314335334141113 3.258000108657951
vertex 56.821840267616686 23.375088137402148 3.258000150113241
endloop
endfacet
facet normal 9.160249169619773e-09 -2.380576063541406e-13 1.0
outer loop
vertex 56.821840267616686 23.375088137402148 3.258000150113241
vertex 61.3474009703333 23.314335334141113 3.258000108657951
vertex 58.204307095044825 26.299126354484056 3.25800013745017
endloop
endfacet
facet normal 9.160249169619773e-09 -2.380576063541406e-13 1.0
outer loop
vertex 58.204307095044825 26.299126354484056 3.25800013745017
vertex 61.3474009703333 23.314335334141113 3.258000108657951
vertex 58.58573402268098 27.33195855718772 3.258000133956457
endloop
endfacet
facet normal 9.160249169619773e-09 -2.380576063541406e-13 1.0
outer loop
vertex 58.58573402268098 27.33195855718772 3.258000133956457
vertex 61.3474009703333 23.314335334141113 3.258000108657951
vertex 61.3474009703333 37.73515848141217 3.2580001086613803
endloop
endfacet
facet normal 9.160249169619773e-09 -2.380576063541406e-13 1.0
outer loop
vertex 58.58573402268098 27.33195855718772 3.258000133956457
vertex 61.3474009703333 37.73515848141217 3.2580001086613803
vertex 58.78448603311554 28.391649820748913 3.258000132136135
endloop
endfacet
facet normal 9.160249169619773e-09 -2.380576063541406e-13 1.0
outer loop
vertex 58.78448603311554 28.391649820748913 3.258000132136135
vertex 61.3474009703333 37.73515848141217 3.2580001086613803
vertex 58.79736307230466 29.461138333932492 3.258000132018396
endloop
endfacet
facet normal 9.160249169619773e-09 -2.380576063541406e-13 1.0
outer loop
vertex 58.79736307230466 29.461138333932492 3.258000132018396
vertex 61.3474009703333 37.73515848141217 3.2580001086613803
vertex 58.62415781041422 30.523204542559583 3.25800013360527
endloop
endfacet
facet normal 9.160249169619773e-09 -2.380576063541406e-13 1.0
outer loop
vertex 58.62415781041422 30.523204542559583 3.25800013360527
vertex 61.3474009703333 37.73515848141217 3.2580001086613803
vertex 58.30577540162715 31.348488000097632 3.258000136521905
endloop
endfacet
facet normal 9.160249169619773e-09 -2.380576063541406e-13 1.0
outer loop
vertex 58.30577540162715 31.348488000097632 3.258000136521905
vertex 61.3474009703333 37.73515848141217 3.2580001086613803
vertex 57.78503044117515 32.11728180173364 3.2580001412922504
endloop
endfacet
facet normal 9.160249169619773e-09 -2.380576063541406e-13 1.0
outer loop
vertex 57.78503044117515 32.11728180173364 3.2580001412922504
vertex 61.3474009703333 37.73515848141217 3.2580001086613803
vertex 57.079573192821705 32.80352825249658 3.2580001477545983
endloop
endfacet
facet normal 9.160249169619773e-09 -2.380576063541406e-13 1.0
outer loop
vertex 57.079573192821705 32.80352825249658 3.2580001477545983
vertex 61.3474009703333 37.73515848141217 3.2580001086613803
vertex 56.21331460617356 33.383967538536325 3.2580001556898712
endloop
endfacet
facet normal 9.160249169619773e-09 -2.380576063541406e-13 1.0
outer loop
vertex 56.21331460617356 33.383967538536325 3.2580001556898712
vertex 61.3474009703333 37.73515848141217 3.2580001086613803
vertex 54.99107177495986 33.96153049330145 3.2580001668860405
endloop
endfacet
facet normal 9.160249169619773e-09 -2.380576063541406e-13 1.0
outer loop
vertex 54.99107177495986 33.96153049330145 3.2580001668860405
vertex 61.3474009703333 37.73515848141217 3.2580001086613803
vertex 54.94429303250117 33.97688742079912 3.25800016731454
endloop
endfacet
facet normal -0.0001270745049397521 -2.375444020485778e-13 0.9999999919260352
outer loop
vertex 54.94429303250117 33.97688742079912 3.25800016731454
vertex 61.3474009703333 37.73515848141217 3.2580001086613803
vertex 54.94429303250117 38.701542640331965 3.258000167315668
endloop
endfacet
facet normal -0.00016530531838707707 -2.373900130982829e-13 0.9999999863370757
outer loop
vertex 54.94429303250117 38.701542640331965 3.258000167315668
vertex 61.3474009703333 37.73515848141217 3.2580001086613803
vertex 59.47694315223252 38.15179190182054 3.2580001257953164
endloop
endfacet
facet normal -0.00016530531838707707 -2.373900130982829e-13 0.9999999863370757
outer loop
vertex 54.94429303250117 38.701542640331965 3.258000167315668
vertex 59.47694315223252 38.15179190182054 3.2580001257953164
vertex 55.64292706633995 38.65699234705058 3.2580001609159908
endloop
endfacet
facet normal 0.58090296573887 1.9234576162741771e-13 -0.8139728155139981
outer loop
vertex 22.404689486050533 13.4377326416885 -7.945655367266495
vertex 25.65871602881196 16.538987059292047 -5.623374287043902
vertex 25.65871602881196 13.213030607772177 -5.623374287044691
endloop
endfacet
facet normal 0.5316920098653035 2.0083565907012487e-13 -0.8469377820391496
outer loop
vertex 25.65871602881196 16.538987059292047 -5.623374287043902
vertex 22.404689486050533 13.4377326416885 -7.945655367266495
vertex 20.74863376077373 13.845841326067024 -9.127522456568038
endloop
endfacet
facet normal 0.5316920098653035 2.0083565907012487e-13 -0.8469377820391496
outer loop
vertex 25.65871602881196 16.538987059292047 -5.623374287043902
vertex 20.74863376077373 13.845841326067024 -9.127522456568038
vertex 25.591430512303702 16.55313031072769 -5.671393527178139
endloop
endfacet
facet normal 0.58090296573887 1.9234576162741771e-13 -0.8139728155139981
outer loop
vertex 25.591430512303702 16.55313031072769 -5.671393527178139
vertex 20.74863376077373 13.845841326067024 -9.127522456568038
vertex 23.94223670720661 16.93863043860079 -6.848363512169665
endloop
endfacet
facet normal 0.58090296573887 1.9234576162741771e-13 -0.8139728155139981
outer loop
vertex 23.94223670720661 16.93863043860079 -6.848363512169665
vertex 20.74863376077373 13.845841326067024 -9.127522456568038
vertex 22.330796085655862 17.448164481698964 -7.9983904151930885
endloop
endfacet
facet normal 0.58090296573887 1.9234576162741771e-13 -0.8139728155139981
outer loop
vertex 22.330796085655862 17.448164481698964 -7.9983904151930885
vertex 20.74863376077373 13.845841326067024 -9.127522456568038
vertex 20.767434604781904 18.07846739468651 -9.114104974023883
endloop
endfacet
facet normal 0.58090296573887 1.9234576162741771e-13 -0.8139728155139981
outer loop
vertex 20.767434604781904 18.07846739468651 -9.114104974023883
vertex 20.74863376077373 13.845841326067024 -9.127522456568038
vertex 20.74863376077373 18.087797880189058 -9.127522456567023
endloop
endfacet
facet normal 0.6335437042473236 1.844620732380008e-13 -0.7737069049766713
outer loop
vertex 20.74863376077373 38.98992453331583 -9.12752245656206
vertex 20.784511661595797 35.37258203278054 -9.101917696066273
vertex 20.74863376077373 35.36985453459485 -9.127522456562916
endloop
endfacet
facet normal 0.5809029657388709 1.938941771087217e-13 -0.8139728155139976
outer loop
vertex 20.784511661595797 35.37258203278054 -9.101917696066273
vertex 25.65871602881196 39.00822197227848 -5.623374287038532
vertex 25.65871602881196 35.37189043456926 -5.623374287039412
endloop
endfacet
facet normal 0.5254921386391244 2.025322714167222e-13 -0.8507984557040988
outer loop
vertex 25.65871602881196 39.00822197227848 -5.623374287038532
vertex 20.784511661595797 35.37258203278054 -9.101917696066273
vertex 20.74863376077373 38.98992453331583 -9.12752245656206
endloop
endfacet
facet normal 0.0 1.0 2.3799712201011423e-13
outer loop
vertex 4.926172877229958 38.97697956271736 -27.83572056064485
vertex 5.891833627728343 38.976979562718356 -31.999560601712247
vertex 3.866259608649856 38.97697956271822 -31.429461451908924
endloop
endfacet
facet normal 0.0 1.0 2.3799712201011423e-13
outer loop
vertex 5.891833627728343 38.976979562718356 -31.999560601712247
vertex 4.926172877229958 38.97697956271736 -27.83572056064485
vertex 6.904746504001876 38.97697956271754 -28.565179194610327
endloop
endfacet
facet normal -0.0018025884270217803 0.9999982464166299 -0.0005077781285962758
outer loop
vertex 36.04900368498133 39.04460168140986 1.3137417310343096
vertex 36.49544627326806 39.04429345320799 -0.7645260133036729
vertex 35.889917189969594 39.04429345320751 1.2549168201986343
endloop
endfacet
facet normal -0.002300857105114864 0.9999970850643014 -0.0007320652170400824
outer loop
vertex 36.49544627326806 39.04429345320799 -0.7645260133036729
vertex 36.04900368498133 39.04460168140986 1.3137417310343096
vertex 36.64747829703404 39.044601681410334 -0.7083096120212026
endloop
endfacet
facet normal 0.2508597310699911 -0.967970102395942 0.010162489610388145
outer loop
vertex 48.54118507535218 14.869316209593622 1.1492414689641197
vertex 48.44789025707915 14.869316209593123 3.255935460057132
vertex 45.65321608115108 14.092124810172452 0.8929517474702591
endloop
endfacet
facet normal 0.24822836308259494 -0.9686061515796414 0.013594222427655348
outer loop
vertex 48.44789025707915 14.869316209593123 3.255935460057132
vertex 45.44836302141223 14.092124810171955 2.9884985638122528
vertex 45.65321608115108 14.092124810172452 0.8929517474702591
endloop
endfacet
facet normal -0.18200486274574287 -0.9238462839573636 -0.33672284382719475
outer loop
vertex 9.362436476582248 19.179298151524534 -23.05630251496821
vertex 7.497902660720986 19.1792981515243 -22.071225287166264
vertex 7.623535994613177 20.961736782136995 -26.954022902901244
endloop
endfacet
facet normal -0.17084909072221074 -0.9001670738612314 -0.4006367773126952
outer loop
vertex 7.623535994613177 20.961736782136995 -26.954022902901244
vertex 7.497902660720986 19.1792981515243 -22.071225287166264
vertex 5.678315076485712 20.96173678213681 -26.14980465283103
endloop
endfacet
endsolid Modelo Óculos Bike
