solid Modelo Cat Eye
facet normal -0.5693597005734958 -0.8220885179607238 2.693190550745316e-18
outer loop
vertex 127.58228822222657 39.0774750162981 6.416329637970232e-15
vertex 127.22474361828777 39.31514859778144 2.2450000000000054
vertex 127.22474361828777 39.31514859778144 5.9629984226621724e-15
endloop
endfacet
facet normal -0.5376149652866754 -0.8431904583780625 2.7624475438280587e-18
outer loop
vertex 127.22474361828777 39.31514859778144 2.2450000000000054
vertex 127.58228822222657 39.0774750162981 6.416329637970232e-15
vertex 127.58228822222657 39.0774750162981 2.245000000000006
endloop
endfacet
facet normal -0.29624646688727196 -0.9551115279677075 3.1299736293355767e-18
outer loop
vertex 124.5061824652666 40.57572847464444 2.245000000000007
vertex 124.09377188124984 40.695078318933575 8.576266207516435e-15
vertex 124.5061824652666 40.57572847464444 7.646212453218685e-15
endloop
endfacet
facet normal -0.2596304344402681 -0.9657080498330527 3.1648079552696826e-18
outer loop
vertex 124.09377188124984 40.695078318933575 8.576266207516435e-15
vertex 124.5061824652666 40.57572847464444 2.245000000000007
vertex 124.09377188124984 40.695078318933575 2.245000000000008
endloop
endfacet
facet normal -0.8200699658692531 -0.5722632707759622 1.873599928366212e-18
outer loop
vertex 129.22049904667617 37.4909602838067 2.2450000000000094
vertex 129.4240436433267 37.17858047440498 9.931641780690557e-15
vertex 129.4240436433267 37.17858047440498 2.2450000000000094
endloop
endfacet
facet normal -0.854750735409945 -0.519038707917009 1.6990394975199206e-18
outer loop
vertex 129.4240436433267 37.17858047440498 9.931641780690557e-15
vertex 129.22049904667617 37.4909602838067 2.2450000000000094
vertex 129.22049904667617 37.4909602838067 9.572389968678429e-15
endloop
endfacet
facet normal -0.854750735409945 -0.519038707917009 1.6990394975199206e-18
outer loop
vertex 129.4240436433267 37.17858047440498 2.2450000000000094
vertex 129.60734315934732 36.853907045288814 1.0238112835676804e-14
vertex 129.60734315934732 36.853907045288814 2.2450000000000094
endloop
endfacet
facet normal -0.8859820644487655 -0.46371950732646944 1.5176224061111745e-18
outer loop
vertex 129.60734315934732 36.853907045288814 1.0238112835676804e-14
vertex 129.4240436433267 37.17858047440498 2.2450000000000094
vertex 129.4240436433267 37.17858047440498 9.931641780690557e-15
endloop
endfacet
facet normal -0.5376149652866753 -0.8431904583780624 2.762447543828058e-18
outer loop
vertex 127.22474361828777 39.31514859778144 5.9629984226621724e-15
vertex 126.85840065912939 39.539022918363486 2.2450000000000054
vertex 126.85840065912939 39.539022918363486 5.682931866475041e-15
endloop
endfacet
facet normal -0.5050890646451057 -0.8630672261046253 2.8276906450827198e-18
outer loop
vertex 126.85840065912939 39.539022918363486 2.2450000000000054
vertex 127.22474361828777 39.31514859778144 5.9629984226621724e-15
vertex 127.22474361828777 39.31514859778144 2.2450000000000054
endloop
endfacet
facet normal -0.7820797138821225 -0.6231784023327971 2.0405992408546055e-18
outer loop
vertex 128.99753079597855 37.78978583045261 2.245000000000009
vertex 129.22049904667617 37.4909602838067 9.572389968678429e-15
vertex 129.22049904667617 37.4909602838067 2.2450000000000094
endloop
endfacet
facet normal -0.8200699658692531 -0.5722632707759622 1.8735999283662115e-18
outer loop
vertex 129.22049904667617 37.4909602838067 9.572389968678429e-15
vertex 128.99753079597855 37.78978583045261 2.245000000000009
vertex 128.99753079597855 37.78978583045261 9.161807199797892e-15
endloop
endfacet
facet normal -0.8859820644487655 -0.46371950732646944 1.5176224061111745e-18
outer loop
vertex 129.60734315934732 36.853907045288814 2.2450000000000094
vertex 129.7696578694023 36.51825025175224 1.049056633602357e-14
vertex 129.7696578694023 36.51825025175224 2.2450000000000103
endloop
endfacet
facet normal -0.9136379155257724 -0.40652891571660893 1.3300807827458368e-18
outer loop
vertex 129.7696578694023 36.51825025175224 1.049056633602357e-14
vertex 129.60734315934732 36.853907045288814 2.2450000000000094
vertex 129.60734315934732 36.853907045288814 1.0238112835676804e-14
endloop
endfacet
facet normal -0.9136379155257723 -0.4065289157166088 1.3300807827458364e-18
outer loop
vertex 129.7696578694023 36.51825025175224 2.2450000000000103
vertex 129.9103327346464 36.1729646736636 1.0687983477893774e-14
vertex 129.9103327346464 36.1729646736636 2.2450000000000103
endloop
endfacet
facet normal -0.9376066804155911 -0.3476977320030368 1.1371714722490066e-18
outer loop
vertex 129.9103327346464 36.1729646736636 1.0687983477893774e-14
vertex 129.7696578694023 36.51825025175224 2.2450000000000103
vertex 129.7696578694023 36.51825025175224 1.049056633602357e-14
endloop
endfacet
facet normal -0.9376066804155913 -0.34769773200303683 1.1371714722490068e-18
outer loop
vertex 129.9103327346464 36.1729646736636 2.2450000000000103
vertex 130.028800046205 35.81944374890878 1.0829567562721673e-14
vertex 130.028800046205 35.81944374890878 2.2450000000000103
endloop
endfacet
facet normal -0.9577916305341849 -0.28746337589102955 9.396729813368891e-19
outer loop
vertex 130.028800046205 35.81944374890878 1.0829567562721673e-14
vertex 129.9103327346464 36.1729646736636 2.2450000000000103
vertex 129.9103327346464 36.1729646736636 1.0687983477893774e-14
endloop
endfacet
facet normal 0.10370838970589207 -0.9946077467547753 3.2605287874204605e-18
outer loop
vertex 104.15010421686532 42.2432345082795 2.2450000000000108
vertex 100.97011641566097 41.81769255190969 1.0943178675026444e-14
vertex 104.15010421686532 42.2432345082795 1.0943178675026444e-14
endloop
endfacet
facet normal 0.16145187953553305 -0.986880585782517 3.235357077382132e-18
outer loop
vertex 100.97011641566097 41.81769255190969 1.0943178675026444e-14
vertex 104.15010421686532 42.2432345082795 2.2450000000000108
vertex 100.97011641566097 41.81769255190969 2.2450000000000108
endloop
endfacet
facet normal 0.2751008239329782 -0.9614153819610941 3.1521937635216976e-18
outer loop
vertex 94.71136312815274 40.41530004417983 2.2450000000000108
vertex 91.65383997339326 39.44320924052588 1.0943178675026444e-14
vertex 94.71136312815274 40.41530004417983 1.0943178675026444e-14
endloop
endfacet
facet normal 0.33062055175203764 -0.9437637685136986 3.094484417619711e-18
outer loop
vertex 91.65383997339326 39.44320924052588 1.0943178675026444e-14
vertex 94.71136312815274 40.41530004417983 2.2450000000000108
vertex 91.65383997339326 39.44320924052588 2.2450000000000108
endloop
endfacet
facet normal 0.2186473985160272 -0.9758039327253062 3.1992045018988787e-18
outer loop
vertex 97.82030587982234 41.207690944732605 2.2450000000000108
vertex 94.71136312815274 40.41530004417983 1.0943178675026444e-14
vertex 97.82030587982234 41.207690944732605 1.0943178675026444e-14
endloop
endfacet
facet normal 0.2751008239329782 -0.9614153819610941 3.1521937635216976e-18
outer loop
vertex 94.71136312815274 40.41530004417983 1.0943178675026444e-14
vertex 97.82030587982234 41.207690944732605 2.2450000000000108
vertex 94.71136312815274 40.41530004417983 2.2450000000000108
endloop
endfacet
facet normal 0.16145187953553305 -0.986880585782517 3.235357077382132e-18
outer loop
vertex 100.97011641566097 41.81769255190969 2.2450000000000108
vertex 97.82030587982234 41.207690944732605 1.0943178675026444e-14
vertex 100.97011641566097 41.81769255190969 1.0943178675026444e-14
endloop
endfacet
facet normal 0.2186473985160272 -0.9758039327253062 3.1992045018988787e-18
outer loop
vertex 97.82030587982234 41.207690944732605 1.0943178675026444e-14
vertex 100.97011641566097 41.81769255190969 2.2450000000000108
vertex 97.82030587982234 41.207690944732605 2.2450000000000108
endloop
endfacet
facet normal -0.20945180661532947 -0.977818971336502 3.204643314848013e-18
outer loop
vertex 123.25680915697033 40.886214574191854 2.2450000000000108
vertex 120.12342110173256 41.57562567631571 1.0943178675026444e-14
vertex 123.25680915697033 40.886214574191854 1.0943178675026444e-14
endloop
endfacet
facet normal -0.18634148430241584 -0.9824850386789474 3.220001280314307e-18
outer loop
vertex 120.12342110173256 41.57562567631571 1.0943178675026444e-14
vertex 123.25680915697033 40.886214574191854 2.2450000000000108
vertex 120.12342110173256 41.57562567631571 2.2450000000000108
endloop
endfacet
facet normal -0.18634148430241584 -0.9824850386789474 3.220001280314307e-18
outer loop
vertex 120.12342110173256 41.57562567631571 2.2450000000000108
vertex 116.95520361969193 42.081398707360606 1.0943178675026444e-14
vertex 120.12342110173256 41.57562567631571 1.0943178675026444e-14
endloop
endfacet
facet normal -0.1288117246338002 -0.9916690675809476 3.2502625429740985e-18
outer loop
vertex 116.95520361969193 42.081398707360606 1.0943178675026444e-14
vertex 120.12342110173256 41.57562567631571 2.2450000000000108
vertex 116.95520361969193 42.081398707360606 2.2450000000000108
endloop
endfacet
facet normal -0.5050890646451057 -0.8630672261046253 2.8276906450827198e-18
outer loop
vertex 126.85840065912939 39.539022918363486 5.682931866475041e-15
vertex 126.48379164843777 39.74877268415489 2.2450000000000054
vertex 126.48379164843777 39.74877268415489 5.576536911746457e-15
endloop
endfacet
facet normal -0.4718292594362742 -0.8816899397973286 2.8888250549716136e-18
outer loop
vertex 126.48379164843777 39.74877268415489 2.2450000000000054
vertex 126.85840065912939 39.539022918363486 5.682931866475041e-15
vertex 126.85840065912939 39.539022918363486 2.2450000000000054
endloop
endfacet
facet normal -0.696796754977118 -0.7172686262854094 2.349251967961866e-18
outer loop
vertex 128.4969973389281 38.342009928611624 8.193477063830382e-15
vertex 128.22145209033357 38.59317991910516 2.245000000000007
vertex 128.22145209033357 38.59317991910516 7.639637499395108e-15
endloop
endfacet
facet normal -0.6498482168099022 -0.7600640072447782 2.489659780588964e-18
outer loop
vertex 128.22145209033357 38.59317991910516 2.245000000000007
vertex 128.4969973389281 38.342009928611624 8.193477063830382e-15
vertex 128.4969973389281 38.342009928611624 2.245000000000008
endloop
endfacet
facet normal 0.04561291156531033 -0.9989591895060255 3.27463419873577e-18
outer loop
vertex 107.34947634240059 42.48287251608665 2.2450000000000108
vertex 104.15010421686532 42.2432345082795 1.0943178675026444e-14
vertex 107.34947634240059 42.48287251608665 1.0943178675026444e-14
endloop
endfacet
facet normal 0.10370838970589207 -0.9946077467547753 3.2605287874204605e-18
outer loop
vertex 104.15010421686532 42.2432345082795 1.0943178675026444e-14
vertex 107.34947634240059 42.48287251608665 2.2450000000000108
vertex 104.15010421686532 42.2432345082795 2.2450000000000108
endloop
endfacet
facet normal -0.1288117246338002 -0.9916690675809476 3.2502625429740985e-18
outer loop
vertex 116.95520361969193 42.081398707360606 2.2450000000000108
vertex 113.76290970318918 42.40181706372878 1.0943178675026444e-14
vertex 116.95520361969193 42.081398707360606 1.0943178675026444e-14
endloop
endfacet
facet normal -0.07084477544267365 -0.9974873521967471 3.269492350746067e-18
outer loop
vertex 113.76290970318918 42.40181706372878 1.0943178675026444e-14
vertex 116.95520361969193 42.081398707360606 2.2450000000000108
vertex 113.76290970318918 42.40181706372878 2.2450000000000108
endloop
endfacet
facet normal -0.43788387682605234 -0.8990315402786416 2.9457619439676542e-18
outer loop
vertex 126.10146090063753 39.944093124528216 2.2450000000000054
vertex 125.71196394999376 40.12470043495622 5.88512760974219e-15
vertex 126.10146090063753 39.944093124528216 5.643968152485081e-15
endloop
endfacet
facet normal -0.40330224013816474 -0.9150668298542671 2.9984185816259354e-18
outer loop
vertex 125.71196394999376 40.12470043495622 5.88512760974219e-15
vertex 126.10146090063753 39.944093124528216 2.2450000000000054
vertex 125.71196394999376 40.12470043495622 2.2450000000000054
endloop
endfacet
facet normal -0.7409332932843816 -0.6715786289800775 2.1993634909113626e-18
outer loop
vertex 128.75603870410623 38.073851171018 2.245000000000008
vertex 128.99753079597855 37.78978583045261 9.161807199797892e-15
vertex 128.99753079597855 37.78978583045261 2.245000000000009
endloop
endfacet
facet normal -0.7820797138821225 -0.6231784023327971 2.0405992408546055e-18
outer loop
vertex 128.99753079597855 37.78978583045261 9.161807199797892e-15
vertex 128.75603870410623 38.073851171018 2.245000000000008
vertex 128.75603870410623 38.073851171018 8.701550425922463e-15
endloop
endfacet
facet normal -0.22263715375128348 -0.974901378483756 3.195043751607555e-18
outer loop
vertex 123.67711230690446 40.79862383668915 2.2450000000000094
vertex 123.25680915697033 40.886214574191854 1.0943178675026444e-14
vertex 123.67711230690446 40.79862383668915 9.675787490296601e-15
endloop
endfacet
facet normal -0.20945180661532944 -0.9778189713365019 3.204643314848013e-18
outer loop
vertex 123.25680915697033 40.886214574191854 1.0943178675026444e-14
vertex 123.67711230690446 40.79862383668915 2.2450000000000094
vertex 123.25680915697033 40.886214574191854 2.2450000000000108
endloop
endfacet
facet normal -0.012637377692697562 -0.9999201451541279 3.2776254372850916e-18
outer loop
vertex 110.55737406045549 42.53579323922752 2.2450000000000108
vertex 107.34947634240059 42.48287251608665 1.0943178675026444e-14
vertex 110.55737406045549 42.53579323922752 1.0943178675026444e-14
endloop
endfacet
facet normal 0.04561291156531033 -0.9989591895060255 3.27463419873577e-18
outer loop
vertex 107.34947634240059 42.48287251608665 1.0943178675026444e-14
vertex 110.55737406045549 42.53579323922752 2.2450000000000108
vertex 107.34947634240059 42.48287251608665 2.2450000000000108
endloop
endfacet
facet normal -0.07084477544267365 -0.9974873521967471 3.269492350746067e-18
outer loop
vertex 113.76290970318918 42.40181706372878 2.2450000000000108
vertex 110.55737406045549 42.53579323922752 1.0943178675026444e-14
vertex 113.76290970318918 42.40181706372878 1.0943178675026444e-14
endloop
endfacet
facet normal -0.012637377692697562 -0.9999201451541279 3.2776254372850916e-18
outer loop
vertex 110.55737406045549 42.53579323922752 1.0943178675026444e-14
vertex 113.76290970318918 42.40181706372878 2.2450000000000108
vertex 110.55737406045549 42.53579323922752 2.2450000000000108
endloop
endfacet
facet normal -0.259630434440268 -0.9657080498330527 3.1648079552696826e-18
outer loop
vertex 124.09377188124984 40.695078318933575 2.245000000000008
vertex 123.67711230690446 40.79862383668915 9.675787490296601e-15
vertex 124.09377188124984 40.695078318933575 8.576266207516435e-15
endloop
endfacet
facet normal -0.22263715375128354 -0.9749013784837559 3.1950437516075546e-18
outer loop
vertex 123.67711230690446 40.79862383668915 9.675787490296601e-15
vertex 124.09377188124984 40.695078318933575 2.245000000000008
vertex 123.67711230690446 40.79862383668915 2.2450000000000094
endloop
endfacet
facet normal -0.3324320472608573 -0.9431272098470892 3.0905913887813462e-18
outer loop
vertex 124.91374481808356 40.440747721545605 2.2450000000000068
vertex 124.5061824652666 40.57572847464444 7.646212453218685e-15
vertex 124.91374481808356 40.440747721545605 6.886977614209737e-15
endloop
endfacet
facet normal -0.296246466887272 -0.9551115279677073 3.1299736293355775e-18
outer loop
vertex 124.5061824652666 40.57572847464444 7.646212453218685e-15
vertex 124.91374481808356 40.440747721545605 2.2450000000000068
vertex 124.5061824652666 40.57572847464444 2.245000000000007
endloop
endfacet
facet normal -0.3681345971855439 -0.9297725089262628 3.046718456793937e-18
outer loop
vertex 125.31586674340724 40.29033218938525 2.245000000000006
vertex 124.91374481808356 40.440747721545605 6.886977614209737e-15
vertex 125.31586674340724 40.29033218938525 6.299664873977195e-15
endloop
endfacet
facet normal -0.33243204726085734 -0.9431272098470891 3.0905913887813462e-18
outer loop
vertex 124.91374481808356 40.440747721545605 6.886977614209737e-15
vertex 125.31586674340724 40.29033218938525 2.245000000000006
vertex 124.91374481808356 40.440747721545605 2.2450000000000068
endloop
endfacet
facet normal -0.6053469370745732 -0.7959617363758341 2.607450963746694e-18
outer loop
vertex 127.93051495144708 38.82634751840651 7.042266813027885e-15
vertex 127.58228822222657 39.0774750162981 2.245000000000006
vertex 127.58228822222657 39.0774750162981 6.416329637970232e-15
endloop
endfacet
facet normal -0.5693597005734959 -0.8220885179607239 2.6931905507453163e-18
outer loop
vertex 127.58228822222657 39.0774750162981 2.245000000000006
vertex 127.93051495144708 38.82634751840651 7.042266813027885e-15
vertex 127.93051495144708 38.82634751840651 2.2450000000000068
endloop
endfacet
facet normal -0.4718292594362742 -0.8816899397973286 2.8888250549716136e-18
outer loop
vertex 126.48379164843777 39.74877268415489 2.2450000000000054
vertex 126.10146090063753 39.944093124528216 5.643968152485081e-15
vertex 126.48379164843777 39.74877268415489 5.576536911746457e-15
endloop
endfacet
facet normal -0.43788387682605234 -0.8990315402786416 2.9457619439676542e-18
outer loop
vertex 126.10146090063753 39.944093124528216 5.643968152485081e-15
vertex 126.48379164843777 39.74877268415489 2.2450000000000054
vertex 126.10146090063753 39.944093124528216 2.2450000000000054
endloop
endfacet
facet normal -0.40330224013816474 -0.9150668298542672 2.9984185816259354e-18
outer loop
vertex 125.71196394999376 40.12470043495622 2.2450000000000054
vertex 125.31586674340724 40.29033218938525 6.299664873977195e-15
vertex 125.71196394999376 40.12470043495622 5.88512760974219e-15
endloop
endfacet
facet normal -0.368134597185544 -0.9297725089262627 3.0467184567939364e-18
outer loop
vertex 125.31586674340724 40.29033218938525 6.299664873977195e-15
vertex 125.71196394999376 40.12470043495622 2.2450000000000054
vertex 125.31586674340724 40.29033218938525 2.245000000000006
endloop
endfacet
facet normal -0.6498482168099022 -0.7600640072447783 2.489659780588964e-18
outer loop
vertex 128.22145209033357 38.59317991910516 7.639637499395108e-15
vertex 127.93051495144708 38.82634751840651 2.2450000000000068
vertex 127.93051495144708 38.82634751840651 7.042266813027885e-15
endloop
endfacet
facet normal -0.6053469370745732 -0.7959617363758342 2.6074509637466948e-18
outer loop
vertex 127.93051495144708 38.82634751840651 2.2450000000000068
vertex 128.22145209033357 38.59317991910516 7.639637499395108e-15
vertex 128.22145209033357 38.59317991910516 2.245000000000007
endloop
endfacet
facet normal -0.6967967549771181 -0.7172686262854092 2.349251967961866e-18
outer loop
vertex 128.4969973389281 38.342009928611624 2.245000000000008
vertex 128.75603870410623 38.073851171018 8.701550425922463e-15
vertex 128.75603870410623 38.073851171018 2.245000000000008
endloop
endfacet
facet normal -0.7409332932843816 -0.6715786289800775 2.1993634909113626e-18
outer loop
vertex 128.75603870410623 38.073851171018 8.701550425922463e-15
vertex 128.4969973389281 38.342009928611624 2.245000000000008
vertex 128.4969973389281 38.342009928611624 8.193477063830382e-15
endloop
endfacet
facet normal -0.914962659119627 0.40353851416778214 -1.3252603724229257e-18
outer loop
vertex 127.49031326401052 21.478633712681567 2.2450000000000108
vertex 127.16897099678863 20.7618913407428 1.0943178675026444e-14
vertex 127.16897099678863 20.7618913407428 2.2450000000000108
endloop
endfacet
facet normal -0.9099803698521101 0.41465133122156606 -1.3616737418654146e-18
outer loop
vertex 127.16897099678863 20.7618913407428 1.0943178675026444e-14
vertex 127.49031326401052 21.478633712681567 2.2450000000000108
vertex 127.49031326401052 21.478633712681567 1.0943178675026444e-14
endloop
endfacet
facet normal -0.9787602779400129 0.2050080933202122 -6.746670247904261e-19
outer loop
vertex 130.06253413090556 28.672610507101105 2.2450000000000108
vertex 129.9009683866604 27.973395012078342 1.0943178675026444e-14
vertex 129.9009683866604 27.973395012078342 2.2450000000000108
endloop
endfacet
facet normal -0.9694809889236945 0.2451664987626483 -8.062778496496622e-19
outer loop
vertex 129.9009683866604 27.973395012078342 1.0943178675026444e-14
vertex 130.06253413090556 28.672610507101105 2.2450000000000108
vertex 130.06253413090556 28.672610507101105 1.0943178675026444e-14
endloop
endfacet
facet normal -0.9741113072974974 -0.2260689297430337 7.383823368700552e-19
outer loop
vertex 130.12458171622677 35.45911415002004 2.2450000000000108
vertex 130.1972912072591 35.09343002668227 1.0943178675026444e-14
vertex 130.1972912072591 35.09343002668227 2.2450000000000108
endloop
endfacet
facet normal -0.98557080276417 -0.169263678143864 5.521479536720331e-19
outer loop
vertex 130.1972912072591 35.09343002668227 1.0943178675026444e-14
vertex 130.12458171622677 35.45911415002004 2.2450000000000108
vertex 130.12458171622677 35.45911415002004 1.0914747212377447e-14
endloop
endfacet
facet normal -0.98557080276417 -0.169263678143864 5.52147953672033e-19
outer loop
vertex 130.1972912072591 35.09343002668227 2.2450000000000108
vertex 130.30019872747695 34.38320763864047 1.0943178675026444e-14
vertex 130.30019872747695 34.38320763864047 2.2450000000000108
endloop
endfacet
facet normal -0.9924101917311171 -0.12297158756480159 4.003874754772565e-19
outer loop
vertex 130.30019872747695 34.38320763864047 1.0943178675026444e-14
vertex 130.1972912072591 35.09343002668227 2.2450000000000108
vertex 130.1972912072591 35.09343002668227 1.0943178675026444e-14
endloop
endfacet
facet normal -0.9991659695671069 -0.040833384124062136 1.3112647655915549e-19
outer loop
vertex 130.4178265190139 32.953063589191494 2.2450000000000108
vertex 130.43234696391917 32.235571460403236 1.0943178675026444e-14
vertex 130.43234696391917 32.235571460403236 2.2450000000000108
endloop
endfacet
facet normal -0.9999999297951992 0.00037471268545229066 -3.952707156440901e-21
outer loop
vertex 130.43234696391917 32.235571460403236 1.0943178675026444e-14
vertex 130.4178265190139 32.953063589191494 2.2450000000000108
vertex 130.4178265190139 32.953063589191494 1.0943178675026444e-14
endloop
endfacet
facet normal -0.999135087410231 0.04158217293203859 -1.3902517600233868e-19
outer loop
vertex 130.41728881632451 31.51809041508966 2.2450000000000108
vertex 130.37267765705175 30.801839312010802 1.0943178675026444e-14
vertex 130.37267765705175 30.801839312010802 2.2450000000000108
endloop
endfacet
facet normal -0.9965729116087874 0.082718993269892 -2.738614685002342e-19
outer loop
vertex 130.37267765705175 30.801839312010802 1.0943178675026444e-14
vertex 130.41728881632451 31.51809041508966 2.2450000000000108
vertex 130.41728881632451 31.51809041508966 1.0943178675026444e-14
endloop
endfacet
facet normal -0.9585547429544253 0.2849084146872036 -9.365189674952015e-19
outer loop
vertex 129.7107267572941 27.281431197526373 2.2450000000000108
vertex 129.49213242580612 26.597894573463922 1.0943178675026444e-14
vertex 129.49213242580612 26.597894573463922 2.2450000000000108
endloop
endfacet
facet normal -0.9483286607780704 0.3172896959355466 -1.0426344093092253e-18
outer loop
vertex 129.49213242580612 26.597894573463922 1.0943178675026444e-14
vertex 129.7107267572941 27.281431197526373 2.2450000000000108
vertex 129.7107267572941 27.281431197526373 1.0943178675026444e-14
endloop
endfacet
facet normal -0.9483286607780704 0.3172896959355466 -1.0426344093092253e-18
outer loop
vertex 129.49213242580612 26.597894573463922 2.2450000000000108
vertex 129.23298589850612 25.856393691587233 1.0943178675026444e-14
vertex 129.23298589850612 25.856393691587233 2.2450000000000108
endloop
endfacet
facet normal -0.941982133522258 0.3356630157238877 -1.1028434209036543e-18
outer loop
vertex 129.23298589850612 25.856393691587233 1.0943178675026444e-14
vertex 129.49213242580612 26.597894573463922 2.2450000000000108
vertex 129.49213242580612 26.597894573463922 1.0943178675026444e-14
endloop
endfacet
facet normal -0.9335276756260676 0.3585053400441775 -1.1776957361884997e-18
outer loop
vertex 128.6876994804362 24.383134333987062 2.2450000000000108
vertex 128.40164046540804 23.651594369011352 1.0943178675026444e-14
vertex 128.40164046540804 23.651594369011352 2.2450000000000108
endloop
endfacet
facet normal -0.9290924397239192 0.36984758813307944 -1.21486265299021e-18
outer loop
vertex 128.40164046540804 23.651594369011352 1.0943178675026444e-14
vertex 128.6876994804362 24.383134333987062 2.2450000000000108
vertex 128.6876994804362 24.383134333987062 1.0943178675026444e-14
endloop
endfacet
facet normal -0.9048631141986627 0.42570264805694835 -1.3978851507057993e-18
outer loop
vertex 126.83892381459492 20.049115542920195 2.2450000000000108
vertex 126.50022066933722 19.340412036629807 1.0943178675026444e-14
vertex 126.50022066933722 19.340412036629807 2.2450000000000108
endloop
endfacet
facet normal -0.8996116511400526 0.43669082556548894 -1.4338892281428683e-18
outer loop
vertex 126.50022066933722 19.340412036629807 1.0943178675026444e-14
vertex 126.83892381459492 20.049115542920195 2.2450000000000108
vertex 126.83892381459492 20.049115542920195 1.0943178675026444e-14
endloop
endfacet
facet normal -0.8573198432842862 0.5147841162186406 -1.689757693321997e-18
outer loop
vertex 124.93726306228278 16.39317837724504 2.2450000000000108
vertex 123.97987268415596 14.9093225132134 1.0943178675026444e-14
vertex 123.97987268415596 14.9093225132134 2.2450000000000108
endloop
endfacet
facet normal -0.8223670562421371 0.568957313695537 -1.8672379624481142e-18
outer loop
vertex 123.97987268415596 14.9093225132134 1.0943178675026444e-14
vertex 124.93726306228278 16.39317837724504 2.2450000000000108
vertex 124.93726306228278 16.39317837724504 1.0943178675026444e-14
endloop
endfacet
facet normal -0.9198092430385713 0.3923658451251979 -1.2886504431325338e-18
outer loop
vertex 127.80290295544734 22.199236353006306 2.2450000000000108
vertex 127.49031326401052 21.478633712681567 1.0943178675026444e-14
vertex 127.49031326401052 21.478633712681567 2.2450000000000108
endloop
endfacet
facet normal -0.914962659119627 0.40353851416778214 -1.3252603724229257e-18
outer loop
vertex 127.49031326401052 21.478633712681567 1.0943178675026444e-14
vertex 127.80290295544734 22.199236353006306 2.2450000000000108
vertex 127.80290295544734 22.199236353006306 1.0943178675026444e-14
endloop
endfacet
facet normal -0.9965729116087874 0.082718993269892 -2.738614685002342e-19
outer loop
vertex 130.37267765705175 30.801839312010802 2.2450000000000108
vertex 130.29858927166023 30.088034920497766 1.0943178675026444e-14
vertex 130.29858927166023 30.088034920497766 2.2450000000000108
endloop
endfacet
facet normal -0.9923177550221354 0.12371529035583835 -4.0823252438675324e-19
outer loop
vertex 130.29858927166023 30.088034920497766 1.0943178675026444e-14
vertex 130.37267765705175 30.801839312010802 2.2450000000000108
vertex 130.37267765705175 30.801839312010802 1.0943178675026444e-14
endloop
endfacet
facet normal -0.9863768463219035 0.16450141956851386 -5.419100737454726e-19
outer loop
vertex 130.19514952170158 29.37788985340101 2.2450000000000108
vertex 130.06253413090556 28.672610507101105 1.0943178675026444e-14
vertex 130.06253413090556 28.672610507101105 2.2450000000000108
endloop
endfacet
facet normal -0.9787602779400129 0.2050080933202122 -6.746670247904261e-19
outer loop
vertex 130.06253413090556 28.672610507101105 1.0943178675026444e-14
vertex 130.19514952170158 29.37788985340101 2.2450000000000108
vertex 130.19514952170158 29.37788985340101 1.0943178675026444e-14
endloop
endfacet
facet normal -0.8223670562421371 0.568957313695537 -1.8672379624481142e-18
outer loop
vertex 123.97987268415596 14.9093225132134 2.2450000000000108
vertex 122.92885690322665 13.49024168761246 1.0943178675026444e-14
vertex 122.92885690322665 13.49024168761246 2.2450000000000108
endloop
endfacet
facet normal -0.7839961559196761 0.6207656784191368 -2.036957182747712e-18
outer loop
vertex 122.92885690322665 13.49024168761246 1.0943178675026444e-14
vertex 123.97987268415596 14.9093225132134 2.2450000000000108
vertex 123.97987268415596 14.9093225132134 1.0943178675026444e-14
endloop
endfacet
facet normal -0.9099803698521101 0.41465133122156606 -1.3616737418654146e-18
outer loop
vertex 127.16897099678863 20.7618913407428 2.2450000000000108
vertex 126.83892381459492 20.049115542920195 1.0943178675026444e-14
vertex 126.83892381459492 20.049115542920195 2.2450000000000108
endloop
endfacet
facet normal -0.9048631141986627 0.42570264805694835 -1.3978851507057993e-18
outer loop
vertex 126.83892381459492 20.049115542920195 1.0943178675026444e-14
vertex 127.16897099678863 20.7618913407428 2.2450000000000108
vertex 127.16897099678863 20.7618913407428 1.0943178675026444e-14
endloop
endfacet
facet normal -0.7423666283797433 0.6699938724108543 -2.198209927712515e-18
outer loop
vertex 121.78858419579875 12.141834214314345 2.2450000000000108
vertex 120.56379402858022 10.869704658162265 1.0943178675026444e-14
vertex 120.56379402858022 10.869704658162265 2.2450000000000108
endloop
endfacet
facet normal -0.6976515039496367 0.7164372819980895 -2.350325961169129e-18
outer loop
vertex 120.56379402858022 10.869704658162265 1.0943178675026444e-14
vertex 121.78858419579875 12.141834214314345 2.2450000000000108
vertex 121.78858419579875 12.141834214314345 1.0943178675026444e-14
endloop
endfacet
facet normal -0.6500366380323598 0.7599028682769837 -2.4926730230699228e-18
outer loop
vertex 119.25957715940723 9.67914053997475 2.2450000000000108
vertex 120.56379402858022 10.869704658162265 1.0943178675026444e-14
vertex 119.25957715940723 9.67914053997475 1.0943178675026444e-14
endloop
endfacet
facet normal -0.6976515039496367 0.7164372819980895 -2.350325961169129e-18
outer loop
vertex 120.56379402858022 10.869704658162265 1.0943178675026444e-14
vertex 119.25957715940723 9.67914053997475 2.2450000000000108
vertex 120.56379402858022 10.869704658162265 2.2450000000000108
endloop
endfacet
facet normal -0.7839961559196761 0.6207656784191368 -2.036957182747712e-18
outer loop
vertex 122.92885690322665 13.49024168761246 2.2450000000000108
vertex 121.78858419579875 12.141834214314345 1.0943178675026444e-14
vertex 121.78858419579875 12.141834214314345 2.2450000000000108
endloop
endfacet
facet normal -0.7423666283797433 0.6699938724108543 -2.198209927712515e-18
outer loop
vertex 121.78858419579875 12.141834214314345 1.0943178675026444e-14
vertex 122.92885690322665 13.49024168761246 2.2450000000000108
vertex 122.92885690322665 13.49024168761246 1.0943178675026444e-14
endloop
endfacet
facet normal -0.9923177550221354 0.12371529035583835 -4.0823252438675324e-19
outer loop
vertex 130.29858927166023 30.088034920497766 2.2450000000000108
vertex 130.19514952170158 29.37788985340101 1.0943178675026444e-14
vertex 130.19514952170158 29.37788985340101 2.2450000000000108
endloop
endfacet
facet normal -0.9863768463219035 0.16450141956851386 -5.419100737454726e-19
outer loop
vertex 130.19514952170158 29.37788985340101 1.0943178675026444e-14
vertex 130.29858927166023 30.088034920497766 2.2450000000000108
vertex 130.29858927166023 30.088034920497766 1.0943178675026444e-14
endloop
endfacet
facet normal -0.8996116511400526 0.43669082556548894 -1.4338892281428683e-18
outer loop
vertex 126.50022066933722 19.340412036629807 2.2450000000000108
vertex 126.15291179675832 18.63588593529392 1.0943178675026444e-14
vertex 126.15291179675832 18.63588593529392 2.2450000000000108
endloop
endfacet
facet normal -0.8942267595622135 0.44761423400386097 -1.469680634127745e-18
outer loop
vertex 126.15291179675832 18.63588593529392 1.0943178675026444e-14
vertex 126.50022066933722 19.340412036629807 2.2450000000000108
vertex 126.50022066933722 19.340412036629807 1.0943178675026444e-14
endloop
endfacet
facet normal -0.9924101917311171 -0.12297158756480159 4.003874754772565e-19
outer loop
vertex 130.30019872747695 34.38320763864047 2.2450000000000108
vertex 130.37375214897972 33.66934792386548 1.0943178675026444e-14
vertex 130.37375214897972 33.66934792386548 2.2450000000000108
endloop
endfacet
facet normal -0.9966346234598483 -0.08197211306930376 2.659829022589034e-19
outer loop
vertex 130.37375214897972 33.66934792386548 1.0943178675026444e-14
vertex 130.30019872747695 34.38320763864047 2.2450000000000108
vertex 130.30019872747695 34.38320763864047 1.0943178675026444e-14
endloop
endfacet
facet normal -0.941982133522258 0.3356630157238877 -1.1028434209036543e-18
outer loop
vertex 129.23298589850612 25.856393691587233 2.2450000000000108
vertex 128.9648283258593 25.118103777889527 1.0943178675026444e-14
vertex 128.9648283258593 25.118103777889527 2.2450000000000108
endloop
endfacet
facet normal -0.9378244526551555 0.34710991919283746 -1.1403541460176365e-18
outer loop
vertex 128.9648283258593 25.118103777889527 1.0943178675026444e-14
vertex 129.23298589850612 25.856393691587233 2.2450000000000108
vertex 129.23298589850612 25.856393691587233 1.0943178675026444e-14
endloop
endfacet
facet normal -0.9999999297951992 0.00037471268545229066 -3.952707156440901e-21
outer loop
vertex 130.43234696391917 32.235571460403236 2.2450000000000108
vertex 130.41728881632451 31.51809041508966 1.0943178675026444e-14
vertex 130.41728881632451 31.51809041508966 2.2450000000000108
endloop
endfacet
facet normal -0.999135087410231 0.04158217293203859 -1.3902517600233868e-19
outer loop
vertex 130.41728881632451 31.51809041508966 1.0943178675026444e-14
vertex 130.43234696391917 32.235571460403236 2.2450000000000108
vertex 130.43234696391917 32.235571460403236 1.0943178675026444e-14
endloop
endfacet
facet normal -0.9694809889236945 0.2451664987626483 -8.062778496496622e-19
outer loop
vertex 129.9009683866604 27.973395012078342 2.2450000000000108
vertex 129.7107267572941 27.281431197526373 1.0943178675026444e-14
vertex 129.7107267572941 27.281431197526373 2.2450000000000108
endloop
endfacet
facet normal -0.9585547429544253 0.2849084146872036 -9.365189674952015e-19
outer loop
vertex 129.7107267572941 27.281431197526373 1.0943178675026444e-14
vertex 129.9009683866604 27.973395012078342 2.2450000000000108
vertex 129.9009683866604 27.973395012078342 1.0943178675026444e-14
endloop
endfacet
facet normal -0.9245194027736696 0.381134981200909 -1.2518493839030088e-18
outer loop
vertex 128.1066937084495 22.923592383440255 2.2450000000000108
vertex 127.80290295544734 22.199236353006306 1.0943178675026444e-14
vertex 127.80290295544734 22.199236353006306 2.2450000000000108
endloop
endfacet
facet normal -0.9198092430385713 0.3923658451251979 -1.2886504431325338e-18
outer loop
vertex 127.80290295544734 22.199236353006306 1.0943178675026444e-14
vertex 128.1066937084495 22.923592383440255 2.2450000000000108
vertex 128.1066937084495 22.923592383440255 1.0943178675026444e-14
endloop
endfacet
facet normal -0.8942267595622135 0.44761423400386097 -1.469680634127745e-18
outer loop
vertex 126.15291179675832 18.63588593529392 2.2450000000000108
vertex 125.79704870898348 17.93564173275088 1.0943178675026444e-14
vertex 125.79704870898348 17.93564173275088 2.2450000000000108
endloop
endfacet
facet normal -0.8826385912030851 0.47005224956278374 -1.5431991194103928e-18
outer loop
vertex 125.79704870898348 17.93564173275088 1.0943178675026444e-14
vertex 126.15291179675832 18.63588593529392 2.2450000000000108
vertex 126.15291179675832 18.63588593529392 1.0943178675026444e-14
endloop
endfacet
facet normal -0.8826385912030851 0.47005224956278374 -1.5431991194103928e-18
outer loop
vertex 125.79704870898348 17.93564173275088 2.2450000000000108
vertex 124.93726306228278 16.39317837724504 1.0943178675026444e-14
vertex 124.93726306228278 16.39317837724504 2.2450000000000108
endloop
endfacet
facet normal -0.8573198432842862 0.5147841162186406 -1.689757693321997e-18
outer loop
vertex 124.93726306228278 16.39317837724504 1.0943178675026444e-14
vertex 125.79704870898348 17.93564173275088 2.2450000000000108
vertex 125.79704870898348 17.93564173275088 1.0943178675026444e-14
endloop
endfacet
facet normal -0.9290924397239192 0.36984758813307944 -1.21486265299021e-18
outer loop
vertex 128.40164046540804 23.651594369011352 2.2450000000000108
vertex 128.1066937084495 22.923592383440255 1.0943178675026444e-14
vertex 128.1066937084495 22.923592383440255 2.2450000000000108
endloop
endfacet
facet normal -0.9245194027736696 0.381134981200909 -1.2518493839030088e-18
outer loop
vertex 128.1066937084495 22.923592383440255 1.0943178675026444e-14
vertex 128.40164046540804 23.651594369011352 2.2450000000000108
vertex 128.40164046540804 23.651594369011352 1.0943178675026444e-14
endloop
endfacet
facet normal -0.9966346234598483 -0.08197211306930376 2.659829022589034e-19
outer loop
vertex 130.37375214897972 33.66934792386548 2.2450000000000108
vertex 130.4178265190139 32.953063589191494 1.0943178675026444e-14
vertex 130.4178265190139 32.953063589191494 2.2450000000000108
endloop
endfacet
facet normal -0.9991659695671069 -0.040833384124062136 1.3112647655915549e-19
outer loop
vertex 130.4178265190139 32.953063589191494 1.0943178675026444e-14
vertex 130.37375214897972 33.66934792386548 2.2450000000000108
vertex 130.37375214897972 33.66934792386548 1.0943178675026444e-14
endloop
endfacet
facet normal -0.957791630534185 -0.2874633758910296 9.396729813368891e-19
outer loop
vertex 130.028800046205 35.81944374890878 2.2450000000000103
vertex 130.12458171622677 35.45911415002004 1.0914747212377447e-14
vertex 130.12458171622677 35.45911415002004 2.2450000000000108
endloop
endfacet
facet normal -0.9741113072974974 -0.22606892974303372 7.383823368700552e-19
outer loop
vertex 130.12458171622677 35.45911415002004 1.0914747212377447e-14
vertex 130.028800046205 35.81944374890878 2.2450000000000103
vertex 130.028800046205 35.81944374890878 1.0829567562721673e-14
endloop
endfacet
facet normal -0.9378244526551555 0.34710991919283746 -1.1403541460176365e-18
outer loop
vertex 128.9648283258593 25.118103777889527 2.2450000000000108
vertex 128.6876994804362 24.383134333987062 1.0943178675026444e-14
vertex 128.6876994804362 24.383134333987062 2.2450000000000108
endloop
endfacet
facet normal -0.9335276756260676 0.3585053400441775 -1.1776957361884997e-18
outer loop
vertex 128.6876994804362 24.383134333987062 1.0943178675026444e-14
vertex 128.9648283258593 25.118103777889527 2.2450000000000108
vertex 128.9648283258593 25.118103777889527 1.0943178675026444e-14
endloop
endfacet
facet normal -0.77299370130762 0.6344136960523048 -2.081664339482442e-18
outer loop
vertex 55.26502181255039 11.313798792761915 2.2450000000000108
vertex 53.85321507779826 9.720720692077071 1.0943178675026443e-14
vertex 53.85321507779826 9.720720692077071 2.2450000000000108
endloop
endfacet
facet normal -0.7138201346828559 0.7003290764500282 -2.2975685761446217e-18
outer loop
vertex 53.85321507779826 9.720720692077071 1.0943178675026443e-14
vertex 55.26502181255039 11.313798792761915 2.2450000000000108
vertex 55.26502181255039 11.313798792761915 1.0943178675026443e-14
endloop
endfacet
facet normal 0.11761920297549563 0.9930587712171971 -3.2548483758008462e-18
outer loop
vertex 36.39616073434381 3.5745137975542045 2.2450000000000108
vertex 38.51999634966068 3.4316209345949624 1.0943178675026443e-14
vertex 36.39616073434381 3.5745137975542045 1.0943178675026443e-14
endloop
endfacet
facet normal 0.016465798595091362 0.9998644295486393 -3.277432375637877e-18
outer loop
vertex 38.51999634966068 3.4316209345949624 1.0943178675026443e-14
vertex 36.39616073434381 3.5745137975542045 2.2450000000000108
vertex 38.51999634966068 3.4316209345949624 2.2450000000000108
endloop
endfacet
facet normal 0.21756367858475217 0.976046128910243 -3.1988099761060896e-18
outer loop
vertex 34.297708011439795 3.931714386733307 2.2450000000000108
vertex 36.39616073434381 3.5745137975542045 1.0943178675026443e-14
vertex 34.297708011439795 3.931714386733307 1.0943178675026443e-14
endloop
endfacet
facet normal 0.11761920297549563 0.9930587712171971 -3.2548483758008462e-18
outer loop
vertex 36.39616073434381 3.5745137975542045 1.0943178675026443e-14
vertex 34.297708011439795 3.931714386733307 2.2450000000000108
vertex 36.39616073434381 3.5745137975542045 2.2450000000000108
endloop
endfacet
facet normal 0.016465798595091362 0.9998644295486393 -3.277432375637877e-18
outer loop
vertex 38.51999634966068 3.4316209345949624 2.2450000000000108
vertex 40.64738537788685 3.504504497598742 1.0943178675026443e-14
vertex 38.51999634966068 3.4316209345949624 1.0943178675026443e-14
endloop
endfacet
facet normal -0.08485684666740659 0.9963931531146049 -3.2663298498547343e-18
outer loop
vertex 40.64738537788685 3.504504497598742 1.0943178675026443e-14
vertex 38.51999634966068 3.4316209345949624 2.2450000000000108
vertex 40.64738537788685 3.504504497598742 2.2450000000000108
endloop
endfacet
facet normal 0.08485684666740771 0.9963931531146047 -3.2658674770261777e-18
outer loop
vertex 101.68887286385471 3.504504497598742 2.2450000000000108
vertex 103.816261892081 3.4316209345949624 1.0943178675026444e-14
vertex 101.68887286385471 3.504504497598742 1.0943178675026444e-14
endloop
endfacet
facet normal -0.016465798595093513 0.9998644295486394 -3.2775220954208983e-18
outer loop
vertex 103.816261892081 3.4316209345949624 1.0943178675026444e-14
vertex 101.68887286385471 3.504504497598742 2.2450000000000108
vertex 103.816261892081 3.4316209345949624 2.2450000000000108
endloop
endfacet
facet normal 0.3064936676046908 0.951872697222809 -3.119329078231649e-18
outer loop
vertex 32.24620676675331 4.499551277242218 2.2450000000000108
vertex 34.297708011439795 3.931714386733307 1.0943178675026443e-14
vertex 32.24620676675331 4.499551277242218 1.0943178675026443e-14
endloop
endfacet
facet normal 0.21756367858475217 0.976046128910243 -3.1988099761060896e-18
outer loop
vertex 34.297708011439795 3.931714386733307 1.0943178675026443e-14
vertex 32.24620676675331 4.499551277242218 2.2450000000000108
vertex 34.297708011439795 3.931714386733307 2.2450000000000108
endloop
endfacet
facet normal 0.3757674628848488 0.9267139870731876 -3.036672066674585e-18
outer loop
vertex 30.589176981053367 5.110023922537802 2.2450000000000108
vertex 32.24620676675331 4.499551277242218 1.0943178675026443e-14
vertex 30.589176981053367 5.110023922537802 1.0943178675026443e-14
endloop
endfacet
facet normal 0.3064936676046908 0.951872697222809 -3.119329078231649e-18
outer loop
vertex 32.24620676675331 4.499551277242218 1.0943178675026443e-14
vertex 30.589176981053367 5.110023922537802 2.2450000000000108
vertex 32.24620676675331 4.499551277242218 2.2450000000000108
endloop
endfacet
facet normal -0.3757674628848302 0.926713987073195 -3.0387195698698934e-18
outer loop
vertex 111.74708126068836 5.110023922537802 2.2450000000000108
vertex 113.36133041722076 5.826001730842849 1.0943178675026444e-14
vertex 111.74708126068836 5.110023922537802 1.0943178675026444e-14
endloop
endfacet
facet normal -0.43470111031887987 0.9005747857271672 -2.953197877032229e-18
outer loop
vertex 113.36133041722076 5.826001730842849 1.0943178675026444e-14
vertex 111.74708126068836 5.110023922537802 2.2450000000000108
vertex 113.36133041722076 5.826001730842849 2.2450000000000108
endloop
endfacet
facet normal 0.6392421502077825 0.7690055093415984 -2.518998219141189e-18
outer loop
vertex 90.0488963402835 8.278777585946061 2.2450000000000108
vertex 91.75270160534741 7.00279023886392 1.0943178675026444e-14
vertex 90.0488963402835 8.278777585946061 1.0943178675026444e-14
endloop
endfacet
facet normal 0.558093825111678 0.8297778512181535 -2.7184262755830307e-18
outer loop
vertex 91.75270160534741 7.00279023886392 1.0943178675026444e-14
vertex 90.0488963402835 8.278777585946061 2.2450000000000108
vertex 91.75270160534741 7.00279023886392 2.2450000000000108
endloop
endfacet
facet normal 0.18530730540958723 0.9826806208335638 -3.2206452008348414e-18
outer loop
vertex 99.57979642536709 3.7924153653846235 2.2450000000000108
vertex 101.68887286385471 3.504504497598742 1.0943178675026444e-14
vertex 99.57979642536709 3.7924153653846235 1.0943178675026444e-14
endloop
endfacet
facet normal 0.08485684666740771 0.9963931531146047 -3.2658674770261777e-18
outer loop
vertex 101.68887286385471 3.504504497598742 1.0943178675026444e-14
vertex 99.57979642536709 3.7924153653846235 2.2450000000000108
vertex 101.68887286385471 3.504504497598742 2.2450000000000108
endloop
endfacet
facet normal 0.7138201346828579 0.7003290764500263 -2.2936790722599507e-18
outer loop
vertex 88.48304316394325 9.720720692077071 2.2450000000000108
vertex 90.0488963402835 8.278777585946061 1.0943178675026444e-14
vertex 88.48304316394325 9.720720692077071 1.0943178675026444e-14
endloop
endfacet
facet normal 0.6392421502077825 0.7690055093415984 -2.518998219141189e-18
outer loop
vertex 90.0488963402835 8.278777585946061 1.0943178675026444e-14
vertex 88.48304316394325 9.720720692077071 2.2450000000000108
vertex 90.0488963402835 8.278777585946061 2.2450000000000108
endloop
endfacet
facet normal -0.43470111031887987 0.9005747857271672 -2.953197877032229e-18
outer loop
vertex 113.36133041722076 5.826001730842849 2.2450000000000108
vertex 114.92608942669104 6.644508788620658 1.0943178675026444e-14
vertex 113.36133041722076 5.826001730842849 1.0943178675026444e-14
endloop
endfacet
facet normal -0.4918279518663435 0.870692405940788 -2.8554014161257774e-18
outer loop
vertex 114.92608942669104 6.644508788620658 1.0943178675026444e-14
vertex 113.36133041722076 5.826001730842849 2.2450000000000108
vertex 114.92608942669104 6.644508788620658 2.2450000000000108
endloop
endfacet
facet normal -0.6392421502077962 0.769005509341587 -2.5224813582481472e-18
outer loop
vertex 52.287361901458155 8.278777585946061 2.2450000000000108
vertex 53.85321507779826 9.720720692077071 1.0943178675026443e-14
vertex 52.287361901458155 8.278777585946061 1.0943178675026443e-14
endloop
endfacet
facet normal -0.7138201346828559 0.7003290764500282 -2.2975685761446217e-18
outer loop
vertex 53.85321507779826 9.720720692077071 1.0943178675026443e-14
vertex 52.287361901458155 8.278777585946061 2.2450000000000108
vertex 53.85321507779826 9.720720692077071 2.2450000000000108
endloop
endfacet
facet normal -0.5580938251116502 0.8297778512181723 -2.7214672490655006e-18
outer loop
vertex 50.58355663639421 7.00279023886392 2.2450000000000108
vertex 52.287361901458155 8.278777585946061 1.0943178675026443e-14
vertex 50.58355663639421 7.00279023886392 1.0943178675026443e-14
endloop
endfacet
facet normal -0.6392421502077962 0.769005509341587 -2.5224813582481472e-18
outer loop
vertex 52.287361901458155 8.278777585946061 1.0943178675026443e-14
vertex 50.58355663639421 7.00279023886392 2.2450000000000108
vertex 52.287361901458155 8.278777585946061 2.2450000000000108
endloop
endfacet
facet normal -0.5469105436580108 0.8371910518129652 -2.7457366715533914e-18
outer loop
vertex 116.4348544736681 7.5621430264145015 2.2450000000000108
vertex 117.88135447785392 8.575090359320601 1.0943178675026444e-14
vertex 116.4348544736681 7.5621430264145015 1.0943178675026444e-14
endloop
endfacet
facet normal -0.5997199386111367 0.8002099694656738 -2.624659457439501e-18
outer loop
vertex 117.88135447785392 8.575090359320601 1.0943178675026444e-14
vertex 116.4348544736681 7.5621430264145015 2.2450000000000108
vertex 117.88135447785392 8.575090359320601 2.2450000000000108
endloop
endfacet
facet normal -0.5997199386111367 0.8002099694656738 -2.624659457439501e-18
outer loop
vertex 117.88135447785392 8.575090359320601 2.2450000000000108
vertex 119.25957715940723 9.67914053997475 1.0943178675026444e-14
vertex 117.88135447785392 8.575090359320601 1.0943178675026444e-14
endloop
endfacet
facet normal -0.6500366380323598 0.7599028682769837 -2.4926730230699228e-18
outer loop
vertex 119.25957715940723 9.67914053997475 1.0943178675026444e-14
vertex 117.88135447785392 8.575090359320601 2.2450000000000108
vertex 119.25957715940723 9.67914053997475 2.2450000000000108
endloop
endfacet
facet normal -0.30649366760468066 0.9518726972228122 -3.1209991184180486e-18
outer loop
vertex 110.0900514749882 4.499551277242218 2.2450000000000108
vertex 111.74708126068836 5.110023922537802 1.0943178675026444e-14
vertex 110.0900514749882 4.499551277242218 1.0943178675026444e-14
endloop
endfacet
facet normal -0.3757674628848302 0.926713987073195 -3.0387195698698934e-18
outer loop
vertex 111.74708126068836 5.110023922537802 1.0943178675026444e-14
vertex 110.0900514749882 4.499551277242218 2.2450000000000108
vertex 111.74708126068836 5.110023922537802 2.2450000000000108
endloop
endfacet
facet normal -0.016465798595093513 0.9998644295486394 -3.2775220954208983e-18
outer loop
vertex 103.816261892081 3.4316209345949624 2.2450000000000108
vertex 105.9400975073978 3.5745137975542045 1.0943178675026444e-14
vertex 103.816261892081 3.4316209345949624 1.0943178675026444e-14
endloop
endfacet
facet normal -0.11761920297549433 0.9930587712171972 -3.2554892660260667e-18
outer loop
vertex 105.9400975073978 3.5745137975542045 1.0943178675026444e-14
vertex 103.816261892081 3.4316209345949624 2.2450000000000108
vertex 105.9400975073978 3.5745137975542045 2.2450000000000108
endloop
endfacet
facet normal 0.4712092285129124 0.8820214640042872 -2.889913454568702e-18
outer loop
vertex 93.57694668942655 5.905873667566859 2.2450000000000108
vertex 95.5028814028242 4.999302340586249 1.0943178675026444e-14
vertex 93.57694668942655 5.905873667566859 1.0943178675026444e-14
endloop
endfacet
facet normal 0.37948138881118937 0.9251993707012188 -3.031697154589804e-18
outer loop
vertex 95.5028814028242 4.999302340586249 1.0943178675026444e-14
vertex 93.57694668942655 5.905873667566859 2.2450000000000108
vertex 95.5028814028242 4.999302340586249 2.2450000000000108
endloop
endfacet
facet normal 0.7729937013076514 0.6344136960522665 -2.0774524072910323e-18
outer loop
vertex 87.07123642919127 11.313798792761915 1.0943178675026444e-14
vertex 88.48304316394325 9.720720692077071 2.2450000000000108
vertex 88.48304316394325 9.720720692077071 1.0943178675026444e-14
endloop
endfacet
facet normal 0.7138201346828579 0.7003290764500263 -2.2936790722599507e-18
outer loop
vertex 88.48304316394325 9.720720692077071 2.2450000000000108
vertex 87.07123642919127 11.313798792761915 1.0943178675026444e-14
vertex 87.07123642919127 11.313798792761915 2.2450000000000108
endloop
endfacet
facet normal -0.21756367858475878 0.9760461289102417 -3.19999544949343e-18
outer loop
vertex 108.03855023030187 3.931714386733307 2.2450000000000108
vertex 110.0900514749882 4.499551277242218 1.0943178675026444e-14
vertex 108.03855023030187 3.931714386733307 1.0943178675026444e-14
endloop
endfacet
facet normal -0.30649366760468066 0.9518726972228122 -3.1209991184180486e-18
outer loop
vertex 110.0900514749882 4.499551277242218 1.0943178675026444e-14
vertex 108.03855023030187 3.931714386733307 2.2450000000000108
vertex 110.0900514749882 4.499551277242218 2.2450000000000108
endloop
endfacet
facet normal -0.11761920297549433 0.9930587712171972 -3.2554892660260667e-18
outer loop
vertex 105.9400975073978 3.5745137975542045 2.2450000000000108
vertex 108.03855023030187 3.931714386733307 1.0943178675026444e-14
vertex 105.9400975073978 3.5745137975542045 1.0943178675026444e-14
endloop
endfacet
facet normal -0.21756367858475878 0.9760461289102417 -3.19999544949343e-18
outer loop
vertex 108.03855023030187 3.931714386733307 1.0943178675026444e-14
vertex 105.9400975073978 3.5745137975542045 2.2450000000000108
vertex 108.03855023030187 3.931714386733307 2.2450000000000108
endloop
endfacet
facet normal 0.558093825111678 0.8297778512181535 -2.7184262755830307e-18
outer loop
vertex 91.75270160534741 7.00279023886392 2.2450000000000108
vertex 93.57694668942655 5.905873667566859 1.0943178675026444e-14
vertex 91.75270160534741 7.00279023886392 1.0943178675026444e-14
endloop
endfacet
facet normal 0.4712092285129124 0.8820214640042872 -2.889913454568702e-18
outer loop
vertex 93.57694668942655 5.905873667566859 1.0943178675026444e-14
vertex 91.75270160534741 7.00279023886392 2.2450000000000108
vertex 93.57694668942655 5.905873667566859 2.2450000000000108
endloop
endfacet
facet normal -0.4712092285129164 0.8820214640042852 -2.892481006303006e-18
outer loop
vertex 48.75931155231502 5.905873667566965 2.2450000000000108
vertex 50.58355663639421 7.00279023886392 1.0943178675026443e-14
vertex 48.75931155231502 5.905873667566965 1.0943178675026443e-14
endloop
endfacet
facet normal -0.5580938251116502 0.8297778512181723 -2.7214672490655006e-18
outer loop
vertex 50.58355663639421 7.00279023886392 1.0943178675026443e-14
vertex 48.75931155231502 5.905873667566965 2.2450000000000108
vertex 50.58355663639421 7.00279023886392 2.2450000000000108
endloop
endfacet
facet normal 0.37948138881118937 0.9251993707012188 -3.031697154589804e-18
outer loop
vertex 95.5028814028242 4.999302340586249 2.2450000000000108
vertex 97.51071035645798 4.292394295560058 1.0943178675026444e-14
vertex 95.5028814028242 4.999302340586249 1.0943178675026444e-14
endloop
endfacet
facet normal 0.2838531148483323 0.9588677746127979 -3.142320076243679e-18
outer loop
vertex 97.51071035645798 4.292394295560058 1.0943178675026444e-14
vertex 95.5028814028242 4.999302340586249 2.2450000000000108
vertex 97.51071035645798 4.292394295560058 2.2450000000000108
endloop
endfacet
facet normal -0.4918279518663435 0.870692405940788 -2.8554014161257774e-18
outer loop
vertex 114.92608942669104 6.644508788620658 2.2450000000000108
vertex 116.4348544736681 7.5621430264145015 1.0943178675026444e-14
vertex 114.92608942669104 6.644508788620658 1.0943178675026444e-14
endloop
endfacet
facet normal -0.5469105436580108 0.8371910518129652 -2.7457366715533914e-18
outer loop
vertex 116.4348544736681 7.5621430264145015 1.0943178675026444e-14
vertex 114.92608942669104 6.644508788620658 2.2450000000000108
vertex 116.4348544736681 7.5621430264145015 2.2450000000000108
endloop
endfacet
facet normal -0.37948138881121535 0.9251993707012081 -3.0337648944365794e-18
outer loop
vertex 46.83337683891747 4.999302340586249 2.2450000000000108
vertex 48.75931155231502 5.905873667566965 1.0943178675026443e-14
vertex 46.83337683891747 4.999302340586249 1.0943178675026443e-14
endloop
endfacet
facet normal -0.4712092285129164 0.8820214640042852 -2.892481006303006e-18
outer loop
vertex 48.75931155231502 5.905873667566965 1.0943178675026443e-14
vertex 46.83337683891747 4.999302340586249 2.2450000000000108
vertex 48.75931155231502 5.905873667566965 2.2450000000000108
endloop
endfacet
facet normal -0.8113870355474968 0.5845092630108144 -1.91818611913546e-18
outer loop
vertex 56.17973999458563 12.518666564771866 2.2450000000000108
vertex 55.26502181255039 11.313798792761915 1.0943178675026443e-14
vertex 55.26502181255039 11.313798792761915 2.2450000000000108
endloop
endfacet
facet normal -0.77299370130762 0.6344136960523048 -2.081664339482442e-18
outer loop
vertex 55.26502181255039 11.313798792761915 1.0943178675026443e-14
vertex 56.17973999458563 12.518666564771866 2.2450000000000108
vertex 56.17973999458563 12.518666564771866 1.0943178675026443e-14
endloop
endfacet
facet normal -0.2838531148483287 0.9588677746127992 -3.1438667512942102e-18
outer loop
vertex 44.82554788528364 4.292394295560058 2.2450000000000108
vertex 46.83337683891747 4.999302340586249 1.0943178675026443e-14
vertex 44.82554788528364 4.292394295560058 1.0943178675026443e-14
endloop
endfacet
facet normal -0.37948138881121535 0.9251993707012081 -3.0337648944365794e-18
outer loop
vertex 46.83337683891747 4.999302340586249 1.0943178675026443e-14
vertex 44.82554788528364 4.292394295560058 2.2450000000000108
vertex 46.83337683891747 4.999302340586249 2.2450000000000108
endloop
endfacet
facet normal -0.1853073054095857 0.9826806208335639 -3.2216549138552902e-18
outer loop
vertex 42.75646181637454 3.7924153653846235 2.2450000000000108
vertex 44.82554788528364 4.292394295560058 1.0943178675026443e-14
vertex 42.75646181637454 3.7924153653846235 1.0943178675026443e-14
endloop
endfacet
facet normal -0.2838531148483287 0.9588677746127992 -3.1438667512942102e-18
outer loop
vertex 44.82554788528364 4.292394295560058 1.0943178675026443e-14
vertex 42.75646181637454 3.7924153653846235 2.2450000000000108
vertex 44.82554788528364 4.292394295560058 2.2450000000000108
endloop
endfacet
facet normal -0.08485684666740659 0.9963931531146049 -3.2663298498547343e-18
outer loop
vertex 40.64738537788685 3.504504497598742 2.2450000000000108
vertex 42.75646181637454 3.7924153653846235 1.0943178675026443e-14
vertex 40.64738537788685 3.504504497598742 1.0943178675026443e-14
endloop
endfacet
facet normal -0.1853073054095857 0.9826806208335639 -3.2216549138552902e-18
outer loop
vertex 42.75646181637454 3.7924153653846235 1.0943178675026443e-14
vertex 40.64738537788685 3.504504497598742 2.2450000000000108
vertex 42.75646181637454 3.7924153653846235 2.2450000000000108
endloop
endfacet
facet normal 0.2838531148483323 0.9588677746127979 -3.142320076243679e-18
outer loop
vertex 97.51071035645798 4.292394295560058 2.2450000000000108
vertex 99.57979642536709 3.7924153653846235 1.0943178675026444e-14
vertex 97.51071035645798 4.292394295560058 1.0943178675026444e-14
endloop
endfacet
facet normal 0.18530730540958723 0.9826806208335638 -3.2206452008348414e-18
outer loop
vertex 99.57979642536709 3.7924153653846235 1.0943178675026444e-14
vertex 97.51071035645798 4.292394295560058 2.2450000000000108
vertex 99.57979642536709 3.7924153653846235 2.2450000000000108
endloop
endfacet
facet normal 0.9585547429544167 0.2849084146872332 -9.31295939711077e-19
outer loop
vertex 12.625531484447508 27.281431197526373 1.0943178675026443e-14
vertex 12.844125815935445 26.597894573463922 2.2450000000000108
vertex 12.844125815935445 26.597894573463922 1.0943178675026443e-14
endloop
endfacet
facet normal 0.9483286607780533 0.31728969593559747 -1.037467101985294e-18
outer loop
vertex 12.844125815935445 26.597894573463922 2.2450000000000108
vertex 12.625531484447508 27.281431197526373 1.0943178675026443e-14
vertex 12.625531484447508 27.281431197526373 2.2450000000000108
endloop
endfacet
facet normal 0.9694809889236942 0.24516649876264943 -8.0099528631289095e-19
outer loop
vertex 12.43528985508113 27.973395012078342 1.0943178675026443e-14
vertex 12.625531484447508 27.281431197526373 2.2450000000000108
vertex 12.625531484447508 27.281431197526373 1.0943178675026443e-14
endloop
endfacet
facet normal 0.9585547429544167 0.2849084146872332 -9.31295939711077e-19
outer loop
vertex 12.625531484447508 27.281431197526373 2.2450000000000108
vertex 12.43528985508113 27.973395012078342 1.0943178675026443e-14
vertex 12.43528985508113 27.973395012078342 2.2450000000000108
endloop
endfacet
facet normal 0.9787602779400342 0.2050080933201108 -6.693338999337953e-19
outer loop
vertex 12.27372411083606 28.672610507101105 1.0943178675026443e-14
vertex 12.43528985508113 27.973395012078342 2.2450000000000108
vertex 12.43528985508113 27.973395012078342 1.0943178675026443e-14
endloop
endfacet
facet normal 0.9694809889236942 0.24516649876264943 -8.0099528631289095e-19
outer loop
vertex 12.43528985508113 27.973395012078342 2.2450000000000108
vertex 12.27372411083606 28.672610507101105 1.0943178675026443e-14
vertex 12.27372411083606 28.672610507101105 2.2450000000000108
endloop
endfacet
facet normal 0.7839961559196809 0.6207656784191307 -2.032685299753852e-18
outer loop
vertex 19.40740133851497 13.49024168761246 1.0943178675026443e-14
vertex 20.547674045942774 12.141834214314345 2.2450000000000108
vertex 20.547674045942774 12.141834214314345 1.0943178675026443e-14
endloop
endfacet
facet normal 0.7423666283797437 0.6699938724108541 -2.194164878063961e-18
outer loop
vertex 20.547674045942774 12.141834214314345 2.2450000000000108
vertex 19.40740133851497 13.49024168761246 1.0943178675026443e-14
vertex 19.40740133851497 13.49024168761246 2.2450000000000108
endloop
endfacet
facet normal 0.9863768463219031 0.16450141956851602 -5.365354472967355e-19
outer loop
vertex 12.14110872004008 29.37788985340101 1.0943178675026443e-14
vertex 12.27372411083606 28.672610507101105 2.2450000000000108
vertex 12.27372411083606 28.672610507101105 1.0943178675026443e-14
endloop
endfacet
facet normal 0.9787602779400342 0.2050080933201108 -6.693338999337953e-19
outer loop
vertex 12.27372411083606 28.672610507101105 2.2450000000000108
vertex 12.14110872004008 29.37788985340101 1.0943178675026443e-14
vertex 12.14110872004008 29.37788985340101 2.2450000000000108
endloop
endfacet
facet normal 0.5469105436580306 0.8371910518129524 -2.7427566341731103e-18
outer loop
vertex 25.901403768073557 7.5621430264145015 2.2450000000000108
vertex 27.410168815050522 6.644508788620658 1.0943178675026443e-14
vertex 25.901403768073557 7.5621430264145015 1.0943178675026443e-14
endloop
endfacet
facet normal 0.49182795186633715 0.8706924059407916 -2.852721515915044e-18
outer loop
vertex 27.410168815050522 6.644508788620658 1.0943178675026443e-14
vertex 25.901403768073557 7.5621430264145015 2.2450000000000108
vertex 27.410168815050522 6.644508788620658 2.2450000000000108
endloop
endfacet
facet normal 0.9099803698521082 0.4146513312215703 -1.3567153888973087e-18
outer loop
vertex 15.167287244952936 20.7618913407428 1.0943178675026443e-14
vertex 15.497334427146699 20.049115542920195 2.2450000000000108
vertex 15.497334427146699 20.049115542920195 1.0943178675026443e-14
endloop
endfacet
facet normal 0.9048631141986896 0.4257026480568914 -1.3929546809321181e-18
outer loop
vertex 15.497334427146699 20.049115542920195 2.2450000000000108
vertex 15.167287244952936 20.7618913407428 1.0943178675026443e-14
vertex 15.167287244952936 20.7618913407428 2.2450000000000108
endloop
endfacet
facet normal 0.9923177550221316 0.12371529035586921 -4.0282552677576096e-19
outer loop
vertex 12.037668970081372 30.088034920497766 1.0943178675026443e-14
vertex 12.14110872004008 29.37788985340101 2.2450000000000108
vertex 12.14110872004008 29.37788985340101 1.0943178675026443e-14
endloop
endfacet
facet normal 0.9863768463219031 0.16450141956851602 -5.365354472967355e-19
outer loop
vertex 12.14110872004008 29.37788985340101 2.2450000000000108
vertex 12.037668970081372 30.088034920497766 1.0943178675026443e-14
vertex 12.037668970081372 30.088034920497766 2.2450000000000108
endloop
endfacet
facet normal 0.996572911608785 0.08271899326991937 -2.6843128514919674e-19
outer loop
vertex 11.96358058468986 30.801839312010802 1.0943178675026443e-14
vertex 12.037668970081372 30.088034920497766 2.2450000000000108
vertex 12.037668970081372 30.088034920497766 1.0943178675026443e-14
endloop
endfacet
facet normal 0.9923177550221316 0.12371529035586921 -4.0282552677576096e-19
outer loop
vertex 12.037668970081372 30.088034920497766 2.2450000000000108
vertex 11.96358058468986 30.801839312010802 1.0943178675026443e-14
vertex 11.96358058468986 30.801839312010802 2.2450000000000108
endloop
endfacet
facet normal 0.7423666283797437 0.6699938724108541 -2.194164878063961e-18
outer loop
vertex 20.547674045942774 12.141834214314345 1.0943178675026443e-14
vertex 21.7724642131614 10.869704658162265 2.2450000000000108
vertex 21.7724642131614 10.869704658162265 1.0943178675026443e-14
endloop
endfacet
facet normal 0.6976515039496369 0.7164372819980894 -2.3465245578422804e-18
outer loop
vertex 21.7724642131614 10.869704658162265 2.2450000000000108
vertex 20.547674045942774 12.141834214314345 1.0943178675026443e-14
vertex 20.547674045942774 12.141834214314345 2.2450000000000108
endloop
endfacet
facet normal 0.8223670562421317 0.568957313695545 -1.862757001902953e-18
outer loop
vertex 18.356385557585593 14.9093225132134 1.0943178675026443e-14
vertex 19.40740133851497 13.49024168761246 2.2450000000000108
vertex 19.40740133851497 13.49024168761246 1.0943178675026443e-14
endloop
endfacet
facet normal 0.7839961559196809 0.6207656784191307 -2.032685299753852e-18
outer loop
vertex 19.40740133851497 13.49024168761246 2.2450000000000108
vertex 18.356385557585593 14.9093225132134 1.0943178675026443e-14
vertex 18.356385557585593 14.9093225132134 2.2450000000000108
endloop
endfacet
facet normal 0.9991350874102262 0.04158217293215826 -1.3358103172188399e-19
outer loop
vertex 11.918969425417053 31.51809041508966 1.0943178675026443e-14
vertex 11.96358058468986 30.801839312010802 2.2450000000000108
vertex 11.96358058468986 30.801839312010802 1.0943178675026443e-14
endloop
endfacet
facet normal 0.996572911608785 0.08271899326991937 -2.6843128514919674e-19
outer loop
vertex 11.96358058468986 30.801839312010802 2.2450000000000108
vertex 11.918969425417053 31.51809041508966 1.0943178675026443e-14
vertex 11.918969425417053 31.51809041508966 2.2450000000000108
endloop
endfacet
facet normal 0.9999999297951992 0.00037471268545229207 1.4961495269463413e-21
outer loop
vertex 11.903911277822276 32.235571460403236 1.0943178675026443e-14
vertex 11.918969425417053 31.51809041508966 2.2450000000000108
vertex 11.918969425417053 31.51809041508966 1.0943178675026443e-14
endloop
endfacet
facet normal 0.9991350874102262 0.04158217293215826 -1.3358103172188399e-19
outer loop
vertex 11.918969425417053 31.51809041508966 2.2450000000000108
vertex 11.903911277822276 32.235571460403236 1.0943178675026443e-14
vertex 11.903911277822276 32.235571460403236 2.2450000000000108
endloop
endfacet
facet normal 0.9245194027736799 0.3811349812008842 -1.2468118098225413e-18
outer loop
vertex 14.22956453329198 22.923592383440255 1.0943178675026443e-14
vertex 14.53335528629423 22.199236353006306 2.2450000000000108
vertex 14.53335528629423 22.199236353006306 1.0943178675026443e-14
endloop
endfacet
facet normal 0.9198092430385453 0.39236584512525857 -1.2836385340395013e-18
outer loop
vertex 14.53335528629423 22.199236353006306 2.2450000000000108
vertex 14.22956453329198 22.923592383440255 1.0943178675026443e-14
vertex 14.22956453329198 22.923592383440255 2.2450000000000108
endloop
endfacet
facet normal 0.929092439723942 0.36984758813302226 -1.2098001610849372e-18
outer loop
vertex 13.934617776333562 23.651594369011352 1.0943178675026443e-14
vertex 14.22956453329198 22.923592383440255 2.2450000000000108
vertex 14.22956453329198 22.923592383440255 1.0943178675026443e-14
endloop
endfacet
facet normal 0.9245194027736799 0.3811349812008842 -1.2468118098225413e-18
outer loop
vertex 14.22956453329198 22.923592383440255 2.2450000000000108
vertex 13.934617776333562 23.651594369011352 1.0943178675026443e-14
vertex 13.934617776333562 23.651594369011352 2.2450000000000108
endloop
endfacet
facet normal 0.9335276756260799 0.3585053400441461 -1.1726090773168273e-18
outer loop
vertex 13.648558761305397 24.383134333987062 1.0943178675026443e-14
vertex 13.934617776333562 23.651594369011352 2.2450000000000108
vertex 13.934617776333562 23.651594369011352 1.0943178675026443e-14
endloop
endfacet
facet normal 0.929092439723942 0.36984758813302226 -1.2098001610849372e-18
outer loop
vertex 13.934617776333562 23.651594369011352 2.2450000000000108
vertex 13.648558761305397 24.383134333987062 1.0943178675026443e-14
vertex 13.648558761305397 24.383134333987062 2.2450000000000108
endloop
endfacet
facet normal 0.9991659695671037 -0.04083338412414458 1.3657078911273141e-19
outer loop
vertex 11.918431722727687 32.953063589191494 1.0943178675026443e-14
vertex 11.903911277822276 32.235571460403236 2.2450000000000108
vertex 11.903911277822276 32.235571460403236 1.0943178675026443e-14
endloop
endfacet
facet normal 0.9999999297951992 0.00037471268545229207 1.4961495269463413e-21
outer loop
vertex 11.903911277822276 32.235571460403236 2.2450000000000108
vertex 11.918431722727687 32.953063589191494 1.0943178675026443e-14
vertex 11.918431722727687 32.953063589191494 2.2450000000000108
endloop
endfacet
facet normal 0.43470111031886055 0.9005747857271765 -2.950829252815734e-18
outer loop
vertex 28.974927824520968 5.826001730842849 2.2450000000000108
vertex 30.589176981053367 5.110023922537802 1.0943178675026443e-14
vertex 28.974927824520968 5.826001730842849 1.0943178675026443e-14
endloop
endfacet
facet normal 0.3757674628848488 0.9267139870731876 -3.036672066674585e-18
outer loop
vertex 30.589176981053367 5.110023922537802 1.0943178675026443e-14
vertex 28.974927824520968 5.826001730842849 2.2450000000000108
vertex 30.589176981053367 5.110023922537802 2.2450000000000108
endloop
endfacet
facet normal 0.5997199386111153 0.8002099694656899 -2.6213916692144784e-18
outer loop
vertex 24.454903763887792 8.575090359320601 2.2450000000000108
vertex 25.901403768073557 7.5621430264145015 1.0943178675026443e-14
vertex 24.454903763887792 8.575090359320601 1.0943178675026443e-14
endloop
endfacet
facet normal 0.5469105436580306 0.8371910518129524 -2.7427566341731103e-18
outer loop
vertex 25.901403768073557 7.5621430264145015 1.0943178675026443e-14
vertex 24.454903763887792 8.575090359320601 2.2450000000000108
vertex 25.901403768073557 7.5621430264145015 2.2450000000000108
endloop
endfacet
facet normal 0.8942267595621852 0.4476142340039174 -1.4648081203305524e-18
outer loop
vertex 16.183346444983343 18.63588593529392 1.0943178675026443e-14
vertex 16.53920953275808 17.93564173275088 2.2450000000000108
vertex 16.53920953275808 17.93564173275088 1.0943178675026443e-14
endloop
endfacet
facet normal 0.8826385912031108 0.47005224956273545 -1.538389747885901e-18
outer loop
vertex 16.53920953275808 17.93564173275088 2.2450000000000108
vertex 16.183346444983343 18.63588593529392 1.0943178675026443e-14
vertex 16.183346444983343 18.63588593529392 2.2450000000000108
endloop
endfacet
facet normal 0.49182795186633715 0.8706924059407916 -2.852721515915044e-18
outer loop
vertex 27.410168815050522 6.644508788620658 2.2450000000000108
vertex 28.974927824520968 5.826001730842849 1.0943178675026443e-14
vertex 27.410168815050522 6.644508788620658 1.0943178675026443e-14
endloop
endfacet
facet normal 0.43470111031886055 0.9005747857271765 -2.950829252815734e-18
outer loop
vertex 28.974927824520968 5.826001730842849 1.0943178675026443e-14
vertex 27.410168815050522 6.644508788620658 2.2450000000000108
vertex 28.974927824520968 5.826001730842849 2.2450000000000108
endloop
endfacet
facet normal 0.6500366380323476 0.7599028682769943 -2.4891310663417064e-18
outer loop
vertex 23.076681082334275 9.67914053997475 2.2450000000000108
vertex 24.454903763887792 8.575090359320601 1.0943178675026443e-14
vertex 23.076681082334275 9.67914053997475 1.0943178675026443e-14
endloop
endfacet
facet normal 0.5997199386111153 0.8002099694656899 -2.6213916692144784e-18
outer loop
vertex 24.454903763887792 8.575090359320601 1.0943178675026443e-14
vertex 23.076681082334275 9.67914053997475 2.2450000000000108
vertex 24.454903763887792 8.575090359320601 2.2450000000000108
endloop
endfacet
facet normal 0.8996116511400438 0.4366908255655073 -1.4289873728410272e-18
outer loop
vertex 15.836037572404228 19.340412036629807 1.0943178675026443e-14
vertex 16.183346444983343 18.63588593529392 2.2450000000000108
vertex 16.183346444983343 18.63588593529392 1.0943178675026443e-14
endloop
endfacet
facet normal 0.8942267595621852 0.4476142340039174 -1.4648081203305524e-18
outer loop
vertex 16.183346444983343 18.63588593529392 2.2450000000000108
vertex 15.836037572404228 19.340412036629807 1.0943178675026443e-14
vertex 15.836037572404228 19.340412036629807 2.2450000000000108
endloop
endfacet
facet normal 0.9048631141986896 0.4257026480568914 -1.3929546809321181e-18
outer loop
vertex 15.497334427146699 20.049115542920195 1.0943178675026443e-14
vertex 15.836037572404228 19.340412036629807 2.2450000000000108
vertex 15.836037572404228 19.340412036629807 1.0943178675026443e-14
endloop
endfacet
facet normal 0.8996116511400438 0.4366908255655073 -1.4289873728410272e-18
outer loop
vertex 15.836037572404228 19.340412036629807 2.2450000000000108
vertex 15.497334427146699 20.049115542920195 1.0943178675026443e-14
vertex 15.497334427146699 20.049115542920195 2.2450000000000108
endloop
endfacet
facet normal 0.6976515039496369 0.7164372819980894 -2.3465245578422804e-18
outer loop
vertex 21.7724642131614 10.869704658162265 2.2450000000000108
vertex 23.076681082334275 9.67914053997475 1.0943178675026443e-14
vertex 21.7724642131614 10.869704658162265 1.0943178675026443e-14
endloop
endfacet
facet normal 0.6500366380323476 0.7599028682769943 -2.4891310663417064e-18
outer loop
vertex 23.076681082334275 9.67914053997475 1.0943178675026443e-14
vertex 21.7724642131614 10.869704658162265 2.2450000000000108
vertex 23.076681082334275 9.67914053997475 2.2450000000000108
endloop
endfacet
facet normal 0.8826385912031108 0.47005224956273545 -1.538389747885901e-18
outer loop
vertex 16.53920953275808 17.93564173275088 1.0943178675026443e-14
vertex 17.398995179458797 16.39317837724504 2.2450000000000108
vertex 17.398995179458797 16.39317837724504 1.0943178675026443e-14
endloop
endfacet
facet normal 0.8573198432842866 0.5147841162186402 -1.68508628003616e-18
outer loop
vertex 17.398995179458797 16.39317837724504 2.2450000000000108
vertex 16.53920953275808 17.93564173275088 1.0943178675026443e-14
vertex 16.53920953275808 17.93564173275088 2.2450000000000108
endloop
endfacet
facet normal 0.9378244526551777 0.34710991919277745 -1.1352440746219942e-18
outer loop
vertex 13.37142991588239 25.118103777889527 1.0943178675026443e-14
vertex 13.648558761305397 24.383134333987062 2.2450000000000108
vertex 13.648558761305397 24.383134333987062 1.0943178675026443e-14
endloop
endfacet
facet normal 0.9335276756260799 0.3585053400441461 -1.1726090773168273e-18
outer loop
vertex 13.648558761305397 24.383134333987062 2.2450000000000108
vertex 13.37142991588239 25.118103777889527 1.0943178675026443e-14
vertex 13.37142991588239 25.118103777889527 2.2450000000000108
endloop
endfacet
facet normal 0.9419821335222358 0.3356630157239501 -1.0977106948996426e-18
outer loop
vertex 13.103272343235613 25.856393691587233 1.0943178675026443e-14
vertex 13.37142991588239 25.118103777889527 2.2450000000000108
vertex 13.37142991588239 25.118103777889527 1.0943178675026443e-14
endloop
endfacet
facet normal 0.9378244526551777 0.34710991919277745 -1.1352440746219942e-18
outer loop
vertex 13.37142991588239 25.118103777889527 2.2450000000000108
vertex 13.103272343235613 25.856393691587233 1.0943178675026443e-14
vertex 13.103272343235613 25.856393691587233 2.2450000000000108
endloop
endfacet
facet normal 0.9198092430385453 0.39236584512525857 -1.2836385340395013e-18
outer loop
vertex 14.53335528629423 22.199236353006306 1.0943178675026443e-14
vertex 14.845944977731092 21.478633712681567 2.2450000000000108
vertex 14.845944977731092 21.478633712681567 1.0943178675026443e-14
endloop
endfacet
facet normal 0.9149626591196282 0.40353851416777936 -1.3202748716727166e-18
outer loop
vertex 14.845944977731092 21.478633712681567 2.2450000000000108
vertex 14.53335528629423 22.199236353006306 1.0943178675026443e-14
vertex 14.53335528629423 22.199236353006306 2.2450000000000108
endloop
endfacet
facet normal 0.9149626591196282 0.40353851416777936 -1.3202748716727166e-18
outer loop
vertex 14.845944977731092 21.478633712681567 1.0943178675026443e-14
vertex 15.167287244952936 20.7618913407428 2.2450000000000108
vertex 15.167287244952936 20.7618913407428 1.0943178675026443e-14
endloop
endfacet
facet normal 0.9099803698521082 0.4146513312215703 -1.3567153888973087e-18
outer loop
vertex 15.167287244952936 20.7618913407428 2.2450000000000108
vertex 14.845944977731092 21.478633712681567 1.0943178675026443e-14
vertex 14.845944977731092 21.478633712681567 2.2450000000000108
endloop
endfacet
facet normal 0.9483286607780533 0.31728969593559747 -1.037467101985294e-18
outer loop
vertex 12.844125815935445 26.597894573463922 1.0943178675026443e-14
vertex 13.103272343235613 25.856393691587233 2.2450000000000108
vertex 13.103272343235613 25.856393691587233 1.0943178675026443e-14
endloop
endfacet
facet normal 0.9419821335222358 0.3356630157239501 -1.0977106948996426e-18
outer loop
vertex 13.103272343235613 25.856393691587233 2.2450000000000108
vertex 12.844125815935445 26.597894573463922 1.0943178675026443e-14
vertex 12.844125815935445 26.597894573463922 2.2450000000000108
endloop
endfacet
facet normal 0.8573198432842866 0.5147841162186402 -1.68508628003616e-18
outer loop
vertex 17.398995179458797 16.39317837724504 1.0943178675026443e-14
vertex 18.356385557585593 14.9093225132134 2.2450000000000108
vertex 18.356385557585593 14.9093225132134 1.0943178675026443e-14
endloop
endfacet
facet normal 0.8223670562421317 0.568957313695545 -1.862757001902953e-18
outer loop
vertex 18.356385557585593 14.9093225132134 2.2450000000000108
vertex 17.398995179458797 16.39317837724504 1.0943178675026443e-14
vertex 17.398995179458797 16.39317837724504 2.2450000000000108
endloop
endfacet
facet normal 0.25963043444023554 -0.9657080498330616 3.1662226443969396e-18
outer loop
vertex 18.242486360491785 40.695078318933575 8.576266207516435e-15
vertex 17.830075776474917 40.57572847464444 2.245000000000007
vertex 17.830075776474917 40.57572847464444 7.646212453218685e-15
endloop
endfacet
facet normal 0.29624646688720224 -0.955111527967729 3.131587833990001e-18
outer loop
vertex 17.830075776474917 40.57572847464444 2.245000000000007
vertex 18.242486360491785 40.695078318933575 8.576266207516435e-15
vertex 18.242486360491785 40.695078318933575 2.245000000000008
endloop
endfacet
facet normal 0.43788387682610247 -0.8990315402786173 2.9481479106238727e-18
outer loop
vertex 16.234797341103867 39.944093124528216 5.643968152485081e-15
vertex 15.852466593303891 39.74877268415489 2.2450000000000054
vertex 15.852466593303891 39.74877268415489 5.576536911746457e-15
endloop
endfacet
facet normal 0.4718292594363476 -0.8816899397972895 2.891395985165675e-18
outer loop
vertex 15.852466593303891 39.74877268415489 2.2450000000000054
vertex 16.234797341103867 39.944093124528216 5.643968152485081e-15
vertex 16.234797341103867 39.944093124528216 2.2450000000000054
endloop
endfacet
facet normal 0.9966346234598491 -0.08197211306929202 2.7141342186904784e-19
outer loop
vertex 11.962506092761855 33.66934792386548 1.0943178675026443e-14
vertex 11.918431722727687 32.953063589191494 2.2450000000000108
vertex 11.918431722727687 32.953063589191494 1.0943178675026443e-14
endloop
endfacet
facet normal 0.9991659695671037 -0.04083338412414458 1.3657078911273141e-19
outer loop
vertex 11.918431722727687 32.953063589191494 2.2450000000000108
vertex 11.962506092761855 33.66934792386548 1.0943178675026443e-14
vertex 11.962506092761855 33.66934792386548 2.2450000000000108
endloop
endfacet
facet normal 0.18634148430242017 -0.9824850386789464 3.2210166284277195e-18
outer loop
vertex 22.212837140009217 41.57562567631571 2.2450000000000108
vertex 19.07944908477139 40.886214574191854 1.0943178675026443e-14
vertex 22.212837140009217 41.57562567631571 1.0943178675026443e-14
endloop
endfacet
facet normal 0.20945180661530632 -0.9778189713365067 3.2057845878044756e-18
outer loop
vertex 19.07944908477139 40.886214574191854 1.0943178675026443e-14
vertex 22.212837140009217 41.57562567631571 2.2450000000000108
vertex 19.07944908477139 40.886214574191854 2.2450000000000108
endloop
endfacet
facet normal 0.20945180661530632 -0.9778189713365067 3.2057845878044756e-18
outer loop
vertex 19.07944908477139 40.886214574191854 1.0943178675026443e-14
vertex 18.659145934837163 40.79862383668915 2.2450000000000094
vertex 18.659145934837163 40.79862383668915 9.6757874902966e-15
endloop
endfacet
facet normal 0.2226371537512625 -0.9749013784837607 3.1962568696359243e-18
outer loop
vertex 18.659145934837163 40.79862383668915 2.2450000000000094
vertex 19.07944908477139 40.886214574191854 1.0943178675026443e-14
vertex 19.07944908477139 40.886214574191854 2.2450000000000108
endloop
endfacet
facet normal 0.3681345971856006 -0.9297725089262404 3.048724369594948e-18
outer loop
vertex 17.02039149833439 40.29033218938525 6.299664873977195e-15
vertex 16.624294291747805 40.12470043495622 2.2450000000000054
vertex 16.624294291747805 40.12470043495622 5.88512760974219e-15
endloop
endfacet
facet normal 0.4033022401380694 -0.9150668298543092 3.0006161178869514e-18
outer loop
vertex 16.624294291747805 40.12470043495622 2.2450000000000054
vertex 17.02039149833439 40.29033218938525 6.299664873977195e-15
vertex 17.02039149833439 40.29033218938525 2.245000000000006
endloop
endfacet
facet normal 0.7409332932843925 -0.6715786289800655 2.2034007305218134e-18
outer loop
vertex 13.58021953763549 38.073851171018 8.701550425922463e-15
vertex 13.338727445763123 37.78978583045261 2.245000000000009
vertex 13.338727445763123 37.78978583045261 9.161807199797892e-15
endloop
endfacet
facet normal 0.782079713881975 -0.6231784023329822 2.0448606814303136e-18
outer loop
vertex 13.338727445763123 37.78978583045261 2.245000000000009
vertex 13.58021953763549 38.073851171018 8.701550425922463e-15
vertex 13.58021953763549 38.073851171018 2.245000000000008
endloop
endfacet
facet normal 0.93760668041562 -0.34769773200295917 1.1422803570343918e-18
outer loop
vertex 12.425925507095156 36.1729646736636 1.0687983477893773e-14
vertex 12.307458195536533 35.81944374890878 2.2450000000000103
vertex 12.307458195536533 35.81944374890878 1.082956756272167e-14
endloop
endfacet
facet normal 0.9577916305341665 -0.28746337589109155 9.448918510308104e-19
outer loop
vertex 12.307458195536533 35.81944374890878 2.2450000000000103
vertex 12.425925507095156 36.1729646736636 1.0687983477893773e-14
vertex 12.425925507095156 36.1729646736636 2.2450000000000103
endloop
endfacet
facet normal 0.505089064645116 -0.8630672261046193 2.8304428032015124e-18
outer loop
vertex 15.477857582612186 39.539022918363486 2.2450000000000054
vertex 15.1115146234539 39.31514859778144 5.9629984226621724e-15
vertex 15.477857582612186 39.539022918363486 5.682931866475041e-15
endloop
endfacet
facet normal 0.5376149652866674 -0.8431904583780676 2.765376930930423e-18
outer loop
vertex 15.1115146234539 39.31514859778144 5.9629984226621724e-15
vertex 15.477857582612186 39.539022918363486 2.2450000000000054
vertex 15.1115146234539 39.31514859778144 2.2450000000000054
endloop
endfacet
facet normal 0.9577916305341664 -0.2874633758910916 9.448918510308104e-19
outer loop
vertex 12.307458195536533 35.81944374890878 1.082956756272167e-14
vertex 12.211676525514733 35.45911415002004 2.2450000000000108
vertex 12.211676525514733 35.45911415002004 1.0914747212377444e-14
endloop
endfacet
facet normal 0.9741113072975134 -0.2260689297429649 7.436901301495936e-19
outer loop
vertex 12.211676525514733 35.45911415002004 2.2450000000000108
vertex 12.307458195536533 35.81944374890878 1.082956756272167e-14
vertex 12.307458195536533 35.81944374890878 2.2450000000000103
endloop
endfacet
facet normal 0.9136379155257741 -0.4065289157166054 1.3350590651575331e-18
outer loop
vertex 12.566600372339163 36.51825025175224 1.0490566336023567e-14
vertex 12.425925507095156 36.1729646736636 2.2450000000000103
vertex 12.425925507095156 36.1729646736636 1.0687983477893773e-14
endloop
endfacet
facet normal 0.93760668041562 -0.34769773200295917 1.1422803570343918e-18
outer loop
vertex 12.425925507095156 36.1729646736636 2.2450000000000103
vertex 12.566600372339163 36.51825025175224 1.0490566336023567e-14
vertex 12.566600372339163 36.51825025175224 2.2450000000000103
endloop
endfacet
facet normal 0.9741113072975134 -0.22606892974296497 7.436901301495937e-19
outer loop
vertex 12.211676525514733 35.45911415002004 1.0914747212377444e-14
vertex 12.138967034482466 35.09343002668227 2.2450000000000108
vertex 12.138967034482466 35.09343002668227 1.0943178675026443e-14
endloop
endfacet
facet normal 0.9855708027641816 -0.1692636781437968 5.575181881044218e-19
outer loop
vertex 12.138967034482466 35.09343002668227 2.2450000000000108
vertex 12.211676525514733 35.45911415002004 1.0914747212377444e-14
vertex 12.211676525514733 35.45911415002004 2.2450000000000108
endloop
endfacet
facet normal 0.9924101917311164 -0.12297158756480538 4.0579497676277716e-19
outer loop
vertex 12.036059514264602 34.38320763864047 1.0943178675026443e-14
vertex 11.962506092761855 33.66934792386548 2.2450000000000108
vertex 11.962506092761855 33.66934792386548 1.0943178675026443e-14
endloop
endfacet
facet normal 0.9966346234598491 -0.08197211306929202 2.7141342186904784e-19
outer loop
vertex 11.962506092761855 33.66934792386548 2.2450000000000108
vertex 12.036059514264602 34.38320763864047 1.0943178675026443e-14
vertex 12.036059514264602 34.38320763864047 2.2450000000000108
endloop
endfacet
facet normal 0.5376149652866674 -0.8431904583780676 2.7653769309304233e-18
outer loop
vertex 15.1115146234539 39.31514859778144 2.2450000000000054
vertex 14.753970019514998 39.0774750162981 6.416329637970232e-15
vertex 15.1115146234539 39.31514859778144 5.9629984226621724e-15
endloop
endfacet
facet normal 0.5693597005734046 -0.8220885179607871 2.6962929103730448e-18
outer loop
vertex 14.753970019514998 39.0774750162981 6.416329637970232e-15
vertex 15.1115146234539 39.31514859778144 2.2450000000000054
vertex 14.753970019514998 39.0774750162981 2.245000000000006
endloop
endfacet
facet normal 0.012637377692695902 -0.999920145154128 3.277694296549828e-18
outer loop
vertex 31.778884181286283 42.53579323922752 2.2450000000000108
vertex 28.573348538552388 42.40181706372878 1.0943178675026443e-14
vertex 31.778884181286283 42.53579323922752 1.0943178675026443e-14
endloop
endfacet
facet normal 0.07084477544267145 -0.9974873521967472 3.269878373801322e-18
outer loop
vertex 28.573348538552388 42.40181706372878 1.0943178675026443e-14
vertex 31.778884181286283 42.53579323922752 2.2450000000000108
vertex 28.573348538552388 42.40181706372878 2.2450000000000108
endloop
endfacet
facet normal -0.045612911565309604 -0.9989591895060256 3.2743856605002903e-18
outer loop
vertex 34.98678189934103 42.48287251608665 2.2450000000000108
vertex 31.778884181286283 42.53579323922752 1.0943178675026443e-14
vertex 34.98678189934103 42.48287251608665 1.0943178675026443e-14
endloop
endfacet
facet normal 0.012637377692695902 -0.999920145154128 3.277694296549828e-18
outer loop
vertex 31.778884181286283 42.53579323922752 1.0943178675026443e-14
vertex 34.98678189934103 42.48287251608665 2.2450000000000108
vertex 31.778884181286283 42.53579323922752 2.2450000000000108
endloop
endfacet
facet normal 0.8200699658691473 -0.5722632707761137 1.8780683723947867e-18
outer loop
vertex 13.115759195065333 37.4909602838067 9.572389968678427e-15
vertex 12.9122145984148 37.17858047440498 2.2450000000000094
vertex 12.9122145984148 37.17858047440498 9.931641780690551e-15
endloop
endfacet
facet normal 0.8547507354099791 -0.5190387079169527 1.7036969121039772e-18
outer loop
vertex 12.9122145984148 37.17858047440498 2.2450000000000094
vertex 13.115759195065333 37.4909602838067 9.572389968678427e-15
vertex 13.115759195065333 37.4909602838067 2.2450000000000094
endloop
endfacet
facet normal 0.6053469370745408 -0.7959617363758589 2.6107494126821897e-18
outer loop
vertex 14.405743290294428 38.82634751840651 2.2450000000000068
vertex 14.11480615140793 38.59317991910516 7.639637499395108e-15
vertex 14.405743290294428 38.82634751840651 7.042266813027885e-15
endloop
endfacet
facet normal 0.6498482168100069 -0.7600640072446887 2.493200710636614e-18
outer loop
vertex 14.11480615140793 38.59317991910516 7.639637499395108e-15
vertex 14.405743290294428 38.82634751840651 2.2450000000000068
vertex 14.11480615140793 38.59317991910516 2.245000000000007
endloop
endfacet
facet normal 0.5693597005734045 -0.822088517960787 2.6962929103730448e-18
outer loop
vertex 14.753970019514998 39.0774750162981 2.245000000000006
vertex 14.405743290294428 38.82634751840651 7.042266813027885e-15
vertex 14.753970019514998 39.0774750162981 6.416329637970232e-15
endloop
endfacet
facet normal 0.6053469370745407 -0.7959617363758589 2.6107494126821893e-18
outer loop
vertex 14.405743290294428 38.82634751840651 7.042266813027885e-15
vertex 14.753970019514998 39.0774750162981 2.245000000000006
vertex 14.405743290294428 38.82634751840651 2.2450000000000068
endloop
endfacet
facet normal 0.3324320472609017 -0.9431272098470735 3.092402763490952e-18
outer loop
vertex 17.422513423657854 40.440747721545605 6.886977614209737e-15
vertex 17.02039149833439 40.29033218938525 2.245000000000006
vertex 17.02039149833439 40.29033218938525 6.299664873977195e-15
endloop
endfacet
facet normal 0.36813459718560054 -0.9297725089262403 3.048724369594948e-18
outer loop
vertex 17.02039149833439 40.29033218938525 2.245000000000006
vertex 17.422513423657854 40.440747721545605 6.886977614209737e-15
vertex 17.422513423657854 40.440747721545605 2.2450000000000068
endloop
endfacet
facet normal 0.4033022401380694 -0.9150668298543091 3.0006161178869522e-18
outer loop
vertex 16.624294291747805 40.12470043495622 5.88512760974219e-15
vertex 16.234797341103867 39.944093124528216 2.2450000000000054
vertex 16.234797341103867 39.944093124528216 5.643968152485081e-15
endloop
endfacet
facet normal 0.43788387682610236 -0.8990315402786172 2.9481479106238715e-18
outer loop
vertex 16.234797341103867 39.944093124528216 2.2450000000000054
vertex 16.624294291747805 40.12470043495622 5.88512760974219e-15
vertex 16.624294291747805 40.12470043495622 2.2450000000000054
endloop
endfacet
facet normal 0.2962464668872023 -0.9551115279677289 3.131587833990001e-18
outer loop
vertex 17.830075776474917 40.57572847464444 7.646212453218685e-15
vertex 17.422513423657854 40.440747721545605 2.2450000000000068
vertex 17.422513423657854 40.440747721545605 6.886977614209737e-15
endloop
endfacet
facet normal 0.3324320472609016 -0.9431272098470734 3.0924027634909513e-18
outer loop
vertex 17.422513423657854 40.440747721545605 2.2450000000000068
vertex 17.830075776474917 40.57572847464444 7.646212453218685e-15
vertex 17.830075776474917 40.57572847464444 2.245000000000007
endloop
endfacet
facet normal 0.07084477544267145 -0.9974873521967472 3.269878373801322e-18
outer loop
vertex 28.573348538552388 42.40181706372878 2.2450000000000108
vertex 25.381054622049586 42.081398707360606 1.0943178675026443e-14
vertex 28.573348538552388 42.40181706372878 1.0943178675026443e-14
endloop
endfacet
facet normal 0.12881172463380577 -0.9916690675809469 3.2509644196500397e-18
outer loop
vertex 25.381054622049586 42.081398707360606 1.0943178675026443e-14
vertex 28.573348538552388 42.40181706372878 2.2450000000000108
vertex 25.381054622049586 42.081398707360606 2.2450000000000108
endloop
endfacet
facet normal 0.8547507354099791 -0.5190387079169527 1.7036969121039776e-18
outer loop
vertex 12.9122145984148 37.17858047440498 9.931641780690551e-15
vertex 12.728915082394241 36.853907045288814 2.2450000000000094
vertex 12.728915082394241 36.853907045288814 1.0238112835676802e-14
endloop
endfacet
facet normal 0.885982064448733 -0.46371950732653167 1.5224499957435314e-18
outer loop
vertex 12.728915082394241 36.853907045288814 2.2450000000000094
vertex 12.9122145984148 37.17858047440498 9.931641780690551e-15
vertex 12.9122145984148 37.17858047440498 2.2450000000000094
endloop
endfacet
facet normal 0.782079713881975 -0.6231784023329823 2.044860681430314e-18
outer loop
vertex 13.338727445763123 37.78978583045261 9.161807199797892e-15
vertex 13.115759195065333 37.4909602838067 2.2450000000000094
vertex 13.115759195065333 37.4909602838067 9.572389968678427e-15
endloop
endfacet
facet normal 0.8200699658691475 -0.5722632707761137 1.8780683723947864e-18
outer loop
vertex 13.115759195065333 37.4909602838067 2.2450000000000094
vertex 13.338727445763123 37.78978583045261 9.161807199797892e-15
vertex 13.338727445763123 37.78978583045261 2.245000000000009
endloop
endfacet
facet normal 0.4718292594363476 -0.8816899397972895 2.891395985165675e-18
outer loop
vertex 15.852466593303891 39.74877268415489 2.2450000000000054
vertex 15.477857582612186 39.539022918363486 5.682931866475041e-15
vertex 15.852466593303891 39.74877268415489 5.576536911746457e-15
endloop
endfacet
facet normal 0.505089064645116 -0.8630672261046192 2.830442803201512e-18
outer loop
vertex 15.477857582612186 39.539022918363486 5.682931866475041e-15
vertex 15.852466593303891 39.74877268415489 2.2450000000000054
vertex 15.477857582612186 39.539022918363486 2.2450000000000054
endloop
endfacet
facet normal 0.22263715375126267 -0.9749013784837608 3.196256869635925e-18
outer loop
vertex 18.659145934837163 40.79862383668915 9.6757874902966e-15
vertex 18.242486360491785 40.695078318933575 2.245000000000008
vertex 18.242486360491785 40.695078318933575 8.576266207516435e-15
endloop
endfacet
facet normal 0.2596304344402355 -0.9657080498330616 3.16622264439694e-18
outer loop
vertex 18.242486360491785 40.695078318933575 2.245000000000008
vertex 18.659145934837163 40.79862383668915 9.6757874902966e-15
vertex 18.659145934837163 40.79862383668915 2.2450000000000094
endloop
endfacet
facet normal 0.12881172463380577 -0.9916690675809469 3.2509644196500397e-18
outer loop
vertex 25.381054622049586 42.081398707360606 2.2450000000000108
vertex 22.212837140009217 41.57562567631571 1.0943178675026443e-14
vertex 25.381054622049586 42.081398707360606 1.0943178675026443e-14
endloop
endfacet
facet normal 0.18634148430242017 -0.9824850386789464 3.2210166284277195e-18
outer loop
vertex 22.212837140009217 41.57562567631571 1.0943178675026443e-14
vertex 25.381054622049586 42.081398707360606 2.2450000000000108
vertex 22.212837140009217 41.57562567631571 2.2450000000000108
endloop
endfacet
facet normal 0.6498482168100069 -0.7600640072446887 2.493200710636614e-18
outer loop
vertex 14.11480615140793 38.59317991910516 2.245000000000007
vertex 13.839260902813535 38.342009928611624 8.193477063830382e-15
vertex 14.11480615140793 38.59317991910516 7.639637499395108e-15
endloop
endfacet
facet normal 0.6967967549772673 -0.7172686262852643 2.35304871388326e-18
outer loop
vertex 13.839260902813535 38.342009928611624 8.193477063830382e-15
vertex 14.11480615140793 38.59317991910516 2.245000000000007
vertex 13.839260902813535 38.342009928611624 2.245000000000008
endloop
endfacet
facet normal 0.8859820644487331 -0.46371950732653183 1.5224499957435316e-18
outer loop
vertex 12.728915082394241 36.853907045288814 1.0238112835676802e-14
vertex 12.566600372339163 36.51825025175224 2.2450000000000103
vertex 12.566600372339163 36.51825025175224 1.0490566336023567e-14
endloop
endfacet
facet normal 0.913637915525774 -0.4065289157166053 1.335059065157533e-18
outer loop
vertex 12.566600372339163 36.51825025175224 2.2450000000000103
vertex 12.728915082394241 36.853907045288814 1.0238112835676802e-14
vertex 12.728915082394241 36.853907045288814 2.2450000000000094
endloop
endfacet
facet normal 0.9855708027641815 -0.16926367814379678 5.575181881044218e-19
outer loop
vertex 12.138967034482466 35.09343002668227 1.0943178675026443e-14
vertex 12.036059514264602 34.38320763864047 2.2450000000000108
vertex 12.036059514264602 34.38320763864047 1.0943178675026443e-14
endloop
endfacet
facet normal 0.9924101917311164 -0.12297158756480538 4.0579497676277716e-19
outer loop
vertex 12.036059514264602 34.38320763864047 2.2450000000000108
vertex 12.138967034482466 35.09343002668227 1.0943178675026443e-14
vertex 12.138967034482466 35.09343002668227 2.2450000000000108
endloop
endfacet
facet normal 0.6967967549772673 -0.7172686262852643 2.35304871388326e-18
outer loop
vertex 13.839260902813535 38.342009928611624 8.193477063830382e-15
vertex 13.58021953763549 38.073851171018 2.245000000000008
vertex 13.58021953763549 38.073851171018 8.701550425922463e-15
endloop
endfacet
facet normal 0.7409332932843924 -0.6715786289800656 2.2034007305218134e-18
outer loop
vertex 13.58021953763549 38.073851171018 2.245000000000008
vertex 13.839260902813535 38.342009928611624 8.193477063830382e-15
vertex 13.839260902813535 38.342009928611624 2.245000000000008
endloop
endfacet
facet normal -0.1614518795355358 -0.9868805857825165 3.234477349167516e-18
outer loop
vertex 41.36614182608054 41.81769255190969 2.2450000000000108
vertex 38.1861540248764 42.2432345082795 1.0943178675026443e-14
vertex 41.36614182608054 41.81769255190969 1.0943178675026443e-14
endloop
endfacet
facet normal -0.10370838970589526 -0.9946077467547748 3.259963695228414e-18
outer loop
vertex 38.1861540248764 42.2432345082795 1.0943178675026443e-14
vertex 41.36614182608054 41.81769255190969 2.2450000000000108
vertex 38.1861540248764 42.2432345082795 2.2450000000000108
endloop
endfacet
facet normal -0.27510082393297364 -0.9614153819610957 3.150694778453374e-18
outer loop
vertex 47.624895113588884 40.41530004417983 2.2450000000000108
vertex 44.51595236191922 41.207690944732605 1.0943178675026443e-14
vertex 47.624895113588884 40.41530004417983 1.0943178675026443e-14
endloop
endfacet
facet normal -0.2186473985160234 -0.975803932725307 3.1980131234765314e-18
outer loop
vertex 44.51595236191922 41.207690944732605 1.0943178675026443e-14
vertex 47.624895113588884 40.41530004417983 2.2450000000000108
vertex 44.51595236191922 41.207690944732605 2.2450000000000108
endloop
endfacet
facet normal -0.9752354304069153 0.22116929099456514 -7.276325609353662e-19
outer loop
vertex 61.12190592161232 23.478105204169236 2.2450000000000108
vertex 60.75044237786659 22.011670570016665 1.0943178675026443e-14
vertex 60.75044237786659 22.011670570016665 2.2450000000000108
endloop
endfacet
facet normal -0.9629202418255914 0.26978622626543497 -8.86961512542212e-19
outer loop
vertex 60.75044237786659 22.011670570016665 1.0943178675026443e-14
vertex 61.12190592161232 23.478105204169236 2.2450000000000108
vertex 61.12190592161232 23.478105204169236 1.0943178675026443e-14
endloop
endfacet
facet normal -0.9921017530923508 -0.1254356867525519 4.0846543980957067e-19
outer loop
vertex 61.74068664670322 29.798945107562577 2.2450000000000108
vertex 61.8106652289064 28.88225084800281 1.0943178675026443e-14
vertex 61.8106652289064 28.88225084800281 2.2450000000000108
endloop
endfacet
facet normal -0.9996458834863126 -0.026610291784751106 8.450298711680574e-20
outer loop
vertex 61.8106652289064 28.88225084800281 1.0943178675026443e-14
vertex 61.74068664670322 29.798945107562577 2.2450000000000108
vertex 61.74068664670322 29.798945107562577 1.0943178675026443e-14
endloop
endfacet
facet normal -0.38501814692689723 -0.9229090023057411 3.0241744219956185e-18
outer loop
vertex 53.67814453257761 38.29471782904502 2.2450000000000108
vertex 50.682418268348414 39.44320924052588 1.0943178675026443e-14
vertex 53.67814453257761 38.29471782904502 1.0943178675026443e-14
endloop
endfacet
facet normal -0.33062055175203836 -0.9437637685136985 3.0926829134901577e-18
outer loop
vertex 50.682418268348414 39.44320924052588 1.0943178675026443e-14
vertex 53.67814453257761 38.29471782904502 2.2450000000000108
vertex 50.682418268348414 39.44320924052588 2.2450000000000108
endloop
endfacet
facet normal -0.985097638308835 0.17199605518254193 -5.6647341678420775e-19
outer loop
vertex 61.41938010742866 24.961319554607915 2.2450000000000108
vertex 61.12190592161232 23.478105204169236 1.0943178675026443e-14
vertex 61.12190592161232 23.478105204169236 2.2450000000000108
endloop
endfacet
facet normal -0.9752354304069153 0.22116929099456514 -7.276325609353662e-19
outer loop
vertex 61.12190592161232 23.478105204169236 1.0943178675026443e-14
vertex 61.41938010742866 24.961319554607915 2.2450000000000108
vertex 61.41938010742866 24.961319554607915 1.0943178675026443e-14
endloop
endfacet
facet normal -0.9481830485925092 0.3177245762634916 -1.0440595162304224e-18
outer loop
vertex 60.305923807397605 20.565704131581004 2.2450000000000108
vertex 59.78946829454781 19.143842885248763 1.0943178675026443e-14
vertex 59.78946829454781 19.143842885248763 2.2450000000000108
endloop
endfacet
facet normal -0.9310609187315962 0.36486376308243607 -1.198531428062644e-18
outer loop
vertex 59.78946829454781 19.143842885248763 1.0943178675026443e-14
vertex 60.305923807397605 20.565704131581004 2.2450000000000108
vertex 60.305923807397605 20.565704131581004 1.0943178675026443e-14
endloop
endfacet
facet normal -0.9310609187315962 0.36486376308243607 -1.198531428062644e-18
outer loop
vertex 59.78946829454781 19.143842885248763 2.2450000000000108
vertex 59.2023748645119 17.74966319633388 1.0943178675026443e-14
vertex 59.2023748645119 17.74966319633388 2.2450000000000108
endloop
endfacet
facet normal -0.9115969190269585 0.4110852189273616 -1.349988709432318e-18
outer loop
vertex 59.2023748645119 17.74966319633388 1.0943178675026443e-14
vertex 59.78946829454781 19.143842885248763 2.2450000000000108
vertex 59.78946829454781 19.143842885248763 1.0943178675026443e-14
endloop
endfacet
facet normal -0.9115969190269585 0.4110852189273616 -1.349988709432318e-18
outer loop
vertex 59.2023748645119 17.74966319633388 2.2450000000000108
vertex 58.5461202159371 16.386671803551735 1.0943178675026443e-14
vertex 58.5461202159371 16.386671803551735 2.2450000000000108
endloop
endfacet
facet normal -0.889840006698296 0.45627268434476426 -1.4980504043431571e-18
outer loop
vertex 58.5461202159371 16.386671803551735 1.0943178675026443e-14
vertex 59.2023748645119 17.74966319633388 2.2450000000000108
vertex 59.2023748645119 17.74966319633388 1.0943178675026443e-14
endloop
endfacet
facet normal -0.889840006698296 0.45627268434476426 -1.4980504043431571e-18
outer loop
vertex 58.5461202159371 16.386671803551735 2.2450000000000108
vertex 57.822355006627234 15.058296998623941 1.0943178675026443e-14
vertex 57.822355006627234 15.058296998623941 2.2450000000000108
endloop
endfacet
facet normal -0.8658449062602607 0.5003125006465066 -1.6423440976164924e-18
outer loop
vertex 57.822355006627234 15.058296998623941 1.0943178675026443e-14
vertex 58.5461202159371 16.386671803551735 2.2450000000000108
vertex 58.5461202159371 16.386671803551735 1.0943178675026443e-14
endloop
endfacet
facet normal -0.947945982071956 -0.31843117792332326 1.0412098330580157e-18
outer loop
vertex 61.33110222931718 31.58915155130928 2.2450000000000108
vertex 61.58030715768113 30.704209592107308 1.0943178675026443e-14
vertex 61.58030715768113 30.704209592107308 2.2450000000000108
endloop
endfacet
facet normal -0.974811837526661 -0.22302888023279602 7.284153842953071e-19
outer loop
vertex 61.58030715768113 30.704209592107308 1.0943178675026443e-14
vertex 61.33110222931718 31.58915155130928 2.2450000000000108
vertex 61.33110222931718 31.58915155130928 1.0943178675026443e-14
endloop
endfacet
facet normal -0.8658449062602607 0.5003125006465066 -1.6423440976164924e-18
outer loop
vertex 57.822355006627234 15.058296998623941 2.2450000000000108
vertex 57.03289970169213 13.767880003198012 1.0943178675026443e-14
vertex 57.03289970169213 13.767880003198012 2.2450000000000108
endloop
endfacet
facet normal -0.8396719718754634 0.5430938957922207 -1.7825068516163785e-18
outer loop
vertex 57.03289970169213 13.767880003198012 1.0943178675026443e-14
vertex 57.822355006627234 15.058296998623941 2.2450000000000108
vertex 57.822355006627234 15.058296998623941 1.0943178675026443e-14
endloop
endfacet
facet normal -0.44727450876380037 -0.8943967317751678 2.9305438208415144e-18
outer loop
vertex 56.60190635251671 36.97372381213768 2.2450000000000108
vertex 53.67814453257761 38.29471782904502 1.0943178675026443e-14
vertex 56.60190635251671 36.97372381213768 1.0943178675026443e-14
endloop
endfacet
facet normal -0.38501814692689723 -0.9229090023057411 3.0241744219956185e-18
outer loop
vertex 53.67814453257761 38.29471782904502 1.0943178675026443e-14
vertex 56.60190635251671 36.97372381213768 2.2450000000000108
vertex 53.67814453257761 38.29471782904502 2.2450000000000108
endloop
endfacet
facet normal -0.8396719718754634 0.5430938957922207 -1.7825068516163785e-18
outer loop
vertex 57.03289970169213 13.767880003198012 2.2450000000000108
vertex 56.17973999458563 12.518666564771866 1.0943178675026443e-14
vertex 56.17973999458563 12.518666564771866 2.2450000000000108
endloop
endfacet
facet normal -0.8113870355474968 0.5845092630108144 -1.91818611913546e-18
outer loop
vertex 56.17973999458563 12.518666564771866 1.0943178675026443e-14
vertex 57.03289970169213 13.767880003198012 2.2450000000000108
vertex 57.03289970169213 13.767880003198012 1.0943178675026443e-14
endloop
endfacet
facet normal -0.9981830388397 0.0602546344503225 -2.00229447613891e-19
outer loop
vertex 61.78955547860406 27.96313184269439 2.2450000000000108
vertex 61.642116707341465 26.457582936380547 1.0943178675026443e-14
vertex 61.642116707341465 26.457582936380547 2.2450000000000108
endloop
endfacet
facet normal -0.9924820594130676 0.12239020280723575 -4.038894388919485e-19
outer loop
vertex 61.642116707341465 26.457582936380547 1.0943178675026443e-14
vertex 61.78955547860406 27.96313184269439 2.2450000000000108
vertex 61.78955547860406 27.96313184269439 1.0943178675026443e-14
endloop
endfacet
facet normal -0.974811837526661 -0.22302888023279602 7.284153842953071e-19
outer loop
vertex 61.58030715768113 30.704209592107308 2.2450000000000108
vertex 61.74068664670322 29.798945107562577 1.0943178675026443e-14
vertex 61.74068664670322 29.798945107562577 2.2450000000000108
endloop
endfacet
facet normal -0.9921017530923508 -0.1254356867525519 4.0846543980957067e-19
outer loop
vertex 61.74068664670322 29.798945107562577 1.0943178675026443e-14
vertex 61.58030715768113 30.704209592107308 2.2450000000000108
vertex 61.58030715768113 30.704209592107308 1.0943178675026443e-14
endloop
endfacet
facet normal -0.8129857958724369 -0.5822835183221834 1.9064648147991283e-18
outer loop
vertex 60.0792253408057 34.03661888390987 2.2450000000000108
vertex 60.57685670346561 33.26358046676982 1.0943178675026443e-14
vertex 60.57685670346561 33.26358046676982 2.2450000000000108
endloop
endfacet
facet normal -0.8666335802349863 -0.4989451248475023 1.6331419330942993e-18
outer loop
vertex 60.57685670346561 33.26358046676982 1.0943178675026443e-14
vertex 60.0792253408057 34.03661888390987 2.2450000000000108
vertex 60.0792253408057 34.03661888390987 1.0943178675026443e-14
endloop
endfacet
facet normal -0.6823368941937807 -0.7310378668865145 2.394425854343204e-18
outer loop
vertex 58.86733948671262 35.41644901216713 2.2450000000000108
vertex 58.164989801565554 36.00968613781832 1.0943178675026443e-14
vertex 58.86733948671262 35.41644901216713 1.0943178675026443e-14
endloop
endfacet
facet normal -0.6066191897178225 -0.794992552585301 2.6042705890798558e-18
outer loop
vertex 58.164989801565554 36.00968613781832 1.0943178675026443e-14
vertex 58.86733948671262 35.41644901216713 2.2450000000000108
vertex 58.164989801565554 36.00968613781832 2.2450000000000108
endloop
endfacet
facet normal -0.7513517491234597 -0.6599019238410491 2.1610597822908618e-18
outer loop
vertex 59.50751422478511 34.75659927759807 2.2450000000000108
vertex 60.0792253408057 34.03661888390987 1.0943178675026443e-14
vertex 60.0792253408057 34.03661888390987 2.2450000000000108
endloop
endfacet
facet normal -0.8129857958724369 -0.5822835183221834 1.9064648147991283e-18
outer loop
vertex 60.0792253408057 34.03661888390987 1.0943178675026443e-14
vertex 59.50751422478511 34.75659927759807 2.2450000000000108
vertex 59.50751422478511 34.75659927759807 1.0943178675026443e-14
endloop
endfacet
facet normal -0.9629202418255914 0.26978622626543497 -8.86961512542212e-19
outer loop
vertex 60.75044237786659 22.011670570016665 2.2450000000000108
vertex 60.305923807397605 20.565704131581004 1.0943178675026443e-14
vertex 60.305923807397605 20.565704131581004 2.2450000000000108
endloop
endfacet
facet normal -0.9481830485925092 0.3177245762634916 -1.0440595162304224e-18
outer loop
vertex 60.305923807397605 20.565704131581004 1.0943178675026443e-14
vertex 60.75044237786659 22.011670570016665 2.2450000000000108
vertex 60.75044237786659 22.011670570016665 1.0943178675026443e-14
endloop
endfacet
facet normal -0.6066191897178225 -0.794992552585301 2.6042705890798558e-18
outer loop
vertex 58.164989801565554 36.00968613781832 2.2450000000000108
vertex 57.40736461199235 36.530483065229745 1.0943178675026443e-14
vertex 58.164989801565554 36.00968613781832 1.0943178675026443e-14
endloop
endfacet
facet normal -0.5249424389186094 -0.8511377302306496 2.7885326034845868e-18
outer loop
vertex 57.40736461199235 36.530483065229745 1.0943178675026443e-14
vertex 58.164989801565554 36.00968613781832 2.2450000000000108
vertex 57.40736461199235 36.530483065229745 2.2450000000000108
endloop
endfacet
facet normal -0.33062055175203836 -0.9437637685136985 3.0926829134901577e-18
outer loop
vertex 50.682418268348414 39.44320924052588 2.2450000000000108
vertex 47.624895113588884 40.41530004417983 1.0943178675026443e-14
vertex 50.682418268348414 39.44320924052588 1.0943178675026443e-14
endloop
endfacet
facet normal -0.27510082393297364 -0.9614153819610957 3.150694778453374e-18
outer loop
vertex 47.624895113588884 40.41530004417983 1.0943178675026443e-14
vertex 50.682418268348414 39.44320924052588 2.2450000000000108
vertex 47.624895113588884 40.41530004417983 2.2450000000000108
endloop
endfacet
facet normal -0.5249424389186094 -0.8511377302306496 2.7885326034845868e-18
outer loop
vertex 57.40736461199235 36.530483065229745 2.2450000000000108
vertex 56.60190635251671 36.97372381213768 1.0943178675026443e-14
vertex 57.40736461199235 36.530483065229745 1.0943178675026443e-14
endloop
endfacet
facet normal -0.44727450876380037 -0.8943967317751678 2.9305438208415144e-18
outer loop
vertex 56.60190635251671 36.97372381213768 1.0943178675026443e-14
vertex 57.40736461199235 36.530483065229745 2.2450000000000108
vertex 56.60190635251671 36.97372381213768 2.2450000000000108
endloop
endfacet
facet normal -0.2186473985160234 -0.975803932725307 3.1980131234765314e-18
outer loop
vertex 44.51595236191922 41.207690944732605 2.2450000000000108
vertex 41.36614182608054 41.81769255190969 1.0943178675026443e-14
vertex 44.51595236191922 41.207690944732605 1.0943178675026443e-14
endloop
endfacet
facet normal -0.1614518795355358 -0.9868805857825165 3.234477349167516e-18
outer loop
vertex 41.36614182608054 41.81769255190969 1.0943178675026443e-14
vertex 44.51595236191922 41.207690944732605 2.2450000000000108
vertex 41.36614182608054 41.81769255190969 2.2450000000000108
endloop
endfacet
facet normal -0.6823368941937807 -0.7310378668865145 2.394425854343204e-18
outer loop
vertex 58.86733948671262 35.41644901216713 2.2450000000000108
vertex 59.50751422478511 34.75659927759807 1.0943178675026443e-14
vertex 59.50751422478511 34.75659927759807 2.2450000000000108
endloop
endfacet
facet normal -0.7513517491234597 -0.6599019238410491 2.1610597822908618e-18
outer loop
vertex 59.50751422478511 34.75659927759807 1.0943178675026443e-14
vertex 58.86733948671262 35.41644901216713 2.2450000000000108
vertex 58.86733948671262 35.41644901216713 1.0943178675026443e-14
endloop
endfacet
facet normal -0.8666335802349863 -0.4989451248475023 1.6331419330942993e-18
outer loop
vertex 60.57685670346561 33.26358046676982 2.2450000000000108
vertex 60.99551989447496 32.44507787057918 1.0943178675026443e-14
vertex 60.99551989447496 32.44507787057918 2.2450000000000108
endloop
endfacet
facet normal -0.9117681000364316 -0.41070540750756607 1.3437760896820677e-18
outer loop
vertex 60.99551989447496 32.44507787057918 1.0943178675026443e-14
vertex 60.57685670346561 33.26358046676982 2.2450000000000108
vertex 60.57685670346561 33.26358046676982 1.0943178675026443e-14
endloop
endfacet
facet normal -0.9996458834863126 -0.026610291784751106 8.450298711680574e-20
outer loop
vertex 61.8106652289064 28.88225084800281 2.2450000000000108
vertex 61.78955547860406 27.96313184269439 1.0943178675026443e-14
vertex 61.78955547860406 27.96313184269439 2.2450000000000108
endloop
endfacet
facet normal -0.9981830388397 0.0602546344503225 -2.00229447613891e-19
outer loop
vertex 61.78955547860406 27.96313184269439 1.0943178675026443e-14
vertex 61.8106652289064 28.88225084800281 2.2450000000000108
vertex 61.8106652289064 28.88225084800281 1.0943178675026443e-14
endloop
endfacet
facet normal -0.10370838970589526 -0.9946077467547748 3.259963695228414e-18
outer loop
vertex 38.1861540248764 42.2432345082795 2.2450000000000108
vertex 34.98678189934103 42.48287251608665 1.0943178675026443e-14
vertex 38.1861540248764 42.2432345082795 1.0943178675026443e-14
endloop
endfacet
facet normal -0.045612911565309604 -0.9989591895060256 3.2743856605002903e-18
outer loop
vertex 34.98678189934103 42.48287251608665 1.0943178675026443e-14
vertex 38.1861540248764 42.2432345082795 2.2450000000000108
vertex 34.98678189934103 42.48287251608665 2.2450000000000108
endloop
endfacet
facet normal -0.9117681000364316 -0.41070540750756607 1.3437760896820677e-18
outer loop
vertex 60.99551989447496 32.44507787057918 2.2450000000000108
vertex 61.33110222931718 31.58915155130928 1.0943178675026443e-14
vertex 61.33110222931718 31.58915155130928 2.2450000000000108
endloop
endfacet
facet normal -0.947945982071956 -0.31843117792332326 1.0412098330580157e-18
outer loop
vertex 61.33110222931718 31.58915155130928 1.0943178675026443e-14
vertex 60.99551989447496 32.44507787057918 2.2450000000000108
vertex 60.99551989447496 32.44507787057918 1.0943178675026443e-14
endloop
endfacet
facet normal -0.9924820594130676 0.12239020280723575 -4.038894388919485e-19
outer loop
vertex 61.642116707341465 26.457582936380547 2.2450000000000108
vertex 61.41938010742866 24.961319554607915 1.0943178675026443e-14
vertex 61.41938010742866 24.961319554607915 2.2450000000000108
endloop
endfacet
facet normal -0.985097638308835 0.17199605518254193 -5.6647341678420775e-19
outer loop
vertex 61.41938010742866 24.961319554607915 1.0943178675026443e-14
vertex 61.642116707341465 26.457582936380547 2.2450000000000108
vertex 61.642116707341465 26.457582936380547 1.0943178675026443e-14
endloop
endfacet
facet normal 2.724428532961587e-21 -3.2779216248435927e-18 -1.0
outer loop
vertex 11.845213709350695 16.30618156075524 1.0943178675026443e-14
vertex 12.037668970081372 30.088034920497766 1.0943178675026443e-14
vertex 14.02163860779957 13.768721792917153 1.0943178675026443e-14
endloop
endfacet
facet normal 2.724428532961587e-21 -3.2779216248435927e-18 -1.0
outer loop
vertex 12.037668970081372 30.088034920497766 1.0943178675026443e-14
vertex 11.845213709350695 16.30618156075524 1.0943178675026443e-14
vertex 11.96358058468986 30.801839312010802 1.0943178675026443e-14
endloop
endfacet
facet normal 2.724428532961587e-21 -3.2779216248435927e-18 -1.0
outer loop
vertex 11.96358058468986 30.801839312010802 1.0943178675026443e-14
vertex 11.845213709350695 16.30618156075524 1.0943178675026443e-14
vertex 11.918969425417053 31.51809041508966 1.0943178675026443e-14
endloop
endfacet
facet normal 2.724428532961587e-21 -3.2779216248435927e-18 -1.0
outer loop
vertex 11.918969425417053 31.51809041508966 1.0943178675026443e-14
vertex 11.845213709350695 16.30618156075524 1.0943178675026443e-14
vertex 11.903911277822276 32.235571460403236 1.0943178675026443e-14
endloop
endfacet
facet normal 2.724428532961587e-21 -3.2779216248435927e-18 -1.0
outer loop
vertex 14.02163860779957 13.768721792917153 1.0943178675026443e-14
vertex 12.037668970081372 30.088034920497766 1.0943178675026443e-14
vertex 12.14110872004008 29.37788985340101 1.0943178675026443e-14
endloop
endfacet
facet normal 2.724428532961587e-21 -3.2779216248435927e-18 -1.0
outer loop
vertex 14.02163860779957 13.768721792917153 1.0943178675026443e-14
vertex 12.14110872004008 29.37788985340101 1.0943178675026443e-14
vertex 12.27372411083606 28.672610507101105 1.0943178675026443e-14
endloop
endfacet
facet normal 2.724428532961587e-21 -3.2779216248435927e-18 -1.0
outer loop
vertex 14.02163860779957 13.768721792917153 1.0943178675026443e-14
vertex 12.27372411083606 28.672610507101105 1.0943178675026443e-14
vertex 12.43528985508113 27.973395012078342 1.0943178675026443e-14
endloop
endfacet
facet normal 2.724428532961587e-21 -3.2779216248435927e-18 -1.0
outer loop
vertex 14.02163860779957 13.768721792917153 1.0943178675026443e-14
vertex 12.43528985508113 27.973395012078342 1.0943178675026443e-14
vertex 12.625531484447508 27.281431197526373 1.0943178675026443e-14
endloop
endfacet
facet normal 2.724428532961587e-21 -3.2779216248435927e-18 -1.0
outer loop
vertex 14.02163860779957 13.768721792917153 1.0943178675026443e-14
vertex 12.625531484447508 27.281431197526373 1.0943178675026443e-14
vertex 12.844125815935445 26.597894573463922 1.0943178675026443e-14
endloop
endfacet
facet normal 2.724428532961587e-21 -3.2779216248435927e-18 -1.0
outer loop
vertex 14.02163860779957 13.768721792917153 1.0943178675026443e-14
vertex 12.844125815935445 26.597894573463922 1.0943178675026443e-14
vertex 13.103272343235613 25.856393691587233 1.0943178675026443e-14
endloop
endfacet
facet normal 2.724428532961587e-21 -3.2779216248435927e-18 -1.0
outer loop
vertex 14.02163860779957 13.768721792917153 1.0943178675026443e-14
vertex 13.103272343235613 25.856393691587233 1.0943178675026443e-14
vertex 13.37142991588239 25.118103777889527 1.0943178675026443e-14
endloop
endfacet
facet normal 2.724428532961587e-21 -3.2779216248435927e-18 -1.0
outer loop
vertex 14.02163860779957 13.768721792917153 1.0943178675026443e-14
vertex 13.37142991588239 25.118103777889527 1.0943178675026443e-14
vertex 13.648558761305397 24.383134333987062 1.0943178675026443e-14
endloop
endfacet
facet normal 2.724428532961587e-21 -3.2779216248435927e-18 -1.0
outer loop
vertex 14.02163860779957 13.768721792917153 1.0943178675026443e-14
vertex 13.648558761305397 24.383134333987062 1.0943178675026443e-14
vertex 13.934617776333562 23.651594369011352 1.0943178675026443e-14
endloop
endfacet
facet normal 2.724428532961587e-21 -3.2779216248435927e-18 -1.0
outer loop
vertex 14.02163860779957 13.768721792917153 1.0943178675026443e-14
vertex 13.934617776333562 23.651594369011352 1.0943178675026443e-14
vertex 14.22956453329198 22.923592383440255 1.0943178675026443e-14
endloop
endfacet
facet normal 2.724428532961587e-21 -3.2779216248435927e-18 -1.0
outer loop
vertex 14.02163860779957 13.768721792917153 1.0943178675026443e-14
vertex 14.22956453329198 22.923592383440255 1.0943178675026443e-14
vertex 16.349955775474747 11.36987486601786 1.0943178675026443e-14
endloop
endfacet
facet normal 2.724428532961587e-21 -3.2779216248435927e-18 -1.0
outer loop
vertex 16.349955775474747 11.36987486601786 1.0943178675026443e-14
vertex 14.22956453329198 22.923592383440255 1.0943178675026443e-14
vertex 14.53335528629423 22.199236353006306 1.0943178675026443e-14
endloop
endfacet
facet normal 2.724428532961587e-21 -3.2779216248435927e-18 -1.0
outer loop
vertex 16.349955775474747 11.36987486601786 1.0943178675026443e-14
vertex 14.53335528629423 22.199236353006306 1.0943178675026443e-14
vertex 14.845944977731092 21.478633712681567 1.0943178675026443e-14
endloop
endfacet
facet normal 2.724428532961587e-21 -3.2779216248435927e-18 -1.0
outer loop
vertex 16.349955775474747 11.36987486601786 1.0943178675026443e-14
vertex 14.845944977731092 21.478633712681567 1.0943178675026443e-14
vertex 15.167287244952936 20.7618913407428 1.0943178675026443e-14
endloop
endfacet
facet normal 2.724428532961587e-21 -3.2779216248435927e-18 -1.0
outer loop
vertex 16.349955775474747 11.36987486601786 1.0943178675026443e-14
vertex 15.167287244952936 20.7618913407428 1.0943178675026443e-14
vertex 15.497334427146699 20.049115542920195 1.0943178675026443e-14
endloop
endfacet
facet normal 2.724428532961587e-21 -3.2779216248435927e-18 -1.0
outer loop
vertex 16.349955775474747 11.36987486601786 1.0943178675026443e-14
vertex 15.497334427146699 20.049115542920195 1.0943178675026443e-14
vertex 15.836037572404228 19.340412036629807 1.0943178675026443e-14
endloop
endfacet
facet normal 2.724428532961587e-21 -3.2779216248435927e-18 -1.0
outer loop
vertex 16.349955775474747 11.36987486601786 1.0943178675026443e-14
vertex 15.836037572404228 19.340412036629807 1.0943178675026443e-14
vertex 16.183346444983343 18.63588593529392 1.0943178675026443e-14
endloop
endfacet
facet normal 2.724428532961587e-21 -3.2779216248435927e-18 -1.0
outer loop
vertex 16.349955775474747 11.36987486601786 1.0943178675026443e-14
vertex 16.183346444983343 18.63588593529392 1.0943178675026443e-14
vertex 16.53920953275808 17.93564173275088 1.0943178675026443e-14
endloop
endfacet
facet normal 2.724428532961587e-21 -3.2779216248435927e-18 -1.0
outer loop
vertex 16.349955775474747 11.36987486601786 1.0943178675026443e-14
vertex 16.53920953275808 17.93564173275088 1.0943178675026443e-14
vertex 18.821355571614408 9.118717283878029 1.0943178675026444e-14
endloop
endfacet
facet normal 2.724428532961587e-21 -3.2779216248435927e-18 -1.0
outer loop
vertex 18.821355571614408 9.118717283878029 1.0943178675026444e-14
vertex 16.53920953275808 17.93564173275088 1.0943178675026443e-14
vertex 17.398995179458797 16.39317837724504 1.0943178675026443e-14
endloop
endfacet
facet normal 2.724428532961587e-21 -3.2779216248435927e-18 -1.0
outer loop
vertex 18.821355571614408 9.118717283878029 1.0943178675026444e-14
vertex 17.398995179458797 16.39317837724504 1.0943178675026443e-14
vertex 18.356385557585593 14.9093225132134 1.0943178675026443e-14
endloop
endfacet
facet normal 2.724428532961587e-21 -3.2779216248435927e-18 -1.0
outer loop
vertex 18.821355571614408 9.118717283878029 1.0943178675026444e-14
vertex 18.356385557585593 14.9093225132134 1.0943178675026443e-14
vertex 19.40740133851497 13.49024168761246 1.0943178675026443e-14
endloop
endfacet
facet normal 2.724428532961587e-21 -3.2779216248435927e-18 -1.0
outer loop
vertex 18.821355571614408 9.118717283878029 1.0943178675026444e-14
vertex 19.40740133851497 13.49024168761246 1.0943178675026443e-14
vertex 21.426486974508745 7.023766738963236 1.0943178675026444e-14
endloop
endfacet
facet normal 2.724428532961587e-21 -3.2779216248435927e-18 -1.0
outer loop
vertex 21.426486974508745 7.023766738963236 1.0943178675026444e-14
vertex 19.40740133851497 13.49024168761246 1.0943178675026443e-14
vertex 20.547674045942774 12.141834214314345 1.0943178675026443e-14
endloop
endfacet
facet normal 2.724428532961587e-21 -3.2779216248435927e-18 -1.0
outer loop
vertex 21.426486974508745 7.023766738963236 1.0943178675026444e-14
vertex 20.547674045942774 12.141834214314345 1.0943178675026443e-14
vertex 21.7724642131614 10.869704658162265 1.0943178675026443e-14
endloop
endfacet
facet normal 2.724428532961587e-21 -3.2779216248435927e-18 -1.0
outer loop
vertex 21.426486974508745 7.023766738963236 1.0943178675026444e-14
vertex 21.7724642131614 10.869704658162265 1.0943178675026443e-14
vertex 24.155492962908646 5.092949884038187 1.0943178675026444e-14
endloop
endfacet
facet normal 2.724428532961587e-21 -3.2779216248435927e-18 -1.0
outer loop
vertex 24.155492962908646 5.092949884038187 1.0943178675026444e-14
vertex 21.7724642131614 10.869704658162265 1.0943178675026443e-14
vertex 23.076681082334275 9.67914053997475 1.0943178675026443e-14
endloop
endfacet
facet normal 2.724428532961587e-21 -3.2779216248435927e-18 -1.0
outer loop
vertex 24.155492962908646 5.092949884038187 1.0943178675026444e-14
vertex 23.076681082334275 9.67914053997475 1.0943178675026443e-14
vertex 24.454903763887792 8.575090359320601 1.0943178675026443e-14
endloop
endfacet
facet normal 2.724428532961587e-21 -3.2779216248435927e-18 -1.0
outer loop
vertex 24.155492962908646 5.092949884038187 1.0943178675026444e-14
vertex 24.454903763887792 8.575090359320601 1.0943178675026443e-14
vertex 26.998047811982307 3.3335723401345567 1.0943178675026444e-14
endloop
endfacet
facet normal 2.724428532961587e-21 -3.2779216248435927e-18 -1.0
outer loop
vertex 26.998047811982307 3.3335723401345567 1.0943178675026444e-14
vertex 24.454903763887792 8.575090359320601 1.0943178675026443e-14
vertex 25.901403768073557 7.5621430264145015 1.0943178675026443e-14
endloop
endfacet
facet normal 2.724428532961587e-21 -3.2779216248435927e-18 -1.0
outer loop
vertex 26.998047811982307 3.3335723401345567 1.0943178675026444e-14
vertex 25.901403768073557 7.5621430264145015 1.0943178675026443e-14
vertex 27.410168815050522 6.644508788620658 1.0943178675026443e-14
endloop
endfacet
facet normal 2.724428532961587e-21 -3.2779216248435927e-18 -1.0
outer loop
vertex 26.998047811982307 3.3335723401345567 1.0943178675026444e-14
vertex 27.410168815050522 6.644508788620658 1.0943178675026443e-14
vertex 28.281621310319306 2.8423852533979415 1.1018782932677031e-14
endloop
endfacet
facet normal 2.724428532961587e-21 -3.2779216248435927e-18 -1.0
outer loop
vertex 28.281621310319306 2.8423852533979415 1.1018782932677031e-14
vertex 27.410168815050522 6.644508788620658 1.0943178675026443e-14
vertex 28.974927824520968 5.826001730842849 1.0943178675026443e-14
endloop
endfacet
facet normal 2.724428532961587e-21 -3.2779216248435927e-18 -1.0
outer loop
vertex 28.281621310319306 2.8423852533979415 1.1018782932677031e-14
vertex 28.974927824520968 5.826001730842849 1.0943178675026443e-14
vertex 29.58369735460028 2.402585691416108 1.1080804454033006e-14
endloop
endfacet
facet normal 2.724428532961587e-21 -3.2779216248435927e-18 -1.0
outer loop
vertex 29.58369735460028 2.402585691416108 1.1080804454033006e-14
vertex 28.974927824520968 5.826001730842849 1.0943178675026443e-14
vertex 30.589176981053367 5.110023922537802 1.0943178675026443e-14
endloop
endfacet
facet normal 2.724428532961587e-21 -3.2779216248435927e-18 -1.0
outer loop
vertex 29.58369735460028 2.402585691416108 1.1080804454033006e-14
vertex 30.589176981053367 5.110023922537802 1.0943178675026443e-14
vertex 30.902219576465814 2.0148682295234694 1.1129145288521763e-14
endloop
endfacet
facet normal 2.724428532961587e-21 -3.2779216248435927e-18 -1.0
outer loop
vertex 30.902219576465814 2.0148682295234694 1.1129145288521763e-14
vertex 30.589176981053367 5.110023922537802 1.0943178675026443e-14
vertex 32.24620676675331 4.499551277242218 1.0943178675026443e-14
endloop
endfacet
facet normal 2.724428532961587e-21 -3.2779216248435927e-18 -1.0
outer loop
vertex 30.902219576465814 2.0148682295234694 1.1129145288521763e-14
vertex 32.24620676675331 4.499551277242218 1.0943178675026443e-14
vertex 32.23510563411256 1.6798451898071087 1.1163729091475917e-14
endloop
endfacet
facet normal 2.724428532961587e-21 -3.2779216248435927e-18 -1.0
outer loop
vertex 32.23510563411256 1.6798451898071087 1.1163729091475917e-14
vertex 32.24620676675331 4.499551277242218 1.0943178675026443e-14
vertex 33.58025050093484 1.3980456740667737 1.1184501244704416e-14
endloop
endfacet
facet normal 2.724428532961587e-21 -3.2779216248435927e-18 -1.0
outer loop
vertex 33.58025050093484 1.3980456740667737 1.1184501244704416e-14
vertex 32.24620676675331 4.499551277242218 1.0943178675026443e-14
vertex 34.297708011439795 3.931714386733307 1.0943178675026443e-14
endloop
endfacet
facet normal 2.724428532961587e-21 -3.2779216248435927e-18 -1.0
outer loop
vertex 33.58025050093484 1.3980456740667737 1.1184501244704416e-14
vertex 34.297708011439795 3.931714386733307 1.0943178675026443e-14
vertex 34.935529789992955 1.1699147282048283 1.119142894275105e-14
endloop
endfacet
facet normal 2.724428532961587e-21 -3.2779216248435927e-18 -1.0
outer loop
vertex 34.935529789992955 1.1699147282048283 1.119142894275105e-14
vertex 34.297708011439795 3.931714386733307 1.0943178675026443e-14
vertex 36.39616073434381 3.5745137975542045 1.0943178675026443e-14
endloop
endfacet
facet normal 2.724428532961587e-21 -3.2779216248435927e-18 -1.0
outer loop
vertex 34.935529789992955 1.1699147282048283 1.119142894275105e-14
vertex 36.39616073434381 3.5745137975542045 1.0943178675026443e-14
vertex 36.29880310905681 0.9958126393649542 1.1184501244704091e-14
endloop
endfacet
facet normal 2.724428532961587e-21 -3.2779216248435927e-18 -1.0
outer loop
vertex 36.29880310905681 0.9958126393649542 1.1184501244704091e-14
vertex 36.39616073434381 3.5745137975542045 1.0943178675026443e-14
vertex 37.667917440926686 0.8760143669308325 1.1163729091475268e-14
endloop
endfacet
facet normal 2.724428532961587e-21 -3.2779216248435927e-18 -1.0
outer loop
vertex 37.667917440926686 0.8760143669308325 1.1163729091475268e-14
vertex 36.39616073434381 3.5745137975542045 1.0943178675026443e-14
vertex 38.51999634966068 3.4316209345949624 1.0943178675026443e-14
endloop
endfacet
facet normal 2.724428532961587e-21 -3.2779216248435927e-18 -1.0
outer loop
vertex 37.667917440926686 0.8760143669308325 1.1163729091475268e-14
vertex 38.51999634966068 3.4316209345949624 1.0943178675026443e-14
vertex 39.04071054369304 0.8107091082831737 1.1129145288520791e-14
endloop
endfacet
facet normal 2.724428532961587e-21 -3.2779216248435927e-18 -1.0
outer loop
vertex 39.04071054369304 0.8107091082831737 1.1129145288520791e-14
vertex 38.51999634966068 3.4316209345949624 1.0943178675026443e-14
vertex 40.64738537788685 3.504504497598742 1.0943178675026443e-14
endloop
endfacet
facet normal 2.724428532961587e-21 -3.2779216248435927e-18 -1.0
outer loop
vertex 39.04071054369304 0.8107091082831737 1.1129145288520791e-14
vertex 40.64738537788685 3.504504497598742 1.0943178675026443e-14
vertex 40.41501436556413 0.7999999999999993 1.1080804454031711e-14
endloop
endfacet
facet normal 2.724428532961587e-21 -3.2779216248435927e-18 -1.0
outer loop
vertex 40.41501436556413 0.7999999999999993 1.1080804454031711e-14
vertex 40.64738537788685 3.504504497598742 1.0943178675026443e-14
vertex 41.78865846887021 0.8439039549732689 1.1018782932675415e-14
endloop
endfacet
facet normal 2.724428532961587e-21 -3.2779216248435927e-18 -1.0
outer loop
vertex 41.78865846887021 0.8439039549732689 1.1018782932675415e-14
vertex 40.64738537788685 3.504504497598742 1.0943178675026443e-14
vertex 42.75646181637454 3.7924153653846235 1.0943178675026443e-14
endloop
endfacet
facet normal 2.724428532961587e-21 -3.2779216248435927e-18 -1.0
outer loop
vertex 41.78865846887021 0.8439039549732689 1.1018782932675415e-14
vertex 42.75646181637454 3.7924153653846235 1.0943178675026443e-14
vertex 43.15947345783466 0.9423516356983122 1.0943178675024511e-14
endloop
endfacet
facet normal 2.724428532961587e-21 -3.2779216248435927e-18 -1.0
outer loop
vertex 43.15947345783466 0.9423516356983122 1.0943178675024511e-14
vertex 42.75646181637454 3.7924153653846235 1.0943178675026443e-14
vertex 44.82554788528364 4.292394295560058 1.0943178675026443e-14
endloop
endfacet
facet normal 2.724428532961587e-21 -3.2779216248435927e-18 -1.0
outer loop
vertex 43.15947345783466 0.9423516356983122 1.0943178675024511e-14
vertex 44.82554788528364 4.292394295560058 1.0943178675026443e-14
vertex 43.74132193004908 1.007238379994053 1.0910973977607829e-14
endloop
endfacet
facet normal 2.724428532961587e-21 -3.2779216248435927e-18 -1.0
outer loop
vertex 43.74132193004908 1.007238379994053 1.0910973977607829e-14
vertex 44.82554788528364 4.292394295560058 1.0943178675026443e-14
vertex 44.320199055034905 1.0947552833426826 1.0884557659250765e-14
endloop
endfacet
facet normal 2.724428532961587e-21 -3.2779216248435927e-18 -1.0
outer loop
vertex 44.320199055034905 1.0947552833426826 1.0884557659250765e-14
vertex 44.82554788528364 4.292394295560058 1.0943178675026443e-14
vertex 44.89522500552452 1.2047693300235731 1.086396986974711e-14
endloop
endfacet
facet normal 2.724428532961587e-21 -3.2779216248435927e-18 -1.0
outer loop
vertex 44.89522500552452 1.2047693300235731 1.086396986974711e-14
vertex 44.82554788528364 4.292394295560058 1.0943178675026443e-14
vertex 46.83337683891747 4.999302340586249 1.0943178675026443e-14
endloop
endfacet
facet normal 2.724428532961587e-21 -3.2779216248435927e-18 -1.0
outer loop
vertex 44.89522500552452 1.2047693300235731 1.086396986974711e-14
vertex 46.83337683891747 4.999302340586249 1.0943178675026443e-14
vertex 45.46552580759674 1.337113311221785 1.0849241900190956e-14
endloop
endfacet
facet normal 2.724428532961587e-21 -3.2779216248435927e-18 -1.0
outer loop
vertex 45.46552580759674 1.337113311221785 1.0849241900190956e-14
vertex 46.83337683891747 4.999302340586249 1.0943178675026443e-14
vertex 46.03023466901745 1.491586079166372 1.084039613541779e-14
endloop
endfacet
facet normal 2.724428532961587e-21 -3.2779216248435927e-18 -1.0
outer loop
vertex 46.03023466901745 1.491586079166372 1.084039613541779e-14
vertex 46.83337683891747 4.999302340586249 1.0943178675026443e-14
vertex 46.58849329666536 1.6679528528521064 1.0837446019982107e-14
endloop
endfacet
facet normal 2.724428532961587e-21 -3.2779216248435927e-18 -1.0
outer loop
vertex 46.58849329666536 1.6679528528521064 1.0837446019982107e-14
vertex 46.83337683891747 4.999302340586249 1.0943178675026443e-14
vertex 47.13945320103928 1.8659455748796567 1.0840396037723203e-14
endloop
endfacet
facet normal 2.724428532961587e-21 -3.2779216248435927e-18 -1.0
outer loop
vertex 47.13945320103928 1.8659455748796567 1.0840396037723203e-14
vertex 46.83337683891747 4.999302340586249 1.0943178675026443e-14
vertex 48.75931155231502 5.905873667566965 1.0943178675026443e-14
endloop
endfacet
facet normal 2.724428532961587e-21 -3.2779216248435927e-18 -1.0
outer loop
vertex 47.13945320103928 1.8659455748796567 1.0840396037723203e-14
vertex 48.75931155231502 5.905873667566965 1.0943178675026443e-14
vertex 47.68227698586583 2.0852633188725846 1.0849241704950266e-14
endloop
endfacet
facet normal 2.724428532961587e-21 -3.2779216248435927e-18 -1.0
outer loop
vertex 47.68227698586583 2.0852633188725846 1.0849241704950266e-14
vertex 48.75931155231502 5.905873667566965 1.0943178675026443e-14
vertex 48.21613962084625 2.325572746851104 1.086396957725706e-14
endloop
endfacet
facet normal 2.724428532961587e-21 -3.2779216248435927e-18 -1.0
outer loop
vertex 48.21613962084625 2.325572746851104 1.086396957725706e-14
vertex 48.75931155231502 5.905873667566965 1.0943178675026443e-14
vertex 48.74022969560837 2.586508615867669 1.0884557269955907e-14
endloop
endfacet
facet normal 2.724428532961587e-21 -3.2779216248435927e-18 -1.0
outer loop
vertex 48.74022969560837 2.586508615867669 1.0884557269955907e-14
vertex 48.75931155231502 5.905873667566965 1.0943178675026443e-14
vertex 49.253750652958026 2.8676743331346146 1.0910973492099849e-14
endloop
endfacet
facet normal 2.724428532961587e-21 -3.2779216248435927e-18 -1.0
outer loop
vertex 49.253750652958026 2.8676743331346146 1.0910973492099849e-14
vertex 48.75931155231502 5.905873667566965 1.0943178675026443e-14
vertex 50.58355663639421 7.00279023886392 1.0943178675026443e-14
endloop
endfacet
facet normal 2.724428532961587e-21 -3.2779216248435927e-18 -1.0
outer loop
vertex 49.253750652958026 2.8676743331346146 1.0910973492099849e-14
vertex 50.58355663639421 7.00279023886392 1.0943178675026443e-14
vertex 49.75592199955523 3.1686425588003737 1.0943178094041323e-14
endloop
endfacet
facet normal 2.724428532961587e-21 -3.2779216248435927e-18 -1.0
outer loop
vertex 49.75592199955523 3.1686425588003737 1.0943178094041323e-14
vertex 50.58355663639421 7.00279023886392 1.0943178675026443e-14
vertex 50.49971682569046 3.6502008190043815 1.099364841060753e-14
endloop
endfacet
facet normal 2.724428532961587e-21 -3.2779216248435927e-18 -1.0
outer loop
vertex 50.49971682569046 3.6502008190043815 1.099364841060753e-14
vertex 50.58355663639421 7.00279023886392 1.0943178675026443e-14
vertex 51.22858540666492 4.15406557568476 1.1038836475097347e-14
endloop
endfacet
facet normal 2.724428532961587e-21 -3.2779216248435927e-18 -1.0
outer loop
vertex 51.22858540666492 4.15406557568476 1.1038836475097347e-14
vertex 50.58355663639421 7.00279023886392 1.0943178675026443e-14
vertex 52.287361901458155 8.278777585946061 1.0943178675026443e-14
endloop
endfacet
facet normal 2.724428532961587e-21 -3.2779216248435927e-18 -1.0
outer loop
vertex 51.22858540666492 4.15406557568476 1.1038836475097347e-14
vertex 52.287361901458155 8.278777585946061 1.0943178675026443e-14
vertex 51.94185899011806 4.679774522255283 1.1078700826504517e-14
endloop
endfacet
facet normal 2.724428532961587e-21 -3.2779216248435927e-18 -1.0
outer loop
vertex 51.94185899011806 4.679774522255283 1.1078700826504517e-14
vertex 52.287361901458155 8.278777585946061 1.0943178675026443e-14
vertex 52.63888313242975 5.22684530962281 1.1113204888442288e-14
endloop
endfacet
facet normal 2.724428532961587e-21 -3.2779216248435927e-18 -1.0
outer loop
vertex 52.63888313242975 5.22684530962281 1.1113204888442288e-14
vertex 52.287361901458155 8.278777585946061 1.0943178675026443e-14
vertex 53.85321507779826 9.720720692077071 1.0943178675026443e-14
endloop
endfacet
facet normal 2.724428532961587e-21 -3.2779216248435927e-18 -1.0
outer loop
vertex 52.63888313242975 5.22684530962281 1.1113204888442288e-14
vertex 53.85321507779826 9.720720692077071 1.0943178675026443e-14
vertex 53.31901829918641 5.79477598875288 1.1142317002703032e-14
endloop
endfacet
facet normal 2.724428532961587e-21 -3.2779216248435927e-18 -1.0
outer loop
vertex 53.31901829918641 5.79477598875288 1.1142317002703032e-14
vertex 53.85321507779826 9.720720692077071 1.0943178675026443e-14
vertex 53.981640451967166 6.383045471218665 1.1166010458305314e-14
endloop
endfacet
facet normal 2.724428532961587e-21 -3.2779216248435927e-18 -1.0
outer loop
vertex 53.981640451967166 6.383045471218665 1.1166010458305314e-14
vertex 53.85321507779826 9.720720692077071 1.0943178675026443e-14
vertex 55.26502181255039 11.313798792761915 1.0943178675026443e-14
endloop
endfacet
facet normal 2.724428532961587e-21 -3.2779216248435927e-18 -1.0
outer loop
vertex 53.981640451967166 6.383045471218665 1.1166010458305314e-14
vertex 55.26502181255039 11.313798792761915 1.0943178675026443e-14
vertex 54.6261416209124 6.991114007310232 1.1184263516001791e-14
endloop
endfacet
facet normal 2.724428532961587e-21 -3.2779216248435927e-18 -1.0
outer loop
vertex 54.6261416209124 6.991114007310232 1.1184263516001791e-14
vertex 55.26502181255039 11.313798792761915 1.0943178675026443e-14
vertex 55.25193046254898 7.618423681266807 1.1197059428225423e-14
endloop
endfacet
facet normal 2.724428532961587e-21 -3.2779216248435927e-18 -1.0
outer loop
vertex 55.25193046254898 7.618423681266807 1.1197059428225423e-14
vertex 55.26502181255039 11.313798792761915 1.0943178675026443e-14
vertex 55.85843280236034 8.264398923175921 1.1204386454455724e-14
endloop
endfacet
facet normal 2.724428532961587e-21 -3.2779216248435927e-18 -1.0
outer loop
vertex 55.85843280236034 8.264398923175921 1.1204386454455724e-14
vertex 55.26502181255039 11.313798792761915 1.0943178675026443e-14
vertex 56.17973999458563 12.518666564771866 1.0943178675026443e-14
endloop
endfacet
facet normal 2.724428532961587e-21 -3.2779216248435927e-18 -1.0
outer loop
vertex 55.85843280236034 8.264398923175921 1.1204386454455724e-14
vertex 56.17973999458563 12.518666564771866 1.0943178675026443e-14
vertex 56.445092161603995 8.928447037071424 1.120623787199094e-14
endloop
endfacet
facet normal 2.724428532961587e-21 -3.2779216248435927e-18 -1.0
outer loop
vertex 56.445092161603995 8.928447037071424 1.120623787199094e-14
vertex 56.17973999458563 12.518666564771866 1.0943178675026443e-14
vertex 57.03289970169213 13.767880003198012 1.0943178675026443e-14
endloop
endfacet
facet normal 2.724428532961587e-21 -3.2779216248435927e-18 -1.0
outer loop
vertex 56.445092161603995 8.928447037071424 1.120623787199094e-14
vertex 57.03289970169213 13.767880003198012 1.0943178675026443e-14
vertex 57.01137026789227 9.609958744744151 1.1202611982116271e-14
endloop
endfacet
facet normal 2.724428532961587e-21 -3.2779216248435927e-18 -1.0
outer loop
vertex 57.01137026789227 9.609958744744151 1.1202611982116271e-14
vertex 57.03289970169213 13.767880003198012 1.0943178675026443e-14
vertex 57.55674754906872 10.30830874476768 1.1193512111662475e-14
endloop
endfacet
facet normal 2.724428532961587e-21 -3.2779216248435927e-18 -1.0
outer loop
vertex 57.55674754906872 10.30830874476768 1.1193512111662475e-14
vertex 57.03289970169213 13.767880003198012 1.0943178675026443e-14
vertex 57.822355006627234 15.058296998623941 1.0943178675026443e-14
endloop
endfacet
facet normal 2.724428532961587e-21 -3.2779216248435927e-18 -1.0
outer loop
vertex 57.55674754906872 10.30830874476768 1.1193512111662475e-14
vertex 57.822355006627234 15.058296998623941 1.0943178675026443e-14
vertex 58.478288781107416 11.556375232630206 1.1172758306769794e-14
endloop
endfacet
facet normal 2.724428532961587e-21 -3.2779216248435927e-18 -1.0
outer loop
vertex 58.478288781107416 11.556375232630206 1.1172758306769794e-14
vertex 57.822355006627234 15.058296998623941 1.0943178675026443e-14
vertex 58.5461202159371 16.386671803551735 1.0943178675026443e-14
endloop
endfacet
facet normal 2.724428532961587e-21 -3.2779216248435927e-18 -1.0
outer loop
vertex 58.478288781107416 11.556375232630206 1.1172758306769794e-14
vertex 58.5461202159371 16.386671803551735 1.0943178675026443e-14
vertex 59.36998981055603 12.82593321655724 1.1151945893322114e-14
endloop
endfacet
facet normal 2.724428532961587e-21 -3.2779216248435927e-18 -1.0
outer loop
vertex 59.36998981055603 12.82593321655724 1.1151945893322114e-14
vertex 58.5461202159371 16.386671803551735 1.0943178675026443e-14
vertex 59.2023748645119 17.74966319633388 1.0943178675026443e-14
endloop
endfacet
facet normal 2.724428532961587e-21 -3.2779216248435927e-18 -1.0
outer loop
vertex 59.36998981055603 12.82593321655724 1.1151945893322114e-14
vertex 59.2023748645119 17.74966319633388 1.0943178675026443e-14
vertex 59.78946829454781 19.143842885248763 1.0943178675026443e-14
endloop
endfacet
facet normal 2.724428532961587e-21 -3.2779216248435927e-18 -1.0
outer loop
vertex 59.36998981055603 12.82593321655724 1.1151945893322114e-14
vertex 59.78946829454781 19.143842885248763 1.0943178675026443e-14
vertex 60.23134963492401 14.116269395015266 1.1131086564780168e-14
endloop
endfacet
facet normal 2.724428532961587e-21 -3.2779216248435927e-18 -1.0
outer loop
vertex 60.23134963492401 14.116269395015266 1.1131086564780168e-14
vertex 59.78946829454781 19.143842885248763 1.0943178675026443e-14
vertex 60.305923807397605 20.565704131581004 1.0943178675026443e-14
endloop
endfacet
facet normal 2.724428532961587e-21 -3.2779216248435927e-18 -1.0
outer loop
vertex 60.23134963492401 14.116269395015266 1.1131086564780168e-14
vertex 60.305923807397605 20.565704131581004 1.0943178675026443e-14
vertex 61.06188429893589 15.426658792235648 1.111019204096395e-14
endloop
endfacet
facet normal 2.724428532961587e-21 -3.2779216248435927e-18 -1.0
outer loop
vertex 61.06188429893589 15.426658792235648 1.111019204096395e-14
vertex 60.305923807397605 20.565704131581004 1.0943178675026443e-14
vertex 60.75044237786659 22.011670570016665 1.0943178675026443e-14
endloop
endfacet
facet normal 2.724428532961587e-21 -3.2779216248435927e-18 -1.0
outer loop
vertex 61.06188429893589 15.426658792235648 1.111019204096395e-14
vertex 60.75044237786659 22.011670570016665 1.0943178675026443e-14
vertex 61.12190592161232 23.478105204169236 1.0943178675026443e-14
endloop
endfacet
facet normal 2.724428532961587e-21 -3.2779216248435927e-18 -1.0
outer loop
vertex 61.06188429893589 15.426658792235648 1.111019204096395e-14
vertex 61.12190592161232 23.478105204169236 1.0943178675026443e-14
vertex 61.861127166441776 16.756365165542853 1.108927406146792e-14
endloop
endfacet
facet normal 2.724428532961587e-21 -3.2779216248435927e-18 -1.0
outer loop
vertex 61.861127166441776 16.756365165542853 1.108927406146792e-14
vertex 61.12190592161232 23.478105204169236 1.0943178675026443e-14
vertex 61.41938010742866 24.961319554607915 1.0943178675026443e-14
endloop
endfacet
facet normal 2.724428532961587e-21 -3.2779216248435927e-18 -1.0
outer loop
vertex 61.861127166441776 16.756365165542853 1.108927406146792e-14
vertex 61.41938010742866 24.961319554607915 1.0943178675026443e-14
vertex 61.642116707341465 26.457582936380547 1.0943178675026443e-14
endloop
endfacet
facet normal 2.724428532961587e-21 -3.2779216248435927e-18 -1.0
outer loop
vertex 61.861127166441776 16.756365165542853 1.108927406146792e-14
vertex 61.642116707341465 26.457582936380547 1.0943178675026443e-14
vertex 61.78955547860406 27.96313184269439 1.0943178675026443e-14
endloop
endfacet
facet normal 2.724428532961587e-21 -3.2779216248435927e-18 -1.0
outer loop
vertex 61.861127166441776 16.756365165542853 1.108927406146792e-14
vertex 61.78955547860406 27.96313184269439 1.0943178675026443e-14
vertex 61.8106652289064 28.88225084800281 1.0943178675026443e-14
endloop
endfacet
facet normal 2.724428532961587e-21 -3.2779216248435927e-18 -1.0
outer loop
vertex 0.8169929527242877 45.17439581017652 1.0943178675026443e-14
vertex 0.8220986055240064 42.88142224361702 1.0943178675026443e-14
vertex 0.7999999999999978 44.02786550526041 1.0943178675026443e-14
endloop
endfacet
facet normal 2.724428532961587e-21 -3.2779216248435927e-18 -1.0
outer loop
vertex 0.8220986055240064 42.88142224361702 1.0943178675026443e-14
vertex 0.8169929527242877 45.17439581017652 1.0943178675026443e-14
vertex 0.8730577135420453 46.31968059708665 1.0943178675026443e-14
endloop
endfacet
facet normal 2.724428532961587e-21 -3.2779216248435927e-18 -1.0
outer loop
vertex 0.8220986055240064 42.88142224361702 1.0943178675026443e-14
vertex 0.8730577135420453 46.31968059708665 1.0943178675026443e-14
vertex 0.8832630850679609 41.73639848535894 1.0943178675026443e-14
endloop
endfacet
facet normal 2.724428532961587e-21 -3.2779216248435927e-18 -1.0
outer loop
vertex 0.8832630850679609 41.73639848535894 1.0943178675026443e-14
vertex 0.8730577135420453 46.31968059708665 1.0943178675026443e-14
vertex 0.9681291208707827 47.46238875232235 1.0943178675026443e-14
endloop
endfacet
facet normal 2.724428532961587e-21 -3.2779216248435927e-18 -1.0
outer loop
vertex 0.8832630850679609 41.73639848535894 1.0943178675026443e-14
vertex 0.9681291208707827 47.46238875232235 1.0943178675026443e-14
vertex 0.9834223498725195 40.59412504077257 1.0943178675026443e-14
endloop
endfacet
facet normal 2.724428532961587e-21 -3.2779216248435927e-18 -1.0
outer loop
vertex 0.9834223498725195 40.59412504077257 1.0943178675026443e-14
vertex 0.9681291208707827 47.46238875232235 1.0943178675026443e-14
vertex 2.115891538893841 48.00187731198593 1.0943178675026443e-14
endloop
endfacet
facet normal 2.724428532961587e-21 -3.2779216248435927e-18 -1.0
outer loop
vertex 0.9834223498725195 40.59412504077257 1.0943178675026443e-14
vertex 2.115891538893841 48.00187731198593 1.0943178675026443e-14
vertex 1.1224599892701017 39.45592952357691 1.0943178675026443e-14
endloop
endfacet
facet normal 2.724428532961587e-21 -3.2779216248435927e-18 -1.0
outer loop
vertex 1.1224599892701017 39.45592952357691 1.0943178675026443e-14
vertex 2.115891538893841 48.00187731198593 1.0943178675026443e-14
vertex 1.3002144059844427 38.32313480789714 1.0943178675026443e-14
endloop
endfacet
facet normal 2.724428532961587e-21 -3.2779216248435927e-18 -1.0
outer loop
vertex 1.3002144059844427 38.32313480789714 1.0943178675026443e-14
vertex 2.115891538893841 48.00187731198593 1.0943178675026443e-14
vertex 1.516479003947523 37.197057490746495 1.0943178675026443e-14
endloop
endfacet
facet normal 2.724428532961587e-21 -3.2779216248435927e-18 -1.0
outer loop
vertex 1.516479003947523 37.197057490746495 1.0943178675026443e-14
vertex 2.115891538893841 48.00187731198593 1.0943178675026443e-14
vertex 1.7710024284170187 36.07900636180389 1.0943178675026443e-14
endloop
endfacet
facet normal 2.724428532961587e-21 -3.2779216248435927e-18 -1.0
outer loop
vertex 1.7710024284170187 36.07900636180389 1.0943178675026443e-14
vertex 2.115891538893841 48.00187731198593 1.0943178675026443e-14
vertex 2.06348885811511 34.97028088226628 1.0943178675026443e-14
endloop
endfacet
facet normal 2.724428532961587e-21 -3.2779216248435927e-18 -1.0
outer loop
vertex 2.06348885811511 34.97028088226628 1.0943178675026443e-14
vertex 2.115891538893841 48.00187731198593 1.0943178675026443e-14
vertex 2.393598349047958 33.87216967454209 1.0943178675026443e-14
endloop
endfacet
facet normal 2.724428532961587e-21 -3.2779216248435927e-18 -1.0
outer loop
vertex 2.393598349047958 33.87216967454209 1.0943178675026443e-14
vertex 2.115891538893841 48.00187731198593 1.0943178675026443e-14
vertex 3.277309650776196 48.51130291364492 1.0943178675026443e-14
endloop
endfacet
facet normal 2.724428532961587e-21 -3.2779216248435927e-18 -1.0
outer loop
vertex 2.393598349047958 33.87216967454209 1.0943178675026443e-14
vertex 3.277309650776196 48.51130291364492 1.0943178675026443e-14
vertex 3.507900886409282 30.72036744927234 1.0943178675026443e-14
endloop
endfacet
facet normal 2.724428532961587e-21 -3.2779216248435927e-18 -1.0
outer loop
vertex 3.507900886409282 30.72036744927234 1.0943178675026443e-14
vertex 3.277309650776196 48.51130291364492 1.0943178675026443e-14
vertex 4.4515961884635935 48.99032024280966 1.0943178675026443e-14
endloop
endfacet
facet normal 2.724428532961587e-21 -3.2779216248435927e-18 -1.0
outer loop
vertex 3.507900886409282 30.72036744927234 1.0943178675026443e-14
vertex 4.4515961884635935 48.99032024280966 1.0943178675026443e-14
vertex 4.813876464136453 27.64303821723281 1.0943178675026443e-14
endloop
endfacet
facet normal 2.724428532961587e-21 -3.2779216248435927e-18 -1.0
outer loop
vertex 4.813876464136453 27.64303821723281 1.0943178675026443e-14
vertex 4.4515961884635935 48.99032024280966 1.0943178675026443e-14
vertex 5.6379551610305185 49.438604597259 1.0943178675026443e-14
endloop
endfacet
facet normal 2.724428532961587e-21 -3.2779216248435927e-18 -1.0
outer loop
vertex 4.813876464136453 27.64303821723281 1.0943178675026443e-14
vertex 5.6379551610305185 49.438604597259 1.0943178675026443e-14
vertex 6.306583669675182 24.65182565198146 1.0943178675026443e-14
endloop
endfacet
facet normal 2.724428532961587e-21 -3.2779216248435927e-18 -1.0
outer loop
vertex 6.306583669675182 24.65182565198146 1.0943178675026443e-14
vertex 5.6379551610305185 49.438604597259 1.0943178675026443e-14
vertex 6.835582394243188 49.85585210713935 1.0943178675026443e-14
endloop
endfacet
facet normal 2.724428532961587e-21 -3.2779216248435927e-18 -1.0
outer loop
vertex 6.306583669675182 24.65182565198146 1.0943178675026443e-14
vertex 6.835582394243188 49.85585210713935 1.0943178675026443e-14
vertex 7.980374555045666 21.758047587921258 1.0943178675026443e-14
endloop
endfacet
facet normal 2.724428532961587e-21 -3.2779216248435927e-18 -1.0
outer loop
vertex 7.980374555045666 21.758047587921258 1.0943178675026443e-14
vertex 6.835582394243188 49.85585210713935 1.0943178675026443e-14
vertex 8.04366607566981 50.241779940943374 1.0943178675026443e-14
endloop
endfacet
facet normal 2.724428532961587e-21 -3.2779216248435927e-18 -1.0
outer loop
vertex 7.980374555045666 21.758047587921258 1.0943178675026443e-14
vertex 8.04366607566981 50.241779940943374 1.0943178675026443e-14
vertex 9.828916006952541 18.972653197073324 1.0943178675026443e-14
endloop
endfacet
facet normal 2.724428532961587e-21 -3.2779216248435927e-18 -1.0
outer loop
vertex 9.828916006952541 18.972653197073324 1.0943178675026443e-14
vertex 8.04366607566981 50.241779940943374 1.0943178675026443e-14
vertex 9.261387304968027 50.59612649722749 1.0943178675026443e-14
endloop
endfacet
facet normal 2.724428532961587e-21 -3.2779216248435927e-18 -1.0
outer loop
vertex 9.828916006952541 18.972653197073324 1.0943178675026443e-14
vertex 9.261387304968027 50.59612649722749 1.0943178675026443e-14
vertex 10.487920648977246 50.91865158193799 1.0943178675026443e-14
endloop
endfacet
facet normal 2.724428532961587e-21 -3.2779216248435927e-18 -1.0
outer loop
vertex 9.828916006952541 18.972653197073324 1.0943178675026443e-14
vertex 10.487920648977246 50.91865158193799 1.0943178675026443e-14
vertex 11.845213709350695 16.30618156075524 1.0943178675026443e-14
endloop
endfacet
facet normal 2.724428532961587e-21 -3.2779216248435927e-18 -1.0
outer loop
vertex 11.845213709350695 16.30618156075524 1.0943178675026443e-14
vertex 10.487920648977246 50.91865158193799 1.0943178675026443e-14
vertex 11.722434701238816 51.20913657122795 1.0943178675026443e-14
endloop
endfacet
facet normal 2.724428532961587e-21 -3.2779216248435927e-18 -1.0
outer loop
vertex 11.845213709350695 16.30618156075524 1.0943178675026443e-14
vertex 11.722434701238816 51.20913657122795 1.0943178675026443e-14
vertex 11.903911277822276 32.235571460403236 1.0943178675026443e-14
endloop
endfacet
facet normal 2.724428532961587e-21 -3.2779216248435927e-18 -1.0
outer loop
vertex 11.903911277822276 32.235571460403236 1.0943178675026443e-14
vertex 11.722434701238816 51.20913657122795 1.0943178675026443e-14
vertex 11.918431722727687 32.953063589191494 1.0943178675026443e-14
endloop
endfacet
facet normal 2.724428532961587e-21 -3.2779216248435927e-18 -1.0
outer loop
vertex 11.918431722727687 32.953063589191494 1.0943178675026443e-14
vertex 11.722434701238816 51.20913657122795 1.0943178675026443e-14
vertex 12.964092645565637 51.46738455965023 1.0943178675026443e-14
endloop
endfacet
facet normal 2.724428532961587e-21 -3.2779216248435927e-18 -1.0
outer loop
vertex 11.918431722727687 32.953063589191494 1.0943178675026443e-14
vertex 12.964092645565637 51.46738455965023 1.0943178675026443e-14
vertex 11.962506092761855 33.66934792386548 1.0943178675026443e-14
endloop
endfacet
facet normal 2.724428532961587e-21 -3.2779216248435927e-18 -1.0
outer loop
vertex 11.962506092761855 33.66934792386548 1.0943178675026443e-14
vertex 12.964092645565637 51.46738455965023 1.0943178675026443e-14
vertex 12.036059514264602 34.38320763864047 1.0943178675026443e-14
endloop
endfacet
facet normal 2.724428532961587e-21 -3.2779216248435927e-18 -1.0
outer loop
vertex 12.036059514264602 34.38320763864047 1.0943178675026443e-14
vertex 12.964092645565637 51.46738455965023 1.0943178675026443e-14
vertex 12.138967034482466 35.09343002668227 1.0943178675026443e-14
endloop
endfacet
facet normal 2.724428532961587e-21 -3.2779216248435927e-18 -1.0
outer loop
vertex 12.138967034482466 35.09343002668227 1.0943178675026443e-14
vertex 12.964092645565637 51.46738455965023 1.0943178675026443e-14
vertex 12.211676525514733 35.45911415002004 1.0914747212377444e-14
endloop
endfacet
facet normal 2.724428532961587e-21 -3.2779216248435927e-18 -1.0
outer loop
vertex 12.211676525514733 35.45911415002004 1.0914747212377444e-14
vertex 12.964092645565637 51.46738455965023 1.0943178675026443e-14
vertex 12.307458195536533 35.81944374890878 1.082956756272167e-14
endloop
endfacet
facet normal 2.724428532961587e-21 -3.2779216248435927e-18 -1.0
outer loop
vertex 12.307458195536533 35.81944374890878 1.082956756272167e-14
vertex 12.964092645565637 51.46738455965023 1.0943178675026443e-14
vertex 12.425925507095156 36.1729646736636 1.0687983477893773e-14
endloop
endfacet
facet normal 2.724428532961587e-21 -3.2779216248435927e-18 -1.0
outer loop
vertex 12.425925507095156 36.1729646736636 1.0687983477893773e-14
vertex 12.964092645565637 51.46738455965023 1.0943178675026443e-14
vertex 12.566600372339163 36.51825025175224 1.0490566336023567e-14
endloop
endfacet
facet normal 2.724428532961587e-21 -3.2779216248435927e-18 -1.0
outer loop
vertex 12.566600372339163 36.51825025175224 1.0490566336023567e-14
vertex 12.964092645565637 51.46738455965023 1.0943178675026443e-14
vertex 12.728915082394241 36.853907045288814 1.0238112835676802e-14
endloop
endfacet
facet normal 2.724428532961587e-21 -3.2779216248435927e-18 -1.0
outer loop
vertex 12.728915082394241 36.853907045288814 1.0238112835676802e-14
vertex 12.964092645565637 51.46738455965023 1.0943178675026443e-14
vertex 12.9122145984148 37.17858047440498 9.931641780690551e-15
endloop
endfacet
facet normal 2.724428532961587e-21 -3.2779216248435927e-18 -1.0
outer loop
vertex 12.9122145984148 37.17858047440498 9.931641780690551e-15
vertex 12.964092645565637 51.46738455965023 1.0943178675026443e-14
vertex 13.115759195065333 37.4909602838067 9.572389968678427e-15
endloop
endfacet
facet normal 2.724428532961587e-21 -3.2779216248435927e-18 -1.0
outer loop
vertex 13.115759195065333 37.4909602838067 9.572389968678427e-15
vertex 12.964092645565637 51.46738455965023 1.0943178675026443e-14
vertex 14.212052823278462 51.69322049363089 1.0943178675026443e-14
endloop
endfacet
facet normal 2.724428532961587e-21 -3.2779216248435927e-18 -1.0
outer loop
vertex 13.115759195065333 37.4909602838067 9.572389968678427e-15
vertex 14.212052823278462 51.69322049363089 1.0943178675026443e-14
vertex 13.338727445763123 37.78978583045261 9.161807199797892e-15
endloop
endfacet
facet normal 2.724428532961587e-21 -3.2779216248435927e-18 -1.0
outer loop
vertex 13.338727445763123 37.78978583045261 9.161807199797892e-15
vertex 14.212052823278462 51.69322049363089 1.0943178675026443e-14
vertex 13.58021953763549 38.073851171018 8.701550425922463e-15
endloop
endfacet
facet normal 2.724428532961587e-21 -3.2779216248435927e-18 -1.0
outer loop
vertex 13.58021953763549 38.073851171018 8.701550425922463e-15
vertex 14.212052823278462 51.69322049363089 1.0943178675026443e-14
vertex 13.839260902813535 38.342009928611624 8.193477063830382e-15
endloop
endfacet
facet normal 2.724428532961587e-21 -3.2779216248435927e-18 -1.0
outer loop
vertex 13.839260902813535 38.342009928611624 8.193477063830382e-15
vertex 14.212052823278462 51.69322049363089 1.0943178675026443e-14
vertex 14.11480615140793 38.59317991910516 7.639637499395108e-15
endloop
endfacet
facet normal 2.724428532961587e-21 -3.2779216248435927e-18 -1.0
outer loop
vertex 14.11480615140793 38.59317991910516 7.639637499395108e-15
vertex 14.212052823278462 51.69322049363089 1.0943178675026443e-14
vertex 14.405743290294428 38.82634751840651 7.042266813027885e-15
endloop
endfacet
facet normal 2.724428532961587e-21 -3.2779216248435927e-18 -1.0
outer loop
vertex 14.405743290294428 38.82634751840651 7.042266813027885e-15
vertex 14.212052823278462 51.69322049363089 1.0943178675026443e-14
vertex 15.465469303725031 51.88649129012897 1.0943178675026443e-14
endloop
endfacet
facet normal 2.724428532961587e-21 -3.2779216248435927e-18 -1.0
outer loop
vertex 14.405743290294428 38.82634751840651 7.042266813027885e-15
vertex 15.465469303725031 51.88649129012897 1.0943178675026443e-14
vertex 14.753970019514998 39.0774750162981 6.416329637970232e-15
endloop
endfacet
facet normal 2.724428532961587e-21 -3.2779216248435927e-18 -1.0
outer loop
vertex 14.753970019514998 39.0774750162981 6.416329637970232e-15
vertex 15.465469303725031 51.88649129012897 1.0943178675026443e-14
vertex 15.1115146234539 39.31514859778144 5.9629984226621724e-15
endloop
endfacet
facet normal 2.724428532961587e-21 -3.2779216248435927e-18 -1.0
outer loop
vertex 15.1115146234539 39.31514859778144 5.9629984226621724e-15
vertex 15.465469303725031 51.88649129012897 1.0943178675026443e-14
vertex 15.477857582612186 39.539022918363486 5.682931866475041e-15
endloop
endfacet
facet normal 2.724428532961587e-21 -3.2779216248435927e-18 -1.0
outer loop
vertex 15.477857582612186 39.539022918363486 5.682931866475041e-15
vertex 15.465469303725031 51.88649129012897 1.0943178675026443e-14
vertex 16.723492457694352 52.04706594040422 1.0943178675026443e-14
endloop
endfacet
facet normal 2.724428532961587e-21 -3.2779216248435927e-18 -1.0
outer loop
vertex 15.477857582612186 39.539022918363486 5.682931866475041e-15
vertex 16.723492457694352 52.04706594040422 1.0943178675026443e-14
vertex 15.852466593303891 39.74877268415489 5.576536911746457e-15
endloop
endfacet
facet normal 2.724428532961587e-21 -3.2779216248435927e-18 -1.0
outer loop
vertex 15.852466593303891 39.74877268415489 5.576536911746457e-15
vertex 16.723492457694352 52.04706594040422 1.0943178675026443e-14
vertex 16.234797341103867 39.944093124528216 5.643968152485081e-15
endloop
endfacet
facet normal 2.724428532961587e-21 -3.2779216248435927e-18 -1.0
outer loop
vertex 16.234797341103867 39.944093124528216 5.643968152485081e-15
vertex 16.723492457694352 52.04706594040422 1.0943178675026443e-14
vertex 16.624294291747805 40.12470043495622 5.88512760974219e-15
endloop
endfacet
facet normal 2.724428532961587e-21 -3.2779216248435927e-18 -1.0
outer loop
vertex 16.624294291747805 40.12470043495622 5.88512760974219e-15
vertex 16.723492457694352 52.04706594040422 1.0943178675026443e-14
vertex 17.02039149833439 40.29033218938525 6.299664873977195e-15
endloop
endfacet
facet normal 2.724428532961587e-21 -3.2779216248435927e-18 -1.0
outer loop
vertex 17.02039149833439 40.29033218938525 6.299664873977195e-15
vertex 16.723492457694352 52.04706594040422 1.0943178675026443e-14
vertex 17.98526953333891 52.174835598820955 1.0943178675026443e-14
endloop
endfacet
facet normal 2.724428532961587e-21 -3.2779216248435927e-18 -1.0
outer loop
vertex 17.02039149833439 40.29033218938525 6.299664873977195e-15
vertex 17.98526953333891 52.174835598820955 1.0943178675026443e-14
vertex 17.422513423657854 40.440747721545605 6.886977614209737e-15
endloop
endfacet
facet normal 2.724428532961587e-21 -3.2779216248435927e-18 -1.0
outer loop
vertex 17.422513423657854 40.440747721545605 6.886977614209737e-15
vertex 17.98526953333891 52.174835598820955 1.0943178675026443e-14
vertex 17.830075776474917 40.57572847464444 7.646212453218685e-15
endloop
endfacet
facet normal 2.724428532961587e-21 -3.2779216248435927e-18 -1.0
outer loop
vertex 17.830075776474917 40.57572847464444 7.646212453218685e-15
vertex 17.98526953333891 52.174835598820955 1.0943178675026443e-14
vertex 18.242486360491785 40.695078318933575 8.576266207516435e-15
endloop
endfacet
facet normal 2.724428532961587e-21 -3.2779216248435927e-18 -1.0
outer loop
vertex 18.242486360491785 40.695078318933575 8.576266207516435e-15
vertex 17.98526953333891 52.174835598820955 1.0943178675026443e-14
vertex 19.249945234212607 52.26971365662976 1.0943178675026443e-14
endloop
endfacet
facet normal 2.724428532961587e-21 -3.2779216248435927e-18 -1.0
outer loop
vertex 18.242486360491785 40.695078318933575 8.576266207516435e-15
vertex 19.249945234212607 52.26971365662976 1.0943178675026443e-14
vertex 18.659145934837163 40.79862383668915 9.6757874902966e-15
endloop
endfacet
facet normal 2.724428532961587e-21 -3.2779216248435927e-18 -1.0
outer loop
vertex 18.659145934837163 40.79862383668915 9.6757874902966e-15
vertex 19.249945234212607 52.26971365662976 1.0943178675026443e-14
vertex 19.07944908477139 40.886214574191854 1.0943178675026443e-14
endloop
endfacet
facet normal 2.724428532961587e-21 -3.2779216248435927e-18 -1.0
outer loop
vertex 19.07944908477139 40.886214574191854 1.0943178675026443e-14
vertex 19.249945234212607 52.26971365662976 1.0943178675026443e-14
vertex 22.212837140009217 41.57562567631571 1.0943178675026443e-14
endloop
endfacet
facet normal 2.724428532961587e-21 -3.2779216248435927e-18 -1.0
outer loop
vertex 22.212837140009217 41.57562567631571 1.0943178675026443e-14
vertex 19.249945234212607 52.26971365662976 1.0943178675026443e-14
vertex 20.516662299034483 52.33163580067458 1.0943178675026443e-14
endloop
endfacet
facet normal 2.724428532961587e-21 -3.2779216248435927e-18 -1.0
outer loop
vertex 22.212837140009217 41.57562567631571 1.0943178675026443e-14
vertex 20.516662299034483 52.33163580067458 1.0943178675026443e-14
vertex 21.78456208278349 52.3605600569884 1.0943178675026443e-14
endloop
endfacet
facet normal 2.724428532961587e-21 -3.2779216248435927e-18 -1.0
outer loop
vertex 22.212837140009217 41.57562567631571 1.0943178675026443e-14
vertex 21.78456208278349 52.3605600569884 1.0943178675026443e-14
vertex 23.052785138731767 52.356466819244204 1.0943178675026443e-14
endloop
endfacet
facet normal 2.724428532961587e-21 -3.2779216248435927e-18 -1.0
outer loop
vertex 22.212837140009217 41.57562567631571 1.0943178675026443e-14
vertex 23.052785138731767 52.356466819244204 1.0943178675026443e-14
vertex 25.381054622049586 42.081398707360606 1.0943178675026443e-14
endloop
endfacet
facet normal 2.724428532961587e-21 -3.2779216248435927e-18 -1.0
outer loop
vertex 25.381054622049586 42.081398707360606 1.0943178675026443e-14
vertex 23.052785138731767 52.356466819244204 1.0943178675026443e-14
vertex 24.320471801021196 52.319358862046286 1.0943178675026443e-14
endloop
endfacet
facet normal 2.724428532961587e-21 -3.2779216248435927e-18 -1.0
outer loop
vertex 25.381054622049586 42.081398707360606 1.0943178675026443e-14
vertex 24.320471801021196 52.319358862046286 1.0943178675026443e-14
vertex 25.58676276738856 52.2492613390483 1.0943178675026443e-14
endloop
endfacet
facet normal 2.724428532961587e-21 -3.2779216248435927e-18 -1.0
outer loop
vertex 25.381054622049586 42.081398707360606 1.0943178675026443e-14
vertex 25.58676276738856 52.2492613390483 1.0943178675026443e-14
vertex 28.573348538552388 42.40181706372878 1.0943178675026443e-14
endloop
endfacet
facet normal 2.724428532961587e-21 -3.2779216248435927e-18 -1.0
outer loop
vertex 28.573348538552388 42.40181706372878 1.0943178675026443e-14
vertex 25.58676276738856 52.2492613390483 1.0943178675026443e-14
vertex 26.850799681643885 52.14622176590378 1.0943178675026443e-14
endloop
endfacet
facet normal 2.724428532961587e-21 -3.2779216248435927e-18 -1.0
outer loop
vertex 28.573348538552388 42.40181706372878 1.0943178675026443e-14
vertex 26.850799681643885 52.14622176590378 1.0943178675026443e-14
vertex 28.111725715508175 52.0103099880573 1.0943178675026443e-14
endloop
endfacet
facet normal 2.724428532961587e-21 -3.2779216248435927e-18 -1.0
outer loop
vertex 28.573348538552388 42.40181706372878 1.0943178675026443e-14
vertex 28.111725715508175 52.0103099880573 1.0943178675026443e-14
vertex 29.368686149414536 51.84161813339959 1.0943178675026443e-14
endloop
endfacet
facet normal 2.724428532961587e-21 -3.2779216248435927e-18 -1.0
outer loop
vertex 28.573348538552388 42.40181706372878 1.0943178675026443e-14
vertex 29.368686149414536 51.84161813339959 1.0943178675026443e-14
vertex 31.778884181286283 42.53579323922752 1.0943178675026443e-14
endloop
endfacet
facet normal 2.724428532961587e-21 -3.2779216248435927e-18 -1.0
outer loop
vertex 31.778884181286283 42.53579323922752 1.0943178675026443e-14
vertex 29.368686149414536 51.84161813339959 1.0943178675026443e-14
vertex 30.620828951880945 51.64026054981855 1.0943178675026443e-14
endloop
endfacet
facet normal 2.724428532961587e-21 -3.2779216248435927e-18 -1.0
outer loop
vertex 31.778884181286283 42.53579323922752 1.0943178675026443e-14
vertex 30.620828951880945 51.64026054981855 1.0943178675026443e-14
vertex 31.498235735338866 51.48259018568709 1.0943178675026443e-14
endloop
endfacet
facet normal 2.724428532961587e-21 -3.2779216248435927e-18 -1.0
outer loop
vertex 31.778884181286283 42.53579323922752 1.0943178675026443e-14
vertex 31.498235735338866 51.48259018568709 1.0943178675026443e-14
vertex 32.37390884013285 51.31555958692227 1.0943178675026443e-14
endloop
endfacet
facet normal 2.724428532961587e-21 -3.2779216248435927e-18 -1.0
outer loop
vertex 31.778884181286283 42.53579323922752 1.0943178675026443e-14
vertex 32.37390884013285 51.31555958692227 1.0943178675026443e-14
vertex 34.98678189934103 42.48287251608665 1.0943178675026443e-14
endloop
endfacet
facet normal 2.724428532961587e-21 -3.2779216248435927e-18 -1.0
outer loop
vertex 34.98678189934103 42.48287251608665 1.0943178675026443e-14
vertex 32.37390884013285 51.31555958692227 1.0943178675026443e-14
vertex 33.247748413594095 51.13918779995939 1.0943178675026443e-14
endloop
endfacet
facet normal 2.724428532961587e-21 -3.2779216248435927e-18 -1.0
outer loop
vertex 34.98678189934103 42.48287251608665 1.0943178675026443e-14
vertex 33.247748413594095 51.13918779995939 1.0943178675026443e-14
vertex 34.11965481213044 50.953494936405896 1.0943178675026443e-14
endloop
endfacet
facet normal 2.724428532961587e-21 -3.2779216248435927e-18 -1.0
outer loop
vertex 34.98678189934103 42.48287251608665 1.0943178675026443e-14
vertex 34.11965481213044 50.953494936405896 1.0943178675026443e-14
vertex 34.989528612589034 50.75850217074784 1.0943178675026443e-14
endloop
endfacet
facet normal 2.724428532961587e-21 -3.2779216248435927e-18 -1.0
outer loop
vertex 34.98678189934103 42.48287251608665 1.0943178675026443e-14
vertex 34.989528612589034 50.75850217074784 1.0943178675026443e-14
vertex 38.1861540248764 42.2432345082795 1.0943178675026443e-14
endloop
endfacet
facet normal 2.724428532961587e-21 -3.2779216248435927e-18 -1.0
outer loop
vertex 38.1861540248764 42.2432345082795 1.0943178675026443e-14
vertex 34.989528612589034 50.75850217074784 1.0943178675026443e-14
vertex 35.85727062359349 50.55423173793583 1.0943178675026443e-14
endloop
endfacet
facet normal 2.724428532961587e-21 -3.2779216248435927e-18 -1.0
outer loop
vertex 38.1861540248764 42.2432345082795 1.0943178675026443e-14
vertex 35.85727062359349 50.55423173793583 1.0943178675026443e-14
vertex 36.72278189685446 50.34070693084878 1.0943178675026443e-14
endloop
endfacet
facet normal 2.724428532961587e-21 -3.2779216248435927e-18 -1.0
outer loop
vertex 38.1861540248764 42.2432345082795 1.0943178675026443e-14
vertex 36.72278189685446 50.34070693084878 1.0943178675026443e-14
vertex 37.58596373845273 50.11795209763904 1.0943178675026443e-14
endloop
endfacet
facet normal 2.724428532961587e-21 -3.2779216248435927e-18 -1.0
outer loop
vertex 38.1861540248764 42.2432345082795 1.0943178675026443e-14
vertex 37.58596373845273 50.11795209763904 1.0943178675026443e-14
vertex 38.44671772009336 49.88599263895474 1.0943178675026443e-14
endloop
endfacet
facet normal 2.724428532961587e-21 -3.2779216248435927e-18 -1.0
outer loop
vertex 38.1861540248764 42.2432345082795 1.0943178675026443e-14
vertex 38.44671772009336 49.88599263895474 1.0943178675026443e-14
vertex 41.36614182608054 41.81769255190969 1.0943178675026443e-14
endloop
endfacet
facet normal 2.724428532961587e-21 -3.2779216248435927e-18 -1.0
outer loop
vertex 41.36614182608054 41.81769255190969 1.0943178675026443e-14
vertex 38.44671772009336 49.88599263895474 1.0943178675026443e-14
vertex 39.30494569032933 49.644855005044285 1.0943178675026443e-14
endloop
endfacet
facet normal 2.724428532961587e-21 -3.2779216248435927e-18 -1.0
outer loop
vertex 41.36614182608054 41.81769255190969 1.0943178675026443e-14
vertex 39.30494569032933 49.644855005044285 1.0943178675026443e-14
vertex 40.16054978575375 49.394566692739794 1.0943178675026443e-14
endloop
endfacet
facet normal 2.724428532961587e-21 -3.2779216248435927e-18 -1.0
outer loop
vertex 41.36614182608054 41.81769255190969 1.0943178675026443e-14
vertex 40.16054978575375 49.394566692739794 1.0943178675026443e-14
vertex 41.01343244215915 49.135156242321536 1.0943178675026443e-14
endloop
endfacet
facet normal 2.724428532961587e-21 -3.2779216248435927e-18 -1.0
outer loop
vertex 41.36614182608054 41.81769255190969 1.0943178675026443e-14
vertex 41.01343244215915 49.135156242321536 1.0943178675026443e-14
vertex 41.863496405662715 48.86665323426394 1.0943178675026443e-14
endloop
endfacet
facet normal 2.724428532961587e-21 -3.2779216248435927e-18 -1.0
outer loop
vertex 41.36614182608054 41.81769255190969 1.0943178675026443e-14
vertex 41.863496405662715 48.86665323426394 1.0943178675026443e-14
vertex 44.51595236191922 41.207690944732605 1.0943178675026443e-14
endloop
endfacet
facet normal 2.724428532961587e-21 -3.2779216248435927e-18 -1.0
outer loop
vertex 44.51595236191922 41.207690944732605 1.0943178675026443e-14
vertex 41.863496405662715 48.86665323426394 1.0943178675026443e-14
vertex 42.71064474379604 48.58908828586227 1.0943178675026443e-14
endloop
endfacet
facet normal 2.724428532961587e-21 -3.2779216248435927e-18 -1.0
outer loop
vertex 44.51595236191922 41.207690944732605 1.0943178675026443e-14
vertex 42.71064474379604 48.58908828586227 1.0943178675026443e-14
vertex 43.55478085655849 48.30249304774133 1.0943178675026443e-14
endloop
endfacet
facet normal 2.724428532961587e-21 -3.2779216248435927e-18 -1.0
outer loop
vertex 44.51595236191922 41.207690944732605 1.0943178675026443e-14
vertex 43.55478085655849 48.30249304774133 1.0943178675026443e-14
vertex 44.39580848743229 48.00690020024646 1.0943178675026443e-14
endloop
endfacet
facet normal 2.724428532961587e-21 -3.2779216248435927e-18 -1.0
outer loop
vertex 44.51595236191922 41.207690944732605 1.0943178675026443e-14
vertex 44.39580848743229 48.00690020024646 1.0943178675026443e-14
vertex 45.23363173435857 47.70234344971679 1.0943178675026443e-14
endloop
endfacet
facet normal 2.724428532961587e-21 -3.2779216248435927e-18 -1.0
outer loop
vertex 44.51595236191922 41.207690944732605 1.0943178675026443e-14
vertex 45.23363173435857 47.70234344971679 1.0943178675026443e-14
vertex 47.624895113588884 40.41530004417983 1.0943178675026443e-14
endloop
endfacet
facet normal 2.724428532961587e-21 -3.2779216248435927e-18 -1.0
outer loop
vertex 47.624895113588884 40.41530004417983 1.0943178675026443e-14
vertex 45.23363173435857 47.70234344971679 1.0943178675026443e-14
vertex 46.06815506067328 47.38885752464209 1.0943178675026443e-14
endloop
endfacet
facet normal 2.724428532961587e-21 -3.2779216248435927e-18 -1.0
outer loop
vertex 47.624895113588884 40.41530004417983 1.0943178675026443e-14
vertex 46.06815506067328 47.38885752464209 1.0943178675026443e-14
vertex 46.89928330600093 47.066478171702364 1.0943178675026443e-14
endloop
endfacet
facet normal 2.724428532961587e-21 -3.2779216248435927e-18 -1.0
outer loop
vertex 47.624895113588884 40.41530004417983 1.0943178675026443e-14
vertex 46.89928330600093 47.066478171702364 1.0943178675026443e-14
vertex 47.726921697105915 46.73524215169175 1.0943178675026443e-14
endloop
endfacet
facet normal 2.724428532961587e-21 -3.2779216248435927e-18 -1.0
outer loop
vertex 47.624895113588884 40.41530004417983 1.0943178675026443e-14
vertex 47.726921697105915 46.73524215169175 1.0943178675026443e-14
vertex 50.682418268348414 39.44320924052588 1.0943178675026443e-14
endloop
endfacet
facet normal 2.724428532961587e-21 -3.2779216248435927e-18 -1.0
outer loop
vertex 50.682418268348414 39.44320924052588 1.0943178675026443e-14
vertex 47.726921697105915 46.73524215169175 1.0943178675026443e-14
vertex 48.55097585869932 46.39518723532687 1.0943178675026443e-14
endloop
endfacet
facet normal 2.724428532961587e-21 -3.2779216248435927e-18 -1.0
outer loop
vertex 50.682418268348414 39.44320924052588 1.0943178675026443e-14
vertex 48.55097585869932 46.39518723532687 1.0943178675026443e-14
vertex 49.3713518242005 46.046352198939566 1.0943178675026443e-14
endloop
endfacet
facet normal 2.724428532961587e-21 -3.2779216248435927e-18 -1.0
outer loop
vertex 50.682418268348414 39.44320924052588 1.0943178675026443e-14
vertex 49.3713518242005 46.046352198939566 1.0943178675026443e-14
vertex 50.18795604645225 45.68877682005579 1.0943178675026443e-14
endloop
endfacet
facet normal 2.724428532961587e-21 -3.2779216248435927e-18 -1.0
outer loop
vertex 50.682418268348414 39.44320924052588 1.0943178675026443e-14
vertex 50.18795604645225 45.68877682005579 1.0943178675026443e-14
vertex 51.00069540838763 45.322501872858695 1.0943178675026443e-14
endloop
endfacet
facet normal 2.724428532961587e-21 -3.2779216248435927e-18 -1.0
outer loop
vertex 50.682418268348414 39.44320924052588 1.0943178675026443e-14
vertex 51.00069540838763 45.322501872858695 1.0943178675026443e-14
vertex 53.67814453257761 38.29471782904502 1.0943178675026443e-14
endloop
endfacet
facet normal 2.724428532961587e-21 -3.2779216248435927e-18 -1.0
outer loop
vertex 53.67814453257761 38.29471782904502 1.0943178675026443e-14
vertex 51.00069540838763 45.322501872858695 1.0943178675026443e-14
vertex 60.591810025748 40.2402073608895 1.0943178675026443e-14
endloop
endfacet
facet normal 2.724428532961587e-21 -3.2779216248435927e-18 -1.0
outer loop
vertex 53.67814453257761 38.29471782904502 1.0943178675026443e-14
vertex 60.591810025748 40.2402073608895 1.0943178675026443e-14
vertex 56.60190635251671 36.97372381213768 1.0943178675026443e-14
endloop
endfacet
facet normal 2.724428532961587e-21 -3.2779216248435927e-18 -1.0
outer loop
vertex 56.60190635251671 36.97372381213768 1.0943178675026443e-14
vertex 60.591810025748 40.2402073608895 1.0943178675026443e-14
vertex 57.40736461199235 36.530483065229745 1.0943178675026443e-14
endloop
endfacet
facet normal 2.724428532961587e-21 -3.2779216248435927e-18 -1.0
outer loop
vertex 57.40736461199235 36.530483065229745 1.0943178675026443e-14
vertex 60.591810025748 40.2402073608895 1.0943178675026443e-14
vertex 58.164989801565554 36.00968613781832 1.0943178675026443e-14
endloop
endfacet
facet normal 2.724428532961587e-21 -3.2779216248435927e-18 -1.0
outer loop
vertex 58.164989801565554 36.00968613781832 1.0943178675026443e-14
vertex 60.591810025748 40.2402073608895 1.0943178675026443e-14
vertex 58.86733948671262 35.41644901216713 1.0943178675026443e-14
endloop
endfacet
facet normal 2.724428532961587e-21 -3.2779216248435927e-18 -1.0
outer loop
vertex 58.86733948671262 35.41644901216713 1.0943178675026443e-14
vertex 60.591810025748 40.2402073608895 1.0943178675026443e-14
vertex 59.50751422478511 34.75659927759807 1.0943178675026443e-14
endloop
endfacet
facet normal 2.724428532961587e-21 -3.2779216248435927e-18 -1.0
outer loop
vertex 59.50751422478511 34.75659927759807 1.0943178675026443e-14
vertex 60.591810025748 40.2402073608895 1.0943178675026443e-14
vertex 60.0792253408057 34.03661888390987 1.0943178675026443e-14
endloop
endfacet
facet normal 2.724428532961587e-21 -3.2779216248435927e-18 -1.0
outer loop
vertex 60.0792253408057 34.03661888390987 1.0943178675026443e-14
vertex 60.591810025748 40.2402073608895 1.0943178675026443e-14
vertex 60.57685670346561 33.26358046676982 1.0943178675026443e-14
endloop
endfacet
facet normal 2.724428532961587e-21 -3.2779216248435927e-18 -1.0
outer loop
vertex 60.57685670346561 33.26358046676982 1.0943178675026443e-14
vertex 60.591810025748 40.2402073608895 1.0943178675026443e-14
vertex 60.99551989447496 32.44507787057918 1.0943178675026443e-14
endloop
endfacet
facet normal 2.724428532961587e-21 -3.2779216248435927e-18 -1.0
outer loop
vertex 60.99551989447496 32.44507787057918 1.0943178675026443e-14
vertex 60.591810025748 40.2402073608895 1.0943178675026443e-14
vertex 63.82795860621041 38.44848525714972 1.0943172997639283e-14
endloop
endfacet
facet normal 2.724428532961587e-21 -3.2779216248435927e-18 -1.0
outer loop
vertex 60.99551989447496 32.44507787057918 1.0943178675026443e-14
vertex 63.82795860621041 38.44848525714972 1.0943172997639283e-14
vertex 61.33110222931718 31.58915155130928 1.0943178675026443e-14
endloop
endfacet
facet normal 2.724428532961587e-21 -3.2779216248435927e-18 -1.0
outer loop
vertex 61.33110222931718 31.58915155130928 1.0943178675026443e-14
vertex 63.82795860621041 38.44848525714972 1.0943172997639283e-14
vertex 61.58030715768113 30.704209592107308 1.0943178675026443e-14
endloop
endfacet
facet normal 2.724428532961587e-21 -3.2779216248435927e-18 -1.0
outer loop
vertex 61.58030715768113 30.704209592107308 1.0943178675026443e-14
vertex 63.82795860621041 38.44848525714972 1.0943172997639283e-14
vertex 61.74068664670322 29.798945107562577 1.0943178675026443e-14
endloop
endfacet
facet normal 2.724428532961587e-21 -3.2779216248435927e-18 -1.0
outer loop
vertex 61.74068664670322 29.798945107562577 1.0943178675026443e-14
vertex 63.82795860621041 38.44848525714972 1.0943172997639283e-14
vertex 61.8106652289064 28.88225084800281 1.0943178675026443e-14
endloop
endfacet
facet normal 2.724428532961587e-21 -3.2779216248435927e-18 -1.0
outer loop
vertex 61.8106652289064 28.88225084800281 1.0943178675026443e-14
vertex 63.82795860621041 38.44848525714972 1.0943172997639283e-14
vertex 61.861127166441776 16.756365165542853 1.108927406146792e-14
endloop
endfacet
facet normal 2.724428532961587e-21 -3.2779216248435927e-18 -1.0
outer loop
vertex 61.861127166441776 16.756365165542853 1.108927406146792e-14
vertex 63.82795860621041 38.44848525714972 1.0943172997639283e-14
vertex 62.628629182597045 18.104641419012566 1.1068344379065135e-14
endloop
endfacet
facet normal 2.724428532961587e-21 -3.2779216248435927e-18 -1.0
outer loop
vertex 62.628629182597045 18.104641419012566 1.1068344379065135e-14
vertex 63.82795860621041 38.44848525714972 1.0943172997639283e-14
vertex 63.36395912616394 19.470730023227777 1.1047414753103924e-14
endloop
endfacet
facet normal 2.724428532961587e-21 -3.2779216248435927e-18 -1.0
outer loop
vertex 63.36395912616394 19.470730023227777 1.1047414753103924e-14
vertex 63.82795860621041 38.44848525714972 1.0943172997639283e-14
vertex 64.06670385179336 20.853863440896852 1.1026496942900898e-14
endloop
endfacet
facet normal 2.724428532961587e-21 -3.2779216248435927e-18 -1.0
outer loop
vertex 64.06670385179336 20.853863440896852 1.1026496942900898e-14
vertex 63.82795860621041 38.44848525714972 1.0943172997639283e-14
vertex 64.10496697926843 38.28818457333078 1.0913799473238315e-14
endloop
endfacet
facet normal 2.724428532961587e-21 -3.2779216248435927e-18 -1.0
outer loop
vertex 64.06670385179336 20.853863440896852 1.1026496942900898e-14
vertex 64.10496697926843 38.28818457333078 1.0913799473238315e-14
vertex 64.73646852215059 22.25326455809454 1.1005602701133995e-14
endloop
endfacet
facet normal 2.724428532961587e-21 -3.2779216248435927e-18 -1.0
outer loop
vertex 64.73646852215059 22.25326455809454 1.1005602701133995e-14
vertex 64.10496697926843 38.28818457333078 1.0913799473238315e-14
vertex 64.3857130289222 38.134523896575544 1.0881279746590496e-14
endloop
endfacet
facet normal 2.724428532961587e-21 -3.2779216248435927e-18 -1.0
outer loop
vertex 64.73646852215059 22.25326455809454 1.1005602701133995e-14
vertex 64.3857130289222 38.134523896575544 1.0881279746590496e-14
vertex 64.67003762111433 37.98759032569463 1.0845632250710483e-14
endloop
endfacet
facet normal 2.724428532961587e-21 -3.2779216248435927e-18 -1.0
outer loop
vertex 64.73646852215059 22.25326455809454 1.1005602701133995e-14
vertex 64.67003762111433 37.98759032569463 1.0845632250710483e-14
vertex 64.95777959337781 37.847467146402295 1.0806877191512706e-14
endloop
endfacet
facet normal 2.724428532961587e-21 -3.2779216248435927e-18 -1.0
outer loop
vertex 64.73646852215059 22.25326455809454 1.1005602701133995e-14
vertex 64.95777959337781 37.847467146402295 1.0806877191512706e-14
vertex 65.37287682975487 23.668147120883777 1.0984743767239211e-14
endloop
endfacet
facet normal 2.724428532961587e-21 -3.2779216248435927e-18 -1.0
outer loop
vertex 65.37287682975487 23.668147120883777 1.0984743767239211e-14
vertex 64.95777959337781 37.847467146402295 1.0806877191512706e-14
vertex 65.24877584618689 37.71423378410849 1.0765036536358146e-14
endloop
endfacet
facet normal 2.724428532961587e-21 -3.2779216248435927e-18 -1.0
outer loop
vertex 65.37287682975487 23.668147120883777 1.0984743767239211e-14
vertex 65.24877584618689 37.71423378410849 1.0765036536358146e-14
vertex 65.54286143540635 37.58796575889809 1.0720134001602661e-14
endloop
endfacet
facet normal 2.724428532961587e-21 -3.2779216248435927e-18 -1.0
outer loop
vertex 65.37287682975487 23.668147120883777 1.0984743767239211e-14
vertex 65.54286143540635 37.58796575889809 1.0720134001602661e-14
vertex 65.97557120840784 25.097716177072634 1.0963931860814805e-14
endloop
endfacet
facet normal 2.724428532961587e-21 -3.2779216248435927e-18 -1.0
outer loop
vertex 65.97557120840784 25.097716177072634 1.0963931860814805e-14
vertex 65.54286143540635 37.58796575889809 1.0720134001602661e-14
vertex 65.83986966578564 37.46873464272455 1.0672195039153956e-14
endloop
endfacet
facet normal 2.724428532961587e-21 -3.2779216248435927e-18 -1.0
outer loop
vertex 65.97557120840784 25.097716177072634 1.0963931860814805e-14
vertex 65.83986966578564 37.46873464272455 1.0672195039153956e-14
vertex 66.1396321854466 37.35660801884085 1.0621246822044785e-14
endloop
endfacet
facet normal 2.724428532961587e-21 -3.2779216248435927e-18 -1.0
outer loop
vertex 65.97557120840784 25.097716177072634 1.0963931860814805e-14
vertex 66.1396321854466 37.35660801884085 1.0621246822044785e-14
vertex 66.54421303409231 26.541168522858655 1.094317867503664e-14
endloop
endfacet
facet normal 2.724428532961587e-21 -3.2779216248435927e-18 -1.0
outer loop
vertex 66.54421303409231 26.541168522858655 1.094317867503664e-14
vertex 66.1396321854466 37.35660801884085 1.0621246822044785e-14
vertex 66.44197908130907 37.251649443491466 1.0567318229030584e-14
endloop
endfacet
facet normal 2.724428532961587e-21 -3.2779216248435927e-18 -1.0
outer loop
vertex 66.54421303409231 26.541168522858655 1.094317867503664e-14
vertex 66.44197908130907 37.251649443491466 1.0567318229030584e-14
vertex 66.74673897540238 37.15391840988735 1.0510439828220242e-14
endloop
endfacet
facet normal 2.724428532961587e-21 -3.2779216248435927e-18 -1.0
outer loop
vertex 66.54421303409231 26.541168522858655 1.094317867503664e-14
vertex 66.74673897540238 37.15391840988735 1.0510439828220242e-14
vertex 66.62532306470754 26.681353403714 1.0904769330786844e-14
endloop
endfacet
facet normal 2.724428532961587e-21 -3.2779216248435927e-18 -1.0
outer loop
vertex 66.62532306470754 26.681353403714 1.0904769330786844e-14
vertex 66.74673897540238 37.15391840988735 1.0510439828220242e-14
vertex 66.71363320519607 26.81711774724246 1.0873199932120133e-14
endloop
endfacet
facet normal 2.724428532961587e-21 -3.2779216248435927e-18 -1.0
outer loop
vertex 66.71363320519607 26.81711774724246 1.0873199932120133e-14
vertex 66.74673897540238 37.15391840988735 1.0510439828220242e-14
vertex 66.80890313280403 26.94809209122019 1.0848556390402756e-14
endloop
endfacet
facet normal 2.724428532961587e-21 -3.2779216248435927e-18 -1.0
outer loop
vertex 66.80890313280403 26.94809209122019 1.0848556390402756e-14
vertex 66.74673897540238 37.15391840988735 1.0510439828220242e-14
vertex 67.05373912200638 37.06347031448361 1.0450643859749331e-14
endloop
endfacet
facet normal 2.724428532961587e-21 -3.2779216248435927e-18 -1.0
outer loop
vertex 66.80890313280403 26.94809209122019 1.0848556390402756e-14
vertex 67.05373912200638 37.06347031448361 1.0450643859749331e-14
vertex 66.9108735847647 27.07392000868594 1.0830905769323843e-14
endloop
endfacet
facet normal 2.724428532961587e-21 -3.2779216248435927e-18 -1.0
outer loop
vertex 66.9108735847647 27.07392000868594 1.0830905769323843e-14
vertex 67.05373912200638 37.06347031448361 1.0450643859749331e-14
vertex 67.01926706384293 27.194259077903407 1.0820296102391664e-14
endloop
endfacet
facet normal 2.724428532961587e-21 -3.2779216248435927e-18 -1.0
outer loop
vertex 67.01926706384293 27.194259077903407 1.0820296102391664e-14
vertex 67.05373912200638 37.06347031448361 1.0450643859749331e-14
vertex 67.13378859350219 27.308781814210764 1.081675626221768e-14
endloop
endfacet
facet normal 2.724428532961587e-21 -3.2779216248435927e-18 -1.0
outer loop
vertex 67.13378859350219 27.308781814210764 1.081675626221768e-14
vertex 67.05373912200638 37.06347031448361 1.0450643859749331e-14
vertex 67.36280550556859 36.98035642557922 1.0387964217505553e-14
endloop
endfacet
facet normal 2.724428532961587e-21 -3.2779216248435927e-18 -1.0
outer loop
vertex 67.13378859350219 27.308781814210764 1.081675626221768e-14
vertex 67.36280550556859 36.98035642557922 1.0387964217505553e-14
vertex 67.2541265206387 27.41717656122051 1.0820295881944061e-14
endloop
endfacet
facet normal 2.724428532961587e-21 -3.2779216248435927e-18 -1.0
outer loop
vertex 67.2541265206387 27.41717656122051 1.0820295881944061e-14
vertex 67.36280550556859 36.98035642557922 1.0387964217505553e-14
vertex 67.37995336369849 27.51914833894569 1.0830905329028545e-14
endloop
endfacet
facet normal 2.724428532961587e-21 -3.2779216248435927e-18 -1.0
outer loop
vertex 67.37995336369849 27.51914833894569 1.0830905329028545e-14
vertex 67.36280550556859 36.98035642557922 1.0387964217505553e-14
vertex 67.67376293934045 36.90462385425683 1.0322436429916826e-14
endloop
endfacet
facet normal 2.724428532961587e-21 -3.2779216248435927e-18 -1.0
outer loop
vertex 67.37995336369849 27.51914833894569 1.0830905329028545e-14
vertex 67.67376293934045 36.90462385425683 1.0322436429916826e-14
vertex 67.51092670386925 27.614419646543126 1.0848555731457968e-14
endloop
endfacet
facet normal 2.724428532961587e-21 -3.2779216248435927e-18 -1.0
outer loop
vertex 67.51092670386925 27.614419646543126 1.0848555731457968e-14
vertex 67.67376293934045 36.90462385425683 1.0322436429916826e-14
vertex 67.64669011692148 27.702731217490747 1.0873199056319071e-14
endloop
endfacet
facet normal 2.724428532961587e-21 -3.2779216248435927e-18 -1.0
outer loop
vertex 67.64669011692148 27.702731217490747 1.0873199056319071e-14
vertex 67.67376293934045 36.90462385425683 1.0322436429916826e-14
vertex 67.7868741431633 27.78384272514192 1.0904768240512868e-14
endloop
endfacet
facet normal 2.724428532961587e-21 -3.2779216248435927e-18 -1.0
outer loop
vertex 67.7868741431633 27.78384272514192 1.0904768240512868e-14
vertex 67.67376293934045 36.90462385425683 1.0322436429916826e-14
vertex 67.98643516467752 36.836315527679254 1.0254097639812858e-14
endloop
endfacet
facet normal 2.724428532961587e-21 -3.2779216248435927e-18 -1.0
outer loop
vertex 67.7868741431633 27.78384272514192 1.0904768240512868e-14
vertex 67.98643516467752 36.836315527679254 1.0254097639812858e-14
vertex 67.93109729286964 27.857533436738557 1.0943177373256766e-14
endloop
endfacet
facet normal 2.724428532961587e-21 -3.2779216248435927e-18 -1.0
outer loop
vertex 67.93109729286964 27.857533436738557 1.0943177373256766e-14
vertex 67.98643516467752 36.836315527679254 1.0254097639812858e-14
vertex 68.1845074692771 27.972689038654973 1.0998376022696482e-14
endloop
endfacet
facet normal 2.724428532961587e-21 -3.2779216248435927e-18 -1.0
outer loop
vertex 68.1845074692771 27.972689038654973 1.0998376022696482e-14
vertex 67.98643516467752 36.836315527679254 1.0254097639812858e-14
vertex 68.30064495094757 36.775470164756875 1.0182986583371632e-14
endloop
endfacet
facet normal 2.724428532961587e-21 -3.2779216248435927e-18 -1.0
outer loop
vertex 68.1845074692771 27.972689038654973 1.0998376022696482e-14
vertex 68.30064495094757 36.775470164756875 1.0182986583371632e-14
vertex 68.44226864979703 28.077744757093335 1.1020266736199894e-14
endloop
endfacet
facet normal 2.724428532961587e-21 -3.2779216248435927e-18 -1.0
outer loop
vertex 68.44226864979703 28.077744757093335 1.1020266736199894e-14
vertex 68.30064495094757 36.775470164756875 1.0182986583371632e-14
vertex 68.61621419598958 36.72212225420113 1.0109143568162753e-14
endloop
endfacet
facet normal 2.724428532961587e-21 -3.2779216248435927e-18 -1.0
outer loop
vertex 68.44226864979703 28.077744757093335 1.1020266736199894e-14
vertex 68.61621419598958 36.72212225420113 1.0109143568162753e-14
vertex 68.70397848100886 28.172536604879333 1.1008815343363844e-14
endloop
endfacet
facet normal 2.724428532961587e-21 -3.2779216248435927e-18 -1.0
outer loop
vertex 68.70397848100886 28.172536604879333 1.1008815343363844e-14
vertex 68.61621419598958 36.72212225420113 1.0109143568162753e-14
vertex 68.93296402706638 36.676302034975215 1.0032610450300101e-14
endloop
endfacet
facet normal 2.724428532961587e-21 -3.2779216248435927e-18 -1.0
outer loop
vertex 68.70397848100886 28.172536604879333 1.1008815343363844e-14
vertex 68.93296402706638 36.676302034975215 1.0032610450300101e-14
vertex 68.96922844582905 28.256916616271404 1.0964039719289107e-14
endloop
endfacet
facet normal 2.724428532961587e-21 -3.2779216248435927e-18 -1.0
outer loop
vertex 68.96922844582905 28.256916616271404 1.0964039719289107e-14
vertex 68.93296402706638 36.676302034975215 1.0032610450300101e-14
vertex 69.25071490225419 36.63803547915385 9.953430610716676e-15
endloop
endfacet
facet normal 2.724428532961587e-21 -3.2779216248435927e-18 -1.0
outer loop
vertex 68.96922844582905 28.256916616271404 1.0964039719289107e-14
vertex 69.25071490225419 36.63803547915385 9.953430610716676e-15
vertex 69.23760450118704 28.330753077928982 1.0886009756678159e-14
endloop
endfacet
facet normal 2.724428532961587e-21 -3.2779216248435927e-18 -1.0
outer loop
vertex 69.23760450118704 28.330753077928982 1.0886009756678159e-14
vertex 69.25071490225419 36.63803547915385 9.953430610716676e-15
vertex 69.50868772432801 28.393930734510416 1.077484725673586e-14
endloop
endfacet
facet normal 2.724428532961587e-21 -3.2779216248435927e-18 -1.0
outer loop
vertex 69.50868772432801 28.393930734510416 1.077484725673586e-14
vertex 69.25071490225419 36.63803547915385 9.953430610716676e-15
vertex 69.56928671221202 36.6073442772019 9.871648930575212e-15
endloop
endfacet
facet normal 2.724428532961587e-21 -3.2779216248435927e-18 -1.0
outer loop
vertex 69.50868772432801 28.393930734510416 1.077484725673586e-14
vertex 69.56928671221202 36.6073442772019 9.871648930575212e-15
vertex 69.78205496673193 28.446350968581545 1.0630725739043345e-14
endloop
endfacet
facet normal 2.724428532961587e-21 -3.2779216248435927e-18 -1.0
outer loop
vertex 69.78205496673193 28.446350968581545 1.0630725739043345e-14
vertex 69.56928671221202 36.6073442772019 9.871648930575212e-15
vertex 69.88849888227182 36.584245825679176 9.787311765828347e-15
endloop
endfacet
facet normal 2.724428532961587e-21 -3.2779216248435927e-18 -1.0
outer loop
vertex 69.78205496673193 28.446350968581545 1.0630725739043345e-14
vertex 69.88849888227182 36.584245825679176 9.787311765828347e-15
vertex 70.05727951462917 28.48793195455333 1.0453870170701885e-14
endloop
endfacet
facet normal 2.724428532961587e-21 -3.2779216248435927e-18 -1.0
outer loop
vertex 70.05727951462917 28.48793195455333 1.0453870170701885e-14
vertex 69.88849888227182 36.584245825679176 9.787311765828347e-15
vertex 70.04833467853251 36.576499521529705 9.74388934338563e-15
endloop
endfacet
facet normal 2.724428532961587e-21 -3.2779216248435927e-18 -1.0
outer loop
vertex 70.05727951462917 28.48793195455333 1.0453870170701885e-14
vertex 70.04833467853251 36.576499521529705 9.74388934338563e-15
vertex 72.44775935946991 36.584245825679176 9.78731176582835e-15
endloop
endfacet
facet normal 2.724428532961587e-21 -3.2779216248435927e-18 -1.0
outer loop
vertex 70.05727951462917 28.48793195455333 1.0453870170701885e-14
vertex 72.44775935946991 36.584245825679176 9.78731176582835e-15
vertex 70.33393175508103 28.518608786407224 1.0244556615169551e-14
endloop
endfacet
facet normal 2.724428532961587e-21 -3.2779216248435927e-18 -1.0
outer loop
vertex 70.33393175508103 28.518608786407224 1.0244556615169551e-14
vertex 72.44775935946991 36.584245825679176 9.78731176582835e-15
vertex 70.61157984658601 28.53833357901091 1.0003111801338727e-14
endloop
endfacet
facet normal 2.724428532961587e-21 -3.2779216248435927e-18 -1.0
outer loop
vertex 70.61157984658601 28.53833357901091 1.0003111801338727e-14
vertex 72.44775935946991 36.584245825679176 9.78731176582835e-15
vertex 70.88979039316465 28.547075542864896 9.729912613527286e-15
endloop
endfacet
facet normal 2.724428532961587e-21 -3.2779216248435927e-18 -1.0
outer loop
vertex 70.88979039316465 28.547075542864896 9.729912613527286e-15
vertex 72.44775935946991 36.584245825679176 9.78731176582835e-15
vertex 71.16812912087086 28.54482103216318 9.425385503179389e-15
endloop
endfacet
facet normal 2.724428532961587e-21 -3.2779216248435927e-18 -1.0
outer loop
vertex 71.16812912087086 28.54482103216318 9.425385503179389e-15
vertex 72.44775935946991 36.584245825679176 9.78731176582835e-15
vertex 71.44646784857692 28.547075542864896 9.729912613527289e-15
endloop
endfacet
facet normal 2.724428532961587e-21 -3.2779216248435927e-18 -1.0
outer loop
vertex 71.44646784857692 28.547075542864896 9.729912613527289e-15
vertex 72.44775935946991 36.584245825679176 9.78731176582835e-15
vertex 71.7246783951556 28.53833357901091 1.0003111801338727e-14
endloop
endfacet
facet normal 2.724428532961587e-21 -3.2779216248435927e-18 -1.0
outer loop
vertex 71.7246783951556 28.53833357901091 1.0003111801338727e-14
vertex 72.44775935946991 36.584245825679176 9.78731176582835e-15
vertex 72.00232648666059 28.518608786407224 1.0244556615169553e-14
endloop
endfacet
facet normal 2.724428532961587e-21 -3.2779216248435927e-18 -1.0
outer loop
vertex 72.00232648666059 28.518608786407224 1.0244556615169553e-14
vertex 72.44775935946991 36.584245825679176 9.78731176582835e-15
vertex 72.27897872711249 28.48793195455333 1.0453870170701889e-14
endloop
endfacet
facet normal 2.724428532961587e-21 -3.2779216248435927e-18 -1.0
outer loop
vertex 72.27897872711249 28.48793195455333 1.0453870170701889e-14
vertex 72.44775935946991 36.584245825679176 9.78731176582835e-15
vertex 72.55420327500978 28.446350968581545 1.0630725739043347e-14
endloop
endfacet
facet normal 2.724428532961587e-21 -3.2779216248435927e-18 -1.0
outer loop
vertex 72.55420327500978 28.446350968581545 1.0630725739043347e-14
vertex 72.44775935946991 36.584245825679176 9.78731176582835e-15
vertex 72.7669715295296 36.6073442772019 9.871648930575213e-15
endloop
endfacet
facet normal 2.724428532961587e-21 -3.2779216248435927e-18 -1.0
outer loop
vertex 72.55420327500978 28.446350968581545 1.0630725739043347e-14
vertex 72.7669715295296 36.6073442772019 9.871648930575213e-15
vertex 72.82757051741372 28.393930734510416 1.0774847256735863e-14
endloop
endfacet
facet normal 2.724428532961587e-21 -3.2779216248435927e-18 -1.0
outer loop
vertex 72.82757051741372 28.393930734510416 1.0774847256735863e-14
vertex 72.7669715295296 36.6073442772019 9.871648930575213e-15
vertex 73.08554333948753 36.63803547915385 9.953430610716679e-15
endloop
endfacet
facet normal 2.724428532961587e-21 -3.2779216248435927e-18 -1.0
outer loop
vertex 72.82757051741372 28.393930734510416 1.0774847256735863e-14
vertex 73.08554333948753 36.63803547915385 9.953430610716679e-15
vertex 73.09865374055458 28.330753077928982 1.088600975667816e-14
endloop
endfacet
facet normal 2.724428532961587e-21 -3.2779216248435927e-18 -1.0
outer loop
vertex 73.09865374055458 28.330753077928982 1.088600975667816e-14
vertex 73.08554333948753 36.63803547915385 9.953430610716679e-15
vertex 73.4032942146753 36.676302034975215 1.0032610450300106e-14
endloop
endfacet
facet normal 2.724428532961587e-21 -3.2779216248435927e-18 -1.0
outer loop
vertex 73.09865374055458 28.330753077928982 1.088600975667816e-14
vertex 73.4032942146753 36.676302034975215 1.0032610450300106e-14
vertex 73.36702979591279 28.256916616271404 1.0964039719289113e-14
endloop
endfacet
facet normal 2.724428532961587e-21 -3.2779216248435927e-18 -1.0
outer loop
vertex 73.36702979591279 28.256916616271404 1.0964039719289113e-14
vertex 73.4032942146753 36.676302034975215 1.0032610450300106e-14
vertex 73.63227976073276 28.172536604879333 1.1008815343363847e-14
endloop
endfacet
facet normal 2.724428532961587e-21 -3.2779216248435927e-18 -1.0
outer loop
vertex 73.63227976073276 28.172536604879333 1.1008815343363847e-14
vertex 73.4032942146753 36.676302034975215 1.0032610450300106e-14
vertex 73.72004404575203 36.72212225420113 1.0109143568162757e-14
endloop
endfacet
facet normal 2.724428532961587e-21 -3.2779216248435927e-18 -1.0
outer loop
vertex 73.63227976073276 28.172536604879333 1.1008815343363847e-14
vertex 73.72004404575203 36.72212225420113 1.0109143568162757e-14
vertex 73.89398959194476 28.077744757093335 1.1020266736199897e-14
endloop
endfacet
facet normal 2.724428532961587e-21 -3.2779216248435927e-18 -1.0
outer loop
vertex 73.89398959194476 28.077744757093335 1.1020266736199897e-14
vertex 73.72004404575203 36.72212225420113 1.0109143568162757e-14
vertex 74.03561329079422 36.775470164756875 1.0182986583371632e-14
endloop
endfacet
facet normal 2.724428532961587e-21 -3.2779216248435927e-18 -1.0
outer loop
vertex 73.89398959194476 28.077744757093335 1.1020266736199897e-14
vertex 74.03561329079422 36.775470164756875 1.0182986583371632e-14
vertex 74.15175077246468 27.972689038654973 1.0998376022696485e-14
endloop
endfacet
facet normal 2.724428532961587e-21 -3.2779216248435927e-18 -1.0
outer loop
vertex 74.15175077246468 27.972689038654973 1.0998376022696485e-14
vertex 74.03561329079422 36.775470164756875 1.0182986583371632e-14
vertex 74.3498230770641 36.836315527679254 1.025409763981286e-14
endloop
endfacet
facet normal 2.724428532961587e-21 -3.2779216248435927e-18 -1.0
outer loop
vertex 74.15175077246468 27.972689038654973 1.0998376022696485e-14
vertex 74.3498230770641 36.836315527679254 1.025409763981286e-14
vertex 74.40516094887208 27.857533436738557 1.0943177373256769e-14
endloop
endfacet
facet normal 2.724428532961587e-21 -3.2779216248435927e-18 -1.0
outer loop
vertex 74.40516094887208 27.857533436738557 1.0943177373256769e-14
vertex 74.3498230770641 36.836315527679254 1.025409763981286e-14
vertex 74.66249530240111 36.90462385425683 1.0322436429916832e-14
endloop
endfacet
facet normal 2.724428532961587e-21 -3.2779216248435927e-18 -1.0
outer loop
vertex 74.40516094887208 27.857533436738557 1.0943177373256769e-14
vertex 74.66249530240111 36.90462385425683 1.0322436429916832e-14
vertex 74.54938409857832 27.78384272514192 1.0904768240512871e-14
endloop
endfacet
facet normal 2.724428532961587e-21 -3.2779216248435927e-18 -1.0
outer loop
vertex 74.54938409857832 27.78384272514192 1.0904768240512871e-14
vertex 74.66249530240111 36.90462385425683 1.0322436429916832e-14
vertex 74.68956812482035 27.702731217490747 1.0873199056319073e-14
endloop
endfacet
facet normal 2.724428532961587e-21 -3.2779216248435927e-18 -1.0
outer loop
vertex 74.68956812482035 27.702731217490747 1.0873199056319073e-14
vertex 74.66249530240111 36.90462385425683 1.0322436429916832e-14
vertex 74.97345273617314 36.98035642557922 1.0387964217505556e-14
endloop
endfacet
facet normal 2.724428532961587e-21 -3.2779216248435927e-18 -1.0
outer loop
vertex 74.68956812482035 27.702731217490747 1.0873199056319073e-14
vertex 74.97345273617314 36.98035642557922 1.0387964217505556e-14
vertex 74.82533153787232 27.614419646543126 1.084855573145797e-14
endloop
endfacet
facet normal 2.724428532961587e-21 -3.2779216248435927e-18 -1.0
outer loop
vertex 74.82533153787232 27.614419646543126 1.084855573145797e-14
vertex 74.97345273617314 36.98035642557922 1.0387964217505556e-14
vertex 74.95630487804317 27.51914833894569 1.0830905329028549e-14
endloop
endfacet
facet normal 2.724428532961587e-21 -3.2779216248435927e-18 -1.0
outer loop
vertex 74.95630487804317 27.51914833894569 1.0830905329028549e-14
vertex 74.97345273617314 36.98035642557922 1.0387964217505556e-14
vertex 75.08213172110302 27.41717656122051 1.0820295881944063e-14
endloop
endfacet
facet normal 2.724428532961587e-21 -3.2779216248435927e-18 -1.0
outer loop
vertex 75.08213172110302 27.41717656122051 1.0820295881944063e-14
vertex 74.97345273617314 36.98035642557922 1.0387964217505556e-14
vertex 75.2825191197354 37.06347031448361 1.0450643859749333e-14
endloop
endfacet
facet normal 2.724428532961587e-21 -3.2779216248435927e-18 -1.0
outer loop
vertex 75.08213172110302 27.41717656122051 1.0820295881944063e-14
vertex 75.2825191197354 37.06347031448361 1.0450643859749333e-14
vertex 75.20246964823943 27.308781814210764 1.0816756262217684e-14
endloop
endfacet
facet normal 2.724428532961587e-21 -3.2779216248435927e-18 -1.0
outer loop
vertex 75.20246964823943 27.308781814210764 1.0816756262217684e-14
vertex 75.2825191197354 37.06347031448361 1.0450643859749333e-14
vertex 75.3169911778988 27.194259077903407 1.0820296102391669e-14
endloop
endfacet
facet normal 2.724428532961587e-21 -3.2779216248435927e-18 -1.0
outer loop
vertex 75.3169911778988 27.194259077903407 1.0820296102391669e-14
vertex 75.2825191197354 37.06347031448361 1.0450643859749333e-14
vertex 75.58951926633941 37.15391840988735 1.0510439828220245e-14
endloop
endfacet
facet normal 2.724428532961587e-21 -3.2779216248435927e-18 -1.0
outer loop
vertex 75.3169911778988 27.194259077903407 1.0820296102391669e-14
vertex 75.58951926633941 37.15391840988735 1.0510439828220245e-14
vertex 75.42538465697702 27.07392000868594 1.0830905769323844e-14
endloop
endfacet
facet normal 2.724428532961587e-21 -3.2779216248435927e-18 -1.0
outer loop
vertex 75.42538465697702 27.07392000868594 1.0830905769323844e-14
vertex 75.58951926633941 37.15391840988735 1.0510439828220245e-14
vertex 75.5273551089377 26.94809209122019 1.0848556390402761e-14
endloop
endfacet
facet normal 2.724428532961587e-21 -3.2779216248435927e-18 -1.0
outer loop
vertex 75.5273551089377 26.94809209122019 1.0848556390402761e-14
vertex 75.58951926633941 37.15391840988735 1.0510439828220245e-14
vertex 75.62262503654564 26.81711774724246 1.0873199932120136e-14
endloop
endfacet
facet normal 2.724428532961587e-21 -3.2779216248435927e-18 -1.0
outer loop
vertex 75.62262503654564 26.81711774724246 1.0873199932120136e-14
vertex 75.58951926633941 37.15391840988735 1.0510439828220245e-14
vertex 75.89427916043259 37.251649443491466 1.0567318229030586e-14
endloop
endfacet
facet normal 2.724428532961587e-21 -3.2779216248435927e-18 -1.0
outer loop
vertex 75.62262503654564 26.81711774724246 1.0873199932120136e-14
vertex 75.89427916043259 37.251649443491466 1.0567318229030586e-14
vertex 75.71093517703413 26.681353403714 1.0904769330786849e-14
endloop
endfacet
facet normal 2.724428532961587e-21 -3.2779216248435927e-18 -1.0
outer loop
vertex 75.71093517703413 26.681353403714 1.0904769330786849e-14
vertex 75.89427916043259 37.251649443491466 1.0567318229030586e-14
vertex 75.79204520764942 26.541168522858655 1.0943178675036644e-14
endloop
endfacet
facet normal 2.724428532961587e-21 -3.2779216248435927e-18 -1.0
outer loop
vertex 75.79204520764942 26.541168522858655 1.0943178675036644e-14
vertex 75.89427916043259 37.251649443491466 1.0567318229030586e-14
vertex 76.36068703333387 25.097716177072634 1.0963931860814807e-14
endloop
endfacet
facet normal 2.724428532961587e-21 -3.2779216248435927e-18 -1.0
outer loop
vertex 76.36068703333387 25.097716177072634 1.0963931860814807e-14
vertex 75.89427916043259 37.251649443491466 1.0567318229030586e-14
vertex 76.19662605629517 37.35660801884085 1.0621246822044787e-14
endloop
endfacet
facet normal 2.724428532961587e-21 -3.2779216248435927e-18 -1.0
outer loop
vertex 76.36068703333387 25.097716177072634 1.0963931860814807e-14
vertex 76.19662605629517 37.35660801884085 1.0621246822044787e-14
vertex 76.49638857595608 37.46873464272455 1.0672195039153957e-14
endloop
endfacet
facet normal 2.724428532961587e-21 -3.2779216248435927e-18 -1.0
outer loop
vertex 76.36068703333387 25.097716177072634 1.0963931860814807e-14
vertex 76.49638857595608 37.46873464272455 1.0672195039153957e-14
vertex 76.96338141198675 23.668147120883777 1.0984743767239214e-14
endloop
endfacet
facet normal 2.724428532961587e-21 -3.2779216248435927e-18 -1.0
outer loop
vertex 76.96338141198675 23.668147120883777 1.0984743767239214e-14
vertex 76.49638857595608 37.46873464272455 1.0672195039153957e-14
vertex 76.79339680633542 37.58796575889809 1.0720134001602664e-14
endloop
endfacet
facet normal 2.724428532961587e-21 -3.2779216248435927e-18 -1.0
outer loop
vertex 76.96338141198675 23.668147120883777 1.0984743767239214e-14
vertex 76.79339680633542 37.58796575889809 1.0720134001602664e-14
vertex 77.08748239555483 37.71423378410849 1.0765036536358153e-14
endloop
endfacet
facet normal 2.724428532961587e-21 -3.2779216248435927e-18 -1.0
outer loop
vertex 76.96338141198675 23.668147120883777 1.0984743767239214e-14
vertex 77.08748239555483 37.71423378410849 1.0765036536358153e-14
vertex 77.59978971959109 22.25326455809454 1.1005602701133999e-14
endloop
endfacet
facet normal 2.724428532961587e-21 -3.2779216248435927e-18 -1.0
outer loop
vertex 77.59978971959109 22.25326455809454 1.1005602701133999e-14
vertex 77.08748239555483 37.71423378410849 1.0765036536358153e-14
vertex 77.37847864836387 37.847467146402295 1.0806877191512711e-14
endloop
endfacet
facet normal 2.724428532961587e-21 -3.2779216248435927e-18 -1.0
outer loop
vertex 77.59978971959109 22.25326455809454 1.1005602701133999e-14
vertex 77.37847864836387 37.847467146402295 1.0806877191512711e-14
vertex 77.66622062062734 37.98759032569463 1.0845632250710486e-14
endloop
endfacet
facet normal 2.724428532961587e-21 -3.2779216248435927e-18 -1.0
outer loop
vertex 77.59978971959109 22.25326455809454 1.1005602701133999e-14
vertex 77.66622062062734 37.98759032569463 1.0845632250710486e-14
vertex 78.26955438994835 20.853863440896852 1.1026496942900901e-14
endloop
endfacet
facet normal 2.724428532961587e-21 -3.2779216248435927e-18 -1.0
outer loop
vertex 78.26955438994835 20.853863440896852 1.1026496942900901e-14
vertex 77.66622062062734 37.98759032569463 1.0845632250710486e-14
vertex 77.95054521281942 38.134523896575544 1.08812797465905e-14
endloop
endfacet
facet normal 2.724428532961587e-21 -3.2779216248435927e-18 -1.0
outer loop
vertex 78.26955438994835 20.853863440896852 1.1026496942900901e-14
vertex 77.95054521281942 38.134523896575544 1.08812797465905e-14
vertex 78.2312912624733 38.28818457333078 1.091379947323832e-14
endloop
endfacet
facet normal 2.724428532961587e-21 -3.2779216248435927e-18 -1.0
outer loop
vertex 78.26955438994835 20.853863440896852 1.1026496942900901e-14
vertex 78.2312912624733 38.28818457333078 1.091379947323832e-14
vertex 78.50829963553126 38.44848525714972 1.094317299763929e-14
endloop
endfacet
facet normal 2.724428532961587e-21 -3.2779216248435927e-18 -1.0
outer loop
vertex 78.26955438994835 20.853863440896852 1.1026496942900901e-14
vertex 78.50829963553126 38.44848525714972 1.094317299763929e-14
vertex 78.97229911557773 19.470730023227777 1.1047414753103924e-14
endloop
endfacet
facet normal 2.724428532961587e-21 -3.2779216248435927e-18 -1.0
outer loop
vertex 78.97229911557773 19.470730023227777 1.1047414753103924e-14
vertex 78.50829963553126 38.44848525714972 1.094317299763929e-14
vertex 81.74444821599367 40.2402073608895 1.0943178675026444e-14
endloop
endfacet
facet normal 2.724428532961587e-21 -3.2779216248435927e-18 -1.0
outer loop
vertex 78.97229911557773 19.470730023227777 1.1047414753103924e-14
vertex 81.74444821599367 40.2402073608895 1.0943178675026444e-14
vertex 80.59557159503841 29.79894510756268 1.0943178675026444e-14
endloop
endfacet
facet normal 2.724428532961587e-21 -3.2779216248435927e-18 -1.0
outer loop
vertex 78.97229911557773 19.470730023227777 1.1047414753103924e-14
vertex 80.59557159503841 29.79894510756268 1.0943178675026444e-14
vertex 80.52559301283539 28.88225084800281 1.0943178675026444e-14
endloop
endfacet
facet normal 2.724428532961587e-21 -3.2779216248435927e-18 -1.0
outer loop
vertex 78.97229911557773 19.470730023227777 1.1047414753103924e-14
vertex 80.52559301283539 28.88225084800281 1.0943178675026444e-14
vertex 79.70762905914462 18.104641419012566 1.1068344379065139e-14
endloop
endfacet
facet normal 2.724428532961587e-21 -3.2779216248435927e-18 -1.0
outer loop
vertex 79.70762905914462 18.104641419012566 1.1068344379065139e-14
vertex 80.52559301283539 28.88225084800281 1.0943178675026444e-14
vertex 80.4751310753 16.756365165542853 1.1089274061467923e-14
endloop
endfacet
facet normal 2.724428532961587e-21 -3.2779216248435927e-18 -1.0
outer loop
vertex 80.59557159503841 29.79894510756268 1.0943178675026444e-14
vertex 81.74444821599367 40.2402073608895 1.0943178675026444e-14
vertex 80.75595108406048 30.704209592107308 1.0943178675026444e-14
endloop
endfacet
facet normal 2.724428532961587e-21 -3.2779216248435927e-18 -1.0
outer loop
vertex 80.75595108406048 30.704209592107308 1.0943178675026444e-14
vertex 81.74444821599367 40.2402073608895 1.0943178675026444e-14
vertex 81.00515601242438 31.58915155130928 1.0943178675026444e-14
endloop
endfacet
facet normal 2.724428532961587e-21 -3.2779216248435927e-18 -1.0
outer loop
vertex 81.00515601242438 31.58915155130928 1.0943178675026444e-14
vertex 81.74444821599367 40.2402073608895 1.0943178675026444e-14
vertex 81.34073834726682 32.44507787057918 1.0943178675026444e-14
endloop
endfacet
facet normal 2.724428532961587e-21 -3.2779216248435927e-18 -1.0
outer loop
vertex 81.34073834726682 32.44507787057918 1.0943178675026444e-14
vertex 81.74444821599367 40.2402073608895 1.0943178675026444e-14
vertex 81.75940153827617 33.26358046676982 1.0943178675026444e-14
endloop
endfacet
facet normal 2.724428532961587e-21 -3.2779216248435927e-18 -1.0
outer loop
vertex 81.75940153827617 33.26358046676982 1.0943178675026444e-14
vertex 81.74444821599367 40.2402073608895 1.0943178675026444e-14
vertex 82.25703290093587 34.03661888390987 1.0943178675026444e-14
endloop
endfacet
facet normal 2.724428532961587e-21 -3.2779216248435927e-18 -1.0
outer loop
vertex 82.25703290093587 34.03661888390987 1.0943178675026444e-14
vertex 81.74444821599367 40.2402073608895 1.0943178675026444e-14
vertex 82.8287440169565 34.75659927759807 1.0943178675026444e-14
endloop
endfacet
facet normal 2.724428532961587e-21 -3.2779216248435927e-18 -1.0
outer loop
vertex 82.8287440169565 34.75659927759807 1.0943178675026444e-14
vertex 81.74444821599367 40.2402073608895 1.0943178675026444e-14
vertex 91.33556283335395 45.322501872858695 1.0943178675026444e-14
endloop
endfacet
facet normal 2.724428532961587e-21 -3.2779216248435927e-18 -1.0
outer loop
vertex 82.8287440169565 34.75659927759807 1.0943178675026444e-14
vertex 91.33556283335395 45.322501872858695 1.0943178675026444e-14
vertex 83.46891875502894 35.41644901216713 1.0943178675026444e-14
endloop
endfacet
facet normal 2.724428532961587e-21 -3.2779216248435927e-18 -1.0
outer loop
vertex 83.46891875502894 35.41644901216713 1.0943178675026444e-14
vertex 91.33556283335395 45.322501872858695 1.0943178675026444e-14
vertex 84.17126844017612 36.00968613781832 1.0943178675026444e-14
endloop
endfacet
facet normal 2.724428532961587e-21 -3.2779216248435927e-18 -1.0
outer loop
vertex 84.17126844017612 36.00968613781832 1.0943178675026444e-14
vertex 91.33556283335395 45.322501872858695 1.0943178675026444e-14
vertex 84.92889362974923 36.530483065229745 1.0943178675026444e-14
endloop
endfacet
facet normal 2.724428532961587e-21 -3.2779216248435927e-18 -1.0
outer loop
vertex 84.92889362974923 36.530483065229745 1.0943178675026444e-14
vertex 91.33556283335395 45.322501872858695 1.0943178675026444e-14
vertex 85.73435188922491 36.97372381213768 1.0943178675026444e-14
endloop
endfacet
facet normal 2.724428532961587e-21 -3.2779216248435927e-18 -1.0
outer loop
vertex 85.73435188922491 36.97372381213768 1.0943178675026444e-14
vertex 91.33556283335395 45.322501872858695 1.0943178675026444e-14
vertex 88.65811370916401 38.29471782904502 1.0943178675026444e-14
endloop
endfacet
facet normal 2.724428532961587e-21 -3.2779216248435927e-18 -1.0
outer loop
vertex 88.65811370916401 38.29471782904502 1.0943178675026444e-14
vertex 91.33556283335395 45.322501872858695 1.0943178675026444e-14
vertex 91.65383997339326 39.44320924052588 1.0943178675026444e-14
endloop
endfacet
facet normal 2.724428532961587e-21 -3.2779216248435927e-18 -1.0
outer loop
vertex 91.65383997339326 39.44320924052588 1.0943178675026444e-14
vertex 91.33556283335395 45.322501872858695 1.0943178675026444e-14
vertex 92.14830219528938 45.688776820055686 1.0943178675026444e-14
endloop
endfacet
facet normal 2.724428532961587e-21 -3.2779216248435927e-18 -1.0
outer loop
vertex 91.65383997339326 39.44320924052588 1.0943178675026444e-14
vertex 92.14830219528938 45.688776820055686 1.0943178675026444e-14
vertex 94.71136312815274 40.41530004417983 1.0943178675026444e-14
endloop
endfacet
facet normal 2.724428532961587e-21 -3.2779216248435927e-18 -1.0
outer loop
vertex 94.71136312815274 40.41530004417983 1.0943178675026444e-14
vertex 92.14830219528938 45.688776820055686 1.0943178675026444e-14
vertex 92.96490641754112 46.046352198939566 1.0943178675026444e-14
endloop
endfacet
facet normal 2.724428532961587e-21 -3.2779216248435927e-18 -1.0
outer loop
vertex 94.71136312815274 40.41530004417983 1.0943178675026444e-14
vertex 92.96490641754112 46.046352198939566 1.0943178675026444e-14
vertex 93.78528238304229 46.39518723532687 1.0943178675026444e-14
endloop
endfacet
facet normal 2.724428532961587e-21 -3.2779216248435927e-18 -1.0
outer loop
vertex 94.71136312815274 40.41530004417983 1.0943178675026444e-14
vertex 93.78528238304229 46.39518723532687 1.0943178675026444e-14
vertex 94.60933654463565 46.73524215169175 1.0943178675026444e-14
endloop
endfacet
facet normal 2.724428532961587e-21 -3.2779216248435927e-18 -1.0
outer loop
vertex 94.71136312815274 40.41530004417983 1.0943178675026444e-14
vertex 94.60933654463565 46.73524215169175 1.0943178675026444e-14
vertex 95.43697493574074 47.066478171702265 1.0943178675026444e-14
endloop
endfacet
facet normal 2.724428532961587e-21 -3.2779216248435927e-18 -1.0
outer loop
vertex 94.71136312815274 40.41530004417983 1.0943178675026444e-14
vertex 95.43697493574074 47.066478171702265 1.0943178675026444e-14
vertex 97.82030587982234 41.207690944732605 1.0943178675026444e-14
endloop
endfacet
facet normal 2.724428532961587e-21 -3.2779216248435927e-18 -1.0
outer loop
vertex 97.82030587982234 41.207690944732605 1.0943178675026444e-14
vertex 95.43697493574074 47.066478171702265 1.0943178675026444e-14
vertex 96.26810318106834 47.38885752464209 1.0943178675026444e-14
endloop
endfacet
facet normal 2.724428532961587e-21 -3.2779216248435927e-18 -1.0
outer loop
vertex 97.82030587982234 41.207690944732605 1.0943178675026444e-14
vertex 96.26810318106834 47.38885752464209 1.0943178675026444e-14
vertex 97.10262650738301 47.70234344971679 1.0943178675026444e-14
endloop
endfacet
facet normal 2.724428532961587e-21 -3.2779216248435927e-18 -1.0
outer loop
vertex 97.82030587982234 41.207690944732605 1.0943178675026444e-14
vertex 97.10262650738301 47.70234344971679 1.0943178675026444e-14
vertex 97.94044975430933 48.00690020024646 1.0943178675026444e-14
endloop
endfacet
facet normal 2.724428532961587e-21 -3.2779216248435927e-18 -1.0
outer loop
vertex 97.82030587982234 41.207690944732605 1.0943178675026444e-14
vertex 97.94044975430933 48.00690020024646 1.0943178675026444e-14
vertex 100.97011641566097 41.81769255190969 1.0943178675026444e-14
endloop
endfacet
facet normal 2.724428532961587e-21 -3.2779216248435927e-18 -1.0
outer loop
vertex 100.97011641566097 41.81769255190969 1.0943178675026444e-14
vertex 97.94044975430933 48.00690020024646 1.0943178675026444e-14
vertex 98.78147738518308 48.30249304774133 1.0943178675026444e-14
endloop
endfacet
facet normal 2.724428532961587e-21 -3.2779216248435927e-18 -1.0
outer loop
vertex 100.97011641566097 41.81769255190969 1.0943178675026444e-14
vertex 98.78147738518308 48.30249304774133 1.0943178675026444e-14
vertex 99.62561349794558 48.58908828586227 1.0943178675026444e-14
endloop
endfacet
facet normal 2.724428532961587e-21 -3.2779216248435927e-18 -1.0
outer loop
vertex 100.97011641566097 41.81769255190969 1.0943178675026444e-14
vertex 99.62561349794558 48.58908828586227 1.0943178675026444e-14
vertex 100.4727618360789 48.86665323426394 1.0943178675026444e-14
endloop
endfacet
facet normal 2.724428532961587e-21 -3.2779216248435927e-18 -1.0
outer loop
vertex 100.97011641566097 41.81769255190969 1.0943178675026444e-14
vertex 100.4727618360789 48.86665323426394 1.0943178675026444e-14
vertex 101.32282579958246 49.135156242321536 1.0943178675026444e-14
endloop
endfacet
facet normal 2.724428532961587e-21 -3.2779216248435927e-18 -1.0
outer loop
vertex 100.97011641566097 41.81769255190969 1.0943178675026444e-14
vertex 101.32282579958246 49.135156242321536 1.0943178675026444e-14
vertex 104.15010421686532 42.2432345082795 1.0943178675026444e-14
endloop
endfacet
facet normal 2.724428532961587e-21 -3.2779216248435927e-18 -1.0
outer loop
vertex 104.15010421686532 42.2432345082795 1.0943178675026444e-14
vertex 101.32282579958246 49.135156242321536 1.0943178675026444e-14
vertex 102.1757084559877 49.39456669273969 1.0943178675026444e-14
endloop
endfacet
facet normal 2.724428532961587e-21 -3.2779216248435927e-18 -1.0
outer loop
vertex 104.15010421686532 42.2432345082795 1.0943178675026444e-14
vertex 102.1757084559877 49.39456669273969 1.0943178675026444e-14
vertex 103.03131255141228 49.644855005044285 1.0943178675026444e-14
endloop
endfacet
facet normal 2.724428532961587e-21 -3.2779216248435927e-18 -1.0
outer loop
vertex 104.15010421686532 42.2432345082795 1.0943178675026444e-14
vertex 103.03131255141228 49.644855005044285 1.0943178675026444e-14
vertex 103.88954052164821 49.88599263895474 1.0943178675026444e-14
endloop
endfacet
facet normal 2.724428532961587e-21 -3.2779216248435927e-18 -1.0
outer loop
vertex 104.15010421686532 42.2432345082795 1.0943178675026444e-14
vertex 103.88954052164821 49.88599263895474 1.0943178675026444e-14
vertex 104.75029450328898 50.11795209763904 1.0943178675026444e-14
endloop
endfacet
facet normal 2.724428532961587e-21 -3.2779216248435927e-18 -1.0
outer loop
vertex 104.15010421686532 42.2432345082795 1.0943178675026444e-14
vertex 104.75029450328898 50.11795209763904 1.0943178675026444e-14
vertex 107.34947634240059 42.48287251608665 1.0943178675026444e-14
endloop
endfacet
facet normal 2.724428532961587e-21 -3.2779216248435927e-18 -1.0
outer loop
vertex 107.34947634240059 42.48287251608665 1.0943178675026444e-14
vertex 104.75029450328898 50.11795209763904 1.0943178675026444e-14
vertex 105.61347634488716 50.34070693084878 1.0943178675026444e-14
endloop
endfacet
facet normal 2.724428532961587e-21 -3.2779216248435927e-18 -1.0
outer loop
vertex 107.34947634240059 42.48287251608665 1.0943178675026444e-14
vertex 105.61347634488716 50.34070693084878 1.0943178675026444e-14
vertex 106.47898761814817 50.55423173793572 1.0943178675026444e-14
endloop
endfacet
facet normal 2.724428532961587e-21 -3.2779216248435927e-18 -1.0
outer loop
vertex 107.34947634240059 42.48287251608665 1.0943178675026444e-14
vertex 106.47898761814817 50.55423173793572 1.0943178675026444e-14
vertex 107.34672962915259 50.75850217074784 1.0943178675026444e-14
endloop
endfacet
facet normal 2.724428532961587e-21 -3.2779216248435927e-18 -1.0
outer loop
vertex 107.34947634240059 42.48287251608665 1.0943178675026444e-14
vertex 107.34672962915259 50.75850217074784 1.0943178675026444e-14
vertex 108.21660342961113 50.953494936405896 1.0943178675026444e-14
endloop
endfacet
facet normal 2.724428532961587e-21 -3.2779216248435927e-18 -1.0
outer loop
vertex 107.34947634240059 42.48287251608665 1.0943178675026444e-14
vertex 108.21660342961113 50.953494936405896 1.0943178675026444e-14
vertex 110.55737406045549 42.53579323922752 1.0943178675026444e-14
endloop
endfacet
facet normal 2.724428532961587e-21 -3.2779216248435927e-18 -1.0
outer loop
vertex 110.55737406045549 42.53579323922752 1.0943178675026444e-14
vertex 108.21660342961113 50.953494936405896 1.0943178675026444e-14
vertex 109.08850982814747 51.13918779995939 1.0943178675026444e-14
endloop
endfacet
facet normal 2.724428532961587e-21 -3.2779216248435927e-18 -1.0
outer loop
vertex 110.55737406045549 42.53579323922752 1.0943178675026444e-14
vertex 109.08850982814747 51.13918779995939 1.0943178675026444e-14
vertex 109.96234940160872 51.31555958692217 1.0943178675026444e-14
endloop
endfacet
facet normal 2.724428532961587e-21 -3.2779216248435927e-18 -1.0
outer loop
vertex 110.55737406045549 42.53579323922752 1.0943178675026444e-14
vertex 109.96234940160872 51.31555958692217 1.0943178675026444e-14
vertex 110.83802250640265 51.48259018568709 1.0943178675026444e-14
endloop
endfacet
facet normal 2.724428532961587e-21 -3.2779216248435927e-18 -1.0
outer loop
vertex 110.55737406045549 42.53579323922752 1.0943178675026444e-14
vertex 110.83802250640265 51.48259018568709 1.0943178675026444e-14
vertex 113.76290970318918 42.40181706372878 1.0943178675026444e-14
endloop
endfacet
facet normal 2.724428532961587e-21 -3.2779216248435927e-18 -1.0
outer loop
vertex 113.76290970318918 42.40181706372878 1.0943178675026444e-14
vertex 110.83802250640265 51.48259018568709 1.0943178675026444e-14
vertex 111.71542928986068 51.64026054981855 1.0943178675026444e-14
endloop
endfacet
facet normal 2.724428532961587e-21 -3.2779216248435927e-18 -1.0
outer loop
vertex 113.76290970318918 42.40181706372878 1.0943178675026444e-14
vertex 111.71542928986068 51.64026054981855 1.0943178675026444e-14
vertex 112.96757209232702 51.84161813339959 1.0943178675026444e-14
endloop
endfacet
facet normal 2.724428532961587e-21 -3.2779216248435927e-18 -1.0
outer loop
vertex 113.76290970318918 42.40181706372878 1.0943178675026444e-14
vertex 112.96757209232702 51.84161813339959 1.0943178675026444e-14
vertex 114.22453252623349 52.0103099880573 1.0943178675026444e-14
endloop
endfacet
facet normal 2.724428532961587e-21 -3.2779216248435927e-18 -1.0
outer loop
vertex 113.76290970318918 42.40181706372878 1.0943178675026444e-14
vertex 114.22453252623349 52.0103099880573 1.0943178675026444e-14
vertex 116.95520361969193 42.081398707360606 1.0943178675026444e-14
endloop
endfacet
facet normal 2.724428532961587e-21 -3.2779216248435927e-18 -1.0
outer loop
vertex 116.95520361969193 42.081398707360606 1.0943178675026444e-14
vertex 114.22453252623349 52.0103099880573 1.0943178675026444e-14
vertex 115.48545856009773 52.14622176590378 1.0943178675026444e-14
endloop
endfacet
facet normal 2.724428532961587e-21 -3.2779216248435927e-18 -1.0
outer loop
vertex 116.95520361969193 42.081398707360606 1.0943178675026444e-14
vertex 115.48545856009773 52.14622176590378 1.0943178675026444e-14
vertex 116.74949547435317 52.24926133904819 1.0943178675026444e-14
endloop
endfacet
facet normal 2.724428532961587e-21 -3.2779216248435927e-18 -1.0
outer loop
vertex 116.95520361969193 42.081398707360606 1.0943178675026444e-14
vertex 116.74949547435317 52.24926133904819 1.0943178675026444e-14
vertex 118.01578644072042 52.31935886204618 1.0943178675026444e-14
endloop
endfacet
facet normal 2.724428532961587e-21 -3.2779216248435927e-18 -1.0
outer loop
vertex 116.95520361969193 42.081398707360606 1.0943178675026444e-14
vertex 118.01578644072042 52.31935886204618 1.0943178675026444e-14
vertex 120.12342110173256 41.57562567631571 1.0943178675026444e-14
endloop
endfacet
facet normal 2.724428532961587e-21 -3.2779216248435927e-18 -1.0
outer loop
vertex 120.12342110173256 41.57562567631571 1.0943178675026444e-14
vertex 118.01578644072042 52.31935886204618 1.0943178675026444e-14
vertex 119.28347310300985 52.356466819244204 1.0943178675026444e-14
endloop
endfacet
facet normal 2.724428532961587e-21 -3.2779216248435927e-18 -1.0
outer loop
vertex 120.12342110173256 41.57562567631571 1.0943178675026444e-14
vertex 119.28347310300985 52.356466819244204 1.0943178675026444e-14
vertex 120.55169615895807 52.3605600569884 1.0943178675026444e-14
endloop
endfacet
facet normal 2.724428532961587e-21 -3.2779216248435927e-18 -1.0
outer loop
vertex 120.12342110173256 41.57562567631571 1.0943178675026444e-14
vertex 120.55169615895807 52.3605600569884 1.0943178675026444e-14
vertex 123.25680915697033 40.886214574191854 1.0943178675026444e-14
endloop
endfacet
facet normal 2.724428532961587e-21 -3.2779216248435927e-18 -1.0
outer loop
vertex 123.25680915697033 40.886214574191854 1.0943178675026444e-14
vertex 120.55169615895807 52.3605600569884 1.0943178675026444e-14
vertex 121.81959594270698 52.33163580067458 1.0943178675026444e-14
endloop
endfacet
facet normal 2.724428532961587e-21 -3.2779216248435927e-18 -1.0
outer loop
vertex 123.25680915697033 40.886214574191854 1.0943178675026444e-14
vertex 121.81959594270698 52.33163580067458 1.0943178675026444e-14
vertex 123.08631300752896 52.26971365662976 1.0943178675026444e-14
endloop
endfacet
facet normal 2.724428532961587e-21 -3.2779216248435927e-18 -1.0
outer loop
vertex 123.25680915697033 40.886214574191854 1.0943178675026444e-14
vertex 123.08631300752896 52.26971365662976 1.0943178675026444e-14
vertex 124.35098870840265 52.174835598820955 1.0943178675026444e-14
endloop
endfacet
facet normal 2.724428532961587e-21 -3.2779216248435927e-18 -1.0
outer loop
vertex 123.25680915697033 40.886214574191854 1.0943178675026444e-14
vertex 124.35098870840265 52.174835598820955 1.0943178675026444e-14
vertex 123.67711230690446 40.79862383668915 9.675787490296601e-15
endloop
endfacet
facet normal 2.724428532961587e-21 -3.2779216248435927e-18 -1.0
outer loop
vertex 123.67711230690446 40.79862383668915 9.675787490296601e-15
vertex 124.35098870840265 52.174835598820955 1.0943178675026444e-14
vertex 124.09377188124984 40.695078318933575 8.576266207516435e-15
endloop
endfacet
facet normal 2.724428532961587e-21 -3.2779216248435927e-18 -1.0
outer loop
vertex 124.09377188124984 40.695078318933575 8.576266207516435e-15
vertex 124.35098870840265 52.174835598820955 1.0943178675026444e-14
vertex 124.5061824652666 40.57572847464444 7.646212453218685e-15
endloop
endfacet
facet normal 2.724428532961587e-21 -3.2779216248435927e-18 -1.0
outer loop
vertex 124.5061824652666 40.57572847464444 7.646212453218685e-15
vertex 124.35098870840265 52.174835598820955 1.0943178675026444e-14
vertex 125.61276578404723 52.04706594040422 1.0943178675026444e-14
endloop
endfacet
facet normal 2.724428532961587e-21 -3.2779216248435927e-18 -1.0
outer loop
vertex 124.5061824652666 40.57572847464444 7.646212453218685e-15
vertex 125.61276578404723 52.04706594040422 1.0943178675026444e-14
vertex 124.91374481808356 40.440747721545605 6.886977614209737e-15
endloop
endfacet
facet normal 2.724428532961587e-21 -3.2779216248435927e-18 -1.0
outer loop
vertex 124.91374481808356 40.440747721545605 6.886977614209737e-15
vertex 125.61276578404723 52.04706594040422 1.0943178675026444e-14
vertex 125.31586674340724 40.29033218938525 6.299664873977195e-15
endloop
endfacet
facet normal 2.724428532961587e-21 -3.2779216248435927e-18 -1.0
outer loop
vertex 125.31586674340724 40.29033218938525 6.299664873977195e-15
vertex 125.61276578404723 52.04706594040422 1.0943178675026444e-14
vertex 125.71196394999376 40.12470043495622 5.88512760974219e-15
endloop
endfacet
facet normal 2.724428532961587e-21 -3.2779216248435927e-18 -1.0
outer loop
vertex 125.71196394999376 40.12470043495622 5.88512760974219e-15
vertex 125.61276578404723 52.04706594040422 1.0943178675026444e-14
vertex 126.87078893801659 51.88649129012897 1.0943178675026444e-14
endloop
endfacet
facet normal 2.724428532961587e-21 -3.2779216248435927e-18 -1.0
outer loop
vertex 125.71196394999376 40.12470043495622 5.88512760974219e-15
vertex 126.87078893801659 51.88649129012897 1.0943178675026444e-14
vertex 126.10146090063753 39.944093124528216 5.643968152485081e-15
endloop
endfacet
facet normal 2.724428532961587e-21 -3.2779216248435927e-18 -1.0
outer loop
vertex 126.10146090063753 39.944093124528216 5.643968152485081e-15
vertex 126.87078893801659 51.88649129012897 1.0943178675026444e-14
vertex 126.48379164843777 39.74877268415489 5.576536911746457e-15
endloop
endfacet
facet normal 2.724428532961587e-21 -3.2779216248435927e-18 -1.0
outer loop
vertex 126.48379164843777 39.74877268415489 5.576536911746457e-15
vertex 126.87078893801659 51.88649129012897 1.0943178675026444e-14
vertex 126.85840065912939 39.539022918363486 5.682931866475041e-15
endloop
endfacet
facet normal 2.724428532961587e-21 -3.2779216248435927e-18 -1.0
outer loop
vertex 126.85840065912939 39.539022918363486 5.682931866475041e-15
vertex 126.87078893801659 51.88649129012897 1.0943178675026444e-14
vertex 127.22474361828777 39.31514859778144 5.9629984226621724e-15
endloop
endfacet
facet normal 2.724428532961587e-21 -3.2779216248435927e-18 -1.0
outer loop
vertex 127.22474361828777 39.31514859778144 5.9629984226621724e-15
vertex 126.87078893801659 51.88649129012897 1.0943178675026444e-14
vertex 128.12420541846316 51.69322049363089 1.0943178675026444e-14
endloop
endfacet
facet normal 2.724428532961587e-21 -3.2779216248435927e-18 -1.0
outer loop
vertex 127.22474361828777 39.31514859778144 5.9629984226621724e-15
vertex 128.12420541846316 51.69322049363089 1.0943178675026444e-14
vertex 127.58228822222657 39.0774750162981 6.416329637970232e-15
endloop
endfacet
facet normal 2.724428532961587e-21 -3.2779216248435927e-18 -1.0
outer loop
vertex 127.58228822222657 39.0774750162981 6.416329637970232e-15
vertex 128.12420541846316 51.69322049363089 1.0943178675026444e-14
vertex 127.93051495144708 38.82634751840651 7.042266813027885e-15
endloop
endfacet
facet normal 2.724428532961587e-21 -3.2779216248435927e-18 -1.0
outer loop
vertex 127.93051495144708 38.82634751840651 7.042266813027885e-15
vertex 128.12420541846316 51.69322049363089 1.0943178675026444e-14
vertex 128.22145209033357 38.59317991910516 7.639637499395108e-15
endloop
endfacet
facet normal 2.724428532961587e-21 -3.2779216248435927e-18 -1.0
outer loop
vertex 128.22145209033357 38.59317991910516 7.639637499395108e-15
vertex 128.12420541846316 51.69322049363089 1.0943178675026444e-14
vertex 129.372165596176 51.46738455965023 1.0943178675026444e-14
endloop
endfacet
facet normal 2.724428532961587e-21 -3.2779216248435927e-18 -1.0
outer loop
vertex 128.22145209033357 38.59317991910516 7.639637499395108e-15
vertex 129.372165596176 51.46738455965023 1.0943178675026444e-14
vertex 128.4969973389281 38.342009928611624 8.193477063830382e-15
endloop
endfacet
facet normal 2.724428532961587e-21 -3.2779216248435927e-18 -1.0
outer loop
vertex 128.4969973389281 38.342009928611624 8.193477063830382e-15
vertex 129.372165596176 51.46738455965023 1.0943178675026444e-14
vertex 128.75603870410623 38.073851171018 8.701550425922463e-15
endloop
endfacet
facet normal 2.724428532961587e-21 -3.2779216248435927e-18 -1.0
outer loop
vertex 128.75603870410623 38.073851171018 8.701550425922463e-15
vertex 129.372165596176 51.46738455965023 1.0943178675026444e-14
vertex 128.99753079597855 37.78978583045261 9.161807199797892e-15
endloop
endfacet
facet normal 2.724428532961587e-21 -3.2779216248435927e-18 -1.0
outer loop
vertex 128.99753079597855 37.78978583045261 9.161807199797892e-15
vertex 129.372165596176 51.46738455965023 1.0943178675026444e-14
vertex 129.22049904667617 37.4909602838067 9.572389968678429e-15
endloop
endfacet
facet normal 2.724428532961587e-21 -3.2779216248435927e-18 -1.0
outer loop
vertex 129.22049904667617 37.4909602838067 9.572389968678429e-15
vertex 129.372165596176 51.46738455965023 1.0943178675026444e-14
vertex 129.4240436433267 37.17858047440498 9.931641780690557e-15
endloop
endfacet
facet normal 2.724428532961587e-21 -3.2779216248435927e-18 -1.0
outer loop
vertex 129.4240436433267 37.17858047440498 9.931641780690557e-15
vertex 129.372165596176 51.46738455965023 1.0943178675026444e-14
vertex 130.61382354050286 51.20913657122795 1.0943178675026444e-14
endloop
endfacet
facet normal 2.724428532961587e-21 -3.2779216248435927e-18 -1.0
outer loop
vertex 129.4240436433267 37.17858047440498 9.931641780690557e-15
vertex 130.61382354050286 51.20913657122795 1.0943178675026444e-14
vertex 129.60734315934732 36.853907045288814 1.0238112835676804e-14
endloop
endfacet
facet normal 2.724428532961587e-21 -3.2779216248435927e-18 -1.0
outer loop
vertex 129.60734315934732 36.853907045288814 1.0238112835676804e-14
vertex 130.61382354050286 51.20913657122795 1.0943178675026444e-14
vertex 129.7696578694023 36.51825025175224 1.049056633602357e-14
endloop
endfacet
facet normal 2.724428532961587e-21 -3.2779216248435927e-18 -1.0
outer loop
vertex 129.7696578694023 36.51825025175224 1.049056633602357e-14
vertex 130.61382354050286 51.20913657122795 1.0943178675026444e-14
vertex 129.9103327346464 36.1729646736636 1.0687983477893774e-14
endloop
endfacet
facet normal 2.724428532961587e-21 -3.2779216248435927e-18 -1.0
outer loop
vertex 129.9103327346464 36.1729646736636 1.0687983477893774e-14
vertex 130.61382354050286 51.20913657122795 1.0943178675026444e-14
vertex 130.028800046205 35.81944374890878 1.0829567562721673e-14
endloop
endfacet
facet normal 2.724428532961587e-21 -3.2779216248435927e-18 -1.0
outer loop
vertex 130.028800046205 35.81944374890878 1.0829567562721673e-14
vertex 130.61382354050286 51.20913657122795 1.0943178675026444e-14
vertex 130.12458171622677 35.45911415002004 1.0914747212377447e-14
endloop
endfacet
facet normal 2.724428532961587e-21 -3.2779216248435927e-18 -1.0
outer loop
vertex 130.12458171622677 35.45911415002004 1.0914747212377447e-14
vertex 130.61382354050286 51.20913657122795 1.0943178675026444e-14
vertex 130.1972912072591 35.09343002668227 1.0943178675026444e-14
endloop
endfacet
facet normal 2.724428532961587e-21 -3.2779216248435927e-18 -1.0
outer loop
vertex 130.1972912072591 35.09343002668227 1.0943178675026444e-14
vertex 130.61382354050286 51.20913657122795 1.0943178675026444e-14
vertex 130.30019872747695 34.38320763864047 1.0943178675026444e-14
endloop
endfacet
facet normal 2.724428532961587e-21 -3.2779216248435927e-18 -1.0
outer loop
vertex 130.30019872747695 34.38320763864047 1.0943178675026444e-14
vertex 130.61382354050286 51.20913657122795 1.0943178675026444e-14
vertex 130.37375214897972 33.66934792386548 1.0943178675026444e-14
endloop
endfacet
facet normal 2.724428532961587e-21 -3.2779216248435927e-18 -1.0
outer loop
vertex 130.37375214897972 33.66934792386548 1.0943178675026444e-14
vertex 130.61382354050286 51.20913657122795 1.0943178675026444e-14
vertex 130.4178265190139 32.953063589191494 1.0943178675026444e-14
endloop
endfacet
facet normal 2.724428532961587e-21 -3.2779216248435927e-18 -1.0
outer loop
vertex 130.4178265190139 32.953063589191494 1.0943178675026444e-14
vertex 130.61382354050286 51.20913657122795 1.0943178675026444e-14
vertex 130.43234696391917 32.235571460403236 1.0943178675026444e-14
endloop
endfacet
facet normal 2.724428532961587e-21 -3.2779216248435927e-18 -1.0
outer loop
vertex 130.43234696391917 32.235571460403236 1.0943178675026444e-14
vertex 130.61382354050286 51.20913657122795 1.0943178675026444e-14
vertex 130.4910445323909 16.30618156075524 1.0943178675026444e-14
endloop
endfacet
facet normal 2.724428532961587e-21 -3.2779216248435927e-18 -1.0
outer loop
vertex 130.4910445323909 16.30618156075524 1.0943178675026444e-14
vertex 130.61382354050286 51.20913657122795 1.0943178675026444e-14
vertex 132.50734223478898 18.972653197073324 1.0943178675026444e-14
endloop
endfacet
facet normal 2.724428532961587e-21 -3.2779216248435927e-18 -1.0
outer loop
vertex 132.50734223478898 18.972653197073324 1.0943178675026444e-14
vertex 130.61382354050286 51.20913657122795 1.0943178675026444e-14
vertex 131.84833759276432 50.91865158193799 1.0943178675026444e-14
endloop
endfacet
facet normal 2.724428532961587e-21 -3.2779216248435927e-18 -1.0
outer loop
vertex 132.50734223478898 18.972653197073324 1.0943178675026444e-14
vertex 131.84833759276432 50.91865158193799 1.0943178675026444e-14
vertex 133.07487093677355 50.59612649722739 1.0943178675026444e-14
endloop
endfacet
facet normal 2.724428532961587e-21 -3.2779216248435927e-18 -1.0
outer loop
vertex 132.50734223478898 18.972653197073324 1.0943178675026444e-14
vertex 133.07487093677355 50.59612649722739 1.0943178675026444e-14
vertex 134.35588368669596 21.758047587921258 1.0943178675026444e-14
endloop
endfacet
facet normal 2.724428532961587e-21 -3.2779216248435927e-18 -1.0
outer loop
vertex 134.35588368669596 21.758047587921258 1.0943178675026444e-14
vertex 133.07487093677355 50.59612649722739 1.0943178675026444e-14
vertex 134.2925921660719 50.241779940943374 1.0943178675026444e-14
endloop
endfacet
facet normal 2.724428532961587e-21 -3.2779216248435927e-18 -1.0
outer loop
vertex 134.35588368669596 21.758047587921258 1.0943178675026444e-14
vertex 134.2925921660719 50.241779940943374 1.0943178675026444e-14
vertex 135.50067584749837 49.85585210713935 1.0943178675026444e-14
endloop
endfacet
facet normal 2.724428532961587e-21 -3.2779216248435927e-18 -1.0
outer loop
vertex 134.35588368669596 21.758047587921258 1.0943178675026444e-14
vertex 135.50067584749837 49.85585210713935 1.0943178675026444e-14
vertex 136.02967457206634 24.65182565198146 1.0943178675026444e-14
endloop
endfacet
facet normal 2.724428532961587e-21 -3.2779216248435927e-18 -1.0
outer loop
vertex 136.02967457206634 24.65182565198146 1.0943178675026444e-14
vertex 135.50067584749837 49.85585210713935 1.0943178675026444e-14
vertex 136.6983030807111 49.4386045972589 1.0943178675026444e-14
endloop
endfacet
facet normal 2.724428532961587e-21 -3.2779216248435927e-18 -1.0
outer loop
vertex 136.02967457206634 24.65182565198146 1.0943178675026444e-14
vertex 136.6983030807111 49.4386045972589 1.0943178675026444e-14
vertex 137.52238177760495 27.64303821723281 1.0943178675026444e-14
endloop
endfacet
facet normal 2.724428532961587e-21 -3.2779216248435927e-18 -1.0
outer loop
vertex 137.52238177760495 27.64303821723281 1.0943178675026444e-14
vertex 136.6983030807111 49.4386045972589 1.0943178675026444e-14
vertex 137.8846620532779 48.99032024280955 1.0943178675026444e-14
endloop
endfacet
facet normal 2.724428532961587e-21 -3.2779216248435927e-18 -1.0
outer loop
vertex 137.52238177760495 27.64303821723281 1.0943178675026444e-14
vertex 137.8846620532779 48.99032024280955 1.0943178675026444e-14
vertex 138.82835735533217 30.72036744927234 1.0943178675026444e-14
endloop
endfacet
facet normal 2.724428532961587e-21 -3.2779216248435927e-18 -1.0
outer loop
vertex 138.82835735533217 30.72036744927234 1.0943178675026444e-14
vertex 137.8846620532779 48.99032024280955 1.0943178675026444e-14
vertex 139.05894859096531 48.51130291364481 1.0943178675026444e-14
endloop
endfacet
facet normal 2.724428532961587e-21 -3.2779216248435927e-18 -1.0
outer loop
vertex 138.82835735533217 30.72036744927234 1.0943178675026444e-14
vertex 139.05894859096531 48.51130291364481 1.0943178675026444e-14
vertex 139.94265989269354 33.87216967454209 1.0943178675026444e-14
endloop
endfacet
facet normal 2.724428532961587e-21 -3.2779216248435927e-18 -1.0
outer loop
vertex 139.94265989269354 33.87216967454209 1.0943178675026444e-14
vertex 139.05894859096531 48.51130291364481 1.0943178675026444e-14
vertex 140.22036670284766 48.00187731198593 1.0943178675026444e-14
endloop
endfacet
facet normal 2.724428532961587e-21 -3.2779216248435927e-18 -1.0
outer loop
vertex 139.94265989269354 33.87216967454209 1.0943178675026444e-14
vertex 140.22036670284766 48.00187731198593 1.0943178675026444e-14
vertex 140.2727693836264 34.97028088226628 1.0943178675026444e-14
endloop
endfacet
facet normal 2.724428532961587e-21 -3.2779216248435927e-18 -1.0
outer loop
vertex 140.2727693836264 34.97028088226628 1.0943178675026444e-14
vertex 140.22036670284766 48.00187731198593 1.0943178675026444e-14
vertex 141.36812912087075 47.46238875232235 1.0943178675026444e-14
endloop
endfacet
facet normal 2.724428532961587e-21 -3.2779216248435927e-18 -1.0
outer loop
vertex 140.2727693836264 34.97028088226628 1.0943178675026444e-14
vertex 141.36812912087075 47.46238875232235 1.0943178675026444e-14
vertex 140.56525581332448 36.07900636180389 1.0943178675026444e-14
endloop
endfacet
facet normal 2.724428532961587e-21 -3.2779216248435927e-18 -1.0
outer loop
vertex 140.56525581332448 36.07900636180389 1.0943178675026444e-14
vertex 141.36812912087075 47.46238875232235 1.0943178675026444e-14
vertex 140.819779237794 37.197057490746495 1.0943178675026444e-14
endloop
endfacet
facet normal 2.724428532961587e-21 -3.2779216248435927e-18 -1.0
outer loop
vertex 140.819779237794 37.197057490746495 1.0943178675026444e-14
vertex 141.36812912087075 47.46238875232235 1.0943178675026444e-14
vertex 141.03604383575694 38.32313480789714 1.0943178675026444e-14
endloop
endfacet
facet normal 2.724428532961587e-21 -3.2779216248435927e-18 -1.0
outer loop
vertex 141.03604383575694 38.32313480789714 1.0943178675026444e-14
vertex 141.36812912087075 47.46238875232235 1.0943178675026444e-14
vertex 141.2137982524714 39.45592952357691 1.0943178675026444e-14
endloop
endfacet
facet normal 2.724428532961587e-21 -3.2779216248435927e-18 -1.0
outer loop
vertex 141.2137982524714 39.45592952357691 1.0943178675026444e-14
vertex 141.36812912087075 47.46238875232235 1.0943178675026444e-14
vertex 141.35283589186895 40.59412504077257 1.0943178675026444e-14
endloop
endfacet
facet normal 2.724428532961587e-21 -3.2779216248435927e-18 -1.0
outer loop
vertex 141.35283589186895 40.59412504077257 1.0943178675026444e-14
vertex 141.36812912087075 47.46238875232235 1.0943178675026444e-14
vertex 141.45299515667355 41.73639848535894 1.0943178675026444e-14
endloop
endfacet
facet normal 2.724428532961587e-21 -3.2779216248435927e-18 -1.0
outer loop
vertex 141.45299515667355 41.73639848535894 1.0943178675026444e-14
vertex 141.36812912087075 47.46238875232235 1.0943178675026444e-14
vertex 141.46320052819954 46.31968059708665 1.0943178675026444e-14
endloop
endfacet
facet normal 2.724428532961587e-21 -3.2779216248435927e-18 -1.0
outer loop
vertex 141.45299515667355 41.73639848535894 1.0943178675026444e-14
vertex 141.46320052819954 46.31968059708665 1.0943178675026444e-14
vertex 141.5141596362175 42.88142224361702 1.0943178675026444e-14
endloop
endfacet
facet normal 2.724428532961587e-21 -3.2779216248435927e-18 -1.0
outer loop
vertex 141.5141596362175 42.88142224361702 1.0943178675026444e-14
vertex 141.46320052819954 46.31968059708665 1.0943178675026444e-14
vertex 141.51926528901734 45.17439581017652 1.0943178675026444e-14
endloop
endfacet
facet normal 2.724428532961587e-21 -3.2779216248435927e-18 -1.0
outer loop
vertex 141.5141596362175 42.88142224361702 1.0943178675026444e-14
vertex 141.51926528901734 45.17439581017652 1.0943178675026444e-14
vertex 141.53625824174145 44.027865505260294 1.0943178675026444e-14
endloop
endfacet
facet normal 2.724428532961587e-21 -3.2779216248435927e-18 -1.0
outer loop
vertex 80.4751310753 16.756365165542853 1.1089274061467923e-14
vertex 80.54670276313756 27.96313184269439 1.0943178675026444e-14
vertex 81.27437394280584 15.426658792235648 1.111019204096395e-14
endloop
endfacet
facet normal 2.724428532961587e-21 -3.2779216248435927e-18 -1.0
outer loop
vertex 80.54670276313756 27.96313184269439 1.0943178675026444e-14
vertex 80.4751310753 16.756365165542853 1.1089274061467923e-14
vertex 80.52559301283539 28.88225084800281 1.0943178675026444e-14
endloop
endfacet
facet normal 2.724428532961587e-21 -3.2779216248435927e-18 -1.0
outer loop
vertex 81.27437394280584 15.426658792235648 1.111019204096395e-14
vertex 80.54670276313756 27.96313184269439 1.0943178675026444e-14
vertex 80.69414153440032 26.457582936380547 1.0943178675026444e-14
endloop
endfacet
facet normal 2.724428532961587e-21 -3.2779216248435927e-18 -1.0
outer loop
vertex 81.27437394280584 15.426658792235648 1.111019204096395e-14
vertex 80.69414153440032 26.457582936380547 1.0943178675026444e-14
vertex 80.91687813431301 24.961319554607915 1.0943178675026444e-14
endloop
endfacet
facet normal 2.724428532961587e-21 -3.2779216248435927e-18 -1.0
outer loop
vertex 81.27437394280584 15.426658792235648 1.111019204096395e-14
vertex 80.91687813431301 24.961319554607915 1.0943178675026444e-14
vertex 81.21435232012931 23.478105204169236 1.0943178675026444e-14
endloop
endfacet
facet normal 2.724428532961587e-21 -3.2779216248435927e-18 -1.0
outer loop
vertex 81.27437394280584 15.426658792235648 1.111019204096395e-14
vertex 81.21435232012931 23.478105204169236 1.0943178675026444e-14
vertex 81.58581586387508 22.011670570016665 1.0943178675026444e-14
endloop
endfacet
facet normal 2.724428532961587e-21 -3.2779216248435927e-18 -1.0
outer loop
vertex 81.27437394280584 15.426658792235648 1.111019204096395e-14
vertex 81.58581586387508 22.011670570016665 1.0943178675026444e-14
vertex 82.10490860681762 14.116269395015266 1.1131086564780168e-14
endloop
endfacet
facet normal 2.724428532961587e-21 -3.2779216248435927e-18 -1.0
outer loop
vertex 82.10490860681762 14.116269395015266 1.1131086564780168e-14
vertex 81.58581586387508 22.011670570016665 1.0943178675026444e-14
vertex 82.03033443434401 20.565704131581004 1.0943178675026444e-14
endloop
endfacet
facet normal 2.724428532961587e-21 -3.2779216248435927e-18 -1.0
outer loop
vertex 82.10490860681762 14.116269395015266 1.1131086564780168e-14
vertex 82.03033443434401 20.565704131581004 1.0943178675026444e-14
vertex 82.5467899471938 19.143842885248763 1.0943178675026444e-14
endloop
endfacet
facet normal 2.724428532961587e-21 -3.2779216248435927e-18 -1.0
outer loop
vertex 82.10490860681762 14.116269395015266 1.1131086564780168e-14
vertex 82.5467899471938 19.143842885248763 1.0943178675026444e-14
vertex 82.9662684311856 12.82593321655724 1.1151945893322116e-14
endloop
endfacet
facet normal 2.724428532961587e-21 -3.2779216248435927e-18 -1.0
outer loop
vertex 82.9662684311856 12.82593321655724 1.1151945893322116e-14
vertex 82.5467899471938 19.143842885248763 1.0943178675026444e-14
vertex 83.13388337722976 17.74966319633388 1.0943178675026444e-14
endloop
endfacet
facet normal 2.724428532961587e-21 -3.2779216248435927e-18 -1.0
outer loop
vertex 82.9662684311856 12.82593321655724 1.1151945893322116e-14
vertex 83.13388337722976 17.74966319633388 1.0943178675026444e-14
vertex 83.85796946063431 11.556375232630206 1.1172758306769794e-14
endloop
endfacet
facet normal 2.724428532961587e-21 -3.2779216248435927e-18 -1.0
outer loop
vertex 83.85796946063431 11.556375232630206 1.1172758306769794e-14
vertex 83.13388337722976 17.74966319633388 1.0943178675026444e-14
vertex 83.79013802580452 16.386671803551735 1.0943178675026444e-14
endloop
endfacet
facet normal 2.724428532961587e-21 -3.2779216248435927e-18 -1.0
outer loop
vertex 83.85796946063431 11.556375232630206 1.1172758306769794e-14
vertex 83.79013802580452 16.386671803551735 1.0943178675026444e-14
vertex 84.5139032351144 15.058296998623941 1.0943178675026444e-14
endloop
endfacet
facet normal 2.724428532961587e-21 -3.2779216248435927e-18 -1.0
outer loop
vertex 83.85796946063431 11.556375232630206 1.1172758306769794e-14
vertex 84.5139032351144 15.058296998623941 1.0943178675026444e-14
vertex 84.7795106926728 10.30830874476768 1.1193512111662478e-14
endloop
endfacet
facet normal 2.724428532961587e-21 -3.2779216248435927e-18 -1.0
outer loop
vertex 84.7795106926728 10.30830874476768 1.1193512111662478e-14
vertex 84.5139032351144 15.058296998623941 1.0943178675026444e-14
vertex 85.30335854004954 13.767880003198012 1.0943178675026444e-14
endloop
endfacet
facet normal 2.724428532961587e-21 -3.2779216248435927e-18 -1.0
outer loop
vertex 84.7795106926728 10.30830874476768 1.1193512111662478e-14
vertex 85.30335854004954 13.767880003198012 1.0943178675026444e-14
vertex 85.32488797384936 9.609958744744151 1.1202611982116271e-14
endloop
endfacet
facet normal 2.724428532961587e-21 -3.2779216248435927e-18 -1.0
outer loop
vertex 85.32488797384936 9.609958744744151 1.1202611982116271e-14
vertex 85.30335854004954 13.767880003198012 1.0943178675026444e-14
vertex 86.15651824715604 12.518666564771971 1.0943178675026444e-14
endloop
endfacet
facet normal 2.724428532961587e-21 -3.2779216248435927e-18 -1.0
outer loop
vertex 85.32488797384936 9.609958744744151 1.1202611982116271e-14
vertex 86.15651824715604 12.518666564771971 1.0943178675026444e-14
vertex 85.89116608013762 8.928447037071424 1.120623787199094e-14
endloop
endfacet
facet normal 2.724428532961587e-21 -3.2779216248435927e-18 -1.0
outer loop
vertex 85.89116608013762 8.928447037071424 1.120623787199094e-14
vertex 86.15651824715604 12.518666564771971 1.0943178675026444e-14
vertex 86.47782543938116 8.264398923175921 1.1204386454455724e-14
endloop
endfacet
facet normal 2.724428532961587e-21 -3.2779216248435927e-18 -1.0
outer loop
vertex 86.47782543938116 8.264398923175921 1.1204386454455724e-14
vertex 86.15651824715604 12.518666564771971 1.0943178675026444e-14
vertex 87.07123642919127 11.313798792761915 1.0943178675026444e-14
endloop
endfacet
facet normal 2.724428532961587e-21 -3.2779216248435927e-18 -1.0
outer loop
vertex 86.47782543938116 8.264398923175921 1.1204386454455724e-14
vertex 87.07123642919127 11.313798792761915 1.0943178675026444e-14
vertex 87.08432777919263 7.618423681266807 1.1197059428225426e-14
endloop
endfacet
facet normal 2.724428532961587e-21 -3.2779216248435927e-18 -1.0
outer loop
vertex 87.08432777919263 7.618423681266807 1.1197059428225426e-14
vertex 87.07123642919127 11.313798792761915 1.0943178675026444e-14
vertex 88.48304316394325 9.720720692077071 1.0943178675026444e-14
endloop
endfacet
facet normal 2.724428532961587e-21 -3.2779216248435927e-18 -1.0
outer loop
vertex 87.08432777919263 7.618423681266807 1.1197059428225426e-14
vertex 88.48304316394325 9.720720692077071 1.0943178675026444e-14
vertex 87.71011662082921 6.991114007310232 1.1184263516001793e-14
endloop
endfacet
facet normal 2.724428532961587e-21 -3.2779216248435927e-18 -1.0
outer loop
vertex 87.71011662082921 6.991114007310232 1.1184263516001793e-14
vertex 88.48304316394325 9.720720692077071 1.0943178675026444e-14
vertex 88.35461778977434 6.383045471218665 1.1166010458305314e-14
endloop
endfacet
facet normal 2.724428532961587e-21 -3.2779216248435927e-18 -1.0
outer loop
vertex 88.35461778977434 6.383045471218665 1.1166010458305314e-14
vertex 88.48304316394325 9.720720692077071 1.0943178675026444e-14
vertex 89.01723994255521 5.79477598875288 1.1142317002703032e-14
endloop
endfacet
facet normal 2.724428532961587e-21 -3.2779216248435927e-18 -1.0
outer loop
vertex 89.01723994255521 5.79477598875288 1.1142317002703032e-14
vertex 88.48304316394325 9.720720692077071 1.0943178675026444e-14
vertex 90.0488963402835 8.278777585946061 1.0943178675026444e-14
endloop
endfacet
facet normal 2.724428532961587e-21 -3.2779216248435927e-18 -1.0
outer loop
vertex 89.01723994255521 5.79477598875288 1.1142317002703032e-14
vertex 90.0488963402835 8.278777585946061 1.0943178675026444e-14
vertex 89.6973751093118 5.22684530962281 1.1113204888442288e-14
endloop
endfacet
facet normal 2.724428532961587e-21 -3.2779216248435927e-18 -1.0
outer loop
vertex 89.6973751093118 5.22684530962281 1.1113204888442288e-14
vertex 90.0488963402835 8.278777585946061 1.0943178675026444e-14
vertex 90.39439925162351 4.679774522255283 1.1078700826504517e-14
endloop
endfacet
facet normal 2.724428532961587e-21 -3.2779216248435927e-18 -1.0
outer loop
vertex 90.39439925162351 4.679774522255283 1.1078700826504517e-14
vertex 90.0488963402835 8.278777585946061 1.0943178675026444e-14
vertex 91.75270160534741 7.00279023886392 1.0943178675026444e-14
endloop
endfacet
facet normal 2.724428532961587e-21 -3.2779216248435927e-18 -1.0
outer loop
vertex 90.39439925162351 4.679774522255283 1.1078700826504517e-14
vertex 91.75270160534741 7.00279023886392 1.0943178675026444e-14
vertex 91.10767283507664 4.15406557568476 1.103883647509735e-14
endloop
endfacet
facet normal 2.724428532961587e-21 -3.2779216248435927e-18 -1.0
outer loop
vertex 91.10767283507664 4.15406557568476 1.103883647509735e-14
vertex 91.75270160534741 7.00279023886392 1.0943178675026444e-14
vertex 91.8365414160511 3.6502008190043815 1.0993648410607535e-14
endloop
endfacet
facet normal 2.724428532961587e-21 -3.2779216248435927e-18 -1.0
outer loop
vertex 91.8365414160511 3.6502008190043815 1.0993648410607535e-14
vertex 91.75270160534741 7.00279023886392 1.0943178675026444e-14
vertex 93.57694668942655 5.905873667566859 1.0943178675026444e-14
endloop
endfacet
facet normal 2.724428532961587e-21 -3.2779216248435927e-18 -1.0
outer loop
vertex 91.8365414160511 3.6502008190043815 1.0993648410607535e-14
vertex 93.57694668942655 5.905873667566859 1.0943178675026444e-14
vertex 92.5803362421864 3.1686425588003737 1.0943178094041326e-14
endloop
endfacet
facet normal 2.724428532961587e-21 -3.2779216248435927e-18 -1.0
outer loop
vertex 92.5803362421864 3.1686425588003737 1.0943178094041326e-14
vertex 93.57694668942655 5.905873667566859 1.0943178675026444e-14
vertex 93.08250758878354 2.8676743331346146 1.0910973492099852e-14
endloop
endfacet
facet normal 2.724428532961587e-21 -3.2779216248435927e-18 -1.0
outer loop
vertex 93.08250758878354 2.8676743331346146 1.0910973492099852e-14
vertex 93.57694668942655 5.905873667566859 1.0943178675026444e-14
vertex 93.59602854613324 2.586508615867669 1.088455726995591e-14
endloop
endfacet
facet normal 2.724428532961587e-21 -3.2779216248435927e-18 -1.0
outer loop
vertex 93.59602854613324 2.586508615867669 1.088455726995591e-14
vertex 93.57694668942655 5.905873667566859 1.0943178675026444e-14
vertex 95.5028814028242 4.999302340586249 1.0943178675026444e-14
endloop
endfacet
facet normal 2.724428532961587e-21 -3.2779216248435927e-18 -1.0
outer loop
vertex 93.59602854613324 2.586508615867669 1.088455726995591e-14
vertex 95.5028814028242 4.999302340586249 1.0943178675026444e-14
vertex 94.12011862089527 2.325572746851104 1.0863969577257065e-14
endloop
endfacet
facet normal 2.724428532961587e-21 -3.2779216248435927e-18 -1.0
outer loop
vertex 94.12011862089527 2.325572746851104 1.0863969577257065e-14
vertex 95.5028814028242 4.999302340586249 1.0943178675026444e-14
vertex 94.65398125587573 2.0852633188725846 1.084924170495027e-14
endloop
endfacet
facet normal 2.724428532961587e-21 -3.2779216248435927e-18 -1.0
outer loop
vertex 94.65398125587573 2.0852633188725846 1.084924170495027e-14
vertex 95.5028814028242 4.999302340586249 1.0943178675026444e-14
vertex 95.19680504070234 1.8659455748796567 1.0840396037723208e-14
endloop
endfacet
facet normal 2.724428532961587e-21 -3.2779216248435927e-18 -1.0
outer loop
vertex 95.19680504070234 1.8659455748796567 1.0840396037723208e-14
vertex 95.5028814028242 4.999302340586249 1.0943178675026444e-14
vertex 95.74776494507621 1.6679528528521064 1.083744601998211e-14
endloop
endfacet
facet normal 2.724428532961587e-21 -3.2779216248435927e-18 -1.0
outer loop
vertex 95.74776494507621 1.6679528528521064 1.083744601998211e-14
vertex 95.5028814028242 4.999302340586249 1.0943178675026444e-14
vertex 97.51071035645798 4.292394295560058 1.0943178675026444e-14
endloop
endfacet
facet normal 2.724428532961587e-21 -3.2779216248435927e-18 -1.0
outer loop
vertex 95.74776494507621 1.6679528528521064 1.083744601998211e-14
vertex 97.51071035645798 4.292394295560058 1.0943178675026444e-14
vertex 96.30602357272411 1.491586079166372 1.0840396135417795e-14
endloop
endfacet
facet normal 2.724428532961587e-21 -3.2779216248435927e-18 -1.0
outer loop
vertex 96.30602357272411 1.491586079166372 1.0840396135417795e-14
vertex 97.51071035645798 4.292394295560058 1.0943178675026444e-14
vertex 96.87073243414488 1.337113311221785 1.084924190019096e-14
endloop
endfacet
facet normal 2.724428532961587e-21 -3.2779216248435927e-18 -1.0
outer loop
vertex 96.87073243414488 1.337113311221785 1.084924190019096e-14
vertex 97.51071035645798 4.292394295560058 1.0943178675026444e-14
vertex 97.44103323621694 1.2047693300235731 1.0863969869747114e-14
endloop
endfacet
facet normal 2.724428532961587e-21 -3.2779216248435927e-18 -1.0
outer loop
vertex 97.44103323621694 1.2047693300235731 1.0863969869747114e-14
vertex 97.51071035645798 4.292394295560058 1.0943178675026444e-14
vertex 98.01605918670667 1.0947552833426826 1.088455765925077e-14
endloop
endfacet
facet normal 2.724428532961587e-21 -3.2779216248435927e-18 -1.0
outer loop
vertex 98.01605918670667 1.0947552833426826 1.088455765925077e-14
vertex 97.51071035645798 4.292394295560058 1.0943178675026444e-14
vertex 99.57979642536709 3.7924153653846235 1.0943178675026444e-14
endloop
endfacet
facet normal 2.724428532961587e-21 -3.2779216248435927e-18 -1.0
outer loop
vertex 98.01605918670667 1.0947552833426826 1.088455765925077e-14
vertex 99.57979642536709 3.7924153653846235 1.0943178675026444e-14
vertex 98.59493631169254 1.007238379994053 1.0910973977607834e-14
endloop
endfacet
facet normal 2.724428532961587e-21 -3.2779216248435927e-18 -1.0
outer loop
vertex 98.59493631169254 1.007238379994053 1.0910973977607834e-14
vertex 99.57979642536709 3.7924153653846235 1.0943178675026444e-14
vertex 99.17678478390697 0.9423516356983122 1.0943178675024513e-14
endloop
endfacet
facet normal 2.724428532961587e-21 -3.2779216248435927e-18 -1.0
outer loop
vertex 99.17678478390697 0.9423516356983122 1.0943178675024513e-14
vertex 99.57979642536709 3.7924153653846235 1.0943178675026444e-14
vertex 100.54759977287141 0.8439039549732689 1.1018782932675417e-14
endloop
endfacet
facet normal 2.724428532961587e-21 -3.2779216248435927e-18 -1.0
outer loop
vertex 100.54759977287141 0.8439039549732689 1.1018782932675417e-14
vertex 99.57979642536709 3.7924153653846235 1.0943178675026444e-14
vertex 101.68887286385471 3.504504497598742 1.0943178675026444e-14
endloop
endfacet
facet normal 2.724428532961587e-21 -3.2779216248435927e-18 -1.0
outer loop
vertex 100.54759977287141 0.8439039549732689 1.1018782932675417e-14
vertex 101.68887286385471 3.504504497598742 1.0943178675026444e-14
vertex 101.92124387617739 0.7999999999999993 1.1080804454031714e-14
endloop
endfacet
facet normal 2.724428532961587e-21 -3.2779216248435927e-18 -1.0
outer loop
vertex 101.92124387617739 0.7999999999999993 1.1080804454031714e-14
vertex 101.68887286385471 3.504504497598742 1.0943178675026444e-14
vertex 103.816261892081 3.4316209345949624 1.0943178675026444e-14
endloop
endfacet
facet normal 2.724428532961587e-21 -3.2779216248435927e-18 -1.0
outer loop
vertex 101.92124387617739 0.7999999999999993 1.1080804454031714e-14
vertex 103.816261892081 3.4316209345949624 1.0943178675026444e-14
vertex 103.29554769804864 0.8107091082831737 1.1129145288520791e-14
endloop
endfacet
facet normal 2.724428532961587e-21 -3.2779216248435927e-18 -1.0
outer loop
vertex 103.29554769804864 0.8107091082831737 1.1129145288520791e-14
vertex 103.816261892081 3.4316209345949624 1.0943178675026444e-14
vertex 104.66834080081492 0.8760143669308325 1.1163729091475268e-14
endloop
endfacet
facet normal 2.724428532961587e-21 -3.2779216248435927e-18 -1.0
outer loop
vertex 104.66834080081492 0.8760143669308325 1.1163729091475268e-14
vertex 103.816261892081 3.4316209345949624 1.0943178675026444e-14
vertex 105.9400975073978 3.5745137975542045 1.0943178675026444e-14
endloop
endfacet
facet normal 2.724428532961587e-21 -3.2779216248435927e-18 -1.0
outer loop
vertex 104.66834080081492 0.8760143669308325 1.1163729091475268e-14
vertex 105.9400975073978 3.5745137975542045 1.0943178675026444e-14
vertex 106.03745513268476 0.9958126393649542 1.1184501244704094e-14
endloop
endfacet
facet normal 2.724428532961587e-21 -3.2779216248435927e-18 -1.0
outer loop
vertex 106.03745513268476 0.9958126393649542 1.1184501244704094e-14
vertex 105.9400975073978 3.5745137975542045 1.0943178675026444e-14
vertex 108.03855023030187 3.931714386733307 1.0943178675026444e-14
endloop
endfacet
facet normal 2.724428532961587e-21 -3.2779216248435927e-18 -1.0
outer loop
vertex 106.03745513268476 0.9958126393649542 1.1184501244704094e-14
vertex 108.03855023030187 3.931714386733307 1.0943178675026444e-14
vertex 107.4007284517486 1.1699147282048283 1.1191428942751052e-14
endloop
endfacet
facet normal 2.724428532961587e-21 -3.2779216248435927e-18 -1.0
outer loop
vertex 107.4007284517486 1.1699147282048283 1.1191428942751052e-14
vertex 108.03855023030187 3.931714386733307 1.0943178675026444e-14
vertex 108.75600774080682 1.3980456740667737 1.118450124470442e-14
endloop
endfacet
facet normal 2.724428532961587e-21 -3.2779216248435927e-18 -1.0
outer loop
vertex 108.75600774080682 1.3980456740667737 1.118450124470442e-14
vertex 108.03855023030187 3.931714386733307 1.0943178675026444e-14
vertex 110.0900514749882 4.499551277242218 1.0943178675026444e-14
endloop
endfacet
facet normal 2.724428532961587e-21 -3.2779216248435927e-18 -1.0
outer loop
vertex 108.75600774080682 1.3980456740667737 1.118450124470442e-14
vertex 110.0900514749882 4.499551277242218 1.0943178675026444e-14
vertex 110.10115260762906 1.6798451898071087 1.1163729091475917e-14
endloop
endfacet
facet normal 2.724428532961587e-21 -3.2779216248435927e-18 -1.0
outer loop
vertex 110.10115260762906 1.6798451898071087 1.1163729091475917e-14
vertex 110.0900514749882 4.499551277242218 1.0943178675026444e-14
vertex 111.74708126068836 5.110023922537802 1.0943178675026444e-14
endloop
endfacet
facet normal 2.724428532961587e-21 -3.2779216248435927e-18 -1.0
outer loop
vertex 110.10115260762906 1.6798451898071087 1.1163729091475917e-14
vertex 111.74708126068836 5.110023922537802 1.0943178675026444e-14
vertex 111.4340386652759 2.0148682295234694 1.1129145288521766e-14
endloop
endfacet
facet normal 2.724428532961587e-21 -3.2779216248435927e-18 -1.0
outer loop
vertex 111.4340386652759 2.0148682295234694 1.1129145288521766e-14
vertex 111.74708126068836 5.110023922537802 1.0943178675026444e-14
vertex 112.75256088714134 2.402585691416108 1.108080445403301e-14
endloop
endfacet
facet normal 2.724428532961587e-21 -3.2779216248435927e-18 -1.0
outer loop
vertex 112.75256088714134 2.402585691416108 1.108080445403301e-14
vertex 111.74708126068836 5.110023922537802 1.0943178675026444e-14
vertex 113.36133041722076 5.826001730842849 1.0943178675026444e-14
endloop
endfacet
facet normal 2.724428532961587e-21 -3.2779216248435927e-18 -1.0
outer loop
vertex 112.75256088714134 2.402585691416108 1.108080445403301e-14
vertex 113.36133041722076 5.826001730842849 1.0943178675026444e-14
vertex 114.05463693142231 2.8423852533979415 1.1018782932677032e-14
endloop
endfacet
facet normal 2.724428532961587e-21 -3.2779216248435927e-18 -1.0
outer loop
vertex 114.05463693142231 2.8423852533979415 1.1018782932677032e-14
vertex 113.36133041722076 5.826001730842849 1.0943178675026444e-14
vertex 114.92608942669104 6.644508788620658 1.0943178675026444e-14
endloop
endfacet
facet normal 2.724428532961587e-21 -3.2779216248435927e-18 -1.0
outer loop
vertex 114.05463693142231 2.8423852533979415 1.1018782932677032e-14
vertex 114.92608942669104 6.644508788620658 1.0943178675026444e-14
vertex 115.33821042975927 3.3335723401345567 1.0943178675026447e-14
endloop
endfacet
facet normal 2.724428532961587e-21 -3.2779216248435927e-18 -1.0
outer loop
vertex 115.33821042975927 3.3335723401345567 1.0943178675026447e-14
vertex 114.92608942669104 6.644508788620658 1.0943178675026444e-14
vertex 116.4348544736681 7.5621430264145015 1.0943178675026444e-14
endloop
endfacet
facet normal 2.724428532961587e-21 -3.2779216248435927e-18 -1.0
outer loop
vertex 115.33821042975927 3.3335723401345567 1.0943178675026447e-14
vertex 116.4348544736681 7.5621430264145015 1.0943178675026444e-14
vertex 118.18076527883302 5.092949884038187 1.0943178675026447e-14
endloop
endfacet
facet normal 2.724428532961587e-21 -3.2779216248435927e-18 -1.0
outer loop
vertex 118.18076527883302 5.092949884038187 1.0943178675026447e-14
vertex 116.4348544736681 7.5621430264145015 1.0943178675026444e-14
vertex 117.88135447785392 8.575090359320601 1.0943178675026444e-14
endloop
endfacet
facet normal 2.724428532961587e-21 -3.2779216248435927e-18 -1.0
outer loop
vertex 118.18076527883302 5.092949884038187 1.0943178675026447e-14
vertex 117.88135447785392 8.575090359320601 1.0943178675026444e-14
vertex 119.25957715940723 9.67914053997475 1.0943178675026444e-14
endloop
endfacet
facet normal 2.724428532961587e-21 -3.2779216248435927e-18 -1.0
outer loop
vertex 118.18076527883302 5.092949884038187 1.0943178675026447e-14
vertex 119.25957715940723 9.67914053997475 1.0943178675026444e-14
vertex 120.90977126723271 7.023766738963236 1.0943178675026447e-14
endloop
endfacet
facet normal 2.724428532961587e-21 -3.2779216248435927e-18 -1.0
outer loop
vertex 120.90977126723271 7.023766738963236 1.0943178675026447e-14
vertex 119.25957715940723 9.67914053997475 1.0943178675026444e-14
vertex 120.56379402858022 10.869704658162265 1.0943178675026444e-14
endloop
endfacet
facet normal 2.724428532961587e-21 -3.2779216248435927e-18 -1.0
outer loop
vertex 120.90977126723271 7.023766738963236 1.0943178675026447e-14
vertex 120.56379402858022 10.869704658162265 1.0943178675026444e-14
vertex 121.78858419579875 12.141834214314345 1.0943178675026444e-14
endloop
endfacet
facet normal 2.724428532961587e-21 -3.2779216248435927e-18 -1.0
outer loop
vertex 120.90977126723271 7.023766738963236 1.0943178675026447e-14
vertex 121.78858419579875 12.141834214314345 1.0943178675026444e-14
vertex 123.51490267012721 9.118717283878029 1.0943178675026447e-14
endloop
endfacet
facet normal 2.724428532961587e-21 -3.2779216248435927e-18 -1.0
outer loop
vertex 123.51490267012721 9.118717283878029 1.0943178675026447e-14
vertex 121.78858419579875 12.141834214314345 1.0943178675026444e-14
vertex 122.92885690322665 13.49024168761246 1.0943178675026444e-14
endloop
endfacet
facet normal 2.724428532961587e-21 -3.2779216248435927e-18 -1.0
outer loop
vertex 123.51490267012721 9.118717283878029 1.0943178675026447e-14
vertex 122.92885690322665 13.49024168761246 1.0943178675026444e-14
vertex 123.97987268415596 14.9093225132134 1.0943178675026444e-14
endloop
endfacet
facet normal 2.724428532961587e-21 -3.2779216248435927e-18 -1.0
outer loop
vertex 123.51490267012721 9.118717283878029 1.0943178675026447e-14
vertex 123.97987268415596 14.9093225132134 1.0943178675026444e-14
vertex 125.98630246626678 11.36987486601786 1.0943178675026444e-14
endloop
endfacet
facet normal 2.724428532961587e-21 -3.2779216248435927e-18 -1.0
outer loop
vertex 125.98630246626678 11.36987486601786 1.0943178675026444e-14
vertex 123.97987268415596 14.9093225132134 1.0943178675026444e-14
vertex 124.93726306228278 16.39317837724504 1.0943178675026444e-14
endloop
endfacet
facet normal 2.724428532961587e-21 -3.2779216248435927e-18 -1.0
outer loop
vertex 125.98630246626678 11.36987486601786 1.0943178675026444e-14
vertex 124.93726306228278 16.39317837724504 1.0943178675026444e-14
vertex 125.79704870898348 17.93564173275088 1.0943178675026444e-14
endloop
endfacet
facet normal 2.724428532961587e-21 -3.2779216248435927e-18 -1.0
outer loop
vertex 125.98630246626678 11.36987486601786 1.0943178675026444e-14
vertex 125.79704870898348 17.93564173275088 1.0943178675026444e-14
vertex 126.15291179675832 18.63588593529392 1.0943178675026444e-14
endloop
endfacet
facet normal 2.724428532961587e-21 -3.2779216248435927e-18 -1.0
outer loop
vertex 125.98630246626678 11.36987486601786 1.0943178675026444e-14
vertex 126.15291179675832 18.63588593529392 1.0943178675026444e-14
vertex 128.31461963394193 13.768721792917153 1.0943178675026444e-14
endloop
endfacet
facet normal 2.724428532961587e-21 -3.2779216248435927e-18 -1.0
outer loop
vertex 128.31461963394193 13.768721792917153 1.0943178675026444e-14
vertex 126.15291179675832 18.63588593529392 1.0943178675026444e-14
vertex 126.50022066933722 19.340412036629807 1.0943178675026444e-14
endloop
endfacet
facet normal 2.724428532961587e-21 -3.2779216248435927e-18 -1.0
outer loop
vertex 128.31461963394193 13.768721792917153 1.0943178675026444e-14
vertex 126.50022066933722 19.340412036629807 1.0943178675026444e-14
vertex 126.83892381459492 20.049115542920195 1.0943178675026444e-14
endloop
endfacet
facet normal 2.724428532961587e-21 -3.2779216248435927e-18 -1.0
outer loop
vertex 128.31461963394193 13.768721792917153 1.0943178675026444e-14
vertex 126.83892381459492 20.049115542920195 1.0943178675026444e-14
vertex 127.16897099678863 20.7618913407428 1.0943178675026444e-14
endloop
endfacet
facet normal 2.724428532961587e-21 -3.2779216248435927e-18 -1.0
outer loop
vertex 128.31461963394193 13.768721792917153 1.0943178675026444e-14
vertex 127.16897099678863 20.7618913407428 1.0943178675026444e-14
vertex 127.49031326401052 21.478633712681567 1.0943178675026444e-14
endloop
endfacet
facet normal 2.724428532961587e-21 -3.2779216248435927e-18 -1.0
outer loop
vertex 128.31461963394193 13.768721792917153 1.0943178675026444e-14
vertex 127.49031326401052 21.478633712681567 1.0943178675026444e-14
vertex 127.80290295544734 22.199236353006306 1.0943178675026444e-14
endloop
endfacet
facet normal 2.724428532961587e-21 -3.2779216248435927e-18 -1.0
outer loop
vertex 128.31461963394193 13.768721792917153 1.0943178675026444e-14
vertex 127.80290295544734 22.199236353006306 1.0943178675026444e-14
vertex 128.1066937084495 22.923592383440255 1.0943178675026444e-14
endloop
endfacet
facet normal 2.724428532961587e-21 -3.2779216248435927e-18 -1.0
outer loop
vertex 128.31461963394193 13.768721792917153 1.0943178675026444e-14
vertex 128.1066937084495 22.923592383440255 1.0943178675026444e-14
vertex 128.40164046540804 23.651594369011352 1.0943178675026444e-14
endloop
endfacet
facet normal 2.724428532961587e-21 -3.2779216248435927e-18 -1.0
outer loop
vertex 128.31461963394193 13.768721792917153 1.0943178675026444e-14
vertex 128.40164046540804 23.651594369011352 1.0943178675026444e-14
vertex 130.4910445323909 16.30618156075524 1.0943178675026444e-14
endloop
endfacet
facet normal 2.724428532961587e-21 -3.2779216248435927e-18 -1.0
outer loop
vertex 130.4910445323909 16.30618156075524 1.0943178675026444e-14
vertex 128.40164046540804 23.651594369011352 1.0943178675026444e-14
vertex 128.6876994804362 24.383134333987062 1.0943178675026444e-14
endloop
endfacet
facet normal 2.724428532961587e-21 -3.2779216248435927e-18 -1.0
outer loop
vertex 130.4910445323909 16.30618156075524 1.0943178675026444e-14
vertex 128.6876994804362 24.383134333987062 1.0943178675026444e-14
vertex 128.9648283258593 25.118103777889527 1.0943178675026444e-14
endloop
endfacet
facet normal 2.724428532961587e-21 -3.2779216248435927e-18 -1.0
outer loop
vertex 130.4910445323909 16.30618156075524 1.0943178675026444e-14
vertex 128.9648283258593 25.118103777889527 1.0943178675026444e-14
vertex 129.23298589850612 25.856393691587233 1.0943178675026444e-14
endloop
endfacet
facet normal 2.724428532961587e-21 -3.2779216248435927e-18 -1.0
outer loop
vertex 130.4910445323909 16.30618156075524 1.0943178675026444e-14
vertex 129.23298589850612 25.856393691587233 1.0943178675026444e-14
vertex 129.49213242580612 26.597894573463922 1.0943178675026444e-14
endloop
endfacet
facet normal 2.724428532961587e-21 -3.2779216248435927e-18 -1.0
outer loop
vertex 130.4910445323909 16.30618156075524 1.0943178675026444e-14
vertex 129.49213242580612 26.597894573463922 1.0943178675026444e-14
vertex 129.7107267572941 27.281431197526373 1.0943178675026444e-14
endloop
endfacet
facet normal 2.724428532961587e-21 -3.2779216248435927e-18 -1.0
outer loop
vertex 130.4910445323909 16.30618156075524 1.0943178675026444e-14
vertex 129.7107267572941 27.281431197526373 1.0943178675026444e-14
vertex 129.9009683866604 27.973395012078342 1.0943178675026444e-14
endloop
endfacet
facet normal 2.724428532961587e-21 -3.2779216248435927e-18 -1.0
outer loop
vertex 130.4910445323909 16.30618156075524 1.0943178675026444e-14
vertex 129.9009683866604 27.973395012078342 1.0943178675026444e-14
vertex 130.06253413090556 28.672610507101105 1.0943178675026444e-14
endloop
endfacet
facet normal 2.724428532961587e-21 -3.2779216248435927e-18 -1.0
outer loop
vertex 130.4910445323909 16.30618156075524 1.0943178675026444e-14
vertex 130.06253413090556 28.672610507101105 1.0943178675026444e-14
vertex 130.19514952170158 29.37788985340101 1.0943178675026444e-14
endloop
endfacet
facet normal 2.724428532961587e-21 -3.2779216248435927e-18 -1.0
outer loop
vertex 130.4910445323909 16.30618156075524 1.0943178675026444e-14
vertex 130.19514952170158 29.37788985340101 1.0943178675026444e-14
vertex 130.29858927166023 30.088034920497766 1.0943178675026444e-14
endloop
endfacet
facet normal 2.724428532961587e-21 -3.2779216248435927e-18 -1.0
outer loop
vertex 130.4910445323909 16.30618156075524 1.0943178675026444e-14
vertex 130.29858927166023 30.088034920497766 1.0943178675026444e-14
vertex 130.37267765705175 30.801839312010802 1.0943178675026444e-14
endloop
endfacet
facet normal 2.724428532961587e-21 -3.2779216248435927e-18 -1.0
outer loop
vertex 130.4910445323909 16.30618156075524 1.0943178675026444e-14
vertex 130.37267765705175 30.801839312010802 1.0943178675026444e-14
vertex 130.41728881632451 31.51809041508966 1.0943178675026444e-14
endloop
endfacet
facet normal 2.724428532961587e-21 -3.2779216248435927e-18 -1.0
outer loop
vertex 130.4910445323909 16.30618156075524 1.0943178675026444e-14
vertex 130.41728881632451 31.51809041508966 1.0943178675026444e-14
vertex 130.43234696391917 32.235571460403236 1.0943178675026444e-14
endloop
endfacet
facet normal -2.724428532961587e-21 3.2779216248435927e-18 1.0
outer loop
vertex 11.845213709350695 16.30618156075524 2.2450000000000108
vertex 11.918969425417053 31.51809041508966 2.2450000000000108
vertex 11.903911277822276 32.235571460403236 2.2450000000000108
endloop
endfacet
facet normal -2.724428532961587e-21 3.2779216248435927e-18 1.0
outer loop
vertex 11.918969425417053 31.51809041508966 2.2450000000000108
vertex 11.845213709350695 16.30618156075524 2.2450000000000108
vertex 11.96358058468986 30.801839312010802 2.2450000000000108
endloop
endfacet
facet normal -2.724428532961587e-21 3.2779216248435927e-18 1.0
outer loop
vertex 11.96358058468986 30.801839312010802 2.2450000000000108
vertex 11.845213709350695 16.30618156075524 2.2450000000000108
vertex 12.037668970081372 30.088034920497766 2.2450000000000108
endloop
endfacet
facet normal -2.724428532961587e-21 3.2779216248435927e-18 1.0
outer loop
vertex 12.037668970081372 30.088034920497766 2.2450000000000108
vertex 11.845213709350695 16.30618156075524 2.2450000000000108
vertex 14.02163860779957 13.768721792917153 2.2450000000000108
endloop
endfacet
facet normal -2.724428532961587e-21 3.2779216248435927e-18 1.0
outer loop
vertex 12.037668970081372 30.088034920497766 2.2450000000000108
vertex 14.02163860779957 13.768721792917153 2.2450000000000108
vertex 12.14110872004008 29.37788985340101 2.2450000000000108
endloop
endfacet
facet normal -2.724428532961587e-21 3.2779216248435927e-18 1.0
outer loop
vertex 12.14110872004008 29.37788985340101 2.2450000000000108
vertex 14.02163860779957 13.768721792917153 2.2450000000000108
vertex 12.27372411083606 28.672610507101105 2.2450000000000108
endloop
endfacet
facet normal -2.724428532961587e-21 3.2779216248435927e-18 1.0
outer loop
vertex 12.27372411083606 28.672610507101105 2.2450000000000108
vertex 14.02163860779957 13.768721792917153 2.2450000000000108
vertex 12.43528985508113 27.973395012078342 2.2450000000000108
endloop
endfacet
facet normal -2.724428532961587e-21 3.2779216248435927e-18 1.0
outer loop
vertex 12.43528985508113 27.973395012078342 2.2450000000000108
vertex 14.02163860779957 13.768721792917153 2.2450000000000108
vertex 12.625531484447508 27.281431197526373 2.2450000000000108
endloop
endfacet
facet normal -2.724428532961587e-21 3.2779216248435927e-18 1.0
outer loop
vertex 12.625531484447508 27.281431197526373 2.2450000000000108
vertex 14.02163860779957 13.768721792917153 2.2450000000000108
vertex 12.844125815935445 26.597894573463922 2.2450000000000108
endloop
endfacet
facet normal -2.724428532961587e-21 3.2779216248435927e-18 1.0
outer loop
vertex 12.844125815935445 26.597894573463922 2.2450000000000108
vertex 14.02163860779957 13.768721792917153 2.2450000000000108
vertex 13.103272343235613 25.856393691587233 2.2450000000000108
endloop
endfacet
facet normal -2.724428532961587e-21 3.2779216248435927e-18 1.0
outer loop
vertex 13.103272343235613 25.856393691587233 2.2450000000000108
vertex 14.02163860779957 13.768721792917153 2.2450000000000108
vertex 13.37142991588239 25.118103777889527 2.2450000000000108
endloop
endfacet
facet normal -2.724428532961587e-21 3.2779216248435927e-18 1.0
outer loop
vertex 13.37142991588239 25.118103777889527 2.2450000000000108
vertex 14.02163860779957 13.768721792917153 2.2450000000000108
vertex 13.648558761305397 24.383134333987062 2.2450000000000108
endloop
endfacet
facet normal -2.724428532961587e-21 3.2779216248435927e-18 1.0
outer loop
vertex 13.648558761305397 24.383134333987062 2.2450000000000108
vertex 14.02163860779957 13.768721792917153 2.2450000000000108
vertex 13.934617776333562 23.651594369011352 2.2450000000000108
endloop
endfacet
facet normal -2.724428532961587e-21 3.2779216248435927e-18 1.0
outer loop
vertex 13.934617776333562 23.651594369011352 2.2450000000000108
vertex 14.02163860779957 13.768721792917153 2.2450000000000108
vertex 14.22956453329198 22.923592383440255 2.2450000000000108
endloop
endfacet
facet normal -2.724428532961587e-21 3.2779216248435927e-18 1.0
outer loop
vertex 14.22956453329198 22.923592383440255 2.2450000000000108
vertex 14.02163860779957 13.768721792917153 2.2450000000000108
vertex 16.349955775474747 11.36987486601786 2.2450000000000108
endloop
endfacet
facet normal -2.724428532961587e-21 3.2779216248435927e-18 1.0
outer loop
vertex 14.22956453329198 22.923592383440255 2.2450000000000108
vertex 16.349955775474747 11.36987486601786 2.2450000000000108
vertex 14.53335528629423 22.199236353006306 2.2450000000000108
endloop
endfacet
facet normal -2.724428532961587e-21 3.2779216248435927e-18 1.0
outer loop
vertex 14.53335528629423 22.199236353006306 2.2450000000000108
vertex 16.349955775474747 11.36987486601786 2.2450000000000108
vertex 14.845944977731092 21.478633712681567 2.2450000000000108
endloop
endfacet
facet normal -2.724428532961587e-21 3.2779216248435927e-18 1.0
outer loop
vertex 14.845944977731092 21.478633712681567 2.2450000000000108
vertex 16.349955775474747 11.36987486601786 2.2450000000000108
vertex 15.167287244952936 20.7618913407428 2.2450000000000108
endloop
endfacet
facet normal -2.724428532961587e-21 3.2779216248435927e-18 1.0
outer loop
vertex 15.167287244952936 20.7618913407428 2.2450000000000108
vertex 16.349955775474747 11.36987486601786 2.2450000000000108
vertex 15.497334427146699 20.049115542920195 2.2450000000000108
endloop
endfacet
facet normal -2.724428532961587e-21 3.2779216248435927e-18 1.0
outer loop
vertex 15.497334427146699 20.049115542920195 2.2450000000000108
vertex 16.349955775474747 11.36987486601786 2.2450000000000108
vertex 15.836037572404228 19.340412036629807 2.2450000000000108
endloop
endfacet
facet normal -2.724428532961587e-21 3.2779216248435927e-18 1.0
outer loop
vertex 15.836037572404228 19.340412036629807 2.2450000000000108
vertex 16.349955775474747 11.36987486601786 2.2450000000000108
vertex 16.183346444983343 18.63588593529392 2.2450000000000108
endloop
endfacet
facet normal -2.724428532961587e-21 3.2779216248435927e-18 1.0
outer loop
vertex 16.183346444983343 18.63588593529392 2.2450000000000108
vertex 16.349955775474747 11.36987486601786 2.2450000000000108
vertex 16.53920953275808 17.93564173275088 2.2450000000000108
endloop
endfacet
facet normal -2.724428532961587e-21 3.2779216248435927e-18 1.0
outer loop
vertex 16.53920953275808 17.93564173275088 2.2450000000000108
vertex 16.349955775474747 11.36987486601786 2.2450000000000108
vertex 18.821355571614408 9.118717283878029 2.2450000000000108
endloop
endfacet
facet normal -2.724428532961587e-21 3.2779216248435927e-18 1.0
outer loop
vertex 16.53920953275808 17.93564173275088 2.2450000000000108
vertex 18.821355571614408 9.118717283878029 2.2450000000000108
vertex 17.398995179458797 16.39317837724504 2.2450000000000108
endloop
endfacet
facet normal -2.724428532961587e-21 3.2779216248435927e-18 1.0
outer loop
vertex 17.398995179458797 16.39317837724504 2.2450000000000108
vertex 18.821355571614408 9.118717283878029 2.2450000000000108
vertex 18.356385557585593 14.9093225132134 2.2450000000000108
endloop
endfacet
facet normal -2.724428532961587e-21 3.2779216248435927e-18 1.0
outer loop
vertex 18.356385557585593 14.9093225132134 2.2450000000000108
vertex 18.821355571614408 9.118717283878029 2.2450000000000108
vertex 19.40740133851497 13.49024168761246 2.2450000000000108
endloop
endfacet
facet normal -2.724428532961587e-21 3.2779216248435927e-18 1.0
outer loop
vertex 19.40740133851497 13.49024168761246 2.2450000000000108
vertex 18.821355571614408 9.118717283878029 2.2450000000000108
vertex 21.426486974508745 7.023766738963236 2.2450000000000108
endloop
endfacet
facet normal -2.724428532961587e-21 3.2779216248435927e-18 1.0
outer loop
vertex 19.40740133851497 13.49024168761246 2.2450000000000108
vertex 21.426486974508745 7.023766738963236 2.2450000000000108
vertex 20.547674045942774 12.141834214314345 2.2450000000000108
endloop
endfacet
facet normal -2.724428532961587e-21 3.2779216248435927e-18 1.0
outer loop
vertex 20.547674045942774 12.141834214314345 2.2450000000000108
vertex 21.426486974508745 7.023766738963236 2.2450000000000108
vertex 21.7724642131614 10.869704658162265 2.2450000000000108
endloop
endfacet
facet normal -2.724428532961587e-21 3.2779216248435927e-18 1.0
outer loop
vertex 21.7724642131614 10.869704658162265 2.2450000000000108
vertex 21.426486974508745 7.023766738963236 2.2450000000000108
vertex 24.155492962908646 5.092949884038187 2.2450000000000108
endloop
endfacet
facet normal -2.724428532961587e-21 3.2779216248435927e-18 1.0
outer loop
vertex 21.7724642131614 10.869704658162265 2.2450000000000108
vertex 24.155492962908646 5.092949884038187 2.2450000000000108
vertex 23.076681082334275 9.67914053997475 2.2450000000000108
endloop
endfacet
facet normal -2.724428532961587e-21 3.2779216248435927e-18 1.0
outer loop
vertex 23.076681082334275 9.67914053997475 2.2450000000000108
vertex 24.155492962908646 5.092949884038187 2.2450000000000108
vertex 24.454903763887792 8.575090359320601 2.2450000000000108
endloop
endfacet
facet normal -2.724428532961587e-21 3.2779216248435927e-18 1.0
outer loop
vertex 24.454903763887792 8.575090359320601 2.2450000000000108
vertex 24.155492962908646 5.092949884038187 2.2450000000000108
vertex 26.998047811982307 3.3335723401345567 2.2450000000000108
endloop
endfacet
facet normal -2.724428532961587e-21 3.2779216248435927e-18 1.0
outer loop
vertex 24.454903763887792 8.575090359320601 2.2450000000000108
vertex 26.998047811982307 3.3335723401345567 2.2450000000000108
vertex 25.901403768073557 7.5621430264145015 2.2450000000000108
endloop
endfacet
facet normal -2.724428532961587e-21 3.2779216248435927e-18 1.0
outer loop
vertex 25.901403768073557 7.5621430264145015 2.2450000000000108
vertex 26.998047811982307 3.3335723401345567 2.2450000000000108
vertex 27.410168815050522 6.644508788620658 2.2450000000000108
endloop
endfacet
facet normal -2.724428532961587e-21 3.2779216248435927e-18 1.0
outer loop
vertex 27.410168815050522 6.644508788620658 2.2450000000000108
vertex 26.998047811982307 3.3335723401345567 2.2450000000000108
vertex 28.281621310319306 2.8423852533979415 2.2450000000000108
endloop
endfacet
facet normal -2.724428532961587e-21 3.2779216248435927e-18 1.0
outer loop
vertex 27.410168815050522 6.644508788620658 2.2450000000000108
vertex 28.281621310319306 2.8423852533979415 2.2450000000000108
vertex 28.974927824520968 5.826001730842849 2.2450000000000108
endloop
endfacet
facet normal -2.724428532961587e-21 3.2779216248435927e-18 1.0
outer loop
vertex 28.974927824520968 5.826001730842849 2.2450000000000108
vertex 28.281621310319306 2.8423852533979415 2.2450000000000108
vertex 29.58369735460028 2.402585691416108 2.2450000000000108
endloop
endfacet
facet normal -2.724428532961587e-21 3.2779216248435927e-18 1.0
outer loop
vertex 28.974927824520968 5.826001730842849 2.2450000000000108
vertex 29.58369735460028 2.402585691416108 2.2450000000000108
vertex 30.589176981053367 5.110023922537802 2.2450000000000108
endloop
endfacet
facet normal -2.724428532961587e-21 3.2779216248435927e-18 1.0
outer loop
vertex 30.589176981053367 5.110023922537802 2.2450000000000108
vertex 29.58369735460028 2.402585691416108 2.2450000000000108
vertex 30.902219576465814 2.0148682295234694 2.2450000000000108
endloop
endfacet
facet normal -2.724428532961587e-21 3.2779216248435927e-18 1.0
outer loop
vertex 30.589176981053367 5.110023922537802 2.2450000000000108
vertex 30.902219576465814 2.0148682295234694 2.2450000000000108
vertex 32.24620676675331 4.499551277242218 2.2450000000000108
endloop
endfacet
facet normal -2.724428532961587e-21 3.2779216248435927e-18 1.0
outer loop
vertex 32.24620676675331 4.499551277242218 2.2450000000000108
vertex 30.902219576465814 2.0148682295234694 2.2450000000000108
vertex 32.23510563411256 1.6798451898071087 2.2450000000000108
endloop
endfacet
facet normal -2.724428532961587e-21 3.2779216248435927e-18 1.0
outer loop
vertex 32.24620676675331 4.499551277242218 2.2450000000000108
vertex 32.23510563411256 1.6798451898071087 2.2450000000000108
vertex 33.58025050093484 1.3980456740667737 2.2450000000000108
endloop
endfacet
facet normal -2.724428532961587e-21 3.2779216248435927e-18 1.0
outer loop
vertex 32.24620676675331 4.499551277242218 2.2450000000000108
vertex 33.58025050093484 1.3980456740667737 2.2450000000000108
vertex 34.297708011439795 3.931714386733307 2.2450000000000108
endloop
endfacet
facet normal -2.724428532961587e-21 3.2779216248435927e-18 1.0
outer loop
vertex 34.297708011439795 3.931714386733307 2.2450000000000108
vertex 33.58025050093484 1.3980456740667737 2.2450000000000108
vertex 34.935529789992955 1.1699147282048283 2.2450000000000108
endloop
endfacet
facet normal -2.724428532961587e-21 3.2779216248435927e-18 1.0
outer loop
vertex 34.297708011439795 3.931714386733307 2.2450000000000108
vertex 34.935529789992955 1.1699147282048283 2.2450000000000108
vertex 36.39616073434381 3.5745137975542045 2.2450000000000108
endloop
endfacet
facet normal -2.724428532961587e-21 3.2779216248435927e-18 1.0
outer loop
vertex 36.39616073434381 3.5745137975542045 2.2450000000000108
vertex 34.935529789992955 1.1699147282048283 2.2450000000000108
vertex 36.29880310905681 0.9958126393649542 2.2450000000000108
endloop
endfacet
facet normal -2.724428532961587e-21 3.2779216248435927e-18 1.0
outer loop
vertex 36.39616073434381 3.5745137975542045 2.2450000000000108
vertex 36.29880310905681 0.9958126393649542 2.2450000000000108
vertex 37.667917440926686 0.8760143669308325 2.2450000000000108
endloop
endfacet
facet normal -2.724428532961587e-21 3.2779216248435927e-18 1.0
outer loop
vertex 36.39616073434381 3.5745137975542045 2.2450000000000108
vertex 37.667917440926686 0.8760143669308325 2.2450000000000108
vertex 38.51999634966068 3.4316209345949624 2.2450000000000108
endloop
endfacet
facet normal -2.724428532961587e-21 3.2779216248435927e-18 1.0
outer loop
vertex 38.51999634966068 3.4316209345949624 2.2450000000000108
vertex 37.667917440926686 0.8760143669308325 2.2450000000000108
vertex 39.04071054369304 0.8107091082831737 2.2450000000000108
endloop
endfacet
facet normal -2.724428532961587e-21 3.2779216248435927e-18 1.0
outer loop
vertex 38.51999634966068 3.4316209345949624 2.2450000000000108
vertex 39.04071054369304 0.8107091082831737 2.2450000000000108
vertex 40.64738537788685 3.504504497598742 2.2450000000000108
endloop
endfacet
facet normal -2.724428532961587e-21 3.2779216248435927e-18 1.0
outer loop
vertex 40.64738537788685 3.504504497598742 2.2450000000000108
vertex 39.04071054369304 0.8107091082831737 2.2450000000000108
vertex 40.41501436556413 0.7999999999999993 2.2450000000000108
endloop
endfacet
facet normal -2.724428532961587e-21 3.2779216248435927e-18 1.0
outer loop
vertex 40.64738537788685 3.504504497598742 2.2450000000000108
vertex 40.41501436556413 0.7999999999999993 2.2450000000000108
vertex 41.78865846887021 0.8439039549732689 2.2450000000000108
endloop
endfacet
facet normal -2.724428532961587e-21 3.2779216248435927e-18 1.0
outer loop
vertex 40.64738537788685 3.504504497598742 2.2450000000000108
vertex 41.78865846887021 0.8439039549732689 2.2450000000000108
vertex 42.75646181637454 3.7924153653846235 2.2450000000000108
endloop
endfacet
facet normal -2.724428532961587e-21 3.2779216248435927e-18 1.0
outer loop
vertex 42.75646181637454 3.7924153653846235 2.2450000000000108
vertex 41.78865846887021 0.8439039549732689 2.2450000000000108
vertex 43.15947345783466 0.9423516356983122 2.2450000000000108
endloop
endfacet
facet normal -2.724428532961587e-21 3.2779216248435927e-18 1.0
outer loop
vertex 42.75646181637454 3.7924153653846235 2.2450000000000108
vertex 43.15947345783466 0.9423516356983122 2.2450000000000108
vertex 44.82554788528364 4.292394295560058 2.2450000000000108
endloop
endfacet
facet normal -2.724428532961587e-21 3.2779216248435927e-18 1.0
outer loop
vertex 44.82554788528364 4.292394295560058 2.2450000000000108
vertex 43.15947345783466 0.9423516356983122 2.2450000000000108
vertex 43.74132193004908 1.007238379994053 2.2450000000000108
endloop
endfacet
facet normal -2.724428532961587e-21 3.2779216248435927e-18 1.0
outer loop
vertex 44.82554788528364 4.292394295560058 2.2450000000000108
vertex 43.74132193004908 1.007238379994053 2.2450000000000108
vertex 44.320199055034905 1.0947552833426826 2.2450000000000108
endloop
endfacet
facet normal -2.724428532961587e-21 3.2779216248435927e-18 1.0
outer loop
vertex 44.82554788528364 4.292394295560058 2.2450000000000108
vertex 44.320199055034905 1.0947552833426826 2.2450000000000108
vertex 44.89522500552452 1.2047693300235731 2.2450000000000103
endloop
endfacet
facet normal -2.724428532961587e-21 3.2779216248435927e-18 1.0
outer loop
vertex 44.82554788528364 4.292394295560058 2.2450000000000108
vertex 44.89522500552452 1.2047693300235731 2.2450000000000103
vertex 46.83337683891747 4.999302340586249 2.2450000000000108
endloop
endfacet
facet normal -2.724428532961587e-21 3.2779216248435927e-18 1.0
outer loop
vertex 46.83337683891747 4.999302340586249 2.2450000000000108
vertex 44.89522500552452 1.2047693300235731 2.2450000000000103
vertex 45.46552580759674 1.337113311221785 2.2450000000000103
endloop
endfacet
facet normal -2.724428532961587e-21 3.2779216248435927e-18 1.0
outer loop
vertex 46.83337683891747 4.999302340586249 2.2450000000000108
vertex 45.46552580759674 1.337113311221785 2.2450000000000103
vertex 46.03023466901745 1.491586079166372 2.2450000000000103
endloop
endfacet
facet normal -2.724428532961587e-21 3.2779216248435927e-18 1.0
outer loop
vertex 46.83337683891747 4.999302340586249 2.2450000000000108
vertex 46.03023466901745 1.491586079166372 2.2450000000000103
vertex 46.58849329666536 1.6679528528521064 2.2450000000000103
endloop
endfacet
facet normal -2.724428532961587e-21 3.2779216248435927e-18 1.0
outer loop
vertex 46.83337683891747 4.999302340586249 2.2450000000000108
vertex 46.58849329666536 1.6679528528521064 2.2450000000000103
vertex 47.13945320103928 1.8659455748796567 2.2450000000000103
endloop
endfacet
facet normal -2.724428532961587e-21 3.2779216248435927e-18 1.0
outer loop
vertex 46.83337683891747 4.999302340586249 2.2450000000000108
vertex 47.13945320103928 1.8659455748796567 2.2450000000000103
vertex 48.75931155231502 5.905873667566965 2.2450000000000108
endloop
endfacet
facet normal -2.724428532961587e-21 3.2779216248435927e-18 1.0
outer loop
vertex 48.75931155231502 5.905873667566965 2.2450000000000108
vertex 47.13945320103928 1.8659455748796567 2.2450000000000103
vertex 47.68227698586583 2.0852633188725846 2.2450000000000103
endloop
endfacet
facet normal -2.724428532961587e-21 3.2779216248435927e-18 1.0
outer loop
vertex 48.75931155231502 5.905873667566965 2.2450000000000108
vertex 47.68227698586583 2.0852633188725846 2.2450000000000103
vertex 48.21613962084625 2.325572746851104 2.2450000000000103
endloop
endfacet
facet normal -2.724428532961587e-21 3.2779216248435927e-18 1.0
outer loop
vertex 48.75931155231502 5.905873667566965 2.2450000000000108
vertex 48.21613962084625 2.325572746851104 2.2450000000000103
vertex 48.74022969560837 2.586508615867669 2.2450000000000108
endloop
endfacet
facet normal -2.724428532961587e-21 3.2779216248435927e-18 1.0
outer loop
vertex 48.75931155231502 5.905873667566965 2.2450000000000108
vertex 48.74022969560837 2.586508615867669 2.2450000000000108
vertex 49.253750652958026 2.8676743331346146 2.2450000000000108
endloop
endfacet
facet normal -2.724428532961587e-21 3.2779216248435927e-18 1.0
outer loop
vertex 48.75931155231502 5.905873667566965 2.2450000000000108
vertex 49.253750652958026 2.8676743331346146 2.2450000000000108
vertex 50.58355663639421 7.00279023886392 2.2450000000000108
endloop
endfacet
facet normal -2.724428532961587e-21 3.2779216248435927e-18 1.0
outer loop
vertex 50.58355663639421 7.00279023886392 2.2450000000000108
vertex 49.253750652958026 2.8676743331346146 2.2450000000000108
vertex 49.75592199955523 3.1686425588003737 2.2450000000000108
endloop
endfacet
facet normal -2.724428532961587e-21 3.2779216248435927e-18 1.0
outer loop
vertex 50.58355663639421 7.00279023886392 2.2450000000000108
vertex 49.75592199955523 3.1686425588003737 2.2450000000000108
vertex 50.49971682569046 3.6502008190043815 2.2450000000000108
endloop
endfacet
facet normal -2.724428532961587e-21 3.2779216248435927e-18 1.0
outer loop
vertex 50.58355663639421 7.00279023886392 2.2450000000000108
vertex 50.49971682569046 3.6502008190043815 2.2450000000000108
vertex 51.22858540666492 4.15406557568476 2.2450000000000108
endloop
endfacet
facet normal -2.724428532961587e-21 3.2779216248435927e-18 1.0
outer loop
vertex 50.58355663639421 7.00279023886392 2.2450000000000108
vertex 51.22858540666492 4.15406557568476 2.2450000000000108
vertex 52.287361901458155 8.278777585946061 2.2450000000000108
endloop
endfacet
facet normal -2.724428532961587e-21 3.2779216248435927e-18 1.0
outer loop
vertex 52.287361901458155 8.278777585946061 2.2450000000000108
vertex 51.22858540666492 4.15406557568476 2.2450000000000108
vertex 51.94185899011806 4.679774522255283 2.2450000000000108
endloop
endfacet
facet normal -2.724428532961587e-21 3.2779216248435927e-18 1.0
outer loop
vertex 52.287361901458155 8.278777585946061 2.2450000000000108
vertex 51.94185899011806 4.679774522255283 2.2450000000000108
vertex 52.63888313242975 5.22684530962281 2.2450000000000108
endloop
endfacet
facet normal -2.724428532961587e-21 3.2779216248435927e-18 1.0
outer loop
vertex 52.287361901458155 8.278777585946061 2.2450000000000108
vertex 52.63888313242975 5.22684530962281 2.2450000000000108
vertex 53.85321507779826 9.720720692077071 2.2450000000000108
endloop
endfacet
facet normal -2.724428532961587e-21 3.2779216248435927e-18 1.0
outer loop
vertex 53.85321507779826 9.720720692077071 2.2450000000000108
vertex 52.63888313242975 5.22684530962281 2.2450000000000108
vertex 53.31901829918641 5.79477598875288 2.2450000000000108
endloop
endfacet
facet normal -2.724428532961587e-21 3.2779216248435927e-18 1.0
outer loop
vertex 53.85321507779826 9.720720692077071 2.2450000000000108
vertex 53.31901829918641 5.79477598875288 2.2450000000000108
vertex 53.981640451967166 6.383045471218665 2.2450000000000108
endloop
endfacet
facet normal -2.724428532961587e-21 3.2779216248435927e-18 1.0
outer loop
vertex 53.85321507779826 9.720720692077071 2.2450000000000108
vertex 53.981640451967166 6.383045471218665 2.2450000000000108
vertex 55.26502181255039 11.313798792761915 2.2450000000000108
endloop
endfacet
facet normal -2.724428532961587e-21 3.2779216248435927e-18 1.0
outer loop
vertex 55.26502181255039 11.313798792761915 2.2450000000000108
vertex 53.981640451967166 6.383045471218665 2.2450000000000108
vertex 54.6261416209124 6.991114007310232 2.2450000000000108
endloop
endfacet
facet normal -2.724428532961587e-21 3.2779216248435927e-18 1.0
outer loop
vertex 55.26502181255039 11.313798792761915 2.2450000000000108
vertex 54.6261416209124 6.991114007310232 2.2450000000000108
vertex 55.25193046254898 7.618423681266807 2.2450000000000108
endloop
endfacet
facet normal -2.724428532961587e-21 3.2779216248435927e-18 1.0
outer loop
vertex 55.26502181255039 11.313798792761915 2.2450000000000108
vertex 55.25193046254898 7.618423681266807 2.2450000000000108
vertex 55.85843280236034 8.264398923175921 2.2450000000000108
endloop
endfacet
facet normal -2.724428532961587e-21 3.2779216248435927e-18 1.0
outer loop
vertex 55.26502181255039 11.313798792761915 2.2450000000000108
vertex 55.85843280236034 8.264398923175921 2.2450000000000108
vertex 56.17973999458563 12.518666564771866 2.2450000000000108
endloop
endfacet
facet normal -2.724428532961587e-21 3.2779216248435927e-18 1.0
outer loop
vertex 56.17973999458563 12.518666564771866 2.2450000000000108
vertex 55.85843280236034 8.264398923175921 2.2450000000000108
vertex 56.445092161603995 8.928447037071424 2.2450000000000108
endloop
endfacet
facet normal -2.724428532961587e-21 3.2779216248435927e-18 1.0
outer loop
vertex 56.17973999458563 12.518666564771866 2.2450000000000108
vertex 56.445092161603995 8.928447037071424 2.2450000000000108
vertex 57.03289970169213 13.767880003198012 2.2450000000000108
endloop
endfacet
facet normal -2.724428532961587e-21 3.2779216248435927e-18 1.0
outer loop
vertex 57.03289970169213 13.767880003198012 2.2450000000000108
vertex 56.445092161603995 8.928447037071424 2.2450000000000108
vertex 57.01137026789227 9.609958744744151 2.2450000000000108
endloop
endfacet
facet normal -2.724428532961587e-21 3.2779216248435927e-18 1.0
outer loop
vertex 57.03289970169213 13.767880003198012 2.2450000000000108
vertex 57.01137026789227 9.609958744744151 2.2450000000000108
vertex 57.55674754906872 10.30830874476768 2.2450000000000108
endloop
endfacet
facet normal -2.724428532961587e-21 3.2779216248435927e-18 1.0
outer loop
vertex 57.03289970169213 13.767880003198012 2.2450000000000108
vertex 57.55674754906872 10.30830874476768 2.2450000000000108
vertex 57.822355006627234 15.058296998623941 2.2450000000000108
endloop
endfacet
facet normal -2.724428532961587e-21 3.2779216248435927e-18 1.0
outer loop
vertex 57.822355006627234 15.058296998623941 2.2450000000000108
vertex 57.55674754906872 10.30830874476768 2.2450000000000108
vertex 58.478288781107416 11.556375232630206 2.2450000000000108
endloop
endfacet
facet normal -2.724428532961587e-21 3.2779216248435927e-18 1.0
outer loop
vertex 57.822355006627234 15.058296998623941 2.2450000000000108
vertex 58.478288781107416 11.556375232630206 2.2450000000000108
vertex 58.5461202159371 16.386671803551735 2.2450000000000108
endloop
endfacet
facet normal -2.724428532961587e-21 3.2779216248435927e-18 1.0
outer loop
vertex 58.5461202159371 16.386671803551735 2.2450000000000108
vertex 58.478288781107416 11.556375232630206 2.2450000000000108
vertex 59.36998981055603 12.82593321655724 2.2450000000000108
endloop
endfacet
facet normal -2.724428532961587e-21 3.2779216248435927e-18 1.0
outer loop
vertex 58.5461202159371 16.386671803551735 2.2450000000000108
vertex 59.36998981055603 12.82593321655724 2.2450000000000108
vertex 59.2023748645119 17.74966319633388 2.2450000000000108
endloop
endfacet
facet normal -2.724428532961587e-21 3.2779216248435927e-18 1.0
outer loop
vertex 59.2023748645119 17.74966319633388 2.2450000000000108
vertex 59.36998981055603 12.82593321655724 2.2450000000000108
vertex 59.78946829454781 19.143842885248763 2.2450000000000108
endloop
endfacet
facet normal -2.724428532961587e-21 3.2779216248435927e-18 1.0
outer loop
vertex 59.78946829454781 19.143842885248763 2.2450000000000108
vertex 59.36998981055603 12.82593321655724 2.2450000000000108
vertex 60.23134963492401 14.116269395015266 2.2450000000000108
endloop
endfacet
facet normal -2.724428532961587e-21 3.2779216248435927e-18 1.0
outer loop
vertex 59.78946829454781 19.143842885248763 2.2450000000000108
vertex 60.23134963492401 14.116269395015266 2.2450000000000108
vertex 60.305923807397605 20.565704131581004 2.2450000000000108
endloop
endfacet
facet normal -2.724428532961587e-21 3.2779216248435927e-18 1.0
outer loop
vertex 60.305923807397605 20.565704131581004 2.2450000000000108
vertex 60.23134963492401 14.116269395015266 2.2450000000000108
vertex 61.06188429893589 15.426658792235648 2.2450000000000108
endloop
endfacet
facet normal -2.724428532961587e-21 3.2779216248435927e-18 1.0
outer loop
vertex 60.305923807397605 20.565704131581004 2.2450000000000108
vertex 61.06188429893589 15.426658792235648 2.2450000000000108
vertex 60.75044237786659 22.011670570016665 2.2450000000000108
endloop
endfacet
facet normal -2.724428532961587e-21 3.2779216248435927e-18 1.0
outer loop
vertex 60.75044237786659 22.011670570016665 2.2450000000000108
vertex 61.06188429893589 15.426658792235648 2.2450000000000108
vertex 61.12190592161232 23.478105204169236 2.2450000000000108
endloop
endfacet
facet normal -2.724428532961587e-21 3.2779216248435927e-18 1.0
outer loop
vertex 61.12190592161232 23.478105204169236 2.2450000000000108
vertex 61.06188429893589 15.426658792235648 2.2450000000000108
vertex 61.861127166441776 16.756365165542853 2.2450000000000108
endloop
endfacet
facet normal -2.724428532961587e-21 3.2779216248435927e-18 1.0
outer loop
vertex 61.12190592161232 23.478105204169236 2.2450000000000108
vertex 61.861127166441776 16.756365165542853 2.2450000000000108
vertex 61.41938010742866 24.961319554607915 2.2450000000000108
endloop
endfacet
facet normal -2.724428532961587e-21 3.2779216248435927e-18 1.0
outer loop
vertex 61.41938010742866 24.961319554607915 2.2450000000000108
vertex 61.861127166441776 16.756365165542853 2.2450000000000108
vertex 61.642116707341465 26.457582936380547 2.2450000000000108
endloop
endfacet
facet normal -2.724428532961587e-21 3.2779216248435927e-18 1.0
outer loop
vertex 61.642116707341465 26.457582936380547 2.2450000000000108
vertex 61.861127166441776 16.756365165542853 2.2450000000000108
vertex 61.78955547860406 27.96313184269439 2.2450000000000108
endloop
endfacet
facet normal -2.724428532961587e-21 3.2779216248435927e-18 1.0
outer loop
vertex 61.78955547860406 27.96313184269439 2.2450000000000108
vertex 61.861127166441776 16.756365165542853 2.2450000000000108
vertex 61.8106652289064 28.88225084800281 2.2450000000000108
endloop
endfacet
facet normal -2.724428532961587e-21 3.2779216248435927e-18 1.0
outer loop
vertex 80.4751310753 16.756365165542853 2.2450000000000108
vertex 80.54670276313756 27.96313184269439 2.2450000000000108
vertex 80.52559301283539 28.88225084800281 2.2450000000000108
endloop
endfacet
facet normal -2.724428532961587e-21 3.2779216248435927e-18 1.0
outer loop
vertex 80.54670276313756 27.96313184269439 2.2450000000000108
vertex 80.4751310753 16.756365165542853 2.2450000000000108
vertex 81.27437394280584 15.426658792235648 2.2450000000000108
endloop
endfacet
facet normal -2.724428532961587e-21 3.2779216248435927e-18 1.0
outer loop
vertex 80.54670276313756 27.96313184269439 2.2450000000000108
vertex 81.27437394280584 15.426658792235648 2.2450000000000108
vertex 80.69414153440032 26.457582936380547 2.2450000000000108
endloop
endfacet
facet normal -2.724428532961587e-21 3.2779216248435927e-18 1.0
outer loop
vertex 80.69414153440032 26.457582936380547 2.2450000000000108
vertex 81.27437394280584 15.426658792235648 2.2450000000000108
vertex 80.91687813431301 24.961319554607915 2.2450000000000108
endloop
endfacet
facet normal -2.724428532961587e-21 3.2779216248435927e-18 1.0
outer loop
vertex 80.91687813431301 24.961319554607915 2.2450000000000108
vertex 81.27437394280584 15.426658792235648 2.2450000000000108
vertex 81.21435232012931 23.478105204169236 2.2450000000000108
endloop
endfacet
facet normal -2.724428532961587e-21 3.2779216248435927e-18 1.0
outer loop
vertex 81.21435232012931 23.478105204169236 2.2450000000000108
vertex 81.27437394280584 15.426658792235648 2.2450000000000108
vertex 81.58581586387508 22.011670570016665 2.2450000000000108
endloop
endfacet
facet normal -2.724428532961587e-21 3.2779216248435927e-18 1.0
outer loop
vertex 81.58581586387508 22.011670570016665 2.2450000000000108
vertex 81.27437394280584 15.426658792235648 2.2450000000000108
vertex 82.10490860681762 14.116269395015266 2.2450000000000108
endloop
endfacet
facet normal -2.724428532961587e-21 3.2779216248435927e-18 1.0
outer loop
vertex 81.58581586387508 22.011670570016665 2.2450000000000108
vertex 82.10490860681762 14.116269395015266 2.2450000000000108
vertex 82.03033443434401 20.565704131581004 2.2450000000000108
endloop
endfacet
facet normal -2.724428532961587e-21 3.2779216248435927e-18 1.0
outer loop
vertex 82.03033443434401 20.565704131581004 2.2450000000000108
vertex 82.10490860681762 14.116269395015266 2.2450000000000108
vertex 82.5467899471938 19.143842885248763 2.2450000000000108
endloop
endfacet
facet normal -2.724428532961587e-21 3.2779216248435927e-18 1.0
outer loop
vertex 82.5467899471938 19.143842885248763 2.2450000000000108
vertex 82.10490860681762 14.116269395015266 2.2450000000000108
vertex 82.9662684311856 12.82593321655724 2.2450000000000108
endloop
endfacet
facet normal -2.724428532961587e-21 3.2779216248435927e-18 1.0
outer loop
vertex 82.5467899471938 19.143842885248763 2.2450000000000108
vertex 82.9662684311856 12.82593321655724 2.2450000000000108
vertex 83.13388337722976 17.74966319633388 2.2450000000000108
endloop
endfacet
facet normal -2.724428532961587e-21 3.2779216248435927e-18 1.0
outer loop
vertex 83.13388337722976 17.74966319633388 2.2450000000000108
vertex 82.9662684311856 12.82593321655724 2.2450000000000108
vertex 83.85796946063431 11.556375232630206 2.2450000000000108
endloop
endfacet
facet normal -2.724428532961587e-21 3.2779216248435927e-18 1.0
outer loop
vertex 83.13388337722976 17.74966319633388 2.2450000000000108
vertex 83.85796946063431 11.556375232630206 2.2450000000000108
vertex 83.79013802580452 16.386671803551735 2.2450000000000108
endloop
endfacet
facet normal -2.724428532961587e-21 3.2779216248435927e-18 1.0
outer loop
vertex 83.79013802580452 16.386671803551735 2.2450000000000108
vertex 83.85796946063431 11.556375232630206 2.2450000000000108
vertex 84.5139032351144 15.058296998623941 2.2450000000000108
endloop
endfacet
facet normal -2.724428532961587e-21 3.2779216248435927e-18 1.0
outer loop
vertex 84.5139032351144 15.058296998623941 2.2450000000000108
vertex 83.85796946063431 11.556375232630206 2.2450000000000108
vertex 84.7795106926728 10.30830874476768 2.2450000000000108
endloop
endfacet
facet normal -2.724428532961587e-21 3.2779216248435927e-18 1.0
outer loop
vertex 84.5139032351144 15.058296998623941 2.2450000000000108
vertex 84.7795106926728 10.30830874476768 2.2450000000000108
vertex 85.30335854004954 13.767880003198012 2.2450000000000108
endloop
endfacet
facet normal -2.724428532961587e-21 3.2779216248435927e-18 1.0
outer loop
vertex 85.30335854004954 13.767880003198012 2.2450000000000108
vertex 84.7795106926728 10.30830874476768 2.2450000000000108
vertex 85.32488797384936 9.609958744744151 2.2450000000000108
endloop
endfacet
facet normal -2.724428532961587e-21 3.2779216248435927e-18 1.0
outer loop
vertex 85.30335854004954 13.767880003198012 2.2450000000000108
vertex 85.32488797384936 9.609958744744151 2.2450000000000108
vertex 86.15651824715604 12.518666564771971 2.2450000000000108
endloop
endfacet
facet normal -2.724428532961587e-21 3.2779216248435927e-18 1.0
outer loop
vertex 86.15651824715604 12.518666564771971 2.2450000000000108
vertex 85.32488797384936 9.609958744744151 2.2450000000000108
vertex 85.89116608013762 8.928447037071424 2.2450000000000108
endloop
endfacet
facet normal -2.724428532961587e-21 3.2779216248435927e-18 1.0
outer loop
vertex 86.15651824715604 12.518666564771971 2.2450000000000108
vertex 85.89116608013762 8.928447037071424 2.2450000000000108
vertex 86.47782543938116 8.264398923175921 2.2450000000000108
endloop
endfacet
facet normal -2.724428532961587e-21 3.2779216248435927e-18 1.0
outer loop
vertex 86.15651824715604 12.518666564771971 2.2450000000000108
vertex 86.47782543938116 8.264398923175921 2.2450000000000108
vertex 87.07123642919127 11.313798792761915 2.2450000000000108
endloop
endfacet
facet normal -2.724428532961587e-21 3.2779216248435927e-18 1.0
outer loop
vertex 87.07123642919127 11.313798792761915 2.2450000000000108
vertex 86.47782543938116 8.264398923175921 2.2450000000000108
vertex 87.08432777919263 7.618423681266807 2.2450000000000108
endloop
endfacet
facet normal -2.724428532961587e-21 3.2779216248435927e-18 1.0
outer loop
vertex 87.07123642919127 11.313798792761915 2.2450000000000108
vertex 87.08432777919263 7.618423681266807 2.2450000000000108
vertex 88.48304316394325 9.720720692077071 2.2450000000000108
endloop
endfacet
facet normal -2.724428532961587e-21 3.2779216248435927e-18 1.0
outer loop
vertex 88.48304316394325 9.720720692077071 2.2450000000000108
vertex 87.08432777919263 7.618423681266807 2.2450000000000108
vertex 87.71011662082921 6.991114007310232 2.2450000000000108
endloop
endfacet
facet normal -2.724428532961587e-21 3.2779216248435927e-18 1.0
outer loop
vertex 88.48304316394325 9.720720692077071 2.2450000000000108
vertex 87.71011662082921 6.991114007310232 2.2450000000000108
vertex 88.35461778977434 6.383045471218665 2.2450000000000108
endloop
endfacet
facet normal -2.724428532961587e-21 3.2779216248435927e-18 1.0
outer loop
vertex 88.48304316394325 9.720720692077071 2.2450000000000108
vertex 88.35461778977434 6.383045471218665 2.2450000000000108
vertex 89.01723994255521 5.79477598875288 2.2450000000000108
endloop
endfacet
facet normal -2.724428532961587e-21 3.2779216248435927e-18 1.0
outer loop
vertex 88.48304316394325 9.720720692077071 2.2450000000000108
vertex 89.01723994255521 5.79477598875288 2.2450000000000108
vertex 90.0488963402835 8.278777585946061 2.2450000000000108
endloop
endfacet
facet normal -2.724428532961587e-21 3.2779216248435927e-18 1.0
outer loop
vertex 90.0488963402835 8.278777585946061 2.2450000000000108
vertex 89.01723994255521 5.79477598875288 2.2450000000000108
vertex 89.6973751093118 5.22684530962281 2.2450000000000108
endloop
endfacet
facet normal -2.724428532961587e-21 3.2779216248435927e-18 1.0
outer loop
vertex 90.0488963402835 8.278777585946061 2.2450000000000108
vertex 89.6973751093118 5.22684530962281 2.2450000000000108
vertex 90.39439925162351 4.679774522255283 2.2450000000000108
endloop
endfacet
facet normal -2.724428532961587e-21 3.2779216248435927e-18 1.0
outer loop
vertex 90.0488963402835 8.278777585946061 2.2450000000000108
vertex 90.39439925162351 4.679774522255283 2.2450000000000108
vertex 91.75270160534741 7.00279023886392 2.2450000000000108
endloop
endfacet
facet normal -2.724428532961587e-21 3.2779216248435927e-18 1.0
outer loop
vertex 91.75270160534741 7.00279023886392 2.2450000000000108
vertex 90.39439925162351 4.679774522255283 2.2450000000000108
vertex 91.10767283507664 4.15406557568476 2.2450000000000108
endloop
endfacet
facet normal -2.724428532961587e-21 3.2779216248435927e-18 1.0
outer loop
vertex 91.75270160534741 7.00279023886392 2.2450000000000108
vertex 91.10767283507664 4.15406557568476 2.2450000000000108
vertex 91.8365414160511 3.6502008190043815 2.2450000000000108
endloop
endfacet
facet normal -2.724428532961587e-21 3.2779216248435927e-18 1.0
outer loop
vertex 91.75270160534741 7.00279023886392 2.2450000000000108
vertex 91.8365414160511 3.6502008190043815 2.2450000000000108
vertex 93.57694668942655 5.905873667566859 2.2450000000000108
endloop
endfacet
facet normal -2.724428532961587e-21 3.2779216248435927e-18 1.0
outer loop
vertex 93.57694668942655 5.905873667566859 2.2450000000000108
vertex 91.8365414160511 3.6502008190043815 2.2450000000000108
vertex 92.5803362421864 3.1686425588003737 2.2450000000000108
endloop
endfacet
facet normal -2.724428532961587e-21 3.2779216248435927e-18 1.0
outer loop
vertex 93.57694668942655 5.905873667566859 2.2450000000000108
vertex 92.5803362421864 3.1686425588003737 2.2450000000000108
vertex 93.08250758878354 2.8676743331346146 2.2450000000000108
endloop
endfacet
facet normal -2.724428532961587e-21 3.2779216248435927e-18 1.0
outer loop
vertex 93.57694668942655 5.905873667566859 2.2450000000000108
vertex 93.08250758878354 2.8676743331346146 2.2450000000000108
vertex 93.59602854613324 2.586508615867669 2.2450000000000108
endloop
endfacet
facet normal -2.724428532961587e-21 3.2779216248435927e-18 1.0
outer loop
vertex 93.57694668942655 5.905873667566859 2.2450000000000108
vertex 93.59602854613324 2.586508615867669 2.2450000000000108
vertex 95.5028814028242 4.999302340586249 2.2450000000000108
endloop
endfacet
facet normal -2.724428532961587e-21 3.2779216248435927e-18 1.0
outer loop
vertex 95.5028814028242 4.999302340586249 2.2450000000000108
vertex 93.59602854613324 2.586508615867669 2.2450000000000108
vertex 94.12011862089527 2.325572746851104 2.2450000000000103
endloop
endfacet
facet normal -2.724428532961587e-21 3.2779216248435927e-18 1.0
outer loop
vertex 95.5028814028242 4.999302340586249 2.2450000000000108
vertex 94.12011862089527 2.325572746851104 2.2450000000000103
vertex 94.65398125587573 2.0852633188725846 2.2450000000000103
endloop
endfacet
facet normal -2.724428532961587e-21 3.2779216248435927e-18 1.0
outer loop
vertex 95.5028814028242 4.999302340586249 2.2450000000000108
vertex 94.65398125587573 2.0852633188725846 2.2450000000000103
vertex 95.19680504070234 1.8659455748796567 2.2450000000000103
endloop
endfacet
facet normal -2.724428532961587e-21 3.2779216248435927e-18 1.0
outer loop
vertex 95.5028814028242 4.999302340586249 2.2450000000000108
vertex 95.19680504070234 1.8659455748796567 2.2450000000000103
vertex 95.74776494507621 1.6679528528521064 2.2450000000000103
endloop
endfacet
facet normal -2.724428532961587e-21 3.2779216248435927e-18 1.0
outer loop
vertex 95.5028814028242 4.999302340586249 2.2450000000000108
vertex 95.74776494507621 1.6679528528521064 2.2450000000000103
vertex 97.51071035645798 4.292394295560058 2.2450000000000108
endloop
endfacet
facet normal -2.724428532961587e-21 3.2779216248435927e-18 1.0
outer loop
vertex 97.51071035645798 4.292394295560058 2.2450000000000108
vertex 95.74776494507621 1.6679528528521064 2.2450000000000103
vertex 96.30602357272411 1.491586079166372 2.2450000000000103
endloop
endfacet
facet normal -2.724428532961587e-21 3.2779216248435927e-18 1.0
outer loop
vertex 97.51071035645798 4.292394295560058 2.2450000000000108
vertex 96.30602357272411 1.491586079166372 2.2450000000000103
vertex 96.87073243414488 1.337113311221785 2.2450000000000103
endloop
endfacet
facet normal -2.724428532961587e-21 3.2779216248435927e-18 1.0
outer loop
vertex 97.51071035645798 4.292394295560058 2.2450000000000108
vertex 96.87073243414488 1.337113311221785 2.2450000000000103
vertex 97.44103323621694 1.2047693300235731 2.2450000000000103
endloop
endfacet
facet normal -2.724428532961587e-21 3.2779216248435927e-18 1.0
outer loop
vertex 97.51071035645798 4.292394295560058 2.2450000000000108
vertex 97.44103323621694 1.2047693300235731 2.2450000000000103
vertex 98.01605918670667 1.0947552833426826 2.2450000000000108
endloop
endfacet
facet normal -2.724428532961587e-21 3.2779216248435927e-18 1.0
outer loop
vertex 97.51071035645798 4.292394295560058 2.2450000000000108
vertex 98.01605918670667 1.0947552833426826 2.2450000000000108
vertex 99.57979642536709 3.7924153653846235 2.2450000000000108
endloop
endfacet
facet normal -2.724428532961587e-21 3.2779216248435927e-18 1.0
outer loop
vertex 99.57979642536709 3.7924153653846235 2.2450000000000108
vertex 98.01605918670667 1.0947552833426826 2.2450000000000108
vertex 98.59493631169254 1.007238379994053 2.2450000000000108
endloop
endfacet
facet normal -2.724428532961587e-21 3.2779216248435927e-18 1.0
outer loop
vertex 99.57979642536709 3.7924153653846235 2.2450000000000108
vertex 98.59493631169254 1.007238379994053 2.2450000000000108
vertex 99.17678478390697 0.9423516356983122 2.2450000000000108
endloop
endfacet
facet normal -2.724428532961587e-21 3.2779216248435927e-18 1.0
outer loop
vertex 99.57979642536709 3.7924153653846235 2.2450000000000108
vertex 99.17678478390697 0.9423516356983122 2.2450000000000108
vertex 100.54759977287141 0.8439039549732689 2.2450000000000108
endloop
endfacet
facet normal -2.724428532961587e-21 3.2779216248435927e-18 1.0
outer loop
vertex 99.57979642536709 3.7924153653846235 2.2450000000000108
vertex 100.54759977287141 0.8439039549732689 2.2450000000000108
vertex 101.68887286385471 3.504504497598742 2.2450000000000108
endloop
endfacet
facet normal -2.724428532961587e-21 3.2779216248435927e-18 1.0
outer loop
vertex 101.68887286385471 3.504504497598742 2.2450000000000108
vertex 100.54759977287141 0.8439039549732689 2.2450000000000108
vertex 101.92124387617739 0.7999999999999993 2.2450000000000108
endloop
endfacet
facet normal -2.724428532961587e-21 3.2779216248435927e-18 1.0
outer loop
vertex 101.68887286385471 3.504504497598742 2.2450000000000108
vertex 101.92124387617739 0.7999999999999993 2.2450000000000108
vertex 103.816261892081 3.4316209345949624 2.2450000000000108
endloop
endfacet
facet normal -2.724428532961587e-21 3.2779216248435927e-18 1.0
outer loop
vertex 103.816261892081 3.4316209345949624 2.2450000000000108
vertex 101.92124387617739 0.7999999999999993 2.2450000000000108
vertex 103.29554769804864 0.8107091082831737 2.2450000000000108
endloop
endfacet
facet normal -2.724428532961587e-21 3.2779216248435927e-18 1.0
outer loop
vertex 103.816261892081 3.4316209345949624 2.2450000000000108
vertex 103.29554769804864 0.8107091082831737 2.2450000000000108
vertex 104.66834080081492 0.8760143669308325 2.2450000000000108
endloop
endfacet
facet normal -2.724428532961587e-21 3.2779216248435927e-18 1.0
outer loop
vertex 103.816261892081 3.4316209345949624 2.2450000000000108
vertex 104.66834080081492 0.8760143669308325 2.2450000000000108
vertex 105.9400975073978 3.5745137975542045 2.2450000000000108
endloop
endfacet
facet normal -2.724428532961587e-21 3.2779216248435927e-18 1.0
outer loop
vertex 105.9400975073978 3.5745137975542045 2.2450000000000108
vertex 104.66834080081492 0.8760143669308325 2.2450000000000108
vertex 106.03745513268476 0.9958126393649542 2.2450000000000108
endloop
endfacet
facet normal -2.724428532961587e-21 3.2779216248435927e-18 1.0
outer loop
vertex 105.9400975073978 3.5745137975542045 2.2450000000000108
vertex 106.03745513268476 0.9958126393649542 2.2450000000000108
vertex 108.03855023030187 3.931714386733307 2.2450000000000108
endloop
endfacet
facet normal -2.724428532961587e-21 3.2779216248435927e-18 1.0
outer loop
vertex 108.03855023030187 3.931714386733307 2.2450000000000108
vertex 106.03745513268476 0.9958126393649542 2.2450000000000108
vertex 107.4007284517486 1.1699147282048283 2.2450000000000108
endloop
endfacet
facet normal -2.724428532961587e-21 3.2779216248435927e-18 1.0
outer loop
vertex 108.03855023030187 3.931714386733307 2.2450000000000108
vertex 107.4007284517486 1.1699147282048283 2.2450000000000108
vertex 108.75600774080682 1.3980456740667737 2.2450000000000108
endloop
endfacet
facet normal -2.724428532961587e-21 3.2779216248435927e-18 1.0
outer loop
vertex 108.03855023030187 3.931714386733307 2.2450000000000108
vertex 108.75600774080682 1.3980456740667737 2.2450000000000108
vertex 110.0900514749882 4.499551277242218 2.2450000000000108
endloop
endfacet
facet normal -2.724428532961587e-21 3.2779216248435927e-18 1.0
outer loop
vertex 110.0900514749882 4.499551277242218 2.2450000000000108
vertex 108.75600774080682 1.3980456740667737 2.2450000000000108
vertex 110.10115260762906 1.6798451898071087 2.2450000000000108
endloop
endfacet
facet normal -2.724428532961587e-21 3.2779216248435927e-18 1.0
outer loop
vertex 110.0900514749882 4.499551277242218 2.2450000000000108
vertex 110.10115260762906 1.6798451898071087 2.2450000000000108
vertex 111.74708126068836 5.110023922537802 2.2450000000000108
endloop
endfacet
facet normal -2.724428532961587e-21 3.2779216248435927e-18 1.0
outer loop
vertex 111.74708126068836 5.110023922537802 2.2450000000000108
vertex 110.10115260762906 1.6798451898071087 2.2450000000000108
vertex 111.4340386652759 2.0148682295234694 2.2450000000000108
endloop
endfacet
facet normal -2.724428532961587e-21 3.2779216248435927e-18 1.0
outer loop
vertex 111.74708126068836 5.110023922537802 2.2450000000000108
vertex 111.4340386652759 2.0148682295234694 2.2450000000000108
vertex 112.75256088714134 2.402585691416108 2.2450000000000108
endloop
endfacet
facet normal -2.724428532961587e-21 3.2779216248435927e-18 1.0
outer loop
vertex 111.74708126068836 5.110023922537802 2.2450000000000108
vertex 112.75256088714134 2.402585691416108 2.2450000000000108
vertex 113.36133041722076 5.826001730842849 2.2450000000000108
endloop
endfacet
facet normal -2.724428532961587e-21 3.2779216248435927e-18 1.0
outer loop
vertex 113.36133041722076 5.826001730842849 2.2450000000000108
vertex 112.75256088714134 2.402585691416108 2.2450000000000108
vertex 114.05463693142231 2.8423852533979415 2.2450000000000108
endloop
endfacet
facet normal -2.724428532961587e-21 3.2779216248435927e-18 1.0
outer loop
vertex 113.36133041722076 5.826001730842849 2.2450000000000108
vertex 114.05463693142231 2.8423852533979415 2.2450000000000108
vertex 114.92608942669104 6.644508788620658 2.2450000000000108
endloop
endfacet
facet normal -2.724428532961587e-21 3.2779216248435927e-18 1.0
outer loop
vertex 114.92608942669104 6.644508788620658 2.2450000000000108
vertex 114.05463693142231 2.8423852533979415 2.2450000000000108
vertex 115.33821042975927 3.3335723401345567 2.2450000000000108
endloop
endfacet
facet normal -2.724428532961587e-21 3.2779216248435927e-18 1.0
outer loop
vertex 114.92608942669104 6.644508788620658 2.2450000000000108
vertex 115.33821042975927 3.3335723401345567 2.2450000000000108
vertex 116.4348544736681 7.5621430264145015 2.2450000000000108
endloop
endfacet
facet normal -2.724428532961587e-21 3.2779216248435927e-18 1.0
outer loop
vertex 116.4348544736681 7.5621430264145015 2.2450000000000108
vertex 115.33821042975927 3.3335723401345567 2.2450000000000108
vertex 118.18076527883302 5.092949884038187 2.2450000000000108
endloop
endfacet
facet normal -2.724428532961587e-21 3.2779216248435927e-18 1.0
outer loop
vertex 116.4348544736681 7.5621430264145015 2.2450000000000108
vertex 118.18076527883302 5.092949884038187 2.2450000000000108
vertex 117.88135447785392 8.575090359320601 2.2450000000000108
endloop
endfacet
facet normal -2.724428532961587e-21 3.2779216248435927e-18 1.0
outer loop
vertex 117.88135447785392 8.575090359320601 2.2450000000000108
vertex 118.18076527883302 5.092949884038187 2.2450000000000108
vertex 119.25957715940723 9.67914053997475 2.2450000000000108
endloop
endfacet
facet normal -2.724428532961587e-21 3.2779216248435927e-18 1.0
outer loop
vertex 119.25957715940723 9.67914053997475 2.2450000000000108
vertex 118.18076527883302 5.092949884038187 2.2450000000000108
vertex 120.90977126723271 7.023766738963236 2.2450000000000108
endloop
endfacet
facet normal -2.724428532961587e-21 3.2779216248435927e-18 1.0
outer loop
vertex 119.25957715940723 9.67914053997475 2.2450000000000108
vertex 120.90977126723271 7.023766738963236 2.2450000000000108
vertex 120.56379402858022 10.869704658162265 2.2450000000000108
endloop
endfacet
facet normal -2.724428532961587e-21 3.2779216248435927e-18 1.0
outer loop
vertex 120.56379402858022 10.869704658162265 2.2450000000000108
vertex 120.90977126723271 7.023766738963236 2.2450000000000108
vertex 121.78858419579875 12.141834214314345 2.2450000000000108
endloop
endfacet
facet normal -2.724428532961587e-21 3.2779216248435927e-18 1.0
outer loop
vertex 121.78858419579875 12.141834214314345 2.2450000000000108
vertex 120.90977126723271 7.023766738963236 2.2450000000000108
vertex 123.51490267012721 9.118717283878029 2.2450000000000108
endloop
endfacet
facet normal -2.724428532961587e-21 3.2779216248435927e-18 1.0
outer loop
vertex 121.78858419579875 12.141834214314345 2.2450000000000108
vertex 123.51490267012721 9.118717283878029 2.2450000000000108
vertex 122.92885690322665 13.49024168761246 2.2450000000000108
endloop
endfacet
facet normal -2.724428532961587e-21 3.2779216248435927e-18 1.0
outer loop
vertex 122.92885690322665 13.49024168761246 2.2450000000000108
vertex 123.51490267012721 9.118717283878029 2.2450000000000108
vertex 123.97987268415596 14.9093225132134 2.2450000000000108
endloop
endfacet
facet normal -2.724428532961587e-21 3.2779216248435927e-18 1.0
outer loop
vertex 123.97987268415596 14.9093225132134 2.2450000000000108
vertex 123.51490267012721 9.118717283878029 2.2450000000000108
vertex 125.98630246626678 11.36987486601786 2.2450000000000108
endloop
endfacet
facet normal -2.724428532961587e-21 3.2779216248435927e-18 1.0
outer loop
vertex 123.97987268415596 14.9093225132134 2.2450000000000108
vertex 125.98630246626678 11.36987486601786 2.2450000000000108
vertex 124.93726306228278 16.39317837724504 2.2450000000000108
endloop
endfacet
facet normal -2.724428532961587e-21 3.2779216248435927e-18 1.0
outer loop
vertex 124.93726306228278 16.39317837724504 2.2450000000000108
vertex 125.98630246626678 11.36987486601786 2.2450000000000108
vertex 125.79704870898348 17.93564173275088 2.2450000000000108
endloop
endfacet
facet normal -2.724428532961587e-21 3.2779216248435927e-18 1.0
outer loop
vertex 125.79704870898348 17.93564173275088 2.2450000000000108
vertex 125.98630246626678 11.36987486601786 2.2450000000000108
vertex 126.15291179675832 18.63588593529392 2.2450000000000108
endloop
endfacet
facet normal -2.724428532961587e-21 3.2779216248435927e-18 1.0
outer loop
vertex 126.15291179675832 18.63588593529392 2.2450000000000108
vertex 125.98630246626678 11.36987486601786 2.2450000000000108
vertex 128.31461963394193 13.768721792917153 2.2450000000000108
endloop
endfacet
facet normal -2.724428532961587e-21 3.2779216248435927e-18 1.0
outer loop
vertex 126.15291179675832 18.63588593529392 2.2450000000000108
vertex 128.31461963394193 13.768721792917153 2.2450000000000108
vertex 126.50022066933722 19.340412036629807 2.2450000000000108
endloop
endfacet
facet normal -2.724428532961587e-21 3.2779216248435927e-18 1.0
outer loop
vertex 126.50022066933722 19.340412036629807 2.2450000000000108
vertex 128.31461963394193 13.768721792917153 2.2450000000000108
vertex 126.83892381459492 20.049115542920195 2.2450000000000108
endloop
endfacet
facet normal -2.724428532961587e-21 3.2779216248435927e-18 1.0
outer loop
vertex 126.83892381459492 20.049115542920195 2.2450000000000108
vertex 128.31461963394193 13.768721792917153 2.2450000000000108
vertex 127.16897099678863 20.7618913407428 2.2450000000000108
endloop
endfacet
facet normal -2.724428532961587e-21 3.2779216248435927e-18 1.0
outer loop
vertex 127.16897099678863 20.7618913407428 2.2450000000000108
vertex 128.31461963394193 13.768721792917153 2.2450000000000108
vertex 127.49031326401052 21.478633712681567 2.2450000000000108
endloop
endfacet
facet normal -2.724428532961587e-21 3.2779216248435927e-18 1.0
outer loop
vertex 127.49031326401052 21.478633712681567 2.2450000000000108
vertex 128.31461963394193 13.768721792917153 2.2450000000000108
vertex 127.80290295544734 22.199236353006306 2.2450000000000108
endloop
endfacet
facet normal -2.724428532961587e-21 3.2779216248435927e-18 1.0
outer loop
vertex 127.80290295544734 22.199236353006306 2.2450000000000108
vertex 128.31461963394193 13.768721792917153 2.2450000000000108
vertex 128.1066937084495 22.923592383440255 2.2450000000000108
endloop
endfacet
facet normal -2.724428532961587e-21 3.2779216248435927e-18 1.0
outer loop
vertex 128.1066937084495 22.923592383440255 2.2450000000000108
vertex 128.31461963394193 13.768721792917153 2.2450000000000108
vertex 128.40164046540804 23.651594369011352 2.2450000000000108
endloop
endfacet
facet normal -2.724428532961587e-21 3.2779216248435927e-18 1.0
outer loop
vertex 128.40164046540804 23.651594369011352 2.2450000000000108
vertex 128.31461963394193 13.768721792917153 2.2450000000000108
vertex 130.4910445323909 16.30618156075524 2.2450000000000108
endloop
endfacet
facet normal -2.724428532961587e-21 3.2779216248435927e-18 1.0
outer loop
vertex 128.40164046540804 23.651594369011352 2.2450000000000108
vertex 130.4910445323909 16.30618156075524 2.2450000000000108
vertex 128.6876994804362 24.383134333987062 2.2450000000000108
endloop
endfacet
facet normal -2.724428532961587e-21 3.2779216248435927e-18 1.0
outer loop
vertex 128.6876994804362 24.383134333987062 2.2450000000000108
vertex 130.4910445323909 16.30618156075524 2.2450000000000108
vertex 128.9648283258593 25.118103777889527 2.2450000000000108
endloop
endfacet
facet normal -2.724428532961587e-21 3.2779216248435927e-18 1.0
outer loop
vertex 128.9648283258593 25.118103777889527 2.2450000000000108
vertex 130.4910445323909 16.30618156075524 2.2450000000000108
vertex 129.23298589850612 25.856393691587233 2.2450000000000108
endloop
endfacet
facet normal -2.724428532961587e-21 3.2779216248435927e-18 1.0
outer loop
vertex 129.23298589850612 25.856393691587233 2.2450000000000108
vertex 130.4910445323909 16.30618156075524 2.2450000000000108
vertex 129.49213242580612 26.597894573463922 2.2450000000000108
endloop
endfacet
facet normal -2.724428532961587e-21 3.2779216248435927e-18 1.0
outer loop
vertex 129.49213242580612 26.597894573463922 2.2450000000000108
vertex 130.4910445323909 16.30618156075524 2.2450000000000108
vertex 129.7107267572941 27.281431197526373 2.2450000000000108
endloop
endfacet
facet normal -2.724428532961587e-21 3.2779216248435927e-18 1.0
outer loop
vertex 129.7107267572941 27.281431197526373 2.2450000000000108
vertex 130.4910445323909 16.30618156075524 2.2450000000000108
vertex 129.9009683866604 27.973395012078342 2.2450000000000108
endloop
endfacet
facet normal -2.724428532961587e-21 3.2779216248435927e-18 1.0
outer loop
vertex 129.9009683866604 27.973395012078342 2.2450000000000108
vertex 130.4910445323909 16.30618156075524 2.2450000000000108
vertex 130.06253413090556 28.672610507101105 2.2450000000000108
endloop
endfacet
facet normal -2.724428532961587e-21 3.2779216248435927e-18 1.0
outer loop
vertex 130.06253413090556 28.672610507101105 2.2450000000000108
vertex 130.4910445323909 16.30618156075524 2.2450000000000108
vertex 130.19514952170158 29.37788985340101 2.2450000000000108
endloop
endfacet
facet normal -2.724428532961587e-21 3.2779216248435927e-18 1.0
outer loop
vertex 130.19514952170158 29.37788985340101 2.2450000000000108
vertex 130.4910445323909 16.30618156075524 2.2450000000000108
vertex 130.29858927166023 30.088034920497766 2.2450000000000108
endloop
endfacet
facet normal -2.724428532961587e-21 3.2779216248435927e-18 1.0
outer loop
vertex 130.29858927166023 30.088034920497766 2.2450000000000108
vertex 130.4910445323909 16.30618156075524 2.2450000000000108
vertex 130.37267765705175 30.801839312010802 2.2450000000000108
endloop
endfacet
facet normal -2.724428532961587e-21 3.2779216248435927e-18 1.0
outer loop
vertex 130.37267765705175 30.801839312010802 2.2450000000000108
vertex 130.4910445323909 16.30618156075524 2.2450000000000108
vertex 130.41728881632451 31.51809041508966 2.2450000000000108
endloop
endfacet
facet normal -2.724428532961587e-21 3.2779216248435927e-18 1.0
outer loop
vertex 130.41728881632451 31.51809041508966 2.2450000000000108
vertex 130.4910445323909 16.30618156075524 2.2450000000000108
vertex 130.43234696391917 32.235571460403236 2.2450000000000108
endloop
endfacet
facet normal -2.724428532961587e-21 3.2779216248435927e-18 1.0
outer loop
vertex 0.8220986055240064 42.88142224361702 2.2450000000000108
vertex 0.8169929527242877 45.17439581017652 2.2450000000000108
vertex 0.7999999999999978 44.02786550526041 2.2450000000000108
endloop
endfacet
facet normal -2.724428532961587e-21 3.2779216248435927e-18 1.0
outer loop
vertex 0.8169929527242877 45.17439581017652 2.2450000000000108
vertex 0.8220986055240064 42.88142224361702 2.2450000000000108
vertex 0.8730577135420453 46.31968059708665 2.2450000000000108
endloop
endfacet
facet normal -2.724428532961587e-21 3.2779216248435927e-18 1.0
outer loop
vertex 0.8730577135420453 46.31968059708665 2.2450000000000108
vertex 0.8220986055240064 42.88142224361702 2.2450000000000108
vertex 0.8832630850679609 41.73639848535894 2.2450000000000108
endloop
endfacet
facet normal -2.724428532961587e-21 3.2779216248435927e-18 1.0
outer loop
vertex 0.8730577135420453 46.31968059708665 2.2450000000000108
vertex 0.8832630850679609 41.73639848535894 2.2450000000000108
vertex 0.9681291208707827 47.46238875232235 2.2450000000000108
endloop
endfacet
facet normal -2.724428532961587e-21 3.2779216248435927e-18 1.0
outer loop
vertex 0.9681291208707827 47.46238875232235 2.2450000000000108
vertex 0.8832630850679609 41.73639848535894 2.2450000000000108
vertex 0.9834223498725195 40.59412504077257 2.2450000000000108
endloop
endfacet
facet normal -2.724428532961587e-21 3.2779216248435927e-18 1.0
outer loop
vertex 0.9681291208707827 47.46238875232235 2.2450000000000108
vertex 0.9834223498725195 40.59412504077257 2.2450000000000108
vertex 2.115891538893841 48.00187731198593 2.2450000000000108
endloop
endfacet
facet normal -2.724428532961587e-21 3.2779216248435927e-18 1.0
outer loop
vertex 2.115891538893841 48.00187731198593 2.2450000000000108
vertex 0.9834223498725195 40.59412504077257 2.2450000000000108
vertex 1.1224599892701017 39.45592952357691 2.2450000000000108
endloop
endfacet
facet normal -2.724428532961587e-21 3.2779216248435927e-18 1.0
outer loop
vertex 2.115891538893841 48.00187731198593 2.2450000000000108
vertex 1.1224599892701017 39.45592952357691 2.2450000000000108
vertex 1.3002144059844427 38.32313480789714 2.2450000000000108
endloop
endfacet
facet normal -2.724428532961587e-21 3.2779216248435927e-18 1.0
outer loop
vertex 2.115891538893841 48.00187731198593 2.2450000000000108
vertex 1.3002144059844427 38.32313480789714 2.2450000000000108
vertex 1.516479003947523 37.197057490746495 2.2450000000000108
endloop
endfacet
facet normal -2.724428532961587e-21 3.2779216248435927e-18 1.0
outer loop
vertex 2.115891538893841 48.00187731198593 2.2450000000000108
vertex 1.516479003947523 37.197057490746495 2.2450000000000108
vertex 1.7710024284170187 36.07900636180389 2.2450000000000108
endloop
endfacet
facet normal -2.724428532961587e-21 3.2779216248435927e-18 1.0
outer loop
vertex 2.115891538893841 48.00187731198593 2.2450000000000108
vertex 1.7710024284170187 36.07900636180389 2.2450000000000108
vertex 2.06348885811511 34.97028088226628 2.2450000000000108
endloop
endfacet
facet normal -2.724428532961587e-21 3.2779216248435927e-18 1.0
outer loop
vertex 2.115891538893841 48.00187731198593 2.2450000000000108
vertex 2.06348885811511 34.97028088226628 2.2450000000000108
vertex 2.393598349047958 33.87216967454209 2.2450000000000108
endloop
endfacet
facet normal -2.724428532961587e-21 3.2779216248435927e-18 1.0
outer loop
vertex 2.115891538893841 48.00187731198593 2.2450000000000108
vertex 2.393598349047958 33.87216967454209 2.2450000000000108
vertex 3.277309650776196 48.51130291364492 2.2450000000000108
endloop
endfacet
facet normal -2.724428532961587e-21 3.2779216248435927e-18 1.0
outer loop
vertex 3.277309650776196 48.51130291364492 2.2450000000000108
vertex 2.393598349047958 33.87216967454209 2.2450000000000108
vertex 3.507900886409282 30.72036744927234 2.2450000000000108
endloop
endfacet
facet normal -2.724428532961587e-21 3.2779216248435927e-18 1.0
outer loop
vertex 3.277309650776196 48.51130291364492 2.2450000000000108
vertex 3.507900886409282 30.72036744927234 2.2450000000000108
vertex 4.4515961884635935 48.99032024280966 2.2450000000000108
endloop
endfacet
facet normal -2.724428532961587e-21 3.2779216248435927e-18 1.0
outer loop
vertex 4.4515961884635935 48.99032024280966 2.2450000000000108
vertex 3.507900886409282 30.72036744927234 2.2450000000000108
vertex 4.813876464136453 27.64303821723281 2.2450000000000108
endloop
endfacet
facet normal -2.724428532961587e-21 3.2779216248435927e-18 1.0
outer loop
vertex 4.4515961884635935 48.99032024280966 2.2450000000000108
vertex 4.813876464136453 27.64303821723281 2.2450000000000108
vertex 5.6379551610305185 49.438604597259 2.2450000000000108
endloop
endfacet
facet normal -2.724428532961587e-21 3.2779216248435927e-18 1.0
outer loop
vertex 5.6379551610305185 49.438604597259 2.2450000000000108
vertex 4.813876464136453 27.64303821723281 2.2450000000000108
vertex 6.306583669675182 24.65182565198146 2.2450000000000108
endloop
endfacet
facet normal -2.724428532961587e-21 3.2779216248435927e-18 1.0
outer loop
vertex 5.6379551610305185 49.438604597259 2.2450000000000108
vertex 6.306583669675182 24.65182565198146 2.2450000000000108
vertex 6.835582394243188 49.85585210713935 2.2450000000000108
endloop
endfacet
facet normal -2.724428532961587e-21 3.2779216248435927e-18 1.0
outer loop
vertex 6.835582394243188 49.85585210713935 2.2450000000000108
vertex 6.306583669675182 24.65182565198146 2.2450000000000108
vertex 7.980374555045666 21.758047587921258 2.2450000000000108
endloop
endfacet
facet normal -2.724428532961587e-21 3.2779216248435927e-18 1.0
outer loop
vertex 6.835582394243188 49.85585210713935 2.2450000000000108
vertex 7.980374555045666 21.758047587921258 2.2450000000000108
vertex 8.04366607566981 50.241779940943374 2.2450000000000108
endloop
endfacet
facet normal -2.724428532961587e-21 3.2779216248435927e-18 1.0
outer loop
vertex 8.04366607566981 50.241779940943374 2.2450000000000108
vertex 7.980374555045666 21.758047587921258 2.2450000000000108
vertex 9.828916006952541 18.972653197073324 2.2450000000000108
endloop
endfacet
facet normal -2.724428532961587e-21 3.2779216248435927e-18 1.0
outer loop
vertex 8.04366607566981 50.241779940943374 2.2450000000000108
vertex 9.828916006952541 18.972653197073324 2.2450000000000108
vertex 9.261387304968027 50.59612649722749 2.2450000000000108
endloop
endfacet
facet normal -2.724428532961587e-21 3.2779216248435927e-18 1.0
outer loop
vertex 9.261387304968027 50.59612649722749 2.2450000000000108
vertex 9.828916006952541 18.972653197073324 2.2450000000000108
vertex 10.487920648977246 50.91865158193799 2.2450000000000108
endloop
endfacet
facet normal -2.724428532961587e-21 3.2779216248435927e-18 1.0
outer loop
vertex 10.487920648977246 50.91865158193799 2.2450000000000108
vertex 9.828916006952541 18.972653197073324 2.2450000000000108
vertex 11.845213709350695 16.30618156075524 2.2450000000000108
endloop
endfacet
facet normal -2.724428532961587e-21 3.2779216248435927e-18 1.0
outer loop
vertex 10.487920648977246 50.91865158193799 2.2450000000000108
vertex 11.845213709350695 16.30618156075524 2.2450000000000108
vertex 11.722434701238816 51.20913657122795 2.2450000000000108
endloop
endfacet
facet normal -2.724428532961587e-21 3.2779216248435927e-18 1.0
outer loop
vertex 11.722434701238816 51.20913657122795 2.2450000000000108
vertex 11.845213709350695 16.30618156075524 2.2450000000000108
vertex 11.903911277822276 32.235571460403236 2.2450000000000108
endloop
endfacet
facet normal -2.724428532961587e-21 3.2779216248435927e-18 1.0
outer loop
vertex 11.722434701238816 51.20913657122795 2.2450000000000108
vertex 11.903911277822276 32.235571460403236 2.2450000000000108
vertex 11.918431722727687 32.953063589191494 2.2450000000000108
endloop
endfacet
facet normal -2.724428532961587e-21 3.2779216248435927e-18 1.0
outer loop
vertex 11.722434701238816 51.20913657122795 2.2450000000000108
vertex 11.918431722727687 32.953063589191494 2.2450000000000108
vertex 12.964092645565637 51.46738455965023 2.2450000000000108
endloop
endfacet
facet normal -2.724428532961587e-21 3.2779216248435927e-18 1.0
outer loop
vertex 12.964092645565637 51.46738455965023 2.2450000000000108
vertex 11.918431722727687 32.953063589191494 2.2450000000000108
vertex 11.962506092761855 33.66934792386548 2.2450000000000108
endloop
endfacet
facet normal -2.724428532961587e-21 3.2779216248435927e-18 1.0
outer loop
vertex 12.964092645565637 51.46738455965023 2.2450000000000108
vertex 11.962506092761855 33.66934792386548 2.2450000000000108
vertex 12.036059514264602 34.38320763864047 2.2450000000000108
endloop
endfacet
facet normal -2.724428532961587e-21 3.2779216248435927e-18 1.0
outer loop
vertex 12.964092645565637 51.46738455965023 2.2450000000000108
vertex 12.036059514264602 34.38320763864047 2.2450000000000108
vertex 12.138967034482466 35.09343002668227 2.2450000000000108
endloop
endfacet
facet normal -2.724428532961587e-21 3.2779216248435927e-18 1.0
outer loop
vertex 12.964092645565637 51.46738455965023 2.2450000000000108
vertex 12.138967034482466 35.09343002668227 2.2450000000000108
vertex 12.211676525514733 35.45911415002004 2.2450000000000108
endloop
endfacet
facet normal -2.724428532961587e-21 3.2779216248435927e-18 1.0
outer loop
vertex 12.964092645565637 51.46738455965023 2.2450000000000108
vertex 12.211676525514733 35.45911415002004 2.2450000000000108
vertex 12.307458195536533 35.81944374890878 2.2450000000000103
endloop
endfacet
facet normal -2.724428532961587e-21 3.2779216248435927e-18 1.0
outer loop
vertex 12.964092645565637 51.46738455965023 2.2450000000000108
vertex 12.307458195536533 35.81944374890878 2.2450000000000103
vertex 12.425925507095156 36.1729646736636 2.2450000000000103
endloop
endfacet
facet normal -2.724428532961587e-21 3.2779216248435927e-18 1.0
outer loop
vertex 12.964092645565637 51.46738455965023 2.2450000000000108
vertex 12.425925507095156 36.1729646736636 2.2450000000000103
vertex 12.566600372339163 36.51825025175224 2.2450000000000103
endloop
endfacet
facet normal -2.724428532961587e-21 3.2779216248435927e-18 1.0
outer loop
vertex 12.964092645565637 51.46738455965023 2.2450000000000108
vertex 12.566600372339163 36.51825025175224 2.2450000000000103
vertex 12.728915082394241 36.853907045288814 2.2450000000000094
endloop
endfacet
facet normal -2.724428532961587e-21 3.2779216248435927e-18 1.0
outer loop
vertex 12.964092645565637 51.46738455965023 2.2450000000000108
vertex 12.728915082394241 36.853907045288814 2.2450000000000094
vertex 12.9122145984148 37.17858047440498 2.2450000000000094
endloop
endfacet
facet normal -2.724428532961587e-21 3.2779216248435927e-18 1.0
outer loop
vertex 12.964092645565637 51.46738455965023 2.2450000000000108
vertex 12.9122145984148 37.17858047440498 2.2450000000000094
vertex 13.115759195065333 37.4909602838067 2.2450000000000094
endloop
endfacet
facet normal -2.724428532961587e-21 3.2779216248435927e-18 1.0
outer loop
vertex 12.964092645565637 51.46738455965023 2.2450000000000108
vertex 13.115759195065333 37.4909602838067 2.2450000000000094
vertex 14.212052823278462 51.69322049363089 2.2450000000000108
endloop
endfacet
facet normal -2.724428532961587e-21 3.2779216248435927e-18 1.0
outer loop
vertex 14.212052823278462 51.69322049363089 2.2450000000000108
vertex 13.115759195065333 37.4909602838067 2.2450000000000094
vertex 13.338727445763123 37.78978583045261 2.245000000000009
endloop
endfacet
facet normal -2.724428532961587e-21 3.2779216248435927e-18 1.0
outer loop
vertex 14.212052823278462 51.69322049363089 2.2450000000000108
vertex 13.338727445763123 37.78978583045261 2.245000000000009
vertex 13.58021953763549 38.073851171018 2.245000000000008
endloop
endfacet
facet normal -2.724428532961587e-21 3.2779216248435927e-18 1.0
outer loop
vertex 14.212052823278462 51.69322049363089 2.2450000000000108
vertex 13.58021953763549 38.073851171018 2.245000000000008
vertex 13.839260902813535 38.342009928611624 2.245000000000008
endloop
endfacet
facet normal -2.724428532961587e-21 3.2779216248435927e-18 1.0
outer loop
vertex 14.212052823278462 51.69322049363089 2.2450000000000108
vertex 13.839260902813535 38.342009928611624 2.245000000000008
vertex 14.11480615140793 38.59317991910516 2.245000000000007
endloop
endfacet
facet normal -2.724428532961587e-21 3.2779216248435927e-18 1.0
outer loop
vertex 14.212052823278462 51.69322049363089 2.2450000000000108
vertex 14.11480615140793 38.59317991910516 2.245000000000007
vertex 14.405743290294428 38.82634751840651 2.2450000000000068
endloop
endfacet
facet normal -2.724428532961587e-21 3.2779216248435927e-18 1.0
outer loop
vertex 14.212052823278462 51.69322049363089 2.2450000000000108
vertex 14.405743290294428 38.82634751840651 2.2450000000000068
vertex 15.465469303725031 51.88649129012897 2.2450000000000108
endloop
endfacet
facet normal -2.724428532961587e-21 3.2779216248435927e-18 1.0
outer loop
vertex 15.465469303725031 51.88649129012897 2.2450000000000108
vertex 14.405743290294428 38.82634751840651 2.2450000000000068
vertex 14.753970019514998 39.0774750162981 2.245000000000006
endloop
endfacet
facet normal -2.724428532961587e-21 3.2779216248435927e-18 1.0
outer loop
vertex 15.465469303725031 51.88649129012897 2.2450000000000108
vertex 14.753970019514998 39.0774750162981 2.245000000000006
vertex 15.1115146234539 39.31514859778144 2.2450000000000054
endloop
endfacet
facet normal -2.724428532961587e-21 3.2779216248435927e-18 1.0
outer loop
vertex 15.465469303725031 51.88649129012897 2.2450000000000108
vertex 15.1115146234539 39.31514859778144 2.2450000000000054
vertex 15.477857582612186 39.539022918363486 2.2450000000000054
endloop
endfacet
facet normal -2.724428532961587e-21 3.2779216248435927e-18 1.0
outer loop
vertex 15.465469303725031 51.88649129012897 2.2450000000000108
vertex 15.477857582612186 39.539022918363486 2.2450000000000054
vertex 16.723492457694352 52.04706594040422 2.2450000000000108
endloop
endfacet
facet normal -2.724428532961587e-21 3.2779216248435927e-18 1.0
outer loop
vertex 16.723492457694352 52.04706594040422 2.2450000000000108
vertex 15.477857582612186 39.539022918363486 2.2450000000000054
vertex 15.852466593303891 39.74877268415489 2.2450000000000054
endloop
endfacet
facet normal -2.724428532961587e-21 3.2779216248435927e-18 1.0
outer loop
vertex 16.723492457694352 52.04706594040422 2.2450000000000108
vertex 15.852466593303891 39.74877268415489 2.2450000000000054
vertex 16.234797341103867 39.944093124528216 2.2450000000000054
endloop
endfacet
facet normal -2.724428532961587e-21 3.2779216248435927e-18 1.0
outer loop
vertex 16.723492457694352 52.04706594040422 2.2450000000000108
vertex 16.234797341103867 39.944093124528216 2.2450000000000054
vertex 16.624294291747805 40.12470043495622 2.2450000000000054
endloop
endfacet
facet normal -2.724428532961587e-21 3.2779216248435927e-18 1.0
outer loop
vertex 16.723492457694352 52.04706594040422 2.2450000000000108
vertex 16.624294291747805 40.12470043495622 2.2450000000000054
vertex 17.02039149833439 40.29033218938525 2.245000000000006
endloop
endfacet
facet normal -2.724428532961587e-21 3.2779216248435927e-18 1.0
outer loop
vertex 16.723492457694352 52.04706594040422 2.2450000000000108
vertex 17.02039149833439 40.29033218938525 2.245000000000006
vertex 17.98526953333891 52.174835598820955 2.2450000000000108
endloop
endfacet
facet normal -2.724428532961587e-21 3.2779216248435927e-18 1.0
outer loop
vertex 17.98526953333891 52.174835598820955 2.2450000000000108
vertex 17.02039149833439 40.29033218938525 2.245000000000006
vertex 17.422513423657854 40.440747721545605 2.2450000000000068
endloop
endfacet
facet normal -2.724428532961587e-21 3.2779216248435927e-18 1.0
outer loop
vertex 17.98526953333891 52.174835598820955 2.2450000000000108
vertex 17.422513423657854 40.440747721545605 2.2450000000000068
vertex 17.830075776474917 40.57572847464444 2.245000000000007
endloop
endfacet
facet normal -2.724428532961587e-21 3.2779216248435927e-18 1.0
outer loop
vertex 17.98526953333891 52.174835598820955 2.2450000000000108
vertex 17.830075776474917 40.57572847464444 2.245000000000007
vertex 18.242486360491785 40.695078318933575 2.245000000000008
endloop
endfacet
facet normal -2.724428532961587e-21 3.2779216248435927e-18 1.0
outer loop
vertex 17.98526953333891 52.174835598820955 2.2450000000000108
vertex 18.242486360491785 40.695078318933575 2.245000000000008
vertex 19.249945234212607 52.26971365662976 2.2450000000000108
endloop
endfacet
facet normal -2.724428532961587e-21 3.2779216248435927e-18 1.0
outer loop
vertex 19.249945234212607 52.26971365662976 2.2450000000000108
vertex 18.242486360491785 40.695078318933575 2.245000000000008
vertex 18.659145934837163 40.79862383668915 2.2450000000000094
endloop
endfacet
facet normal -2.724428532961587e-21 3.2779216248435927e-18 1.0
outer loop
vertex 19.249945234212607 52.26971365662976 2.2450000000000108
vertex 18.659145934837163 40.79862383668915 2.2450000000000094
vertex 19.07944908477139 40.886214574191854 2.2450000000000108
endloop
endfacet
facet normal -2.724428532961587e-21 3.2779216248435927e-18 1.0
outer loop
vertex 19.249945234212607 52.26971365662976 2.2450000000000108
vertex 19.07944908477139 40.886214574191854 2.2450000000000108
vertex 22.212837140009217 41.57562567631571 2.2450000000000108
endloop
endfacet
facet normal -2.724428532961587e-21 3.2779216248435927e-18 1.0
outer loop
vertex 19.249945234212607 52.26971365662976 2.2450000000000108
vertex 22.212837140009217 41.57562567631571 2.2450000000000108
vertex 20.516662299034483 52.33163580067458 2.2450000000000108
endloop
endfacet
facet normal -2.724428532961587e-21 3.2779216248435927e-18 1.0
outer loop
vertex 20.516662299034483 52.33163580067458 2.2450000000000108
vertex 22.212837140009217 41.57562567631571 2.2450000000000108
vertex 21.78456208278349 52.3605600569884 2.2450000000000108
endloop
endfacet
facet normal -2.724428532961587e-21 3.2779216248435927e-18 1.0
outer loop
vertex 21.78456208278349 52.3605600569884 2.2450000000000108
vertex 22.212837140009217 41.57562567631571 2.2450000000000108
vertex 23.052785138731767 52.356466819244204 2.2450000000000108
endloop
endfacet
facet normal -2.724428532961587e-21 3.2779216248435927e-18 1.0
outer loop
vertex 23.052785138731767 52.356466819244204 2.2450000000000108
vertex 22.212837140009217 41.57562567631571 2.2450000000000108
vertex 25.381054622049586 42.081398707360606 2.2450000000000108
endloop
endfacet
facet normal -2.724428532961587e-21 3.2779216248435927e-18 1.0
outer loop
vertex 23.052785138731767 52.356466819244204 2.2450000000000108
vertex 25.381054622049586 42.081398707360606 2.2450000000000108
vertex 24.320471801021196 52.319358862046286 2.2450000000000108
endloop
endfacet
facet normal -2.724428532961587e-21 3.2779216248435927e-18 1.0
outer loop
vertex 24.320471801021196 52.319358862046286 2.2450000000000108
vertex 25.381054622049586 42.081398707360606 2.2450000000000108
vertex 25.58676276738856 52.2492613390483 2.2450000000000108
endloop
endfacet
facet normal -2.724428532961587e-21 3.2779216248435927e-18 1.0
outer loop
vertex 25.58676276738856 52.2492613390483 2.2450000000000108
vertex 25.381054622049586 42.081398707360606 2.2450000000000108
vertex 28.573348538552388 42.40181706372878 2.2450000000000108
endloop
endfacet
facet normal -2.724428532961587e-21 3.2779216248435927e-18 1.0
outer loop
vertex 25.58676276738856 52.2492613390483 2.2450000000000108
vertex 28.573348538552388 42.40181706372878 2.2450000000000108
vertex 26.850799681643885 52.14622176590378 2.2450000000000108
endloop
endfacet
facet normal -2.724428532961587e-21 3.2779216248435927e-18 1.0
outer loop
vertex 26.850799681643885 52.14622176590378 2.2450000000000108
vertex 28.573348538552388 42.40181706372878 2.2450000000000108
vertex 28.111725715508175 52.0103099880573 2.2450000000000108
endloop
endfacet
facet normal -2.724428532961587e-21 3.2779216248435927e-18 1.0
outer loop
vertex 28.111725715508175 52.0103099880573 2.2450000000000108
vertex 28.573348538552388 42.40181706372878 2.2450000000000108
vertex 29.368686149414536 51.84161813339959 2.2450000000000108
endloop
endfacet
facet normal -2.724428532961587e-21 3.2779216248435927e-18 1.0
outer loop
vertex 29.368686149414536 51.84161813339959 2.2450000000000108
vertex 28.573348538552388 42.40181706372878 2.2450000000000108
vertex 31.778884181286283 42.53579323922752 2.2450000000000108
endloop
endfacet
facet normal -2.724428532961587e-21 3.2779216248435927e-18 1.0
outer loop
vertex 29.368686149414536 51.84161813339959 2.2450000000000108
vertex 31.778884181286283 42.53579323922752 2.2450000000000108
vertex 30.620828951880945 51.64026054981855 2.2450000000000108
endloop
endfacet
facet normal -2.724428532961587e-21 3.2779216248435927e-18 1.0
outer loop
vertex 30.620828951880945 51.64026054981855 2.2450000000000108
vertex 31.778884181286283 42.53579323922752 2.2450000000000108
vertex 31.498235735338866 51.48259018568709 2.2450000000000108
endloop
endfacet
facet normal -2.724428532961587e-21 3.2779216248435927e-18 1.0
outer loop
vertex 31.498235735338866 51.48259018568709 2.2450000000000108
vertex 31.778884181286283 42.53579323922752 2.2450000000000108
vertex 32.37390884013285 51.31555958692227 2.2450000000000108
endloop
endfacet
facet normal -2.724428532961587e-21 3.2779216248435927e-18 1.0
outer loop
vertex 32.37390884013285 51.31555958692227 2.2450000000000108
vertex 31.778884181286283 42.53579323922752 2.2450000000000108
vertex 34.98678189934103 42.48287251608665 2.2450000000000108
endloop
endfacet
facet normal -2.724428532961587e-21 3.2779216248435927e-18 1.0
outer loop
vertex 32.37390884013285 51.31555958692227 2.2450000000000108
vertex 34.98678189934103 42.48287251608665 2.2450000000000108
vertex 33.247748413594095 51.13918779995939 2.2450000000000108
endloop
endfacet
facet normal -2.724428532961587e-21 3.2779216248435927e-18 1.0
outer loop
vertex 33.247748413594095 51.13918779995939 2.2450000000000108
vertex 34.98678189934103 42.48287251608665 2.2450000000000108
vertex 34.11965481213044 50.953494936405896 2.2450000000000108
endloop
endfacet
facet normal -2.724428532961587e-21 3.2779216248435927e-18 1.0
outer loop
vertex 34.11965481213044 50.953494936405896 2.2450000000000108
vertex 34.98678189934103 42.48287251608665 2.2450000000000108
vertex 34.989528612589034 50.75850217074784 2.2450000000000108
endloop
endfacet
facet normal -2.724428532961587e-21 3.2779216248435927e-18 1.0
outer loop
vertex 34.989528612589034 50.75850217074784 2.2450000000000108
vertex 34.98678189934103 42.48287251608665 2.2450000000000108
vertex 38.1861540248764 42.2432345082795 2.2450000000000108
endloop
endfacet
facet normal -2.724428532961587e-21 3.2779216248435927e-18 1.0
outer loop
vertex 34.989528612589034 50.75850217074784 2.2450000000000108
vertex 38.1861540248764 42.2432345082795 2.2450000000000108
vertex 35.85727062359349 50.55423173793583 2.2450000000000108
endloop
endfacet
facet normal -2.724428532961587e-21 3.2779216248435927e-18 1.0
outer loop
vertex 35.85727062359349 50.55423173793583 2.2450000000000108
vertex 38.1861540248764 42.2432345082795 2.2450000000000108
vertex 36.72278189685446 50.34070693084878 2.2450000000000108
endloop
endfacet
facet normal -2.724428532961587e-21 3.2779216248435927e-18 1.0
outer loop
vertex 36.72278189685446 50.34070693084878 2.2450000000000108
vertex 38.1861540248764 42.2432345082795 2.2450000000000108
vertex 37.58596373845273 50.11795209763904 2.2450000000000108
endloop
endfacet
facet normal -2.724428532961587e-21 3.2779216248435927e-18 1.0
outer loop
vertex 37.58596373845273 50.11795209763904 2.2450000000000108
vertex 38.1861540248764 42.2432345082795 2.2450000000000108
vertex 38.44671772009336 49.88599263895474 2.2450000000000108
endloop
endfacet
facet normal -2.724428532961587e-21 3.2779216248435927e-18 1.0
outer loop
vertex 38.44671772009336 49.88599263895474 2.2450000000000108
vertex 38.1861540248764 42.2432345082795 2.2450000000000108
vertex 41.36614182608054 41.81769255190969 2.2450000000000108
endloop
endfacet
facet normal -2.724428532961587e-21 3.2779216248435927e-18 1.0
outer loop
vertex 38.44671772009336 49.88599263895474 2.2450000000000108
vertex 41.36614182608054 41.81769255190969 2.2450000000000108
vertex 39.30494569032933 49.644855005044285 2.2450000000000108
endloop
endfacet
facet normal -2.724428532961587e-21 3.2779216248435927e-18 1.0
outer loop
vertex 39.30494569032933 49.644855005044285 2.2450000000000108
vertex 41.36614182608054 41.81769255190969 2.2450000000000108
vertex 40.16054978575375 49.394566692739794 2.2450000000000108
endloop
endfacet
facet normal -2.724428532961587e-21 3.2779216248435927e-18 1.0
outer loop
vertex 40.16054978575375 49.394566692739794 2.2450000000000108
vertex 41.36614182608054 41.81769255190969 2.2450000000000108
vertex 41.01343244215915 49.135156242321536 2.2450000000000108
endloop
endfacet
facet normal -2.724428532961587e-21 3.2779216248435927e-18 1.0
outer loop
vertex 41.01343244215915 49.135156242321536 2.2450000000000108
vertex 41.36614182608054 41.81769255190969 2.2450000000000108
vertex 41.863496405662715 48.86665323426394 2.2450000000000108
endloop
endfacet
facet normal -2.724428532961587e-21 3.2779216248435927e-18 1.0
outer loop
vertex 41.863496405662715 48.86665323426394 2.2450000000000108
vertex 41.36614182608054 41.81769255190969 2.2450000000000108
vertex 44.51595236191922 41.207690944732605 2.2450000000000108
endloop
endfacet
facet normal -2.724428532961587e-21 3.2779216248435927e-18 1.0
outer loop
vertex 41.863496405662715 48.86665323426394 2.2450000000000108
vertex 44.51595236191922 41.207690944732605 2.2450000000000108
vertex 42.71064474379604 48.58908828586227 2.2450000000000108
endloop
endfacet
facet normal -2.724428532961587e-21 3.2779216248435927e-18 1.0
outer loop
vertex 42.71064474379604 48.58908828586227 2.2450000000000108
vertex 44.51595236191922 41.207690944732605 2.2450000000000108
vertex 43.55478085655849 48.30249304774133 2.2450000000000108
endloop
endfacet
facet normal -2.724428532961587e-21 3.2779216248435927e-18 1.0
outer loop
vertex 43.55478085655849 48.30249304774133 2.2450000000000108
vertex 44.51595236191922 41.207690944732605 2.2450000000000108
vertex 44.39580848743229 48.00690020024646 2.2450000000000108
endloop
endfacet
facet normal -2.724428532961587e-21 3.2779216248435927e-18 1.0
outer loop
vertex 44.39580848743229 48.00690020024646 2.2450000000000108
vertex 44.51595236191922 41.207690944732605 2.2450000000000108
vertex 45.23363173435857 47.70234344971679 2.2450000000000108
endloop
endfacet
facet normal -2.724428532961587e-21 3.2779216248435927e-18 1.0
outer loop
vertex 45.23363173435857 47.70234344971679 2.2450000000000108
vertex 44.51595236191922 41.207690944732605 2.2450000000000108
vertex 47.624895113588884 40.41530004417983 2.2450000000000108
endloop
endfacet
facet normal -2.724428532961587e-21 3.2779216248435927e-18 1.0
outer loop
vertex 45.23363173435857 47.70234344971679 2.2450000000000108
vertex 47.624895113588884 40.41530004417983 2.2450000000000108
vertex 46.06815506067328 47.38885752464209 2.2450000000000108
endloop
endfacet
facet normal -2.724428532961587e-21 3.2779216248435927e-18 1.0
outer loop
vertex 46.06815506067328 47.38885752464209 2.2450000000000108
vertex 47.624895113588884 40.41530004417983 2.2450000000000108
vertex 46.89928330600093 47.066478171702364 2.2450000000000108
endloop
endfacet
facet normal -2.724428532961587e-21 3.2779216248435927e-18 1.0
outer loop
vertex 46.89928330600093 47.066478171702364 2.2450000000000108
vertex 47.624895113588884 40.41530004417983 2.2450000000000108
vertex 47.726921697105915 46.73524215169175 2.2450000000000108
endloop
endfacet
facet normal -2.724428532961587e-21 3.2779216248435927e-18 1.0
outer loop
vertex 47.726921697105915 46.73524215169175 2.2450000000000108
vertex 47.624895113588884 40.41530004417983 2.2450000000000108
vertex 50.682418268348414 39.44320924052588 2.2450000000000108
endloop
endfacet
facet normal -2.724428532961587e-21 3.2779216248435927e-18 1.0
outer loop
vertex 47.726921697105915 46.73524215169175 2.2450000000000108
vertex 50.682418268348414 39.44320924052588 2.2450000000000108
vertex 48.55097585869932 46.39518723532687 2.2450000000000108
endloop
endfacet
facet normal -2.724428532961587e-21 3.2779216248435927e-18 1.0
outer loop
vertex 48.55097585869932 46.39518723532687 2.2450000000000108
vertex 50.682418268348414 39.44320924052588 2.2450000000000108
vertex 49.3713518242005 46.046352198939566 2.2450000000000108
endloop
endfacet
facet normal -2.724428532961587e-21 3.2779216248435927e-18 1.0
outer loop
vertex 49.3713518242005 46.046352198939566 2.2450000000000108
vertex 50.682418268348414 39.44320924052588 2.2450000000000108
vertex 50.18795604645225 45.68877682005579 2.2450000000000108
endloop
endfacet
facet normal -2.724428532961587e-21 3.2779216248435927e-18 1.0
outer loop
vertex 50.18795604645225 45.68877682005579 2.2450000000000108
vertex 50.682418268348414 39.44320924052588 2.2450000000000108
vertex 51.00069540838763 45.322501872858695 2.2450000000000108
endloop
endfacet
facet normal -2.724428532961587e-21 3.2779216248435927e-18 1.0
outer loop
vertex 51.00069540838763 45.322501872858695 2.2450000000000108
vertex 50.682418268348414 39.44320924052588 2.2450000000000108
vertex 53.67814453257761 38.29471782904502 2.2450000000000108
endloop
endfacet
facet normal -2.724428532961587e-21 3.2779216248435927e-18 1.0
outer loop
vertex 51.00069540838763 45.322501872858695 2.2450000000000108
vertex 53.67814453257761 38.29471782904502 2.2450000000000108
vertex 60.591810025748 40.2402073608895 2.2450000000000108
endloop
endfacet
facet normal -2.724428532961587e-21 3.2779216248435927e-18 1.0
outer loop
vertex 60.591810025748 40.2402073608895 2.2450000000000108
vertex 53.67814453257761 38.29471782904502 2.2450000000000108
vertex 56.60190635251671 36.97372381213768 2.2450000000000108
endloop
endfacet
facet normal -2.724428532961587e-21 3.2779216248435927e-18 1.0
outer loop
vertex 60.591810025748 40.2402073608895 2.2450000000000108
vertex 56.60190635251671 36.97372381213768 2.2450000000000108
vertex 57.40736461199235 36.530483065229745 2.2450000000000108
endloop
endfacet
facet normal -2.724428532961587e-21 3.2779216248435927e-18 1.0
outer loop
vertex 60.591810025748 40.2402073608895 2.2450000000000108
vertex 57.40736461199235 36.530483065229745 2.2450000000000108
vertex 58.164989801565554 36.00968613781832 2.2450000000000108
endloop
endfacet
facet normal -2.724428532961587e-21 3.2779216248435927e-18 1.0
outer loop
vertex 60.591810025748 40.2402073608895 2.2450000000000108
vertex 58.164989801565554 36.00968613781832 2.2450000000000108
vertex 58.86733948671262 35.41644901216713 2.2450000000000108
endloop
endfacet
facet normal -2.724428532961587e-21 3.2779216248435927e-18 1.0
outer loop
vertex 60.591810025748 40.2402073608895 2.2450000000000108
vertex 58.86733948671262 35.41644901216713 2.2450000000000108
vertex 59.50751422478511 34.75659927759807 2.2450000000000108
endloop
endfacet
facet normal -2.724428532961587e-21 3.2779216248435927e-18 1.0
outer loop
vertex 60.591810025748 40.2402073608895 2.2450000000000108
vertex 59.50751422478511 34.75659927759807 2.2450000000000108
vertex 60.0792253408057 34.03661888390987 2.2450000000000108
endloop
endfacet
facet normal -2.724428532961587e-21 3.2779216248435927e-18 1.0
outer loop
vertex 60.591810025748 40.2402073608895 2.2450000000000108
vertex 60.0792253408057 34.03661888390987 2.2450000000000108
vertex 60.57685670346561 33.26358046676982 2.2450000000000108
endloop
endfacet
facet normal -2.724428532961587e-21 3.2779216248435927e-18 1.0
outer loop
vertex 60.591810025748 40.2402073608895 2.2450000000000108
vertex 60.57685670346561 33.26358046676982 2.2450000000000108
vertex 60.99551989447496 32.44507787057918 2.2450000000000108
endloop
endfacet
facet normal -2.724428532961587e-21 3.2779216248435927e-18 1.0
outer loop
vertex 60.591810025748 40.2402073608895 2.2450000000000108
vertex 60.99551989447496 32.44507787057918 2.2450000000000108
vertex 63.82795860621041 38.44848525714972 2.2450000000000108
endloop
endfacet
facet normal -2.724428532961587e-21 3.2779216248435927e-18 1.0
outer loop
vertex 63.82795860621041 38.44848525714972 2.2450000000000108
vertex 60.99551989447496 32.44507787057918 2.2450000000000108
vertex 61.33110222931718 31.58915155130928 2.2450000000000108
endloop
endfacet
facet normal -2.724428532961587e-21 3.2779216248435927e-18 1.0
outer loop
vertex 63.82795860621041 38.44848525714972 2.2450000000000108
vertex 61.33110222931718 31.58915155130928 2.2450000000000108
vertex 61.58030715768113 30.704209592107308 2.2450000000000108
endloop
endfacet
facet normal -2.724428532961587e-21 3.2779216248435927e-18 1.0
outer loop
vertex 63.82795860621041 38.44848525714972 2.2450000000000108
vertex 61.58030715768113 30.704209592107308 2.2450000000000108
vertex 61.74068664670322 29.798945107562577 2.2450000000000108
endloop
endfacet
facet normal -2.724428532961587e-21 3.2779216248435927e-18 1.0
outer loop
vertex 63.82795860621041 38.44848525714972 2.2450000000000108
vertex 61.74068664670322 29.798945107562577 2.2450000000000108
vertex 61.8106652289064 28.88225084800281 2.2450000000000108
endloop
endfacet
facet normal -2.724428532961587e-21 3.2779216248435927e-18 1.0
outer loop
vertex 63.82795860621041 38.44848525714972 2.2450000000000108
vertex 61.8106652289064 28.88225084800281 2.2450000000000108
vertex 61.861127166441776 16.756365165542853 2.2450000000000108
endloop
endfacet
facet normal -2.724428532961587e-21 3.2779216248435927e-18 1.0
outer loop
vertex 63.82795860621041 38.44848525714972 2.2450000000000108
vertex 61.861127166441776 16.756365165542853 2.2450000000000108
vertex 62.628629182597045 18.104641419012566 2.2450000000000108
endloop
endfacet
facet normal -2.724428532961587e-21 3.2779216248435927e-18 1.0
outer loop
vertex 63.82795860621041 38.44848525714972 2.2450000000000108
vertex 62.628629182597045 18.104641419012566 2.2450000000000108
vertex 63.36395912616394 19.470730023227777 2.2450000000000108
endloop
endfacet
facet normal -2.724428532961587e-21 3.2779216248435927e-18 1.0
outer loop
vertex 63.82795860621041 38.44848525714972 2.2450000000000108
vertex 63.36395912616394 19.470730023227777 2.2450000000000108
vertex 64.06670385179336 20.853863440896852 2.2450000000000108
endloop
endfacet
facet normal -2.724428532961587e-21 3.2779216248435927e-18 1.0
outer loop
vertex 63.82795860621041 38.44848525714972 2.2450000000000108
vertex 64.06670385179336 20.853863440896852 2.2450000000000108
vertex 64.10496697926843 38.28818457333078 2.2450000000000108
endloop
endfacet
facet normal -2.724428532961587e-21 3.2779216248435927e-18 1.0
outer loop
vertex 64.10496697926843 38.28818457333078 2.2450000000000108
vertex 64.06670385179336 20.853863440896852 2.2450000000000108
vertex 64.73646852215059 22.25326455809454 2.2450000000000108
endloop
endfacet
facet normal -2.724428532961587e-21 3.2779216248435927e-18 1.0
outer loop
vertex 64.10496697926843 38.28818457333078 2.2450000000000108
vertex 64.73646852215059 22.25326455809454 2.2450000000000108
vertex 64.3857130289222 38.134523896575544 2.2450000000000103
endloop
endfacet
facet normal -2.724428532961587e-21 3.2779216248435927e-18 1.0
outer loop
vertex 64.3857130289222 38.134523896575544 2.2450000000000103
vertex 64.73646852215059 22.25326455809454 2.2450000000000108
vertex 64.67003762111433 37.98759032569463 2.2450000000000103
endloop
endfacet
facet normal -2.724428532961587e-21 3.2779216248435927e-18 1.0
outer loop
vertex 64.67003762111433 37.98759032569463 2.2450000000000103
vertex 64.73646852215059 22.25326455809454 2.2450000000000108
vertex 64.95777959337781 37.847467146402295 2.2450000000000103
endloop
endfacet
facet normal -2.724428532961587e-21 3.2779216248435927e-18 1.0
outer loop
vertex 64.95777959337781 37.847467146402295 2.2450000000000103
vertex 64.73646852215059 22.25326455809454 2.2450000000000108
vertex 65.37287682975487 23.668147120883777 2.2450000000000108
endloop
endfacet
facet normal -2.724428532961587e-21 3.2779216248435927e-18 1.0
outer loop
vertex 64.95777959337781 37.847467146402295 2.2450000000000103
vertex 65.37287682975487 23.668147120883777 2.2450000000000108
vertex 65.24877584618689 37.71423378410849 2.2450000000000103
endloop
endfacet
facet normal -2.724428532961587e-21 3.2779216248435927e-18 1.0
outer loop
vertex 65.24877584618689 37.71423378410849 2.2450000000000103
vertex 65.37287682975487 23.668147120883777 2.2450000000000108
vertex 65.54286143540635 37.58796575889809 2.2450000000000103
endloop
endfacet
facet normal -2.724428532961587e-21 3.2779216248435927e-18 1.0
outer loop
vertex 65.54286143540635 37.58796575889809 2.2450000000000103
vertex 65.37287682975487 23.668147120883777 2.2450000000000108
vertex 65.97557120840784 25.097716177072634 2.2450000000000108
endloop
endfacet
facet normal -2.724428532961587e-21 3.2779216248435927e-18 1.0
outer loop
vertex 65.54286143540635 37.58796575889809 2.2450000000000103
vertex 65.97557120840784 25.097716177072634 2.2450000000000108
vertex 65.83986966578564 37.46873464272455 2.2450000000000103
endloop
endfacet
facet normal -2.724428532961587e-21 3.2779216248435927e-18 1.0
outer loop
vertex 65.83986966578564 37.46873464272455 2.2450000000000103
vertex 65.97557120840784 25.097716177072634 2.2450000000000108
vertex 66.1396321854466 37.35660801884085 2.2450000000000103
endloop
endfacet
facet normal -2.724428532961587e-21 3.2779216248435927e-18 1.0
outer loop
vertex 66.1396321854466 37.35660801884085 2.2450000000000103
vertex 65.97557120840784 25.097716177072634 2.2450000000000108
vertex 66.54421303409231 26.541168522858655 2.2450000000000108
endloop
endfacet
facet normal -2.724428532961587e-21 3.2779216248435927e-18 1.0
outer loop
vertex 66.1396321854466 37.35660801884085 2.2450000000000103
vertex 66.54421303409231 26.541168522858655 2.2450000000000108
vertex 66.44197908130907 37.251649443491466 2.2450000000000103
endloop
endfacet
facet normal -2.724428532961587e-21 3.2779216248435927e-18 1.0
outer loop
vertex 66.44197908130907 37.251649443491466 2.2450000000000103
vertex 66.54421303409231 26.541168522858655 2.2450000000000108
vertex 66.74673897540238 37.15391840988735 2.2450000000000103
endloop
endfacet
facet normal -2.724428532961587e-21 3.2779216248435927e-18 1.0
outer loop
vertex 66.74673897540238 37.15391840988735 2.2450000000000103
vertex 66.54421303409231 26.541168522858655 2.2450000000000108
vertex 66.62532306470754 26.681353403714 2.2450000000000108
endloop
endfacet
facet normal -2.724428532961587e-21 3.2779216248435927e-18 1.0
outer loop
vertex 66.74673897540238 37.15391840988735 2.2450000000000103
vertex 66.62532306470754 26.681353403714 2.2450000000000108
vertex 66.71363320519607 26.81711774724246 2.2450000000000103
endloop
endfacet
facet normal -2.724428532961587e-21 3.2779216248435927e-18 1.0
outer loop
vertex 66.74673897540238 37.15391840988735 2.2450000000000103
vertex 66.71363320519607 26.81711774724246 2.2450000000000103
vertex 66.80890313280403 26.94809209122019 2.2450000000000103
endloop
endfacet
facet normal -2.724428532961587e-21 3.2779216248435927e-18 1.0
outer loop
vertex 66.74673897540238 37.15391840988735 2.2450000000000103
vertex 66.80890313280403 26.94809209122019 2.2450000000000103
vertex 67.05373912200638 37.06347031448361 2.2450000000000103
endloop
endfacet
facet normal -2.724428532961587e-21 3.2779216248435927e-18 1.0
outer loop
vertex 67.05373912200638 37.06347031448361 2.2450000000000103
vertex 66.80890313280403 26.94809209122019 2.2450000000000103
vertex 66.9108735847647 27.07392000868594 2.2450000000000103
endloop
endfacet
facet normal -2.724428532961587e-21 3.2779216248435927e-18 1.0
outer loop
vertex 67.05373912200638 37.06347031448361 2.2450000000000103
vertex 66.9108735847647 27.07392000868594 2.2450000000000103
vertex 67.01926706384293 27.194259077903407 2.2450000000000103
endloop
endfacet
facet normal -2.724428532961587e-21 3.2779216248435927e-18 1.0
outer loop
vertex 67.05373912200638 37.06347031448361 2.2450000000000103
vertex 67.01926706384293 27.194259077903407 2.2450000000000103
vertex 67.13378859350219 27.308781814210764 2.2450000000000103
endloop
endfacet
facet normal -2.724428532961587e-21 3.2779216248435927e-18 1.0
outer loop
vertex 67.05373912200638 37.06347031448361 2.2450000000000103
vertex 67.13378859350219 27.308781814210764 2.2450000000000103
vertex 67.36280550556859 36.98035642557922 2.2450000000000103
endloop
endfacet
facet normal -2.724428532961587e-21 3.2779216248435927e-18 1.0
outer loop
vertex 67.36280550556859 36.98035642557922 2.2450000000000103
vertex 67.13378859350219 27.308781814210764 2.2450000000000103
vertex 67.2541265206387 27.41717656122051 2.2450000000000103
endloop
endfacet
facet normal -2.724428532961587e-21 3.2779216248435927e-18 1.0
outer loop
vertex 67.36280550556859 36.98035642557922 2.2450000000000103
vertex 67.2541265206387 27.41717656122051 2.2450000000000103
vertex 67.37995336369849 27.51914833894569 2.2450000000000103
endloop
endfacet
facet normal -2.724428532961587e-21 3.2779216248435927e-18 1.0
outer loop
vertex 67.36280550556859 36.98035642557922 2.2450000000000103
vertex 67.37995336369849 27.51914833894569 2.2450000000000103
vertex 67.67376293934045 36.90462385425683 2.2450000000000103
endloop
endfacet
facet normal -2.724428532961587e-21 3.2779216248435927e-18 1.0
outer loop
vertex 67.67376293934045 36.90462385425683 2.2450000000000103
vertex 67.37995336369849 27.51914833894569 2.2450000000000103
vertex 67.51092670386925 27.614419646543126 2.2450000000000103
endloop
endfacet
facet normal -2.724428532961587e-21 3.2779216248435927e-18 1.0
outer loop
vertex 67.67376293934045 36.90462385425683 2.2450000000000103
vertex 67.51092670386925 27.614419646543126 2.2450000000000103
vertex 67.64669011692148 27.702731217490747 2.2450000000000103
endloop
endfacet
facet normal -2.724428532961587e-21 3.2779216248435927e-18 1.0
outer loop
vertex 67.67376293934045 36.90462385425683 2.2450000000000103
vertex 67.64669011692148 27.702731217490747 2.2450000000000103
vertex 67.7868741431633 27.78384272514192 2.2450000000000108
endloop
endfacet
facet normal -2.724428532961587e-21 3.2779216248435927e-18 1.0
outer loop
vertex 67.67376293934045 36.90462385425683 2.2450000000000103
vertex 67.7868741431633 27.78384272514192 2.2450000000000108
vertex 67.98643516467752 36.836315527679254 2.2450000000000094
endloop
endfacet
facet normal -2.724428532961587e-21 3.2779216248435927e-18 1.0
outer loop
vertex 67.98643516467752 36.836315527679254 2.2450000000000094
vertex 67.7868741431633 27.78384272514192 2.2450000000000108
vertex 67.93109729286964 27.857533436738557 2.2450000000000108
endloop
endfacet
facet normal -2.724428532961587e-21 3.2779216248435927e-18 1.0
outer loop
vertex 67.98643516467752 36.836315527679254 2.2450000000000094
vertex 67.93109729286964 27.857533436738557 2.2450000000000108
vertex 68.1845074692771 27.972689038654973 2.2450000000000108
endloop
endfacet
facet normal -2.724428532961587e-21 3.2779216248435927e-18 1.0
outer loop
vertex 67.98643516467752 36.836315527679254 2.2450000000000094
vertex 68.1845074692771 27.972689038654973 2.2450000000000108
vertex 68.30064495094757 36.775470164756875 2.2450000000000094
endloop
endfacet
facet normal -2.724428532961587e-21 3.2779216248435927e-18 1.0
outer loop
vertex 68.30064495094757 36.775470164756875 2.2450000000000094
vertex 68.1845074692771 27.972689038654973 2.2450000000000108
vertex 68.44226864979703 28.077744757093335 2.2450000000000108
endloop
endfacet
facet normal -2.724428532961587e-21 3.2779216248435927e-18 1.0
outer loop
vertex 68.30064495094757 36.775470164756875 2.2450000000000094
vertex 68.44226864979703 28.077744757093335 2.2450000000000108
vertex 68.61621419598958 36.72212225420113 2.2450000000000094
endloop
endfacet
facet normal -2.724428532961587e-21 3.2779216248435927e-18 1.0
outer loop
vertex 68.61621419598958 36.72212225420113 2.2450000000000094
vertex 68.44226864979703 28.077744757093335 2.2450000000000108
vertex 68.70397848100886 28.172536604879333 2.2450000000000108
endloop
endfacet
facet normal -2.724428532961587e-21 3.2779216248435927e-18 1.0
outer loop
vertex 68.61621419598958 36.72212225420113 2.2450000000000094
vertex 68.70397848100886 28.172536604879333 2.2450000000000108
vertex 68.93296402706638 36.676302034975215 2.2450000000000094
endloop
endfacet
facet normal -2.724428532961587e-21 3.2779216248435927e-18 1.0
outer loop
vertex 68.93296402706638 36.676302034975215 2.2450000000000094
vertex 68.70397848100886 28.172536604879333 2.2450000000000108
vertex 68.96922844582905 28.256916616271404 2.2450000000000108
endloop
endfacet
facet normal -2.724428532961587e-21 3.2779216248435927e-18 1.0
outer loop
vertex 68.93296402706638 36.676302034975215 2.2450000000000094
vertex 68.96922844582905 28.256916616271404 2.2450000000000108
vertex 69.25071490225419 36.63803547915385 2.2450000000000094
endloop
endfacet
facet normal -2.724428532961587e-21 3.2779216248435927e-18 1.0
outer loop
vertex 69.25071490225419 36.63803547915385 2.2450000000000094
vertex 68.96922844582905 28.256916616271404 2.2450000000000108
vertex 69.23760450118704 28.330753077928982 2.2450000000000108
endloop
endfacet
facet normal -2.724428532961587e-21 3.2779216248435927e-18 1.0
outer loop
vertex 69.25071490225419 36.63803547915385 2.2450000000000094
vertex 69.23760450118704 28.330753077928982 2.2450000000000108
vertex 69.50868772432801 28.393930734510416 2.2450000000000103
endloop
endfacet
facet normal -2.724428532961587e-21 3.2779216248435927e-18 1.0
outer loop
vertex 69.25071490225419 36.63803547915385 2.2450000000000094
vertex 69.50868772432801 28.393930734510416 2.2450000000000103
vertex 69.56928671221202 36.6073442772019 2.2450000000000094
endloop
endfacet
facet normal -2.724428532961587e-21 3.2779216248435927e-18 1.0
outer loop
vertex 69.56928671221202 36.6073442772019 2.2450000000000094
vertex 69.50868772432801 28.393930734510416 2.2450000000000103
vertex 69.78205496673193 28.446350968581545 2.2450000000000103
endloop
endfacet
facet normal -2.724428532961587e-21 3.2779216248435927e-18 1.0
outer loop
vertex 69.56928671221202 36.6073442772019 2.2450000000000094
vertex 69.78205496673193 28.446350968581545 2.2450000000000103
vertex 69.88849888227182 36.584245825679176 2.2450000000000094
endloop
endfacet
facet normal -2.724428532961587e-21 3.2779216248435927e-18 1.0
outer loop
vertex 69.88849888227182 36.584245825679176 2.2450000000000094
vertex 69.78205496673193 28.446350968581545 2.2450000000000103
vertex 70.05727951462917 28.48793195455333 2.2450000000000103
endloop
endfacet
facet normal -2.724428532961587e-21 3.2779216248435927e-18 1.0
outer loop
vertex 69.88849888227182 36.584245825679176 2.2450000000000094
vertex 70.05727951462917 28.48793195455333 2.2450000000000103
vertex 70.04833467853251 36.576499521529705 2.2450000000000094
endloop
endfacet
facet normal -2.724428532961587e-21 3.2779216248435927e-18 1.0
outer loop
vertex 70.04833467853251 36.576499521529705 2.2450000000000094
vertex 70.05727951462917 28.48793195455333 2.2450000000000103
vertex 72.44775935946991 36.584245825679176 2.2450000000000094
endloop
endfacet
facet normal -2.724428532961587e-21 3.2779216248435927e-18 1.0
outer loop
vertex 72.44775935946991 36.584245825679176 2.2450000000000094
vertex 70.05727951462917 28.48793195455333 2.2450000000000103
vertex 70.33393175508103 28.518608786407224 2.2450000000000094
endloop
endfacet
facet normal -2.724428532961587e-21 3.2779216248435927e-18 1.0
outer loop
vertex 72.44775935946991 36.584245825679176 2.2450000000000094
vertex 70.33393175508103 28.518608786407224 2.2450000000000094
vertex 70.61157984658601 28.53833357901091 2.2450000000000094
endloop
endfacet
facet normal -2.724428532961587e-21 3.2779216248435927e-18 1.0
outer loop
vertex 72.44775935946991 36.584245825679176 2.2450000000000094
vertex 70.61157984658601 28.53833357901091 2.2450000000000094
vertex 70.88979039316465 28.547075542864896 2.2450000000000094
endloop
endfacet
facet normal -2.724428532961587e-21 3.2779216248435927e-18 1.0
outer loop
vertex 72.44775935946991 36.584245825679176 2.2450000000000094
vertex 70.88979039316465 28.547075542864896 2.2450000000000094
vertex 71.16812912087086 28.54482103216318 2.245000000000009
endloop
endfacet
facet normal -2.724428532961587e-21 3.2779216248435927e-18 1.0
outer loop
vertex 72.44775935946991 36.584245825679176 2.2450000000000094
vertex 71.16812912087086 28.54482103216318 2.245000000000009
vertex 71.44646784857692 28.547075542864896 2.2450000000000094
endloop
endfacet
facet normal -2.724428532961587e-21 3.2779216248435927e-18 1.0
outer loop
vertex 72.44775935946991 36.584245825679176 2.2450000000000094
vertex 71.44646784857692 28.547075542864896 2.2450000000000094
vertex 71.7246783951556 28.53833357901091 2.2450000000000094
endloop
endfacet
facet normal -2.724428532961587e-21 3.2779216248435927e-18 1.0
outer loop
vertex 72.44775935946991 36.584245825679176 2.2450000000000094
vertex 71.7246783951556 28.53833357901091 2.2450000000000094
vertex 72.00232648666059 28.518608786407224 2.2450000000000094
endloop
endfacet
facet normal -2.724428532961587e-21 3.2779216248435927e-18 1.0
outer loop
vertex 72.44775935946991 36.584245825679176 2.2450000000000094
vertex 72.00232648666059 28.518608786407224 2.2450000000000094
vertex 72.27897872711249 28.48793195455333 2.2450000000000103
endloop
endfacet
facet normal -2.724428532961587e-21 3.2779216248435927e-18 1.0
outer loop
vertex 72.44775935946991 36.584245825679176 2.2450000000000094
vertex 72.27897872711249 28.48793195455333 2.2450000000000103
vertex 72.55420327500978 28.446350968581545 2.2450000000000103
endloop
endfacet
facet normal -2.724428532961587e-21 3.2779216248435927e-18 1.0
outer loop
vertex 72.44775935946991 36.584245825679176 2.2450000000000094
vertex 72.55420327500978 28.446350968581545 2.2450000000000103
vertex 72.7669715295296 36.6073442772019 2.2450000000000094
endloop
endfacet
facet normal -2.724428532961587e-21 3.2779216248435927e-18 1.0
outer loop
vertex 72.7669715295296 36.6073442772019 2.2450000000000094
vertex 72.55420327500978 28.446350968581545 2.2450000000000103
vertex 72.82757051741372 28.393930734510416 2.2450000000000103
endloop
endfacet
facet normal -2.724428532961587e-21 3.2779216248435927e-18 1.0
outer loop
vertex 72.7669715295296 36.6073442772019 2.2450000000000094
vertex 72.82757051741372 28.393930734510416 2.2450000000000103
vertex 73.08554333948753 36.63803547915385 2.2450000000000094
endloop
endfacet
facet normal -2.724428532961587e-21 3.2779216248435927e-18 1.0
outer loop
vertex 73.08554333948753 36.63803547915385 2.2450000000000094
vertex 72.82757051741372 28.393930734510416 2.2450000000000103
vertex 73.09865374055458 28.330753077928982 2.2450000000000108
endloop
endfacet
facet normal -2.724428532961587e-21 3.2779216248435927e-18 1.0
outer loop
vertex 73.08554333948753 36.63803547915385 2.2450000000000094
vertex 73.09865374055458 28.330753077928982 2.2450000000000108
vertex 73.4032942146753 36.676302034975215 2.2450000000000094
endloop
endfacet
facet normal -2.724428532961587e-21 3.2779216248435927e-18 1.0
outer loop
vertex 73.4032942146753 36.676302034975215 2.2450000000000094
vertex 73.09865374055458 28.330753077928982 2.2450000000000108
vertex 73.36702979591279 28.256916616271404 2.2450000000000108
endloop
endfacet
facet normal -2.724428532961587e-21 3.2779216248435927e-18 1.0
outer loop
vertex 73.4032942146753 36.676302034975215 2.2450000000000094
vertex 73.36702979591279 28.256916616271404 2.2450000000000108
vertex 73.63227976073276 28.172536604879333 2.2450000000000108
endloop
endfacet
facet normal -2.724428532961587e-21 3.2779216248435927e-18 1.0
outer loop
vertex 73.4032942146753 36.676302034975215 2.2450000000000094
vertex 73.63227976073276 28.172536604879333 2.2450000000000108
vertex 73.72004404575203 36.72212225420113 2.2450000000000094
endloop
endfacet
facet normal -2.724428532961587e-21 3.2779216248435927e-18 1.0
outer loop
vertex 73.72004404575203 36.72212225420113 2.2450000000000094
vertex 73.63227976073276 28.172536604879333 2.2450000000000108
vertex 73.89398959194476 28.077744757093335 2.2450000000000108
endloop
endfacet
facet normal -2.724428532961587e-21 3.2779216248435927e-18 1.0
outer loop
vertex 73.72004404575203 36.72212225420113 2.2450000000000094
vertex 73.89398959194476 28.077744757093335 2.2450000000000108
vertex 74.03561329079422 36.775470164756875 2.2450000000000094
endloop
endfacet
facet normal -2.724428532961587e-21 3.2779216248435927e-18 1.0
outer loop
vertex 74.03561329079422 36.775470164756875 2.2450000000000094
vertex 73.89398959194476 28.077744757093335 2.2450000000000108
vertex 74.15175077246468 27.972689038654973 2.2450000000000108
endloop
endfacet
facet normal -2.724428532961587e-21 3.2779216248435927e-18 1.0
outer loop
vertex 74.03561329079422 36.775470164756875 2.2450000000000094
vertex 74.15175077246468 27.972689038654973 2.2450000000000108
vertex 74.3498230770641 36.836315527679254 2.2450000000000094
endloop
endfacet
facet normal -2.724428532961587e-21 3.2779216248435927e-18 1.0
outer loop
vertex 74.3498230770641 36.836315527679254 2.2450000000000094
vertex 74.15175077246468 27.972689038654973 2.2450000000000108
vertex 74.40516094887208 27.857533436738557 2.2450000000000108
endloop
endfacet
facet normal -2.724428532961587e-21 3.2779216248435927e-18 1.0
outer loop
vertex 74.3498230770641 36.836315527679254 2.2450000000000094
vertex 74.40516094887208 27.857533436738557 2.2450000000000108
vertex 74.66249530240111 36.90462385425683 2.2450000000000103
endloop
endfacet
facet normal -2.724428532961587e-21 3.2779216248435927e-18 1.0
outer loop
vertex 74.66249530240111 36.90462385425683 2.2450000000000103
vertex 74.40516094887208 27.857533436738557 2.2450000000000108
vertex 74.54938409857832 27.78384272514192 2.2450000000000108
endloop
endfacet
facet normal -2.724428532961587e-21 3.2779216248435927e-18 1.0
outer loop
vertex 74.66249530240111 36.90462385425683 2.2450000000000103
vertex 74.54938409857832 27.78384272514192 2.2450000000000108
vertex 74.68956812482035 27.702731217490747 2.2450000000000103
endloop
endfacet
facet normal -2.724428532961587e-21 3.2779216248435927e-18 1.0
outer loop
vertex 74.66249530240111 36.90462385425683 2.2450000000000103
vertex 74.68956812482035 27.702731217490747 2.2450000000000103
vertex 74.97345273617314 36.98035642557922 2.2450000000000103
endloop
endfacet
facet normal -2.724428532961587e-21 3.2779216248435927e-18 1.0
outer loop
vertex 74.97345273617314 36.98035642557922 2.2450000000000103
vertex 74.68956812482035 27.702731217490747 2.2450000000000103
vertex 74.82533153787232 27.614419646543126 2.2450000000000103
endloop
endfacet
facet normal -2.724428532961587e-21 3.2779216248435927e-18 1.0
outer loop
vertex 74.97345273617314 36.98035642557922 2.2450000000000103
vertex 74.82533153787232 27.614419646543126 2.2450000000000103
vertex 74.95630487804317 27.51914833894569 2.2450000000000103
endloop
endfacet
facet normal -2.724428532961587e-21 3.2779216248435927e-18 1.0
outer loop
vertex 74.97345273617314 36.98035642557922 2.2450000000000103
vertex 74.95630487804317 27.51914833894569 2.2450000000000103
vertex 75.08213172110302 27.41717656122051 2.2450000000000103
endloop
endfacet
facet normal -2.724428532961587e-21 3.2779216248435927e-18 1.0
outer loop
vertex 74.97345273617314 36.98035642557922 2.2450000000000103
vertex 75.08213172110302 27.41717656122051 2.2450000000000103
vertex 75.2825191197354 37.06347031448361 2.2450000000000103
endloop
endfacet
facet normal -2.724428532961587e-21 3.2779216248435927e-18 1.0
outer loop
vertex 75.2825191197354 37.06347031448361 2.2450000000000103
vertex 75.08213172110302 27.41717656122051 2.2450000000000103
vertex 75.20246964823943 27.308781814210764 2.2450000000000103
endloop
endfacet
facet normal -2.724428532961587e-21 3.2779216248435927e-18 1.0
outer loop
vertex 75.2825191197354 37.06347031448361 2.2450000000000103
vertex 75.20246964823943 27.308781814210764 2.2450000000000103
vertex 75.3169911778988 27.194259077903407 2.2450000000000103
endloop
endfacet
facet normal -2.724428532961587e-21 3.2779216248435927e-18 1.0
outer loop
vertex 75.2825191197354 37.06347031448361 2.2450000000000103
vertex 75.3169911778988 27.194259077903407 2.2450000000000103
vertex 75.58951926633941 37.15391840988735 2.2450000000000103
endloop
endfacet
facet normal -2.724428532961587e-21 3.2779216248435927e-18 1.0
outer loop
vertex 75.58951926633941 37.15391840988735 2.2450000000000103
vertex 75.3169911778988 27.194259077903407 2.2450000000000103
vertex 75.42538465697702 27.07392000868594 2.2450000000000103
endloop
endfacet
facet normal -2.724428532961587e-21 3.2779216248435927e-18 1.0
outer loop
vertex 75.58951926633941 37.15391840988735 2.2450000000000103
vertex 75.42538465697702 27.07392000868594 2.2450000000000103
vertex 75.5273551089377 26.94809209122019 2.2450000000000103
endloop
endfacet
facet normal -2.724428532961587e-21 3.2779216248435927e-18 1.0
outer loop
vertex 75.58951926633941 37.15391840988735 2.2450000000000103
vertex 75.5273551089377 26.94809209122019 2.2450000000000103
vertex 75.62262503654564 26.81711774724246 2.2450000000000103
endloop
endfacet
facet normal -2.724428532961587e-21 3.2779216248435927e-18 1.0
outer loop
vertex 75.58951926633941 37.15391840988735 2.2450000000000103
vertex 75.62262503654564 26.81711774724246 2.2450000000000103
vertex 75.89427916043259 37.251649443491466 2.2450000000000103
endloop
endfacet
facet normal -2.724428532961587e-21 3.2779216248435927e-18 1.0
outer loop
vertex 75.89427916043259 37.251649443491466 2.2450000000000103
vertex 75.62262503654564 26.81711774724246 2.2450000000000103
vertex 75.71093517703413 26.681353403714 2.2450000000000108
endloop
endfacet
facet normal -2.724428532961587e-21 3.2779216248435927e-18 1.0
outer loop
vertex 75.89427916043259 37.251649443491466 2.2450000000000103
vertex 75.71093517703413 26.681353403714 2.2450000000000108
vertex 75.79204520764942 26.541168522858655 2.2450000000000108
endloop
endfacet
facet normal -2.724428532961587e-21 3.2779216248435927e-18 1.0
outer loop
vertex 75.89427916043259 37.251649443491466 2.2450000000000103
vertex 75.79204520764942 26.541168522858655 2.2450000000000108
vertex 76.36068703333387 25.097716177072634 2.2450000000000108
endloop
endfacet
facet normal -2.724428532961587e-21 3.2779216248435927e-18 1.0
outer loop
vertex 75.89427916043259 37.251649443491466 2.2450000000000103
vertex 76.36068703333387 25.097716177072634 2.2450000000000108
vertex 76.19662605629517 37.35660801884085 2.2450000000000103
endloop
endfacet
facet normal -2.724428532961587e-21 3.2779216248435927e-18 1.0
outer loop
vertex 76.19662605629517 37.35660801884085 2.2450000000000103
vertex 76.36068703333387 25.097716177072634 2.2450000000000108
vertex 76.49638857595608 37.46873464272455 2.2450000000000103
endloop
endfacet
facet normal -2.724428532961587e-21 3.2779216248435927e-18 1.0
outer loop
vertex 76.49638857595608 37.46873464272455 2.2450000000000103
vertex 76.36068703333387 25.097716177072634 2.2450000000000108
vertex 76.96338141198675 23.668147120883777 2.2450000000000108
endloop
endfacet
facet normal -2.724428532961587e-21 3.2779216248435927e-18 1.0
outer loop
vertex 76.49638857595608 37.46873464272455 2.2450000000000103
vertex 76.96338141198675 23.668147120883777 2.2450000000000108
vertex 76.79339680633542 37.58796575889809 2.2450000000000103
endloop
endfacet
facet normal -2.724428532961587e-21 3.2779216248435927e-18 1.0
outer loop
vertex 76.79339680633542 37.58796575889809 2.2450000000000103
vertex 76.96338141198675 23.668147120883777 2.2450000000000108
vertex 77.08748239555483 37.71423378410849 2.2450000000000103
endloop
endfacet
facet normal -2.724428532961587e-21 3.2779216248435927e-18 1.0
outer loop
vertex 77.08748239555483 37.71423378410849 2.2450000000000103
vertex 76.96338141198675 23.668147120883777 2.2450000000000108
vertex 77.59978971959109 22.25326455809454 2.2450000000000108
endloop
endfacet
facet normal -2.724428532961587e-21 3.2779216248435927e-18 1.0
outer loop
vertex 77.08748239555483 37.71423378410849 2.2450000000000103
vertex 77.59978971959109 22.25326455809454 2.2450000000000108
vertex 77.37847864836387 37.847467146402295 2.2450000000000103
endloop
endfacet
facet normal -2.724428532961587e-21 3.2779216248435927e-18 1.0
outer loop
vertex 77.37847864836387 37.847467146402295 2.2450000000000103
vertex 77.59978971959109 22.25326455809454 2.2450000000000108
vertex 77.66622062062734 37.98759032569463 2.2450000000000103
endloop
endfacet
facet normal -2.724428532961587e-21 3.2779216248435927e-18 1.0
outer loop
vertex 77.66622062062734 37.98759032569463 2.2450000000000103
vertex 77.59978971959109 22.25326455809454 2.2450000000000108
vertex 78.26955438994835 20.853863440896852 2.2450000000000108
endloop
endfacet
facet normal -2.724428532961587e-21 3.2779216248435927e-18 1.0
outer loop
vertex 77.66622062062734 37.98759032569463 2.2450000000000103
vertex 78.26955438994835 20.853863440896852 2.2450000000000108
vertex 77.95054521281942 38.134523896575544 2.2450000000000103
endloop
endfacet
facet normal -2.724428532961587e-21 3.2779216248435927e-18 1.0
outer loop
vertex 77.95054521281942 38.134523896575544 2.2450000000000103
vertex 78.26955438994835 20.853863440896852 2.2450000000000108
vertex 78.2312912624733 38.28818457333078 2.2450000000000108
endloop
endfacet
facet normal -2.724428532961587e-21 3.2779216248435927e-18 1.0
outer loop
vertex 78.2312912624733 38.28818457333078 2.2450000000000108
vertex 78.26955438994835 20.853863440896852 2.2450000000000108
vertex 78.50829963553126 38.44848525714972 2.2450000000000108
endloop
endfacet
facet normal -2.724428532961587e-21 3.2779216248435927e-18 1.0
outer loop
vertex 78.50829963553126 38.44848525714972 2.2450000000000108
vertex 78.26955438994835 20.853863440896852 2.2450000000000108
vertex 78.97229911557773 19.470730023227777 2.2450000000000108
endloop
endfacet
facet normal -2.724428532961587e-21 3.2779216248435927e-18 1.0
outer loop
vertex 78.50829963553126 38.44848525714972 2.2450000000000108
vertex 78.97229911557773 19.470730023227777 2.2450000000000108
vertex 81.74444821599367 40.2402073608895 2.2450000000000108
endloop
endfacet
facet normal -2.724428532961587e-21 3.2779216248435927e-18 1.0
outer loop
vertex 81.74444821599367 40.2402073608895 2.2450000000000108
vertex 78.97229911557773 19.470730023227777 2.2450000000000108
vertex 80.59557159503841 29.79894510756268 2.2450000000000108
endloop
endfacet
facet normal -2.724428532961587e-21 3.2779216248435927e-18 1.0
outer loop
vertex 80.59557159503841 29.79894510756268 2.2450000000000108
vertex 78.97229911557773 19.470730023227777 2.2450000000000108
vertex 80.52559301283539 28.88225084800281 2.2450000000000108
endloop
endfacet
facet normal -2.724428532961587e-21 3.2779216248435927e-18 1.0
outer loop
vertex 80.52559301283539 28.88225084800281 2.2450000000000108
vertex 78.97229911557773 19.470730023227777 2.2450000000000108
vertex 79.70762905914462 18.104641419012566 2.2450000000000108
endloop
endfacet
facet normal -2.724428532961587e-21 3.2779216248435927e-18 1.0
outer loop
vertex 80.52559301283539 28.88225084800281 2.2450000000000108
vertex 79.70762905914462 18.104641419012566 2.2450000000000108
vertex 80.4751310753 16.756365165542853 2.2450000000000108
endloop
endfacet
facet normal -2.724428532961587e-21 3.2779216248435927e-18 1.0
outer loop
vertex 81.74444821599367 40.2402073608895 2.2450000000000108
vertex 80.59557159503841 29.79894510756268 2.2450000000000108
vertex 80.75595108406048 30.704209592107308 2.2450000000000108
endloop
endfacet
facet normal -2.724428532961587e-21 3.2779216248435927e-18 1.0
outer loop
vertex 81.74444821599367 40.2402073608895 2.2450000000000108
vertex 80.75595108406048 30.704209592107308 2.2450000000000108
vertex 81.00515601242438 31.58915155130928 2.2450000000000108
endloop
endfacet
facet normal -2.724428532961587e-21 3.2779216248435927e-18 1.0
outer loop
vertex 81.74444821599367 40.2402073608895 2.2450000000000108
vertex 81.00515601242438 31.58915155130928 2.2450000000000108
vertex 81.34073834726682 32.44507787057918 2.2450000000000108
endloop
endfacet
facet normal -2.724428532961587e-21 3.2779216248435927e-18 1.0
outer loop
vertex 81.74444821599367 40.2402073608895 2.2450000000000108
vertex 81.34073834726682 32.44507787057918 2.2450000000000108
vertex 81.75940153827617 33.26358046676982 2.2450000000000108
endloop
endfacet
facet normal -2.724428532961587e-21 3.2779216248435927e-18 1.0
outer loop
vertex 81.74444821599367 40.2402073608895 2.2450000000000108
vertex 81.75940153827617 33.26358046676982 2.2450000000000108
vertex 82.25703290093587 34.03661888390987 2.2450000000000108
endloop
endfacet
facet normal -2.724428532961587e-21 3.2779216248435927e-18 1.0
outer loop
vertex 81.74444821599367 40.2402073608895 2.2450000000000108
vertex 82.25703290093587 34.03661888390987 2.2450000000000108
vertex 82.8287440169565 34.75659927759807 2.2450000000000108
endloop
endfacet
facet normal -2.724428532961587e-21 3.2779216248435927e-18 1.0
outer loop
vertex 81.74444821599367 40.2402073608895 2.2450000000000108
vertex 82.8287440169565 34.75659927759807 2.2450000000000108
vertex 91.33556283335395 45.322501872858695 2.2450000000000108
endloop
endfacet
facet normal -2.724428532961587e-21 3.2779216248435927e-18 1.0
outer loop
vertex 91.33556283335395 45.322501872858695 2.2450000000000108
vertex 82.8287440169565 34.75659927759807 2.2450000000000108
vertex 83.46891875502894 35.41644901216713 2.2450000000000108
endloop
endfacet
facet normal -2.724428532961587e-21 3.2779216248435927e-18 1.0
outer loop
vertex 91.33556283335395 45.322501872858695 2.2450000000000108
vertex 83.46891875502894 35.41644901216713 2.2450000000000108
vertex 84.17126844017612 36.00968613781832 2.2450000000000108
endloop
endfacet
facet normal -2.724428532961587e-21 3.2779216248435927e-18 1.0
outer loop
vertex 91.33556283335395 45.322501872858695 2.2450000000000108
vertex 84.17126844017612 36.00968613781832 2.2450000000000108
vertex 84.92889362974923 36.530483065229745 2.2450000000000108
endloop
endfacet
facet normal -2.724428532961587e-21 3.2779216248435927e-18 1.0
outer loop
vertex 91.33556283335395 45.322501872858695 2.2450000000000108
vertex 84.92889362974923 36.530483065229745 2.2450000000000108
vertex 85.73435188922491 36.97372381213768 2.2450000000000108
endloop
endfacet
facet normal -2.724428532961587e-21 3.2779216248435927e-18 1.0
outer loop
vertex 91.33556283335395 45.322501872858695 2.2450000000000108
vertex 85.73435188922491 36.97372381213768 2.2450000000000108
vertex 88.65811370916401 38.29471782904502 2.2450000000000108
endloop
endfacet
facet normal -2.724428532961587e-21 3.2779216248435927e-18 1.0
outer loop
vertex 91.33556283335395 45.322501872858695 2.2450000000000108
vertex 88.65811370916401 38.29471782904502 2.2450000000000108
vertex 91.65383997339326 39.44320924052588 2.2450000000000108
endloop
endfacet
facet normal -2.724428532961587e-21 3.2779216248435927e-18 1.0
outer loop
vertex 91.33556283335395 45.322501872858695 2.2450000000000108
vertex 91.65383997339326 39.44320924052588 2.2450000000000108
vertex 92.14830219528938 45.688776820055686 2.2450000000000108
endloop
endfacet
facet normal -2.724428532961587e-21 3.2779216248435927e-18 1.0
outer loop
vertex 92.14830219528938 45.688776820055686 2.2450000000000108
vertex 91.65383997339326 39.44320924052588 2.2450000000000108
vertex 94.71136312815274 40.41530004417983 2.2450000000000108
endloop
endfacet
facet normal -2.724428532961587e-21 3.2779216248435927e-18 1.0
outer loop
vertex 92.14830219528938 45.688776820055686 2.2450000000000108
vertex 94.71136312815274 40.41530004417983 2.2450000000000108
vertex 92.96490641754112 46.046352198939566 2.2450000000000108
endloop
endfacet
facet normal -2.724428532961587e-21 3.2779216248435927e-18 1.0
outer loop
vertex 92.96490641754112 46.046352198939566 2.2450000000000108
vertex 94.71136312815274 40.41530004417983 2.2450000000000108
vertex 93.78528238304229 46.39518723532687 2.2450000000000108
endloop
endfacet
facet normal -2.724428532961587e-21 3.2779216248435927e-18 1.0
outer loop
vertex 93.78528238304229 46.39518723532687 2.2450000000000108
vertex 94.71136312815274 40.41530004417983 2.2450000000000108
vertex 94.60933654463565 46.73524215169175 2.2450000000000108
endloop
endfacet
facet normal -2.724428532961587e-21 3.2779216248435927e-18 1.0
outer loop
vertex 94.60933654463565 46.73524215169175 2.2450000000000108
vertex 94.71136312815274 40.41530004417983 2.2450000000000108
vertex 95.43697493574074 47.066478171702265 2.2450000000000108
endloop
endfacet
facet normal -2.724428532961587e-21 3.2779216248435927e-18 1.0
outer loop
vertex 95.43697493574074 47.066478171702265 2.2450000000000108
vertex 94.71136312815274 40.41530004417983 2.2450000000000108
vertex 97.82030587982234 41.207690944732605 2.2450000000000108
endloop
endfacet
facet normal -2.724428532961587e-21 3.2779216248435927e-18 1.0
outer loop
vertex 95.43697493574074 47.066478171702265 2.2450000000000108
vertex 97.82030587982234 41.207690944732605 2.2450000000000108
vertex 96.26810318106834 47.38885752464209 2.2450000000000108
endloop
endfacet
facet normal -2.724428532961587e-21 3.2779216248435927e-18 1.0
outer loop
vertex 96.26810318106834 47.38885752464209 2.2450000000000108
vertex 97.82030587982234 41.207690944732605 2.2450000000000108
vertex 97.10262650738301 47.70234344971679 2.2450000000000108
endloop
endfacet
facet normal -2.724428532961587e-21 3.2779216248435927e-18 1.0
outer loop
vertex 97.10262650738301 47.70234344971679 2.2450000000000108
vertex 97.82030587982234 41.207690944732605 2.2450000000000108
vertex 97.94044975430933 48.00690020024646 2.2450000000000108
endloop
endfacet
facet normal -2.724428532961587e-21 3.2779216248435927e-18 1.0
outer loop
vertex 97.94044975430933 48.00690020024646 2.2450000000000108
vertex 97.82030587982234 41.207690944732605 2.2450000000000108
vertex 100.97011641566097 41.81769255190969 2.2450000000000108
endloop
endfacet
facet normal -2.724428532961587e-21 3.2779216248435927e-18 1.0
outer loop
vertex 97.94044975430933 48.00690020024646 2.2450000000000108
vertex 100.97011641566097 41.81769255190969 2.2450000000000108
vertex 98.78147738518308 48.30249304774133 2.2450000000000108
endloop
endfacet
facet normal -2.724428532961587e-21 3.2779216248435927e-18 1.0
outer loop
vertex 98.78147738518308 48.30249304774133 2.2450000000000108
vertex 100.97011641566097 41.81769255190969 2.2450000000000108
vertex 99.62561349794558 48.58908828586227 2.2450000000000108
endloop
endfacet
facet normal -2.724428532961587e-21 3.2779216248435927e-18 1.0
outer loop
vertex 99.62561349794558 48.58908828586227 2.2450000000000108
vertex 100.97011641566097 41.81769255190969 2.2450000000000108
vertex 100.4727618360789 48.86665323426394 2.2450000000000108
endloop
endfacet
facet normal -2.724428532961587e-21 3.2779216248435927e-18 1.0
outer loop
vertex 100.4727618360789 48.86665323426394 2.2450000000000108
vertex 100.97011641566097 41.81769255190969 2.2450000000000108
vertex 101.32282579958246 49.135156242321536 2.2450000000000108
endloop
endfacet
facet normal -2.724428532961587e-21 3.2779216248435927e-18 1.0
outer loop
vertex 101.32282579958246 49.135156242321536 2.2450000000000108
vertex 100.97011641566097 41.81769255190969 2.2450000000000108
vertex 104.15010421686532 42.2432345082795 2.2450000000000108
endloop
endfacet
facet normal -2.724428532961587e-21 3.2779216248435927e-18 1.0
outer loop
vertex 101.32282579958246 49.135156242321536 2.2450000000000108
vertex 104.15010421686532 42.2432345082795 2.2450000000000108
vertex 102.1757084559877 49.39456669273969 2.2450000000000108
endloop
endfacet
facet normal -2.724428532961587e-21 3.2779216248435927e-18 1.0
outer loop
vertex 102.1757084559877 49.39456669273969 2.2450000000000108
vertex 104.15010421686532 42.2432345082795 2.2450000000000108
vertex 103.03131255141228 49.644855005044285 2.2450000000000108
endloop
endfacet
facet normal -2.724428532961587e-21 3.2779216248435927e-18 1.0
outer loop
vertex 103.03131255141228 49.644855005044285 2.2450000000000108
vertex 104.15010421686532 42.2432345082795 2.2450000000000108
vertex 103.88954052164821 49.88599263895474 2.2450000000000108
endloop
endfacet
facet normal -2.724428532961587e-21 3.2779216248435927e-18 1.0
outer loop
vertex 103.88954052164821 49.88599263895474 2.2450000000000108
vertex 104.15010421686532 42.2432345082795 2.2450000000000108
vertex 104.75029450328898 50.11795209763904 2.2450000000000108
endloop
endfacet
facet normal -2.724428532961587e-21 3.2779216248435927e-18 1.0
outer loop
vertex 104.75029450328898 50.11795209763904 2.2450000000000108
vertex 104.15010421686532 42.2432345082795 2.2450000000000108
vertex 107.34947634240059 42.48287251608665 2.2450000000000108
endloop
endfacet
facet normal -2.724428532961587e-21 3.2779216248435927e-18 1.0
outer loop
vertex 104.75029450328898 50.11795209763904 2.2450000000000108
vertex 107.34947634240059 42.48287251608665 2.2450000000000108
vertex 105.61347634488716 50.34070693084878 2.2450000000000108
endloop
endfacet
facet normal -2.724428532961587e-21 3.2779216248435927e-18 1.0
outer loop
vertex 105.61347634488716 50.34070693084878 2.2450000000000108
vertex 107.34947634240059 42.48287251608665 2.2450000000000108
vertex 106.47898761814817 50.55423173793572 2.2450000000000108
endloop
endfacet
facet normal -2.724428532961587e-21 3.2779216248435927e-18 1.0
outer loop
vertex 106.47898761814817 50.55423173793572 2.2450000000000108
vertex 107.34947634240059 42.48287251608665 2.2450000000000108
vertex 107.34672962915259 50.75850217074784 2.2450000000000108
endloop
endfacet
facet normal -2.724428532961587e-21 3.2779216248435927e-18 1.0
outer loop
vertex 107.34672962915259 50.75850217074784 2.2450000000000108
vertex 107.34947634240059 42.48287251608665 2.2450000000000108
vertex 108.21660342961113 50.953494936405896 2.2450000000000108
endloop
endfacet
facet normal -2.724428532961587e-21 3.2779216248435927e-18 1.0
outer loop
vertex 108.21660342961113 50.953494936405896 2.2450000000000108
vertex 107.34947634240059 42.48287251608665 2.2450000000000108
vertex 110.55737406045549 42.53579323922752 2.2450000000000108
endloop
endfacet
facet normal -2.724428532961587e-21 3.2779216248435927e-18 1.0
outer loop
vertex 108.21660342961113 50.953494936405896 2.2450000000000108
vertex 110.55737406045549 42.53579323922752 2.2450000000000108
vertex 109.08850982814747 51.13918779995939 2.2450000000000108
endloop
endfacet
facet normal -2.724428532961587e-21 3.2779216248435927e-18 1.0
outer loop
vertex 109.08850982814747 51.13918779995939 2.2450000000000108
vertex 110.55737406045549 42.53579323922752 2.2450000000000108
vertex 109.96234940160872 51.31555958692217 2.2450000000000108
endloop
endfacet
facet normal -2.724428532961587e-21 3.2779216248435927e-18 1.0
outer loop
vertex 109.96234940160872 51.31555958692217 2.2450000000000108
vertex 110.55737406045549 42.53579323922752 2.2450000000000108
vertex 110.83802250640265 51.48259018568709 2.2450000000000108
endloop
endfacet
facet normal -2.724428532961587e-21 3.2779216248435927e-18 1.0
outer loop
vertex 110.83802250640265 51.48259018568709 2.2450000000000108
vertex 110.55737406045549 42.53579323922752 2.2450000000000108
vertex 113.76290970318918 42.40181706372878 2.2450000000000108
endloop
endfacet
facet normal -2.724428532961587e-21 3.2779216248435927e-18 1.0
outer loop
vertex 110.83802250640265 51.48259018568709 2.2450000000000108
vertex 113.76290970318918 42.40181706372878 2.2450000000000108
vertex 111.71542928986068 51.64026054981855 2.2450000000000108
endloop
endfacet
facet normal -2.724428532961587e-21 3.2779216248435927e-18 1.0
outer loop
vertex 111.71542928986068 51.64026054981855 2.2450000000000108
vertex 113.76290970318918 42.40181706372878 2.2450000000000108
vertex 112.96757209232702 51.84161813339959 2.2450000000000108
endloop
endfacet
facet normal -2.724428532961587e-21 3.2779216248435927e-18 1.0
outer loop
vertex 112.96757209232702 51.84161813339959 2.2450000000000108
vertex 113.76290970318918 42.40181706372878 2.2450000000000108
vertex 114.22453252623349 52.0103099880573 2.2450000000000108
endloop
endfacet
facet normal -2.724428532961587e-21 3.2779216248435927e-18 1.0
outer loop
vertex 114.22453252623349 52.0103099880573 2.2450000000000108
vertex 113.76290970318918 42.40181706372878 2.2450000000000108
vertex 116.95520361969193 42.081398707360606 2.2450000000000108
endloop
endfacet
facet normal -2.724428532961587e-21 3.2779216248435927e-18 1.0
outer loop
vertex 114.22453252623349 52.0103099880573 2.2450000000000108
vertex 116.95520361969193 42.081398707360606 2.2450000000000108
vertex 115.48545856009773 52.14622176590378 2.2450000000000108
endloop
endfacet
facet normal -2.724428532961587e-21 3.2779216248435927e-18 1.0
outer loop
vertex 115.48545856009773 52.14622176590378 2.2450000000000108
vertex 116.95520361969193 42.081398707360606 2.2450000000000108
vertex 116.74949547435317 52.24926133904819 2.2450000000000108
endloop
endfacet
facet normal -2.724428532961587e-21 3.2779216248435927e-18 1.0
outer loop
vertex 116.74949547435317 52.24926133904819 2.2450000000000108
vertex 116.95520361969193 42.081398707360606 2.2450000000000108
vertex 118.01578644072042 52.31935886204618 2.2450000000000108
endloop
endfacet
facet normal -2.724428532961587e-21 3.2779216248435927e-18 1.0
outer loop
vertex 118.01578644072042 52.31935886204618 2.2450000000000108
vertex 116.95520361969193 42.081398707360606 2.2450000000000108
vertex 120.12342110173256 41.57562567631571 2.2450000000000108
endloop
endfacet
facet normal -2.724428532961587e-21 3.2779216248435927e-18 1.0
outer loop
vertex 118.01578644072042 52.31935886204618 2.2450000000000108
vertex 120.12342110173256 41.57562567631571 2.2450000000000108
vertex 119.28347310300985 52.356466819244204 2.2450000000000108
endloop
endfacet
facet normal -2.724428532961587e-21 3.2779216248435927e-18 1.0
outer loop
vertex 119.28347310300985 52.356466819244204 2.2450000000000108
vertex 120.12342110173256 41.57562567631571 2.2450000000000108
vertex 120.55169615895807 52.3605600569884 2.2450000000000108
endloop
endfacet
facet normal -2.724428532961587e-21 3.2779216248435927e-18 1.0
outer loop
vertex 120.55169615895807 52.3605600569884 2.2450000000000108
vertex 120.12342110173256 41.57562567631571 2.2450000000000108
vertex 123.25680915697033 40.886214574191854 2.2450000000000108
endloop
endfacet
facet normal -2.724428532961587e-21 3.2779216248435927e-18 1.0
outer loop
vertex 120.55169615895807 52.3605600569884 2.2450000000000108
vertex 123.25680915697033 40.886214574191854 2.2450000000000108
vertex 121.81959594270698 52.33163580067458 2.2450000000000108
endloop
endfacet
facet normal -2.724428532961587e-21 3.2779216248435927e-18 1.0
outer loop
vertex 121.81959594270698 52.33163580067458 2.2450000000000108
vertex 123.25680915697033 40.886214574191854 2.2450000000000108
vertex 123.08631300752896 52.26971365662976 2.2450000000000108
endloop
endfacet
facet normal -2.724428532961587e-21 3.2779216248435927e-18 1.0
outer loop
vertex 123.08631300752896 52.26971365662976 2.2450000000000108
vertex 123.25680915697033 40.886214574191854 2.2450000000000108
vertex 124.35098870840265 52.174835598820955 2.2450000000000108
endloop
endfacet
facet normal -2.724428532961587e-21 3.2779216248435927e-18 1.0
outer loop
vertex 124.35098870840265 52.174835598820955 2.2450000000000108
vertex 123.25680915697033 40.886214574191854 2.2450000000000108
vertex 123.67711230690446 40.79862383668915 2.2450000000000094
endloop
endfacet
facet normal -2.724428532961587e-21 3.2779216248435927e-18 1.0
outer loop
vertex 124.35098870840265 52.174835598820955 2.2450000000000108
vertex 123.67711230690446 40.79862383668915 2.2450000000000094
vertex 124.09377188124984 40.695078318933575 2.245000000000008
endloop
endfacet
facet normal -2.724428532961587e-21 3.2779216248435927e-18 1.0
outer loop
vertex 124.35098870840265 52.174835598820955 2.2450000000000108
vertex 124.09377188124984 40.695078318933575 2.245000000000008
vertex 124.5061824652666 40.57572847464444 2.245000000000007
endloop
endfacet
facet normal -2.724428532961587e-21 3.2779216248435927e-18 1.0
outer loop
vertex 124.35098870840265 52.174835598820955 2.2450000000000108
vertex 124.5061824652666 40.57572847464444 2.245000000000007
vertex 125.61276578404723 52.04706594040422 2.2450000000000108
endloop
endfacet
facet normal -2.724428532961587e-21 3.2779216248435927e-18 1.0
outer loop
vertex 125.61276578404723 52.04706594040422 2.2450000000000108
vertex 124.5061824652666 40.57572847464444 2.245000000000007
vertex 124.91374481808356 40.440747721545605 2.2450000000000068
endloop
endfacet
facet normal -2.724428532961587e-21 3.2779216248435927e-18 1.0
outer loop
vertex 125.61276578404723 52.04706594040422 2.2450000000000108
vertex 124.91374481808356 40.440747721545605 2.2450000000000068
vertex 125.31586674340724 40.29033218938525 2.245000000000006
endloop
endfacet
facet normal -2.724428532961587e-21 3.2779216248435927e-18 1.0
outer loop
vertex 125.61276578404723 52.04706594040422 2.2450000000000108
vertex 125.31586674340724 40.29033218938525 2.245000000000006
vertex 125.71196394999376 40.12470043495622 2.2450000000000054
endloop
endfacet
facet normal -2.724428532961587e-21 3.2779216248435927e-18 1.0
outer loop
vertex 125.61276578404723 52.04706594040422 2.2450000000000108
vertex 125.71196394999376 40.12470043495622 2.2450000000000054
vertex 126.87078893801659 51.88649129012897 2.2450000000000108
endloop
endfacet
facet normal -2.724428532961587e-21 3.2779216248435927e-18 1.0
outer loop
vertex 126.87078893801659 51.88649129012897 2.2450000000000108
vertex 125.71196394999376 40.12470043495622 2.2450000000000054
vertex 126.10146090063753 39.944093124528216 2.2450000000000054
endloop
endfacet
facet normal -2.724428532961587e-21 3.2779216248435927e-18 1.0
outer loop
vertex 126.87078893801659 51.88649129012897 2.2450000000000108
vertex 126.10146090063753 39.944093124528216 2.2450000000000054
vertex 126.48379164843777 39.74877268415489 2.2450000000000054
endloop
endfacet
facet normal -2.724428532961587e-21 3.2779216248435927e-18 1.0
outer loop
vertex 126.87078893801659 51.88649129012897 2.2450000000000108
vertex 126.48379164843777 39.74877268415489 2.2450000000000054
vertex 126.85840065912939 39.539022918363486 2.2450000000000054
endloop
endfacet
facet normal -2.724428532961587e-21 3.2779216248435927e-18 1.0
outer loop
vertex 126.87078893801659 51.88649129012897 2.2450000000000108
vertex 126.85840065912939 39.539022918363486 2.2450000000000054
vertex 127.22474361828777 39.31514859778144 2.2450000000000054
endloop
endfacet
facet normal -2.724428532961587e-21 3.2779216248435927e-18 1.0
outer loop
vertex 126.87078893801659 51.88649129012897 2.2450000000000108
vertex 127.22474361828777 39.31514859778144 2.2450000000000054
vertex 128.12420541846316 51.69322049363089 2.2450000000000108
endloop
endfacet
facet normal -2.724428532961587e-21 3.2779216248435927e-18 1.0
outer loop
vertex 128.12420541846316 51.69322049363089 2.2450000000000108
vertex 127.22474361828777 39.31514859778144 2.2450000000000054
vertex 127.58228822222657 39.0774750162981 2.245000000000006
endloop
endfacet
facet normal -2.724428532961587e-21 3.2779216248435927e-18 1.0
outer loop
vertex 128.12420541846316 51.69322049363089 2.2450000000000108
vertex 127.58228822222657 39.0774750162981 2.245000000000006
vertex 127.93051495144708 38.82634751840651 2.2450000000000068
endloop
endfacet
facet normal -2.724428532961587e-21 3.2779216248435927e-18 1.0
outer loop
vertex 128.12420541846316 51.69322049363089 2.2450000000000108
vertex 127.93051495144708 38.82634751840651 2.2450000000000068
vertex 128.22145209033357 38.59317991910516 2.245000000000007
endloop
endfacet
facet normal -2.724428532961587e-21 3.2779216248435927e-18 1.0
outer loop
vertex 128.12420541846316 51.69322049363089 2.2450000000000108
vertex 128.22145209033357 38.59317991910516 2.245000000000007
vertex 129.372165596176 51.46738455965023 2.2450000000000108
endloop
endfacet
facet normal -2.724428532961587e-21 3.2779216248435927e-18 1.0
outer loop
vertex 129.372165596176 51.46738455965023 2.2450000000000108
vertex 128.22145209033357 38.59317991910516 2.245000000000007
vertex 128.4969973389281 38.342009928611624 2.245000000000008
endloop
endfacet
facet normal -2.724428532961587e-21 3.2779216248435927e-18 1.0
outer loop
vertex 129.372165596176 51.46738455965023 2.2450000000000108
vertex 128.4969973389281 38.342009928611624 2.245000000000008
vertex 128.75603870410623 38.073851171018 2.245000000000008
endloop
endfacet
facet normal -2.724428532961587e-21 3.2779216248435927e-18 1.0
outer loop
vertex 129.372165596176 51.46738455965023 2.2450000000000108
vertex 128.75603870410623 38.073851171018 2.245000000000008
vertex 128.99753079597855 37.78978583045261 2.245000000000009
endloop
endfacet
facet normal -2.724428532961587e-21 3.2779216248435927e-18 1.0
outer loop
vertex 129.372165596176 51.46738455965023 2.2450000000000108
vertex 128.99753079597855 37.78978583045261 2.245000000000009
vertex 129.22049904667617 37.4909602838067 2.2450000000000094
endloop
endfacet
facet normal -2.724428532961587e-21 3.2779216248435927e-18 1.0
outer loop
vertex 129.372165596176 51.46738455965023 2.2450000000000108
vertex 129.22049904667617 37.4909602838067 2.2450000000000094
vertex 129.4240436433267 37.17858047440498 2.2450000000000094
endloop
endfacet
facet normal -2.724428532961587e-21 3.2779216248435927e-18 1.0
outer loop
vertex 129.372165596176 51.46738455965023 2.2450000000000108
vertex 129.4240436433267 37.17858047440498 2.2450000000000094
vertex 130.61382354050286 51.20913657122795 2.2450000000000108
endloop
endfacet
facet normal -2.724428532961587e-21 3.2779216248435927e-18 1.0
outer loop
vertex 130.61382354050286 51.20913657122795 2.2450000000000108
vertex 129.4240436433267 37.17858047440498 2.2450000000000094
vertex 129.60734315934732 36.853907045288814 2.2450000000000094
endloop
endfacet
facet normal -2.724428532961587e-21 3.2779216248435927e-18 1.0
outer loop
vertex 130.61382354050286 51.20913657122795 2.2450000000000108
vertex 129.60734315934732 36.853907045288814 2.2450000000000094
vertex 129.7696578694023 36.51825025175224 2.2450000000000103
endloop
endfacet
facet normal -2.724428532961587e-21 3.2779216248435927e-18 1.0
outer loop
vertex 130.61382354050286 51.20913657122795 2.2450000000000108
vertex 129.7696578694023 36.51825025175224 2.2450000000000103
vertex 129.9103327346464 36.1729646736636 2.2450000000000103
endloop
endfacet
facet normal -2.724428532961587e-21 3.2779216248435927e-18 1.0
outer loop
vertex 130.61382354050286 51.20913657122795 2.2450000000000108
vertex 129.9103327346464 36.1729646736636 2.2450000000000103
vertex 130.028800046205 35.81944374890878 2.2450000000000103
endloop
endfacet
facet normal -2.724428532961587e-21 3.2779216248435927e-18 1.0
outer loop
vertex 130.61382354050286 51.20913657122795 2.2450000000000108
vertex 130.028800046205 35.81944374890878 2.2450000000000103
vertex 130.12458171622677 35.45911415002004 2.2450000000000108
endloop
endfacet
facet normal -2.724428532961587e-21 3.2779216248435927e-18 1.0
outer loop
vertex 130.61382354050286 51.20913657122795 2.2450000000000108
vertex 130.12458171622677 35.45911415002004 2.2450000000000108
vertex 130.1972912072591 35.09343002668227 2.2450000000000108
endloop
endfacet
facet normal -2.724428532961587e-21 3.2779216248435927e-18 1.0
outer loop
vertex 130.61382354050286 51.20913657122795 2.2450000000000108
vertex 130.1972912072591 35.09343002668227 2.2450000000000108
vertex 130.30019872747695 34.38320763864047 2.2450000000000108
endloop
endfacet
facet normal -2.724428532961587e-21 3.2779216248435927e-18 1.0
outer loop
vertex 130.61382354050286 51.20913657122795 2.2450000000000108
vertex 130.30019872747695 34.38320763864047 2.2450000000000108
vertex 130.37375214897972 33.66934792386548 2.2450000000000108
endloop
endfacet
facet normal -2.724428532961587e-21 3.2779216248435927e-18 1.0
outer loop
vertex 130.61382354050286 51.20913657122795 2.2450000000000108
vertex 130.37375214897972 33.66934792386548 2.2450000000000108
vertex 130.4178265190139 32.953063589191494 2.2450000000000108
endloop
endfacet
facet normal -2.724428532961587e-21 3.2779216248435927e-18 1.0
outer loop
vertex 130.61382354050286 51.20913657122795 2.2450000000000108
vertex 130.4178265190139 32.953063589191494 2.2450000000000108
vertex 130.43234696391917 32.235571460403236 2.2450000000000108
endloop
endfacet
facet normal -2.724428532961587e-21 3.2779216248435927e-18 1.0
outer loop
vertex 130.61382354050286 51.20913657122795 2.2450000000000108
vertex 130.43234696391917 32.235571460403236 2.2450000000000108
vertex 130.4910445323909 16.30618156075524 2.2450000000000108
endloop
endfacet
facet normal -2.724428532961587e-21 3.2779216248435927e-18 1.0
outer loop
vertex 130.61382354050286 51.20913657122795 2.2450000000000108
vertex 130.4910445323909 16.30618156075524 2.2450000000000108
vertex 132.50734223478898 18.972653197073324 2.2450000000000108
endloop
endfacet
facet normal -2.724428532961587e-21 3.2779216248435927e-18 1.0
outer loop
vertex 130.61382354050286 51.20913657122795 2.2450000000000108
vertex 132.50734223478898 18.972653197073324 2.2450000000000108
vertex 131.84833759276432 50.91865158193799 2.2450000000000108
endloop
endfacet
facet normal -2.724428532961587e-21 3.2779216248435927e-18 1.0
outer loop
vertex 131.84833759276432 50.91865158193799 2.2450000000000108
vertex 132.50734223478898 18.972653197073324 2.2450000000000108
vertex 133.07487093677355 50.59612649722739 2.2450000000000108
endloop
endfacet
facet normal -2.724428532961587e-21 3.2779216248435927e-18 1.0
outer loop
vertex 133.07487093677355 50.59612649722739 2.2450000000000108
vertex 132.50734223478898 18.972653197073324 2.2450000000000108
vertex 134.35588368669596 21.758047587921258 2.2450000000000108
endloop
endfacet
facet normal -2.724428532961587e-21 3.2779216248435927e-18 1.0
outer loop
vertex 133.07487093677355 50.59612649722739 2.2450000000000108
vertex 134.35588368669596 21.758047587921258 2.2450000000000108
vertex 134.2925921660719 50.241779940943374 2.2450000000000108
endloop
endfacet
facet normal -2.724428532961587e-21 3.2779216248435927e-18 1.0
outer loop
vertex 134.2925921660719 50.241779940943374 2.2450000000000108
vertex 134.35588368669596 21.758047587921258 2.2450000000000108
vertex 135.50067584749837 49.85585210713935 2.2450000000000108
endloop
endfacet
facet normal -2.724428532961587e-21 3.2779216248435927e-18 1.0
outer loop
vertex 135.50067584749837 49.85585210713935 2.2450000000000108
vertex 134.35588368669596 21.758047587921258 2.2450000000000108
vertex 136.02967457206634 24.65182565198146 2.2450000000000108
endloop
endfacet
facet normal -2.724428532961587e-21 3.2779216248435927e-18 1.0
outer loop
vertex 135.50067584749837 49.85585210713935 2.2450000000000108
vertex 136.02967457206634 24.65182565198146 2.2450000000000108
vertex 136.6983030807111 49.4386045972589 2.2450000000000108
endloop
endfacet
facet normal -2.724428532961587e-21 3.2779216248435927e-18 1.0
outer loop
vertex 136.6983030807111 49.4386045972589 2.2450000000000108
vertex 136.02967457206634 24.65182565198146 2.2450000000000108
vertex 137.52238177760495 27.64303821723281 2.2450000000000108
endloop
endfacet
facet normal -2.724428532961587e-21 3.2779216248435927e-18 1.0
outer loop
vertex 136.6983030807111 49.4386045972589 2.2450000000000108
vertex 137.52238177760495 27.64303821723281 2.2450000000000108
vertex 137.8846620532779 48.99032024280955 2.2450000000000108
endloop
endfacet
facet normal -2.724428532961587e-21 3.2779216248435927e-18 1.0
outer loop
vertex 137.8846620532779 48.99032024280955 2.2450000000000108
vertex 137.52238177760495 27.64303821723281 2.2450000000000108
vertex 138.82835735533217 30.72036744927234 2.2450000000000108
endloop
endfacet
facet normal -2.724428532961587e-21 3.2779216248435927e-18 1.0
outer loop
vertex 137.8846620532779 48.99032024280955 2.2450000000000108
vertex 138.82835735533217 30.72036744927234 2.2450000000000108
vertex 139.05894859096531 48.51130291364481 2.2450000000000108
endloop
endfacet
facet normal -2.724428532961587e-21 3.2779216248435927e-18 1.0
outer loop
vertex 139.05894859096531 48.51130291364481 2.2450000000000108
vertex 138.82835735533217 30.72036744927234 2.2450000000000108
vertex 139.94265989269354 33.87216967454209 2.2450000000000108
endloop
endfacet
facet normal -2.724428532961587e-21 3.2779216248435927e-18 1.0
outer loop
vertex 139.05894859096531 48.51130291364481 2.2450000000000108
vertex 139.94265989269354 33.87216967454209 2.2450000000000108
vertex 140.22036670284766 48.00187731198593 2.2450000000000108
endloop
endfacet
facet normal -2.724428532961587e-21 3.2779216248435927e-18 1.0
outer loop
vertex 140.22036670284766 48.00187731198593 2.2450000000000108
vertex 139.94265989269354 33.87216967454209 2.2450000000000108
vertex 140.2727693836264 34.97028088226628 2.2450000000000108
endloop
endfacet
facet normal -2.724428532961587e-21 3.2779216248435927e-18 1.0
outer loop
vertex 140.22036670284766 48.00187731198593 2.2450000000000108
vertex 140.2727693836264 34.97028088226628 2.2450000000000108
vertex 141.36812912087075 47.46238875232235 2.2450000000000108
endloop
endfacet
facet normal -2.724428532961587e-21 3.2779216248435927e-18 1.0
outer loop
vertex 141.36812912087075 47.46238875232235 2.2450000000000108
vertex 140.2727693836264 34.97028088226628 2.2450000000000108
vertex 140.56525581332448 36.07900636180389 2.2450000000000108
endloop
endfacet
facet normal -2.724428532961587e-21 3.2779216248435927e-18 1.0
outer loop
vertex 141.36812912087075 47.46238875232235 2.2450000000000108
vertex 140.56525581332448 36.07900636180389 2.2450000000000108
vertex 140.819779237794 37.197057490746495 2.2450000000000108
endloop
endfacet
facet normal -2.724428532961587e-21 3.2779216248435927e-18 1.0
outer loop
vertex 141.36812912087075 47.46238875232235 2.2450000000000108
vertex 140.819779237794 37.197057490746495 2.2450000000000108
vertex 141.03604383575694 38.32313480789714 2.2450000000000108
endloop
endfacet
facet normal -2.724428532961587e-21 3.2779216248435927e-18 1.0
outer loop
vertex 141.36812912087075 47.46238875232235 2.2450000000000108
vertex 141.03604383575694 38.32313480789714 2.2450000000000108
vertex 141.2137982524714 39.45592952357691 2.2450000000000108
endloop
endfacet
facet normal -2.724428532961587e-21 3.2779216248435927e-18 1.0
outer loop
vertex 141.36812912087075 47.46238875232235 2.2450000000000108
vertex 141.2137982524714 39.45592952357691 2.2450000000000108
vertex 141.35283589186895 40.59412504077257 2.2450000000000108
endloop
endfacet
facet normal -2.724428532961587e-21 3.2779216248435927e-18 1.0
outer loop
vertex 141.36812912087075 47.46238875232235 2.2450000000000108
vertex 141.35283589186895 40.59412504077257 2.2450000000000108
vertex 141.45299515667355 41.73639848535894 2.2450000000000108
endloop
endfacet
facet normal -2.724428532961587e-21 3.2779216248435927e-18 1.0
outer loop
vertex 141.36812912087075 47.46238875232235 2.2450000000000108
vertex 141.45299515667355 41.73639848535894 2.2450000000000108
vertex 141.46320052819954 46.31968059708665 2.2450000000000108
endloop
endfacet
facet normal -2.724428532961587e-21 3.2779216248435927e-18 1.0
outer loop
vertex 141.46320052819954 46.31968059708665 2.2450000000000108
vertex 141.45299515667355 41.73639848535894 2.2450000000000108
vertex 141.5141596362175 42.88142224361702 2.2450000000000108
endloop
endfacet
facet normal -2.724428532961587e-21 3.2779216248435927e-18 1.0
outer loop
vertex 141.46320052819954 46.31968059708665 2.2450000000000108
vertex 141.5141596362175 42.88142224361702 2.2450000000000108
vertex 141.51926528901734 45.17439581017652 2.2450000000000108
endloop
endfacet
facet normal -2.724428532961587e-21 3.2779216248435927e-18 1.0
outer loop
vertex 141.51926528901734 45.17439581017652 2.2450000000000108
vertex 141.5141596362175 42.88142224361702 2.2450000000000108
vertex 141.53625824174145 44.027865505260294 2.2450000000000108
endloop
endfacet
facet normal 0.10773837804705176 0.9941792805604986 -3.2585482372094586e-18
outer loop
vertex 69.25071490225419 36.63803547915385 9.953430610716676e-15
vertex 69.56928671221202 36.6073442772019 2.2450000000000094
vertex 69.56928671221202 36.6073442772019 9.871648930575212e-15
endloop
endfacet
facet normal 0.08404000083827387 0.996462381758139 -3.2660966285319616e-18
outer loop
vertex 69.56928671221202 36.6073442772019 2.2450000000000094
vertex 69.25071490225419 36.63803547915385 9.953430610716676e-15
vertex 69.25071490225419 36.63803547915385 2.2450000000000094
endloop
endfacet
facet normal 0.17841354570811155 0.9839555918372839 -3.224843237414614e-18
outer loop
vertex 68.30064495094757 36.775470164756875 1.0182986583371632e-14
vertex 68.61621419598958 36.72212225420113 2.2450000000000094
vertex 68.61621419598958 36.72212225420113 1.0109143568162753e-14
endloop
endfacet
facet normal 0.1549385276092813 0.9879241128053653 -3.237915694123654e-18
outer loop
vertex 68.61621419598958 36.72212225420113 2.2450000000000094
vertex 68.30064495094757 36.775470164756875 1.0182986583371632e-14
vertex 68.30064495094757 36.775470164756875 2.2450000000000094
endloop
endfacet
facet normal 0.20178743443575245 0.9794293396176352 -3.2099428568949564e-18
outer loop
vertex 67.98643516467752 36.836315527679254 1.0254097639812858e-14
vertex 68.30064495094757 36.775470164756875 2.2450000000000094
vertex 68.30064495094757 36.775470164756875 1.0182986583371632e-14
endloop
endfacet
facet normal 0.17841354570811155 0.9839555918372839 -3.2248432374146145e-18
outer loop
vertex 68.30064495094757 36.775470164756875 2.2450000000000094
vertex 67.98643516467752 36.836315527679254 1.0254097639812858e-14
vertex 67.98643516467752 36.836315527679254 2.2450000000000094
endloop
endfacet
facet normal 0.2250469448730834 0.9743479217421729 -3.1932229984822135e-18
outer loop
vertex 67.67376293934045 36.90462385425683 1.0322436429916826e-14
vertex 67.98643516467752 36.836315527679254 2.2450000000000094
vertex 67.98643516467752 36.836315527679254 1.0254097639812858e-14
endloop
endfacet
facet normal 0.20178743443575245 0.9794293396176352 -3.209942856894956e-18
outer loop
vertex 67.98643516467752 36.836315527679254 2.2450000000000094
vertex 67.67376293934045 36.90462385425683 1.0322436429916826e-14
vertex 67.67376293934045 36.90462385425683 2.2450000000000103
endloop
endfacet
facet normal 0.08404000083827387 0.996462381758139 -3.2660966285319616e-18
outer loop
vertex 69.56928671221202 36.6073442772019 9.871648930575212e-15
vertex 69.88849888227182 36.584245825679176 2.2450000000000094
vertex 69.88849888227182 36.584245825679176 9.787311765828347e-15
endloop
endfacet
facet normal 0.060293987602844906 0.9981806625350684 -3.2717937125642138e-18
outer loop
vertex 69.88849888227182 36.584245825679176 2.2450000000000094
vertex 69.56928671221202 36.6073442772019 9.871648930575212e-15
vertex 69.56928671221202 36.6073442772019 2.2450000000000094
endloop
endfacet
facet normal 0.060293987602844906 0.9981806625350684 -3.2717937125642138e-18
outer loop
vertex 69.88849888227182 36.584245825679176 9.787311765828347e-15
vertex 70.04833467853251 36.576499521529705 2.2450000000000094
vertex 70.04833467853251 36.576499521529705 9.74388934338563e-15
endloop
endfacet
facet normal 0.022597005765062694 0.999744655064709 -3.2770230602311424e-18
outer loop
vertex 70.04833467853251 36.576499521529705 2.2450000000000094
vertex 69.88849888227182 36.584245825679176 9.787311765828347e-15
vertex 69.88849888227182 36.584245825679176 2.2450000000000094
endloop
endfacet
facet normal 0.022597005765062694 0.999744655064709 -3.2770230602311424e-18
outer loop
vertex 70.04833467853251 36.576499521529705 2.2450000000000094
vertex 72.44775935946991 36.584245825679176 9.78731176582835e-15
vertex 70.04833467853251 36.576499521529705 9.74388934338563e-15
endloop
endfacet
facet normal -0.03772269765261568 0.9992882457438442 -3.27569132296959e-18
outer loop
vertex 72.44775935946991 36.584245825679176 9.78731176582835e-15
vertex 70.04833467853251 36.576499521529705 2.2450000000000094
vertex 72.44775935946991 36.584245825679176 2.2450000000000094
endloop
endfacet
facet normal 0.1313756863815431 0.9913326530624212 -3.2491528172183666e-18
outer loop
vertex 68.93296402706638 36.676302034975215 1.0032610450300101e-14
vertex 69.25071490225419 36.63803547915385 2.2450000000000094
vertex 69.25071490225419 36.63803547915385 9.953430610716676e-15
endloop
endfacet
facet normal 0.10773837804705176 0.9941792805604986 -3.2585482372094586e-18
outer loop
vertex 69.25071490225419 36.63803547915385 2.2450000000000094
vertex 68.93296402706638 36.676302034975215 1.0032610450300101e-14
vertex 68.93296402706638 36.676302034975215 2.2450000000000094
endloop
endfacet
facet normal 0.1549385276092813 0.9879241128053653 -3.237915694123654e-18
outer loop
vertex 68.61621419598958 36.72212225420113 1.0109143568162753e-14
vertex 68.93296402706638 36.676302034975215 2.2450000000000094
vertex 68.93296402706638 36.676302034975215 1.0032610450300101e-14
endloop
endfacet
facet normal 0.1313756863815431 0.9913326530624212 -3.2491528172183666e-18
outer loop
vertex 68.93296402706638 36.676302034975215 2.2450000000000094
vertex 68.61621419598958 36.72212225420113 1.0109143568162753e-14
vertex 68.61621419598958 36.72212225420113 2.2450000000000094
endloop
endfacet
facet normal 0.38356350552462226 0.9235145029882655 -3.0261631688432642e-18
outer loop
vertex 65.54286143540635 37.58796575889809 1.0720134001602661e-14
vertex 65.83986966578564 37.46873464272455 2.2450000000000103
vertex 65.83986966578564 37.46873464272455 1.0672195039153956e-14
endloop
endfacet
facet normal 0.36146923083466215 0.932384038451859 -3.0552970052140753e-18
outer loop
vertex 65.83986966578564 37.46873464272455 2.2450000000000103
vertex 65.54286143540635 37.58796575889809 1.0720134001602661e-14
vertex 65.54286143540635 37.58796575889809 2.2450000000000103
endloop
endfacet
facet normal 0.31642902274745116 0.9486161887523811 -3.1086274305299114e-18
outer loop
vertex 42.71064474379604 48.58908828586227 2.2450000000000108
vertex 43.55478085655849 48.30249304774133 1.0943178675026443e-14
vertex 42.71064474379604 48.58908828586227 1.0943178675026443e-14
endloop
endfacet
facet normal 0.32654060209765007 0.9451831754647902 -3.0973467337608468e-18
outer loop
vertex 43.55478085655849 48.30249304774133 1.0943178675026443e-14
vertex 42.71064474379604 48.58908828586227 2.2450000000000108
vertex 43.55478085655849 48.30249304774133 2.2450000000000108
endloop
endfacet
facet normal 0.2858824235330542 0.958264702425623 -3.1403377241735142e-18
outer loop
vertex 40.16054978575375 49.394566692739794 2.2450000000000108
vertex 41.01343244215915 49.135156242321536 1.0943178675026443e-14
vertex 40.16054978575375 49.394566692739794 1.0943178675026443e-14
endloop
endfacet
facet normal 0.29609877433993603 0.9551573251744383 -3.130124151367668e-18
outer loop
vertex 41.01343244215915 49.135156242321536 1.0943178675026443e-14
vertex 40.16054978575375 49.394566692739794 2.2450000000000108
vertex 41.01343244215915 49.135156242321536 2.2450000000000108
endloop
endfacet
facet normal 0.37651706031545895 0.9264096843683173 -3.035672544033164e-18
outer loop
vertex 47.726921697105915 46.73524215169175 2.2450000000000108
vertex 48.55097585869932 46.39518723532687 1.0943178675026443e-14
vertex 47.726921697105915 46.73524215169175 1.0943178675026443e-14
endloop
endfacet
facet normal 0.38638808575544564 0.9223362983132792 -3.0222934108936604e-18
outer loop
vertex 48.55097585869932 46.39518723532687 1.0943178675026443e-14
vertex 47.726921697105915 46.73524215169175 2.2450000000000108
vertex 48.55097585869932 46.39518723532687 2.2450000000000108
endloop
endfacet
facet normal 0.31667865111604954 0.9485328839462127 -3.108353683809668e-18
outer loop
vertex 66.44197908130907 37.251649443491466 1.0567318229030584e-14
vertex 66.74673897540238 37.15391840988735 2.2450000000000103
vertex 66.74673897540238 37.15391840988735 1.0510439828220242e-14
endloop
endfacet
facet normal 0.2940077345359755 0.9558030403974573 -3.132246452149198e-18
outer loop
vertex 66.74673897540238 37.15391840988735 2.2450000000000103
vertex 66.44197908130907 37.251649443491466 1.0567318229030584e-14
vertex 66.44197908130907 37.251649443491466 2.2450000000000103
endloop
endfacet
facet normal 0.29609877433993603 0.9551573251744383 -3.130124151367668e-18
outer loop
vertex 41.01343244215915 49.135156242321536 2.2450000000000108
vertex 41.863496405662715 48.86665323426394 1.0943178675026443e-14
vertex 41.01343244215915 49.135156242321536 1.0943178675026443e-14
endloop
endfacet
facet normal 0.3062813611168863 0.9519410316991214 -3.1195536517031293e-18
outer loop
vertex 41.863496405662715 48.86665323426394 1.0943178675026443e-14
vertex 41.01343244215915 49.135156242321536 2.2450000000000108
vertex 41.863496405662715 48.86665323426394 2.2450000000000108
endloop
endfacet
facet normal 0.27563347366290436 0.9612628091196086 -3.1501932054707773e-18
outer loop
vertex 39.30494569032933 49.644855005044285 2.2450000000000108
vertex 40.16054978575375 49.394566692739794 1.0943178675026443e-14
vertex 39.30494569032933 49.644855005044285 1.0943178675026443e-14
endloop
endfacet
facet normal 0.2858824235330542 0.958264702425623 -3.1403377241735142e-18
outer loop
vertex 40.16054978575375 49.394566692739794 1.0943178675026443e-14
vertex 39.30494569032933 49.644855005044285 2.2450000000000108
vertex 40.16054978575375 49.394566692739794 2.2450000000000108
endloop
endfacet
facet normal 0.2711701668354496 0.9625314231849446 -3.1543637829095948e-18
outer loop
vertex 67.05373912200638 37.06347031448361 1.0450643859749331e-14
vertex 67.36280550556859 36.98035642557922 2.2450000000000103
vertex 67.36280550556859 36.98035642557922 1.0387964217505553e-14
endloop
endfacet
facet normal 0.24817889293337614 0.9687142184887987 -3.1746931394207073e-18
outer loop
vertex 67.36280550556859 36.98035642557922 2.2450000000000103
vertex 67.05373912200638 37.06347031448361 1.0450643859749331e-14
vertex 67.05373912200638 37.06347031448361 2.2450000000000103
endloop
endfacet
facet normal 0.4905276628758999 0.8714256204367115 -2.855128478111295e-18
outer loop
vertex 64.10496697926843 38.28818457333078 1.0913799473238315e-14
vertex 64.3857130289222 38.134523896575544 2.2450000000000103
vertex 64.3857130289222 38.134523896575544 1.0881279746590496e-14
endloop
endfacet
facet normal 0.4696431226353797 0.8828563514871995 -2.89265441704679e-18
outer loop
vertex 64.3857130289222 38.134523896575544 2.2450000000000103
vertex 64.10496697926843 38.28818457333078 1.0913799473238315e-14
vertex 64.10496697926843 38.28818457333078 2.2450000000000108
endloop
endfacet
facet normal 0.39621505150982544 0.9181577386032678 -3.0085696467936206e-18
outer loop
vertex 49.3713518242005 46.046352198939566 2.2450000000000108
vertex 50.18795604645225 45.68877682005579 1.0943178675026443e-14
vertex 49.3713518242005 46.046352198939566 1.0943178675026443e-14
endloop
endfacet
facet normal 0.4059968370136146 0.9138744817177797 -2.9945028166483888e-18
outer loop
vertex 50.18795604645225 45.68877682005579 1.0943178675026443e-14
vertex 49.3713518242005 46.046352198939566 2.2450000000000108
vertex 50.18795604645225 45.68877682005579 2.2450000000000108
endloop
endfacet
facet normal 0.38638808575544564 0.9223362983132792 -3.0222934108936604e-18
outer loop
vertex 48.55097585869932 46.39518723532687 2.2450000000000108
vertex 49.3713518242005 46.046352198939566 1.0943178675026443e-14
vertex 48.55097585869932 46.39518723532687 1.0943178675026443e-14
endloop
endfacet
facet normal 0.39621505150982544 0.9181577386032678 -3.0085696467936206e-18
outer loop
vertex 49.3713518242005 46.046352198939566 1.0943178675026443e-14
vertex 48.55097585869932 46.39518723532687 2.2450000000000108
vertex 49.3713518242005 46.046352198939566 2.2450000000000108
endloop
endfacet
facet normal 0.3062813611168863 0.9519410316991214 -3.1195536517031293e-18
outer loop
vertex 41.863496405662715 48.86665323426394 2.2450000000000108
vertex 42.71064474379604 48.58908828586227 1.0943178675026443e-14
vertex 41.863496405662715 48.86665323426394 1.0943178675026443e-14
endloop
endfacet
facet normal 0.31642902274745116 0.9486161887523811 -3.1086274305299114e-18
outer loop
vertex 42.71064474379604 48.58908828586227 1.0943178675026443e-14
vertex 41.863496405662715 48.86665323426394 2.2450000000000108
vertex 42.71064474379604 48.58908828586227 2.2450000000000108
endloop
endfacet
facet normal 0.2940077345359755 0.9558030403974573 -3.132246452149198e-18
outer loop
vertex 66.74673897540238 37.15391840988735 1.0510439828220242e-14
vertex 67.05373912200638 37.06347031448361 2.2450000000000103
vertex 67.05373912200638 37.06347031448361 1.0450643859749331e-14
endloop
endfacet
facet normal 0.27117016683544964 0.9625314231849446 -3.1543637829095944e-18
outer loop
vertex 67.05373912200638 37.06347031448361 2.2450000000000103
vertex 66.74673897540238 37.15391840988735 1.0510439828220242e-14
vertex 66.74673897540238 37.15391840988735 2.2450000000000103
endloop
endfacet
facet normal 0.26535309341333346 0.9641513033834341 -3.1596894714426898e-18
outer loop
vertex 38.44671772009336 49.88599263895474 2.2450000000000108
vertex 39.30494569032933 49.644855005044285 1.0943178675026443e-14
vertex 38.44671772009336 49.88599263895474 1.0943178675026443e-14
endloop
endfacet
facet normal 0.27563347366290436 0.9612628091196086 -3.1501932054707773e-18
outer loop
vertex 39.30494569032933 49.644855005044285 1.0943178675026443e-14
vertex 38.44671772009336 49.88599263895474 2.2450000000000108
vertex 39.30494569032933 49.644855005044285 2.2450000000000108
endloop
endfacet
facet normal 0.25504245505201534 0.9669298558432462 -3.168825439233814e-18
outer loop
vertex 37.58596373845273 50.11795209763904 2.2450000000000108
vertex 38.44671772009336 49.88599263895474 1.0943178675026443e-14
vertex 37.58596373845273 50.11795209763904 1.0943178675026443e-14
endloop
endfacet
facet normal 0.26535309341333346 0.9641513033834341 -3.1596894714426898e-18
outer loop
vertex 38.44671772009336 49.88599263895474 1.0943178675026443e-14
vertex 37.58596373845273 50.11795209763904 2.2450000000000108
vertex 38.44671772009336 49.88599263895474 2.2450000000000108
endloop
endfacet
facet normal 0.34665090612499583 0.9379942160177319 -3.073727099043112e-18
outer loop
vertex 45.23363173435857 47.70234344971679 2.2450000000000108
vertex 46.06815506067328 47.38885752464209 1.0943178675026443e-14
vertex 45.23363173435857 47.70234344971679 1.0943178675026443e-14
endloop
endfacet
facet normal 0.356647337631786 0.9342390896125891 -3.0613908544324473e-18
outer loop
vertex 46.06815506067328 47.38885752464209 1.0943178675026443e-14
vertex 45.23363173435857 47.70234344971679 2.2450000000000108
vertex 46.06815506067328 47.38885752464209 2.2450000000000108
endloop
endfacet
facet normal 0.24470273429723396 0.9695981496617336 -3.1776000670731172e-18
outer loop
vertex 36.72278189685446 50.34070693084878 2.2450000000000108
vertex 37.58596373845273 50.11795209763904 1.0943178675026443e-14
vertex 36.72278189685446 50.34070693084878 1.0943178675026443e-14
endloop
endfacet
facet normal 0.25504245505201534 0.9669298558432462 -3.168825439233814e-18
outer loop
vertex 37.58596373845273 50.11795209763904 1.0943178675026443e-14
vertex 36.72278189685446 50.34070693084878 2.2450000000000108
vertex 37.58596373845273 50.11795209763904 2.2450000000000108
endloop
endfacet
facet normal 0.49264250883364985 0.8702317843483351 -2.8512094152340175e-18
outer loop
vertex 63.82795860621041 38.44848525714972 1.0943172997639283e-14
vertex 64.10496697926843 38.28818457333078 2.2450000000000108
vertex 64.10496697926843 38.28818457333078 1.0913799473238315e-14
endloop
endfacet
facet normal 0.4905276628759 0.8714256204367116 -2.8551284781112953e-18
outer loop
vertex 64.10496697926843 38.28818457333078 2.2450000000000108
vertex 63.82795860621041 38.44848525714972 1.0943172997639283e-14
vertex 63.82795860621041 38.44848525714972 2.2450000000000108
endloop
endfacet
facet normal 0.46964312263537983 0.8828563514871997 -2.89265441704679e-18
outer loop
vertex 64.3857130289222 38.134523896575544 1.0881279746590496e-14
vertex 64.67003762111433 37.98759032569463 2.2450000000000103
vertex 64.67003762111433 37.98759032569463 1.0845632250710483e-14
endloop
endfacet
facet normal 0.4484923766342801 0.8937866569271077 -2.9285407253103096e-18
outer loop
vertex 64.67003762111433 37.98759032569463 2.2450000000000103
vertex 64.3857130289222 38.134523896575544 1.0881279746590496e-14
vertex 64.3857130289222 38.134523896575544 2.2450000000000103
endloop
endfacet
facet normal 0.4397704318059436 0.8981102200226951 -2.9427367885930645e-18
outer loop
vertex 51.00069540838763 45.322501872858695 2.2450000000000108
vertex 60.591810025748 40.2402073608895 1.0943178675026443e-14
vertex 51.00069540838763 45.322501872858695 1.0943178675026443e-14
endloop
endfacet
facet normal 0.47631827526340126 0.8792729386544879 -2.8808900846554206e-18
outer loop
vertex 60.591810025748 40.2402073608895 1.0943178675026443e-14
vertex 51.00069540838763 45.322501872858695 2.2450000000000108
vertex 60.591810025748 40.2402073608895 2.2450000000000108
endloop
endfacet
facet normal 0.40544036658746174 0.9141214958316126 -2.99531402561767e-18
outer loop
vertex 65.24877584618689 37.71423378410849 1.0765036536358146e-14
vertex 65.54286143540635 37.58796575889809 2.2450000000000103
vertex 65.54286143540635 37.58796575889809 1.0720134001602661e-14
endloop
endfacet
facet normal 0.3835635055246222 0.9235145029882655 -3.0261631688432642e-18
outer loop
vertex 65.54286143540635 37.58796575889809 2.2450000000000103
vertex 65.24877584618689 37.71423378410849 1.0765036536358146e-14
vertex 65.24877584618689 37.71423378410849 2.2450000000000103
endloop
endfacet
facet normal 0.3391700661190388 0.9407250747422474 -3.082699020924557e-18
outer loop
vertex 66.1396321854466 37.35660801884085 1.0621246822044785e-14
vertex 66.44197908130907 37.251649443491466 2.2450000000000103
vertex 66.44197908130907 37.251649443491466 1.0567318229030584e-14
endloop
endfacet
facet normal 0.31667865111604954 0.9485328839462128 -3.1083536838096684e-18
outer loop
vertex 66.44197908130907 37.251649443491466 2.2450000000000103
vertex 66.1396321854466 37.35660801884085 1.0621246822044785e-14
vertex 66.1396321854466 37.35660801884085 2.2450000000000103
endloop
endfacet
facet normal 0.36146923083466215 0.932384038451859 -3.055297005214076e-18
outer loop
vertex 65.83986966578564 37.46873464272455 1.0672195039153956e-14
vertex 66.1396321854466 37.35660801884085 2.2450000000000103
vertex 66.1396321854466 37.35660801884085 1.0621246822044785e-14
endloop
endfacet
facet normal 0.3391700661190388 0.9407250747422474 -3.082699020924557e-18
outer loop
vertex 66.1396321854466 37.35660801884085 2.2450000000000103
vertex 65.83986966578564 37.46873464272455 1.0672195039153956e-14
vertex 65.83986966578564 37.46873464272455 2.2450000000000103
endloop
endfacet
facet normal 0.4059968370136146 0.9138744817177797 -2.9945028166483888e-18
outer loop
vertex 50.18795604645225 45.68877682005579 2.2450000000000108
vertex 51.00069540838763 45.322501872858695 1.0943178675026443e-14
vertex 50.18795604645225 45.68877682005579 1.0943178675026443e-14
endloop
endfacet
facet normal 0.4397704318059436 0.8981102200226951 -2.9427367885930645e-18
outer loop
vertex 51.00069540838763 45.322501872858695 1.0943178675026443e-14
vertex 50.18795604645225 45.68877682005579 2.2450000000000108
vertex 51.00069540838763 45.322501872858695 2.2450000000000108
endloop
endfacet
facet normal 0.3366149461480456 0.9416423833015104 -3.085712847729373e-18
outer loop
vertex 44.39580848743229 48.00690020024646 2.2450000000000108
vertex 45.23363173435857 47.70234344971679 1.0943178675026443e-14
vertex 44.39580848743229 48.00690020024646 1.0943178675026443e-14
endloop
endfacet
facet normal 0.34665090612499583 0.9379942160177319 -3.073727099043112e-18
outer loop
vertex 45.23363173435857 47.70234344971679 1.0943178675026443e-14
vertex 44.39580848743229 48.00690020024646 2.2450000000000108
vertex 45.23363173435857 47.70234344971679 2.2450000000000108
endloop
endfacet
facet normal 0.47631827526340126 0.8792729386544879 -2.8808900846554206e-18
outer loop
vertex 60.591810025748 40.2402073608895 1.0943178675026443e-14
vertex 63.82795860621041 38.44848525714972 2.2450000000000108
vertex 63.82795860621041 38.44848525714972 1.0943172997639283e-14
endloop
endfacet
facet normal 0.49264250883364985 0.8702317843483351 -2.851209415234018e-18
outer loop
vertex 63.82795860621041 38.44848525714972 2.2450000000000108
vertex 60.591810025748 40.2402073608895 1.0943178675026443e-14
vertex 60.591810025748 40.2402073608895 2.2450000000000108
endloop
endfacet
facet normal 0.356647337631786 0.9342390896125891 -3.0613908544324473e-18
outer loop
vertex 46.06815506067328 47.38885752464209 2.2450000000000108
vertex 46.89928330600093 47.066478171702364 1.0943178675026443e-14
vertex 46.06815506067328 47.38885752464209 1.0943178675026443e-14
endloop
endfacet
facet normal 0.3666031007792475 0.9303774322816741 -3.04870552059452e-18
outer loop
vertex 46.89928330600093 47.066478171702364 1.0943178675026443e-14
vertex 46.06815506067328 47.38885752464209 2.2450000000000108
vertex 46.89928330600093 47.066478171702364 2.2450000000000108
endloop
endfacet
facet normal 0.32654060209765007 0.9451831754647902 -3.0973467337608468e-18
outer loop
vertex 43.55478085655849 48.30249304774133 2.2450000000000108
vertex 44.39580848743229 48.00690020024646 1.0943178675026443e-14
vertex 43.55478085655849 48.30249304774133 1.0943178675026443e-14
endloop
endfacet
facet normal 0.3366149461480456 0.9416423833015104 -3.085712847729373e-18
outer loop
vertex 44.39580848743229 48.00690020024646 1.0943178675026443e-14
vertex 43.55478085655849 48.30249304774133 2.2450000000000108
vertex 44.39580848743229 48.00690020024646 2.2450000000000108
endloop
endfacet
facet normal 0.44849237663428015 0.8937866569271077 -2.9285407253103104e-18
outer loop
vertex 64.67003762111433 37.98759032569463 1.0845632250710483e-14
vertex 64.95777959337781 37.847467146402295 2.2450000000000103
vertex 64.95777959337781 37.847467146402295 1.0806877191512706e-14
endloop
endfacet
facet normal 0.42708741365777675 0.9042103411790375 -2.962767061622132e-18
outer loop
vertex 64.95777959337781 37.847467146402295 2.2450000000000103
vertex 64.67003762111433 37.98759032569463 1.0845632250710483e-14
vertex 64.67003762111433 37.98759032569463 2.2450000000000103
endloop
endfacet
facet normal 0.24817889293337614 0.9687142184887987 -3.1746931394207073e-18
outer loop
vertex 67.36280550556859 36.98035642557922 1.0387964217505553e-14
vertex 67.67376293934045 36.90462385425683 2.2450000000000103
vertex 67.67376293934045 36.90462385425683 1.0322436429916826e-14
endloop
endfacet
facet normal 0.2250469448730834 0.974347921742173 -3.193222998482213e-18
outer loop
vertex 67.67376293934045 36.90462385425683 2.2450000000000103
vertex 67.36280550556859 36.98035642557922 1.0387964217505553e-14
vertex 67.36280550556859 36.98035642557922 2.2450000000000103
endloop
endfacet
facet normal 0.4270874136577767 0.9042103411790374 -2.9627670616221312e-18
outer loop
vertex 64.95777959337781 37.847467146402295 1.0806877191512706e-14
vertex 65.24877584618689 37.71423378410849 2.2450000000000103
vertex 65.24877584618689 37.71423378410849 1.0765036536358146e-14
endloop
endfacet
facet normal 0.40544036658746174 0.9141214958316126 -2.99531402561767e-18
outer loop
vertex 65.24877584618689 37.71423378410849 2.2450000000000103
vertex 64.95777959337781 37.847467146402295 1.0806877191512706e-14
vertex 64.95777959337781 37.847467146402295 2.2450000000000103
endloop
endfacet
facet normal 0.3666031007792475 0.9303774322816741 -3.04870552059452e-18
outer loop
vertex 46.89928330600093 47.066478171702364 2.2450000000000108
vertex 47.726921697105915 46.73524215169175 1.0943178675026443e-14
vertex 46.89928330600093 47.066478171702364 1.0943178675026443e-14
endloop
endfacet
facet normal 0.37651706031545895 0.9264096843683173 -3.035672544033164e-18
outer loop
vertex 47.726921697105915 46.73524215169175 1.0943178675026443e-14
vertex 46.89928330600093 47.066478171702364 2.2450000000000108
vertex 47.726921697105915 46.73524215169175 2.2450000000000108
endloop
endfacet
facet normal -0.29187817671761024 0.9564555033852874 -3.1359813789800954e-18
outer loop
vertex 8.04366607566981 50.241779940943374 2.2450000000000108
vertex 9.261387304968027 50.59612649722749 1.0943178675026443e-14
vertex 8.04366607566981 50.241779940943374 1.0943178675026443e-14
endloop
endfacet
facet normal -0.2668795018315352 0.9637299058876152 -3.159758193147147e-18
outer loop
vertex 9.261387304968027 50.59612649722749 1.0943178675026443e-14
vertex 8.04366607566981 50.241779940943374 2.2450000000000108
vertex 9.261387304968027 50.59612649722749 2.2450000000000108
endloop
endfacet
facet normal 0.016244962434616 0.9998680418912778 -3.277444818266265e-18
outer loop
vertex 23.052785138731767 52.356466819244204 2.2450000000000108
vertex 24.320471801021196 52.319358862046286 1.0943178675026443e-14
vertex 23.052785138731767 52.356466819244204 1.0943178675026443e-14
endloop
endfacet
facet normal 0.04226938080350171 0.9991062503290071 -3.2748768235627177e-18
outer loop
vertex 24.320471801021196 52.319358862046286 1.0943178675026443e-14
vertex 23.052785138731767 52.356466819244204 2.2450000000000108
vertex 24.320471801021196 52.319358862046286 2.2450000000000108
endloop
endfacet
facet normal -0.06182377458787799 0.998087080817955 -3.271819660145692e-18
outer loop
vertex 19.249945234212607 52.26971365662976 2.2450000000000108
vertex 20.516662299034483 52.33163580067458 1.0943178675026443e-14
vertex 19.249945234212607 52.26971365662976 1.0943178675026443e-14
endloop
endfacet
facet normal -0.03581926114569166 0.999358284366011 -3.275915718307035e-18
outer loop
vertex 20.516662299034483 52.33163580067458 1.0943178675026443e-14
vertex 19.249945234212607 52.26971365662976 2.2450000000000108
vertex 20.516662299034483 52.33163580067458 2.2450000000000108
endloop
endfacet
facet normal -0.2668795018315352 0.9637299058876152 -3.159758193147147e-18
outer loop
vertex 9.261387304968027 50.59612649722749 2.2450000000000108
vertex 10.487920648977246 50.91865158193799 1.0943178675026443e-14
vertex 9.261387304968027 50.59612649722749 1.0943178675026443e-14
endloop
endfacet
facet normal -0.24169992249424635 0.9703510434199962 -3.181393163081208e-18
outer loop
vertex 10.487920648977246 50.91865158193799 1.0943178675026443e-14
vertex 9.261387304968027 50.59612649722749 2.2450000000000108
vertex 10.487920648977246 50.91865158193799 2.2450000000000108
endloop
endfacet
facet normal 0.04226938080350171 0.9991062503290071 -3.2748768235627177e-18
outer loop
vertex 24.320471801021196 52.319358862046286 2.2450000000000108
vertex 25.58676276738856 52.2492613390483 1.0943178675026443e-14
vertex 24.320471801021196 52.319358862046286 1.0943178675026443e-14
endloop
endfacet
facet normal 0.06826514684404916 0.9976672139177275 -3.270088951384509e-18
outer loop
vertex 25.58676276738856 52.2492613390483 1.0943178675026443e-14
vertex 24.320471801021196 52.319358862046286 2.2450000000000108
vertex 25.58676276738856 52.2492613390483 2.2450000000000108
endloop
endfacet
facet normal 0.18211992059866525 0.9832763266351611 -3.2226065615660673e-18
outer loop
vertex 31.498235735338866 51.48259018568709 2.2450000000000108
vertex 32.37390884013285 51.31555958692227 1.0943178675026443e-14
vertex 31.498235735338866 51.48259018568709 1.0943178675026443e-14
endloop
endfacet
facet normal 0.19260926935438807 0.9812755318251694 -3.216019535510478e-18
outer loop
vertex 32.37390884013285 51.31555958692227 1.0943178675026443e-14
vertex 31.498235735338866 51.48259018568709 2.2450000000000108
vertex 32.37390884013285 51.31555958692227 2.2450000000000108
endloop
endfacet
facet normal -0.08778638074257 0.9961393232656367 -3.265505796809993e-18
outer loop
vertex 17.98526953333891 52.174835598820955 2.2450000000000108
vertex 19.249945234212607 52.26971365662976 1.0943178675026443e-14
vertex 17.98526953333891 52.174835598820955 1.0943178675026443e-14
endloop
endfacet
facet normal -0.06182377458787799 0.998087080817955 -3.271819660145692e-18
outer loop
vertex 19.249945234212607 52.26971365662976 1.0943178675026443e-14
vertex 17.98526953333891 52.174835598820955 2.2450000000000108
vertex 19.249945234212607 52.26971365662976 2.2450000000000108
endloop
endfacet
facet normal 0.06826514684404916 0.9976672139177275 -3.270088951384509e-18
outer loop
vertex 25.58676276738856 52.2492613390483 2.2450000000000108
vertex 26.850799681643885 52.14622176590378 1.0943178675026443e-14
vertex 25.58676276738856 52.2492613390483 1.0943178675026443e-14
endloop
endfacet
facet normal 0.09421463930848177 0.9955519081092522 -3.263084447194064e-18
outer loop
vertex 26.850799681643885 52.14622176590378 1.0943178675026443e-14
vertex 25.58676276738856 52.2492613390483 2.2450000000000108
vertex 26.850799681643885 52.14622176590378 2.2450000000000108
endloop
endfacet
facet normal -0.3166790017836777 0.9485327668717056 -3.1100788377097394e-18
outer loop
vertex 6.835582394243188 49.85585210713935 2.2450000000000108
vertex 8.04366607566981 50.241779940943374 1.0943178675026443e-14
vertex 6.835582394243188 49.85585210713935 1.0943178675026443e-14
endloop
endfacet
facet normal -0.29187817671761024 0.9564555033852874 -3.1359813789800954e-18
outer loop
vertex 8.04366607566981 50.241779940943374 1.0943178675026443e-14
vertex 6.835582394243188 49.85585210713935 2.2450000000000108
vertex 8.04366607566981 50.241779940943374 2.2450000000000108
endloop
endfacet
facet normal -0.389727004339418 0.9209304328170632 -3.0197995640783083e-18
outer loop
vertex 3.277309650776196 48.51130291364492 2.2450000000000108
vertex 4.4515961884635935 48.99032024280966 1.0943178675026443e-14
vertex 3.277309650776196 48.51130291364492 1.0943178675026443e-14
endloop
endfacet
facet normal -0.36562000294001235 0.9307642093732148 -3.051968235103141e-18
outer loop
vertex 4.4515961884635935 48.99032024280966 1.0943178675026443e-14
vertex 3.277309650776196 48.51130291364492 2.2450000000000108
vertex 4.4515961884635935 48.99032024280966 2.2450000000000108
endloop
endfacet
facet normal -0.41356982902468925 0.9104724029428293 -2.9855839198721768e-18
outer loop
vertex 2.115891538893841 48.00187731198593 2.2450000000000108
vertex 3.277309650776196 48.51130291364492 1.0943178675026443e-14
vertex 2.115891538893841 48.00187731198593 1.0943178675026443e-14
endloop
endfacet
facet normal -0.389727004339418 0.9209304328170632 -3.0197995640783083e-18
outer loop
vertex 3.277309650776196 48.51130291364492 1.0943178675026443e-14
vertex 2.115891538893841 48.00187731198593 2.2450000000000108
vertex 3.277309650776196 48.51130291364492 2.2450000000000108
endloop
endfacet
facet normal -0.34126516577381083 0.9399670667791366 -3.082068127391073e-18
outer loop
vertex 5.6379551610305185 49.438604597259 2.2450000000000108
vertex 6.835582394243188 49.85585210713935 1.0943178675026443e-14
vertex 5.6379551610305185 49.438604597259 1.0943178675026443e-14
endloop
endfacet
facet normal -0.3166790017836777 0.9485327668717056 -3.1100788377097394e-18
outer loop
vertex 6.835582394243188 49.85585210713935 1.0943178675026443e-14
vertex 5.6379551610305185 49.438604597259 2.2450000000000108
vertex 6.835582394243188 49.85585210713935 2.2450000000000108
endloop
endfacet
facet normal 0.14590448727483704 0.9892986811843363 -3.2424460341351643e-18
outer loop
vertex 29.368686149414536 51.84161813339959 2.2450000000000108
vertex 30.620828951880945 51.64026054981855 1.0943178675026443e-14
vertex 29.368686149414536 51.84161813339959 1.0943178675026443e-14
endloop
endfacet
facet normal 0.1678260610880135 0.9858166225113485 -3.2309723949508194e-18
outer loop
vertex 30.620828951880945 51.64026054981855 1.0943178675026443e-14
vertex 29.368686149414536 51.84161813339959 2.2450000000000108
vertex 30.620828951880945 51.64026054981855 2.2450000000000108
endloop
endfacet
facet normal 0.20307665494877303 0.9791628425419426 -3.2090657879784344e-18
outer loop
vertex 33.247748413594095 51.13918779995939 2.2450000000000108
vertex 34.11965481213044 50.953494936405896 1.0943178675026443e-14
vertex 33.247748413594095 51.13918779995939 1.0943178675026443e-14
endloop
endfacet
facet normal 0.21352088378994913 0.9769384996946119 -3.201746111903043e-18
outer loop
vertex 34.11965481213044 50.953494936405896 1.0943178675026443e-14
vertex 33.247748413594095 51.13918779995939 2.2450000000000108
vertex 34.11965481213044 50.953494936405896 2.2450000000000108
endloop
endfacet
facet normal -0.36562000294001235 0.9307642093732148 -3.051968235103141e-18
outer loop
vertex 4.4515961884635935 48.99032024280966 2.2450000000000108
vertex 5.6379551610305185 49.438604597259 1.0943178675026443e-14
vertex 4.4515961884635935 48.99032024280966 1.0943178675026443e-14
endloop
endfacet
facet normal -0.34126516577381083 0.9399670667791366 -3.082068127391073e-18
outer loop
vertex 5.6379551610305185 49.438604597259 1.0943178675026443e-14
vertex 4.4515961884635935 48.99032024280966 2.2450000000000108
vertex 5.6379551610305185 49.438604597259 2.2450000000000108
endloop
endfacet
facet normal 0.1678260610880135 0.9858166225113485 -3.2309723949508194e-18
outer loop
vertex 30.620828951880945 51.64026054981855 2.2450000000000108
vertex 31.498235735338866 51.48259018568709 1.0943178675026443e-14
vertex 30.620828951880945 51.64026054981855 1.0943178675026443e-14
endloop
endfacet
facet normal 0.18211992059866525 0.9832763266351611 -3.2226065615660673e-18
outer loop
vertex 31.498235735338866 51.48259018568709 1.0943178675026443e-14
vertex 30.620828951880945 51.64026054981855 2.2450000000000108
vertex 31.498235735338866 51.48259018568709 2.2450000000000108
endloop
endfacet
facet normal -0.24169992249424635 0.9703510434199962 -3.181393163081208e-18
outer loop
vertex 10.487920648977246 50.91865158193799 2.2450000000000108
vertex 11.722434701238816 51.20913657122795 1.0943178675026443e-14
vertex 10.487920648977246 50.91865158193799 1.0943178675026443e-14
endloop
endfacet
facet normal -0.21635650670070972 0.9763144278398563 -3.2008716235032114e-18
outer loop
vertex 11.722434701238816 51.20913657122795 1.0943178675026443e-14
vertex 10.487920648977246 50.91865158193799 2.2450000000000108
vertex 11.722434701238816 51.20913657122795 2.2450000000000108
endloop
endfacet
facet normal -0.42538711721816386 0.9050114919186498 -2.967715676891808e-18
outer loop
vertex 0.9681291208707827 47.46238875232235 2.2450000000000108
vertex 2.115891538893841 48.00187731198593 1.0943178675026443e-14
vertex 0.9681291208707827 47.46238875232235 1.0943178675026443e-14
endloop
endfacet
facet normal -0.41356982902468925 0.9104724029428293 -2.9855839198721768e-18
outer loop
vertex 2.115891538893841 48.00187731198593 1.0943178675026443e-14
vertex 0.9681291208707827 47.46238875232235 2.2450000000000108
vertex 2.115891538893841 48.00187731198593 2.2450000000000108
endloop
endfacet
facet normal -0.9965568837152148 0.08291186597719226 -2.7449364645148525e-19
outer loop
vertex 0.9681291208707827 47.46238875232235 2.2450000000000108
vertex 0.8730577135420453 46.31968059708665 1.0943178675026443e-14
vertex 0.8730577135420453 46.31968059708665 2.2450000000000108
endloop
endfacet
facet normal -0.9978254017521742 0.06591257556879583 -2.1877476080154077e-19
outer loop
vertex 0.8730577135420453 46.31968059708665 1.0943178675026443e-14
vertex 0.9681291208707827 47.46238875232235 2.2450000000000108
vertex 0.9681291208707827 47.46238875232235 1.0943178675026443e-14
endloop
endfacet
facet normal 0.23433511018327438 0.972155880574403 -3.186012354393243e-18
outer loop
vertex 35.85727062359349 50.55423173793583 2.2450000000000108
vertex 36.72278189685446 50.34070693084878 1.0943178675026443e-14
vertex 35.85727062359349 50.55423173793583 1.0943178675026443e-14
endloop
endfacet
facet normal 0.24470273429723396 0.9695981496617336 -3.1776000670731172e-18
outer loop
vertex 36.72278189685446 50.34070693084878 1.0943178675026443e-14
vertex 35.85727062359349 50.55423173793583 2.2450000000000108
vertex 36.72278189685446 50.34070693084878 2.2450000000000108
endloop
endfacet
facet normal 0.19260926935438807 0.9812755318251694 -3.216019535510478e-18
outer loop
vertex 32.37390884013285 51.31555958692227 2.2450000000000108
vertex 33.247748413594095 51.13918779995939 1.0943178675026443e-14
vertex 32.37390884013285 51.31555958692227 1.0943178675026443e-14
endloop
endfacet
facet normal 0.20307665494877303 0.9791628425419426 -3.2090657879784344e-18
outer loop
vertex 33.247748413594095 51.13918779995939 1.0943178675026443e-14
vertex 32.37390884013285 51.31555958692227 2.2450000000000108
vertex 33.247748413594095 51.13918779995939 2.2450000000000108
endloop
endfacet
facet normal -0.009790467593076443 0.9999520722236187 -3.2777911947782237e-18
outer loop
vertex 21.78456208278349 52.3605600569884 2.2450000000000108
vertex 23.052785138731767 52.356466819244204 1.0943178675026443e-14
vertex 21.78456208278349 52.3605600569884 1.0943178675026443e-14
endloop
endfacet
facet normal 0.016244962434616 0.9998680418912778 -3.277444818266265e-18
outer loop
vertex 23.052785138731767 52.356466819244204 1.0943178675026443e-14
vertex 21.78456208278349 52.3605600569884 2.2450000000000108
vertex 23.052785138731767 52.356466819244204 2.2450000000000108
endloop
endfacet
facet normal -0.11368948083952339 0.9935163319978388 -3.256978408156499e-18
outer loop
vertex 16.723492457694352 52.04706594040422 2.2450000000000108
vertex 17.98526953333891 52.174835598820955 1.0943178675026443e-14
vertex 16.723492457694352 52.04706594040422 1.0943178675026443e-14
endloop
endfacet
facet normal -0.08778638074257 0.9961393232656367 -3.265505796809993e-18
outer loop
vertex 17.98526953333891 52.174835598820955 1.0943178675026443e-14
vertex 16.723492457694352 52.04706594040422 2.2450000000000108
vertex 17.98526953333891 52.174835598820955 2.2450000000000108
endloop
endfacet
facet normal 0.12010026831577317 0.992761766765058 -3.253868058999299e-18
outer loop
vertex 28.111725715508175 52.0103099880573 2.2450000000000108
vertex 29.368686149414536 51.84161813339959 1.0943178675026443e-14
vertex 28.111725715508175 52.0103099880573 1.0943178675026443e-14
endloop
endfacet
facet normal 0.14590448727483704 0.9892986811843363 -3.2424460341351643e-18
outer loop
vertex 29.368686149414536 51.84161813339959 1.0943178675026443e-14
vertex 28.111725715508175 52.0103099880573 2.2450000000000108
vertex 29.368686149414536 51.84161813339959 2.2450000000000108
endloop
endfacet
facet normal -0.16524698136274601 0.9862522168038459 -3.2333076726022678e-18
outer loop
vertex 14.212052823278462 51.69322049363089 2.2450000000000108
vertex 15.465469303725031 51.88649129012897 1.0943178675026443e-14
vertex 14.212052823278462 51.69322049363089 1.0943178675026443e-14
endloop
endfacet
facet normal -0.13951551644482563 0.9902198850109675 -3.246243274481379e-18
outer loop
vertex 15.465469303725031 51.88649129012897 1.0943178675026443e-14
vertex 14.212052823278462 51.69322049363089 2.2450000000000108
vertex 15.465469303725031 51.88649129012897 2.2450000000000108
endloop
endfacet
facet normal 0.09421463930848177 0.9955519081092522 -3.263084447194064e-18
outer loop
vertex 26.850799681643885 52.14622176590378 2.2450000000000108
vertex 28.111725715508175 52.0103099880573 1.0943178675026443e-14
vertex 26.850799681643885 52.14622176590378 1.0943178675026443e-14
endloop
endfacet
facet normal 0.12010026831577317 0.992761766765058 -3.253868058999299e-18
outer loop
vertex 28.111725715508175 52.0103099880573 1.0943178675026443e-14
vertex 26.850799681643885 52.14622176590378 2.2450000000000108
vertex 28.111725715508175 52.0103099880573 2.2450000000000108
endloop
endfacet
facet normal -0.19086643350238508 0.98161601686305 -3.2181803709256437e-18
outer loop
vertex 12.964092645565637 51.46738455965023 2.2450000000000108
vertex 14.212052823278462 51.69322049363089 1.0943178675026443e-14
vertex 12.964092645565637 51.46738455965023 1.0943178675026443e-14
endloop
endfacet
facet normal -0.16524698136274601 0.9862522168038459 -3.2333076726022678e-18
outer loop
vertex 14.212052823278462 51.69322049363089 1.0943178675026443e-14
vertex 12.964092645565637 51.46738455965023 2.2450000000000108
vertex 14.212052823278462 51.69322049363089 2.2450000000000108
endloop
endfacet
facet normal 0.21352088378994913 0.9769384996946119 -3.201746111903043e-18
outer loop
vertex 34.11965481213044 50.953494936405896 2.2450000000000108
vertex 34.989528612589034 50.75850217074784 1.0943178675026443e-14
vertex 34.11965481213044 50.953494936405896 1.0943178675026443e-14
endloop
endfacet
facet normal 0.2239407649264231 0.9746027569241577 -3.1940613419442217e-18
outer loop
vertex 34.989528612589034 50.75850217074784 1.0943178675026443e-14
vertex 34.11965481213044 50.953494936405896 2.2450000000000108
vertex 34.989528612589034 50.75850217074784 2.2450000000000108
endloop
endfacet
facet normal -0.03581926114569166 0.999358284366011 -3.275915718307035e-18
outer loop
vertex 20.516662299034483 52.33163580067458 2.2450000000000108
vertex 21.78456208278349 52.3605600569884 1.0943178675026443e-14
vertex 20.516662299034483 52.33163580067458 1.0943178675026443e-14
endloop
endfacet
facet normal -0.009790467593076443 0.9999520722236187 -3.2777911947782237e-18
outer loop
vertex 21.78456208278349 52.3605600569884 1.0943178675026443e-14
vertex 20.516662299034483 52.33163580067458 2.2450000000000108
vertex 21.78456208278349 52.3605600569884 2.2450000000000108
endloop
endfacet
facet normal -0.21635650670070972 0.9763144278398563 -3.2008716235032114e-18
outer loop
vertex 11.722434701238816 51.20913657122795 2.2450000000000108
vertex 12.964092645565637 51.46738455965023 1.0943178675026443e-14
vertex 11.722434701238816 51.20913657122795 1.0943178675026443e-14
endloop
endfacet
facet normal -0.19086643350238508 0.98161601686305 -3.2181803709256437e-18
outer loop
vertex 12.964092645565637 51.46738455965023 1.0943178675026443e-14
vertex 11.722434701238816 51.20913657122795 2.2450000000000108
vertex 12.964092645565637 51.46738455965023 2.2450000000000108
endloop
endfacet
facet normal 0.2239407649264231 0.9746027569241577 -3.1940613419442217e-18
outer loop
vertex 34.989528612589034 50.75850217074784 2.2450000000000108
vertex 35.85727062359349 50.55423173793583 1.0943178675026443e-14
vertex 34.989528612589034 50.75850217074784 1.0943178675026443e-14
endloop
endfacet
facet normal 0.23433511018327438 0.972155880574403 -3.186012354393243e-18
outer loop
vertex 35.85727062359349 50.55423173793583 1.0943178675026443e-14
vertex 34.989528612589034 50.75850217074784 2.2450000000000108
vertex 35.85727062359349 50.55423173793583 2.2450000000000108
endloop
endfacet
facet normal -0.13951551644482563 0.9902198850109675 -3.246243274481379e-18
outer loop
vertex 15.465469303725031 51.88649129012897 2.2450000000000108
vertex 16.723492457694352 52.04706594040422 1.0943178675026443e-14
vertex 15.465469303725031 51.88649129012897 1.0943178675026443e-14
endloop
endfacet
facet normal -0.11368948083952339 0.9935163319978388 -3.256978408156499e-18
outer loop
vertex 16.723492457694352 52.04706594040422 1.0943178675026443e-14
vertex 15.465469303725031 51.88649129012897 2.2450000000000108
vertex 16.723492457694352 52.04706594040422 2.2450000000000108
endloop
endfacet
facet normal -0.9851253699899636 -0.17183714791085591 5.605847994218968e-19
outer loop
vertex 1.3002144059844427 38.32313480789714 2.2450000000000108
vertex 1.516479003947523 37.197057490746495 1.0943178675026443e-14
vertex 1.516479003947523 37.197057490746495 2.2450000000000108
endloop
endfacet
facet normal -0.9786954876733232 -0.20531717514099126 6.703472224347567e-19
outer loop
vertex 1.516479003947523 37.197057490746495 1.0943178675026443e-14
vertex 1.3002144059844427 38.32313480789714 2.2450000000000108
vertex 1.3002144059844427 38.32313480789714 1.0943178675026443e-14
endloop
endfacet
facet normal -0.9904102848188506 -0.13815740199150817 4.501708335808749e-19
outer loop
vertex 1.1224599892701017 39.45592952357691 2.2450000000000108
vertex 1.3002144059844427 38.32313480789714 1.0943178675026443e-14
vertex 1.3002144059844427 38.32313480789714 2.2450000000000108
endloop
endfacet
facet normal -0.9851253699899636 -0.17183714791085591 5.605847994218968e-19
outer loop
vertex 1.3002144059844427 38.32313480789714 1.0943178675026443e-14
vertex 1.1224599892701017 39.45592952357691 2.2450000000000108
vertex 1.1224599892701017 39.45592952357691 1.0943178675026443e-14
endloop
endfacet
facet normal -0.6503423247483907 -0.7596412710226182 2.4882727382229757e-18
outer loop
vertex 18.821355571614408 9.118717283878029 1.0943178675026444e-14
vertex 16.349955775474747 11.36987486601786 2.2450000000000108
vertex 16.349955775474747 11.36987486601786 1.0943178675026443e-14
endloop
endfacet
facet normal -0.6958167293800014 -0.7182193809101214 2.352371137115829e-18
outer loop
vertex 16.349955775474747 11.36987486601786 2.2450000000000108
vertex 18.821355571614408 9.118717283878029 1.0943178675026444e-14
vertex 18.821355571614408 9.118717283878029 2.2450000000000108
endloop
endfacet
facet normal -0.9505092923909293 -0.31069612980932804 1.0158479680201733e-18
outer loop
vertex 2.393598349047958 33.87216967454209 2.2450000000000108
vertex 3.507900886409282 30.72036744927234 1.0943178675026443e-14
vertex 3.507900886409282 30.72036744927234 2.2450000000000108
endloop
endfacet
facet normal -0.9321139085085877 -0.3621652406911026 1.184609796499739e-18
outer loop
vertex 3.507900886409282 30.72036744927234 1.0943178675026443e-14
vertex 2.393598349047958 33.87216967454209 2.2450000000000108
vertex 2.393598349047958 33.87216967454209 1.0943178675026443e-14
endloop
endfacet
facet normal -0.4438185282070596 -0.8961166854936468 2.9361911099010853e-18
outer loop
vertex 26.998047811982307 3.3335723401345567 2.2450000000000108
vertex 24.155492962908646 5.092949884038187 1.0943178675026444e-14
vertex 26.998047811982307 3.3335723401345567 1.0943178675026444e-14
endloop
endfacet
facet normal -0.5521927973140767 -0.8337164473575263 2.731352761968312e-18
outer loop
vertex 24.155492962908646 5.092949884038187 1.0943178675026444e-14
vertex 26.998047811982307 3.3335723401345567 2.2450000000000108
vertex 24.155492962908646 5.092949884038187 2.2450000000000108
endloop
endfacet
facet normal -0.9978254017521742 0.06591257556879583 -2.1877476080154077e-19
outer loop
vertex 0.8730577135420453 46.31968059708665 2.2450000000000108
vertex 0.8169929527242877 45.17439581017652 1.0943178675026443e-14
vertex 0.8169929527242877 45.17439581017652 2.2450000000000108
endloop
endfacet
facet normal -0.9994922941495659 0.03186148043700842 -1.0716248104865728e-19
outer loop
vertex 0.8169929527242877 45.17439581017652 1.0943178675026443e-14
vertex 0.8730577135420453 46.31968059708665 2.2450000000000108
vertex 0.8730577135420453 46.31968059708665 1.0943178675026443e-14
endloop
endfacet
facet normal -0.7787051652356479 -0.6273900426651053 2.05441386149256e-18
outer loop
vertex 11.845213709350695 16.30618156075524 2.2450000000000108
vertex 14.02163860779957 13.768721792917153 1.0943178675026443e-14
vertex 14.02163860779957 13.768721792917153 2.2450000000000108
endloop
endfacet
facet normal -0.738658376109512 -0.6740799681070926 2.2075688823761342e-18
outer loop
vertex 14.02163860779957 13.768721792917153 1.0943178675026443e-14
vertex 11.845213709350695 16.30618156075524 2.2450000000000108
vertex 11.845213709350695 16.30618156075524 1.0943178675026443e-14
endloop
endfacet
facet normal -0.18555419324367592 -0.982634032267196 3.220491814537415e-18
outer loop
vertex 33.58025050093484 1.3980456740667737 1.1184501244704416e-14
vertex 32.23510563411256 1.6798451898071087 2.2450000000000108
vertex 32.23510563411256 1.6798451898071087 1.1163729091475917e-14
endloop
endfacet
facet normal -0.22445023443517237 -0.974485552618404 3.1936757674026e-18
outer loop
vertex 32.23510563411256 1.6798451898071087 2.2450000000000108
vertex 33.58025050093484 1.3980456740667737 1.1184501244704416e-14
vertex 33.58025050093484 1.3980456740667737 2.2450000000000108
endloop
endfacet
facet normal -0.14636510636280492 -0.9892306382433801 3.2422217397838004e-18
outer loop
vertex 34.935529789992955 1.1699147282048283 1.119142894275105e-14
vertex 33.58025050093484 1.3980456740667737 2.2450000000000108
vertex 33.58025050093484 1.3980456740667737 1.1184501244704416e-14
endloop
endfacet
facet normal -0.18555419324367592 -0.982634032267196 3.220491814537415e-18
outer loop
vertex 33.58025050093484 1.3980456740667737 2.2450000000000108
vertex 34.935529789992955 1.1699147282048283 1.119142894275105e-14
vertex 34.935529789992955 1.1699147282048283 2.2450000000000108
endloop
endfacet
facet normal -0.8498192196324776 -0.5270742774441255 1.7253929002030849e-18
outer loop
vertex 7.980374555045666 21.758047587921258 2.2450000000000108
vertex 9.828916006952541 18.972653197073324 1.0943178675026443e-14
vertex 9.828916006952541 18.972653197073324 2.2450000000000108
endloop
endfacet
facet normal -0.8158055719443777 -0.5783262649962447 1.8934855662686622e-18
outer loop
vertex 9.828916006952541 18.972653197073324 1.0943178675026443e-14
vertex 7.980374555045666 21.758047587921258 2.2450000000000108
vertex 7.980374555045666 21.758047587921258 1.0943178675026443e-14
endloop
endfacet
facet normal -0.9994922941495659 0.03186148043700842 -1.0716248104865728e-19
outer loop
vertex 0.8169929527242877 45.17439581017652 2.2450000000000108
vertex 0.7999999999999978 44.02786550526041 1.0943178675026443e-14
vertex 0.7999999999999978 44.02786550526041 2.2450000000000108
endloop
endfacet
facet normal -0.9999975210209918 -0.0022266458791197906 4.5743488988751865e-21
outer loop
vertex 0.7999999999999978 44.02786550526041 1.0943178675026443e-14
vertex 0.8169929527242877 45.17439581017652 2.2450000000000108
vertex 0.8169929527242877 45.17439581017652 1.0943178675026443e-14
endloop
endfacet
facet normal -0.8158055719443777 -0.5783262649962447 1.8934855662686622e-18
outer loop
vertex 9.828916006952541 18.972653197073324 2.2450000000000108
vertex 11.845213709350695 16.30618156075524 1.0943178675026443e-14
vertex 11.845213709350695 16.30618156075524 2.2450000000000108
endloop
endfacet
facet normal -0.7787051652356479 -0.6273900426651053 2.05441386149256e-18
outer loop
vertex 11.845213709350695 16.30618156075524 1.0943178675026443e-14
vertex 9.828916006952541 18.972653197073324 2.2450000000000108
vertex 9.828916006952541 18.972653197073324 1.0943178675026443e-14
endloop
endfacet
facet normal -0.10694486510742221 -0.9942649525288295 3.2588312250763866e-18
outer loop
vertex 36.29880310905681 0.9958126393649542 2.2450000000000108
vertex 34.935529789992955 1.1699147282048283 1.119142894275105e-14
vertex 36.29880310905681 0.9958126393649542 1.1184501244704091e-14
endloop
endfacet
facet normal -0.14636510636280492 -0.9892306382433801 3.2422217397838004e-18
outer loop
vertex 34.935529789992955 1.1699147282048283 1.119142894275105e-14
vertex 36.29880310905681 0.9958126393649542 2.2450000000000108
vertex 34.935529789992955 1.1699147282048283 2.2450000000000108
endloop
endfacet
facet normal -0.06735572585429153 -0.9977290244323064 3.2702940390593824e-18
outer loop
vertex 37.667917440926686 0.8760143669308325 2.2450000000000108
vertex 36.29880310905681 0.9958126393649542 1.1184501244704091e-14
vertex 37.667917440926686 0.8760143669308325 1.1163729091475268e-14
endloop
endfacet
facet normal -0.10694486510742221 -0.9942649525288295 3.2588312250763866e-18
outer loop
vertex 36.29880310905681 0.9958126393649542 1.1184501244704091e-14
vertex 37.667917440926686 0.8760143669308325 2.2450000000000108
vertex 36.29880310905681 0.9958126393649542 2.2450000000000108
endloop
endfacet
facet normal -0.02766021172075057 -0.9996173831459532 3.2765920785136426e-18
outer loop
vertex 39.04071054369304 0.8107091082831737 2.2450000000000108
vertex 37.667917440926686 0.8760143669308325 1.1163729091475268e-14
vertex 39.04071054369304 0.8107091082831737 1.1129145288520791e-14
endloop
endfacet
facet normal -0.06735572585429153 -0.9977290244323064 3.2702940390593824e-18
outer loop
vertex 37.667917440926686 0.8760143669308325 1.1163729091475268e-14
vertex 39.04071054369304 0.8107091082831737 2.2450000000000108
vertex 37.667917440926686 0.8760143669308325 2.2450000000000108
endloop
endfacet
facet normal -0.9711281110357132 -0.2385585713325092 7.79330530627758e-19
outer loop
vertex 1.7710024284170187 36.07900636180389 2.2450000000000108
vertex 2.06348885811511 34.97028088226628 1.0943178675026443e-14
vertex 2.06348885811511 34.97028088226628 2.2450000000000108
endloop
endfacet
facet normal -0.9624320353030775 -0.2715227014862221 8.874080575396228e-19
outer loop
vertex 2.06348885811511 34.97028088226628 1.0943178675026443e-14
vertex 1.7710024284170187 36.07900636180389 2.2450000000000108
vertex 1.7710024284170187 36.07900636180389 1.0943178675026443e-14
endloop
endfacet
facet normal -0.9945440897380583 -0.10431708185669972 3.3923365416328455e-19
outer loop
vertex 0.9834223498725195 40.59412504077257 2.2450000000000108
vertex 1.1224599892701017 39.45592952357691 1.0943178675026443e-14
vertex 1.1224599892701017 39.45592952357691 2.2450000000000108
endloop
endfacet
facet normal -0.9904102848188506 -0.13815740199150817 4.501708335808749e-19
outer loop
vertex 1.1224599892701017 39.45592952357691 1.0943178675026443e-14
vertex 0.9834223498725195 40.59412504077257 2.2450000000000108
vertex 0.9834223498725195 40.59412504077257 1.0943178675026443e-14
endloop
endfacet
facet normal -0.9786954876733232 -0.20531717514099126 6.703472224347567e-19
outer loop
vertex 1.516479003947523 37.197057490746495 2.2450000000000108
vertex 1.7710024284170187 36.07900636180389 1.0943178675026443e-14
vertex 1.7710024284170187 36.07900636180389 2.2450000000000108
endloop
endfacet
facet normal -0.9711281110357132 -0.2385585713325092 7.79330530627758e-19
outer loop
vertex 1.7710024284170187 36.07900636180389 1.0943178675026443e-14
vertex 1.516479003947523 37.197057490746495 2.2450000000000108
vertex 1.516479003947523 37.197057490746495 1.0943178675026443e-14
endloop
endfacet
facet normal -0.9999975210209918 -0.0022266458791197906 4.5743488988751865e-21
outer loop
vertex 0.7999999999999978 44.02786550526041 2.2450000000000108
vertex 0.8220986055240064 42.88142224361702 1.0943178675026443e-14
vertex 0.8220986055240064 42.88142224361702 2.2450000000000108
endloop
endfacet
facet normal -0.999340495163688 -0.03631218426362287 1.1630586228386668e-19
outer loop
vertex 0.8220986055240064 42.88142224361702 1.0943178675026443e-14
vertex 0.7999999999999978 44.02786550526041 2.2450000000000108
vertex 0.7999999999999978 44.02786550526041 1.0943178675026443e-14
endloop
endfacet
facet normal -0.9975219802096402 -0.07035551860826803 2.2790219852798806e-19
outer loop
vertex 0.8832630850679609 41.73639848535894 2.2450000000000108
vertex 0.9834223498725195 40.59412504077257 1.0943178675026443e-14
vertex 0.9834223498725195 40.59412504077257 2.2450000000000108
endloop
endfacet
facet normal -0.9945440897380583 -0.10431708185669972 3.3923365416328455e-19
outer loop
vertex 0.9834223498725195 40.59412504077257 1.0943178675026443e-14
vertex 0.8832630850679609 41.73639848535894 2.2450000000000108
vertex 0.8832630850679609 41.73639848535894 1.0943178675026443e-14
endloop
endfacet
facet normal -0.9080836152499489 -0.41878890591153806 1.3702832020203177e-18
outer loop
vertex 4.813876464136453 27.64303821723281 2.2450000000000108
vertex 6.306583669675182 24.65182565198146 1.0943178675026443e-14
vertex 6.306583669675182 24.65182565198146 2.2450000000000108
endloop
endfacet
facet normal -0.8806174110497087 -0.4738280018699912 1.550771874584788e-18
outer loop
vertex 6.306583669675182 24.65182565198146 1.0943178675026443e-14
vertex 4.813876464136453 27.64303821723281 2.2450000000000108
vertex 4.813876464136453 27.64303821723281 1.0943178675026443e-14
endloop
endfacet
facet normal -0.9624320353030775 -0.2715227014862221 8.874080575396228e-19
outer loop
vertex 2.06348885811511 34.97028088226628 2.2450000000000108
vertex 2.393598349047958 33.87216967454209 1.0943178675026443e-14
vertex 2.393598349047958 33.87216967454209 2.2450000000000108
endloop
endfacet
facet normal -0.9505092923909293 -0.31069612980932804 1.0158479680201733e-18
outer loop
vertex 2.393598349047958 33.87216967454209 1.0943178675026443e-14
vertex 2.06348885811511 34.97028088226628 2.2450000000000108
vertex 2.06348885811511 34.97028088226628 1.0943178675026443e-14
endloop
endfacet
facet normal -0.8806174110497087 -0.4738280018699912 1.550771874584788e-18
outer loop
vertex 6.306583669675182 24.65182565198146 2.2450000000000108
vertex 7.980374555045666 21.758047587921258 1.0943178675026443e-14
vertex 7.980374555045666 21.758047587921258 2.2450000000000108
endloop
endfacet
facet normal -0.8498192196324776 -0.5270742774441255 1.7253929002030849e-18
outer loop
vertex 7.980374555045666 21.758047587921258 1.0943178675026443e-14
vertex 6.306583669675182 24.65182565198146 2.2450000000000108
vertex 6.306583669675182 24.65182565198146 1.0943178675026443e-14
endloop
endfacet
facet normal -0.338768694030907 -0.9408696891411659 3.0831741490996048e-18
outer loop
vertex 28.281621310319306 2.8423852533979415 1.1018782932677031e-14
vertex 26.998047811982307 3.3335723401345567 2.2450000000000108
vertex 26.998047811982307 3.3335723401345567 1.0943178675026444e-14
endloop
endfacet
facet normal -0.4438185282070596 -0.8961166854936468 2.9361911099010853e-18
outer loop
vertex 26.998047811982307 3.3335723401345567 2.2450000000000108
vertex 28.281621310319306 2.8423852533979415 1.1018782932677031e-14
vertex 28.281621310319306 2.8423852533979415 2.2450000000000108
endloop
endfacet
facet normal -0.6024072234674064 -0.7981889106685777 2.6147594755628047e-18
outer loop
vertex 21.426486974508745 7.023766738963236 2.2450000000000108
vertex 18.821355571614408 9.118717283878029 1.0943178675026444e-14
vertex 21.426486974508745 7.023766738963236 1.0943178675026444e-14
endloop
endfacet
facet normal -0.6503423247483907 -0.7596412710226182 2.4882727382229757e-18
outer loop
vertex 18.821355571614408 9.118717283878029 1.0943178675026444e-14
vertex 21.426486974508745 7.023766738963236 2.2450000000000108
vertex 18.821355571614408 9.118717283878029 2.2450000000000108
endloop
endfacet
facet normal -0.999340495163688 -0.03631218426362287 1.1630586228386668e-19
outer loop
vertex 0.8220986055240064 42.88142224361702 2.2450000000000108
vertex 0.8832630850679609 41.73639848535894 1.0943178675026443e-14
vertex 0.8832630850679609 41.73639848535894 2.2450000000000108
endloop
endfacet
facet normal -0.9975219802096402 -0.07035551860826803 2.2790219852798806e-19
outer loop
vertex 0.8832630850679609 41.73639848535894 1.0943178675026443e-14
vertex 0.8220986055240064 42.88142224361702 2.2450000000000108
vertex 0.8220986055240064 42.88142224361702 1.0943178675026443e-14
endloop
endfacet
facet normal -0.9321139085085877 -0.3621652406911026 1.184609796499739e-18
outer loop
vertex 3.507900886409282 30.72036744927234 2.2450000000000108
vertex 4.813876464136453 27.64303821723281 1.0943178675026443e-14
vertex 4.813876464136453 27.64303821723281 2.2450000000000108
endloop
endfacet
facet normal -0.9080836152499489 -0.41878890591153806 1.3702832020203177e-18
outer loop
vertex 4.813876464136453 27.64303821723281 1.0943178675026443e-14
vertex 3.507900886409282 30.72036744927234 2.2450000000000108
vertex 3.507900886409282 30.72036744927234 1.0943178675026443e-14
endloop
endfacet
facet normal -0.5521927973140767 -0.8337164473575263 2.731352761968312e-18
outer loop
vertex 24.155492962908646 5.092949884038187 2.2450000000000108
vertex 21.426486974508745 7.023766738963236 1.0943178675026444e-14
vertex 24.155492962908646 5.092949884038187 1.0943178675026444e-14
endloop
endfacet
facet normal -0.6024072234674064 -0.7981889106685777 2.6147594755628047e-18
outer loop
vertex 21.426486974508745 7.023766738963236 1.0943178675026444e-14
vertex 24.155492962908646 5.092949884038187 2.2450000000000108
vertex 21.426486974508745 7.023766738963236 2.2450000000000108
endloop
endfacet
facet normal -0.30111802554011136 -0.9535868784200131 3.124962675399488e-18
outer loop
vertex 29.58369735460028 2.402585691416108 1.1080804454033006e-14
vertex 28.281621310319306 2.8423852533979415 2.2450000000000108
vertex 28.281621310319306 2.8423852533979415 1.1018782932677031e-14
endloop
endfacet
facet normal -0.33876869403090704 -0.9408696891411656 3.0831741490996044e-18
outer loop
vertex 28.281621310319306 2.8423852533979415 2.2450000000000108
vertex 29.58369735460028 2.402585691416108 1.1080804454033006e-14
vertex 29.58369735460028 2.402585691416108 2.2450000000000108
endloop
endfacet
facet normal -0.2629918014295532 -0.9647980681887992 3.1618159489556384e-18
outer loop
vertex 30.902219576465814 2.0148682295234694 1.1129145288521763e-14
vertex 29.58369735460028 2.402585691416108 2.2450000000000108
vertex 29.58369735460028 2.402585691416108 1.1080804454033006e-14
endloop
endfacet
facet normal -0.30111802554011136 -0.9535868784200131 3.124962675399488e-18
outer loop
vertex 29.58369735460028 2.402585691416108 2.2450000000000108
vertex 30.902219576465814 2.0148682295234694 1.1129145288521763e-14
vertex 30.902219576465814 2.0148682295234694 2.2450000000000108
endloop
endfacet
facet normal -0.22445023443517237 -0.974485552618404 3.1936757674026e-18
outer loop
vertex 32.23510563411256 1.6798451898071087 1.1163729091475917e-14
vertex 30.902219576465814 2.0148682295234694 2.2450000000000108
vertex 30.902219576465814 2.0148682295234694 1.1129145288521763e-14
endloop
endfacet
facet normal -0.2629918014295532 -0.9647980681887992 3.1618159489556384e-18
outer loop
vertex 30.902219576465814 2.0148682295234694 2.2450000000000108
vertex 32.23510563411256 1.6798451898071087 1.1163729091475917e-14
vertex 32.23510563411256 1.6798451898071087 2.2450000000000108
endloop
endfacet
facet normal -0.738658376109512 -0.6740799681070926 2.2075688823761342e-18
outer loop
vertex 14.02163860779957 13.768721792917153 2.2450000000000108
vertex 16.349955775474747 11.36987486601786 1.0943178675026443e-14
vertex 16.349955775474747 11.36987486601786 2.2450000000000108
endloop
endfacet
facet normal -0.6958167293800014 -0.7182193809101214 2.352371137115829e-18
outer loop
vertex 16.349955775474747 11.36987486601786 1.0943178675026443e-14
vertex 14.02163860779957 13.768721792917153 2.2450000000000108
vertex 14.02163860779957 13.768721792917153 1.0943178675026443e-14
endloop
endfacet
facet normal 0.28260261871751424 -0.9592370717888271 3.1450738716061653e-18
outer loop
vertex 46.03023466901745 1.491586079166372 2.2450000000000103
vertex 45.46552580759674 1.337113311221785 1.0849241900190956e-14
vertex 46.03023466901745 1.491586079166372 1.084039613541779e-14
endloop
endfacet
facet normal 0.2449984182675872 -0.969523478336848 3.1786894561151918e-18
outer loop
vertex 45.46552580759674 1.337113311221785 1.0849241900190956e-14
vertex 46.03023466901745 1.491586079166372 2.2450000000000103
vertex 45.46552580759674 1.337113311221785 2.2450000000000103
endloop
endfacet
facet normal 0.6525026916706387 -0.7577864061611107 2.4857421447190357e-18
outer loop
vertex 53.31901829918641 5.79477598875288 1.1142317002703032e-14
vertex 52.63888313242975 5.22684530962281 2.2450000000000108
vertex 52.63888313242975 5.22684530962281 1.1113204888442288e-14
endloop
endfacet
facet normal 0.6292521678099536 -0.7772012025894415 2.549318981382785e-18
outer loop
vertex 52.63888313242975 5.22684530962281 2.2450000000000108
vertex 53.31901829918641 5.79477598875288 1.1142317002703032e-14
vertex 53.31901829918641 5.79477598875288 2.2450000000000108
endloop
endfacet
facet normal 0.7185795872223852 -0.6954447331221271 2.2815710483152342e-18
outer loop
vertex 55.25193046254898 7.618423681266807 1.1197059428225423e-14
vertex 54.6261416209124 6.991114007310232 2.2450000000000108
vertex 54.6261416209124 6.991114007310232 1.1184263516001791e-14
endloop
endfacet
facet normal 0.6971869007309671 -0.7168894094971334 2.3518067338971663e-18
outer loop
vertex 54.6261416209124 6.991114007310232 2.2450000000000108
vertex 55.25193046254898 7.618423681266807 1.1197059428225423e-14
vertex 55.25193046254898 7.618423681266807 2.2450000000000108
endloop
endfacet
facet normal 0.7963751040934917 -0.6048030204786353 1.9846665666541737e-18
outer loop
vertex 57.55674754906872 10.30830874476768 1.1193512111662475e-14
vertex 57.01137026789227 9.609958744744151 2.2450000000000108
vertex 57.01137026789227 9.609958744744151 1.1202611982116271e-14
endloop
endfacet
facet normal 0.7787263038973223 -0.62736380483609 2.05857096667808e-18
outer loop
vertex 57.01137026789227 9.609958744744151 2.2450000000000108
vertex 57.55674754906872 10.30830874476768 1.1193512111662475e-14
vertex 57.55674754906872 10.30830874476768 2.2450000000000108
endloop
endfacet
facet normal 0.4281629482757893 -0.9037015490325242 2.9634293493314022e-18
outer loop
vertex 48.21613962084625 2.325572746851104 1.086396957725706e-14
vertex 47.68227698586583 2.0852633188725846 2.2450000000000103
vertex 47.68227698586583 2.0852633188725846 1.0849241704950266e-14
endloop
endfacet
facet normal 0.39261281101035705 -0.9197038548524987 3.0157867998177414e-18
outer loop
vertex 47.68227698586583 2.0852633188725846 2.2450000000000103
vertex 48.21613962084625 2.325572746851104 1.086396957725706e-14
vertex 48.21613962084625 2.325572746851104 2.2450000000000103
endloop
endfacet
facet normal 0.8509233194452226 -0.5252899241602907 1.7241774814883272e-18
outer loop
vertex 61.06188429893589 15.426658792235648 1.111019204096395e-14
vertex 60.23134963492401 14.116269395015266 2.2450000000000108
vertex 60.23134963492401 14.116269395015266 1.1131086564780168e-14
endloop
endfacet
facet normal 0.8382340006476736 -0.5453107005718811 1.7897694462918414e-18
outer loop
vertex 60.23134963492401 14.116269395015266 2.2450000000000108
vertex 61.06188429893589 15.426658792235648 1.111019204096395e-14
vertex 61.06188429893589 15.426658792235648 2.2450000000000108
endloop
endfacet
facet normal 0.8631345467207506 -0.5049740134473898 1.6576167870501292e-18
outer loop
vertex 61.861127166441776 16.756365165542853 1.108927406146792e-14
vertex 61.06188429893589 15.426658792235648 2.2450000000000108
vertex 61.06188429893589 15.426658792235648 1.111019204096395e-14
endloop
endfacet
facet normal 0.8509233194452226 -0.5252899241602907 1.7241774814883272e-18
outer loop
vertex 61.06188429893589 15.426658792235648 2.2450000000000108
vertex 61.861127166441776 16.756365165542853 1.108927406146792e-14
vertex 61.861127166441776 16.756365165542853 2.2450000000000108
endloop
endfacet
facet normal 0.5561244430754819 -0.8310990336981419 2.7257926162463458e-18
outer loop
vertex 50.49971682569046 3.6502008190043815 1.099364841060753e-14
vertex 49.75592199955523 3.1686425588003737 2.2450000000000108
vertex 49.75592199955523 3.1686425588003737 1.0943178094041323e-14
endloop
endfacet
facet normal 0.52885376536723 -0.8487129637615434 2.78345540148719e-18
outer loop
vertex 49.75592199955523 3.1686425588003737 2.2450000000000108
vertex 50.49971682569046 3.6502008190043815 1.099364841060753e-14
vertex 50.49971682569046 3.6502008190043815 2.2450000000000108
endloop
endfacet
facet normal 0.1687306283916855 -0.9856622012852817 3.2313831389223372e-18
outer loop
vertex 44.320199055034905 1.0947552833426826 2.2450000000000108
vertex 43.74132193004908 1.007238379994053 1.0910973977607829e-14
vertex 44.320199055034905 1.0947552833426826 1.0884557659250765e-14
endloop
endfacet
facet normal 0.13018295731568744 -0.9914899886658171 3.2503811488270266e-18
outer loop
vertex 43.74132193004908 1.007238379994053 1.0910973977607829e-14
vertex 44.320199055034905 1.0947552833426826 2.2450000000000108
vertex 43.74132193004908 1.007238379994053 2.2450000000000108
endloop
endfacet
facet normal 0.3197772953891766 -0.9474927341956685 3.1066781331899157e-18
outer loop
vertex 46.58849329666536 1.6679528528521064 2.2450000000000103
vertex 46.03023466901745 1.491586079166372 1.084039613541779e-14
vertex 46.58849329666536 1.6679528528521064 1.0837446019982107e-14
endloop
endfacet
facet normal 0.28260261871751424 -0.9592370717888271 3.1450738716061653e-18
outer loop
vertex 46.03023466901745 1.491586079166372 1.084039613541779e-14
vertex 46.58849329666536 1.6679528528521064 2.2450000000000103
vertex 46.03023466901745 1.491586079166372 2.2450000000000103
endloop
endfacet
facet normal 0.49725790305005635 -0.8676027765367403 2.845288646603435e-18
outer loop
vertex 49.253750652958026 2.8676743331346146 1.0910973492099849e-14
vertex 48.74022969560837 2.586508615867669 2.2450000000000108
vertex 48.74022969560837 2.586508615867669 1.0884557269955907e-14
endloop
endfacet
facet normal 0.46306232664845587 -0.8863257198338086 2.9065678239135647e-18
outer loop
vertex 48.74022969560837 2.586508615867669 2.2450000000000108
vertex 49.253750652958026 2.8676743331346146 1.0910973492099849e-14
vertex 49.253750652958026 2.8676743331346146 2.2450000000000108
endloop
endfacet
facet normal 0.0120789861779859 -0.9999270463853412 3.277715396947085e-18
outer loop
vertex 40.41501436556413 0.7999999999999993 2.2450000000000108
vertex 39.04071054369304 0.8107091082831737 1.1129145288520791e-14
vertex 40.41501436556413 0.7999999999999993 1.1080804454031711e-14
endloop
endfacet
facet normal -0.02766021172075057 -0.9996173831459532 3.2765920785136426e-18
outer loop
vertex 39.04071054369304 0.8107091082831737 1.1129145288520791e-14
vertex 40.41501436556413 0.7999999999999993 2.2450000000000108
vertex 39.04071054369304 0.8107091082831737 2.2450000000000108
endloop
endfacet
facet normal 0.52885376536723 -0.8487129637615434 2.78345540148719e-18
outer loop
vertex 49.75592199955523 3.1686425588003737 1.0943178094041323e-14
vertex 49.253750652958026 2.8676743331346146 2.2450000000000108
vertex 49.253750652958026 2.8676743331346146 1.0910973492099849e-14
endloop
endfacet
facet normal 0.49725790305005635 -0.8676027765367403 2.845288646603435e-18
outer loop
vertex 49.253750652958026 2.8676743331346146 2.2450000000000108
vertex 49.75592199955523 3.1686425588003737 1.0943178094041323e-14
vertex 49.75592199955523 3.1686425588003737 2.2450000000000108
endloop
endfacet
facet normal 0.46306232664845587 -0.8863257198338086 2.9065678239135647e-18
outer loop
vertex 48.74022969560837 2.586508615867669 1.0884557269955907e-14
vertex 48.21613962084625 2.325572746851104 2.2450000000000103
vertex 48.21613962084625 2.325572746851104 1.086396957725706e-14
endloop
endfacet
facet normal 0.42816294827578955 -0.9037015490325243 2.9634293493314034e-18
outer loop
vertex 48.21613962084625 2.325572746851104 2.2450000000000103
vertex 48.74022969560837 2.586508615867669 1.0884557269955907e-14
vertex 48.74022969560837 2.586508615867669 2.2450000000000108
endloop
endfacet
facet normal 0.35646594701002776 -0.9343083156122739 3.063560598013729e-18
outer loop
vertex 47.13945320103928 1.8659455748796567 1.0840396037723203e-14
vertex 46.58849329666536 1.6679528528521064 2.2450000000000103
vertex 46.58849329666536 1.6679528528521064 1.0837446019982107e-14
endloop
endfacet
facet normal 0.3197772953891766 -0.9474927341956685 3.1066781331899157e-18
outer loop
vertex 46.58849329666536 1.6679528528521064 2.2450000000000103
vertex 47.13945320103928 1.8659455748796567 1.0840396037723203e-14
vertex 47.13945320103928 1.8659455748796567 2.2450000000000103
endloop
endfacet
facet normal 0.39261281101035705 -0.9197038548524987 3.0157867998177414e-18
outer loop
vertex 47.68227698586583 2.0852633188725846 1.0849241704950266e-14
vertex 47.13945320103928 1.8659455748796567 2.2450000000000103
vertex 47.13945320103928 1.8659455748796567 1.0840396037723203e-14
endloop
endfacet
facet normal 0.35646594701002776 -0.9343083156122739 3.063560598013729e-18
outer loop
vertex 47.13945320103928 1.8659455748796567 2.2450000000000103
vertex 47.68227698586583 2.0852633188725846 1.0849241704950266e-14
vertex 47.68227698586583 2.0852633188725846 2.2450000000000103
endloop
endfacet
facet normal 0.6292521678099536 -0.7772012025894415 2.549318981382785e-18
outer loop
vertex 52.63888313242975 5.22684530962281 1.1113204888442288e-14
vertex 51.94185899011806 4.679774522255283 2.2450000000000108
vertex 51.94185899011806 4.679774522255283 1.1078700826504517e-14
endloop
endfacet
facet normal 0.6054242917576785 -0.7959029004531354 2.6105567638860817e-18
outer loop
vertex 51.94185899011806 4.679774522255283 2.2450000000000108
vertex 52.63888313242975 5.22684530962281 1.1113204888442288e-14
vertex 52.63888313242975 5.22684530962281 2.2450000000000108
endloop
endfacet
facet normal 0.20702184813923413 -0.9783363196738716 3.2074737948588945e-18
outer loop
vertex 44.89522500552452 1.2047693300235731 2.2450000000000103
vertex 44.320199055034905 1.0947552833426826 1.0884557659250765e-14
vertex 44.89522500552452 1.2047693300235731 1.086396986974711e-14
endloop
endfacet
facet normal 0.1687306283916855 -0.9856622012852817 3.2313831389223376e-18
outer loop
vertex 44.320199055034905 1.0947552833426826 1.0884557659250765e-14
vertex 44.89522500552452 1.2047693300235731 2.2450000000000103
vertex 44.320199055034905 1.0947552833426826 2.2450000000000108
endloop
endfacet
facet normal 0.2449984182675872 -0.969523478336848 3.1786894561151918e-18
outer loop
vertex 45.46552580759674 1.337113311221785 2.2450000000000103
vertex 44.89522500552452 1.2047693300235731 1.086396986974711e-14
vertex 45.46552580759674 1.337113311221785 1.0849241900190956e-14
endloop
endfacet
facet normal 0.2070218481392341 -0.9783363196738716 3.207473794858894e-18
outer loop
vertex 44.89522500552452 1.2047693300235731 1.086396986974711e-14
vertex 45.46552580759674 1.337113311221785 2.2450000000000103
vertex 44.89522500552452 1.2047693300235731 2.2450000000000103
endloop
endfacet
facet normal 0.09124950323144415 -0.9958280615447702 3.2644949403139007e-18
outer loop
vertex 43.15947345783466 0.9423516356983122 2.2450000000000108
vertex 41.78865846887021 0.8439039549732689 1.1018782932675415e-14
vertex 43.15947345783466 0.9423516356983122 1.0943178675024511e-14
endloop
endfacet
facet normal 0.05179910773700686 -0.9986575250993956 3.2736622203031926e-18
outer loop
vertex 41.78865846887021 0.8439039549732689 1.1018782932675415e-14
vertex 43.15947345783466 0.9423516356983122 2.2450000000000108
vertex 41.78865846887021 0.8439039549732689 2.2450000000000108
endloop
endfacet
facet normal 0.7593680009223047 -0.65066138595683 2.1348858713273266e-18
outer loop
vertex 56.445092161603995 8.928447037071424 1.120623787199094e-14
vertex 55.85843280236034 8.264398923175921 2.2450000000000108
vertex 55.85843280236034 8.264398923175921 1.1204386454455724e-14
endloop
endfacet
facet normal 0.7393129617229063 -0.6733619714748559 2.209241972972451e-18
outer loop
vertex 55.85843280236034 8.264398923175921 2.2450000000000108
vertex 56.445092161603995 8.928447037071424 1.120623787199094e-14
vertex 56.445092161603995 8.928447037071424 2.2450000000000108
endloop
endfacet
facet normal 0.6751545304916138 -0.7376763246550946 2.4198845869891068e-18
outer loop
vertex 53.981640451967166 6.383045471218665 1.1166010458305314e-14
vertex 53.31901829918641 5.79477598875288 2.2450000000000108
vertex 53.31901829918641 5.79477598875288 1.1142317002703032e-14
endloop
endfacet
facet normal 0.6525026916706387 -0.7577864061611107 2.4857421447190357e-18
outer loop
vertex 53.31901829918641 5.79477598875288 2.2450000000000108
vertex 53.981640451967166 6.383045471218665 1.1166010458305314e-14
vertex 53.981640451967166 6.383045471218665 2.2450000000000108
endloop
endfacet
facet normal 0.7393129617229063 -0.6733619714748559 2.209241972972451e-18
outer loop
vertex 55.85843280236034 8.264398923175921 1.1204386454455724e-14
vertex 55.25193046254898 7.618423681266807 2.2450000000000108
vertex 55.25193046254898 7.618423681266807 1.1197059428225423e-14
endloop
endfacet
facet normal 0.7185795872223852 -0.6954447331221271 2.2815710483152342e-18
outer loop
vertex 55.25193046254898 7.618423681266807 2.2450000000000108
vertex 55.85843280236034 8.264398923175921 1.1204386454455724e-14
vertex 55.85843280236034 8.264398923175921 2.2450000000000108
endloop
endfacet
facet normal 0.7787263038973223 -0.62736380483609 2.05857096667808e-18
outer loop
vertex 57.01137026789227 9.609958744744151 1.1202611982116271e-14
vertex 56.445092161603995 8.928447037071424 2.2450000000000108
vertex 56.445092161603995 8.928447037071424 1.120623787199094e-14
endloop
endfacet
facet normal 0.7593680009223047 -0.65066138595683 2.1348858713273266e-18
outer loop
vertex 56.445092161603995 8.928447037071424 2.2450000000000108
vertex 57.01137026789227 9.609958744744151 1.1202611982116271e-14
vertex 57.01137026789227 9.609958744744151 2.2450000000000108
endloop
endfacet
facet normal 0.8114498710869296 -0.5844220279156198 1.9179003405214132e-18
outer loop
vertex 58.478288781107416 11.556375232630206 1.1172758306769794e-14
vertex 57.55674754906872 10.30830874476768 2.2450000000000108
vertex 57.55674754906872 10.30830874476768 1.1193512111662475e-14
endloop
endfacet
facet normal 0.7963751040934917 -0.6048030204786353 1.9846665666541737e-18
outer loop
vertex 57.55674754906872 10.30830874476768 2.2450000000000108
vertex 58.478288781107416 11.556375232630206 1.1172758306769794e-14
vertex 58.478288781107416 11.556375232630206 2.2450000000000108
endloop
endfacet
facet normal 0.13018295731568744 -0.9914899886658171 3.2503811488270266e-18
outer loop
vertex 43.74132193004908 1.007238379994053 2.2450000000000108
vertex 43.15947345783466 0.9423516356983122 1.0943178675024511e-14
vertex 43.74132193004908 1.007238379994053 1.0910973977607829e-14
endloop
endfacet
facet normal 0.09124950323144417 -0.9958280615447702 3.2644949403139007e-18
outer loop
vertex 43.15947345783466 0.9423516356983122 1.0943178675024511e-14
vertex 43.74132193004908 1.007238379994053 2.2450000000000108
vertex 43.15947345783466 0.9423516356983122 2.2450000000000108
endloop
endfacet
facet normal 0.051799107737006855 -0.9986575250993956 3.2736622203031923e-18
outer loop
vertex 41.78865846887021 0.8439039549732689 2.2450000000000108
vertex 40.41501436556413 0.7999999999999993 1.1080804454031711e-14
vertex 41.78865846887021 0.8439039549732689 1.1018782932675415e-14
endloop
endfacet
facet normal 0.0120789861779859 -0.9999270463853412 3.277715396947085e-18
outer loop
vertex 40.41501436556413 0.7999999999999993 1.1080804454031711e-14
vertex 41.78865846887021 0.8439039549732689 2.2450000000000108
vertex 40.41501436556413 0.7999999999999993 2.2450000000000108
endloop
endfacet
facet normal 0.5810409260947131 -0.8138743405483417 2.6693993052665984e-18
outer loop
vertex 51.22858540666492 4.15406557568476 1.1038836475097347e-14
vertex 50.49971682569046 3.6502008190043815 2.2450000000000108
vertex 50.49971682569046 3.6502008190043815 1.099364841060753e-14
endloop
endfacet
facet normal 0.5561244430754819 -0.8310990336981419 2.725792616246345e-18
outer loop
vertex 50.49971682569046 3.6502008190043815 2.2450000000000108
vertex 51.22858540666492 4.15406557568476 1.1038836475097347e-14
vertex 51.22858540666492 4.15406557568476 2.2450000000000108
endloop
endfacet
facet normal 0.6054242917576785 -0.7959029004531354 2.6105567638860817e-18
outer loop
vertex 51.94185899011806 4.679774522255283 1.1078700826504517e-14
vertex 51.22858540666492 4.15406557568476 2.2450000000000108
vertex 51.22858540666492 4.15406557568476 1.1038836475097347e-14
endloop
endfacet
facet normal 0.5810409260947133 -0.8138743405483418 2.669399305266599e-18
outer loop
vertex 51.22858540666492 4.15406557568476 2.2450000000000108
vertex 51.94185899011806 4.679774522255283 1.1078700826504517e-14
vertex 51.94185899011806 4.679774522255283 2.2450000000000108
endloop
endfacet
facet normal 0.6971869007309671 -0.7168894094971334 2.3518067338971663e-18
outer loop
vertex 54.6261416209124 6.991114007310232 1.1184263516001791e-14
vertex 53.981640451967166 6.383045471218665 2.2450000000000108
vertex 53.981640451967166 6.383045471218665 1.1166010458305314e-14
endloop
endfacet
facet normal 0.6751545304916138 -0.7376763246550946 2.4198845869891068e-18
outer loop
vertex 53.981640451967166 6.383045471218665 2.2450000000000108
vertex 54.6261416209124 6.991114007310232 1.1184263516001791e-14
vertex 54.6261416209124 6.991114007310232 2.2450000000000108
endloop
endfacet
facet normal 0.8250737198256658 -0.5650250940029468 1.854355828595633e-18
outer loop
vertex 59.36998981055603 12.82593321655724 1.1151945893322114e-14
vertex 58.478288781107416 11.556375232630206 2.2450000000000108
vertex 58.478288781107416 11.556375232630206 1.1172758306769794e-14
endloop
endfacet
facet normal 0.8114498710869296 -0.5844220279156198 1.9179003405214132e-18
outer loop
vertex 58.478288781107416 11.556375232630206 2.2450000000000108
vertex 59.36998981055603 12.82593321655724 1.1151945893322114e-14
vertex 59.36998981055603 12.82593321655724 2.2450000000000108
endloop
endfacet
facet normal 0.8382340006476736 -0.5453107005718811 1.7897694462918414e-18
outer loop
vertex 60.23134963492401 14.116269395015266 1.1131086564780168e-14
vertex 59.36998981055603 12.82593321655724 2.2450000000000108
vertex 59.36998981055603 12.82593321655724 1.1151945893322114e-14
endloop
endfacet
facet normal 0.8250737198256658 -0.5650250940029468 1.854355828595633e-18
outer loop
vertex 59.36998981055603 12.82593321655724 2.2450000000000108
vertex 60.23134963492401 14.116269395015266 1.1131086564780168e-14
vertex 60.23134963492401 14.116269395015266 2.2450000000000108
endloop
endfacet
facet normal 0.12982302309951244 -0.9915371816897758 3.250534863245754e-18
outer loop
vertex 70.05727951462917 28.48793195455333 2.2450000000000103
vertex 69.78205496673193 28.446350968581545 1.0630725739043345e-14
vertex 70.05727951462917 28.48793195455333 1.0453870170701885e-14
endloop
endfacet
facet normal 0.16888861203164 -0.9856351438164258 3.2312948770751975e-18
outer loop
vertex 69.78205496673193 28.446350968581545 1.0630725739043345e-14
vertex 70.05727951462917 28.48793195455333 2.2450000000000103
vertex 69.78205496673193 28.446350968581545 2.2450000000000103
endloop
endfacet
facet normal 0.011655773808116481 -0.9999320691611676 3.277730708200727e-18
outer loop
vertex 70.88979039316465 28.547075542864896 2.2450000000000094
vertex 70.61157984658601 28.53833357901091 1.0003111801338727e-14
vertex 70.88979039316465 28.547075542864896 9.729912613527286e-15
endloop
endfacet
facet normal 0.05114519774300959 -0.998691227931751 3.273770914015143e-18
outer loop
vertex 70.61157984658601 28.53833357901091 1.0003111801338727e-14
vertex 70.88979039316465 28.547075542864896 2.2450000000000094
vertex 70.61157984658601 28.53833357901091 2.2450000000000094
endloop
endfacet
facet normal 0.35905893627894475 -0.9333148880620264 3.0603112847780066e-18
outer loop
vertex 68.44226864979703 28.077744757093335 1.1020266736199894e-14
vertex 68.1845074692771 27.972689038654973 2.2450000000000108
vertex 68.1845074692771 27.972689038654973 1.0998376022696482e-14
endloop
endfacet
facet normal 0.3956457611017751 -0.9184031967073052 3.0115316074128506e-18
outer loop
vertex 68.1845074692771 27.972689038654973 2.2450000000000108
vertex 68.44226864979703 28.077744757093335 1.1020266736199894e-14
vertex 68.44226864979703 28.077744757093335 2.2450000000000108
endloop
endfacet
facet normal 0.7930712490856947 -0.6091288811685553 1.9988373978388715e-18
outer loop
vertex 66.80890313280403 26.94809209122019 1.0848556390402756e-14
vertex 66.71363320519607 26.81711774724246 2.2450000000000103
vertex 66.71363320519607 26.81711774724246 1.0873199932120133e-14
endloop
endfacet
facet normal 0.8237574813047254 -0.566942335687233 1.8606368105748233e-18
outer loop
vertex 66.71363320519607 26.81711774724246 2.2450000000000103
vertex 66.80890313280403 26.94809209122019 1.0848556390402756e-14
vertex 66.80890313280403 26.94809209122019 2.2450000000000103
endloop
endfacet
facet normal -0.011655773808110809 -0.9999320691611677 3.277667197555254e-18
outer loop
vertex 71.44646784857692 28.547075542864896 9.729912613527289e-15
vertex 71.16812912087086 28.54482103216318 2.245000000000009
vertex 71.16812912087086 28.54482103216318 9.425385503179389e-15
endloop
endfacet
facet normal 2.462801945483527e-15 -1.0 3.2779216248435927e-18
outer loop
vertex 71.16812912087086 28.54482103216318 2.245000000000009
vertex 71.44646784857692 28.547075542864896 9.729912613527289e-15
vertex 71.44646784857692 28.547075542864896 2.2450000000000094
endloop
endfacet
facet normal 2.462801945483527e-15 -1.0 3.2779216248435927e-18
outer loop
vertex 71.16812912087086 28.54482103216318 2.245000000000009
vertex 70.88979039316465 28.547075542864896 9.729912613527286e-15
vertex 71.16812912087086 28.54482103216318 9.425385503179389e-15
endloop
endfacet
facet normal 0.011655773808116453 -0.9999320691611676 3.277730708200727e-18
outer loop
vertex 70.88979039316465 28.547075542864896 9.729912613527286e-15
vertex 71.16812912087086 28.54482103216318 2.245000000000009
vertex 70.88979039316465 28.547075542864896 2.2450000000000094
endloop
endfacet
facet normal 0.9070654320833457 -0.42098966961132595 1.382442376799156e-18
outer loop
vertex 64.73646852215059 22.25326455809454 1.1005602701133995e-14
vertex 64.06670385179336 20.853863440896852 2.2450000000000108
vertex 64.06670385179336 20.853863440896852 1.1026496942900898e-14
endloop
endfacet
facet normal 0.8968324366530974 -0.4423704110435827 1.4524988924304119e-18
outer loop
vertex 64.06670385179336 20.853863440896852 2.2450000000000108
vertex 64.73646852215059 22.25326455809454 1.1005602701133995e-14
vertex 64.73646852215059 22.25326455809454 2.2450000000000108
endloop
endfacet
facet normal 0.4344680701758007 -0.9006872353917955 2.9535658433184055e-18
outer loop
vertex 67.93109729286964 27.857533436738557 1.0943177373256766e-14
vertex 67.7868741431633 27.78384272514192 2.2450000000000108
vertex 67.7868741431633 27.78384272514192 1.0904768240512868e-14
endloop
endfacet
facet normal 0.478068957376077 -0.878322305303327 2.88037414284445e-18
outer loop
vertex 67.7868741431633 27.78384272514192 2.2450000000000108
vertex 67.93109729286964 27.857533436738557 1.0943177373256766e-14
vertex 67.93109729286964 27.857533436738557 2.2450000000000108
endloop
endfacet
facet normal 0.8522019815408144 -0.5232129419824297 1.7173727803165983e-18
outer loop
vertex 66.62532306470754 26.681353403714 1.0904769330786844e-14
vertex 66.54421303409231 26.541168522858655 2.2450000000000108
vertex 66.54421303409231 26.541168522858655 1.094317867503664e-14
endloop
endfacet
facet normal 0.9004891146469285 -0.43487855132483966 1.4279511258059114e-18
outer loop
vertex 66.54421303409231 26.541168522858655 2.2450000000000108
vertex 66.62532306470754 26.681353403714 1.0904769330786844e-14
vertex 66.62532306470754 26.681353403714 2.2450000000000108
endloop
endfacet
facet normal 0.8237574813047254 -0.566942335687233 1.8606368105748233e-18
outer loop
vertex 66.71363320519607 26.81711774724246 1.0873199932120133e-14
vertex 66.62532306470754 26.681353403714 2.2450000000000108
vertex 66.62532306470754 26.681353403714 1.0904769330786844e-14
endloop
endfacet
facet normal 0.8522019815408146 -0.5232129419824297 1.7173727803165987e-18
outer loop
vertex 66.62532306470754 26.681353403714 2.2450000000000108
vertex 66.71363320519607 26.81711774724246 1.0873199932120133e-14
vertex 66.71363320519607 26.81711774724246 2.2450000000000103
endloop
endfacet
facet normal 0.886095555649563 -0.46350260652782993 1.5217393211236871e-18
outer loop
vertex 63.36395912616394 19.470730023227777 1.1047414753103924e-14
vertex 62.628629182597045 18.104641419012566 2.2450000000000108
vertex 62.628629182597045 18.104641419012566 1.1068344379065135e-14
endloop
endfacet
facet normal 0.8748608215925497 -0.48437438293370644 1.5901247601233844e-18
outer loop
vertex 62.628629182597045 18.104641419012566 2.2450000000000108
vertex 63.36395912616394 19.470730023227777 1.1047414753103924e-14
vertex 63.36395912616394 19.470730023227777 2.2450000000000108
endloop
endfacet
facet normal 0.8968324366530974 -0.4423704110435827 1.4524988924304119e-18
outer loop
vertex 64.06670385179336 20.853863440896852 1.1026496942900898e-14
vertex 63.36395912616394 19.470730023227777 2.2450000000000108
vertex 63.36395912616394 19.470730023227777 1.1047414753103924e-14
endloop
endfacet
facet normal 0.886095555649563 -0.46350260652782993 1.5217393211236871e-18
outer loop
vertex 63.36395912616394 19.470730023227777 2.2450000000000108
vertex 64.06670385179336 20.853863440896852 1.1026496942900898e-14
vertex 64.06670385179336 20.853863440896852 2.2450000000000108
endloop
endfacet
facet normal 0.7602267928450877 -0.6496577740937702 2.1315984500156717e-18
outer loop
vertex 66.9108735847647 27.07392000868594 1.0830905769323843e-14
vertex 66.80890313280403 26.94809209122019 2.2450000000000103
vertex 66.80890313280403 26.94809209122019 1.0848556390402756e-14
endloop
endfacet
facet normal 0.7930712490856947 -0.6091288811685553 1.998837397838871e-18
outer loop
vertex 66.80890313280403 26.94809209122019 2.2450000000000103
vertex 66.9108735847647 27.07392000868594 1.0830905769323843e-14
vertex 66.9108735847647 27.07392000868594 2.2450000000000103
endloop
endfacet
facet normal 0.5232219210728187 -0.8521964687258856 2.7948587141827684e-18
outer loop
vertex 67.64669011692148 27.702731217490747 1.0873199056319071e-14
vertex 67.51092670386925 27.614419646543126 2.2450000000000103
vertex 67.51092670386925 27.614419646543126 1.0848555731457968e-14
endloop
endfacet
facet normal 0.5669510150732792 -0.8237515077420974 2.7017374982475927e-18
outer loop
vertex 67.51092670386925 27.614419646543126 2.2450000000000103
vertex 67.64669011692148 27.702731217490747 1.0873199056319071e-14
vertex 67.64669011692148 27.702731217490747 2.2450000000000103
endloop
endfacet
facet normal 0.4780689573760771 -0.8783223053033269 2.88037414284445e-18
outer loop
vertex 67.7868741431633 27.78384272514192 1.0904768240512868e-14
vertex 67.64669011692148 27.702731217490747 2.2450000000000103
vertex 67.64669011692148 27.702731217490747 1.0873199056319071e-14
endloop
endfacet
facet normal 0.5232219210728186 -0.8521964687258855 2.794858714182768e-18
outer loop
vertex 67.64669011692148 27.702731217490747 2.2450000000000103
vertex 67.7868741431633 27.78384272514192 1.0904768240512868e-14
vertex 67.7868741431633 27.78384272514192 2.2450000000000108
endloop
endfacet
facet normal 0.8748608215925497 -0.48437438293370644 1.5901247601233844e-18
outer loop
vertex 62.628629182597045 18.104641419012566 1.1068344379065135e-14
vertex 61.861127166441776 16.756365165542853 2.2450000000000108
vertex 61.861127166441776 16.756365165542853 1.108927406146792e-14
endloop
endfacet
facet normal 0.8631345467207506 -0.5049740134473898 1.6576167870501292e-18
outer loop
vertex 61.861127166441776 16.756365165542853 2.2450000000000108
vertex 62.628629182597045 18.104641419012566 1.1068344379065135e-14
vertex 62.628629182597045 18.104641419012566 2.2450000000000108
endloop
endfacet
facet normal 0.5669510150732792 -0.8237515077420972 2.701737498247592e-18
outer loop
vertex 67.51092670386925 27.614419646543126 1.0848555731457968e-14
vertex 67.37995336369849 27.51914833894569 2.2450000000000103
vertex 67.37995336369849 27.51914833894569 1.0830905329028545e-14
endloop
endfacet
facet normal 0.6091372372309726 -0.7930648310312456 2.6012639104098513e-18
outer loop
vertex 67.37995336369849 27.51914833894569 2.2450000000000103
vertex 67.51092670386925 27.614419646543126 1.0848555731457968e-14
vertex 67.51092670386925 27.614419646543126 2.2450000000000103
endloop
endfacet
facet normal 0.39564576110177524 -0.9184031967073053 3.011531607412851e-18
outer loop
vertex 68.1845074692771 27.972689038654973 1.0998376022696482e-14
vertex 67.93109729286964 27.857533436738557 2.2450000000000108
vertex 67.93109729286964 27.857533436738557 1.0943177373256766e-14
endloop
endfacet
facet normal 0.4344680701758007 -0.9006872353917955 2.9535658433184055e-18
outer loop
vertex 67.93109729286964 27.857533436738557 2.2450000000000108
vertex 68.1845074692771 27.972689038654973 1.0998376022696482e-14
vertex 68.1845074692771 27.972689038654973 2.2450000000000108
endloop
endfacet
facet normal 0.6091372372309726 -0.7930648310312456 2.6012639104098513e-18
outer loop
vertex 67.37995336369849 27.51914833894569 1.0830905329028545e-14
vertex 67.2541265206387 27.41717656122051 2.2450000000000103
vertex 67.2541265206387 27.41717656122051 1.0820295881944061e-14
endloop
endfacet
facet normal 0.6496657840923044 -0.7602199477649424 2.493711374415241e-18
outer loop
vertex 67.2541265206387 27.41717656122051 2.2450000000000103
vertex 67.37995336369849 27.51914833894569 1.0830905329028545e-14
vertex 67.37995336369849 27.51914833894569 2.2450000000000103
endloop
endfacet
facet normal 0.9259970549163627 -0.37753073290292943 1.2400389662234152e-18
outer loop
vertex 65.97557120840784 25.097716177072634 1.0963931860814805e-14
vertex 65.37287682975487 23.668147120883777 2.2450000000000108
vertex 65.37287682975487 23.668147120883777 1.0984743767239211e-14
endloop
endfacet
facet normal 0.9167887925287603 -0.3993723950070385 1.3116091355042133e-18
outer loop
vertex 65.37287682975487 23.668147120883777 2.2450000000000108
vertex 65.97557120840784 25.097716177072634 1.0963931860814805e-14
vertex 65.97557120840784 25.097716177072634 2.2450000000000108
endloop
endfacet
facet normal 0.3219116368691475 -0.9467697175386559 3.1043139561155987e-18
outer loop
vertex 68.70397848100886 28.172536604879333 2.2450000000000108
vertex 68.44226864979703 28.077744757093335 1.1020266736199894e-14
vertex 68.70397848100886 28.172536604879333 1.1008815343363844e-14
endloop
endfacet
facet normal 0.35905893627894475 -0.9333148880620264 3.0603112847780066e-18
outer loop
vertex 68.44226864979703 28.077744757093335 1.1020266736199894e-14
vertex 68.70397848100886 28.172536604879333 2.2450000000000108
vertex 68.44226864979703 28.077744757093335 2.2450000000000108
endloop
endfacet
facet normal 0.9004891146469285 -0.43487855132483966 1.4279511258059114e-18
outer loop
vertex 66.54421303409231 26.541168522858655 1.094317867503664e-14
vertex 65.97557120840784 25.097716177072634 2.2450000000000108
vertex 65.97557120840784 25.097716177072634 1.0963931860814805e-14
endloop
endfacet
facet normal 0.9259970549163627 -0.37753073290292943 1.2400389662234152e-18
outer loop
vertex 65.97557120840784 25.097716177072634 2.2450000000000108
vertex 66.54421303409231 26.541168522858655 1.094317867503664e-14
vertex 66.54421303409231 26.541168522858655 2.2450000000000108
endloop
endfacet
facet normal 0.20769057356047013 -0.9781945745372559 3.2070109873049824e-18
outer loop
vertex 69.50868772432801 28.393930734510416 2.2450000000000103
vertex 69.23760450118704 28.330753077928982 1.0886009756678159e-14
vertex 69.50868772432801 28.393930734510416 1.077484725673586e-14
endloop
endfacet
facet normal 0.24616833959772147 -0.9692270882407801 3.1777210999769538e-18
outer loop
vertex 69.23760450118704 28.330753077928982 1.0886009756678159e-14
vertex 69.50868772432801 28.393930734510416 2.2450000000000103
vertex 69.23760450118704 28.330753077928982 2.2450000000000108
endloop
endfacet
facet normal 0.2461683395977215 -0.9692270882407802 3.1777210999769534e-18
outer loop
vertex 69.23760450118704 28.330753077928982 2.2450000000000108
vertex 68.96922844582905 28.256916616271404 1.0964039719289107e-14
vertex 69.23760450118704 28.330753077928982 1.0886009756678159e-14
endloop
endfacet
facet normal 0.28426184810894106 -0.95874668276333 3.143470935266799e-18
outer loop
vertex 68.96922844582905 28.256916616271404 1.0964039719289107e-14
vertex 69.23760450118704 28.330753077928982 2.2450000000000108
vertex 68.96922844582905 28.256916616271404 2.2450000000000108
endloop
endfacet
facet normal 0.16888861203163996 -0.9856351438164258 3.2312948770751975e-18
outer loop
vertex 69.78205496673193 28.446350968581545 2.2450000000000103
vertex 69.50868772432801 28.393930734510416 1.077484725673586e-14
vertex 69.78205496673193 28.446350968581545 1.0630725739043345e-14
endloop
endfacet
facet normal 0.20769057356047016 -0.9781945745372559 3.207010987304983e-18
outer loop
vertex 69.50868772432801 28.393930734510416 1.077484725673586e-14
vertex 69.78205496673193 28.446350968581545 2.2450000000000103
vertex 69.50868772432801 28.393930734510416 2.2450000000000103
endloop
endfacet
facet normal 0.6884263633179177 -0.725306240348769 2.379372578300301e-18
outer loop
vertex 67.13378859350219 27.308781814210764 1.081675626221768e-14
vertex 67.01926706384293 27.194259077903407 2.2450000000000103
vertex 67.01926706384293 27.194259077903407 1.0820296102391664e-14
endloop
endfacet
facet normal 0.7253134938265543 -0.6884187211814603 2.2585586778858037e-18
outer loop
vertex 67.01926706384293 27.194259077903407 2.2450000000000103
vertex 67.13378859350219 27.308781814210764 1.081675626221768e-14
vertex 67.13378859350219 27.308781814210764 2.2450000000000103
endloop
endfacet
facet normal 0.6496657840923044 -0.7602199477649424 2.493711374415241e-18
outer loop
vertex 67.2541265206387 27.41717656122051 1.0820295881944061e-14
vertex 67.13378859350219 27.308781814210764 2.2450000000000103
vertex 67.13378859350219 27.308781814210764 1.081675626221768e-14
endloop
endfacet
facet normal 0.6884263633179177 -0.725306240348769 2.379372578300301e-18
outer loop
vertex 67.13378859350219 27.308781814210764 2.2450000000000103
vertex 67.2541265206387 27.41717656122051 1.0820295881944061e-14
vertex 67.2541265206387 27.41717656122051 2.2450000000000103
endloop
endfacet
facet normal 0.7253134938265543 -0.6884187211814603 2.2585586778858037e-18
outer loop
vertex 67.01926706384293 27.194259077903407 1.0820296102391664e-14
vertex 66.9108735847647 27.07392000868594 2.2450000000000103
vertex 66.9108735847647 27.07392000868594 1.0830905769323843e-14
endloop
endfacet
facet normal 0.7602267928450878 -0.6496577740937702 2.131598450015672e-18
outer loop
vertex 66.9108735847647 27.07392000868594 2.2450000000000103
vertex 67.01926706384293 27.194259077903407 1.0820296102391664e-14
vertex 67.01926706384293 27.194259077903407 2.2450000000000103
endloop
endfacet
facet normal 0.09055478636229002 -0.9958914753460238 3.2647009130778824e-18
outer loop
vertex 70.33393175508103 28.518608786407224 2.2450000000000094
vertex 70.05727951462917 28.48793195455333 1.0453870170701885e-14
vertex 70.33393175508103 28.518608786407224 1.0244556615169551e-14
endloop
endfacet
facet normal 0.12982302309951238 -0.9915371816897758 3.250534863245754e-18
outer loop
vertex 70.05727951462917 28.48793195455333 1.0453870170701885e-14
vertex 70.33393175508103 28.518608786407224 2.2450000000000094
vertex 70.05727951462917 28.48793195455333 2.2450000000000103
endloop
endfacet
facet normal 0.051145197743009595 -0.9986912279317509 3.273770914015142e-18
outer loop
vertex 70.61157984658601 28.53833357901091 2.2450000000000094
vertex 70.33393175508103 28.518608786407224 1.0244556615169551e-14
vertex 70.61157984658601 28.53833357901091 1.0003111801338727e-14
endloop
endfacet
facet normal 0.09055478636229002 -0.9958914753460238 3.2647009130778828e-18
outer loop
vertex 70.33393175508103 28.518608786407224 1.0244556615169551e-14
vertex 70.61157984658601 28.53833357901091 2.2450000000000094
vertex 70.33393175508103 28.518608786407224 2.2450000000000094
endloop
endfacet
facet normal 0.2842618481089411 -0.95874668276333 3.1434709352667992e-18
outer loop
vertex 68.96922844582905 28.256916616271404 2.2450000000000108
vertex 68.70397848100886 28.172536604879333 1.1008815343363844e-14
vertex 68.96922844582905 28.256916616271404 1.0964039719289107e-14
endloop
endfacet
facet normal 0.3219116368691475 -0.9467697175386559 3.1043139561155987e-18
outer loop
vertex 68.70397848100886 28.172536604879333 1.1008815343363844e-14
vertex 68.96922844582905 28.256916616271404 2.2450000000000108
vertex 68.70397848100886 28.172536604879333 2.2450000000000108
endloop
endfacet
facet normal 0.9167887925287603 -0.3993723950070385 1.3116091355042133e-18
outer loop
vertex 65.37287682975487 23.668147120883777 1.0984743767239211e-14
vertex 64.73646852215059 22.25326455809454 2.2450000000000108
vertex 64.73646852215059 22.25326455809454 1.1005602701133995e-14
endloop
endfacet
facet normal 0.9070654320833457 -0.42098966961132595 1.382442376799156e-18
outer loop
vertex 64.73646852215059 22.25326455809454 2.2450000000000108
vertex 65.37287682975487 23.668147120883777 1.0984743767239211e-14
vertex 65.37287682975487 23.668147120883777 2.2450000000000108
endloop
endfacet
facet normal -0.8968324366530973 -0.4423704110435828 1.4476121806710057e-18
outer loop
vertex 78.26955438994835 20.853863440896852 2.2450000000000108
vertex 78.97229911557773 19.470730023227777 1.1047414753103924e-14
vertex 78.97229911557773 19.470730023227777 2.2450000000000108
endloop
endfacet
facet normal -0.8860955556495705 -0.4635026065278158 1.5169111130941558e-18
outer loop
vertex 78.97229911557773 19.470730023227777 1.1047414753103924e-14
vertex 78.26955438994835 20.853863440896852 2.2450000000000108
vertex 78.26955438994835 20.853863440896852 1.1026496942900901e-14
endloop
endfacet
facet normal -0.8860955556495705 -0.4635026065278158 1.5169111130941558e-18
outer loop
vertex 78.97229911557773 19.470730023227777 2.2450000000000108
vertex 79.70762905914462 18.104641419012566 1.1068344379065139e-14
vertex 79.70762905914462 18.104641419012566 2.2450000000000108
endloop
endfacet
facet normal -0.874860821592536 -0.4843743829337313 1.585357768554032e-18
outer loop
vertex 79.70762905914462 18.104641419012566 1.1068344379065139e-14
vertex 78.97229911557773 19.470730023227777 2.2450000000000108
vertex 78.97229911557773 19.470730023227777 1.1047414753103924e-14
endloop
endfacet
facet normal -0.32191163686916 -0.9467697175386517 3.102559905618428e-18
outer loop
vertex 73.63227976073276 28.172536604879333 1.1008815343363847e-14
vertex 73.36702979591279 28.256916616271404 2.2450000000000108
vertex 73.36702979591279 28.256916616271404 1.0964039719289113e-14
endloop
endfacet
facet normal -0.28426184810895516 -0.9587466827633259 3.141922033087146e-18
outer loop
vertex 73.36702979591279 28.256916616271404 2.2450000000000108
vertex 73.63227976073276 28.172536604879333 1.1008815343363847e-14
vertex 73.63227976073276 28.172536604879333 2.2450000000000108
endloop
endfacet
facet normal -0.4780689573759113 -0.8783223053034174 2.8777692134283493e-18
outer loop
vertex 74.54938409857832 27.78384272514192 2.2450000000000108
vertex 74.40516094887208 27.857533436738557 1.0943177373256769e-14
vertex 74.54938409857832 27.78384272514192 1.0904768240512871e-14
endloop
endfacet
facet normal -0.4344680701759668 -0.9006872353917155 2.951198488904047e-18
outer loop
vertex 74.40516094887208 27.857533436738557 1.0943177373256769e-14
vertex 74.54938409857832 27.78384272514192 2.2450000000000108
vertex 74.40516094887208 27.857533436738557 2.2450000000000108
endloop
endfacet
facet normal -0.6496657840923814 -0.7602199477648763 2.490171438416884e-18
outer loop
vertex 75.08213172110302 27.41717656122051 2.2450000000000103
vertex 74.95630487804317 27.51914833894569 1.0830905329028549e-14
vertex 75.08213172110302 27.41717656122051 1.0820295881944063e-14
endloop
endfacet
facet normal -0.609137237230722 -0.7930648310314381 2.597944808671279e-18
outer loop
vertex 74.95630487804317 27.51914833894569 1.0830905329028549e-14
vertex 75.08213172110302 27.41717656122051 2.2450000000000103
vertex 74.95630487804317 27.51914833894569 2.2450000000000103
endloop
endfacet
facet normal -0.12982302309948854 -0.991537181689779 3.2498274761490292e-18
outer loop
vertex 72.27897872711249 28.48793195455333 1.0453870170701889e-14
vertex 72.00232648666059 28.518608786407224 2.2450000000000094
vertex 72.00232648666059 28.518608786407224 1.0244556615169553e-14
endloop
endfacet
facet normal -0.09055478636228115 -0.9958914753460247 3.264207492990363e-18
outer loop
vertex 72.00232648666059 28.518608786407224 2.2450000000000094
vertex 72.27897872711249 28.48793195455333 1.0453870170701889e-14
vertex 72.27897872711249 28.48793195455333 2.2450000000000103
endloop
endfacet
facet normal -0.8237574813047915 -0.5669423356871367 1.8561482738018934e-18
outer loop
vertex 75.62262503654564 26.81711774724246 2.2450000000000103
vertex 75.71093517703413 26.681353403714 1.0904769330786849e-14
vertex 75.71093517703413 26.681353403714 2.2450000000000108
endloop
endfacet
facet normal -0.8522019815407966 -0.5232129419824587 1.7127292535279812e-18
outer loop
vertex 75.71093517703413 26.681353403714 1.0904769330786849e-14
vertex 75.62262503654564 26.81711774724246 2.2450000000000103
vertex 75.62262503654564 26.81711774724246 1.0873199932120136e-14
endloop
endfacet
facet normal -0.9070654320833333 -0.420989669611353 1.3774999069103826e-18
outer loop
vertex 77.59978971959109 22.25326455809454 2.2450000000000108
vertex 78.26955438994835 20.853863440896852 1.1026496942900901e-14
vertex 78.26955438994835 20.853863440896852 2.2450000000000108
endloop
endfacet
facet normal -0.8968324366530973 -0.4423704110435828 1.4476121806710057e-18
outer loop
vertex 78.26955438994835 20.853863440896852 1.1026496942900901e-14
vertex 77.59978971959109 22.25326455809454 2.2450000000000108
vertex 77.59978971959109 22.25326455809454 1.1005602701133999e-14
endloop
endfacet
facet normal -0.874860821592536 -0.4843743829337313 1.585357768554032e-18
outer loop
vertex 79.70762905914462 18.104641419012566 2.2450000000000108
vertex 80.4751310753 16.756365165542853 1.1089274061467923e-14
vertex 80.4751310753 16.756365165542853 2.2450000000000108
endloop
endfacet
facet normal -0.8631345467207424 -0.5049740134474037 1.6529136902764326e-18
outer loop
vertex 80.4751310753 16.756365165542853 1.1089274061467923e-14
vertex 79.70762905914462 18.104641419012566 2.2450000000000108
vertex 79.70762905914462 18.104641419012566 1.1068344379065139e-14
endloop
endfacet
facet normal -0.8631345467207424 -0.5049740134474037 1.6529136902764326e-18
outer loop
vertex 80.4751310753 16.756365165542853 2.2450000000000108
vertex 81.27437394280584 15.426658792235648 1.111019204096395e-14
vertex 81.27437394280584 15.426658792235648 2.2450000000000108
endloop
endfacet
facet normal -0.8509233194452451 -0.525289924160254 1.719540921946488e-18
outer loop
vertex 81.27437394280584 15.426658792235648 1.111019204096395e-14
vertex 80.4751310753 16.756365165542853 2.2450000000000108
vertex 80.4751310753 16.756365165542853 1.1089274061467923e-14
endloop
endfacet
facet normal -0.8509233194452451 -0.525289924160254 1.719540921946488e-18
outer loop
vertex 81.27437394280584 15.426658792235648 2.2450000000000108
vertex 82.10490860681762 14.116269395015266 1.1131086564780168e-14
vertex 82.10490860681762 14.116269395015266 2.2450000000000108
endloop
endfacet
facet normal -0.8382340006476887 -0.5453107005718579 1.78520202903444e-18
outer loop
vertex 82.10490860681762 14.116269395015266 1.1131086564780168e-14
vertex 81.27437394280584 15.426658792235648 2.2450000000000108
vertex 81.27437394280584 15.426658792235648 1.111019204096395e-14
endloop
endfacet
facet normal -0.3956457611018206 -0.9184031967072857 3.0093757902118043e-18
outer loop
vertex 74.15175077246468 27.972689038654973 2.2450000000000108
vertex 73.89398959194476 28.077744757093335 1.1020266736199897e-14
vertex 74.15175077246468 27.972689038654973 1.0998376022696485e-14
endloop
endfacet
facet normal -0.35905893627885527 -0.9333148880620609 3.058354823956093e-18
outer loop
vertex 73.89398959194476 28.077744757093335 1.1020266736199897e-14
vertex 74.15175077246468 27.972689038654973 2.2450000000000108
vertex 73.89398959194476 28.077744757093335 2.2450000000000108
endloop
endfacet
facet normal -0.8522019815407966 -0.5232129419824587 1.712729253527981e-18
outer loop
vertex 75.71093517703413 26.681353403714 2.2450000000000108
vertex 75.79204520764942 26.541168522858655 1.0943178675036644e-14
vertex 75.79204520764942 26.541168522858655 2.2450000000000108
endloop
endfacet
facet normal -0.9004891146468642 -0.4348785513249723 1.4230444893312153e-18
outer loop
vertex 75.79204520764942 26.541168522858655 1.0943178675036644e-14
vertex 75.71093517703413 26.681353403714 2.2450000000000108
vertex 75.71093517703413 26.681353403714 1.0904769330786849e-14
endloop
endfacet
facet normal -0.9167887925287657 -0.3993723950070261 1.3066136844140432e-18
outer loop
vertex 76.96338141198675 23.668147120883777 2.2450000000000108
vertex 77.59978971959109 22.25326455809454 1.1005602701133999e-14
vertex 77.59978971959109 22.25326455809454 2.2450000000000108
endloop
endfacet
facet normal -0.9070654320833333 -0.420989669611353 1.3774999069103826e-18
outer loop
vertex 77.59978971959109 22.25326455809454 1.1005602701133999e-14
vertex 76.96338141198675 23.668147120883777 2.2450000000000108
vertex 76.96338141198675 23.668147120883777 1.0984743767239214e-14
endloop
endfacet
facet normal -0.6884263633179083 -0.7253062403487781 2.3756214414461975e-18
outer loop
vertex 75.20246964823943 27.308781814210764 2.2450000000000103
vertex 75.3169911778988 27.194259077903407 1.0820296102391669e-14
vertex 75.3169911778988 27.194259077903407 2.2450000000000103
endloop
endfacet
facet normal -0.7253134938264026 -0.6884187211816201 2.254606548330482e-18
outer loop
vertex 75.3169911778988 27.194259077903407 1.0820296102391669e-14
vertex 75.20246964823943 27.308781814210764 2.2450000000000103
vertex 75.20246964823943 27.308781814210764 1.0816756262217684e-14
endloop
endfacet
facet normal -0.7253134938264026 -0.6884187211816201 2.254606548330482e-18
outer loop
vertex 75.3169911778988 27.194259077903407 2.2450000000000103
vertex 75.42538465697702 27.07392000868594 1.0830905769323844e-14
vertex 75.42538465697702 27.07392000868594 2.2450000000000103
endloop
endfacet
facet normal -0.7602267928451045 -0.6496577740937506 2.1274560828837097e-18
outer loop
vertex 75.42538465697702 27.07392000868594 1.0830905769323844e-14
vertex 75.3169911778988 27.194259077903407 2.2450000000000103
vertex 75.3169911778988 27.194259077903407 1.0820296102391669e-14
endloop
endfacet
facet normal -0.7602267928451045 -0.6496577740937506 2.1274560828837097e-18
outer loop
vertex 75.42538465697702 27.07392000868594 2.2450000000000103
vertex 75.5273551089377 26.94809209122019 1.0848556390402761e-14
vertex 75.5273551089377 26.94809209122019 2.2450000000000103
endloop
endfacet
facet normal -0.7930712490856947 -0.6091288811685553 1.9945160659595102e-18
outer loop
vertex 75.5273551089377 26.94809209122019 1.0848556390402761e-14
vertex 75.42538465697702 27.07392000868594 2.2450000000000103
vertex 75.42538465697702 27.07392000868594 1.0830905769323844e-14
endloop
endfacet
facet normal -0.5669510150735028 -0.8237515077419434 2.698648263202573e-18
outer loop
vertex 74.82533153787232 27.614419646543126 2.2450000000000103
vertex 74.68956812482035 27.702731217490747 1.0873199056319073e-14
vertex 74.82533153787232 27.614419646543126 1.084855573145797e-14
endloop
endfacet
facet normal -0.5232219210729246 -0.8521964687258206 2.7920077527208717e-18
outer loop
vertex 74.68956812482035 27.702731217490747 1.0873199056319073e-14
vertex 74.82533153787232 27.614419646543126 2.2450000000000103
vertex 74.68956812482035 27.702731217490747 2.2450000000000103
endloop
endfacet
facet normal -0.7930712490856947 -0.6091288811685553 1.9945160659595102e-18
outer loop
vertex 75.5273551089377 26.94809209122019 2.2450000000000103
vertex 75.62262503654564 26.81711774724246 1.0873199932120136e-14
vertex 75.62262503654564 26.81711774724246 2.2450000000000103
endloop
endfacet
facet normal -0.8237574813047915 -0.5669423356871368 1.8561482738018937e-18
outer loop
vertex 75.62262503654564 26.81711774724246 1.0873199932120136e-14
vertex 75.5273551089377 26.94809209122019 2.2450000000000103
vertex 75.5273551089377 26.94809209122019 1.0848556390402761e-14
endloop
endfacet
facet normal -0.4344680701759668 -0.9006872353917155 2.951198488904047e-18
outer loop
vertex 74.40516094887208 27.857533436738557 2.2450000000000108
vertex 74.15175077246468 27.972689038654973 1.0998376022696485e-14
vertex 74.40516094887208 27.857533436738557 1.0943177373256769e-14
endloop
endfacet
facet normal -0.39564576110182065 -0.9184031967072857 3.0093757902118043e-18
outer loop
vertex 74.15175077246468 27.972689038654973 1.0998376022696485e-14
vertex 74.40516094887208 27.857533436738557 2.2450000000000108
vertex 74.15175077246468 27.972689038654973 2.2450000000000108
endloop
endfacet
facet normal -0.24616833959766712 -0.9692270882407941 3.1763797638803764e-18
outer loop
vertex 73.09865374055458 28.330753077928982 1.088600975667816e-14
vertex 72.82757051741372 28.393930734510416 2.2450000000000103
vertex 72.82757051741372 28.393930734510416 1.0774847256735863e-14
endloop
endfacet
facet normal -0.2076905735605115 -0.9781945745372472 3.2058793110556856e-18
outer loop
vertex 72.82757051741372 28.393930734510416 2.2450000000000103
vertex 73.09865374055458 28.330753077928982 1.088600975667816e-14
vertex 73.09865374055458 28.330753077928982 2.2450000000000108
endloop
endfacet
facet normal -0.35905893627885527 -0.9333148880620609 3.058354823956093e-18
outer loop
vertex 73.89398959194476 28.077744757093335 1.1020266736199897e-14
vertex 73.63227976073276 28.172536604879333 2.2450000000000108
vertex 73.63227976073276 28.172536604879333 1.1008815343363847e-14
endloop
endfacet
facet normal -0.32191163686916 -0.9467697175386517 3.1025599056184274e-18
outer loop
vertex 73.63227976073276 28.172536604879333 2.2450000000000108
vertex 73.89398959194476 28.077744757093335 1.1020266736199897e-14
vertex 73.89398959194476 28.077744757093335 2.2450000000000108
endloop
endfacet
facet normal -0.09055478636228113 -0.9958914753460247 3.264207492990363e-18
outer loop
vertex 72.00232648666059 28.518608786407224 1.0244556615169553e-14
vertex 71.7246783951556 28.53833357901091 2.2450000000000094
vertex 71.7246783951556 28.53833357901091 1.0003111801338727e-14
endloop
endfacet
facet normal -0.05114519774300642 -0.9986912279317512 3.2734922311430334e-18
outer loop
vertex 71.7246783951556 28.53833357901091 2.2450000000000094
vertex 72.00232648666059 28.518608786407224 1.0244556615169553e-14
vertex 72.00232648666059 28.518608786407224 2.2450000000000094
endloop
endfacet
facet normal -0.28426184810895516 -0.958746682763326 3.1419220330871454e-18
outer loop
vertex 73.36702979591279 28.256916616271404 1.0964039719289113e-14
vertex 73.09865374055458 28.330753077928982 2.2450000000000108
vertex 73.09865374055458 28.330753077928982 1.088600975667816e-14
endloop
endfacet
facet normal -0.2461683395976671 -0.9692270882407941 3.1763797638803768e-18
outer loop
vertex 73.09865374055458 28.330753077928982 2.2450000000000108
vertex 73.36702979591279 28.256916616271404 1.0964039719289113e-14
vertex 73.36702979591279 28.256916616271404 2.2450000000000108
endloop
endfacet
facet normal -0.20769057356051143 -0.9781945745372471 3.2058793110556852e-18
outer loop
vertex 72.82757051741372 28.393930734510416 1.0774847256735863e-14
vertex 72.55420327500978 28.446350968581545 2.2450000000000103
vertex 72.55420327500978 28.446350968581545 1.0630725739043347e-14
endloop
endfacet
facet normal -0.16888861203162128 -0.9856351438164289 3.2303746271681854e-18
outer loop
vertex 72.55420327500978 28.446350968581545 2.2450000000000103
vertex 72.82757051741372 28.393930734510416 1.0774847256735863e-14
vertex 72.82757051741372 28.393930734510416 2.2450000000000103
endloop
endfacet
facet normal -0.609137237230722 -0.7930648310314381 2.59794480867128e-18
outer loop
vertex 74.95630487804317 27.51914833894569 2.2450000000000103
vertex 74.82533153787232 27.614419646543126 1.084855573145797e-14
vertex 74.95630487804317 27.51914833894569 1.0830905329028549e-14
endloop
endfacet
facet normal -0.5669510150735028 -0.8237515077419434 2.698648263202573e-18
outer loop
vertex 74.82533153787232 27.614419646543126 1.084855573145797e-14
vertex 74.95630487804317 27.51914833894569 2.2450000000000103
vertex 74.82533153787232 27.614419646543126 2.2450000000000103
endloop
endfacet
facet normal -0.5232219210729246 -0.8521964687258204 2.7920077527208713e-18
outer loop
vertex 74.68956812482035 27.702731217490747 2.2450000000000103
vertex 74.54938409857832 27.78384272514192 1.0904768240512871e-14
vertex 74.68956812482035 27.702731217490747 1.0873199056319073e-14
endloop
endfacet
facet normal -0.4780689573759113 -0.8783223053034172 2.8777692134283493e-18
outer loop
vertex 74.54938409857832 27.78384272514192 1.0904768240512871e-14
vertex 74.68956812482035 27.702731217490747 2.2450000000000103
vertex 74.54938409857832 27.78384272514192 2.2450000000000108
endloop
endfacet
facet normal -0.9004891146468642 -0.4348785513249722 1.4230444893312153e-18
outer loop
vertex 75.79204520764942 26.541168522858655 2.2450000000000108
vertex 76.36068703333387 25.097716177072634 1.0963931860814807e-14
vertex 76.36068703333387 25.097716177072634 2.2450000000000108
endloop
endfacet
facet normal -0.9259970549163754 -0.3775307329028984 1.2349933406276087e-18
outer loop
vertex 76.36068703333387 25.097716177072634 1.0963931860814807e-14
vertex 75.79204520764942 26.541168522858655 2.2450000000000108
vertex 75.79204520764942 26.541168522858655 1.0943178675036644e-14
endloop
endfacet
facet normal -0.16888861203162128 -0.9856351438164289 3.230374627168186e-18
outer loop
vertex 72.55420327500978 28.446350968581545 1.0630725739043347e-14
vertex 72.27897872711249 28.48793195455333 2.2450000000000103
vertex 72.27897872711249 28.48793195455333 1.0453870170701889e-14
endloop
endfacet
facet normal -0.12982302309948854 -0.991537181689779 3.2498274761490292e-18
outer loop
vertex 72.27897872711249 28.48793195455333 2.2450000000000103
vertex 72.55420327500978 28.446350968581545 1.0630725739043347e-14
vertex 72.55420327500978 28.446350968581545 2.2450000000000103
endloop
endfacet
facet normal -0.0511451977430064 -0.9986912279317511 3.2734922311430338e-18
outer loop
vertex 71.7246783951556 28.53833357901091 1.0003111801338727e-14
vertex 71.44646784857692 28.547075542864896 2.2450000000000094
vertex 71.44646784857692 28.547075542864896 9.729912613527289e-15
endloop
endfacet
facet normal -0.011655773808110836 -0.9999320691611677 3.277667197555254e-18
outer loop
vertex 71.44646784857692 28.547075542864896 2.2450000000000094
vertex 71.7246783951556 28.53833357901091 1.0003111801338727e-14
vertex 71.7246783951556 28.53833357901091 2.2450000000000094
endloop
endfacet
facet normal -0.6884263633179083 -0.7253062403487781 2.3756214414461975e-18
outer loop
vertex 75.20246964823943 27.308781814210764 2.2450000000000103
vertex 75.08213172110302 27.41717656122051 1.0820295881944063e-14
vertex 75.20246964823943 27.308781814210764 1.0816756262217684e-14
endloop
endfacet
facet normal -0.6496657840923814 -0.7602199477648763 2.490171438416884e-18
outer loop
vertex 75.08213172110302 27.41717656122051 1.0820295881944063e-14
vertex 75.20246964823943 27.308781814210764 2.2450000000000103
vertex 75.08213172110302 27.41717656122051 2.2450000000000103
endloop
endfacet
facet normal -0.9259970549163754 -0.3775307329028984 1.2349933406276087e-18
outer loop
vertex 76.36068703333387 25.097716177072634 2.2450000000000108
vertex 76.96338141198675 23.668147120883777 1.0984743767239214e-14
vertex 76.96338141198675 23.668147120883777 2.2450000000000108
endloop
endfacet
facet normal -0.9167887925287657 -0.3993723950070261 1.3066136844140432e-18
outer loop
vertex 76.96338141198675 23.668147120883777 1.0984743767239214e-14
vertex 76.36068703333387 25.097716177072634 2.2450000000000108
vertex 76.36068703333387 25.097716177072634 1.0963931860814807e-14
endloop
endfacet
facet normal -0.2826026187175047 -0.95923707178883 3.143534010330328e-18
outer loop
vertex 96.30602357272411 1.491586079166372 1.0840396135417795e-14
vertex 95.74776494507621 1.6679528528521064 2.2450000000000103
vertex 95.74776494507621 1.6679528528521064 1.083744601998211e-14
endloop
endfacet
facet normal -0.3197772953891918 -0.9474927341956633 3.104935712414395e-18
outer loop
vertex 95.74776494507621 1.6679528528521064 2.2450000000000103
vertex 96.30602357272411 1.491586079166372 1.0840396135417795e-14
vertex 96.30602357272411 1.491586079166372 2.2450000000000103
endloop
endfacet
facet normal -0.652502691670622 -0.7577864061611248 2.4821867508170393e-18
outer loop
vertex 89.01723994255521 5.79477598875288 2.2450000000000108
vertex 88.35461778977434 6.383045471218665 1.1166010458305314e-14
vertex 89.01723994255521 5.79477598875288 1.1142317002703032e-14
endloop
endfacet
facet normal -0.6751545304916148 -0.7376763246550937 2.4162057664550447e-18
outer loop
vertex 88.35461778977434 6.383045471218665 1.1166010458305314e-14
vertex 89.01723994255521 5.79477598875288 2.2450000000000108
vertex 88.35461778977434 6.383045471218665 2.2450000000000108
endloop
endfacet
facet normal -0.4630623266484697 -0.8863257198338014 2.9040446634830193e-18
outer loop
vertex 93.59602854613324 2.586508615867669 2.2450000000000108
vertex 93.08250758878354 2.8676743331346146 1.0910973492099852e-14
vertex 93.59602854613324 2.586508615867669 1.088455726995591e-14
endloop
endfacet
facet normal -0.4972579030500619 -0.867602776536737 2.842579159364803e-18
outer loop
vertex 93.08250758878354 2.8676743331346146 1.0910973492099852e-14
vertex 93.59602854613324 2.586508615867669 2.2450000000000108
vertex 93.08250758878354 2.8676743331346146 2.2450000000000108
endloop
endfacet
facet normal -0.20702184813924718 -0.9783363196738689 3.2063457623988524e-18
outer loop
vertex 97.44103323621694 1.2047693300235731 1.0863969869747114e-14
vertex 96.87073243414488 1.337113311221785 2.2450000000000103
vertex 96.87073243414488 1.337113311221785 1.084924190019096e-14
endloop
endfacet
facet normal -0.24499841826760557 -0.9695234783368433 3.177354494752658e-18
outer loop
vertex 96.87073243414488 1.337113311221785 2.2450000000000103
vertex 97.44103323621694 1.2047693300235731 1.0863969869747114e-14
vertex 97.44103323621694 1.2047693300235731 2.2450000000000103
endloop
endfacet
facet normal -0.7185795872223529 -0.6954447331221604 2.2776556108540786e-18
outer loop
vertex 87.08432777919263 7.618423681266807 2.2450000000000108
vertex 87.71011662082921 6.991114007310232 1.1184263516001793e-14
vertex 87.71011662082921 6.991114007310232 2.2450000000000108
endloop
endfacet
facet normal -0.6971869007309983 -0.7168894094971031 2.348007862126749e-18
outer loop
vertex 87.71011662082921 6.991114007310232 1.1184263516001793e-14
vertex 87.08432777919263 7.618423681266807 2.2450000000000108
vertex 87.08432777919263 7.618423681266807 1.1197059428225426e-14
endloop
endfacet
facet normal -0.8382340006476887 -0.5453107005718579 1.78520202903444e-18
outer loop
vertex 82.10490860681762 14.116269395015266 2.2450000000000108
vertex 82.9662684311856 12.82593321655724 1.1151945893322116e-14
vertex 82.9662684311856 12.82593321655724 2.2450000000000108
endloop
endfacet
facet normal -0.8250737198256507 -0.5650250940029689 1.8498601198275258e-18
outer loop
vertex 82.9662684311856 12.82593321655724 1.1151945893322116e-14
vertex 82.10490860681762 14.116269395015266 2.2450000000000108
vertex 82.10490860681762 14.116269395015266 1.1131086564780168e-14
endloop
endfacet
facet normal -0.6054242917576785 -0.7959029004531354 2.6072578934560568e-18
outer loop
vertex 90.39439925162351 4.679774522255283 2.2450000000000108
vertex 89.6973751093118 5.22684530962281 1.1113204888442288e-14
vertex 90.39439925162351 4.679774522255283 1.1078700826504517e-14
endloop
endfacet
facet normal -0.6292521678099696 -0.7772012025894286 2.5458902762619247e-18
outer loop
vertex 89.6973751093118 5.22684530962281 1.1113204888442288e-14
vertex 90.39439925162351 4.679774522255283 2.2450000000000108
vertex 89.6973751093118 5.22684530962281 2.2450000000000108
endloop
endfacet
facet normal -0.35646594701002465 -0.9343083156122749 3.0616182660196044e-18
outer loop
vertex 95.19680504070234 1.8659455748796567 2.2450000000000103
vertex 94.65398125587573 2.0852633188725846 1.084924170495027e-14
vertex 95.19680504070234 1.8659455748796567 1.0840396037723208e-14
endloop
endfacet
facet normal -0.3926128110103241 -0.9197038548525127 3.013647508728341e-18
outer loop
vertex 94.65398125587573 2.0852633188725846 1.084924170495027e-14
vertex 95.19680504070234 1.8659455748796567 2.2450000000000103
vertex 94.65398125587573 2.0852633188725846 2.2450000000000103
endloop
endfacet
facet normal -0.3197772953891918 -0.9474927341956633 3.104935712414395e-18
outer loop
vertex 95.74776494507621 1.6679528528521064 2.2450000000000103
vertex 95.19680504070234 1.8659455748796567 1.0840396037723208e-14
vertex 95.74776494507621 1.6679528528521064 1.083744601998211e-14
endloop
endfacet
facet normal -0.35646594701002465 -0.9343083156122749 3.0616182660196044e-18
outer loop
vertex 95.19680504070234 1.8659455748796567 1.0840396037723208e-14
vertex 95.74776494507621 1.6679528528521064 2.2450000000000103
vertex 95.19680504070234 1.8659455748796567 2.2450000000000103
endloop
endfacet
facet normal -0.05179910773700818 -0.9986575250993956 3.2733799743689917e-18
outer loop
vertex 100.54759977287141 0.8439039549732689 1.1018782932675417e-14
vertex 99.17678478390697 0.9423516356983122 2.2450000000000108
vertex 99.17678478390697 0.9423516356983122 1.0943178675024513e-14
endloop
endfacet
facet normal -0.09124950323144379 -0.9958280615447704 3.263997734813457e-18
outer loop
vertex 99.17678478390697 0.9423516356983122 2.2450000000000108
vertex 100.54759977287141 0.8439039549732689 1.1018782932675417e-14
vertex 100.54759977287141 0.8439039549732689 2.2450000000000108
endloop
endfacet
facet normal -0.3926128110103241 -0.9197038548525127 3.013647508728341e-18
outer loop
vertex 94.65398125587573 2.0852633188725846 2.2450000000000103
vertex 94.12011862089527 2.325572746851104 1.0863969577257065e-14
vertex 94.65398125587573 2.0852633188725846 1.084924170495027e-14
endloop
endfacet
facet normal -0.42816294827580637 -0.9037015490325162 2.9610963506252978e-18
outer loop
vertex 94.12011862089527 2.325572746851104 1.0863969577257065e-14
vertex 94.65398125587573 2.0852633188725846 2.2450000000000103
vertex 94.12011862089527 2.325572746851104 2.2450000000000103
endloop
endfacet
facet normal -0.8250737198256507 -0.5650250940029689 1.8498601198275258e-18
outer loop
vertex 82.9662684311856 12.82593321655724 2.2450000000000108
vertex 83.85796946063431 11.556375232630206 1.1172758306769794e-14
vertex 83.85796946063431 11.556375232630206 2.2450000000000108
endloop
endfacet
facet normal -0.8114498710869448 -0.5844220279155989 1.9134788661576304e-18
outer loop
vertex 83.85796946063431 11.556375232630206 1.1172758306769794e-14
vertex 82.9662684311856 12.82593321655724 2.2450000000000108
vertex 82.9662684311856 12.82593321655724 1.1151945893322116e-14
endloop
endfacet
facet normal -0.09124950323144379 -0.9958280615447704 3.2639977348134574e-18
outer loop
vertex 99.17678478390697 0.9423516356983122 1.0943178675024513e-14
vertex 98.59493631169254 1.007238379994053 2.2450000000000108
vertex 98.59493631169254 1.007238379994053 1.0910973977607834e-14
endloop
endfacet
facet normal -0.13018295731568053 -0.9914899886658181 3.2496718005001978e-18
outer loop
vertex 98.59493631169254 1.007238379994053 2.2450000000000108
vertex 99.17678478390697 0.9423516356983122 1.0943178675024513e-14
vertex 99.17678478390697 0.9423516356983122 2.2450000000000108
endloop
endfacet
facet normal -0.01207898617798752 -0.9999270463853412 3.2776495802778995e-18
outer loop
vertex 101.92124387617739 0.7999999999999993 1.1080804454031714e-14
vertex 100.54759977287141 0.8439039549732689 2.2450000000000108
vertex 100.54759977287141 0.8439039549732689 1.1018782932675417e-14
endloop
endfacet
facet normal -0.05179910773700817 -0.9986575250993956 3.273379974368991e-18
outer loop
vertex 100.54759977287141 0.8439039549732689 2.2450000000000108
vertex 101.92124387617739 0.7999999999999993 1.1080804454031714e-14
vertex 101.92124387617739 0.7999999999999993 2.2450000000000108
endloop
endfacet
facet normal 0.027660211720751296 -0.9996173831459532 3.2767427950537225e-18
outer loop
vertex 103.29554769804864 0.8107091082831737 1.1129145288520791e-14
vertex 101.92124387617739 0.7999999999999993 2.2450000000000108
vertex 101.92124387617739 0.7999999999999993 1.1080804454031714e-14
endloop
endfacet
facet normal -0.01207898617798752 -0.9999270463853412 3.2776495802778995e-18
outer loop
vertex 101.92124387617739 0.7999999999999993 2.2450000000000108
vertex 103.29554769804864 0.8107091082831737 1.1129145288520791e-14
vertex 103.29554769804864 0.8107091082831737 2.2450000000000108
endloop
endfacet
facet normal -0.4281629482758063 -0.9037015490325162 2.9610963506252978e-18
outer loop
vertex 94.12011862089527 2.325572746851104 2.2450000000000103
vertex 93.59602854613324 2.586508615867669 1.088455726995591e-14
vertex 94.12011862089527 2.325572746851104 1.0863969577257065e-14
endloop
endfacet
facet normal -0.4630623266484698 -0.8863257198338014 2.90404466348302e-18
outer loop
vertex 93.59602854613324 2.586508615867669 1.088455726995591e-14
vertex 94.12011862089527 2.325572746851104 2.2450000000000103
vertex 93.59602854613324 2.586508615867669 2.2450000000000108
endloop
endfacet
facet normal 0.06735572585429393 -0.9977290244323062 3.270661050782133e-18
outer loop
vertex 104.66834080081492 0.8760143669308325 1.1163729091475268e-14
vertex 103.29554769804864 0.8107091082831737 2.2450000000000108
vertex 103.29554769804864 0.8107091082831737 1.1129145288520791e-14
endloop
endfacet
facet normal 0.027660211720751296 -0.9996173831459532 3.2767427950537225e-18
outer loop
vertex 103.29554769804864 0.8107091082831737 2.2450000000000108
vertex 104.66834080081492 0.8760143669308325 1.1163729091475268e-14
vertex 104.66834080081492 0.8760143669308325 2.2450000000000108
endloop
endfacet
facet normal 0.10694486510742393 -0.9942649525288292 3.2594139523602896e-18
outer loop
vertex 106.03745513268476 0.9958126393649542 1.1184501244704094e-14
vertex 104.66834080081492 0.8760143669308325 2.2450000000000108
vertex 104.66834080081492 0.8760143669308325 1.1163729091475268e-14
endloop
endfacet
facet normal 0.06735572585429393 -0.9977290244323062 3.270661050782133e-18
outer loop
vertex 104.66834080081492 0.8760143669308325 2.2450000000000108
vertex 106.03745513268476 0.9958126393649542 1.1184501244704094e-14
vertex 106.03745513268476 0.9958126393649542 2.2450000000000108
endloop
endfacet
facet normal -0.16873062839166217 -0.9856622012852856 3.2304637498456007e-18
outer loop
vertex 98.01605918670667 1.0947552833426826 1.088455765925077e-14
vertex 97.44103323621694 1.2047693300235731 2.2450000000000103
vertex 97.44103323621694 1.2047693300235731 1.0863969869747114e-14
endloop
endfacet
facet normal -0.2070218481392472 -0.9783363196738688 3.206345762398852e-18
outer loop
vertex 97.44103323621694 1.2047693300235731 2.2450000000000103
vertex 98.01605918670667 1.0947552833426826 1.088455765925077e-14
vertex 98.01605918670667 1.0947552833426826 2.2450000000000108
endloop
endfacet
facet normal -0.556124443075466 -0.8310990336981524 2.7227623736451957e-18
outer loop
vertex 91.8365414160511 3.6502008190043815 2.2450000000000108
vertex 91.10767283507664 4.15406557568476 1.103883647509735e-14
vertex 91.8365414160511 3.6502008190043815 1.0993648410607535e-14
endloop
endfacet
facet normal -0.5810409260947118 -0.8138743405483428 2.6662332963108607e-18
outer loop
vertex 91.10767283507664 4.15406557568476 1.103883647509735e-14
vertex 91.8365414160511 3.6502008190043815 2.2450000000000108
vertex 91.10767283507664 4.15406557568476 2.2450000000000108
endloop
endfacet
facet normal -0.7787263038972937 -0.6273638048361253 2.054327798354784e-18
outer loop
vertex 85.32488797384936 9.609958744744151 2.2450000000000108
vertex 85.89116608013762 8.928447037071424 1.120623787199094e-14
vertex 85.89116608013762 8.928447037071424 2.2450000000000108
endloop
endfacet
facet normal -0.7593680009223359 -0.6506613859567937 2.130748183629746e-18
outer loop
vertex 85.89116608013762 8.928447037071424 1.120623787199094e-14
vertex 85.32488797384936 9.609958744744151 2.2450000000000108
vertex 85.32488797384936 9.609958744744151 1.1202611982116271e-14
endloop
endfacet
facet normal -0.4972579030500619 -0.867602776536737 2.842579159364803e-18
outer loop
vertex 93.08250758878354 2.8676743331346146 2.2450000000000108
vertex 92.5803362421864 3.1686425588003737 1.0943178094041326e-14
vertex 93.08250758878354 2.8676743331346146 1.0910973492099852e-14
endloop
endfacet
facet normal -0.5288537653672385 -0.848712963761538 2.7805737529109115e-18
outer loop
vertex 92.5803362421864 3.1686425588003737 1.0943178094041326e-14
vertex 93.08250758878354 2.8676743331346146 2.2450000000000108
vertex 92.5803362421864 3.1686425588003737 2.2450000000000108
endloop
endfacet
facet normal -0.13018295731568053 -0.9914899886658181 3.2496718005001978e-18
outer loop
vertex 98.59493631169254 1.007238379994053 1.0910973977607834e-14
vertex 98.01605918670667 1.0947552833426826 2.2450000000000108
vertex 98.01605918670667 1.0947552833426826 1.088455765925077e-14
endloop
endfacet
facet normal -0.16873062839166217 -0.9856622012852857 3.2304637498456015e-18
outer loop
vertex 98.01605918670667 1.0947552833426826 2.2450000000000108
vertex 98.59493631169254 1.007238379994053 1.0910973977607834e-14
vertex 98.59493631169254 1.007238379994053 2.2450000000000108
endloop
endfacet
facet normal -0.24499841826760557 -0.9695234783368433 3.177354494752658e-18
outer loop
vertex 96.87073243414488 1.337113311221785 1.084924190019096e-14
vertex 96.30602357272411 1.491586079166372 2.2450000000000103
vertex 96.30602357272411 1.491586079166372 1.0840396135417795e-14
endloop
endfacet
facet normal -0.2826026187175047 -0.95923707178883 3.143534010330328e-18
outer loop
vertex 96.30602357272411 1.491586079166372 2.2450000000000103
vertex 96.87073243414488 1.337113311221785 1.084924190019096e-14
vertex 96.87073243414488 1.337113311221785 2.2450000000000103
endloop
endfacet
facet normal -0.7593680009223359 -0.6506613859567937 2.130748183629746e-18
outer loop
vertex 85.89116608013762 8.928447037071424 2.2450000000000108
vertex 86.47782543938116 8.264398923175921 1.1204386454455724e-14
vertex 86.47782543938116 8.264398923175921 2.2450000000000108
endloop
endfacet
facet normal -0.7393129617229071 -0.673361971474855 2.205213562317035e-18
outer loop
vertex 86.47782543938116 8.264398923175921 1.1204386454455724e-14
vertex 85.89116608013762 8.928447037071424 2.2450000000000108
vertex 85.89116608013762 8.928447037071424 1.120623787199094e-14
endloop
endfacet
facet normal -0.6292521678099696 -0.7772012025894286 2.5458902762619247e-18
outer loop
vertex 89.6973751093118 5.22684530962281 2.2450000000000108
vertex 89.01723994255521 5.79477598875288 1.1142317002703032e-14
vertex 89.6973751093118 5.22684530962281 1.1113204888442288e-14
endloop
endfacet
facet normal -0.652502691670622 -0.7577864061611248 2.4821867508170393e-18
outer loop
vertex 89.01723994255521 5.79477598875288 1.1142317002703032e-14
vertex 89.6973751093118 5.22684530962281 2.2450000000000108
vertex 89.01723994255521 5.79477598875288 2.2450000000000108
endloop
endfacet
facet normal -0.7963751040934962 -0.6048030204786293 1.980327232541089e-18
outer loop
vertex 84.7795106926728 10.30830874476768 2.2450000000000108
vertex 85.32488797384936 9.609958744744151 1.1202611982116271e-14
vertex 85.32488797384936 9.609958744744151 2.2450000000000108
endloop
endfacet
facet normal -0.7787263038972937 -0.6273638048361253 2.054327798354784e-18
outer loop
vertex 85.32488797384936 9.609958744744151 1.1202611982116271e-14
vertex 84.7795106926728 10.30830874476768 2.2450000000000108
vertex 84.7795106926728 10.30830874476768 1.1193512111662478e-14
endloop
endfacet
facet normal -0.6751545304916148 -0.7376763246550937 2.4162057664550447e-18
outer loop
vertex 88.35461778977434 6.383045471218665 2.2450000000000108
vertex 87.71011662082921 6.991114007310232 1.1184263516001793e-14
vertex 88.35461778977434 6.383045471218665 1.1166010458305314e-14
endloop
endfacet
facet normal -0.6971869007309983 -0.7168894094971031 2.348007862126749e-18
outer loop
vertex 87.71011662082921 6.991114007310232 1.1184263516001793e-14
vertex 88.35461778977434 6.383045471218665 2.2450000000000108
vertex 87.71011662082921 6.991114007310232 2.2450000000000108
endloop
endfacet
facet normal -0.5810409260947118 -0.8138743405483428 2.6662332963108607e-18
outer loop
vertex 91.10767283507664 4.15406557568476 2.2450000000000108
vertex 90.39439925162351 4.679774522255283 1.1078700826504517e-14
vertex 91.10767283507664 4.15406557568476 1.103883647509735e-14
endloop
endfacet
facet normal -0.6054242917576785 -0.7959029004531354 2.6072578934560568e-18
outer loop
vertex 90.39439925162351 4.679774522255283 1.1078700826504517e-14
vertex 91.10767283507664 4.15406557568476 2.2450000000000108
vertex 90.39439925162351 4.679774522255283 2.2450000000000108
endloop
endfacet
facet normal -0.7393129617229071 -0.673361971474855 2.205213562317035e-18
outer loop
vertex 86.47782543938116 8.264398923175921 2.2450000000000108
vertex 87.08432777919263 7.618423681266807 1.1197059428225426e-14
vertex 87.08432777919263 7.618423681266807 2.2450000000000108
endloop
endfacet
facet normal -0.7185795872223529 -0.6954447331221604 2.2776556108540786e-18
outer loop
vertex 87.08432777919263 7.618423681266807 1.1197059428225426e-14
vertex 86.47782543938116 8.264398923175921 2.2450000000000108
vertex 86.47782543938116 8.264398923175921 1.1204386454455724e-14
endloop
endfacet
facet normal -0.5288537653672385 -0.8487129637615383 2.7805737529109115e-18
outer loop
vertex 92.5803362421864 3.1686425588003737 2.2450000000000108
vertex 91.8365414160511 3.6502008190043815 1.0993648410607535e-14
vertex 92.5803362421864 3.1686425588003737 1.0943178094041326e-14
endloop
endfacet
facet normal -0.5561244430754662 -0.8310990336981524 2.7227623736451957e-18
outer loop
vertex 91.8365414160511 3.6502008190043815 1.0993648410607535e-14
vertex 92.5803362421864 3.1686425588003737 2.2450000000000108
vertex 91.8365414160511 3.6502008190043815 2.2450000000000108
endloop
endfacet
facet normal -0.8114498710869448 -0.5844220279155989 1.9134788661576304e-18
outer loop
vertex 83.85796946063431 11.556375232630206 2.2450000000000108
vertex 84.7795106926728 10.30830874476768 1.1193512111662478e-14
vertex 84.7795106926728 10.30830874476768 2.2450000000000108
endloop
endfacet
facet normal -0.7963751040934962 -0.6048030204786293 1.980327232541089e-18
outer loop
vertex 84.7795106926728 10.30830874476768 1.1193512111662478e-14
vertex 83.85796946063431 11.556375232630206 2.2450000000000108
vertex 83.85796946063431 11.556375232630206 1.1172758306769794e-14
endloop
endfacet
facet normal 0.7386583761095051 -0.6740799681070999 2.2115937262881256e-18
outer loop
vertex 128.31461963394193 13.768721792917153 1.0943178675026444e-14
vertex 125.98630246626678 11.36987486601786 2.2450000000000108
vertex 125.98630246626678 11.36987486601786 1.0943178675026444e-14
endloop
endfacet
facet normal 0.6958167293800098 -0.7182193809101133 2.3561625430182727e-18
outer loop
vertex 125.98630246626678 11.36987486601786 2.2450000000000108
vertex 128.31461963394193 13.768721792917153 1.0943178675026444e-14
vertex 128.31461963394193 13.768721792917153 2.2450000000000108
endloop
endfacet
facet normal 0.9999975210209918 -0.002226645879172102 1.0023192457367551e-20
outer loop
vertex 141.53625824174145 44.027865505260294 1.0943178675026444e-14
vertex 141.5141596362175 42.88142224361702 2.2450000000000108
vertex 141.5141596362175 42.88142224361702 1.0943178675026444e-14
endloop
endfacet
facet normal 0.9993404951636887 -0.03631218426360058 1.2175112580212948e-19
outer loop
vertex 141.5141596362175 42.88142224361702 2.2450000000000108
vertex 141.53625824174145 44.027865505260294 1.0943178675026444e-14
vertex 141.53625824174145 44.027865505260294 2.2450000000000108
endloop
endfacet
facet normal 0.8498192196324783 -0.5270742774441242 1.7300234436627322e-18
outer loop
vertex 134.35588368669596 21.758047587921258 1.0943178675026444e-14
vertex 132.50734223478898 18.972653197073324 2.2450000000000108
vertex 132.50734223478898 18.972653197073324 1.0943178675026444e-14
endloop
endfacet
facet normal 0.8158055719443764 -0.5783262649962468 1.8979307742237777e-18
outer loop
vertex 132.50734223478898 18.972653197073324 2.2450000000000108
vertex 134.35588368669596 21.758047587921258 1.0943178675026444e-14
vertex 134.35588368669596 21.758047587921258 2.2450000000000108
endloop
endfacet
facet normal 0.2629918014295547 -0.9647980681887988 3.163248953691136e-18
outer loop
vertex 111.4340386652759 2.0148682295234694 2.2450000000000108
vertex 110.10115260762906 1.6798451898071087 1.1163729091475917e-14
vertex 111.4340386652759 2.0148682295234694 1.1129145288521766e-14
endloop
endfacet
facet normal 0.22445023443516643 -0.9744855526184055 3.1948987646484553e-18
outer loop
vertex 110.10115260762906 1.6798451898071087 1.1163729091475917e-14
vertex 111.4340386652759 2.0148682295234694 2.2450000000000108
vertex 110.10115260762906 1.6798451898071087 2.2450000000000108
endloop
endfacet
facet normal 0.6958167293800098 -0.7182193809101133 2.3561625430182727e-18
outer loop
vertex 125.98630246626678 11.36987486601786 2.2450000000000108
vertex 123.51490267012721 9.118717283878029 1.0943178675026447e-14
vertex 125.98630246626678 11.36987486601786 1.0943178675026444e-14
endloop
endfacet
facet normal 0.6503423247483874 -0.7596412710226211 2.49181636059446e-18
outer loop
vertex 123.51490267012721 9.118717283878029 1.0943178675026447e-14
vertex 125.98630246626678 11.36987486601786 2.2450000000000108
vertex 123.51490267012721 9.118717283878029 2.2450000000000108
endloop
endfacet
facet normal 0.9505092923909266 -0.31069612980933675 1.0210271572942718e-18
outer loop
vertex 139.94265989269354 33.87216967454209 1.0943178675026444e-14
vertex 138.82835735533217 30.72036744927234 2.2450000000000108
vertex 138.82835735533217 30.72036744927234 1.0943178675026444e-14
endloop
endfacet
facet normal 0.932113908508583 -0.3621652406911148 1.1896887519564005e-18
outer loop
vertex 138.82835735533217 30.72036744927234 2.2450000000000108
vertex 139.94265989269354 33.87216967454209 1.0943178675026444e-14
vertex 139.94265989269354 33.87216967454209 2.2450000000000108
endloop
endfacet
facet normal 0.33876869403091253 -0.9408696891411638 3.0850200512917823e-18
outer loop
vertex 114.05463693142231 2.8423852533979415 2.2450000000000108
vertex 112.75256088714134 2.402585691416108 1.108080445403301e-14
vertex 114.05463693142231 2.8423852533979415 1.1018782932677032e-14
endloop
endfacet
facet normal 0.30111802554012257 -0.9535868784200097 3.126603424480618e-18
outer loop
vertex 112.75256088714134 2.402585691416108 1.108080445403301e-14
vertex 114.05463693142231 2.8423852533979415 2.2450000000000108
vertex 112.75256088714134 2.402585691416108 2.2450000000000108
endloop
endfacet
facet normal 0.9975219802096389 -0.0703555186082872 2.3333755321832985e-19
outer loop
vertex 141.45299515667355 41.73639848535894 1.0943178675026444e-14
vertex 141.35283589186895 40.59412504077257 2.2450000000000108
vertex 141.35283589186895 40.59412504077257 1.0943178675026444e-14
endloop
endfacet
facet normal 0.9945440897380583 -0.1043170818566994 3.446527827540248e-19
outer loop
vertex 141.35283589186895 40.59412504077257 2.2450000000000108
vertex 141.45299515667355 41.73639848535894 1.0943178675026444e-14
vertex 141.45299515667355 41.73639848535894 2.2450000000000108
endloop
endfacet
facet normal 0.9993404951636887 -0.03631218426360058 1.2175112580212948e-19
outer loop
vertex 141.5141596362175 42.88142224361702 1.0943178675026444e-14
vertex 141.45299515667355 41.73639848535894 2.2450000000000108
vertex 141.45299515667355 41.73639848535894 1.0943178675026444e-14
endloop
endfacet
facet normal 0.9975219802096389 -0.0703555186082872 2.3333755321832985e-19
outer loop
vertex 141.45299515667355 41.73639848535894 2.2450000000000108
vertex 141.5141596362175 42.88142224361702 1.0943178675026444e-14
vertex 141.5141596362175 42.88142224361702 2.2450000000000108
endloop
endfacet
facet normal 0.6503423247483874 -0.7596412710226211 2.49181636059446e-18
outer loop
vertex 123.51490267012721 9.118717283878029 2.2450000000000108
vertex 120.90977126723271 7.023766738963236 1.0943178675026447e-14
vertex 123.51490267012721 9.118717283878029 1.0943178675026447e-14
endloop
endfacet
facet normal 0.6024072234674085 -0.7981889106685759 2.618041906418952e-18
outer loop
vertex 120.90977126723271 7.023766738963236 1.0943178675026447e-14
vertex 123.51490267012721 9.118717283878029 2.2450000000000108
vertex 120.90977126723271 7.023766738963236 2.2450000000000108
endloop
endfacet
facet normal 0.8158055719443764 -0.5783262649962468 1.8979307742237777e-18
outer loop
vertex 132.50734223478898 18.972653197073324 1.0943178675026444e-14
vertex 130.4910445323909 16.30618156075524 2.2450000000000108
vertex 130.4910445323909 16.30618156075524 1.0943178675026444e-14
endloop
endfacet
facet normal 0.7787051652356475 -0.6273900426651056 2.0586569146344262e-18
outer loop
vertex 130.4910445323909 16.30618156075524 2.2450000000000108
vertex 132.50734223478898 18.972653197073324 1.0943178675026444e-14
vertex 132.50734223478898 18.972653197073324 2.2450000000000108
endloop
endfacet
facet normal 0.9904102848188466 -0.13815740199153734 4.555674376595687e-19
outer loop
vertex 141.2137982524714 39.45592952357691 1.0943178675026444e-14
vertex 141.03604383575694 38.32313480789714 2.2450000000000108
vertex 141.03604383575694 38.32313480789714 1.0943178675026444e-14
endloop
endfacet
facet normal 0.9851253699899634 -0.17183714791085783 5.659526067549928e-19
outer loop
vertex 141.03604383575694 38.32313480789714 2.2450000000000108
vertex 141.2137982524714 39.45592952357691 1.0943178675026444e-14
vertex 141.2137982524714 39.45592952357691 2.2450000000000108
endloop
endfacet
facet normal 0.9978254017521712 0.06591257556884281 -2.1333775281079987e-19
outer loop
vertex 141.46320052819954 46.31968059708665 1.0943178675026444e-14
vertex 141.51926528901734 45.17439581017652 2.2450000000000108
vertex 141.51926528901734 45.17439581017652 1.0943178675026444e-14
endloop
endfacet
facet normal 0.9994922941495673 0.03186148043695969 -1.0171639039918492e-19
outer loop
vertex 141.51926528901734 45.17439581017652 2.2450000000000108
vertex 141.46320052819954 46.31968059708665 1.0943178675026444e-14
vertex 141.46320052819954 46.31968059708665 2.2450000000000108
endloop
endfacet
facet normal 0.30111802554012257 -0.9535868784200097 3.126603424480618e-18
outer loop
vertex 112.75256088714134 2.402585691416108 2.2450000000000108
vertex 111.4340386652759 2.0148682295234694 1.1129145288521766e-14
vertex 112.75256088714134 2.402585691416108 1.108080445403301e-14
endloop
endfacet
facet normal 0.2629918014295547 -0.9647980681887988 3.163248953691136e-18
outer loop
vertex 111.4340386652759 2.0148682295234694 1.1129145288521766e-14
vertex 112.75256088714134 2.402585691416108 2.2450000000000108
vertex 111.4340386652759 2.0148682295234694 2.2450000000000108
endloop
endfacet
facet normal 0.9080836152499521 -0.41878890591153134 1.3752312198436992e-18
outer loop
vertex 137.52238177760495 27.64303821723281 1.0943178675026444e-14
vertex 136.02967457206634 24.65182565198146 2.2450000000000108
vertex 136.02967457206634 24.65182565198146 1.0943178675026444e-14
endloop
endfacet
facet normal 0.8806174110497216 -0.47382800186996704 1.5555702329872821e-18
outer loop
vertex 136.02967457206634 24.65182565198146 2.2450000000000108
vertex 137.52238177760495 27.64303821723281 1.0943178675026444e-14
vertex 137.52238177760495 27.64303821723281 2.2450000000000108
endloop
endfacet
facet normal 0.9786954876733323 -0.20531717514094727 6.756799942580082e-19
outer loop
vertex 140.819779237794 37.197057490746495 1.0943178675026444e-14
vertex 140.56525581332448 36.07900636180389 2.2450000000000108
vertex 140.56525581332448 36.07900636180389 1.0943178675026444e-14
endloop
endfacet
facet normal 0.9711281110357133 -0.23855857133250846 7.846220688974892e-19
outer loop
vertex 140.56525581332448 36.07900636180389 2.2450000000000108
vertex 140.819779237794 37.197057490746495 1.0943178675026444e-14
vertex 140.819779237794 37.197057490746495 2.2450000000000108
endloop
endfacet
facet normal 0.18555419324367287 -0.9826340322671966 3.2215028728143843e-18
outer loop
vertex 108.75600774080682 1.3980456740667737 2.2450000000000108
vertex 107.4007284517486 1.1699147282048283 1.1191428942751052e-14
vertex 108.75600774080682 1.3980456740667737 1.118450124470442e-14
endloop
endfacet
facet normal 0.14636510636279892 -0.9892306382433809 3.2430192623278116e-18
outer loop
vertex 107.4007284517486 1.1699147282048283 1.1191428942751052e-14
vertex 108.75600774080682 1.3980456740667737 2.2450000000000108
vertex 107.4007284517486 1.1699147282048283 2.2450000000000108
endloop
endfacet
facet normal 0.9851253699899634 -0.17183714791085783 5.659526067549928e-19
outer loop
vertex 141.03604383575694 38.32313480789714 1.0943178675026444e-14
vertex 140.819779237794 37.197057490746495 2.2450000000000108
vertex 140.819779237794 37.197057490746495 1.0943178675026444e-14
endloop
endfacet
facet normal 0.9786954876733323 -0.20531717514094727 6.756799942580082e-19
outer loop
vertex 140.819779237794 37.197057490746495 2.2450000000000108
vertex 141.03604383575694 38.32313480789714 1.0943178675026444e-14
vertex 141.03604383575694 38.32313480789714 2.2450000000000108
endloop
endfacet
facet normal 0.7787051652356475 -0.6273900426651056 2.0586569146344262e-18
outer loop
vertex 130.4910445323909 16.30618156075524 1.0943178675026444e-14
vertex 128.31461963394193 13.768721792917153 2.2450000000000108
vertex 128.31461963394193 13.768721792917153 1.0943178675026444e-14
endloop
endfacet
facet normal 0.7386583761095051 -0.6740799681070999 2.2115937262881256e-18
outer loop
vertex 128.31461963394193 13.768721792917153 2.2450000000000108
vertex 130.4910445323909 16.30618156075524 1.0943178675026444e-14
vertex 130.4910445323909 16.30618156075524 2.2450000000000108
endloop
endfacet
facet normal 0.9965568837152113 0.08291186597723531 -2.6906355043420037e-19
outer loop
vertex 141.36812912087075 47.46238875232235 1.0943178675026444e-14
vertex 141.46320052819954 46.31968059708665 2.2450000000000108
vertex 141.46320052819954 46.31968059708665 1.0943178675026444e-14
endloop
endfacet
facet normal 0.9978254017521712 0.06591257556884281 -2.1333775281079987e-19
outer loop
vertex 141.46320052819954 46.31968059708665 2.2450000000000108
vertex 141.36812912087075 47.46238875232235 1.0943178675026444e-14
vertex 141.36812912087075 47.46238875232235 2.2450000000000108
endloop
endfacet
facet normal 0.22445023443516643 -0.9744855526184055 3.1948987646484553e-18
outer loop
vertex 110.10115260762906 1.6798451898071087 2.2450000000000108
vertex 108.75600774080682 1.3980456740667737 1.118450124470442e-14
vertex 110.10115260762906 1.6798451898071087 1.1163729091475917e-14
endloop
endfacet
facet normal 0.18555419324367287 -0.9826340322671966 3.2215028728143843e-18
outer loop
vertex 108.75600774080682 1.3980456740667737 1.118450124470442e-14
vertex 110.10115260762906 1.6798451898071087 2.2450000000000108
vertex 108.75600774080682 1.3980456740667737 2.2450000000000108
endloop
endfacet
facet normal 0.41356982902465156 0.9104724029428461 -2.983330436987098e-18
outer loop
vertex 140.22036670284766 48.00187731198593 2.2450000000000108
vertex 141.36812912087075 47.46238875232235 1.0943178675026444e-14
vertex 140.22036670284766 48.00187731198593 1.0943178675026444e-14
endloop
endfacet
facet normal 0.42538711721815836 0.9050114919186524 -2.9653978032924098e-18
outer loop
vertex 141.36812912087075 47.46238875232235 1.0943178675026444e-14
vertex 140.22036670284766 48.00187731198593 2.2450000000000108
vertex 141.36812912087075 47.46238875232235 2.2450000000000108
endloop
endfacet
facet normal 0.6024072234674085 -0.7981889106685759 2.618041906418952e-18
outer loop
vertex 120.90977126723271 7.023766738963236 2.2450000000000108
vertex 118.18076527883302 5.092949884038187 1.0943178675026447e-14
vertex 120.90977126723271 7.023766738963236 1.0943178675026447e-14
endloop
endfacet
facet normal 0.5521927973140852 -0.8337164473575208 2.7343615815936905e-18
outer loop
vertex 118.18076527883302 5.092949884038187 1.0943178675026447e-14
vertex 120.90977126723271 7.023766738963236 2.2450000000000108
vertex 118.18076527883302 5.092949884038187 2.2450000000000108
endloop
endfacet
facet normal 0.8806174110497216 -0.47382800186996704 1.5555702329872821e-18
outer loop
vertex 136.02967457206634 24.65182565198146 1.0943178675026444e-14
vertex 134.35588368669596 21.758047587921258 2.2450000000000108
vertex 134.35588368669596 21.758047587921258 1.0943178675026444e-14
endloop
endfacet
facet normal 0.8498192196324783 -0.5270742774441242 1.7300234436627322e-18
outer loop
vertex 134.35588368669596 21.758047587921258 2.2450000000000108
vertex 136.02967457206634 24.65182565198146 1.0943178675026444e-14
vertex 136.02967457206634 24.65182565198146 2.2450000000000108
endloop
endfacet
facet normal 0.14636510636279892 -0.9892306382433809 3.2430192623278116e-18
outer loop
vertex 107.4007284517486 1.1699147282048283 1.1191428942751052e-14
vertex 106.03745513268476 0.9958126393649542 2.2450000000000108
vertex 106.03745513268476 0.9958126393649542 1.1184501244704094e-14
endloop
endfacet
facet normal 0.10694486510742393 -0.9942649525288292 3.2594139523602896e-18
outer loop
vertex 106.03745513268476 0.9958126393649542 2.2450000000000108
vertex 107.4007284517486 1.1699147282048283 1.1191428942751052e-14
vertex 107.4007284517486 1.1699147282048283 2.2450000000000108
endloop
endfacet
facet normal 0.932113908508583 -0.3621652406911148 1.1896887519564005e-18
outer loop
vertex 138.82835735533217 30.72036744927234 1.0943178675026444e-14
vertex 137.52238177760495 27.64303821723281 2.2450000000000108
vertex 137.52238177760495 27.64303821723281 1.0943178675026444e-14
endloop
endfacet
facet normal 0.9080836152499521 -0.41878890591153134 1.3752312198436992e-18
outer loop
vertex 137.52238177760495 27.64303821723281 2.2450000000000108
vertex 138.82835735533217 30.72036744927234 1.0943178675026444e-14
vertex 138.82835735533217 30.72036744927234 2.2450000000000108
endloop
endfacet
facet normal 0.44381852820705725 -0.896116685493648 2.938609413624498e-18
outer loop
vertex 115.33821042975927 3.3335723401345567 2.2450000000000108
vertex 114.05463693142231 2.8423852533979415 1.1018782932677032e-14
vertex 115.33821042975927 3.3335723401345567 1.0943178675026447e-14
endloop
endfacet
facet normal 0.33876869403091253 -0.9408696891411638 3.0850200512917815e-18
outer loop
vertex 114.05463693142231 2.8423852533979415 1.1018782932677032e-14
vertex 115.33821042975927 3.3335723401345567 2.2450000000000108
vertex 114.05463693142231 2.8423852533979415 2.2450000000000108
endloop
endfacet
facet normal 0.9945440897380583 -0.1043170818566994 3.446527827540248e-19
outer loop
vertex 141.35283589186895 40.59412504077257 1.0943178675026444e-14
vertex 141.2137982524714 39.45592952357691 2.2450000000000108
vertex 141.2137982524714 39.45592952357691 1.0943178675026444e-14
endloop
endfacet
facet normal 0.9904102848188466 -0.13815740199153734 4.555674376595687e-19
outer loop
vertex 141.2137982524714 39.45592952357691 2.2450000000000108
vertex 141.35283589186895 40.59412504077257 1.0943178675026444e-14
vertex 141.35283589186895 40.59412504077257 2.2450000000000108
endloop
endfacet
facet normal 0.9994922941495673 0.03186148043695969 -1.0171639039918492e-19
outer loop
vertex 141.51926528901734 45.17439581017652 1.0943178675026444e-14
vertex 141.53625824174145 44.027865505260294 2.2450000000000108
vertex 141.53625824174145 44.027865505260294 1.0943178675026444e-14
endloop
endfacet
facet normal 0.9999975210209918 -0.002226645879172102 1.0023192457367551e-20
outer loop
vertex 141.53625824174145 44.027865505260294 2.2450000000000108
vertex 141.51926528901734 45.17439581017652 1.0943178675026444e-14
vertex 141.51926528901734 45.17439581017652 2.2450000000000108
endloop
endfacet
facet normal 0.9711281110357133 -0.23855857133250846 7.846220688974892e-19
outer loop
vertex 140.56525581332448 36.07900636180389 1.0943178675026444e-14
vertex 140.2727693836264 34.97028088226628 2.2450000000000108
vertex 140.2727693836264 34.97028088226628 1.0943178675026444e-14
endloop
endfacet
facet normal 0.962432035303078 -0.2715227014862204 8.926522121356492e-19
outer loop
vertex 140.2727693836264 34.97028088226628 2.2450000000000108
vertex 140.56525581332448 36.07900636180389 1.0943178675026444e-14
vertex 140.56525581332448 36.07900636180389 2.2450000000000108
endloop
endfacet
facet normal 0.5521927973140852 -0.8337164473575208 2.7343615815936905e-18
outer loop
vertex 118.18076527883302 5.092949884038187 2.2450000000000108
vertex 115.33821042975927 3.3335723401345567 1.0943178675026447e-14
vertex 118.18076527883302 5.092949884038187 1.0943178675026447e-14
endloop
endfacet
facet normal 0.44381852820705725 -0.896116685493648 2.938609413624498e-18
outer loop
vertex 115.33821042975927 3.3335723401345567 1.0943178675026447e-14
vertex 118.18076527883302 5.092949884038187 2.2450000000000108
vertex 115.33821042975927 3.3335723401345567 2.2450000000000108
endloop
endfacet
facet normal 0.962432035303078 -0.2715227014862204 8.926522121356492e-19
outer loop
vertex 140.2727693836264 34.97028088226628 1.0943178675026444e-14
vertex 139.94265989269354 33.87216967454209 2.2450000000000108
vertex 139.94265989269354 33.87216967454209 1.0943178675026444e-14
endloop
endfacet
facet normal 0.9505092923909266 -0.31069612980933675 1.0210271572942718e-18
outer loop
vertex 139.94265989269354 33.87216967454209 2.2450000000000108
vertex 140.2727693836264 34.97028088226628 1.0943178675026444e-14
vertex 140.2727693836264 34.97028088226628 2.2450000000000108
endloop
endfacet
facet normal 0.31667900178372455 0.94853276687169 -3.1083532990931896e-18
outer loop
vertex 135.50067584749837 49.85585210713935 2.2450000000000108
vertex 136.6983030807111 49.4386045972589 1.0943178675026444e-14
vertex 135.50067584749837 49.85585210713935 1.0943178675026444e-14
endloop
endfacet
facet normal 0.34126516577385435 0.9399670667791207 -3.080208622281141e-18
outer loop
vertex 136.6983030807111 49.4386045972589 1.0943178675026444e-14
vertex 135.50067584749837 49.85585210713935 2.2450000000000108
vertex 136.6983030807111 49.4386045972589 2.2450000000000108
endloop
endfacet
facet normal -0.16782606108800743 0.9858166225113496 -3.2318868551696286e-18
outer loop
vertex 111.71542928986068 51.64026054981855 2.2450000000000108
vertex 112.96757209232702 51.84161813339959 1.0943178675026444e-14
vertex 111.71542928986068 51.64026054981855 1.0943178675026444e-14
endloop
endfacet
facet normal -0.14590448727483532 0.9892986811843365 -3.2432410468316026e-18
outer loop
vertex 112.96757209232702 51.84161813339959 1.0943178675026444e-14
vertex 111.71542928986068 51.64026054981855 2.2450000000000108
vertex 112.96757209232702 51.84161813339959 2.2450000000000108
endloop
endfacet
facet normal 0.11368948083952092 0.993516331997839 -3.2563589304255064e-18
outer loop
vertex 125.61276578404723 52.04706594040422 2.2450000000000108
vertex 126.87078893801659 51.88649129012897 1.0943178675026444e-14
vertex 125.61276578404723 52.04706594040422 1.0943178675026444e-14
endloop
endfacet
facet normal 0.13951551644482357 0.9902198850109678 -3.245483074373794e-18
outer loop
vertex 126.87078893801659 51.88649129012897 1.0943178675026444e-14
vertex 125.61276578404723 52.04706594040422 2.2450000000000108
vertex 126.87078893801659 51.88649129012897 2.2450000000000108
endloop
endfacet
facet normal 0.34126516577385435 0.9399670667791207 -3.080208622281141e-18
outer loop
vertex 136.6983030807111 49.4386045972589 2.2450000000000108
vertex 137.8846620532779 48.99032024280955 1.0943178675026444e-14
vertex 136.6983030807111 49.4386045972589 1.0943178675026444e-14
endloop
endfacet
facet normal 0.3656200029400287 0.9307642093732084 -3.049976023966658e-18
outer loop
vertex 137.8846620532779 48.99032024280955 1.0943178675026444e-14
vertex 136.6983030807111 49.4386045972589 2.2450000000000108
vertex 137.8846620532779 48.99032024280955 2.2450000000000108
endloop
endfacet
facet normal -0.016244962434655973 0.9998680418912771 -3.2775333347446096e-18
outer loop
vertex 119.28347310300985 52.356466819244204 2.2450000000000108
vertex 120.55169615895807 52.3605600569884 1.0943178675026444e-14
vertex 119.28347310300985 52.356466819244204 1.0943178675026444e-14
endloop
endfacet
facet normal 0.009790467593077236 0.9999520722236187 -3.2777378479196994e-18
outer loop
vertex 120.55169615895807 52.3605600569884 1.0943178675026444e-14
vertex 119.28347310300985 52.356466819244204 2.2450000000000108
vertex 120.55169615895807 52.3605600569884 2.2450000000000108
endloop
endfacet
facet normal -0.042269380803548674 0.9991062503290052 -3.2751071433769745e-18
outer loop
vertex 118.01578644072042 52.31935886204618 2.2450000000000108
vertex 119.28347310300985 52.356466819244204 1.0943178675026444e-14
vertex 118.01578644072042 52.31935886204618 1.0943178675026444e-14
endloop
endfacet
facet normal -0.016244962434655973 0.9998680418912771 -3.2775333347446096e-18
outer loop
vertex 119.28347310300985 52.356466819244204 1.0943178675026444e-14
vertex 118.01578644072042 52.31935886204618 2.2450000000000108
vertex 119.28347310300985 52.356466819244204 2.2450000000000108
endloop
endfacet
facet normal 0.24169992249429295 0.9703510434199846 -3.1800761747506528e-18
outer loop
vertex 131.84833759276432 50.91865158193799 2.2450000000000108
vertex 133.07487093677355 50.59612649722739 1.0943178675026444e-14
vertex 131.84833759276432 50.91865158193799 1.0943178675026444e-14
endloop
endfacet
facet normal 0.2668795018315193 0.9637299058876196 -3.158304004887856e-18
outer loop
vertex 133.07487093677355 50.59612649722739 1.0943178675026444e-14
vertex 131.84833759276432 50.91865158193799 2.2450000000000108
vertex 133.07487093677355 50.59612649722739 2.2450000000000108
endloop
endfacet
facet normal 0.3656200029400287 0.9307642093732084 -3.049976023966658e-18
outer loop
vertex 137.8846620532779 48.99032024280955 2.2450000000000108
vertex 139.05894859096531 48.51130291364481 1.0943178675026444e-14
vertex 137.8846620532779 48.99032024280955 1.0943178675026444e-14
endloop
endfacet
facet normal 0.38972700433938406 0.9209304328170775 -3.01767599733698e-18
outer loop
vertex 139.05894859096531 48.51130291364481 1.0943178675026444e-14
vertex 137.8846620532779 48.99032024280955 2.2450000000000108
vertex 139.05894859096531 48.51130291364481 2.2450000000000108
endloop
endfacet
facet normal -0.12010026831576996 0.9927617667650583 -3.2545224681949314e-18
outer loop
vertex 114.22453252623349 52.0103099880573 2.2450000000000108
vertex 115.48545856009773 52.14622176590378 1.0943178675026444e-14
vertex 114.22453252623349 52.0103099880573 1.0943178675026444e-14
endloop
endfacet
facet normal -0.09421463930843625 0.9955519081092565 -3.263597809297188e-18
outer loop
vertex 115.48545856009773 52.14622176590378 1.0943178675026444e-14
vertex 114.22453252623349 52.0103099880573 2.2450000000000108
vertex 115.48545856009773 52.14622176590378 2.2450000000000108
endloop
endfacet
facet normal 0.035819261145690624 0.9993582843660109 -3.275720544272845e-18
outer loop
vertex 121.81959594270698 52.33163580067458 2.2450000000000108
vertex 123.08631300752896 52.26971365662976 1.0943178675026444e-14
vertex 121.81959594270698 52.33163580067458 1.0943178675026444e-14
endloop
endfacet
facet normal 0.06182377458787601 0.9980870808179552 -3.271482791234687e-18
outer loop
vertex 123.08631300752896 52.26971365662976 1.0943178675026444e-14
vertex 121.81959594270698 52.33163580067458 2.2450000000000108
vertex 123.08631300752896 52.26971365662976 2.2450000000000108
endloop
endfacet
facet normal -0.06826514684400822 0.9976672139177303 -3.2704609184122552e-18
outer loop
vertex 116.74949547435317 52.24926133904819 2.2450000000000108
vertex 118.01578644072042 52.31935886204618 1.0943178675026444e-14
vertex 116.74949547435317 52.24926133904819 1.0943178675026444e-14
endloop
endfacet
facet normal -0.042269380803548674 0.9991062503290052 -3.2751071433769745e-18
outer loop
vertex 118.01578644072042 52.31935886204618 1.0943178675026444e-14
vertex 116.74949547435317 52.24926133904819 2.2450000000000108
vertex 118.01578644072042 52.31935886204618 2.2450000000000108
endloop
endfacet
facet normal 0.06182377458787601 0.9980870808179552 -3.271482791234687e-18
outer loop
vertex 123.08631300752896 52.26971365662976 2.2450000000000108
vertex 124.35098870840265 52.174835598820955 1.0943178675026444e-14
vertex 123.08631300752896 52.26971365662976 1.0943178675026444e-14
endloop
endfacet
facet normal 0.0877863807425697 0.9961393232656368 -3.265027461368992e-18
outer loop
vertex 124.35098870840265 52.174835598820955 1.0943178675026444e-14
vertex 123.08631300752896 52.26971365662976 2.2450000000000108
vertex 124.35098870840265 52.174835598820955 2.2450000000000108
endloop
endfacet
facet normal -0.19260926935439163 0.9812755318251686 -3.217069035888759e-18
outer loop
vertex 109.96234940160872 51.31555958692217 2.2450000000000108
vertex 110.83802250640265 51.48259018568709 1.0943178675026444e-14
vertex 109.96234940160872 51.31555958692217 1.0943178675026444e-14
endloop
endfacet
facet normal -0.182119920598715 0.983276326635152 -3.2235989069822368e-18
outer loop
vertex 110.83802250640265 51.48259018568709 1.0943178675026444e-14
vertex 109.96234940160872 51.31555958692217 2.2450000000000108
vertex 110.83802250640265 51.48259018568709 2.2450000000000108
endloop
endfacet
facet normal -0.20307665494871852 0.979162842541954 -3.210172323644714e-18
outer loop
vertex 109.08850982814747 51.13918779995939 2.2450000000000108
vertex 109.96234940160872 51.31555958692217 1.0943178675026444e-14
vertex 109.08850982814747 51.13918779995939 1.0943178675026444e-14
endloop
endfacet
facet normal -0.19260926935439163 0.9812755318251686 -3.217069035888759e-18
outer loop
vertex 109.96234940160872 51.31555958692217 1.0943178675026444e-14
vertex 109.08850982814747 51.13918779995939 2.2450000000000108
vertex 109.96234940160872 51.31555958692217 2.2450000000000108
endloop
endfacet
facet normal -0.24470273429718453 0.9695981496617461 -3.178933417295984e-18
outer loop
vertex 105.61347634488716 50.34070693084878 2.2450000000000108
vertex 106.47898761814817 50.55423173793572 1.0943178675026444e-14
vertex 105.61347634488716 50.34070693084878 1.0943178675026444e-14
endloop
endfacet
facet normal -0.2343351101832741 0.9721558805744029 -3.1872892129141576e-18
outer loop
vertex 106.47898761814817 50.55423173793572 1.0943178675026444e-14
vertex 105.61347634488716 50.34070693084878 2.2450000000000108
vertex 106.47898761814817 50.55423173793572 2.2450000000000108
endloop
endfacet
facet normal -0.2653530934133186 0.9641513033834384 -3.161135342520713e-18
outer loop
vertex 103.88954052164821 49.88599263895474 2.2450000000000108
vertex 104.75029450328898 50.11795209763904 1.0943178675026444e-14
vertex 103.88954052164821 49.88599263895474 1.0943178675026444e-14
endloop
endfacet
facet normal -0.2550424550520084 0.9669298558432481 -3.1702151291171417e-18
outer loop
vertex 104.75029450328898 50.11795209763904 1.0943178675026444e-14
vertex 103.88954052164821 49.88599263895474 2.2450000000000108
vertex 104.75029450328898 50.11795209763904 2.2450000000000108
endloop
endfacet
facet normal 0.16524698136274543 0.986252216803846 -3.232407265420248e-18
outer loop
vertex 128.12420541846316 51.69322049363089 2.2450000000000108
vertex 129.372165596176 51.46738455965023 1.0943178675026444e-14
vertex 128.12420541846316 51.69322049363089 1.0943178675026444e-14
endloop
endfacet
facet normal 0.1908664335023805 0.981616016863051 -3.217140367010809e-18
outer loop
vertex 129.372165596176 51.46738455965023 1.0943178675026444e-14
vertex 128.12420541846316 51.69322049363089 2.2450000000000108
vertex 129.372165596176 51.46738455965023 2.2450000000000108
endloop
endfacet
facet normal -0.22394076492649254 0.9746027569241418 -3.1952815631634864e-18
outer loop
vertex 107.34672962915259 50.75850217074784 2.2450000000000108
vertex 108.21660342961113 50.953494936405896 1.0943178675026444e-14
vertex 107.34672962915259 50.75850217074784 1.0943178675026444e-14
endloop
endfacet
facet normal -0.21352088378995646 0.9769384996946102 -3.202909556679399e-18
outer loop
vertex 108.21660342961113 50.953494936405896 1.0943178675026444e-14
vertex 107.34672962915259 50.75850217074784 2.2450000000000108
vertex 108.21660342961113 50.953494936405896 2.2450000000000108
endloop
endfacet
facet normal 0.2668795018315193 0.9637299058876196 -3.158304004887856e-18
outer loop
vertex 133.07487093677355 50.59612649722739 2.2450000000000108
vertex 134.2925921660719 50.241779940943374 1.0943178675026444e-14
vertex 133.07487093677355 50.59612649722739 1.0943178675026444e-14
endloop
endfacet
facet normal 0.2918781767175769 0.9564555033852977 -3.1343909765145333e-18
outer loop
vertex 134.2925921660719 50.241779940943374 1.0943178675026444e-14
vertex 133.07487093677355 50.59612649722739 2.2450000000000108
vertex 134.2925921660719 50.241779940943374 2.2450000000000108
endloop
endfacet
facet normal -0.2550424550520084 0.9669298558432481 -3.1702151291171417e-18
outer loop
vertex 104.75029450328898 50.11795209763904 2.2450000000000108
vertex 105.61347634488716 50.34070693084878 1.0943178675026444e-14
vertex 104.75029450328898 50.11795209763904 1.0943178675026444e-14
endloop
endfacet
facet normal -0.24470273429718453 0.9695981496617461 -3.178933417295984e-18
outer loop
vertex 105.61347634488716 50.34070693084878 1.0943178675026444e-14
vertex 104.75029450328898 50.11795209763904 2.2450000000000108
vertex 105.61347634488716 50.34070693084878 2.2450000000000108
endloop
endfacet
facet normal 0.2918781767175769 0.9564555033852977 -3.1343909765145333e-18
outer loop
vertex 134.2925921660719 50.241779940943374 2.2450000000000108
vertex 135.50067584749837 49.85585210713935 1.0943178675026444e-14
vertex 134.2925921660719 50.241779940943374 1.0943178675026444e-14
endloop
endfacet
facet normal 0.31667900178372455 0.94853276687169 -3.1083532990931896e-18
outer loop
vertex 135.50067584749837 49.85585210713935 1.0943178675026444e-14
vertex 134.2925921660719 50.241779940943374 2.2450000000000108
vertex 135.50067584749837 49.85585210713935 2.2450000000000108
endloop
endfacet
facet normal 0.1908664335023805 0.981616016863051 -3.217140367010809e-18
outer loop
vertex 129.372165596176 51.46738455965023 2.2450000000000108
vertex 130.61382354050286 51.20913657122795 1.0943178675026444e-14
vertex 129.372165596176 51.46738455965023 1.0943178675026444e-14
endloop
endfacet
facet normal 0.21635650670071588 0.9763144278398548 -3.1996927278229118e-18
outer loop
vertex 130.61382354050286 51.20913657122795 1.0943178675026444e-14
vertex 129.372165596176 51.46738455965023 2.2450000000000108
vertex 130.61382354050286 51.20913657122795 2.2450000000000108
endloop
endfacet
facet normal 0.13951551644482357 0.9902198850109678 -3.245483074373794e-18
outer loop
vertex 126.87078893801659 51.88649129012897 2.2450000000000108
vertex 128.12420541846316 51.69322049363089 1.0943178675026444e-14
vertex 126.87078893801659 51.88649129012897 1.0943178675026444e-14
endloop
endfacet
facet normal 0.16524698136274543 0.986252216803846 -3.232407265420248e-18
outer loop
vertex 128.12420541846316 51.69322049363089 1.0943178675026444e-14
vertex 126.87078893801659 51.88649129012897 2.2450000000000108
vertex 128.12420541846316 51.69322049363089 2.2450000000000108
endloop
endfacet
facet normal 0.009790467593077236 0.9999520722236187 -3.2777378479196994e-18
outer loop
vertex 120.55169615895807 52.3605600569884 2.2450000000000108
vertex 121.81959594270698 52.33163580067458 1.0943178675026444e-14
vertex 120.55169615895807 52.3605600569884 1.0943178675026444e-14
endloop
endfacet
facet normal 0.035819261145690624 0.9993582843660109 -3.275720544272845e-18
outer loop
vertex 121.81959594270698 52.33163580067458 1.0943178675026444e-14
vertex 120.55169615895807 52.3605600569884 2.2450000000000108
vertex 121.81959594270698 52.33163580067458 2.2450000000000108
endloop
endfacet
facet normal -0.182119920598715 0.983276326635152 -3.2235989069822368e-18
outer loop
vertex 110.83802250640265 51.48259018568709 2.2450000000000108
vertex 111.71542928986068 51.64026054981855 1.0943178675026444e-14
vertex 110.83802250640265 51.48259018568709 1.0943178675026444e-14
endloop
endfacet
facet normal -0.16782606108800743 0.9858166225113496 -3.2318868551696286e-18
outer loop
vertex 111.71542928986068 51.64026054981855 1.0943178675026444e-14
vertex 110.83802250640265 51.48259018568709 2.2450000000000108
vertex 111.71542928986068 51.64026054981855 2.2450000000000108
endloop
endfacet
facet normal 0.38972700433938406 0.9209304328170775 -3.01767599733698e-18
outer loop
vertex 139.05894859096531 48.51130291364481 2.2450000000000108
vertex 140.22036670284766 48.00187731198593 1.0943178675026444e-14
vertex 139.05894859096531 48.51130291364481 1.0943178675026444e-14
endloop
endfacet
facet normal 0.41356982902465156 0.9104724029428461 -2.983330436987098e-18
outer loop
vertex 140.22036670284766 48.00187731198593 1.0943178675026444e-14
vertex 139.05894859096531 48.51130291364481 2.2450000000000108
vertex 140.22036670284766 48.00187731198593 2.2450000000000108
endloop
endfacet
facet normal 0.21635650670071588 0.9763144278398548 -3.1996927278229118e-18
outer loop
vertex 130.61382354050286 51.20913657122795 2.2450000000000108
vertex 131.84833759276432 50.91865158193799 1.0943178675026444e-14
vertex 130.61382354050286 51.20913657122795 1.0943178675026444e-14
endloop
endfacet
facet normal 0.24169992249429295 0.9703510434199846 -3.1800761747506528e-18
outer loop
vertex 131.84833759276432 50.91865158193799 1.0943178675026444e-14
vertex 130.61382354050286 51.20913657122795 2.2450000000000108
vertex 131.84833759276432 50.91865158193799 2.2450000000000108
endloop
endfacet
facet normal 0.0877863807425697 0.9961393232656368 -3.265027461368992e-18
outer loop
vertex 124.35098870840265 52.174835598820955 2.2450000000000108
vertex 125.61276578404723 52.04706594040422 1.0943178675026444e-14
vertex 124.35098870840265 52.174835598820955 1.0943178675026444e-14
endloop
endfacet
facet normal 0.11368948083952092 0.993516331997839 -3.2563589304255064e-18
outer loop
vertex 125.61276578404723 52.04706594040422 1.0943178675026444e-14
vertex 124.35098870840265 52.174835598820955 2.2450000000000108
vertex 125.61276578404723 52.04706594040422 2.2450000000000108
endloop
endfacet
facet normal -0.09421463930843625 0.9955519081092565 -3.263597809297188e-18
outer loop
vertex 115.48545856009773 52.14622176590378 2.2450000000000108
vertex 116.74949547435317 52.24926133904819 1.0943178675026444e-14
vertex 115.48545856009773 52.14622176590378 1.0943178675026444e-14
endloop
endfacet
facet normal -0.06826514684400822 0.9976672139177303 -3.2704609184122552e-18
outer loop
vertex 116.74949547435317 52.24926133904819 1.0943178675026444e-14
vertex 115.48545856009773 52.14622176590378 2.2450000000000108
vertex 116.74949547435317 52.24926133904819 2.2450000000000108
endloop
endfacet
facet normal -0.14590448727483532 0.9892986811843365 -3.2432410468316026e-18
outer loop
vertex 112.96757209232702 51.84161813339959 2.2450000000000108
vertex 114.22453252623349 52.0103099880573 1.0943178675026444e-14
vertex 112.96757209232702 51.84161813339959 1.0943178675026444e-14
endloop
endfacet
facet normal -0.12010026831576996 0.9927617667650583 -3.2545224681949314e-18
outer loop
vertex 114.22453252623349 52.0103099880573 1.0943178675026444e-14
vertex 112.96757209232702 51.84161813339959 2.2450000000000108
vertex 114.22453252623349 52.0103099880573 2.2450000000000108
endloop
endfacet
facet normal -0.21352088378995646 0.9769384996946102 -3.202909556679399e-18
outer loop
vertex 108.21660342961113 50.953494936405896 2.2450000000000108
vertex 109.08850982814747 51.13918779995939 1.0943178675026444e-14
vertex 108.21660342961113 50.953494936405896 1.0943178675026444e-14
endloop
endfacet
facet normal -0.20307665494871852 0.979162842541954 -3.210172323644714e-18
outer loop
vertex 109.08850982814747 51.13918779995939 1.0943178675026444e-14
vertex 108.21660342961113 50.953494936405896 2.2450000000000108
vertex 109.08850982814747 51.13918779995939 2.2450000000000108
endloop
endfacet
facet normal -0.2343351101832741 0.9721558805744029 -3.1872892129141576e-18
outer loop
vertex 106.47898761814817 50.55423173793572 2.2450000000000108
vertex 107.34672962915259 50.75850217074784 1.0943178675026444e-14
vertex 106.47898761814817 50.55423173793572 1.0943178675026444e-14
endloop
endfacet
facet normal -0.22394076492649254 0.9746027569241418 -3.1952815631634864e-18
outer loop
vertex 107.34672962915259 50.75850217074784 1.0943178675026444e-14
vertex 106.47898761814817 50.55423173793572 2.2450000000000108
vertex 107.34672962915259 50.75850217074784 2.2450000000000108
endloop
endfacet
facet normal -0.4270874136578033 0.904210341179025 -2.9650941998937673e-18
outer loop
vertex 77.37847864836387 37.847467146402295 2.2450000000000103
vertex 77.66622062062734 37.98759032569463 1.0845632250710486e-14
vertex 77.37847864836387 37.847467146402295 1.0806877191512711e-14
endloop
endfacet
facet normal -0.44849237663431624 0.8937866569270895 -2.930984496165686e-18
outer loop
vertex 77.66622062062734 37.98759032569463 1.0845632250710486e-14
vertex 77.37847864836387 37.847467146402295 2.2450000000000103
vertex 77.66622062062734 37.98759032569463 2.2450000000000103
endloop
endfacet
facet normal -0.49052766287586475 0.8714256204367314 -2.8578012932332527e-18
outer loop
vertex 78.2312912624733 38.28818457333078 2.2450000000000108
vertex 78.50829963553126 38.44848525714972 1.094317299763929e-14
vertex 78.2312912624733 38.28818457333078 1.091379947323832e-14
endloop
endfacet
facet normal -0.4926425088336883 0.8702317843483135 -2.8538937538491785e-18
outer loop
vertex 78.50829963553126 38.44848525714972 1.094317299763929e-14
vertex 78.2312912624733 38.28818457333078 2.2450000000000108
vertex 78.50829963553126 38.44848525714972 2.2450000000000108
endloop
endfacet
facet normal -0.32654060209765035 0.94518317546479 -3.099126006827896e-18
outer loop
vertex 98.78147738518308 48.30249304774133 2.2450000000000108
vertex 99.62561349794558 48.58908828586227 1.0943178675026444e-14
vertex 98.78147738518308 48.30249304774133 1.0943178675026444e-14
endloop
endfacet
facet normal -0.3164290227474425 0.9486161887523841 -3.1103516070463816e-18
outer loop
vertex 99.62561349794558 48.58908828586227 1.0943178675026444e-14
vertex 98.78147738518308 48.30249304774133 2.2450000000000108
vertex 99.62561349794558 48.58908828586227 2.2450000000000108
endloop
endfacet
facet normal -0.3863880857554557 0.922336298313275 -3.024398784344904e-18
outer loop
vertex 93.78528238304229 46.39518723532687 2.2450000000000108
vertex 94.60933654463565 46.73524215169175 1.0943178675026444e-14
vertex 93.78528238304229 46.39518723532687 1.0943178675026444e-14
endloop
endfacet
facet normal -0.37651706031539933 0.9264096843683415 -3.0377241316777842e-18
outer loop
vertex 94.60933654463565 46.73524215169175 1.0943178675026444e-14
vertex 93.78528238304229 46.39518723532687 2.2450000000000108
vertex 94.60933654463565 46.73524215169175 2.2450000000000108
endloop
endfacet
facet normal -0.46964312263534075 0.8828563514872203 -2.8952134352940923e-18
outer loop
vertex 77.95054521281942 38.134523896575544 2.2450000000000103
vertex 78.2312912624733 38.28818457333078 1.091379947323832e-14
vertex 77.95054521281942 38.134523896575544 1.08812797465905e-14
endloop
endfacet
facet normal -0.49052766287586463 0.8714256204367313 -2.8578012932332516e-18
outer loop
vertex 78.2312912624733 38.28818457333078 1.091379947323832e-14
vertex 77.95054521281942 38.134523896575544 2.2450000000000103
vertex 78.2312912624733 38.28818457333078 2.2450000000000108
endloop
endfacet
facet normal -0.2960987743399075 0.9551573251744473 -3.1317375512664704e-18
outer loop
vertex 101.32282579958246 49.135156242321536 2.2450000000000108
vertex 102.1757084559877 49.39456669273969 1.0943178675026444e-14
vertex 101.32282579958246 49.135156242321536 1.0943178675026444e-14
endloop
endfacet
facet normal -0.28588242353305615 0.9582647024256223 -3.1418954566370033e-18
outer loop
vertex 102.1757084559877 49.39456669273969 1.0943178675026444e-14
vertex 101.32282579958246 49.135156242321536 2.2450000000000108
vertex 102.1757084559877 49.39456669273969 2.2450000000000108
endloop
endfacet
facet normal -0.4054403665875204 0.9141214958315866 -2.997523212223875e-18
outer loop
vertex 77.08748239555483 37.71423378410849 2.2450000000000103
vertex 77.37847864836387 37.847467146402295 1.0806877191512711e-14
vertex 77.08748239555483 37.71423378410849 1.0765036536358153e-14
endloop
endfacet
facet normal -0.42708741365780317 0.9042103411790249 -2.9650941998937665e-18
outer loop
vertex 77.37847864836387 37.847467146402295 1.0806877191512711e-14
vertex 77.08748239555483 37.71423378410849 2.2450000000000103
vertex 77.37847864836387 37.847467146402295 2.2450000000000103
endloop
endfacet
facet normal -0.28588242353305615 0.9582647024256223 -3.1418954566370033e-18
outer loop
vertex 102.1757084559877 49.39456669273969 2.2450000000000108
vertex 103.03131255141228 49.644855005044285 1.0943178675026444e-14
vertex 102.1757084559877 49.39456669273969 1.0943178675026444e-14
endloop
endfacet
facet normal -0.27563347366294083 0.9612628091195982 -3.151695092871316e-18
outer loop
vertex 103.03131255141228 49.644855005044285 1.0943178675026444e-14
vertex 102.1757084559877 49.39456669273969 2.2450000000000108
vertex 103.03131255141228 49.644855005044285 2.2450000000000108
endloop
endfacet
facet normal -0.2940077345360269 0.9558030403974416 -3.1338484582709087e-18
outer loop
vertex 75.58951926633941 37.15391840988735 2.2450000000000103
vertex 75.89427916043259 37.251649443491466 1.0567318229030586e-14
vertex 75.58951926633941 37.15391840988735 1.0510439828220245e-14
endloop
endfacet
facet normal -0.3166786511160458 0.948532883946214 -3.1100792205154337e-18
outer loop
vertex 75.89427916043259 37.251649443491466 1.0567318229030586e-14
vertex 75.58951926633941 37.15391840988735 2.2450000000000103
vertex 75.89427916043259 37.251649443491466 2.2450000000000103
endloop
endfacet
facet normal -0.271170166835432 0.9625314231849493 -3.1558413503892386e-18
outer loop
vertex 75.2825191197354 37.06347031448361 2.2450000000000103
vertex 75.58951926633941 37.15391840988735 1.0510439828220245e-14
vertex 75.2825191197354 37.06347031448361 1.0450643859749333e-14
endloop
endfacet
facet normal -0.2940077345360269 0.9558030403974416 -3.1338484582709087e-18
outer loop
vertex 75.58951926633941 37.15391840988735 1.0510439828220245e-14
vertex 75.2825191197354 37.06347031448361 2.2450000000000103
vertex 75.58951926633941 37.15391840988735 2.2450000000000103
endloop
endfacet
facet normal -0.24817889293329778 0.9687142184888187 -3.176045430735146e-18
outer loop
vertex 74.97345273617314 36.98035642557922 2.2450000000000103
vertex 75.2825191197354 37.06347031448361 1.0450643859749333e-14
vertex 74.97345273617314 36.98035642557922 1.0387964217505556e-14
endloop
endfacet
facet normal -0.27117016683543194 0.9625314231849493 -3.1558413503892386e-18
outer loop
vertex 75.2825191197354 37.06347031448361 1.0450643859749333e-14
vertex 74.97345273617314 36.98035642557922 2.2450000000000103
vertex 75.2825191197354 37.06347031448361 2.2450000000000103
endloop
endfacet
facet normal -0.3062813611168863 0.9519410316991214 -3.1212225350618114e-18
outer loop
vertex 100.4727618360789 48.86665323426394 2.2450000000000108
vertex 101.32282579958246 49.135156242321536 1.0943178675026444e-14
vertex 100.4727618360789 48.86665323426394 1.0943178675026444e-14
endloop
endfacet
facet normal -0.2960987743399075 0.9551573251744473 -3.1317375512664704e-18
outer loop
vertex 101.32282579958246 49.135156242321536 1.0943178675026444e-14
vertex 100.4727618360789 48.86665323426394 2.2450000000000108
vertex 101.32282579958246 49.135156242321536 2.2450000000000108
endloop
endfacet
facet normal -0.3566473376318546 0.9342390896125627 -3.0633341747980593e-18
outer loop
vertex 96.26810318106834 47.38885752464209 2.2450000000000108
vertex 97.10262650738301 47.70234344971679 1.0943178675026444e-14
vertex 96.26810318106834 47.38885752464209 1.0943178675026444e-14
endloop
endfacet
facet normal -0.346650906124996 0.9379942160177319 -3.0756159502823595e-18
outer loop
vertex 97.10262650738301 47.70234344971679 1.0943178675026444e-14
vertex 96.26810318106834 47.38885752464209 2.2450000000000108
vertex 97.10262650738301 47.70234344971679 2.2450000000000108
endloop
endfacet
facet normal -0.22504694487304075 0.9743479217421827 -3.194449247117981e-18
outer loop
vertex 74.66249530240111 36.90462385425683 2.2450000000000103
vertex 74.97345273617314 36.98035642557922 1.0387964217505556e-14
vertex 74.66249530240111 36.90462385425683 1.0322436429916832e-14
endloop
endfacet
facet normal -0.24817889293329778 0.9687142184888187 -3.176045430735146e-18
outer loop
vertex 74.97345273617314 36.98035642557922 1.0387964217505556e-14
vertex 74.66249530240111 36.90462385425683 2.2450000000000103
vertex 74.97345273617314 36.98035642557922 2.2450000000000103
endloop
endfacet
facet normal -0.20178743443582006 0.9794293396176212 -3.21104236778285e-18
outer loop
vertex 74.3498230770641 36.836315527679254 2.2450000000000094
vertex 74.66249530240111 36.90462385425683 1.0322436429916832e-14
vertex 74.3498230770641 36.836315527679254 1.025409763981286e-14
endloop
endfacet
facet normal -0.22504694487304075 0.9743479217421829 -3.194449247117981e-18
outer loop
vertex 74.66249530240111 36.90462385425683 1.0322436429916832e-14
vertex 74.3498230770641 36.836315527679254 2.2450000000000094
vertex 74.66249530240111 36.90462385425683 2.2450000000000103
endloop
endfacet
facet normal -0.3366149461480454 0.9416423833015105 -3.0875470144571874e-18
outer loop
vertex 97.94044975430933 48.00690020024646 2.2450000000000108
vertex 98.78147738518308 48.30249304774133 1.0943178675026444e-14
vertex 97.94044975430933 48.00690020024646 1.0943178675026444e-14
endloop
endfacet
facet normal -0.32654060209765035 0.94518317546479 -3.099126006827896e-18
outer loop
vertex 98.78147738518308 48.30249304774133 1.0943178675026444e-14
vertex 97.94044975430933 48.00690020024646 2.2450000000000108
vertex 98.78147738518308 48.30249304774133 2.2450000000000108
endloop
endfacet
facet normal -0.17841354570811765 0.9839555918372829 -3.2258153873237994e-18
outer loop
vertex 74.03561329079422 36.775470164756875 2.2450000000000094
vertex 74.3498230770641 36.836315527679254 1.025409763981286e-14
vertex 74.03561329079422 36.775470164756875 1.0182986583371632e-14
endloop
endfacet
facet normal -0.20178743443582003 0.9794293396176212 -3.2110423677828503e-18
outer loop
vertex 74.3498230770641 36.836315527679254 1.025409763981286e-14
vertex 74.03561329079422 36.775470164756875 2.2450000000000094
vertex 74.3498230770641 36.836315527679254 2.2450000000000094
endloop
endfacet
facet normal -0.4059968370136053 0.913874481717784 -2.996715035382507e-18
outer loop
vertex 92.14830219528938 45.688776820055686 2.2450000000000108
vertex 92.96490641754112 46.046352198939566 1.0943178675026444e-14
vertex 92.14830219528938 45.688776820055686 1.0943178675026444e-14
endloop
endfacet
facet normal -0.39621505150987835 0.918157738603245 -3.0107285659765906e-18
outer loop
vertex 92.96490641754112 46.046352198939566 1.0943178675026444e-14
vertex 92.14830219528938 45.688776820055686 2.2450000000000108
vertex 92.96490641754112 46.046352198939566 2.2450000000000108
endloop
endfacet
facet normal -0.3164290227474425 0.9486161887523841 -3.1103516070463816e-18
outer loop
vertex 99.62561349794558 48.58908828586227 2.2450000000000108
vertex 100.4727618360789 48.86665323426394 1.0943178675026444e-14
vertex 99.62561349794558 48.58908828586227 1.0943178675026444e-14
endloop
endfacet
facet normal -0.3062813611168863 0.9519410316991214 -3.1212225350618114e-18
outer loop
vertex 100.4727618360789 48.86665323426394 1.0943178675026444e-14
vertex 99.62561349794558 48.58908828586227 2.2450000000000108
vertex 100.4727618360789 48.86665323426394 2.2450000000000108
endloop
endfacet
facet normal -0.346650906124996 0.9379942160177319 -3.0756159502823595e-18
outer loop
vertex 97.10262650738301 47.70234344971679 2.2450000000000108
vertex 97.94044975430933 48.00690020024646 1.0943178675026444e-14
vertex 97.10262650738301 47.70234344971679 1.0943178675026444e-14
endloop
endfacet
facet normal -0.3366149461480454 0.9416423833015105 -3.0875470144571874e-18
outer loop
vertex 97.94044975430933 48.00690020024646 1.0943178675026444e-14
vertex 97.10262650738301 47.70234344971679 2.2450000000000108
vertex 97.94044975430933 48.00690020024646 2.2450000000000108
endloop
endfacet
facet normal -0.47631827526340315 0.879272938654487 -2.8834854748552153e-18
outer loop
vertex 81.74444821599367 40.2402073608895 2.2450000000000108
vertex 91.33556283335395 45.322501872858695 1.0943178675026444e-14
vertex 81.74444821599367 40.2402073608895 1.0943178675026444e-14
endloop
endfacet
facet normal -0.4397704318058859 0.8981102200227234 -2.945133034817887e-18
outer loop
vertex 91.33556283335395 45.322501872858695 1.0943178675026444e-14
vertex 81.74444821599367 40.2402073608895 2.2450000000000108
vertex 91.33556283335395 45.322501872858695 2.2450000000000108
endloop
endfacet
facet normal -0.27563347366294083 0.9612628091195982 -3.151695092871316e-18
outer loop
vertex 103.03131255141228 49.644855005044285 2.2450000000000108
vertex 103.88954052164821 49.88599263895474 1.0943178675026444e-14
vertex 103.03131255141228 49.644855005044285 1.0943178675026444e-14
endloop
endfacet
facet normal -0.2653530934133186 0.9641513033834384 -3.161135342520713e-18
outer loop
vertex 103.88954052164821 49.88599263895474 1.0943178675026444e-14
vertex 103.03131255141228 49.644855005044285 2.2450000000000108
vertex 103.88954052164821 49.88599263895474 2.2450000000000108
endloop
endfacet
facet normal -0.44849237663431624 0.8937866569270895 -2.930984496165686e-18
outer loop
vertex 77.66622062062734 37.98759032569463 2.2450000000000103
vertex 77.95054521281942 38.134523896575544 1.08812797465905e-14
vertex 77.66622062062734 37.98759032569463 1.0845632250710486e-14
endloop
endfacet
facet normal -0.4696431226353408 0.8828563514872203 -2.895213435294092e-18
outer loop
vertex 77.95054521281942 38.134523896575544 1.08812797465905e-14
vertex 77.66622062062734 37.98759032569463 2.2450000000000103
vertex 77.95054521281942 38.134523896575544 2.2450000000000103
endloop
endfacet
facet normal -0.3391700661190135 0.9407250747422566 -3.0845471101359095e-18
outer loop
vertex 76.19662605629517 37.35660801884085 2.2450000000000103
vertex 76.49638857595608 37.46873464272455 1.0672195039153957e-14
vertex 76.19662605629517 37.35660801884085 1.0621246822044787e-14
endloop
endfacet
facet normal -0.36146923083466037 0.9323840384518599 -3.0572665993866257e-18
outer loop
vertex 76.49638857595608 37.46873464272455 1.0672195039153957e-14
vertex 76.19662605629517 37.35660801884085 2.2450000000000103
vertex 76.49638857595608 37.46873464272455 2.2450000000000103
endloop
endfacet
facet normal -0.3166786511160458 0.948532883946214 -3.110079220515433e-18
outer loop
vertex 75.89427916043259 37.251649443491466 2.2450000000000103
vertex 76.19662605629517 37.35660801884085 1.0621246822044787e-14
vertex 75.89427916043259 37.251649443491466 1.0567318229030586e-14
endloop
endfacet
facet normal -0.33917006611901346 0.9407250747422565 -3.0845471101359088e-18
outer loop
vertex 76.19662605629517 37.35660801884085 1.0621246822044787e-14
vertex 75.89427916043259 37.251649443491466 2.2450000000000103
vertex 76.19662605629517 37.35660801884085 2.2450000000000103
endloop
endfacet
facet normal -0.3614692308346603 0.9323840384518599 -3.0572665993866253e-18
outer loop
vertex 76.49638857595608 37.46873464272455 2.2450000000000103
vertex 76.79339680633542 37.58796575889809 1.0720134001602664e-14
vertex 76.49638857595608 37.46873464272455 1.0672195039153957e-14
endloop
endfacet
facet normal -0.3835635055246239 0.9235145029882648 -3.0282531515605702e-18
outer loop
vertex 76.79339680633542 37.58796575889809 1.0720134001602664e-14
vertex 76.49638857595608 37.46873464272455 2.2450000000000103
vertex 76.79339680633542 37.58796575889809 2.2450000000000103
endloop
endfacet
facet normal -0.38356350552462404 0.9235145029882649 -3.02825315156057e-18
outer loop
vertex 76.79339680633542 37.58796575889809 2.2450000000000103
vertex 77.08748239555483 37.71423378410849 1.0765036536358153e-14
vertex 76.79339680633542 37.58796575889809 1.0720134001602664e-14
endloop
endfacet
facet normal -0.4054403665875204 0.9141214958315866 -2.9975232122238755e-18
outer loop
vertex 77.08748239555483 37.71423378410849 1.0765036536358153e-14
vertex 76.79339680633542 37.58796575889809 2.2450000000000103
vertex 77.08748239555483 37.71423378410849 2.2450000000000103
endloop
endfacet
facet normal -0.36660310077923763 0.9303774322816778 -3.0507030884906018e-18
outer loop
vertex 95.43697493574074 47.066478171702265 2.2450000000000108
vertex 96.26810318106834 47.38885752464209 1.0943178675026444e-14
vertex 95.43697493574074 47.066478171702265 1.0943178675026444e-14
endloop
endfacet
facet normal -0.3566473376318546 0.9342390896125627 -3.0633341747980593e-18
outer loop
vertex 96.26810318106834 47.38885752464209 1.0943178675026444e-14
vertex 95.43697493574074 47.066478171702265 2.2450000000000108
vertex 96.26810318106834 47.38885752464209 2.2450000000000108
endloop
endfacet
facet normal -0.37651706031539933 0.9264096843683415 -3.0377241316777842e-18
outer loop
vertex 94.60933654463565 46.73524215169175 2.2450000000000108
vertex 95.43697493574074 47.066478171702265 1.0943178675026444e-14
vertex 94.60933654463565 46.73524215169175 1.0943178675026444e-14
endloop
endfacet
facet normal -0.36660310077923763 0.9303774322816778 -3.0507030884906018e-18
outer loop
vertex 95.43697493574074 47.066478171702265 1.0943178675026444e-14
vertex 94.60933654463565 46.73524215169175 2.2450000000000108
vertex 95.43697493574074 47.066478171702265 2.2450000000000108
endloop
endfacet
facet normal -0.39621505150987835 0.918157738603245 -3.0107285659765906e-18
outer loop
vertex 92.96490641754112 46.046352198939566 2.2450000000000108
vertex 93.78528238304229 46.39518723532687 1.0943178675026444e-14
vertex 92.96490641754112 46.046352198939566 1.0943178675026444e-14
endloop
endfacet
facet normal -0.3863880857554557 0.922336298313275 -3.024398784344904e-18
outer loop
vertex 93.78528238304229 46.39518723532687 1.0943178675026444e-14
vertex 92.96490641754112 46.046352198939566 2.2450000000000108
vertex 93.78528238304229 46.39518723532687 2.2450000000000108
endloop
endfacet
facet normal -0.4397704318058859 0.8981102200227234 -2.945133034817887e-18
outer loop
vertex 91.33556283335395 45.322501872858695 2.2450000000000108
vertex 92.14830219528938 45.688776820055686 1.0943178675026444e-14
vertex 91.33556283335395 45.322501872858695 1.0943178675026444e-14
endloop
endfacet
facet normal -0.4059968370136053 0.913874481717784 -2.996715035382507e-18
outer loop
vertex 92.14830219528938 45.688776820055686 1.0943178675026444e-14
vertex 91.33556283335395 45.322501872858695 2.2450000000000108
vertex 92.14830219528938 45.688776820055686 2.2450000000000108
endloop
endfacet
facet normal -0.4926425088336883 0.8702317843483135 -2.853893753849179e-18
outer loop
vertex 78.50829963553126 38.44848525714972 2.2450000000000108
vertex 81.74444821599367 40.2402073608895 1.0943178675026444e-14
vertex 78.50829963553126 38.44848525714972 1.094317299763929e-14
endloop
endfacet
facet normal -0.47631827526340315 0.879272938654487 -2.8834854748552153e-18
outer loop
vertex 81.74444821599367 40.2402073608895 1.0943178675026444e-14
vertex 78.50829963553126 38.44848525714972 2.2450000000000108
vertex 81.74444821599367 40.2402073608895 2.2450000000000108
endloop
endfacet
facet normal 0.8396719718754458 0.5430938957922476 -1.7779315990594556e-18
outer loop
vertex 85.30335854004954 13.767880003198012 1.0943178675026444e-14
vertex 86.15651824715604 12.518666564771971 2.2450000000000108
vertex 86.15651824715604 12.518666564771971 1.0943178675026444e-14
endloop
endfacet
facet normal 0.8113870355474994 0.5845092630108109 -1.9137649871536073e-18
outer loop
vertex 86.15651824715604 12.518666564771971 2.2450000000000108
vertex 85.30335854004954 13.767880003198012 1.0943178675026444e-14
vertex 85.30335854004954 13.767880003198012 2.2450000000000108
endloop
endfacet
facet normal 0.8113870355474994 0.5845092630108109 -1.9137649871536073e-18
outer loop
vertex 86.15651824715604 12.518666564771971 1.0943178675026444e-14
vertex 87.07123642919127 11.313798792761915 2.2450000000000108
vertex 87.07123642919127 11.313798792761915 1.0943178675026444e-14
endloop
endfacet
facet normal 0.7729937013076514 0.6344136960522665 -2.0774524072910323e-18
outer loop
vertex 87.07123642919127 11.313798792761915 2.2450000000000108
vertex 86.15651824715604 12.518666564771971 1.0943178675026444e-14
vertex 86.15651824715604 12.518666564771971 2.2450000000000108
endloop
endfacet
facet normal 0.9850976383088443 0.17199605518248756 -5.611057605569062e-19
outer loop
vertex 80.91687813431301 24.961319554607915 1.0943178675026444e-14
vertex 81.21435232012931 23.478105204169236 2.2450000000000108
vertex 81.21435232012931 23.478105204169236 1.0943178675026444e-14
endloop
endfacet
facet normal 0.9752354304069154 0.22116929099456498 -7.223186424694541e-19
outer loop
vertex 81.21435232012931 23.478105204169236 2.2450000000000108
vertex 80.91687813431301 24.961319554607915 1.0943178675026444e-14
vertex 80.91687813431301 24.961319554607915 2.2450000000000108
endloop
endfacet
facet normal 0.8129857958724799 -0.5822835183221237 1.9108946581972673e-18
outer loop
vertex 82.25703290093587 34.03661888390987 1.0943178675026444e-14
vertex 81.75940153827617 33.26358046676982 2.2450000000000108
vertex 81.75940153827617 33.26358046676982 1.0943178675026444e-14
endloop
endfacet
facet normal 0.8666335802350326 -0.49894512484742176 1.6378640956012654e-18
outer loop
vertex 81.75940153827617 33.26358046676982 2.2450000000000108
vertex 82.25703290093587 34.03661888390987 1.0943178675026444e-14
vertex 82.25703290093587 34.03661888390987 2.2450000000000108
endloop
endfacet
facet normal 0.6066191897178158 -0.7949925525853061 2.607575970338091e-18
outer loop
vertex 84.17126844017612 36.00968613781832 2.2450000000000108
vertex 83.46891875502894 35.41644901216713 1.0943178675026444e-14
vertex 84.17126844017612 36.00968613781832 1.0943178675026444e-14
endloop
endfacet
facet normal 0.682336894193768 -0.7310378668865265 2.398143810550511e-18
outer loop
vertex 83.46891875502894 35.41644901216713 1.0943178675026444e-14
vertex 84.17126844017612 36.00968613781832 2.2450000000000108
vertex 83.46891875502894 35.41644901216713 2.2450000000000108
endloop
endfacet
facet normal -0.13137568638156388 0.9913326530624182 -3.2498686645553863e-18
outer loop
vertex 73.4032942146753 36.676302034975215 2.2450000000000094
vertex 73.72004404575203 36.72212225420113 1.0109143568162757e-14
vertex 73.4032942146753 36.676302034975215 1.0032610450300106e-14
endloop
endfacet
facet normal -0.15493852760925025 0.9879241128053702 -3.2387599320146174e-18
outer loop
vertex 73.72004404575203 36.72212225420113 1.0109143568162757e-14
vertex 73.4032942146753 36.676302034975215 2.2450000000000094
vertex 73.72004404575203 36.72212225420113 2.2450000000000094
endloop
endfacet
facet normal -0.037722697652615676 0.9992882457438442 -3.27569132296959e-18
outer loop
vertex 72.44775935946991 36.584245825679176 2.2450000000000094
vertex 72.7669715295296 36.6073442772019 9.871648930575213e-15
vertex 72.44775935946991 36.584245825679176 9.78731176582835e-15
endloop
endfacet
facet normal -0.0840400008382714 0.9964623817581393 -3.2665545504843503e-18
outer loop
vertex 72.7669715295296 36.6073442772019 9.871648930575213e-15
vertex 72.44775935946991 36.584245825679176 2.2450000000000094
vertex 72.7669715295296 36.6073442772019 2.2450000000000094
endloop
endfacet
facet normal 0.9310609187315914 0.36486376308244883 -1.1934582101968507e-18
outer loop
vertex 82.5467899471938 19.143842885248763 1.0943178675026444e-14
vertex 83.13388337722976 17.74966319633388 2.2450000000000108
vertex 83.13388337722976 17.74966319633388 1.0943178675026444e-14
endloop
endfacet
facet normal 0.9115969190269585 0.411085218927362 -1.3450215481188056e-18
outer loop
vertex 83.13388337722976 17.74966319633388 2.2450000000000108
vertex 82.5467899471938 19.143842885248763 1.0943178675026444e-14
vertex 82.5467899471938 19.143842885248763 2.2450000000000108
endloop
endfacet
facet normal 0.9752354304069154 0.22116929099456498 -7.223186424694541e-19
outer loop
vertex 81.21435232012931 23.478105204169236 1.0943178675026444e-14
vertex 81.58581586387508 22.011670570016665 2.2450000000000108
vertex 81.58581586387508 22.011670570016665 1.0943178675026444e-14
endloop
endfacet
facet normal 0.9629202418255915 0.26978622626543525 -8.817146977786209e-19
outer loop
vertex 81.58581586387508 22.011670570016665 2.2450000000000108
vertex 81.21435232012931 23.478105204169236 1.0943178675026444e-14
vertex 81.21435232012931 23.478105204169236 2.2450000000000108
endloop
endfacet
facet normal 0.9924820594130654 0.1223902028072544 -3.9848154600977474e-19
outer loop
vertex 80.69414153440032 26.457582936380547 1.0943178675026444e-14
vertex 80.91687813431301 24.961319554607915 2.2450000000000108
vertex 80.91687813431301 24.961319554607915 1.0943178675026444e-14
endloop
endfacet
facet normal 0.9850976383088443 0.17199605518248756 -5.611057605569062e-19
outer loop
vertex 80.91687813431301 24.961319554607915 2.2450000000000108
vertex 80.69414153440032 26.457582936380547 1.0943178675026444e-14
vertex 80.69414153440032 26.457582936380547 2.2450000000000108
endloop
endfacet
facet normal 0.8666335802350326 -0.49894512484742176 1.6378640956012654e-18
outer loop
vertex 81.75940153827617 33.26358046676982 1.0943178675026444e-14
vertex 81.34073834726682 32.44507787057918 2.2450000000000108
vertex 81.34073834726682 32.44507787057918 1.0943178675026444e-14
endloop
endfacet
facet normal 0.911768100036387 -0.4107054075076649 1.3487441837367582e-18
outer loop
vertex 81.34073834726682 32.44507787057918 2.2450000000000108
vertex 81.75940153827617 33.26358046676982 1.0943178675026444e-14
vertex 81.75940153827617 33.26358046676982 2.2450000000000108
endloop
endfacet
facet normal 0.5249424389186259 -0.8511377302306395 2.791392939802058e-18
outer loop
vertex 84.92889362974923 36.530483065229745 2.2450000000000108
vertex 84.17126844017612 36.00968613781832 1.0943178675026444e-14
vertex 84.92889362974923 36.530483065229745 1.0943178675026444e-14
endloop
endfacet
facet normal 0.6066191897178158 -0.7949925525853061 2.607575970338091e-18
outer loop
vertex 84.17126844017612 36.00968613781832 1.0943178675026444e-14
vertex 84.92889362974923 36.530483065229745 2.2450000000000108
vertex 84.17126844017612 36.00968613781832 2.2450000000000108
endloop
endfacet
facet normal 0.911768100036387 -0.4107054075076649 1.3487441837367582e-18
outer loop
vertex 81.34073834726682 32.44507787057918 1.0943178675026444e-14
vertex 81.00515601242438 31.58915155130928 2.2450000000000108
vertex 81.00515601242438 31.58915155130928 1.0943178675026444e-14
endloop
endfacet
facet normal 0.9479459820719308 -0.31843117792339815 1.0463750552207874e-18
outer loop
vertex 81.00515601242438 31.58915155130928 2.2450000000000108
vertex 81.34073834726682 32.44507787057918 1.0943178675026444e-14
vertex 81.34073834726682 32.44507787057918 2.2450000000000108
endloop
endfacet
facet normal 0.3850181469268943 -0.9229090023057424 3.0262723308460138e-18
outer loop
vertex 88.65811370916401 38.29471782904502 2.2450000000000108
vertex 85.73435188922491 36.97372381213768 1.0943178675026444e-14
vertex 88.65811370916401 38.29471782904502 1.0943178675026444e-14
endloop
endfacet
facet normal 0.44727450876378977 -0.8943967317751731 2.9329809557090167e-18
outer loop
vertex 85.73435188922491 36.97372381213768 1.0943178675026444e-14
vertex 88.65811370916401 38.29471782904502 2.2450000000000108
vertex 85.73435188922491 36.97372381213768 2.2450000000000108
endloop
endfacet
facet normal 0.33062055175203764 -0.9437637685136986 3.094484417619711e-18
outer loop
vertex 91.65383997339326 39.44320924052588 2.2450000000000108
vertex 88.65811370916401 38.29471782904502 1.0943178675026444e-14
vertex 91.65383997339326 39.44320924052588 1.0943178675026444e-14
endloop
endfacet
facet normal 0.3850181469268943 -0.9229090023057424 3.0262723308460138e-18
outer loop
vertex 88.65811370916401 38.29471782904502 1.0943178675026444e-14
vertex 91.65383997339326 39.44320924052588 2.2450000000000108
vertex 88.65811370916401 38.29471782904502 2.2450000000000108
endloop
endfacet
facet normal -0.10773837804704499 0.9941792805604993 -3.2591352882319523e-18
outer loop
vertex 73.08554333948753 36.63803547915385 2.2450000000000094
vertex 73.4032942146753 36.676302034975215 1.0032610450300106e-14
vertex 73.08554333948753 36.63803547915385 9.953430610716679e-15
endloop
endfacet
facet normal -0.13137568638156388 0.9913326530624182 -3.2498686645553867e-18
outer loop
vertex 73.4032942146753 36.676302034975215 1.0032610450300106e-14
vertex 73.08554333948753 36.63803547915385 2.2450000000000094
vertex 73.4032942146753 36.676302034975215 2.2450000000000094
endloop
endfacet
facet normal 0.682336894193768 -0.7310378668865265 2.398143810550511e-18
outer loop
vertex 83.46891875502894 35.41644901216713 1.0943178675026444e-14
vertex 82.8287440169565 34.75659927759807 2.2450000000000108
vertex 82.8287440169565 34.75659927759807 1.0943178675026444e-14
endloop
endfacet
facet normal 0.7513517491234616 -0.659901923841047 2.1651537905780598e-18
outer loop
vertex 82.8287440169565 34.75659927759807 2.2450000000000108
vertex 83.46891875502894 35.41644901216713 1.0943178675026444e-14
vertex 83.46891875502894 35.41644901216713 2.2450000000000108
endloop
endfacet
facet normal 0.44727450876378977 -0.8943967317751731 2.9329809557090167e-18
outer loop
vertex 85.73435188922491 36.97372381213768 2.2450000000000108
vertex 84.92889362974923 36.530483065229745 1.0943178675026444e-14
vertex 85.73435188922491 36.97372381213768 1.0943178675026444e-14
endloop
endfacet
facet normal 0.5249424389186259 -0.8511377302306395 2.791392939802058e-18
outer loop
vertex 84.92889362974923 36.530483065229745 1.0943178675026444e-14
vertex 85.73435188922491 36.97372381213768 2.2450000000000108
vertex 84.92889362974923 36.530483065229745 2.2450000000000108
endloop
endfacet
facet normal 0.8898400066983004 0.4562726843447552 -1.493201793335088e-18
outer loop
vertex 83.79013802580452 16.386671803551735 1.0943178675026444e-14
vertex 84.5139032351144 15.058296998623941 2.2450000000000108
vertex 84.5139032351144 15.058296998623941 1.0943178675026444e-14
endloop
endfacet
facet normal 0.8658449062602527 0.5003125006465203 -1.6376262324810683e-18
outer loop
vertex 84.5139032351144 15.058296998623941 2.2450000000000108
vertex 83.79013802580452 16.386671803551735 1.0943178675026444e-14
vertex 83.79013802580452 16.386671803551735 2.2450000000000108
endloop
endfacet
facet normal 0.8658449062602527 0.5003125006465203 -1.6376262324810683e-18
outer loop
vertex 84.5139032351144 15.058296998623941 1.0943178675026444e-14
vertex 85.30335854004954 13.767880003198012 2.2450000000000108
vertex 85.30335854004954 13.767880003198012 1.0943178675026444e-14
endloop
endfacet
facet normal 0.8396719718754458 0.5430938957922476 -1.7779315990594556e-18
outer loop
vertex 85.30335854004954 13.767880003198012 2.2450000000000108
vertex 84.5139032351144 15.058296998623941 1.0943178675026444e-14
vertex 84.5139032351144 15.058296998623941 2.2450000000000108
endloop
endfacet
facet normal 0.9748118375266654 -0.22302888023277664 7.337269946640966e-19
outer loop
vertex 80.75595108406048 30.704209592107308 1.0943178675026444e-14
vertex 80.59557159503841 29.79894510756268 2.2450000000000108
vertex 80.59557159503841 29.79894510756268 1.0943178675026444e-14
endloop
endfacet
facet normal 0.9921017530923617 -0.12543568675246625 4.138712604567421e-19
outer loop
vertex 80.59557159503841 29.79894510756268 2.2450000000000108
vertex 80.75595108406048 30.704209592107308 1.0943178675026444e-14
vertex 80.75595108406048 30.704209592107308 2.2450000000000108
endloop
endfacet
facet normal -0.08404000083827141 0.9964623817581393 -3.2665545504843503e-18
outer loop
vertex 72.7669715295296 36.6073442772019 2.2450000000000094
vertex 73.08554333948753 36.63803547915385 9.953430610716679e-15
vertex 72.7669715295296 36.6073442772019 9.871648930575213e-15
endloop
endfacet
facet normal -0.10773837804704499 0.9941792805604993 -3.2591352882319523e-18
outer loop
vertex 73.08554333948753 36.63803547915385 9.953430610716679e-15
vertex 72.7669715295296 36.6073442772019 2.2450000000000094
vertex 73.08554333948753 36.63803547915385 2.2450000000000094
endloop
endfacet
facet normal 0.9921017530923617 -0.12543568675246625 4.138712604567421e-19
outer loop
vertex 80.59557159503841 29.79894510756268 1.0943178675026444e-14
vertex 80.52559301283539 28.88225084800281 2.2450000000000108
vertex 80.52559301283539 28.88225084800281 1.0943178675026444e-14
endloop
endfacet
facet normal 0.9996458834863128 -0.02661029178474715 8.994991465244817e-20
outer loop
vertex 80.52559301283539 28.88225084800281 2.2450000000000108
vertex 80.59557159503841 29.79894510756268 1.0943178675026444e-14
vertex 80.59557159503841 29.79894510756268 2.2450000000000108
endloop
endfacet
facet normal -0.15493852760925028 0.9879241128053702 -3.2387599320146174e-18
outer loop
vertex 73.72004404575203 36.72212225420113 2.2450000000000094
vertex 74.03561329079422 36.775470164756875 1.0182986583371632e-14
vertex 73.72004404575203 36.72212225420113 1.0109143568162757e-14
endloop
endfacet
facet normal -0.17841354570811765 0.9839555918372829 -3.2258153873237994e-18
outer loop
vertex 74.03561329079422 36.775470164756875 1.0182986583371632e-14
vertex 73.72004404575203 36.72212225420113 2.2450000000000094
vertex 74.03561329079422 36.775470164756875 2.2450000000000094
endloop
endfacet
facet normal 0.9115969190269585 0.411085218927362 -1.3450215481188056e-18
outer loop
vertex 83.13388337722976 17.74966319633388 1.0943178675026444e-14
vertex 83.79013802580452 16.386671803551735 2.2450000000000108
vertex 83.79013802580452 16.386671803551735 1.0943178675026444e-14
endloop
endfacet
facet normal 0.8898400066983004 0.4562726843447552 -1.493201793335088e-18
outer loop
vertex 83.79013802580452 16.386671803551735 2.2450000000000108
vertex 83.13388337722976 17.74966319633388 1.0943178675026444e-14
vertex 83.13388337722976 17.74966319633388 2.2450000000000108
endloop
endfacet
facet normal 0.9629202418255915 0.26978622626543525 -8.817146977786209e-19
outer loop
vertex 81.58581586387508 22.011670570016665 1.0943178675026444e-14
vertex 82.03033443434401 20.565704131581004 2.2450000000000108
vertex 82.03033443434401 20.565704131581004 1.0943178675026444e-14
endloop
endfacet
facet normal 0.948183048592515 0.3177245762634747 -1.038893002326255e-18
outer loop
vertex 82.03033443434401 20.565704131581004 2.2450000000000108
vertex 81.58581586387508 22.011670570016665 1.0943178675026444e-14
vertex 81.58581586387508 22.011670570016665 2.2450000000000108
endloop
endfacet
facet normal 0.9479459820719308 -0.31843117792339815 1.0463750552207874e-18
outer loop
vertex 81.00515601242438 31.58915155130928 1.0943178675026444e-14
vertex 80.75595108406048 30.704209592107308 2.2450000000000108
vertex 80.75595108406048 30.704209592107308 1.0943178675026444e-14
endloop
endfacet
facet normal 0.9748118375266654 -0.22302888023277664 7.337269946640966e-19
outer loop
vertex 80.75595108406048 30.704209592107308 2.2450000000000108
vertex 81.00515601242438 31.58915155130928 1.0943178675026444e-14
vertex 81.00515601242438 31.58915155130928 2.2450000000000108
endloop
endfacet
facet normal 0.7513517491234616 -0.659901923841047 2.1651537905780598e-18
outer loop
vertex 82.8287440169565 34.75659927759807 1.0943178675026444e-14
vertex 82.25703290093587 34.03661888390987 2.2450000000000108
vertex 82.25703290093587 34.03661888390987 1.0943178675026444e-14
endloop
endfacet
facet normal 0.8129857958724799 -0.5822835183221237 1.9108946581972673e-18
outer loop
vertex 82.25703290093587 34.03661888390987 2.2450000000000108
vertex 82.8287440169565 34.75659927759807 1.0943178675026444e-14
vertex 82.8287440169565 34.75659927759807 2.2450000000000108
endloop
endfacet
facet normal 0.9981830388397024 0.06025463445028626 -1.9479049090950587e-19
outer loop
vertex 80.54670276313756 27.96313184269439 1.0943178675026444e-14
vertex 80.69414153440032 26.457582936380547 2.2450000000000108
vertex 80.69414153440032 26.457582936380547 1.0943178675026444e-14
endloop
endfacet
facet normal 0.9924820594130654 0.1223902028072544 -3.9848154600977474e-19
outer loop
vertex 80.69414153440032 26.457582936380547 2.2450000000000108
vertex 80.54670276313756 27.96313184269439 1.0943178675026444e-14
vertex 80.54670276313756 27.96313184269439 2.2450000000000108
endloop
endfacet
facet normal 0.948183048592515 0.3177245762634747 -1.038893002326255e-18
outer loop
vertex 82.03033443434401 20.565704131581004 1.0943178675026444e-14
vertex 82.5467899471938 19.143842885248763 2.2450000000000108
vertex 82.5467899471938 19.143842885248763 1.0943178675026444e-14
endloop
endfacet
facet normal 0.9310609187315914 0.36486376308244883 -1.1934582101968507e-18
outer loop
vertex 82.5467899471938 19.143842885248763 2.2450000000000108
vertex 82.03033443434401 20.565704131581004 1.0943178675026444e-14
vertex 82.03033443434401 20.565704131581004 2.2450000000000108
endloop
endfacet
facet normal 0.9996458834863128 -0.02661029178474715 8.994991465244817e-20
outer loop
vertex 80.52559301283539 28.88225084800281 1.0943178675026444e-14
vertex 80.54670276313756 27.96313184269439 2.2450000000000108
vertex 80.54670276313756 27.96313184269439 1.0943178675026444e-14
endloop
endfacet
facet normal 0.9981830388397024 0.06025463445028626 -1.9479049090950587e-19
outer loop
vertex 80.54670276313756 27.96313184269439 2.2450000000000108
vertex 80.52559301283539 28.88225084800281 1.0943178675026444e-14
vertex 80.52559301283539 28.88225084800281 2.2450000000000108
endloop
endfacet
endsolid Modelo Cat Eye
