solid Modelo Óculos Ful Vue
facet normal 0.3447487513808276 -0.9386949975478514 3.234623303133868e-18
outer loop
vertex 118.34567228139579 2.1768355244525135 2.43
vertex 115.88479915472533 1.4444732763905688 0.7999999999999999
vertex 118.34567228139579 2.1768355244525135 0.7999999999999999
endloop
endfacet
facet normal 0.23304376946109692 -0.9724662469799984 3.105407676100386e-18
outer loop
vertex 115.88479915472533 1.4444732763905688 0.7999999999999999
vertex 118.34567228139579 2.1768355244525135 2.43
vertex 115.88479915472533 1.4444732763905688 2.43
endloop
endfacet
facet normal 0.9564036180195636 -0.29204814575526533 2.68666400136853e-18
outer loop
vertex 136.3567782299842 22.281131062404363 0.7999999999999999
vertex 134.5247150177821 17.553869124072946 2.43
vertex 134.5247150177821 17.553869124072946 0.7999999999999999
endloop
endfacet
facet normal 0.9032434516977909 -0.4291284970321368 2.954208189589883e-18
outer loop
vertex 134.5247150177821 17.553869124072946 2.43
vertex 136.3567782299842 22.281131062404363 0.7999999999999999
vertex 136.3567782299842 22.281131062404363 2.43
endloop
endfacet
facet normal 0.9087932816893922 0.417246655056964 0.0
outer loop
vertex 135.1823055944344 42.87576365880015 0.7999999999999999
vertex 136.72171816492292 39.522812149537245 2.43
vertex 136.72171816492292 39.522812149537245 0.7999999999999999
endloop
endfacet
facet normal 0.9445366964335735 0.32840589076682447 6.426655861228987e-19
outer loop
vertex 136.72171816492292 39.522812149537245 2.43
vertex 135.1823055944344 42.87576365880015 0.7999999999999999
vertex 135.1823055944344 42.87576365880015 2.43
endloop
endfacet
facet normal 0.9889097817029021 -0.14851748601534695 2.360710108402685e-18
outer loop
vertex 137.4781637272351 27.22601302891239 0.7999999999999999
vertex 136.3567782299842 22.281131062404363 2.43
vertex 136.3567782299842 22.281131062404363 0.7999999999999999
endloop
endfacet
facet normal 0.9564036180195636 -0.29204814575526533 2.68666400136853e-18
outer loop
vertex 136.3567782299842 22.281131062404363 2.43
vertex 137.4781637272351 27.22601302891239 0.7999999999999999
vertex 137.4781637272351 27.22601302891239 2.43
endloop
endfacet
facet normal 0.49347629594664943 0.86975924561845 -1.3884834958655996e-18
outer loop
vertex 128.06657150619733 49.70106502165123 2.43
vertex 130.6886841261248 47.95954601785284 0.7999999999999999
vertex 128.06657150619733 49.70106502165123 0.7999999999999999
endloop
endfacet
facet normal 0.6183107950253657 0.7859336872504579 -5.870239149831149e-19
outer loop
vertex 130.6886841261248 47.95954601785284 0.7999999999999999
vertex 128.06657150619733 49.70106502165123 2.43
vertex 130.6886841261248 47.95954601785284 2.43
endloop
endfacet
facet normal 0.25698971111630226 0.9664141391662064 -2.119264096158485e-18
outer loop
vertex 121.91801513024451 52.149232685833816 2.43
vertex 125.23449404590741 51.054802691682234 0.7999999999999999
vertex 121.91801513024451 52.149232685833816 0.7999999999999999
endloop
endfacet
facet normal 0.3730739371443566 0.9278016153378957 -1.7845622771433387e-18
outer loop
vertex 125.23449404590741 51.054802691682234 0.7999999999999999
vertex 121.91801513024451 52.149232685833816 2.43
vertex 125.23449404590741 51.054802691682234 2.43
endloop
endfacet
facet normal 0.3730739371443566 0.9278016153378957 -1.7845622771433387e-18
outer loop
vertex 125.23449404590741 51.054802691682234 2.43
vertex 128.06657150619733 49.70106502165123 0.7999999999999999
vertex 125.23449404590741 51.054802691682234 0.7999999999999999
endloop
endfacet
facet normal 0.49347629594664943 0.86975924561845 -1.3884834958655996e-18
outer loop
vertex 128.06657150619733 49.70106502165123 0.7999999999999999
vertex 125.23449404590741 51.054802691682234 2.43
vertex 128.06657150619733 49.70106502165123 2.43
endloop
endfacet
facet normal -0.030669641525052374 0.9995295758949432 -2.7785346283803377e-18
outer loop
vertex 110.77899546485436 53.31067478219939 2.43
vertex 114.4976834048248 53.26803694577793 0.7999999999999999
vertex 110.77899546485436 53.31067478219939 0.7999999999999999
endloop
endfacet
facet normal 0.054754122222641255 0.9984998678515827 -2.606696629885929e-18
outer loop
vertex 114.4976834048248 53.26803694577793 0.7999999999999999
vertex 110.77899546485436 53.31067478219939 2.43
vertex 114.4976834048248 53.26803694577793 2.43
endloop
endfacet
facet normal 0.9032434516977909 -0.4291284970321368 2.954208189589883e-18
outer loop
vertex 134.5247150177821 17.553869124072946 0.7999999999999999
vertex 132.06021421626352 13.222704057689253 2.43
vertex 132.06021421626352 13.222704057689253 0.7999999999999999
endloop
endfacet
facet normal 0.8298754215347149 -0.5579487294837936 3.1593044015977125e-18
outer loop
vertex 132.06021421626352 13.222704057689253 2.43
vertex 134.5247150177821 17.553869124072946 0.7999999999999999
vertex 134.5247150177821 17.553869124072946 2.43
endloop
endfacet
facet normal 0.7453192318064561 0.6667077640911602 0.0
outer loop
vertex 133.0320883676469 45.789910209478734 0.7999999999999999
vertex 135.1823055944344 42.87576365880015 2.43
vertex 135.1823055944344 42.87576365880015 0.7999999999999999
endloop
endfacet
facet normal 0.8046664833986394 0.5937270841850378 0.0
outer loop
vertex 135.1823055944344 42.87576365880015 2.43
vertex 133.0320883676469 45.789910209478734 0.7999999999999999
vertex 133.0320883676469 45.789910209478734 2.43
endloop
endfacet
facet normal 0.004490317652428163 -0.9999899184728716 2.727982235644621e-18
outer loop
vertex 110.80040688410787 0.7999999999999985 2.43
vertex 106.74633529924027 1.054356443343573 0.7999999999999999
vertex 110.80040688410787 0.7999999999999985 0.7999999999999999
endloop
endfacet
facet normal -0.14756532613443238 -0.9890523113176768 2.3973510557574916e-18
outer loop
vertex 106.74633529924027 1.054356443343573 0.7999999999999999
vertex 110.80040688410787 0.7999999999999985 2.43
vertex 106.74633529924027 1.054356443343573 2.43
endloop
endfacet
facet normal 0.0 0.0 1.0
outer loop
vertex 131.96616867462373 44.83641685400275 2.43
vertex 130.51493608620015 46.77386155833573 2.43
vertex 130.51493608620015 46.18003744422517 2.43
endloop
endfacet
facet normal 0.0 0.0 1.0
outer loop
vertex 130.51493608620015 46.77386155833573 2.43
vertex 131.96616867462373 44.83641685400275 2.43
vertex 131.96933131161765 46.77386155833573 2.43
endloop
endfacet
facet normal 0.0 0.0 1.0
outer loop
vertex 131.96933131161765 46.77386155833573 2.43
vertex 131.96616867462373 44.83641685400275 2.43
vertex 133.41284618475063 42.87576365880015 2.43
endloop
endfacet
facet normal 0.0 0.0 1.0
outer loop
vertex 131.96933131161765 46.77386155833573 2.43
vertex 133.41284618475063 42.87576365880015 2.43
vertex 133.0320883676469 45.789910209478734 2.43
endloop
endfacet
facet normal 0.0 0.0 1.0
outer loop
vertex 133.0320883676469 45.789910209478734 2.43
vertex 133.41284618475063 42.87576365880015 2.43
vertex 135.1823055944344 42.87576365880015 2.43
endloop
endfacet
facet normal -0.10835145717514644 0.9941126504214814 -2.9175235226995964e-18
outer loop
vertex 104.83199032770307 52.876881272337755 2.43
vertex 110.77899546485436 53.31067478219939 0.7999999999999999
vertex 104.83199032770307 52.876881272337755 0.7999999999999999
endloop
endfacet
facet normal -0.030669641525052374 0.9995295758949432 -2.7785346283803377e-18
outer loop
vertex 110.77899546485436 53.31067478219939 0.7999999999999999
vertex 104.83199032770307 52.876881272337755 2.43
vertex 110.77899546485436 53.31067478219939 2.43
endloop
endfacet
facet normal -0.16196683586042807 0.9867962018985285 -3.0037242756914827e-18
outer loop
vertex 103.13882403718455 52.63082146033413 2.43
vertex 104.83199032770307 52.876881272337755 0.7999999999999999
vertex 103.13882403718455 52.63082146033413 0.7999999999999999
endloop
endfacet
facet normal -0.10835145717514644 0.9941126504214814 -2.9175235226995964e-18
outer loop
vertex 104.83199032770307 52.876881272337755 0.7999999999999999
vertex 103.13882403718455 52.63082146033413 2.43
vertex 104.83199032770307 52.876881272337755 2.43
endloop
endfacet
facet normal 0.054754122222641255 0.9984998678515827 -2.606696629885929e-18
outer loop
vertex 114.4976834048248 53.26803694577793 2.43
vertex 118.23190116230923 52.90053914558015 0.7999999999999999
vertex 114.4976834048248 53.26803694577793 0.7999999999999999
endloop
endfacet
facet normal 0.1490249815686264 0.988833431306037 -2.393867501164868e-18
outer loop
vertex 118.23190116230923 52.90053914558015 0.7999999999999999
vertex 114.4976834048248 53.26803694577793 2.43
vertex 118.23190116230923 52.90053914558015 2.43
endloop
endfacet
facet normal 0.4756337427480334 -0.8796434179595148 3.333052325408135e-18
outer loop
vertex 121.58789748430502 3.604109147396468 2.43
vertex 118.34567228139579 2.1768355244525135 0.7999999999999999
vertex 121.58789748430502 3.604109147396468 0.7999999999999999
endloop
endfacet
facet normal 0.3447487513808276 -0.9386949975478514 3.234623303133868e-18
outer loop
vertex 118.34567228139579 2.1768355244525135 0.7999999999999999
vertex 121.58789748430502 3.604109147396468 2.43
vertex 118.34567228139579 2.1768355244525135 2.43
endloop
endfacet
facet normal 0.8298754215347149 -0.5579487294837936 3.1593044015977125e-18
outer loop
vertex 132.06021421626352 13.222704057689253 0.7999999999999999
vertex 129.10723861787403 9.468464412013349 2.43
vertex 129.10723861787403 9.468464412013349 0.7999999999999999
endloop
endfacet
facet normal 0.7353477984710994 -0.6776899108616767 3.2978425602166417e-18
outer loop
vertex 129.10723861787403 9.468464412013349 2.43
vertex 132.06021421626352 13.222704057689253 0.7999999999999999
vertex 132.06021421626352 13.222704057689253 2.43
endloop
endfacet
facet normal 0.12606197492286578 -0.9920223679325717 2.94688567919365e-18
outer loop
vertex 113.37493884749328 0.9847544062555703 2.43
vertex 110.80040688410787 0.7999999999999985 0.7999999999999999
vertex 113.37493884749328 0.9847544062555703 0.7999999999999999
endloop
endfacet
facet normal 0.004490317652428163 -0.9999899184728716 2.727982235644621e-18
outer loop
vertex 110.80040688410787 0.7999999999999985 0.7999999999999999
vertex 113.37493884749328 0.9847544062555703 2.43
vertex 110.80040688410787 0.7999999999999985 2.43
endloop
endfacet
facet normal 0.9999996313593384 -0.0008586507948503823 1.9811522028951614e-18
outer loop
vertex 137.85876056811588 32.28213561013729 0.7999999999999999
vertex 137.4781637272351 27.22601302891239 2.43
vertex 137.4781637272351 27.22601302891239 0.7999999999999999
endloop
endfacet
facet normal 0.9889097817029021 -0.14851748601534695 2.360710108402685e-18
outer loop
vertex 137.4781637272351 27.22601302891239 2.43
vertex 137.85876056811588 32.28213561013729 0.7999999999999999
vertex 137.85876056811588 32.28213561013729 2.43
endloop
endfacet
facet normal 0.7353477984710994 -0.6776899108616767 3.2978425602166417e-18
outer loop
vertex 129.10723861787403 9.468464412013349 2.43
vertex 125.59971696180101 6.21354495143494 0.7999999999999999
vertex 129.10723861787403 9.468464412013349 0.7999999999999999
endloop
endfacet
facet normal 0.6149890592680112 -0.7885356409070213 3.361077800939354e-18
outer loop
vertex 125.59971696180101 6.21354495143494 0.7999999999999999
vertex 129.10723861787403 9.468464412013349 2.43
vertex 125.59971696180101 6.21354495143494 2.43
endloop
endfacet
facet normal 0.9878385770752441 0.1554829432508824 1.5319754875607e-18
outer loop
vertex 137.58788563111892 35.96512182757571 0.7999999999999999
vertex 137.85876056811588 32.28213561013729 2.43
vertex 137.85876056811588 32.28213561013729 0.7999999999999999
endloop
endfacet
facet normal 0.9999996313593384 -0.0008586507948503823 1.9811522028951614e-18
outer loop
vertex 137.85876056811588 32.28213561013729 2.43
vertex 137.58788563111892 35.96512182757571 0.7999999999999999
vertex 137.58788563111892 35.96512182757571 2.43
endloop
endfacet
facet normal 0.6149890592680112 -0.7885356409070213 3.361077800939354e-18
outer loop
vertex 125.59971696180101 6.21354495143494 2.43
vertex 121.58789748430502 3.604109147396468 0.7999999999999999
vertex 125.59971696180101 6.21354495143494 0.7999999999999999
endloop
endfacet
facet normal 0.4756337427480334 -0.8796434179595148 3.333052325408135e-18
outer loop
vertex 121.58789748430502 3.604109147396468 0.7999999999999999
vertex 125.59971696180101 6.21354495143494 2.43
vertex 121.58789748430502 3.604109147396468 2.43
endloop
endfacet
facet normal 0.9445366964335735 0.32840589076682447 6.426655861228987e-19
outer loop
vertex 136.72171816492292 39.522812149537245 0.7999999999999999
vertex 137.58788563111892 35.96512182757571 2.43
vertex 137.58788563111892 35.96512182757571 0.7999999999999999
endloop
endfacet
facet normal 0.9878385770752441 0.1554829432508824 1.5319754875607e-18
outer loop
vertex 137.58788563111892 35.96512182757571 2.43
vertex 136.72171816492292 39.522812149537245 0.7999999999999999
vertex 136.72171816492292 39.522812149537245 2.43
endloop
endfacet
facet normal 0.6793771900093957 0.7337892297485277 0.0
outer loop
vertex 131.96933131161765 46.77386155833573 2.43
vertex 133.0320883676469 45.789910209478734 0.7999999999999999
vertex 131.96933131161765 46.77386155833573 0.7999999999999999
endloop
endfacet
facet normal 0.7453192318064561 0.6667077640911602 0.0
outer loop
vertex 133.0320883676469 45.789910209478734 0.7999999999999999
vertex 131.96933131161765 46.77386155833573 2.43
vertex 133.0320883676469 45.789910209478734 2.43
endloop
endfacet
facet normal 0.1490249815686264 0.988833431306037 -2.393867501164868e-18
outer loop
vertex 118.23190116230923 52.90053914558015 2.43
vertex 121.91801513024451 52.149232685833816 0.7999999999999999
vertex 118.23190116230923 52.90053914558015 0.7999999999999999
endloop
endfacet
facet normal 0.25698971111630226 0.9664141391662064 -2.119264096158485e-18
outer loop
vertex 121.91801513024451 52.149232685833816 0.7999999999999999
vertex 118.23190116230923 52.90053914558015 2.43
vertex 121.91801513024451 52.149232685833816 2.43
endloop
endfacet
facet normal 0.6183107950253657 0.7859336872504579 -5.870239149831149e-19
outer loop
vertex 130.6886841261248 47.95954601785284 2.43
vertex 131.96933131161765 46.77386155833573 0.7999999999999999
vertex 130.6886841261248 47.95954601785284 0.7999999999999999
endloop
endfacet
facet normal 0.6793771900095147 0.7337892297484174 0.0
outer loop
vertex 131.96933131161765 46.77386155833573 0.7999999999999999
vertex 130.6886841261248 47.95954601785284 2.43
vertex 131.96933131161765 46.77386155833573 2.43
endloop
endfacet
facet normal 0.23304376946109692 -0.9724662469799984 3.105407676100386e-18
outer loop
vertex 115.88479915472533 1.4444732763905688 2.43
vertex 113.37493884749328 0.9847544062555703 0.7999999999999999
vertex 115.88479915472533 1.4444732763905688 0.7999999999999999
endloop
endfacet
facet normal 0.12606197492286578 -0.9920223679325717 2.94688567919365e-18
outer loop
vertex 113.37493884749328 0.9847544062555703 0.7999999999999999
vertex 115.88479915472533 1.4444732763905688 2.43
vertex 113.37493884749328 0.9847544062555703 2.43
endloop
endfacet
facet normal -0.9974869838537096 -0.07084996148502512 -3.727233152413206e-19
outer loop
vertex 84.35849313251997 25.433224406117077 2.43
vertex 84.39046074008567 24.98315680151465 0.7999999999999999
vertex 84.39046074008567 24.98315680151465 2.43
endloop
endfacet
facet normal -0.9850284387883886 -0.172391922021044 -1.8734201699941836e-19
outer loop
vertex 84.39046074008567 24.98315680151465 0.7999999999999999
vertex 84.35849313251997 25.433224406117077 2.43
vertex 84.35849313251997 25.433224406117077 0.8000000000000006
endloop
endfacet
facet normal -0.2330437694611021 -0.9724662469799972 0.0
outer loop
vertex 25.855200845274982 1.4444732763905688 2.43
vertex 23.394327718604565 2.1768355244525135 0.7999999999999999
vertex 25.855200845274982 1.4444732763905688 0.7999999999999999
endloop
endfacet
facet normal -0.34474875138082756 -0.9386949975478512 0.0
outer loop
vertex 23.394327718604565 2.1768355244525135 0.7999999999999999
vertex 25.855200845274982 1.4444732763905688 2.43
vertex 23.394327718604565 2.1768355244525135 2.43
endloop
endfacet
facet normal -0.9889097817029023 -0.1485174860153448 0.0
outer loop
vertex 4.261836272765188 27.22601302891239 2.43
vertex 5.3832217700160765 22.281131062404363 0.7999999999999999
vertex 5.3832217700160765 22.281131062404363 2.43
endloop
endfacet
facet normal -0.9564036180195613 -0.29204814575527316 0.0
outer loop
vertex 5.3832217700160765 22.281131062404363 0.7999999999999999
vertex 4.261836272765188 27.22601302891239 2.43
vertex 4.261836272765188 27.22601302891239 0.7999999999999999
endloop
endfacet
facet normal -0.37307393714435944 0.9278016153378947 0.0
outer loop
vertex 16.505505954092968 51.054802691682234 2.43
vertex 19.82198486975579 52.149232685833816 0.7999999999999999
vertex 16.505505954092968 51.054802691682234 0.7999999999999999
endloop
endfacet
facet normal -0.2569897111163046 0.9664141391662058 0.0
outer loop
vertex 19.82198486975579 52.149232685833816 0.7999999999999999
vertex 16.505505954092968 51.054802691682234 2.43
vertex 19.82198486975579 52.149232685833816 2.43
endloop
endfacet
facet normal -0.05475412222264263 0.9984998678515826 0.0
outer loop
vertex 27.242316595175428 53.26803694577793 2.43
vertex 30.961004535145836 53.31067478219939 0.7999999999999999
vertex 27.242316595175428 53.26803694577793 0.7999999999999999
endloop
endfacet
facet normal 0.030669641525051975 0.9995295758949432 0.0
outer loop
vertex 30.961004535145836 53.31067478219939 0.7999999999999999
vertex 27.242316595175428 53.26803694577793 2.43
vertex 30.961004535145836 53.31067478219939 2.43
endloop
endfacet
facet normal -0.7453192318064681 0.6667077640911468 0.0
outer loop
vertex 8.707911632353436 45.789910209478734 2.43
vertex 6.557694405565994 42.87576365880015 0.7999999999999999
vertex 6.557694405565994 42.87576365880015 2.43
endloop
endfacet
facet normal -0.8046664833986483 0.5937270841850258 0.0
outer loop
vertex 6.557694405565994 42.87576365880015 0.7999999999999999
vertex 8.707911632353436 45.789910209478734 2.43
vertex 8.707911632353436 45.789910209478734 0.7999999999999999
endloop
endfacet
facet normal 0.14756532613443152 -0.9890523113176769 0.0
outer loop
vertex 34.99366470076 1.054356443343573 2.43
vertex 30.939593115892322 0.7999999999999985 0.7999999999999999
vertex 34.99366470076 1.054356443343573 0.7999999999999999
endloop
endfacet
facet normal -0.004490317652429252 -0.9999899184728716 0.0
outer loop
vertex 30.939593115892322 0.7999999999999985 0.7999999999999999
vertex 34.99366470076 1.054356443343573 2.43
vertex 30.939593115892322 0.7999999999999985 2.43
endloop
endfacet
facet normal 0.0 0.0 1.0
outer loop
vertex 8.327153815249691 42.87576365880015 2.43
vertex 8.707911632353436 45.789910209478734 2.43
vertex 6.557694405565994 42.87576365880015 2.43
endloop
endfacet
facet normal 0.0 0.0 1.0
outer loop
vertex 8.707911632353436 45.789910209478734 2.43
vertex 8.327153815249691 42.87576365880015 2.43
vertex 9.773831325376543 44.83641685400275 2.43
endloop
endfacet
facet normal 0.0 0.0 1.0
outer loop
vertex 8.707911632353436 45.789910209478734 2.43
vertex 9.773831325376543 44.83641685400275 2.43
vertex 9.770668688382628 46.77386155833573 2.43
endloop
endfacet
facet normal 0.0 0.0 1.0
outer loop
vertex 9.770668688382628 46.77386155833573 2.43
vertex 9.773831325376543 44.83641685400275 2.43
vertex 11.225063913800218 46.77386155833573 2.43
endloop
endfacet
facet normal 0.0 0.0 1.0
outer loop
vertex 11.225063913800218 46.77386155833573 2.43
vertex 9.773831325376543 44.83641685400275 2.43
vertex 11.225063913800218 46.18003744422517 2.43
endloop
endfacet
facet normal 0.10835145717514562 0.9941126504214814 0.0
outer loop
vertex 36.90800967229719 52.876881272337755 2.43
vertex 38.60117596281572 52.63082146033413 0.7999999999999999
vertex 36.90800967229719 52.876881272337755 0.7999999999999999
endloop
endfacet
facet normal 0.1619668358604264 0.9867962018985287 0.0
outer loop
vertex 38.60117596281572 52.63082146033413 0.7999999999999999
vertex 36.90800967229719 52.876881272337755 2.43
vertex 38.60117596281572 52.63082146033413 2.43
endloop
endfacet
facet normal -0.8298754215347203 -0.5579487294837856 0.0
outer loop
vertex 9.679785783736822 13.222704057689253 2.43
vertex 12.632761382126269 9.468464412013349 0.7999999999999999
vertex 12.632761382126269 9.468464412013349 2.43
endloop
endfacet
facet normal -0.735347798471102 -0.6776899108616741 0.0
outer loop
vertex 12.632761382126269 9.468464412013349 0.7999999999999999
vertex 9.679785783736822 13.222704057689253 2.43
vertex 9.679785783736822 13.222704057689253 0.7999999999999999
endloop
endfacet
facet normal 0.42347640051812585 -0.9059071355300232 0.0
outer loop
vertex 63.30262873154681 40.53772404864294 3.84
vertex 60.83138113779497 39.06910692204388 -1.91
vertex 63.30262873154681 40.53772404864294 -1.91
endloop
endfacet
facet normal 0.5933509734739115 -0.8049438628112906 0.0
outer loop
vertex 60.83138113779497 39.06910692204388 -1.91
vertex 63.30262873154681 40.53772404864294 3.84
vertex 60.83138113779497 39.06910692204388 3.84
endloop
endfacet
facet normal -0.987838577075244 0.15548294325088258 0.0
outer loop
vertex 4.152114368881471 35.96512182757571 2.43
vertex 3.881239431884414 32.28213561013729 0.7999999999999999
vertex 3.881239431884414 32.28213561013729 2.43
endloop
endfacet
facet normal -0.9999996313593384 -0.0008586507948382063 0.0
outer loop
vertex 3.881239431884414 32.28213561013729 0.7999999999999999
vertex 4.152114368881471 35.96512182757571 2.43
vertex 4.152114368881471 35.96512182757571 0.7999999999999999
endloop
endfacet
facet normal -0.2569897111163046 0.9664141391662058 0.0
outer loop
vertex 19.82198486975579 52.149232685833816 2.43
vertex 23.50809883769111 52.90053914558015 0.7999999999999999
vertex 19.82198486975579 52.149232685833816 0.7999999999999999
endloop
endfacet
facet normal -0.14902498156862712 0.9888334313060367 0.0
outer loop
vertex 23.50809883769111 52.90053914558015 0.7999999999999999
vertex 19.82198486975579 52.149232685833816 2.43
vertex 23.50809883769111 52.90053914558015 2.43
endloop
endfacet
facet normal -0.12606197492286902 -0.9920223679325714 0.0
outer loop
vertex 28.365061152506946 0.9847544062555703 2.43
vertex 25.855200845274982 1.4444732763905688 0.7999999999999999
vertex 28.365061152506946 0.9847544062555703 0.7999999999999999
endloop
endfacet
facet normal -0.2330437694611021 -0.9724662469799972 0.0
outer loop
vertex 25.855200845274982 1.4444732763905688 0.7999999999999999
vertex 28.365061152506946 0.9847544062555703 2.43
vertex 25.855200845274982 1.4444732763905688 2.43
endloop
endfacet
facet normal -0.9564036180195613 -0.29204814575527316 0.0
outer loop
vertex 5.3832217700160765 22.281131062404363 2.43
vertex 7.215284982218283 17.553869124072946 0.7999999999999999
vertex 7.215284982218283 17.553869124072946 2.43
endloop
endfacet
facet normal -0.903243451697789 -0.4291284970321408 0.0
outer loop
vertex 7.215284982218283 17.553869124072946 0.7999999999999999
vertex 5.3832217700160765 22.281131062404363 2.43
vertex 5.3832217700160765 22.281131062404363 0.7999999999999999
endloop
endfacet
facet normal -0.14902498156862712 0.9888334313060367 0.0
outer loop
vertex 23.50809883769111 52.90053914558015 2.43
vertex 27.242316595175428 53.26803694577793 0.7999999999999999
vertex 23.50809883769111 52.90053914558015 0.7999999999999999
endloop
endfacet
facet normal -0.05475412222264263 0.9984998678515826 0.0
outer loop
vertex 27.242316595175428 53.26803694577793 0.7999999999999999
vertex 23.50809883769111 52.90053914558015 2.43
vertex 27.242316595175428 53.26803694577793 2.43
endloop
endfacet
facet normal -0.9445366964335739 0.32840589076682364 0.0
outer loop
vertex 5.018281835077404 39.522812149537245 2.43
vertex 4.152114368881471 35.96512182757571 0.7999999999999999
vertex 4.152114368881471 35.96512182757571 2.43
endloop
endfacet
facet normal -0.987838577075244 0.15548294325088258 0.0
outer loop
vertex 4.152114368881471 35.96512182757571 0.7999999999999999
vertex 5.018281835077404 39.522812149537245 2.43
vertex 5.018281835077404 39.522812149537245 0.7999999999999999
endloop
endfacet
facet normal -0.6149890592680103 -0.7885356409070221 0.0
outer loop
vertex 16.14028303819929 6.21354495143494 2.43
vertex 12.632761382126269 9.468464412013349 0.7999999999999999
vertex 16.14028303819929 6.21354495143494 0.7999999999999999
endloop
endfacet
facet normal -0.735347798471102 -0.6776899108616741 0.0
outer loop
vertex 12.632761382126269 9.468464412013349 0.7999999999999999
vertex 16.14028303819929 6.21354495143494 2.43
vertex 12.632761382126269 9.468464412013349 2.43
endloop
endfacet
facet normal -0.49347629594664605 0.8697592456184519 0.0
outer loop
vertex 13.673428493803033 49.70106502165123 2.43
vertex 16.505505954092968 51.054802691682234 0.7999999999999999
vertex 13.673428493803033 49.70106502165123 0.7999999999999999
endloop
endfacet
facet normal -0.37307393714435944 0.9278016153378947 0.0
outer loop
vertex 16.505505954092968 51.054802691682234 0.7999999999999999
vertex 13.673428493803033 49.70106502165123 2.43
vertex 16.505505954092968 51.054802691682234 2.43
endloop
endfacet
facet normal -0.9999996313593384 -0.0008586507948382063 0.0
outer loop
vertex 3.881239431884414 32.28213561013729 2.43
vertex 4.261836272765188 27.22601302891239 0.7999999999999999
vertex 4.261836272765188 27.22601302891239 2.43
endloop
endfacet
facet normal -0.9889097817029023 -0.1485174860153448 0.0
outer loop
vertex 4.261836272765188 27.22601302891239 0.7999999999999999
vertex 3.881239431884414 32.28213561013729 2.43
vertex 3.881239431884414 32.28213561013729 0.7999999999999999
endloop
endfacet
facet normal -0.34474875138082756 -0.9386949975478512 0.0
outer loop
vertex 23.394327718604565 2.1768355244525135 2.43
vertex 20.1521025156953 3.604109147396468 0.7999999999999999
vertex 23.394327718604565 2.1768355244525135 0.7999999999999999
endloop
endfacet
facet normal -0.47563374274803005 -0.8796434179595168 0.0
outer loop
vertex 20.1521025156953 3.604109147396468 0.7999999999999999
vertex 23.394327718604565 2.1768355244525135 2.43
vertex 20.1521025156953 3.604109147396468 2.43
endloop
endfacet
facet normal -0.004490317652429252 -0.9999899184728716 0.0
outer loop
vertex 30.939593115892322 0.7999999999999985 2.43
vertex 28.365061152506946 0.9847544062555703 0.7999999999999999
vertex 30.939593115892322 0.7999999999999985 0.7999999999999999
endloop
endfacet
facet normal -0.12606197492286902 -0.9920223679325714 0.0
outer loop
vertex 28.365061152506946 0.9847544062555703 0.7999999999999999
vertex 30.939593115892322 0.7999999999999985 2.43
vertex 28.365061152506946 0.9847544062555703 2.43
endloop
endfacet
facet normal -0.47563374274803005 -0.8796434179595168 0.0
outer loop
vertex 20.1521025156953 3.604109147396468 2.43
vertex 16.14028303819929 6.21354495143494 0.7999999999999999
vertex 20.1521025156953 3.604109147396468 0.7999999999999999
endloop
endfacet
facet normal -0.6149890592680103 -0.7885356409070221 0.0
outer loop
vertex 16.14028303819929 6.21354495143494 0.7999999999999999
vertex 20.1521025156953 3.604109147396468 2.43
vertex 16.14028303819929 6.21354495143494 2.43
endloop
endfacet
facet normal -0.7453192318064681 0.6667077640911468 0.0
outer loop
vertex 8.707911632353436 45.789910209478734 2.43
vertex 9.770668688382628 46.77386155833573 0.7999999999999999
vertex 8.707911632353436 45.789910209478734 0.7999999999999999
endloop
endfacet
facet normal -0.6793771900094113 0.7337892297485132 0.0
outer loop
vertex 9.770668688382628 46.77386155833573 0.7999999999999999
vertex 8.707911632353436 45.789910209478734 2.43
vertex 9.770668688382628 46.77386155833573 2.43
endloop
endfacet
facet normal -0.6793771900095018 0.7337892297484294 0.0
outer loop
vertex 9.770668688382628 46.77386155833573 2.43
vertex 11.051315873875524 47.95954601785284 0.7999999999999999
vertex 9.770668688382628 46.77386155833573 0.7999999999999999
endloop
endfacet
facet normal -0.6183107950253557 0.7859336872504658 0.0
outer loop
vertex 11.051315873875524 47.95954601785284 0.7999999999999999
vertex 9.770668688382628 46.77386155833573 2.43
vertex 11.051315873875524 47.95954601785284 2.43
endloop
endfacet
facet normal -0.903243451697789 -0.4291284970321408 0.0
outer loop
vertex 7.215284982218283 17.553869124072946 2.43
vertex 9.679785783736822 13.222704057689253 0.7999999999999999
vertex 9.679785783736822 13.222704057689253 2.43
endloop
endfacet
facet normal -0.8298754215347203 -0.5579487294837856 0.0
outer loop
vertex 9.679785783736822 13.222704057689253 0.7999999999999999
vertex 7.215284982218283 17.553869124072946 2.43
vertex 7.215284982218283 17.553869124072946 0.7999999999999999
endloop
endfacet
facet normal -0.6183107950253557 0.7859336872504658 0.0
outer loop
vertex 11.051315873875524 47.95954601785284 2.43
vertex 13.673428493803033 49.70106502165123 0.7999999999999999
vertex 11.051315873875524 47.95954601785284 0.7999999999999999
endloop
endfacet
facet normal -0.49347629594664605 0.8697592456184519 0.0
outer loop
vertex 13.673428493803033 49.70106502165123 0.7999999999999999
vertex 11.051315873875524 47.95954601785284 2.43
vertex 13.673428493803033 49.70106502165123 2.43
endloop
endfacet
facet normal 0.9974869838537043 -0.07084996148509975 5.599125668816708e-19
outer loop
vertex 57.381506867480304 25.433224406117077 0.8000000000000006
vertex 57.34953925991456 24.98315680151465 2.43
vertex 57.34953925991456 24.98315680151465 0.7999999999999999
endloop
endfacet
facet normal 0.9850284387883824 -0.17239192202107942 2.814289992967543e-19
outer loop
vertex 57.34953925991456 24.98315680151465 2.43
vertex 57.381506867480304 25.433224406117077 0.8000000000000006
vertex 57.381506867480304 25.433224406117077 2.43
endloop
endfacet
facet normal -0.3832562175722133 0.9236420690355331 0.0
outer loop
vertex 63.12573259415063 43.4118762002443 3.84
vertex 67.94281229064282 44.58801921472657 -1.91
vertex 63.12573259415063 43.4118762002443 -1.91
endloop
endfacet
facet normal -0.11945190480313812 0.9928399883359363 0.0
outer loop
vertex 67.94281229064282 44.58801921472657 -1.91
vertex 63.12573259415063 43.4118762002443 3.84
vertex 67.94281229064282 44.58801921472657 3.84
endloop
endfacet
facet normal -0.9087932816893829 0.4172466550569841 0.0
outer loop
vertex 6.557694405565994 42.87576365880015 2.43
vertex 5.018281835077404 39.522812149537245 0.7999999999999999
vertex 5.018281835077404 39.522812149537245 2.43
endloop
endfacet
facet normal -0.9445366964335739 0.32840589076682364 0.0
outer loop
vertex 5.018281835077404 39.522812149537245 0.7999999999999999
vertex 6.557694405565994 42.87576365880015 2.43
vertex 6.557694405565994 42.87576365880015 0.7999999999999999
endloop
endfacet
facet normal 0.7891152038904706 -0.6142452238226205 0.0
outer loop
vertex 59.4509960793666 37.823228957452564 -1.91
vertex 58.9802963454031 36.932815114574964 3.84
vertex 58.9802963454031 36.932815114574964 -1.91
endloop
endfacet
facet normal 0.9515845933943483 -0.3073869899890252 0.0
outer loop
vertex 58.9802963454031 36.932815114574964 3.84
vertex 59.4509960793666 37.823228957452564 -1.91
vertex 59.4509960793666 37.823228957452564 3.84
endloop
endfacet
facet normal 0.030669641525051975 0.9995295758949432 0.0
outer loop
vertex 30.961004535145836 53.31067478219939 2.43
vertex 36.90800967229719 52.876881272337755 0.7999999999999999
vertex 30.961004535145836 53.31067478219939 0.7999999999999999
endloop
endfacet
facet normal 0.10835145717514562 0.9941126504214814 0.0
outer loop
vertex 36.90800967229719 52.876881272337755 0.7999999999999999
vertex 30.961004535145836 53.31067478219939 2.43
vertex 36.90800967229719 52.876881272337755 2.43
endloop
endfacet
facet normal 0.252252103670835 -0.9676615504367415 0.0
outer loop
vertex 66.14341310575104 41.53735792184265 3.84
vertex 63.30262873154681 40.53772404864294 -1.91
vertex 66.14341310575104 41.53735792184265 -1.91
endloop
endfacet
facet normal 0.42347640051812585 -0.9059071355300232 0.0
outer loop
vertex 63.30262873154681 40.53772404864294 -1.91
vertex 66.14341310575104 41.53735792184265 3.84
vertex 63.30262873154681 40.53772404864294 3.84
endloop
endfacet
facet normal 0.9990938972456043 -0.042560362857829485 0.0
outer loop
vertex 59.972692560345564 31.059316694615838 -1.91
vertex 59.788639799578895 29.85739144782929 3.84
vertex 59.788639799578895 29.85739144782929 -1.91
endloop
endfacet
facet normal 0.9752711499286656 -0.22101172845986772 0.0
outer loop
vertex 59.788639799578895 29.85739144782929 3.84
vertex 59.972692560345564 31.059316694615838 -1.91
vertex 59.972692560345564 31.059316694615838 3.84
endloop
endfacet
facet normal 0.9515845933943483 -0.3073869899890252 0.0
outer loop
vertex 58.9802963454031 36.932815114574964 -1.91
vertex 58.83572410512688 35.89643635793216 3.84
vertex 58.83572410512688 35.89643635793216 -1.91
endloop
endfacet
facet normal 0.9997735686737039 0.021279365156098202 0.0
outer loop
vertex 58.83572410512688 35.89643635793216 3.84
vertex 58.9802963454031 36.932815114574964 -1.91
vertex 58.9802963454031 36.932815114574964 3.84
endloop
endfacet
facet normal -0.9974873853327738 0.07084430888918765 -3.3500763866240545e-19
outer loop
vertex 57.413474475046 25.8832920107195 0.7999999999999999
vertex 57.381506867480304 25.433224406117077 -1.9099999999999735
vertex 57.381506867480304 25.433224406117077 0.8000000000000006
endloop
endfacet
facet normal -0.9974869838537131 0.0708499614849754 -6.700152773140526e-19
outer loop
vertex 57.381506867480304 25.433224406117077 -1.9099999999999735
vertex 57.413474475046 25.8832920107195 0.7999999999999999
vertex 57.413474475046 25.8832920107195 -1.91
endloop
endfacet
facet normal -0.9826554962117707 -0.18544049116845776 0.0
outer loop
vertex 57.037994870911135 38.061927369301955 0.7999999999999999
vertex 57.328798825508855 36.520947281808745 -1.91
vertex 57.328798825508855 36.520947281808745 0.7999999999999999
endloop
endfacet
facet normal -0.9851143500582572 -0.1719003121268188 0.0
outer loop
vertex 57.328798825508855 36.520947281808745 -1.91
vertex 57.037994870911135 38.061927369301955 0.7999999999999999
vertex 57.037994870911135 38.061927369301955 -1.91
endloop
endfacet
facet normal -0.9989877065142131 0.04498402197972844 0.0
outer loop
vertex 58.115799999999695 30.174561558335782 3.84
vertex 58.028338190886195 29.79842791387564 -1.91
vertex 58.028338190886195 29.79842791387564 3.84
endloop
endfacet
facet normal -0.9728171451518494 0.23157461453839423 0.0
outer loop
vertex 58.028338190886195 29.79842791387564 -1.91
vertex 58.115799999999695 30.174561558335782 3.84
vertex 58.115799999999695 30.174561558335782 -1.91
endloop
endfacet
facet normal -0.9976950273937838 -0.06785744110793653 0.0
outer loop
vertex 57.57676205203938 34.62033156265946 0.7999999999999999
vertex 57.59284482233635 34.3319454884331 -1.91
vertex 57.59284482233635 34.3319454884331 0.7999999999999999
endloop
endfacet
facet normal -0.9988812156992599 -0.04728971265686187 0.0
outer loop
vertex 57.59284482233635 34.3319454884331 -1.91
vertex 57.57676205203938 34.62033156265946 0.7999999999999999
vertex 57.57676205203938 34.62033156265946 -1.91
endloop
endfacet
facet normal 0.8387138417281419 -0.5445723934369253 -3.411798614505589e-19
outer loop
vertex 58.655703785735156 26.112194757344444 3.84
vertex 57.69089132198019 25.27821873801206 -1.9099999999999735
vertex 58.655703785735156 26.112194757344444 -1.91
endloop
endfacet
facet normal 0.6539471805504141 -0.7565402071603095 -6.553829474830629e-19
outer loop
vertex 57.69089132198019 25.27821873801206 -1.9099999999999735
vertex 58.655703785735156 26.112194757344444 3.84
vertex 57.69089132198019 25.27821873801206 3.84
endloop
endfacet
facet normal -0.9983643397283819 0.057172066244909704 0.0
outer loop
vertex 57.521947669519285 27.411335779864107 0.7999999999999999
vertex 57.46704498718042 26.63762494676549 -1.91
vertex 57.46704498718042 26.63762494676549 0.7999999999999999
endloop
endfacet
facet normal -0.9974897901343868 0.07081044116270759 0.0
outer loop
vertex 57.46704498718042 26.63762494676549 -1.91
vertex 57.521947669519285 27.411335779864107 0.7999999999999999
vertex 57.521947669519285 27.411335779864107 -1.91
endloop
endfacet
facet normal 0.9997735686737039 0.021279365156098202 0.0
outer loop
vertex 58.83572410512688 35.89643635793216 -1.91
vertex 59.04859724184497 34.734296136119255 3.84
vertex 59.04859724184497 34.734296136119255 -1.91
endloop
endfacet
facet normal 0.9590965061171869 0.28307930329468656 0.0
outer loop
vertex 59.04859724184497 34.734296136119255 3.84
vertex 58.83572410512688 35.89643635793216 -1.91
vertex 58.83572410512688 35.89643635793216 3.84
endloop
endfacet
facet normal -0.9974897901343868 0.07081044116270759 0.0
outer loop
vertex 57.46704498718042 26.63762494676549 0.7999999999999999
vertex 57.413474475046 25.8832920107195 -1.91
vertex 57.413474475046 25.8832920107195 0.7999999999999999
endloop
endfacet
facet normal -0.9974873853327738 0.07084430888918766 -3.3500763866239905e-19
outer loop
vertex 57.413474475046 25.8832920107195 -1.91
vertex 57.46704498718042 26.63762494676549 0.7999999999999999
vertex 57.46704498718042 26.63762494676549 -1.91
endloop
endfacet
facet normal -0.96272859192111 -0.27046932968008974 1.5600371017131464e-19
outer loop
vertex 57.68822871093743 32.54710452708578 3.84
vertex 57.95020222167963 31.362817905992024 -1.91
vertex 57.95020222167963 31.362817905992024 3.84
endloop
endfacet
facet normal -0.9841845299476288 -0.1771462983292767 0.0
outer loop
vertex 57.95020222167963 31.362817905992024 -1.91
vertex 57.68822871093743 32.54710452708578 3.84
vertex 57.68822871093743 32.54710452708578 -1.91
endloop
endfacet
facet normal -0.988303809680153 -0.1524978025143191 0.0
outer loop
vertex 57.41001974724499 36.01442495654883 0.7999999999999999
vertex 57.47155542980352 35.599389207594214 -1.91
vertex 57.47155542980352 35.599389207594214 0.7999999999999999
endloop
endfacet
facet normal -0.9904272151623176 -0.1380359788816539 0.0
outer loop
vertex 57.47155542980352 35.599389207594214 -1.91
vertex 57.41001974724499 36.01442495654883 0.7999999999999999
vertex 57.41001974724499 36.01442495654883 -1.91
endloop
endfacet
facet normal -0.9999803045449416 -0.006276186916117864 0.0
outer loop
vertex 57.614854292300066 33.05044679597444 0.7999999999999999
vertex 57.6155132922374 32.75935613572777 -1.91
vertex 57.6155132922374 32.75935613572777 0.7999999999999999
endloop
endfacet
facet normal -0.986226929263716 -0.1653978355210905 1.5787328454996992e-19
outer loop
vertex 57.6155132922374 32.75935613572777 -1.91
vertex 57.614854292300066 33.05044679597444 0.7999999999999999
vertex 57.614854292300066 33.05044679597444 -1.91
endloop
endfacet
facet normal 0.5933509734739115 -0.8049438628112906 0.0
outer loop
vertex 60.83138113779497 39.06910692204388 3.84
vertex 59.4509960793666 37.823228957452564 -1.91
vertex 60.83138113779497 39.06910692204388 -1.91
endloop
endfacet
facet normal 0.7891152038904706 -0.6142452238226205 0.0
outer loop
vertex 59.4509960793666 37.823228957452564 -1.91
vertex 60.83138113779497 39.06910692204388 3.84
vertex 59.4509960793666 37.823228957452564 3.84
endloop
endfacet
facet normal -0.97038652659941 0.24155742380297995 0.0
outer loop
vertex 57.76601776902043 28.741579118761596 3.84
vertex 57.678591667139166 28.38722221464714 -1.91
vertex 57.678591667139166 28.38722221464714 3.84
endloop
endfacet
facet normal -0.9719399899148908 0.23522894380633066 0.0
outer loop
vertex 57.678591667139166 28.38722221464714 -1.91
vertex 57.76601776902043 28.741579118761596 3.84
vertex 57.76601776902043 28.741579118761596 -1.91
endloop
endfacet
facet normal 0.9862828105766906 0.1650642831170452 0.0
outer loop
vertex 59.891216756911255 32.277111907856 -1.91
vertex 59.972692560345564 31.059316694615838 3.84
vertex 59.972692560345564 31.059316694615838 -1.91
endloop
endfacet
facet normal 0.9990938972456043 -0.042560362857829485 0.0
outer loop
vertex 59.972692560345564 31.059316694615838 3.84
vertex 59.891216756911255 32.277111907856 -1.91
vertex 59.891216756911255 32.277111907856 3.84
endloop
endfacet
facet normal 0.0 -1.0 0.0
outer loop
vertex 70.8700000000002 42.09151239205119 2.43
vertex 69.3398644816626 42.09151239205119 -1.91
vertex 70.87000000000005 42.09151239205119 -1.91
endloop
endfacet
facet normal 0.08572431849043685 -0.9963188953439307 0.0
outer loop
vertex 69.3398644816626 42.09151239205119 -1.91
vertex 70.8700000000002 42.09151239205119 2.43
vertex 69.3398644816626 42.09151239205119 3.84
endloop
endfacet
facet normal 0.08572431849043685 -0.9963188953439307 0.0
outer loop
vertex 69.3398644816626 42.09151239205119 3.84
vertex 70.8700000000002 42.09151239205119 2.43
vertex 70.87000000000005 42.09151239205119 3.84
endloop
endfacet
facet normal -0.9956466712355494 -0.09320786478387946 0.0
outer loop
vertex 57.55278394096635 34.91901044643426 0.7999999999999999
vertex 57.57676205203938 34.62033156265946 -1.91
vertex 57.57676205203938 34.62033156265946 0.7999999999999999
endloop
endfacet
facet normal -0.9976950273937838 -0.06785744110793653 0.0
outer loop
vertex 57.57676205203938 34.62033156265946 -1.91
vertex 57.55278394096635 34.91901044643426 0.7999999999999999
vertex 57.55278394096635 34.91901044643426 -1.91
endloop
endfacet
facet normal 0.9590965061171869 0.28307930329468656 0.0
outer loop
vertex 59.04859724184497 34.734296136119255 -1.91
vertex 59.55858610613967 33.503569696367 3.84
vertex 59.55858610613967 33.503569696367 -1.91
endloop
endfacet
facet normal 0.9464171087553749 0.32294683193231233 0.0
outer loop
vertex 59.55858610613967 33.503569696367 3.84
vertex 59.04859724184497 34.734296136119255 -1.91
vertex 59.04859724184497 34.734296136119255 3.84
endloop
endfacet
facet normal -0.9719399899148908 0.23522894380633066 0.0
outer loop
vertex 57.678591667139166 28.38722221464714 3.84
vertex 57.591168769752876 28.018865981745165 -1.91
vertex 57.591168769752876 28.018865981745165 3.84
endloop
endfacet
facet normal -0.9308342449511949 0.3654416621379385 2.1324776268870788e-19
outer loop
vertex 57.591168769752876 28.018865981745165 -1.91
vertex 57.678591667139166 28.38722221464714 3.84
vertex 57.678591667139166 28.38722221464714 -1.91
endloop
endfacet
facet normal -0.9851143500582572 -0.1719003121268188 0.0
outer loop
vertex 57.328798825508855 36.520947281808745 0.7999999999999999
vertex 57.41001974724499 36.01442495654883 -1.91
vertex 57.41001974724499 36.01442495654883 0.7999999999999999
endloop
endfacet
facet normal -0.988303809680153 -0.1524978025143191 0.0
outer loop
vertex 57.41001974724499 36.01442495654883 -1.91
vertex 57.328798825508855 36.520947281808745 0.7999999999999999
vertex 57.328798825508855 36.520947281808745 -1.91
endloop
endfacet
facet normal -0.664658057128377 0.7471476876055572 0.0
outer loop
vertex 59.49132272854497 41.197764366668174 3.84
vertex 57.037994870911135 38.061927369301955 2.43
vertex 57.037994870911135 38.061927369301955 3.84
endloop
endfacet
facet normal -0.7876031750752989 0.6161827964259535 0.0
outer loop
vertex 57.037994870911135 38.061927369301955 2.43
vertex 59.49132272854497 41.197764366668174 3.84
vertex 57.037994870911135 38.061927369301955 0.7999999999999999
endloop
endfacet
facet normal -0.7876031750752989 0.6161827964259535 0.0
outer loop
vertex 57.037994870911135 38.061927369301955 0.7999999999999999
vertex 59.49132272854497 41.197764366668174 3.84
vertex 57.037994870911135 38.061927369301955 -1.91
endloop
endfacet
facet normal -0.7876031750752989 0.6161827964259535 0.0
outer loop
vertex 57.037994870911135 38.061927369301955 -1.91
vertex 59.49132272854497 41.197764366668174 3.84
vertex 59.49132272854497 41.197764366668174 -1.91
endloop
endfacet
facet normal 0.08572431849043685 -0.9963188953439307 0.0
outer loop
vertex 69.3398644816626 42.09151239205119 3.84
vertex 66.14341310575104 41.53735792184265 -1.91
vertex 69.3398644816626 42.09151239205119 -1.91
endloop
endfacet
facet normal 0.252252103670835 -0.9676615504367415 0.0
outer loop
vertex 66.14341310575104 41.53735792184265 -1.91
vertex 69.3398644816626 42.09151239205119 3.84
vertex 66.14341310575104 41.53735792184265 3.84
endloop
endfacet
facet normal -0.999697523961309 -0.024593913589101575 0.0
outer loop
vertex 57.604839714681866 34.02378256408513 0.7999999999999999
vertex 57.614854292300066 33.05044679597444 -1.91
vertex 57.614854292300066 33.05044679597444 0.7999999999999999
endloop
endfacet
facet normal -0.9999803045449416 -0.006276186916117864 0.0
outer loop
vertex 57.614854292300066 33.05044679597444 -1.91
vertex 57.604839714681866 34.02378256408513 0.7999999999999999
vertex 57.604839714681866 34.02378256408513 -1.91
endloop
endfacet
facet normal -0.664658057128377 0.7471476876055572 0.0
outer loop
vertex 59.49132272854497 41.197764366668174 3.84
vertex 63.12573259415063 43.4118762002443 -1.91
vertex 59.49132272854497 41.197764366668174 -1.91
endloop
endfacet
facet normal -0.3832562175722133 0.9236420690355331 0.0
outer loop
vertex 63.12573259415063 43.4118762002443 -1.91
vertex 59.49132272854497 41.197764366668174 3.84
vertex 63.12573259415063 43.4118762002443 3.84
endloop
endfacet
facet normal -0.970006478977052 0.24307906273996951 0.0
outer loop
vertex 57.85344936432183 29.089714099638122 3.84
vertex 57.76601776902043 28.741579118761596 -1.91
vertex 57.76601776902043 28.741579118761596 3.84
endloop
endfacet
facet normal -0.97038652659941 0.24155742380297995 0.0
outer loop
vertex 57.76601776902043 28.741579118761596 -1.91
vertex 57.85344936432183 29.089714099638122 3.84
vertex 57.85344936432183 29.089714099638122 -1.91
endloop
endfacet
facet normal -0.9708669555486127 0.23961918667704485 0.0
outer loop
vertex 57.940888741968436 29.439404562826283 3.84
vertex 57.85344936432183 29.089714099638122 -1.91
vertex 57.85344936432183 29.089714099638122 3.84
endloop
endfacet
facet normal -0.970006478977052 0.24307906273996951 0.0
outer loop
vertex 57.85344936432183 29.089714099638122 -1.91
vertex 57.940888741968436 29.439404562826283 3.84
vertex 57.940888741968436 29.439404562826283 -1.91
endloop
endfacet
facet normal -0.9988812156992599 -0.04728971265686187 0.0
outer loop
vertex 57.59284482233635 34.3319454884331 0.7999999999999999
vertex 57.604839714681866 34.02378256408513 -1.91
vertex 57.604839714681866 34.02378256408513 0.7999999999999999
endloop
endfacet
facet normal -0.999697523961309 -0.024593913589101575 0.0
outer loop
vertex 57.604839714681866 34.02378256408513 -1.91
vertex 57.59284482233635 34.3319454884331 0.7999999999999999
vertex 57.59284482233635 34.3319454884331 -1.91
endloop
endfacet
facet normal -0.9930260136188077 -0.11789544637660782 0.0
outer loop
vertex 57.51839413670925 35.240460589435294 0.7999999999999999
vertex 57.55278394096635 34.91901044643426 -1.91
vertex 57.55278394096635 34.91901044643426 0.7999999999999999
endloop
endfacet
facet normal -0.9956466712355494 -0.09320786478387946 0.0
outer loop
vertex 57.55278394096635 34.91901044643426 -1.91
vertex 57.51839413670925 35.240460589435294 0.7999999999999999
vertex 57.51839413670925 35.240460589435294 -1.91
endloop
endfacet
facet normal 0.9464171087553749 0.32294683193231233 0.0
outer loop
vertex 59.55858610613967 33.503569696367 -1.91
vertex 59.891216756911255 32.277111907856 3.84
vertex 59.891216756911255 32.277111907856 -1.91
endloop
endfacet
facet normal 0.9862828105766906 0.1650642831170452 0.0
outer loop
vertex 59.891216756911255 32.277111907856 3.84
vertex 59.55858610613967 33.503569696367 -1.91
vertex 59.55858610613967 33.503569696367 3.84
endloop
endfacet
facet normal -0.9361419841331882 0.3516222199224303 2.8859355461042694e-19
outer loop
vertex 57.54486661458375 27.937088485323397 0.7999999999999999
vertex 57.521947669519285 27.411335779864107 -1.91
vertex 57.521947669519285 27.411335779864107 0.7999999999999999
endloop
endfacet
facet normal -0.9983643397283819 0.057172066244909704 0.0
outer loop
vertex 57.521947669519285 27.411335779864107 -1.91
vertex 57.54486661458375 27.937088485323397 0.7999999999999999
vertex 57.54486661458375 27.937088485323397 -1.91
endloop
endfacet
facet normal 0.9752711499286656 -0.22101172845986772 0.0
outer loop
vertex 59.788639799578895 29.85739144782929 -1.91
vertex 58.655703785735156 26.112194757344444 3.84
vertex 58.655703785735156 26.112194757344444 -1.91
endloop
endfacet
facet normal 0.8387138417281419 -0.5445723934369253 -3.411798614505589e-19
outer loop
vertex 58.655703785735156 26.112194757344444 3.84
vertex 59.788639799578895 29.85739144782929 -1.91
vertex 59.788639799578895 29.85739144782929 3.84
endloop
endfacet
facet normal -0.9728171451518494 0.23157461453839423 0.0
outer loop
vertex 58.028338190886195 29.79842791387564 3.84
vertex 57.940888741968436 29.439404562826283 -1.91
vertex 57.940888741968436 29.439404562826283 3.84
endloop
endfacet
facet normal -0.9708669555486127 0.23961918667704485 0.0
outer loop
vertex 57.940888741968436 29.439404562826283 -1.91
vertex 58.028338190886195 29.79842791387564 3.84
vertex 58.028338190886195 29.79842791387564 -1.91
endloop
endfacet
facet normal -0.9841845299476288 -0.1771462983292767 0.0
outer loop
vertex 57.95020222167963 31.362817905992024 3.84
vertex 58.115799999999695 30.174561558335782 -1.91
vertex 58.115799999999695 30.174561558335782 3.84
endloop
endfacet
facet normal -0.9989877065142131 0.04498402197972844 0.0
outer loop
vertex 58.115799999999695 30.174561558335782 -1.91
vertex 57.95020222167963 31.362817905992024 3.84
vertex 57.95020222167963 31.362817905992024 -1.91
endloop
endfacet
facet normal 0.11945190480313762 0.9928399883359363 4.902113630641216e-19
outer loop
vertex 73.79718770935743 44.58801921472657 3.84
vertex 78.61426740584965 43.4118762002443 -1.91
vertex 73.79718770935743 44.58801921472657 -1.91
endloop
endfacet
facet normal 0.3832562175722128 0.9236420690355333 9.254869554392038e-19
outer loop
vertex 78.61426740584965 43.4118762002443 -1.91
vertex 73.79718770935743 44.58801921472657 3.84
vertex 78.61426740584965 43.4118762002443 3.84
endloop
endfacet
facet normal -0.5933509734739115 -0.8049438628112906 -8.065516609378638e-19
outer loop
vertex 80.90861886220529 39.06910692204388 3.84
vertex 78.43737126845342 40.53772404864294 -1.91
vertex 80.90861886220529 39.06910692204388 -1.91
endloop
endfacet
facet normal -0.42347640051812574 -0.9059071355300233 -9.077165981057944e-19
outer loop
vertex 78.43737126845342 40.53772404864294 -1.91
vertex 80.90861886220529 39.06910692204388 3.84
vertex 78.43737126845342 40.53772404864294 3.84
endloop
endfacet
facet normal -0.7891152038904719 -0.6142452238226188 -6.154721197165391e-19
outer loop
vertex 82.28900392063366 37.823228957452564 3.84
vertex 82.75970365459716 36.932815114574964 -1.91
vertex 82.75970365459716 36.932815114574964 3.84
endloop
endfacet
facet normal -0.9515845933943434 -0.30738698998904035 -3.08000966005844e-19
outer loop
vertex 82.75970365459716 36.932815114574964 -1.91
vertex 82.28900392063366 37.823228957452564 3.84
vertex 82.28900392063366 37.823228957452564 -1.91
endloop
endfacet
facet normal -0.42347640051812574 -0.9059071355300233 -9.077165981057944e-19
outer loop
vertex 78.43737126845342 40.53772404864294 3.84
vertex 75.59658689424924 41.53735792184265 -1.91
vertex 78.43737126845342 40.53772404864294 -1.91
endloop
endfacet
facet normal -0.2522521036708365 -0.9676615504367412 -9.695943615305659e-19
outer loop
vertex 75.59658689424924 41.53735792184265 -1.91
vertex 78.43737126845342 40.53772404864294 3.84
vertex 75.59658689424924 41.53735792184265 3.84
endloop
endfacet
facet normal -0.9990938972456044 -0.0425603628578249 -4.264537309870403e-20
outer loop
vertex 81.76730743965472 31.059316694615838 3.84
vertex 81.95136020042138 29.85739144782929 -1.91
vertex 81.95136020042138 29.85739144782929 3.84
endloop
endfacet
facet normal -0.9752711499286667 -0.22101172845986322 -2.2145317818000853e-19
outer loop
vertex 81.95136020042138 29.85739144782929 -1.91
vertex 81.76730743965472 31.059316694615838 3.84
vertex 81.76730743965472 31.059316694615838 -1.91
endloop
endfacet
facet normal -0.9515845933943434 -0.30738698998904035 -3.08000966005844e-19
outer loop
vertex 82.75970365459716 36.932815114574964 3.84
vertex 82.9042758948734 35.89643635793216 -1.91
vertex 82.9042758948734 35.89643635793216 3.84
endloop
endfacet
facet normal -0.999773568673704 0.021279365156096273 2.1321868646104104e-20
outer loop
vertex 82.9042758948734 35.89643635793216 -1.91
vertex 82.75970365459716 36.932815114574964 3.84
vertex 82.75970365459716 36.932815114574964 -1.91
endloop
endfacet
facet normal 0.9974873853327737 0.07084430888919026 0.0
outer loop
vertex 84.32652552495425 25.8832920107195 -1.91
vertex 84.35849313251997 25.433224406117077 0.8000000000000006
vertex 84.35849313251997 25.433224406117077 -1.9099999999999735
endloop
endfacet
facet normal 0.9974869838537096 0.07084996148502513 0.0
outer loop
vertex 84.35849313251997 25.433224406117077 0.8000000000000006
vertex 84.32652552495425 25.8832920107195 -1.91
vertex 84.32652552495425 25.8832920107195 0.7999999999999999
endloop
endfacet
facet normal -0.2522521036708365 -0.9676615504367412 -9.695943615305659e-19
outer loop
vertex 75.59658689424924 41.53735792184265 3.84
vertex 72.40013551833766 42.09151239205119 -1.91
vertex 75.59658689424924 41.53735792184265 -1.91
endloop
endfacet
facet normal -0.08572431849043655 -0.9963188953439307 -4.954592021764853e-19
outer loop
vertex 72.40013551833766 42.09151239205119 -1.91
vertex 75.59658689424924 41.53735792184265 3.84
vertex 72.40013551833766 42.09151239205119 3.84
endloop
endfacet
facet normal -0.9590965061171806 0.2830793032947075 2.836447270398071e-19
outer loop
vertex 82.69140275815528 34.734296136119255 3.84
vertex 82.18141389386057 33.503569696367 -1.91
vertex 82.18141389386057 33.503569696367 3.84
endloop
endfacet
facet normal -0.9464171087553792 0.32294683193229945 3.235918872403141e-19
outer loop
vertex 82.18141389386057 33.503569696367 -1.91
vertex 82.69140275815528 34.734296136119255 3.84
vertex 82.69140275815528 34.734296136119255 -1.91
endloop
endfacet
facet normal -0.999773568673704 0.021279365156096273 2.1321868646104104e-20
outer loop
vertex 82.9042758948734 35.89643635793216 3.84
vertex 82.69140275815528 34.734296136119255 -1.91
vertex 82.69140275815528 34.734296136119255 3.84
endloop
endfacet
facet normal -0.9590965061171806 0.2830793032947075 2.836447270398071e-19
outer loop
vertex 82.69140275815528 34.734296136119255 -1.91
vertex 82.9042758948734 35.89643635793216 3.84
vertex 82.9042758948734 35.89643635793216 -1.91
endloop
endfacet
facet normal -0.9752711499286667 -0.22101172845986322 -2.2145317818000853e-19
outer loop
vertex 81.95136020042138 29.85739144782929 3.84
vertex 83.08429621426512 26.112194757344444 -1.91
vertex 83.08429621426512 26.112194757344444 3.84
endloop
endfacet
facet normal -0.8387138417281447 -0.5445723934369212 -4.922129262478353e-19
outer loop
vertex 83.08429621426512 26.112194757344444 -1.91
vertex 81.95136020042138 29.85739144782929 3.84
vertex 81.95136020042138 29.85739144782929 -1.91
endloop
endfacet
facet normal -0.6539471805504187 -0.7565402071603058 -6.553829474802117e-19
outer loop
vertex 84.04910867802006 25.27821873801206 -1.9099999999999735
vertex 83.08429621426512 26.112194757344444 3.84
vertex 83.08429621426512 26.112194757344444 -1.91
endloop
endfacet
facet normal -0.8387138417281436 -0.5445723934369228 -4.922129262478366e-19
outer loop
vertex 83.08429621426512 26.112194757344444 3.84
vertex 84.04910867802006 25.27821873801206 -1.9099999999999735
vertex 84.04910867802006 25.27821873801206 3.84
endloop
endfacet
facet normal -0.08572431849043655 -0.9963188953439307 -4.954592021764853e-19
outer loop
vertex 72.40013551833766 42.09151239205119 3.84
vertex 70.87000000000005 42.09151239205119 -1.91
vertex 72.40013551833766 42.09151239205119 -1.91
endloop
endfacet
facet normal 0.0 -1.0 0.0
outer loop
vertex 70.87000000000005 42.09151239205119 -1.91
vertex 72.40013551833766 42.09151239205119 3.84
vertex 70.8700000000002 42.09151239205119 2.43
endloop
endfacet
facet normal 0.0 -1.0 0.0
outer loop
vertex 70.8700000000002 42.09151239205119 2.43
vertex 72.40013551833766 42.09151239205119 3.84
vertex 70.87000000000005 42.09151239205119 3.84
endloop
endfacet
facet normal 0.998364339728381 0.05717206624492418 0.0
outer loop
vertex 84.21805233048097 27.411335779864107 -1.91
vertex 84.27295501281985 26.63762494676549 0.7999999999999999
vertex 84.27295501281985 26.63762494676549 -1.91
endloop
endfacet
facet normal 0.9974897901343873 0.0708104411626998 0.0
outer loop
vertex 84.27295501281985 26.63762494676549 0.7999999999999999
vertex 84.21805233048097 27.411335779864107 -1.91
vertex 84.21805233048097 27.411335779864107 0.7999999999999999
endloop
endfacet
facet normal -0.9464171087553792 0.32294683193229945 3.235918872403141e-19
outer loop
vertex 82.18141389386057 33.503569696367 3.84
vertex 81.84878324308902 32.277111907856 -1.91
vertex 81.84878324308902 32.277111907856 3.84
endloop
endfacet
facet normal -0.9862828105766942 0.1650642831170241 1.6539398318359737e-19
outer loop
vertex 81.84878324308902 32.277111907856 -1.91
vertex 82.18141389386057 33.503569696367 3.84
vertex 82.18141389386057 33.503569696367 -1.91
endloop
endfacet
facet normal -0.7891152038904719 -0.6142452238226188 -6.154721197165391e-19
outer loop
vertex 82.28900392063366 37.823228957452564 3.84
vertex 80.90861886220529 39.06910692204388 -1.91
vertex 82.28900392063366 37.823228957452564 -1.91
endloop
endfacet
facet normal -0.5933509734739115 -0.8049438628112906 -8.065516609378638e-19
outer loop
vertex 80.90861886220529 39.06910692204388 -1.91
vertex 82.28900392063366 37.823228957452564 3.84
vertex 80.90861886220529 39.06910692204388 3.84
endloop
endfacet
facet normal -0.9862828105766942 0.1650642831170241 1.6539398318359737e-19
outer loop
vertex 81.84878324308902 32.277111907856 3.84
vertex 81.76730743965472 31.059316694615838 -1.91
vertex 81.76730743965472 31.059316694615838 3.84
endloop
endfacet
facet normal -0.9990938972456044 -0.0425603628578249 -4.264537309870403e-20
outer loop
vertex 81.76730743965472 31.059316694615838 -1.91
vertex 81.84878324308902 32.277111907856 3.84
vertex 81.84878324308902 32.277111907856 -1.91
endloop
endfacet
facet normal 0.9974897901343873 0.0708104411626998 0.0
outer loop
vertex 84.27295501281985 26.63762494676549 -1.91
vertex 84.32652552495425 25.8832920107195 0.7999999999999999
vertex 84.32652552495425 25.8832920107195 -1.91
endloop
endfacet
facet normal 0.9974873853327736 0.07084430888919026 0.0
outer loop
vertex 84.32652552495425 25.8832920107195 0.7999999999999999
vertex 84.27295501281985 26.63762494676549 -1.91
vertex 84.27295501281985 26.63762494676549 0.7999999999999999
endloop
endfacet
facet normal 0.9708669555486126 0.23961918667704446 0.0
outer loop
vertex 83.79911125803184 29.439404562826283 -1.91
vertex 83.88655063567842 29.089714099638122 3.84
vertex 83.88655063567842 29.089714099638122 -1.91
endloop
endfacet
facet normal 0.9700064789770595 0.24307906273994 0.0
outer loop
vertex 83.88655063567842 29.089714099638122 3.84
vertex 83.79911125803184 29.439404562826283 -1.91
vertex 83.79911125803184 29.439404562826283 3.84
endloop
endfacet
facet normal 0.9996975239613096 -0.02459391358907753 -2.4643037571528563e-20
outer loop
vertex 84.1351602853184 34.02378256408513 -1.91
vertex 84.12514570770021 33.05044679597444 0.7999999999999999
vertex 84.12514570770021 33.05044679597444 -1.91
endloop
endfacet
facet normal 0.9999803045449415 -0.006276186916150822 -5.038786721660292e-22
outer loop
vertex 84.12514570770021 33.05044679597444 0.7999999999999999
vertex 84.1351602853184 34.02378256408513 -1.91
vertex 84.1351602853184 34.02378256408513 0.7999999999999999
endloop
endfacet
facet normal 0.9826554962117693 -0.18544049116846467 0.0
outer loop
vertex 84.70200512908912 38.061927369301955 -1.91
vertex 84.4112011744914 36.520947281808745 0.7999999999999999
vertex 84.4112011744914 36.520947281808745 -1.91
endloop
endfacet
facet normal 0.9851143500582585 -0.1719003121268116 -7.932942296595829e-20
outer loop
vertex 84.4112011744914 36.520947281808745 0.7999999999999999
vertex 84.70200512908912 38.061927369301955 -1.91
vertex 84.70200512908912 38.061927369301955 0.7999999999999999
endloop
endfacet
facet normal 0.6646580571283778 0.7471476876055565 -1.1931542302831258e-17
outer loop
vertex 82.2486772714553 41.197764366668174 -1.91
vertex 84.70200512908912 38.061927369301955 0.7999999999999999
vertex 84.70200512908912 38.061927369301955 -1.91
endloop
endfacet
facet normal 0.7876031750753003 0.6161827964259518 -2.4333795822028303e-17
outer loop
vertex 84.70200512908912 38.061927369301955 0.7999999999999999
vertex 82.2486772714553 41.197764366668174 -1.91
vertex 84.70200512908912 38.061927369301955 2.43
endloop
endfacet
facet normal 0.7876031750753003 0.6161827964259518 -2.4333795822028303e-17
outer loop
vertex 84.70200512908912 38.061927369301955 2.43
vertex 82.2486772714553 41.197764366668174 -1.91
vertex 84.70200512908912 38.061927369301955 3.84
endloop
endfacet
facet normal 0.7876031750753003 0.6161827964259518 -2.4333795822028303e-17
outer loop
vertex 84.70200512908912 38.061927369301955 3.84
vertex 82.2486772714553 41.197764366668174 -1.91
vertex 82.2486772714553 41.197764366668174 3.84
endloop
endfacet
facet normal 0.9612268267773145 0.2757589300160824 -6.20395212801826e-20
outer loop
vertex 84.1951333854165 27.937088485323397 -1.91
vertex 84.21805233048097 27.411335779864107 0.7999999999999999
vertex 84.21805233048097 27.411335779864107 -1.91
endloop
endfacet
facet normal 0.998364339728381 0.05717206624492418 0.0
outer loop
vertex 84.21805233048097 27.411335779864107 0.7999999999999999
vertex 84.1951333854165 27.937088485323397 -1.91
vertex 84.1951333854165 27.937088485323397 0.7999999999999999
endloop
endfacet
facet normal 0.9627285919211164 -0.2704693296800668 2.0362746187082068e-19
outer loop
vertex 84.05177128906284 32.54710452708578 -1.91
vertex 83.78979777832065 31.362817905992024 3.84
vertex 83.78979777832065 31.362817905992024 -1.91
endloop
endfacet
facet normal 0.9841845299476288 -0.17714629832927667 -1.7750013106189154e-19
outer loop
vertex 83.78979777832065 31.362817905992024 3.84
vertex 84.05177128906284 32.54710452708578 -1.91
vertex 84.05177128906284 32.54710452708578 3.84
endloop
endfacet
facet normal 0.9883038096801504 -0.15249780251433465 -1.5280240224173637e-19
outer loop
vertex 84.32998025275526 36.01442495654883 -1.91
vertex 84.2684445701967 35.599389207594214 0.7999999999999999
vertex 84.2684445701967 35.599389207594214 -1.91
endloop
endfacet
facet normal 0.990427215162316 -0.13803597888166488 -1.383116925040627e-19
outer loop
vertex 84.2684445701967 35.599389207594214 0.7999999999999999
vertex 84.32998025275526 36.01442495654883 -1.91
vertex 84.32998025275526 36.01442495654883 0.7999999999999999
endloop
endfacet
facet normal 0.9700064789770595 0.24307906273994 0.0
outer loop
vertex 83.88655063567842 29.089714099638122 -1.91
vertex 83.97398223097983 28.741579118761596 3.84
vertex 83.97398223097983 28.741579118761596 -1.91
endloop
endfacet
facet normal 0.97038652659941 0.24155742380297973 0.0
outer loop
vertex 83.97398223097983 28.741579118761596 3.84
vertex 83.88655063567842 29.089714099638122 -1.91
vertex 83.88655063567842 29.089714099638122 3.84
endloop
endfacet
facet normal 0.9989877065142136 0.04498402197971425 4.5073873247124075e-20
outer loop
vertex 83.62420000000058 30.174561558335782 -1.91
vertex 83.71166180911406 29.79842791387564 3.84
vertex 83.71166180911406 29.79842791387564 -1.91
endloop
endfacet
facet normal 0.9728171451518491 0.2315746145383948 1.1347081659878903e-19
outer loop
vertex 83.71166180911406 29.79842791387564 3.84
vertex 83.62420000000058 30.174561558335782 -1.91
vertex 83.62420000000058 30.174561558335782 3.84
endloop
endfacet
facet normal 0.9976950273937837 -0.06785744110793797 -6.79929798352021e-20
outer loop
vertex 84.1632379479609 34.62033156265946 -1.91
vertex 84.1471551776639 34.3319454884331 0.7999999999999999
vertex 84.1471551776639 34.3319454884331 -1.91
endloop
endfacet
facet normal 0.9988812156992591 -0.04728971265688259 -4.73841693201678e-20
outer loop
vertex 84.1471551776639 34.3319454884331 0.7999999999999999
vertex 84.1632379479609 34.62033156265946 -1.91
vertex 84.1632379479609 34.62033156265946 0.7999999999999999
endloop
endfacet
facet normal 0.9999803045449415 -0.006276186916150822 -5.038786721660292e-22
outer loop
vertex 84.12514570770021 33.05044679597444 -1.91
vertex 84.12448670776286 32.75935613572777 0.7999999999999999
vertex 84.12448670776286 32.75935613572777 -1.91
endloop
endfacet
facet normal 0.9756277081774006 -0.21943239286056396 4.2349492265292933e-19
outer loop
vertex 84.12448670776286 32.75935613572777 0.7999999999999999
vertex 84.12514570770021 33.05044679597444 -1.91
vertex 84.12514570770021 33.05044679597444 0.7999999999999999
endloop
endfacet
facet normal 0.9956466712355546 -0.09320786478382481 -9.339403854984994e-20
outer loop
vertex 84.1872160590339 34.91901044643426 -1.91
vertex 84.1632379479609 34.62033156265946 0.7999999999999999
vertex 84.1632379479609 34.62033156265946 -1.91
endloop
endfacet
facet normal 0.9976950273937837 -0.06785744110793797 -6.79929798352021e-20
outer loop
vertex 84.1632379479609 34.62033156265946 0.7999999999999999
vertex 84.1872160590339 34.91901044643426 -1.91
vertex 84.1872160590339 34.91901044643426 0.7999999999999999
endloop
endfacet
facet normal 0.97038652659941 0.24155742380297973 0.0
outer loop
vertex 83.97398223097983 28.741579118761596 -1.91
vertex 84.06140833286109 28.38722221464714 3.84
vertex 84.06140833286109 28.38722221464714 -1.91
endloop
endfacet
facet normal 0.9719399899148874 0.2352289438063453 0.0
outer loop
vertex 84.06140833286109 28.38722221464714 3.84
vertex 83.97398223097983 28.741579118761596 -1.91
vertex 83.97398223097983 28.741579118761596 3.84
endloop
endfacet
facet normal 0.9728171451518491 0.2315746145383948 1.1347081659878903e-19
outer loop
vertex 83.71166180911406 29.79842791387564 -1.91
vertex 83.79911125803184 29.439404562826283 3.84
vertex 83.79911125803184 29.439404562826283 -1.91
endloop
endfacet
facet normal 0.9708669555486126 0.23961918667704446 0.0
outer loop
vertex 83.79911125803184 29.439404562826283 3.84
vertex 83.71166180911406 29.79842791387564 -1.91
vertex 83.71166180911406 29.79842791387564 3.84
endloop
endfacet
facet normal 0.9841845299476288 -0.17714629832927667 -1.7750013106189154e-19
outer loop
vertex 83.78979777832065 31.362817905992024 -1.91
vertex 83.62420000000058 30.174561558335782 3.84
vertex 83.62420000000058 30.174561558335782 -1.91
endloop
endfacet
facet normal 0.9989877065142136 0.04498402197971425 4.5073873247124075e-20
outer loop
vertex 83.62420000000058 30.174561558335782 3.84
vertex 83.78979777832065 31.362817905992024 -1.91
vertex 83.78979777832065 31.362817905992024 3.84
endloop
endfacet
facet normal 0.9719399899148874 0.2352289438063453 0.0
outer loop
vertex 84.06140833286109 28.38722221464714 -1.91
vertex 84.14883123024738 28.018865981745165 3.84
vertex 84.14883123024738 28.018865981745165 -1.91
endloop
endfacet
facet normal 0.9308342449511949 0.3654416621379385 -6.092793219677369e-20
outer loop
vertex 84.14883123024738 28.018865981745165 3.84
vertex 84.06140833286109 28.38722221464714 -1.91
vertex 84.06140833286109 28.38722221464714 3.84
endloop
endfacet
facet normal 0.9988812156992591 -0.04728971265688259 -4.73841693201678e-20
outer loop
vertex 84.1471551776639 34.3319454884331 -1.91
vertex 84.1351602853184 34.02378256408513 0.7999999999999999
vertex 84.1351602853184 34.02378256408513 -1.91
endloop
endfacet
facet normal 0.9996975239613096 -0.02459391358907753 -2.4643037571528563e-20
outer loop
vertex 84.1351602853184 34.02378256408513 0.7999999999999999
vertex 84.1471551776639 34.3319454884331 -1.91
vertex 84.1471551776639 34.3319454884331 0.7999999999999999
endloop
endfacet
facet normal 0.9930260136188116 -0.11789544637657522 -1.181309312179041e-19
outer loop
vertex 84.221605863291 35.240460589435294 -1.91
vertex 84.1872160590339 34.91901044643426 0.7999999999999999
vertex 84.1872160590339 34.91901044643426 -1.91
endloop
endfacet
facet normal 0.9956466712355546 -0.09320786478382481 -9.339403854984994e-20
outer loop
vertex 84.1872160590339 34.91901044643426 0.7999999999999999
vertex 84.221605863291 35.240460589435294 -1.91
vertex 84.221605863291 35.240460589435294 0.7999999999999999
endloop
endfacet
facet normal 0.9851143500582585 -0.1719003121268116 -7.932942296595829e-20
outer loop
vertex 84.4112011744914 36.520947281808745 -1.91
vertex 84.32998025275526 36.01442495654883 0.7999999999999999
vertex 84.32998025275526 36.01442495654883 -1.91
endloop
endfacet
facet normal 0.9883038096801504 -0.15249780251433465 -1.5280240224173637e-19
outer loop
vertex 84.32998025275526 36.01442495654883 0.7999999999999999
vertex 84.4112011744914 36.520947281808745 -1.91
vertex 84.4112011744914 36.520947281808745 0.7999999999999999
endloop
endfacet
facet normal 0.3832562175722128 0.9236420690355333 9.254869554392038e-19
outer loop
vertex 78.61426740584965 43.4118762002443 3.84
vertex 82.2486772714553 41.197764366668174 -1.91
vertex 78.61426740584965 43.4118762002443 -1.91
endloop
endfacet
facet normal 0.6646580571283778 0.7471476876055565 -1.1931542302831258e-17
outer loop
vertex 82.2486772714553 41.197764366668174 -1.91
vertex 78.61426740584965 43.4118762002443 3.84
vertex 82.2486772714553 41.197764366668174 3.84
endloop
endfacet
facet normal 0.9862269292637134 -0.16539783552110524 3.204603289910042e-19
outer loop
vertex 84.12448670776286 32.75935613572777 -1.91
vertex 84.05177128906284 32.54710452708578 3.84
vertex 84.05177128906284 32.54710452708578 -1.91
endloop
endfacet
facet normal 0.9627285919211164 -0.2704693296800668 2.0362746187082068e-19
outer loop
vertex 84.05177128906284 32.54710452708578 3.84
vertex 84.12448670776286 32.75935613572777 -1.91
vertex 84.12448670776286 32.75935613572777 3.84
endloop
endfacet
facet normal 0.9862269292637134 -0.16539783552110524 3.1574656909994167e-19
outer loop
vertex 84.12448670776286 32.75935613572777 3.84
vertex 84.12448670776286 32.75935613572777 -1.91
vertex 84.12448670776286 32.75935613572777 0.7999999999999999
endloop
endfacet
facet normal 0.9862269292637134 -0.16539783552110524 3.1574656909994167e-19
outer loop
vertex 84.12448670776286 32.75935613572777 3.84
vertex 84.12448670776286 32.75935613572777 0.7999999999999999
vertex 84.12448670776286 32.75935613572777 2.43
endloop
endfacet
facet normal 0.990427215162316 -0.13803597888166488 -1.383116925040627e-19
outer loop
vertex 84.2684445701967 35.599389207594214 -1.91
vertex 84.221605863291 35.240460589435294 0.7999999999999999
vertex 84.221605863291 35.240460589435294 -1.91
endloop
endfacet
facet normal 0.9930260136188116 -0.11789544637657522 -1.181309312179041e-19
outer loop
vertex 84.221605863291 35.240460589435294 0.7999999999999999
vertex 84.2684445701967 35.599389207594214 -1.91
vertex 84.2684445701967 35.599389207594214 0.7999999999999999
endloop
endfacet
facet normal 0.9308342449511949 0.3654416621379385 -6.092793219677369e-20
outer loop
vertex 84.14883123024738 28.018865981745165 -1.91
vertex 84.1951333854165 27.937088485323397 0.7999999999999999
vertex 84.1951333854165 27.937088485323397 -1.91
endloop
endfacet
facet normal 0.9361419841331882 0.3516222199224303 -8.245530131726484e-20
outer loop
vertex 84.1951333854165 27.937088485323397 0.7999999999999999
vertex 84.14883123024738 28.018865981745165 -1.91
vertex 84.1951333854165 27.937088485323397 2.43
endloop
endfacet
facet normal 0.9361419841331882 0.3516222199224303 -8.245530131726484e-20
outer loop
vertex 84.1951333854165 27.937088485323397 2.43
vertex 84.14883123024738 28.018865981745165 -1.91
vertex 84.1951333854165 27.937088485323397 3.84
endloop
endfacet
facet normal 0.9612268267773145 0.2757589300160824 -6.20395212801826e-20
outer loop
vertex 84.1951333854165 27.937088485323397 3.84
vertex 84.14883123024738 28.018865981745165 -1.91
vertex 84.14883123024738 28.018865981745165 3.84
endloop
endfacet
facet normal -0.6185866333313937 0.7857166009851976 0.0
outer loop
vertex 45.807784517378174 7.5144799604966614 2.43
vertex 46.88137322705698 8.450021502345347 0.7999999999999999
vertex 45.807784517378174 7.5144799604966614 0.7999999999999999
endloop
endfacet
facet normal -0.6843575670677634 0.7291465699001072 0.0
outer loop
vertex 46.88137322705698 8.450021502345347 0.7999999999999999
vertex 45.807784517378174 7.5144799604966614 2.43
vertex 46.88137322705698 8.450021502345347 2.43
endloop
endfacet
facet normal 0.004490317652427831 0.9999899184728716 0.0
outer loop
vertex 30.946000982139555 2.227026358023905 2.43
vertex 34.782788184781054 2.4677501652632228 0.7999999999999999
vertex 30.946000982139555 2.227026358023905 0.7999999999999999
endloop
endfacet
facet normal -0.1475653261344182 0.989052311317679 0.0
outer loop
vertex 34.782788184781054 2.4677501652632228 0.7999999999999999
vertex 30.946000982139555 2.227026358023905 2.43
vertex 34.782788184781054 2.4677501652632228 2.43
endloop
endfacet
facet normal 1.0 0.0 0.0
outer loop
vertex 11.225063913800218 46.77386155833573 -1.9099999999999946
vertex 11.225063913800218 46.18003744422518 0.8000000000000003
vertex 11.225063913800218 46.18003744422518 -1.9099999999999946
endloop
endfacet
facet normal 1.0 0.0 0.0
outer loop
vertex 11.225063913800218 46.18003744422518 0.8000000000000003
vertex 11.225063913800218 46.77386155833573 -1.9099999999999946
vertex 11.225063913800218 46.77386155833573 0.8000000000000003
endloop
endfacet
facet normal -0.3217314169336871 0.9468309750730813 0.0
outer loop
vertex 38.6580255884818 3.389649195131543 2.43
vertex 42.289495062773476 5.018170318786383 0.7999999999999999
vertex 38.6580255884818 3.389649195131543 0.7999999999999999
endloop
endfacet
facet normal -0.49629456126074145 0.8681541962479984 0.0
outer loop
vertex 42.289495062773476 5.018170318786383 0.7999999999999999
vertex 38.6580255884818 3.389649195131543 2.43
vertex 42.289495062773476 5.018170318786383 2.43
endloop
endfacet
facet normal -0.11945190480313812 0.9928399883359363 0.0
outer loop
vertex 67.94281229064282 44.58801921472657 3.84
vertex 70.87000000000013 44.58801921472657 -1.91
vertex 67.94281229064282 44.58801921472657 -1.91
endloop
endfacet
facet normal 0.0 1.0 0.0
outer loop
vertex 70.87000000000013 44.58801921472657 -1.91
vertex 67.94281229064282 44.58801921472657 3.84
vertex 70.87000000000013 44.58801921472657 3.84
endloop
endfacet
facet normal -0.9464456547295064 0.32286316396212805 0.0
outer loop
vertex 54.91698717550304 21.61371722542196 2.43
vertex 53.51643281816968 18.12644034413638 0.7999999999999999
vertex 53.51643281816968 18.12644034413638 2.43
endloop
endfacet
facet normal -0.9068496734898163 0.42145423202456256 0.0
outer loop
vertex 53.51643281816968 18.12644034413638 0.7999999999999999
vertex 54.91698717550304 21.61371722542196 2.43
vertex 54.91698717550304 21.61371722542196 0.7999999999999999
endloop
endfacet
facet normal -0.8570171364700043 0.5152879076756548 0.0
outer loop
vertex 51.75379997829674 14.80743777914861 2.43
vertex 49.648985326647406 11.694174565606197 0.7999999999999999
vertex 49.648985326647406 11.694174565606197 2.43
endloop
endfacet
facet normal -0.8176568782106434 0.5757058532921349 0.0
outer loop
vertex 49.648985326647406 11.694174565606197 0.7999999999999999
vertex 51.75379997829674 14.80743777914861 2.43
vertex 51.75379997829674 14.80743777914861 0.7999999999999999
endloop
endfacet
facet normal -0.7842131551037007 0.6204915207819519 0.0
outer loop
vertex 48.80722320483057 10.545580980237924 2.43
vertex 47.883006322181274 9.462227922412714 0.7999999999999999
vertex 47.883006322181274 9.462227922412714 2.43
endloop
endfacet
facet normal -0.7362923817544625 0.6766635268509313 0.0
outer loop
vertex 47.883006322181274 9.462227922412714 0.7999999999999999
vertex 48.80722320483057 10.545580980237924 2.43
vertex 48.80722320483057 10.545580980237924 0.7999999999999999
endloop
endfacet
facet normal -0.49629456126074145 0.8681541962479984 0.0
outer loop
vertex 42.289495062773476 5.018170318786383 2.43
vertex 45.807784517378174 7.5144799604966614 0.7999999999999999
vertex 42.289495062773476 5.018170318786383 0.7999999999999999
endloop
endfacet
facet normal -0.6185866333313937 0.7857166009851976 0.0
outer loop
vertex 45.807784517378174 7.5144799604966614 0.7999999999999999
vertex 42.289495062773476 5.018170318786383 2.43
vertex 45.807784517378174 7.5144799604966614 2.43
endloop
endfacet
facet normal 0.4999999999999704 0.8660254037844559 5.373592341194361e-18
outer loop
vertex 140.64000000000016 46.693476800606426 3.8400000000000376
vertex 140.764264068712 46.5981256270477 -1.9099999999999928
vertex 140.64000000000016 46.693476800606426 -1.9099999999999928
endloop
endfacet
facet normal 0.7071067811865908 0.7071067811865044 2.866398002239493e-17
outer loop
vertex 140.764264068712 46.5981256270477 -1.9099999999999928
vertex 140.64000000000016 46.693476800606426 3.8400000000000376
vertex 140.764264068712 46.5981256270477 3.8400000000000376
endloop
endfacet
facet normal 0.9659258262890578 0.2588190451025603 6.793046652368185e-17
outer loop
vertex 140.91955549577344 46.32915298539725 -1.9099999999999928
vertex 140.94000000000014 46.17386155833573 3.8400000000000376
vertex 140.94000000000014 46.17386155833573 -1.9099999999999928
endloop
endfacet
facet normal 0.9978589232385761 0.06540312923056374 7.839520745469005e-17
outer loop
vertex 140.94000000000014 46.17386155833573 3.8400000000000376
vertex 140.91955549577344 46.32915298539725 -1.9099999999999928
vertex 140.91955549577344 46.32915298539725 3.8400000000000376
endloop
endfacet
facet normal 0.4330688400773464 -0.9013608488025546 7.185809479675975e-17
outer loop
vertex 140.59984130404627 42.928418078053795 3.8400000000000376
vertex 140.47287772923227 42.88413330629585 -1.9099999999999928
vertex 140.59984130404627 42.928418078053795 -1.9099999999999928
endloop
endfacet
facet normal 0.22146288205342554 -0.9751688017325978 5.767272532313697e-17
outer loop
vertex 140.47287772923227 42.88413330629585 -1.9099999999999928
vertex 140.59984130404627 42.928418078053795 3.8400000000000376
vertex 140.47287772923227 42.88413330629585 3.8400000000000376
endloop
endfacet
facet normal 0.7814930844390618 -0.6239139034946422 8.887048859965792e-17
outer loop
vertex 140.80889585066365 43.09488624523892 3.8400000000000394
vertex 140.71375442851576 42.99986519425056 -1.9099999999999928
vertex 140.80889585066365 43.09488624523892 -1.9099999999999928
endloop
endfacet
facet normal 0.6229240475264246 -0.7822823218079883 8.24344133481105e-17
outer loop
vertex 140.71375442851576 42.99986519425056 -1.9099999999999928
vertex 140.80889585066365 43.09488624523892 3.8400000000000394
vertex 140.71375442851576 42.99986519425056 3.8400000000000376
endloop
endfacet
facet normal 0.9984242788479076 -0.05611558969694343 8.338616941246978e-17
outer loop
vertex 140.94000000000014 43.469234587335436 -1.9099999999999928
vertex 140.92493259138408 43.33561623703559 3.8400000000000394
vertex 140.92493259138408 43.33561623703559 -1.9099999999999928
endloop
endfacet
facet normal 0.9748876523066239 -0.2226972504995945 8.825308711468724e-17
outer loop
vertex 140.92493259138408 43.33561623703559 3.8400000000000394
vertex 140.94000000000014 43.469234587335436 -1.9099999999999928
vertex 140.94000000000014 43.469234587335436 3.8400000000000394
endloop
endfacet
facet normal 0.06540312923019256 0.9978589232386004 -1.4903292504434235e-17
outer loop
vertex 140.34000000000023 46.77386155833573 3.8400000000000376
vertex 140.49529142706163 46.75341705410917 -1.9099999999999928
vertex 140.34000000000023 46.77386155833573 -1.9099999999999928
endloop
endfacet
facet normal 0.2588190451024048 0.9659258262890994 -1.8282996777776823e-17
outer loop
vertex 140.49529142706163 46.75341705410917 -1.9099999999999928
vertex 140.34000000000023 46.77386155833573 3.8400000000000376
vertex 140.49529142706163 46.75341705410917 3.8400000000000376
endloop
endfacet
facet normal 0.997858923238576 0.06540312923056375 7.839520745469006e-17
outer loop
vertex 140.94000000000014 46.17386155833573 -1.9099999999999928
vertex 140.94000000000014 43.469234587335436 3.8400000000000394
vertex 140.94000000000014 43.469234587335436 -1.9099999999999928
endloop
endfacet
facet normal 0.9984242788479076 -0.05611558969694345 8.338616941246979e-17
outer loop
vertex 140.94000000000014 43.469234587335436 3.8400000000000394
vertex 140.94000000000014 46.17386155833573 -1.9099999999999928
vertex 140.94000000000014 46.17386155833573 3.8400000000000376
endloop
endfacet
facet normal 0.2588190451024048 0.9659258262890994 -1.8282996777776823e-17
outer loop
vertex 140.49529142706163 46.75341705410917 3.8400000000000376
vertex 140.64000000000016 46.693476800606426 -1.9099999999999928
vertex 140.49529142706163 46.75341705410917 -1.9099999999999928
endloop
endfacet
facet normal 0.4999999999999704 0.8660254037844559 5.373592341194361e-18
outer loop
vertex 140.64000000000016 46.693476800606426 -1.9099999999999928
vertex 140.49529142706163 46.75341705410917 3.8400000000000376
vertex 140.64000000000016 46.693476800606426 3.8400000000000376
endloop
endfacet
facet normal 0.22146288205342554 -0.9751688017325978 5.767272532313697e-17
outer loop
vertex 140.47287772923227 42.88413330629585 -1.9099999999999928
vertex 140.33924041094332 42.86923506814856 3.8400000000000376
vertex 140.33924041094332 42.86923506814856 -1.9099999999999944
endloop
endfacet
facet normal 0.05485155780146128 -0.9984945200684644 2.4751642474802848e-17
outer loop
vertex 140.33924041094332 42.86923506814856 3.8400000000000376
vertex 140.47287772923227 42.88413330629585 -1.9099999999999928
vertex 140.47287772923227 42.88413330629585 3.8400000000000376
endloop
endfacet
facet normal 0.05485155780146128 -0.9984945200684644 2.4751642474802848e-17
outer loop
vertex 140.33924041094332 42.86923506814856 3.8400000000000376
vertex 135.1823055944344 42.87576365880015 -1.9099999999999944
vertex 140.33924041094332 42.86923506814856 -1.9099999999999944
endloop
endfacet
facet normal -0.0006329910072642318 -0.9999997996611723 -8.925156627250573e-21
outer loop
vertex 135.1823055944344 42.87576365880015 -1.9099999999999944
vertex 140.33924041094332 42.86923506814856 3.8400000000000376
vertex 135.1823055944344 42.87576365880015 0.7999999999999999
endloop
endfacet
facet normal -0.0008439879927856972 -0.9999996438420706 -1.1900208598045314e-20
outer loop
vertex 135.1823055944344 42.87576365880015 0.7999999999999999
vertex 140.33924041094332 42.86923506814856 3.8400000000000376
vertex 135.1823055944344 42.87576365880015 2.43
endloop
endfacet
facet normal -0.0008439879890114517 -0.9999996438420737 -1.1900208544828547e-20
outer loop
vertex 135.1823055944344 42.87576365880015 2.43
vertex 140.33924041094332 42.86923506814856 3.8400000000000376
vertex 135.1823055944344 42.87576365880015 3.8400000000000336
endloop
endfacet
facet normal 0.6229240475264249 -0.782282321807988 8.243441334811053e-17
outer loop
vertex 140.71375442851576 42.99986519425056 3.8400000000000376
vertex 140.59984130404627 42.928418078053795 -1.9099999999999928
vertex 140.71375442851576 42.99986519425056 -1.9099999999999928
endloop
endfacet
facet normal 0.4330688400773464 -0.9013608488025546 7.185809479675975e-17
outer loop
vertex 140.59984130404627 42.928418078053795 -1.9099999999999928
vertex 140.71375442851576 42.99986519425056 3.8400000000000376
vertex 140.59984130404627 42.928418078053795 3.8400000000000376
endloop
endfacet
facet normal 0.9008118692395406 -0.4342095994300046 9.084307063243918e-17
outer loop
vertex 140.880487121544 43.208708827677626 -1.9099999999999928
vertex 140.80889585066365 43.09488624523892 3.8400000000000394
vertex 140.80889585066365 43.09488624523892 -1.9099999999999928
endloop
endfacet
facet normal 0.7814930844390618 -0.6239139034946422 8.887048859965792e-17
outer loop
vertex 140.80889585066365 43.09488624523892 3.8400000000000394
vertex 140.880487121544 43.208708827677626 -1.9099999999999928
vertex 140.880487121544 43.208708827677626 3.8400000000000394
endloop
endfacet
facet normal 0.9748876523066239 -0.2226972504995945 8.825308711468724e-17
outer loop
vertex 140.92493259138408 43.33561623703559 -1.9099999999999928
vertex 140.880487121544 43.208708827677626 3.8400000000000394
vertex 140.880487121544 43.208708827677626 -1.9099999999999928
endloop
endfacet
facet normal 0.9008118692395406 -0.4342095994300046 9.084307063243918e-17
outer loop
vertex 140.880487121544 43.208708827677626 3.8400000000000394
vertex 140.92493259138408 43.33561623703559 -1.9099999999999928
vertex 140.92493259138408 43.33561623703559 3.8400000000000394
endloop
endfacet
facet normal 0.0 1.0 0.0
outer loop
vertex 130.51493608620015 46.77386155833573 0.8000000000000003
vertex 140.34000000000023 46.77386155833573 -1.9099999999999928
vertex 130.51493608620015 46.77386155833573 -1.9099999999999946
endloop
endfacet
facet normal 0.06540312923019255 0.9978589232386003 -1.4903292504434228e-17
outer loop
vertex 140.34000000000023 46.77386155833573 -1.9099999999999928
vertex 130.51493608620015 46.77386155833573 0.8000000000000003
vertex 131.96933131161765 46.77386155833573 0.7999999999999999
endloop
endfacet
facet normal 0.0 1.0 0.0
outer loop
vertex 131.96933131161765 46.77386155833573 0.7999999999999999
vertex 140.34000000000023 46.77386155833573 3.8400000000000376
vertex 140.34000000000023 46.77386155833573 -1.9099999999999928
endloop
endfacet
facet normal 0.06540312923019256 0.9978589232386004 -1.4903292504434235e-17
outer loop
vertex 140.34000000000023 46.77386155833573 3.8400000000000376
vertex 131.96933131161765 46.77386155833573 0.7999999999999999
vertex 131.96933131161765 46.77386155833573 2.43
endloop
endfacet
facet normal 0.06540312923019256 0.9978589232386004 -1.4903292504434235e-17
outer loop
vertex 140.34000000000023 46.77386155833573 3.8400000000000376
vertex 131.96933131161765 46.77386155833573 2.43
vertex 131.96933131161765 46.77386155833573 3.8400000000000336
endloop
endfacet
facet normal 0.8660254037845918 0.4999999999997348 5.0000964834545926e-17
outer loop
vertex 140.8596152422708 46.473861558335756 -1.9099999999999928
vertex 140.91955549577344 46.32915298539725 3.8400000000000376
vertex 140.91955549577344 46.32915298539725 -1.9099999999999928
endloop
endfacet
facet normal 0.9659258262890578 0.2588190451025603 6.793046652368185e-17
outer loop
vertex 140.91955549577344 46.32915298539725 3.8400000000000376
vertex 140.8596152422708 46.473861558335756 -1.9099999999999928
vertex 140.8596152422708 46.473861558335756 3.8400000000000376
endloop
endfacet
facet normal 0.7071067811865908 0.7071067811865044 2.866398002239493e-17
outer loop
vertex 140.764264068712 46.5981256270477 -1.9099999999999928
vertex 140.8596152422708 46.473861558335756 3.8400000000000376
vertex 140.8596152422708 46.473861558335756 -1.9099999999999928
endloop
endfacet
facet normal 0.8660254037845918 0.4999999999997348 5.0000964834545926e-17
outer loop
vertex 140.8596152422708 46.473861558335756 3.8400000000000376
vertex 140.764264068712 46.5981256270477 -1.9099999999999928
vertex 140.764264068712 46.5981256270477 3.8400000000000376
endloop
endfacet
facet normal 0.6793771900094829 -0.7337892297484468 0.0
outer loop
vertex 11.225063913800218 46.18003744422517 3.8400000000000336
vertex 9.773831325376543 44.83641685400275 2.43
vertex 11.225063913800218 46.18003744422517 2.43
endloop
endfacet
facet normal 0.7453192318065015 -0.6667077640911097 0.0
outer loop
vertex 9.773831325376543 44.83641685400275 2.43
vertex 11.225063913800218 46.18003744422517 3.8400000000000336
vertex 9.773831325376543 44.83641685400275 3.8400000000000336
endloop
endfacet
facet normal 3.5813467347622603e-16 -5.162682604871401e-16 -1.0
outer loop
vertex 57.413474475046 25.8832920107195 -1.91
vertex 57.69089132198019 25.27821873801206 -1.9099999999999735
vertex 57.381506867480304 25.433224406117077 -1.9099999999999735
endloop
endfacet
facet normal 3.5813467347622603e-16 -5.162682604871401e-16 -1.0
outer loop
vertex 57.69089132198019 25.27821873801206 -1.9099999999999735
vertex 57.413474475046 25.8832920107195 -1.91
vertex 57.46704498718042 26.63762494676549 -1.91
endloop
endfacet
facet normal 3.5813467347622603e-16 -5.162682604871401e-16 -1.0
outer loop
vertex 57.69089132198019 25.27821873801206 -1.9099999999999735
vertex 57.46704498718042 26.63762494676549 -1.91
vertex 57.521947669519285 27.411335779864107 -1.91
endloop
endfacet
facet normal 3.5813467347622603e-16 -5.162682604871401e-16 -1.0
outer loop
vertex 57.69089132198019 25.27821873801206 -1.9099999999999735
vertex 57.521947669519285 27.411335779864107 -1.91
vertex 57.54486661458375 27.937088485323397 -1.91
endloop
endfacet
facet normal 3.5813467347622603e-16 -5.162682604871401e-16 -1.0
outer loop
vertex 57.69089132198019 25.27821873801206 -1.9099999999999735
vertex 57.54486661458375 27.937088485323397 -1.91
vertex 57.591168769752876 28.018865981745165 -1.91
endloop
endfacet
facet normal 3.5813467347622603e-16 -5.162682604871401e-16 -1.0
outer loop
vertex 57.69089132198019 25.27821873801206 -1.9099999999999735
vertex 57.591168769752876 28.018865981745165 -1.91
vertex 57.678591667139166 28.38722221464714 -1.91
endloop
endfacet
facet normal 3.5813467347622603e-16 -5.162682604871401e-16 -1.0
outer loop
vertex 57.69089132198019 25.27821873801206 -1.9099999999999735
vertex 57.678591667139166 28.38722221464714 -1.91
vertex 57.76601776902043 28.741579118761596 -1.91
endloop
endfacet
facet normal 3.5813467347622603e-16 -5.162682604871401e-16 -1.0
outer loop
vertex 57.69089132198019 25.27821873801206 -1.9099999999999735
vertex 57.76601776902043 28.741579118761596 -1.91
vertex 58.655703785735156 26.112194757344444 -1.91
endloop
endfacet
facet normal 3.5813467347622603e-16 -5.162682604871401e-16 -1.0
outer loop
vertex 58.655703785735156 26.112194757344444 -1.91
vertex 57.76601776902043 28.741579118761596 -1.91
vertex 57.85344936432183 29.089714099638122 -1.91
endloop
endfacet
facet normal 3.5813467347622603e-16 -5.162682604871401e-16 -1.0
outer loop
vertex 58.655703785735156 26.112194757344444 -1.91
vertex 57.85344936432183 29.089714099638122 -1.91
vertex 57.940888741968436 29.439404562826283 -1.91
endloop
endfacet
facet normal 3.5813467347622603e-16 -5.162682604871401e-16 -1.0
outer loop
vertex 58.655703785735156 26.112194757344444 -1.91
vertex 57.940888741968436 29.439404562826283 -1.91
vertex 58.028338190886195 29.79842791387564 -1.91
endloop
endfacet
facet normal 3.5813467347622603e-16 -5.162682604871401e-16 -1.0
outer loop
vertex 58.655703785735156 26.112194757344444 -1.91
vertex 58.028338190886195 29.79842791387564 -1.91
vertex 58.115799999999695 30.174561558335782 -1.91
endloop
endfacet
facet normal 3.5813467347622603e-16 -5.162682604871401e-16 -1.0
outer loop
vertex 59.49132272854497 41.197764366668174 -1.91
vertex 57.328798825508855 36.520947281808745 -1.91
vertex 57.037994870911135 38.061927369301955 -1.91
endloop
endfacet
facet normal 3.5813467347622603e-16 -5.162682604871401e-16 -1.0
outer loop
vertex 57.328798825508855 36.520947281808745 -1.91
vertex 59.49132272854497 41.197764366668174 -1.91
vertex 57.41001974724499 36.01442495654883 -1.91
endloop
endfacet
facet normal 3.5813467347622603e-16 -5.162682604871401e-16 -1.0
outer loop
vertex 57.41001974724499 36.01442495654883 -1.91
vertex 59.49132272854497 41.197764366668174 -1.91
vertex 57.47155542980352 35.599389207594214 -1.91
endloop
endfacet
facet normal 3.5813467347622603e-16 -5.162682604871401e-16 -1.0
outer loop
vertex 57.47155542980352 35.599389207594214 -1.91
vertex 59.49132272854497 41.197764366668174 -1.91
vertex 57.51839413670925 35.240460589435294 -1.91
endloop
endfacet
facet normal 3.5813467347622603e-16 -5.162682604871401e-16 -1.0
outer loop
vertex 57.51839413670925 35.240460589435294 -1.91
vertex 59.49132272854497 41.197764366668174 -1.91
vertex 57.55278394096635 34.91901044643426 -1.91
endloop
endfacet
facet normal 3.5813467347622603e-16 -5.162682604871401e-16 -1.0
outer loop
vertex 57.55278394096635 34.91901044643426 -1.91
vertex 59.49132272854497 41.197764366668174 -1.91
vertex 57.57676205203938 34.62033156265946 -1.91
endloop
endfacet
facet normal 3.5813467347622603e-16 -5.162682604871401e-16 -1.0
outer loop
vertex 57.57676205203938 34.62033156265946 -1.91
vertex 59.49132272854497 41.197764366668174 -1.91
vertex 57.59284482233635 34.3319454884331 -1.91
endloop
endfacet
facet normal 3.5813467347622603e-16 -5.162682604871401e-16 -1.0
outer loop
vertex 57.59284482233635 34.3319454884331 -1.91
vertex 59.49132272854497 41.197764366668174 -1.91
vertex 57.604839714681866 34.02378256408513 -1.91
endloop
endfacet
facet normal 3.5813467347622603e-16 -5.162682604871401e-16 -1.0
outer loop
vertex 57.604839714681866 34.02378256408513 -1.91
vertex 59.49132272854497 41.197764366668174 -1.91
vertex 57.614854292300066 33.05044679597444 -1.91
endloop
endfacet
facet normal 3.5813467347622603e-16 -5.162682604871401e-16 -1.0
outer loop
vertex 57.614854292300066 33.05044679597444 -1.91
vertex 59.49132272854497 41.197764366668174 -1.91
vertex 57.6155132922374 32.75935613572777 -1.91
endloop
endfacet
facet normal 3.5813467347622603e-16 -5.162682604871401e-16 -1.0
outer loop
vertex 57.6155132922374 32.75935613572777 -1.91
vertex 59.49132272854497 41.197764366668174 -1.91
vertex 57.68822871093743 32.54710452708578 -1.91
endloop
endfacet
facet normal 3.5813467347622603e-16 -5.162682604871401e-16 -1.0
outer loop
vertex 57.68822871093743 32.54710452708578 -1.91
vertex 59.49132272854497 41.197764366668174 -1.91
vertex 57.95020222167963 31.362817905992024 -1.91
endloop
endfacet
facet normal 3.5813467347622603e-16 -5.162682604871401e-16 -1.0
outer loop
vertex 57.95020222167963 31.362817905992024 -1.91
vertex 59.49132272854497 41.197764366668174 -1.91
vertex 58.115799999999695 30.174561558335782 -1.91
endloop
endfacet
facet normal 3.5813467347622603e-16 -5.162682604871401e-16 -1.0
outer loop
vertex 58.115799999999695 30.174561558335782 -1.91
vertex 59.49132272854497 41.197764366668174 -1.91
vertex 58.83572410512688 35.89643635793216 -1.91
endloop
endfacet
facet normal 3.5813467347622603e-16 -5.162682604871401e-16 -1.0
outer loop
vertex 58.115799999999695 30.174561558335782 -1.91
vertex 58.83572410512688 35.89643635793216 -1.91
vertex 58.655703785735156 26.112194757344444 -1.91
endloop
endfacet
facet normal 3.5813467347622603e-16 -5.162682604871401e-16 -1.0
outer loop
vertex 58.83572410512688 35.89643635793216 -1.91
vertex 59.49132272854497 41.197764366668174 -1.91
vertex 58.9802963454031 36.932815114574964 -1.91
endloop
endfacet
facet normal 3.5813467347622603e-16 -5.162682604871401e-16 -1.0
outer loop
vertex 58.9802963454031 36.932815114574964 -1.91
vertex 59.49132272854497 41.197764366668174 -1.91
vertex 59.4509960793666 37.823228957452564 -1.91
endloop
endfacet
facet normal 3.5813467347622603e-16 -5.162682604871401e-16 -1.0
outer loop
vertex 59.4509960793666 37.823228957452564 -1.91
vertex 59.49132272854497 41.197764366668174 -1.91
vertex 60.83138113779497 39.06910692204388 -1.91
endloop
endfacet
facet normal 3.5813467347622603e-16 -5.162682604871401e-16 -1.0
outer loop
vertex 60.83138113779497 39.06910692204388 -1.91
vertex 59.49132272854497 41.197764366668174 -1.91
vertex 63.12573259415063 43.4118762002443 -1.91
endloop
endfacet
facet normal 3.5813467347622603e-16 -5.162682604871401e-16 -1.0
outer loop
vertex 60.83138113779497 39.06910692204388 -1.91
vertex 63.12573259415063 43.4118762002443 -1.91
vertex 63.30262873154681 40.53772404864294 -1.91
endloop
endfacet
facet normal 3.5813467347622603e-16 -5.162682604871401e-16 -1.0
outer loop
vertex 63.30262873154681 40.53772404864294 -1.91
vertex 63.12573259415063 43.4118762002443 -1.91
vertex 67.94281229064282 44.58801921472657 -1.91
endloop
endfacet
facet normal 3.5813467347622603e-16 -5.162682604871401e-16 -1.0
outer loop
vertex 63.30262873154681 40.53772404864294 -1.91
vertex 67.94281229064282 44.58801921472657 -1.91
vertex 66.14341310575104 41.53735792184265 -1.91
endloop
endfacet
facet normal 3.5813467347622603e-16 -5.162682604871401e-16 -1.0
outer loop
vertex 66.14341310575104 41.53735792184265 -1.91
vertex 67.94281229064282 44.58801921472657 -1.91
vertex 69.3398644816626 42.09151239205119 -1.91
endloop
endfacet
facet normal 3.5813467347622603e-16 -5.162682604871401e-16 -1.0
outer loop
vertex 69.3398644816626 42.09151239205119 -1.91
vertex 67.94281229064282 44.58801921472657 -1.91
vertex 70.87000000000013 44.58801921472657 -1.91
endloop
endfacet
facet normal 3.5813467347622603e-16 -5.162682604871401e-16 -1.0
outer loop
vertex 69.3398644816626 42.09151239205119 -1.91
vertex 70.87000000000013 44.58801921472657 -1.91
vertex 70.87000000000005 42.09151239205119 -1.91
endloop
endfacet
facet normal 3.5813467347622603e-16 -5.162682604871401e-16 -1.0
outer loop
vertex 58.83572410512688 35.89643635793216 -1.91
vertex 59.788639799578895 29.85739144782929 -1.91
vertex 58.655703785735156 26.112194757344444 -1.91
endloop
endfacet
facet normal 3.5813467347622603e-16 -5.162682604871401e-16 -1.0
outer loop
vertex 59.788639799578895 29.85739144782929 -1.91
vertex 58.83572410512688 35.89643635793216 -1.91
vertex 59.04859724184497 34.734296136119255 -1.91
endloop
endfacet
facet normal 3.5813467347622603e-16 -5.162682604871401e-16 -1.0
outer loop
vertex 59.788639799578895 29.85739144782929 -1.91
vertex 59.04859724184497 34.734296136119255 -1.91
vertex 59.55858610613967 33.503569696367 -1.91
endloop
endfacet
facet normal 3.5813467347622603e-16 -5.162682604871401e-16 -1.0
outer loop
vertex 59.788639799578895 29.85739144782929 -1.91
vertex 59.55858610613967 33.503569696367 -1.91
vertex 59.891216756911255 32.277111907856 -1.91
endloop
endfacet
facet normal 3.5813467347622603e-16 -5.162682604871401e-16 -1.0
outer loop
vertex 59.788639799578895 29.85739144782929 -1.91
vertex 59.891216756911255 32.277111907856 -1.91
vertex 59.972692560345564 31.059316694615838 -1.91
endloop
endfacet
facet normal 1.0079342720553081e-16 -2.6774304835608798e-17 -1.0
outer loop
vertex 8.707911632353436 45.789910209478734 0.7999999999999999
vertex 8.327153815249691 42.87576365880015 0.7999999999999999
vertex 6.557694405565994 42.87576365880015 0.7999999999999999
endloop
endfacet
facet normal 1.0079342720553081e-16 -2.6774304835608798e-17 -1.0
outer loop
vertex 8.327153815249691 42.87576365880015 0.7999999999999999
vertex 8.707911632353436 45.789910209478734 0.7999999999999999
vertex 9.773831325376543 44.83641685400275 0.7999999999999999
endloop
endfacet
facet normal 1.0079342720553081e-16 -2.6774304835608798e-17 -1.0
outer loop
vertex 9.773831325376543 44.83641685400275 0.7999999999999999
vertex 8.707911632353436 45.789910209478734 0.7999999999999999
vertex 9.770668688382628 46.77386155833573 0.7999999999999999
endloop
endfacet
facet normal 1.0079342720553081e-16 -2.6774304835608798e-17 -1.0
outer loop
vertex 9.773831325376543 44.83641685400275 0.7999999999999999
vertex 9.770668688382628 46.77386155833573 0.7999999999999999
vertex 11.225063913800218 46.77386155833573 0.8000000000000003
endloop
endfacet
facet normal 1.0079342720553081e-16 -2.6774304835608798e-17 -1.0
outer loop
vertex 9.773831325376543 44.83641685400275 0.7999999999999999
vertex 11.225063913800218 46.77386155833573 0.8000000000000003
vertex 11.225063913800218 46.18003744422518 0.8000000000000003
endloop
endfacet
facet normal -1.272680725795104e-18 -9.722402100885498e-19 -1.0
outer loop
vertex 5.018281835077404 39.522812149537245 0.7999999999999999
vertex 5.563446923082408 35.74298215361939 0.7999999999999999
vertex 5.309000000000106 32.2833615583358 0.7999999999999999
endloop
endfacet
facet normal -1.272680725795104e-18 -9.722402100885498e-19 -1.0
outer loop
vertex 5.563446923082408 35.74298215361939 0.7999999999999999
vertex 5.018281835077404 39.522812149537245 0.7999999999999999
vertex 6.557694405565994 42.87576365880015 0.7999999999999999
endloop
endfacet
facet normal -1.272680725795104e-18 -9.722402100885498e-19 -1.0
outer loop
vertex 5.563446923082408 35.74298215361939 0.7999999999999999
vertex 6.557694405565994 42.87576365880015 0.7999999999999999
vertex 6.369331241303753 39.05306588621348 0.7999999999999999
endloop
endfacet
facet normal -1.272680725795104e-18 -9.722402100885498e-19 -1.0
outer loop
vertex 6.369331241303753 39.05306588621348 0.7999999999999999
vertex 6.557694405565994 42.87576365880015 0.7999999999999999
vertex 7.790467897779346 42.14840393174099 0.7999999999999999
endloop
endfacet
facet normal -1.272680725795104e-18 -9.722402100885498e-19 -1.0
outer loop
vertex 7.790467897779346 42.14840393174099 0.7999999999999999
vertex 6.557694405565994 42.87576365880015 0.7999999999999999
vertex 8.327153815249691 42.87576365880015 0.7999999999999999
endloop
endfacet
facet normal -1.272680725795104e-18 -9.722402100885498e-19 -1.0
outer loop
vertex 11.051315873875524 47.95954601785284 0.7999999999999999
vertex 11.225063913800218 46.77386155833573 0.8000000000000003
vertex 9.770668688382628 46.77386155833573 0.7999999999999999
endloop
endfacet
facet normal -1.272680725795104e-18 -9.722402100885498e-19 -1.0
outer loop
vertex 11.225063913800218 46.77386155833573 0.8000000000000003
vertex 11.051315873875524 47.95954601785284 0.7999999999999999
vertex 13.673428493803033 49.70106502165123 0.7999999999999999
endloop
endfacet
facet normal -1.272680725795104e-18 -9.722402100885498e-19 -1.0
outer loop
vertex 11.225063913800218 46.77386155833573 0.8000000000000003
vertex 13.673428493803033 49.70106502165123 0.7999999999999999
vertex 11.225063913800218 46.18003744422518 0.8000000000000003
endloop
endfacet
facet normal -1.272680725795104e-18 -9.722402100885498e-19 -1.0
outer loop
vertex 11.225063913800218 46.18003744422518 0.8000000000000003
vertex 13.673428493803033 49.70106502165123 0.7999999999999999
vertex 11.866448031057926 46.77386155833573 0.8000000000000003
endloop
endfacet
facet normal -1.272680725795104e-18 -9.722402100885498e-19 -1.0
outer loop
vertex 11.866448031057926 46.77386155833573 0.8000000000000003
vertex 13.673428493803033 49.70106502165123 0.7999999999999999
vertex 11.93452959102318 46.83689472511656 0.7999999999999999
endloop
endfacet
facet normal -1.272680725795104e-18 -9.722402100885498e-19 -1.0
outer loop
vertex 11.93452959102318 46.83689472511656 0.7999999999999999
vertex 13.673428493803033 49.70106502165123 0.7999999999999999
vertex 14.377786447042197 48.45962374658596 0.7999999999999999
endloop
endfacet
facet normal -1.272680725795104e-18 -9.722402100885498e-19 -1.0
outer loop
vertex 14.377786447042197 48.45962374658596 0.7999999999999999
vertex 13.673428493803033 49.70106502165123 0.7999999999999999
vertex 16.505505954092968 51.054802691682234 0.7999999999999999
endloop
endfacet
facet normal -1.272680725795104e-18 -9.722402100885498e-19 -1.0
outer loop
vertex 14.377786447042197 48.45962374658596 0.7999999999999999
vertex 16.505505954092968 51.054802691682234 0.7999999999999999
vertex 17.037773110997662 49.731101733776526 0.7999999999999999
endloop
endfacet
facet normal -1.272680725795104e-18 -9.722402100885498e-19 -1.0
outer loop
vertex 17.037773110997662 49.731101733776526 0.7999999999999999
vertex 16.505505954092968 51.054802691682234 0.7999999999999999
vertex 19.82198486975579 52.149232685833816 0.7999999999999999
endloop
endfacet
facet normal -1.272680725795104e-18 -9.722402100885498e-19 -1.0
outer loop
vertex 17.037773110997662 49.731101733776526 0.7999999999999999
vertex 19.82198486975579 52.149232685833816 0.7999999999999999
vertex 20.188527478469407 50.77084302918473 0.7999999999999999
endloop
endfacet
facet normal -1.272680725795104e-18 -9.722402100885498e-19 -1.0
outer loop
vertex 20.188527478469407 50.77084302918473 0.7999999999999999
vertex 19.82198486975579 52.149232685833816 0.7999999999999999
vertex 23.50809883769111 52.90053914558015 0.7999999999999999
endloop
endfacet
facet normal -1.272680725795104e-18 -9.722402100885498e-19 -1.0
outer loop
vertex 20.188527478469407 50.77084302918473 0.7999999999999999
vertex 23.50809883769111 52.90053914558015 0.7999999999999999
vertex 23.720565810043514 51.49074567941916 0.7999999999999999
endloop
endfacet
facet normal -1.272680725795104e-18 -9.722402100885498e-19 -1.0
outer loop
vertex 23.720565810043514 51.49074567941916 0.7999999999999999
vertex 23.50809883769111 52.90053914558015 0.7999999999999999
vertex 27.242316595175428 53.26803694577793 0.7999999999999999
endloop
endfacet
facet normal -1.272680725795104e-18 -9.722402100885498e-19 -1.0
outer loop
vertex 23.720565810043514 51.49074567941916 0.7999999999999999
vertex 27.242316595175428 53.26803694577793 0.7999999999999999
vertex 27.320350061125552 51.84501339474135 0.7999999999999999
endloop
endfacet
facet normal -1.272680725795104e-18 -9.722402100885498e-19 -1.0
outer loop
vertex 27.320350061125552 51.84501339474135 0.7999999999999999
vertex 27.242316595175428 53.26803694577793 0.7999999999999999
vertex 30.961004535145836 53.31067478219939 0.7999999999999999
endloop
endfacet
facet normal -1.272680725795104e-18 -9.722402100885498e-19 -1.0
outer loop
vertex 27.320350061125552 51.84501339474135 0.7999999999999999
vertex 30.961004535145836 53.31067478219939 0.7999999999999999
vertex 30.91729754175302 51.88625537599155 0.7999999999999999
endloop
endfacet
facet normal -1.272680725795104e-18 -9.722402100885498e-19 -1.0
outer loop
vertex 30.91729754175302 51.88625537599155 0.7999999999999999
vertex 30.961004535145836 53.31067478219939 0.7999999999999999
vertex 36.753637553266856 51.46053413312178 0.7999999999999999
endloop
endfacet
facet normal -1.272680725795104e-18 -9.722402100885498e-19 -1.0
outer loop
vertex 36.753637553266856 51.46053413312178 0.7999999999999999
vertex 30.961004535145836 53.31067478219939 0.7999999999999999
vertex 36.90800967229719 52.876881272337755 0.7999999999999999
endloop
endfacet
facet normal -1.272680725795104e-18 -9.722402100885498e-19 -1.0
outer loop
vertex 36.753637553266856 51.46053413312178 0.7999999999999999
vertex 36.90800967229719 52.876881272337755 0.7999999999999999
vertex 38.37052467437728 51.22555961037151 0.7999999999999999
endloop
endfacet
facet normal -1.272680725795104e-18 -9.722402100885498e-19 -1.0
outer loop
vertex 38.37052467437728 51.22555961037151 0.7999999999999999
vertex 36.90800967229719 52.876881272337755 0.7999999999999999
vertex 38.60117596281572 52.63082146033413 0.7999999999999999
endloop
endfacet
facet normal -1.272680725795104e-18 -9.722402100885498e-19 -1.0
outer loop
vertex 38.37052467437728 51.22555961037151 0.7999999999999999
vertex 38.60117596281572 52.63082146033413 0.7999999999999999
vertex 39.977690505716026 50.931357334153645 0.7999999999999999
endloop
endfacet
facet normal -1.272680725795104e-18 -9.722402100885498e-19 -1.0
outer loop
vertex 39.977690505716026 50.931357334153645 0.7999999999999999
vertex 38.60117596281572 52.63082146033413 0.7999999999999999
vertex 40.25979972577971 52.32719947127863 0.7999999999999999
endloop
endfacet
facet normal -1.272680725795104e-18 -9.722402100885498e-19 -1.0
outer loop
vertex 39.977690505716026 50.931357334153645 0.7999999999999999
vertex 40.25979972577971 52.32719947127863 0.7999999999999999
vertex 41.572966243163926 50.57832431832698 0.7999999999999999
endloop
endfacet
facet normal -1.272680725795104e-18 -9.722402100885498e-19 -1.0
outer loop
vertex 41.572966243163926 50.57832431832698 0.7999999999999999
vertex 40.25979972577971 52.32719947127863 0.7999999999999999
vertex 41.90615270007586 51.962863111120086 0.7999999999999999
endloop
endfacet
facet normal -1.272680725795104e-18 -9.722402100885498e-19 -1.0
outer loop
vertex 41.572966243163926 50.57832431832698 0.7999999999999999
vertex 41.90615270007586 51.962863111120086 0.7999999999999999
vertex 43.154199127794975 50.16693696641118 0.7999999999999999
endloop
endfacet
facet normal -1.272680725795104e-18 -9.722402100885498e-19 -1.0
outer loop
vertex 43.154199127794975 50.16693696641118 0.7999999999999999
vertex 41.90615270007586 51.962863111120086 0.7999999999999999
vertex 43.564455506636484 51.53142457547092 0.7999999999999999
endloop
endfacet
facet normal -1.272680725795104e-18 -9.722402100885498e-19 -1.0
outer loop
vertex 43.154199127794975 50.16693696641118 0.7999999999999999
vertex 43.564455506636484 51.53142457547092 0.7999999999999999
vertex 44.716329999697656 49.63254700122299 0.7999999999999999
endloop
endfacet
facet normal -1.272680725795104e-18 -9.722402100885498e-19 -1.0
outer loop
vertex 44.716329999697656 49.63254700122299 0.7999999999999999
vertex 43.564455506636484 51.53142457547092 0.7999999999999999
vertex 45.221404066307905 50.9645983901316 0.7999999999999999
endloop
endfacet
facet normal -1.272680725795104e-18 -9.722402100885498e-19 -1.0
outer loop
vertex 44.716329999697656 49.63254700122299 0.7999999999999999
vertex 45.221404066307905 50.9645983901316 0.7999999999999999
vertex 46.240056632201174 48.996872048715375 0.7999999999999999
endloop
endfacet
facet normal -1.272680725795104e-18 -9.722402100885498e-19 -1.0
outer loop
vertex 46.240056632201174 48.996872048715375 0.7999999999999999
vertex 45.221404066307905 50.9645983901316 0.7999999999999999
vertex 46.83139155341447 50.292936756362764 0.7999999999999999
endloop
endfacet
facet normal -1.272680725795104e-18 -9.722402100885498e-19 -1.0
outer loop
vertex 46.240056632201174 48.996872048715375 0.7999999999999999
vertex 46.83139155341447 50.292936756362764 0.7999999999999999
vertex 47.7188200219233 48.26264842265638 0.7999999999999999
endloop
endfacet
facet normal -1.272680725795104e-18 -9.722402100885498e-19 -1.0
outer loop
vertex 47.7188200219233 48.26264842265638 0.7999999999999999
vertex 46.83139155341447 50.292936756362764 0.7999999999999999
vertex 48.393870349189285 49.51714743465825 0.7999999999999999
endloop
endfacet
facet normal -1.272680725795104e-18 -9.722402100885498e-19 -1.0
outer loop
vertex 47.7188200219233 48.26264842265638 0.7999999999999999
vertex 48.393870349189285 49.51714743465825 0.7999999999999999
vertex 49.14625471336365 47.433036647475824 0.7999999999999999
endloop
endfacet
facet normal -1.272680725795104e-18 -9.722402100885498e-19 -1.0
outer loop
vertex 49.14625471336365 47.433036647475824 0.7999999999999999
vertex 48.393870349189285 49.51714743465825 0.7999999999999999
vertex 49.93239894592739 48.62296891429592 0.7999999999999999
endloop
endfacet
facet normal -1.272680725795104e-18 -9.722402100885498e-19 -1.0
outer loop
vertex 49.14625471336365 47.433036647475824 0.7999999999999999
vertex 49.93239894592739 48.62296891429592 0.7999999999999999
vertex 50.28642029183621 46.58201357322084 0.7999999999999989
endloop
endfacet
facet normal -1.272680725795104e-18 -9.722402100885498e-19 -1.0
outer loop
vertex 50.28642029183621 46.58201357322084 0.7999999999999989
vertex 49.93239894592739 48.62296891429592 0.7999999999999999
vertex 51.18229476689916 47.69004285149792 0.7999999999999999
endloop
endfacet
facet normal -1.272680725795104e-18 -9.722402100885498e-19 -1.0
outer loop
vertex 50.28642029183621 46.58201357322084 0.7999999999999989
vertex 51.18229476689916 47.69004285149792 0.7999999999999999
vertex 51.35732163301132 45.64532358356727 0.7999999999999985
endloop
endfacet
facet normal -1.272680725795104e-18 -9.722402100885498e-19 -1.0
outer loop
vertex 51.35732163301132 45.64532358356727 0.7999999999999985
vertex 51.18229476689916 47.69004285149792 0.7999999999999999
vertex 52.33624208447516 46.680714672139096 0.7999999999999999
endloop
endfacet
facet normal -1.272680725795104e-18 -9.722402100885498e-19 -1.0
outer loop
vertex 51.35732163301132 45.64532358356727 0.7999999999999985
vertex 52.33624208447516 46.680714672139096 0.7999999999999999
vertex 52.352538064823406 44.628582676011156 0.7999999999999989
endloop
endfacet
facet normal -1.272680725795104e-18 -9.722402100885498e-19 -1.0
outer loop
vertex 52.352538064823406 44.628582676011156 0.7999999999999989
vertex 52.33624208447516 46.680714672139096 0.7999999999999999
vertex 53.40863529918385 45.58512780728665 0.7999999999999999
endloop
endfacet
facet normal -1.272680725795104e-18 -9.722402100885498e-19 -1.0
outer loop
vertex 52.352538064823406 44.628582676011156 0.7999999999999989
vertex 53.40863529918385 45.58512780728665 0.7999999999999999
vertex 53.26610268995352 43.537886799536516 0.7999999999999999
endloop
endfacet
facet normal -1.272680725795104e-18 -9.722402100885498e-19 -1.0
outer loop
vertex 53.26610268995352 43.537886799536516 0.7999999999999999
vertex 53.40863529918385 45.58512780728665 0.7999999999999999
vertex 54.22401401228286 41.79923549122147 0.7999999999999999
endloop
endfacet
facet normal -1.272680725795104e-18 -9.722402100885498e-19 -1.0
outer loop
vertex 54.22401401228286 41.79923549122147 0.7999999999999999
vertex 53.40863529918385 45.58512780728665 0.7999999999999999
vertex 54.44643516689971 44.34610868900289 0.7999999999999999
endloop
endfacet
facet normal -1.272680725795104e-18 -9.722402100885498e-19 -1.0
outer loop
vertex 54.22401401228286 41.79923549122147 0.7999999999999999
vertex 54.44643516689971 44.34610868900289 0.7999999999999999
vertex 55.06195262597846 39.81635067541362 0.7999999999999999
endloop
endfacet
facet normal -1.272680725795104e-18 -9.722402100885498e-19 -1.0
outer loop
vertex 55.06195262597846 39.81635067541362 0.7999999999999999
vertex 54.44643516689971 44.34610868900289 0.7999999999999999
vertex 55.506764669370405 42.42156386554869 0.7999999999999999
endloop
endfacet
facet normal -1.272680725795104e-18 -9.722402100885498e-19 -1.0
outer loop
vertex 55.06195262597846 39.81635067541362 0.7999999999999999
vertex 55.506764669370405 42.42156386554869 0.7999999999999999
vertex 55.65064694445359 37.735463525112564 0.7999999999999999
endloop
endfacet
facet normal -1.272680725795104e-18 -9.722402100885498e-19 -1.0
outer loop
vertex 55.65064694445359 37.735463525112564 0.7999999999999999
vertex 55.506764669370405 42.42156386554869 0.7999999999999999
vertex 56.40792035972277 40.28908314933388 0.7999999999999999
endloop
endfacet
facet normal -1.272680725795104e-18 -9.722402100885498e-19 -1.0
outer loop
vertex 55.65064694445359 37.735463525112564 0.7999999999999999
vertex 56.40792035972277 40.28908314933388 0.7999999999999999
vertex 55.926035871262435 36.27616819635442 0.7999999999999999
endloop
endfacet
facet normal -1.272680725795104e-18 -9.722402100885498e-19 -1.0
outer loop
vertex 55.926035871262435 36.27616819635442 0.7999999999999999
vertex 56.40792035972277 40.28908314933388 0.7999999999999999
vertex 56.00282388644111 35.79729104046063 0.7999999999999999
endloop
endfacet
facet normal -1.272680725795104e-18 -9.722402100885498e-19 -1.0
outer loop
vertex 56.00282388644111 35.79729104046063 0.7999999999999999
vertex 56.40792035972277 40.28908314933388 0.7999999999999999
vertex 56.06130715531146 35.40284270921961 0.7999999999999999
endloop
endfacet
facet normal -1.272680725795104e-18 -9.722402100885498e-19 -1.0
outer loop
vertex 56.06130715531146 35.40284270921961 0.7999999999999999
vertex 56.40792035972277 40.28908314933388 0.7999999999999999
vertex 56.10440418344456 35.072586863646464 0.7999999999999999
endloop
endfacet
facet normal -1.272680725795104e-18 -9.722402100885498e-19 -1.0
outer loop
vertex 56.10440418344456 35.072586863646464 0.7999999999999999
vertex 56.40792035972277 40.28908314933388 0.7999999999999999
vertex 56.13503347640963 34.78628716475637 0.7999999999999999
endloop
endfacet
facet normal -1.272680725795104e-18 -9.722402100885498e-19 -1.0
outer loop
vertex 56.13503347640963 34.78628716475637 0.7999999999999999
vertex 56.40792035972277 40.28908314933388 0.7999999999999999
vertex 56.15611353977781 34.52370727356445 0.7999999999999999
endloop
endfacet
facet normal -1.272680725795104e-18 -9.722402100885498e-19 -1.0
outer loop
vertex 56.15611353977781 34.52370727356445 0.7999999999999999
vertex 56.40792035972277 40.28908314933388 0.7999999999999999
vertex 56.170562879117696 34.264610851085855 0.7999999999999999
endloop
endfacet
facet normal -1.272680725795104e-18 -9.722402100885498e-19 -1.0
outer loop
vertex 56.170562879117696 34.264610851085855 0.7999999999999999
vertex 56.40792035972277 40.28908314933388 0.7999999999999999
vertex 56.18129999999987 33.98876155833579 0.7999999999999999
endloop
endfacet
facet normal -1.272680725795104e-18 -9.722402100885498e-19 -1.0
outer loop
vertex 56.18129999999987 33.98876155833579 0.7999999999999999
vertex 56.40792035972277 40.28908314933388 0.7999999999999999
vertex 56.19104619367312 33.04151053421198 0.7999999999999999
endloop
endfacet
facet normal -1.272680725795104e-18 -9.722402100885498e-19 -1.0
outer loop
vertex 56.19104619367312 33.04151053421198 0.7999999999999999
vertex 56.40792035972277 40.28908314933388 0.7999999999999999
vertex 56.19525061447423 31.1843515901974 0.7999999999999999
endloop
endfacet
facet normal -1.272680725795104e-18 -9.722402100885498e-19 -1.0
outer loop
vertex 56.19525061447423 31.1843515901974 0.7999999999999999
vertex 56.40792035972277 40.28908314933388 0.7999999999999999
vertex 56.266465323402 21.153366668206942 0.7999999999999999
endloop
endfacet
facet normal -1.272680725795104e-18 -9.722402100885498e-19 -1.0
outer loop
vertex 56.266465323402 21.153366668206942 0.7999999999999999
vertex 56.40792035972277 40.28908314933388 0.7999999999999999
vertex 57.34953925991456 24.98315680151465 0.7999999999999999
endloop
endfacet
facet normal -1.272680725795104e-18 -9.722402100885498e-19 -1.0
outer loop
vertex 57.34953925991456 24.98315680151465 0.7999999999999999
vertex 56.40792035972277 40.28908314933388 0.7999999999999999
vertex 57.037994870911135 38.061927369301955 0.7999999999999999
endloop
endfacet
facet normal -1.272680725795104e-18 -9.722402100885498e-19 -1.0
outer loop
vertex 57.34953925991456 24.98315680151465 0.7999999999999999
vertex 57.037994870911135 38.061927369301955 0.7999999999999999
vertex 57.328798825508855 36.520947281808745 0.7999999999999999
endloop
endfacet
facet normal -1.272680725795104e-18 -9.722402100885498e-19 -1.0
outer loop
vertex 57.34953925991456 24.98315680151465 0.7999999999999999
vertex 57.328798825508855 36.520947281808745 0.7999999999999999
vertex 57.41001974724499 36.01442495654883 0.7999999999999999
endloop
endfacet
facet normal -1.272680725795104e-18 -9.722402100885498e-19 -1.0
outer loop
vertex 57.34953925991456 24.98315680151465 0.7999999999999999
vertex 57.41001974724499 36.01442495654883 0.7999999999999999
vertex 57.381506867480304 25.433224406117077 0.8000000000000006
endloop
endfacet
facet normal -1.272680725795104e-18 -9.722402100885498e-19 -1.0
outer loop
vertex 57.381506867480304 25.433224406117077 0.8000000000000006
vertex 57.41001974724499 36.01442495654883 0.7999999999999999
vertex 57.413474475046 25.8832920107195 0.7999999999999999
endloop
endfacet
facet normal -1.272680725795104e-18 -9.722402100885498e-19 -1.0
outer loop
vertex 57.413474475046 25.8832920107195 0.7999999999999999
vertex 57.41001974724499 36.01442495654883 0.7999999999999999
vertex 57.47155542980352 35.599389207594214 0.7999999999999999
endloop
endfacet
facet normal -1.272680725795104e-18 -9.722402100885498e-19 -1.0
outer loop
vertex 57.413474475046 25.8832920107195 0.7999999999999999
vertex 57.47155542980352 35.599389207594214 0.7999999999999999
vertex 57.46704498718042 26.63762494676549 0.7999999999999999
endloop
endfacet
facet normal -1.272680725795104e-18 -9.722402100885498e-19 -1.0
outer loop
vertex 57.46704498718042 26.63762494676549 0.7999999999999999
vertex 57.47155542980352 35.599389207594214 0.7999999999999999
vertex 57.521947669519285 27.411335779864107 0.7999999999999999
endloop
endfacet
facet normal -1.272680725795104e-18 -9.722402100885498e-19 -1.0
outer loop
vertex 57.521947669519285 27.411335779864107 0.7999999999999999
vertex 57.47155542980352 35.599389207594214 0.7999999999999999
vertex 57.51839413670925 35.240460589435294 0.7999999999999999
endloop
endfacet
facet normal -1.272680725795104e-18 -9.722402100885498e-19 -1.0
outer loop
vertex 57.521947669519285 27.411335779864107 0.7999999999999999
vertex 57.51839413670925 35.240460589435294 0.7999999999999999
vertex 57.55278394096635 34.91901044643426 0.7999999999999999
endloop
endfacet
facet normal -1.272680725795104e-18 -9.722402100885498e-19 -1.0
outer loop
vertex 57.521947669519285 27.411335779864107 0.7999999999999999
vertex 57.55278394096635 34.91901044643426 0.7999999999999999
vertex 57.54486661458375 27.937088485323397 0.7999999999999999
endloop
endfacet
facet normal -1.272680725795104e-18 -9.722402100885498e-19 -1.0
outer loop
vertex 57.54486661458375 27.937088485323397 0.7999999999999999
vertex 57.55278394096635 34.91901044643426 0.7999999999999999
vertex 57.591667092739584 29.010675334027777 0.7999999999999999
endloop
endfacet
facet normal -1.272680725795104e-18 -9.722402100885498e-19 -1.0
outer loop
vertex 57.591667092739584 29.010675334027777 0.7999999999999999
vertex 57.55278394096635 34.91901044643426 0.7999999999999999
vertex 57.57676205203938 34.62033156265946 0.7999999999999999
endloop
endfacet
facet normal -1.272680725795104e-18 -9.722402100885498e-19 -1.0
outer loop
vertex 57.591667092739584 29.010675334027777 0.7999999999999999
vertex 57.57676205203938 34.62033156265946 0.7999999999999999
vertex 57.59284482233635 34.3319454884331 0.7999999999999999
endloop
endfacet
facet normal -1.272680725795104e-18 -9.722402100885498e-19 -1.0
outer loop
vertex 57.591667092739584 29.010675334027777 0.7999999999999999
vertex 57.59284482233635 34.3319454884331 0.7999999999999999
vertex 57.61909570123836 31.176949608687536 0.7999999999999999
endloop
endfacet
facet normal -1.272680725795104e-18 -9.722402100885498e-19 -1.0
outer loop
vertex 57.61909570123836 31.176949608687536 0.7999999999999999
vertex 57.59284482233635 34.3319454884331 0.7999999999999999
vertex 57.604839714681866 34.02378256408513 0.7999999999999999
endloop
endfacet
facet normal -1.272680725795104e-18 -9.722402100885498e-19 -1.0
outer loop
vertex 57.61909570123836 31.176949608687536 0.7999999999999999
vertex 57.604839714681866 34.02378256408513 0.7999999999999999
vertex 57.614854292300066 33.05044679597444 0.7999999999999999
endloop
endfacet
facet normal -1.272680725795104e-18 -9.722402100885498e-19 -1.0
outer loop
vertex 57.61909570123836 31.176949608687536 0.7999999999999999
vertex 57.614854292300066 33.05044679597444 0.7999999999999999
vertex 57.6155132922374 32.75935613572777 0.7999999999999999
endloop
endfacet
facet normal -1.272680725795104e-18 -9.722402100885498e-19 -1.0
outer loop
vertex 4.152114368881471 35.96512182757571 0.7999999999999999
vertex 4.261836272765188 27.22601302891239 0.7999999999999999
vertex 3.881239431884414 32.28213561013729 0.7999999999999999
endloop
endfacet
facet normal -1.272680725795104e-18 -9.722402100885498e-19 -1.0
outer loop
vertex 4.261836272765188 27.22601302891239 0.7999999999999999
vertex 4.152114368881471 35.96512182757571 0.7999999999999999
vertex 5.018281835077404 39.522812149537245 0.7999999999999999
endloop
endfacet
facet normal -1.272680725795104e-18 -9.722402100885498e-19 -1.0
outer loop
vertex 4.261836272765188 27.22601302891239 0.7999999999999999
vertex 5.018281835077404 39.522812149537245 0.7999999999999999
vertex 5.3832217700160765 22.281131062404363 0.7999999999999999
endloop
endfacet
facet normal -1.272680725795104e-18 -9.722402100885498e-19 -1.0
outer loop
vertex 5.3832217700160765 22.281131062404363 0.7999999999999999
vertex 5.018281835077404 39.522812149537245 0.7999999999999999
vertex 5.309000000000106 32.2833615583358 0.7999999999999999
endloop
endfacet
facet normal -1.272680725795104e-18 -9.722402100885498e-19 -1.0
outer loop
vertex 5.3832217700160765 22.281131062404363 0.7999999999999999
vertex 5.309000000000106 32.2833615583358 0.7999999999999999
vertex 5.673727766036797 27.438055197962576 0.7999999999999999
endloop
endfacet
facet normal -1.272680725795104e-18 -9.722402100885498e-19 -1.0
outer loop
vertex 5.3832217700160765 22.281131062404363 0.7999999999999999
vertex 5.673727766036797 27.438055197962576 0.7999999999999999
vertex 7.215284982218283 17.553869124072946 0.7999999999999999
endloop
endfacet
facet normal -1.272680725795104e-18 -9.722402100885498e-19 -1.0
outer loop
vertex 7.215284982218283 17.553869124072946 0.7999999999999999
vertex 5.673727766036797 27.438055197962576 0.7999999999999999
vertex 6.748645589986696 22.698077932197993 0.7999999999999999
endloop
endfacet
facet normal -1.272680725795104e-18 -9.722402100885498e-19 -1.0
outer loop
vertex 7.215284982218283 17.553869124072946 0.7999999999999999
vertex 6.748645589986696 22.698077932197993 0.7999999999999999
vertex 8.50485526061174 18.166540441361974 0.7999999999999999
endloop
endfacet
facet normal -1.272680725795104e-18 -9.722402100885498e-19 -1.0
outer loop
vertex 7.215284982218283 17.553869124072946 0.7999999999999999
vertex 8.50485526061174 18.166540441361974 0.7999999999999999
vertex 9.679785783736822 13.222704057689253 0.7999999999999999
endloop
endfacet
facet normal -1.272680725795104e-18 -9.722402100885498e-19 -1.0
outer loop
vertex 9.679785783736822 13.222704057689253 0.7999999999999999
vertex 8.50485526061174 18.166540441361974 0.7999999999999999
vertex 10.864677242028263 14.01934011483058 0.7999999999999999
endloop
endfacet
facet normal -1.272680725795104e-18 -9.722402100885498e-19 -1.0
outer loop
vertex 9.679785783736822 13.222704057689253 0.7999999999999999
vertex 10.864677242028263 14.01934011483058 0.7999999999999999
vertex 12.632761382126269 9.468464412013349 0.7999999999999999
endloop
endfacet
facet normal -1.272680725795104e-18 -9.722402100885498e-19 -1.0
outer loop
vertex 12.632761382126269 9.468464412013349 0.7999999999999999
vertex 10.864677242028263 14.01934011483058 0.7999999999999999
vertex 13.68297050092465 10.436327681046583 0.7999999999999999
endloop
endfacet
facet normal -1.272680725795104e-18 -9.722402100885498e-19 -1.0
outer loop
vertex 12.632761382126269 9.468464412013349 0.7999999999999999
vertex 13.68297050092465 10.436327681046583 0.7999999999999999
vertex 16.14028303819929 6.21354495143494 0.7999999999999999
endloop
endfacet
facet normal -1.272680725795104e-18 -9.722402100885498e-19 -1.0
outer loop
vertex 16.14028303819929 6.21354495143494 0.7999999999999999
vertex 13.68297050092465 10.436327681046583 0.7999999999999999
vertex 17.01914428567313 7.340416082882258 0.7999999999999999
endloop
endfacet
facet normal -1.272680725795104e-18 -9.722402100885498e-19 -1.0
outer loop
vertex 16.14028303819929 6.21354495143494 0.7999999999999999
vertex 17.01914428567313 7.340416082882258 0.7999999999999999
vertex 20.1521025156953 3.604109147396468 0.7999999999999999
endloop
endfacet
facet normal -1.272680725795104e-18 -9.722402100885498e-19 -1.0
outer loop
vertex 20.1521025156953 3.604109147396468 0.7999999999999999
vertex 17.01914428567313 7.340416082882258 0.7999999999999999
vertex 20.831549174866115 4.860686904350076 0.7999999999999999
endloop
endfacet
facet normal -1.272680725795104e-18 -9.722402100885498e-19 -1.0
outer loop
vertex 20.1521025156953 3.604109147396468 0.7999999999999999
vertex 20.831549174866115 4.860686904350076 0.7999999999999999
vertex 23.394327718604565 2.1768355244525135 0.7999999999999999
endloop
endfacet
facet normal -1.272680725795104e-18 -9.722402100885498e-19 -1.0
outer loop
vertex 23.394327718604565 2.1768355244525135 0.7999999999999999
vertex 20.831549174866115 4.860686904350076 0.7999999999999999
vertex 23.886156412361935 3.516005376792719 0.7999999999999999
endloop
endfacet
facet normal -1.272680725795104e-18 -9.722402100885498e-19 -1.0
outer loop
vertex 23.394327718604565 2.1768355244525135 0.7999999999999999
vertex 23.886156412361935 3.516005376792719 0.7999999999999999
vertex 25.855200845274982 1.4444732763905688 0.7999999999999999
endloop
endfacet
facet normal -1.272680725795104e-18 -9.722402100885498e-19 -1.0
outer loop
vertex 25.855200845274982 1.4444732763905688 0.7999999999999999
vertex 23.886156412361935 3.516005376792719 0.7999999999999999
vertex 26.18749957679654 2.8311196607431013 0.7999999999999999
endloop
endfacet
facet normal -1.272680725795104e-18 -9.722402100885498e-19 -1.0
outer loop
vertex 25.855200845274982 1.4444732763905688 0.7999999999999999
vertex 26.18749957679654 2.8311196607431013 0.7999999999999999
vertex 28.365061152506946 0.9847544062555703 0.7999999999999999
endloop
endfacet
facet normal -1.272680725795104e-18 -9.722402100885498e-19 -1.0
outer loop
vertex 28.365061152506946 0.9847544062555703 0.7999999999999999
vertex 26.18749957679654 2.8311196607431013 0.7999999999999999
vertex 28.544820742837587 2.3993406410602285 0.7999999999999999
endloop
endfacet
facet normal -1.272680725795104e-18 -9.722402100885498e-19 -1.0
outer loop
vertex 28.365061152506946 0.9847544062555703 0.7999999999999999
vertex 28.544820742837587 2.3993406410602285 0.7999999999999999
vertex 30.939593115892322 0.7999999999999985 0.7999999999999999
endloop
endfacet
facet normal -1.272680725795104e-18 -9.722402100885498e-19 -1.0
outer loop
vertex 30.939593115892322 0.7999999999999985 0.7999999999999999
vertex 28.544820742837587 2.3993406410602285 0.7999999999999999
vertex 30.946000982139555 2.227026358023905 0.7999999999999999
endloop
endfacet
facet normal -1.272680725795104e-18 -9.722402100885498e-19 -1.0
outer loop
vertex 30.939593115892322 0.7999999999999985 0.7999999999999999
vertex 30.946000982139555 2.227026358023905 0.7999999999999999
vertex 34.99366470076 1.054356443343573 0.7999999999999999
endloop
endfacet
facet normal -1.272680725795104e-18 -9.722402100885498e-19 -1.0
outer loop
vertex 34.99366470076 1.054356443343573 0.7999999999999999
vertex 30.946000982139555 2.227026358023905 0.7999999999999999
vertex 34.782788184781054 2.4677501652632228 0.7999999999999999
endloop
endfacet
facet normal -1.272680725795104e-18 -9.722402100885498e-19 -1.0
outer loop
vertex 34.99366470076 1.054356443343573 0.7999999999999999
vertex 34.782788184781054 2.4677501652632228 0.7999999999999999
vertex 38.6580255884818 3.389649195131543 0.7999999999999999
endloop
endfacet
facet normal -1.272680725795104e-18 -9.722402100885498e-19 -1.0
outer loop
vertex 34.99366470076 1.054356443343573 0.7999999999999999
vertex 38.6580255884818 3.389649195131543 0.7999999999999999
vertex 39.118146210950314 2.0355493631176316 0.7999999999999999
endloop
endfacet
facet normal -1.272680725795104e-18 -9.722402100885498e-19 -1.0
outer loop
vertex 39.118146210950314 2.0355493631176316 0.7999999999999999
vertex 38.6580255884818 3.389649195131543 0.7999999999999999
vertex 42.289495062773476 5.018170318786383 0.7999999999999999
endloop
endfacet
facet normal -1.272680725795104e-18 -9.722402100885498e-19 -1.0
outer loop
vertex 39.118146210950314 2.0355493631176316 0.7999999999999999
vertex 42.289495062773476 5.018170318786383 0.7999999999999999
vertex 42.99952193763877 3.77614016375639 0.7999999999999999
endloop
endfacet
facet normal -1.272680725795104e-18 -9.722402100885498e-19 -1.0
outer loop
vertex 42.99952193763877 3.77614016375639 0.7999999999999999
vertex 42.289495062773476 5.018170318786383 0.7999999999999999
vertex 45.807784517378174 7.5144799604966614 0.7999999999999999
endloop
endfacet
facet normal -1.272680725795104e-18 -9.722402100885498e-19 -1.0
outer loop
vertex 42.99952193763877 3.77614016375639 0.7999999999999999
vertex 45.807784517378174 7.5144799604966614 0.7999999999999999
vertex 46.68963907285928 6.394365611817402 0.7999999999999999
endloop
endfacet
facet normal -1.272680725795104e-18 -9.722402100885498e-19 -1.0
outer loop
vertex 46.68963907285928 6.394365611817402 0.7999999999999999
vertex 45.807784517378174 7.5144799604966614 0.7999999999999999
vertex 46.88137322705698 8.450021502345347 0.7999999999999999
endloop
endfacet
facet normal -1.272680725795104e-18 -9.722402100885498e-19 -1.0
outer loop
vertex 46.68963907285928 6.394365611817402 0.7999999999999999
vertex 46.88137322705698 8.450021502345347 0.7999999999999999
vertex 47.85644312096962 7.411136418331236 0.7999999999999999
endloop
endfacet
facet normal -1.272680725795104e-18 -9.722402100885498e-19 -1.0
outer loop
vertex 47.85644312096962 7.411136418331236 0.7999999999999999
vertex 46.88137322705698 8.450021502345347 0.7999999999999999
vertex 47.883006322181274 9.462227922412714 0.7999999999999999
endloop
endfacet
facet normal -1.272680725795104e-18 -9.722402100885498e-19 -1.0
outer loop
vertex 47.85644312096962 7.411136418331236 0.7999999999999999
vertex 47.883006322181274 9.462227922412714 0.7999999999999999
vertex 48.93207273002667 8.498120465885522 0.7999999999999999
endloop
endfacet
facet normal -1.272680725795104e-18 -9.722402100885498e-19 -1.0
outer loop
vertex 48.93207273002667 8.498120465885522 0.7999999999999999
vertex 47.883006322181274 9.462227922412714 0.7999999999999999
vertex 48.80722320483057 10.545580980237924 0.7999999999999999
endloop
endfacet
facet normal -1.272680725795104e-18 -9.722402100885498e-19 -1.0
outer loop
vertex 48.93207273002667 8.498120465885522 0.7999999999999999
vertex 48.80722320483057 10.545580980237924 0.7999999999999999
vertex 49.648985326647406 11.694174565606197 0.7999999999999999
endloop
endfacet
facet normal -1.272680725795104e-18 -9.722402100885498e-19 -1.0
outer loop
vertex 48.93207273002667 8.498120465885522 0.7999999999999999
vertex 49.648985326647406 11.694174565606197 0.7999999999999999
vertex 49.92456693674547 9.66150717078983 0.7999999999999999
endloop
endfacet
facet normal -1.272680725795104e-18 -9.722402100885498e-19 -1.0
outer loop
vertex 49.92456693674547 9.66150717078983 0.7999999999999999
vertex 49.648985326647406 11.694174565606197 0.7999999999999999
vertex 51.75379997829674 14.80743777914861 0.7999999999999999
endloop
endfacet
facet normal -1.272680725795104e-18 -9.722402100885498e-19 -1.0
outer loop
vertex 49.92456693674547 9.66150717078983 0.7999999999999999
vertex 51.75379997829674 14.80743777914861 0.7999999999999999
vertex 50.81339500877755 10.87432275796364 0.7999999999999999
endloop
endfacet
facet normal -1.272680725795104e-18 -9.722402100885498e-19 -1.0
outer loop
vertex 50.81339500877755 10.87432275796364 0.7999999999999999
vertex 51.75379997829674 14.80743777914861 0.7999999999999999
vertex 52.97576754955856 14.07272071662095 0.7999999999999999
endloop
endfacet
facet normal -1.272680725795104e-18 -9.722402100885498e-19 -1.0
outer loop
vertex 52.97576754955856 14.07272071662095 0.7999999999999999
vertex 51.75379997829674 14.80743777914861 0.7999999999999999
vertex 53.51643281816968 18.12644034413638 0.7999999999999999
endloop
endfacet
facet normal -1.272680725795104e-18 -9.722402100885498e-19 -1.0
outer loop
vertex 52.97576754955856 14.07272071662095 0.7999999999999999
vertex 53.51643281816968 18.12644034413638 0.7999999999999999
vertex 54.80945351268979 17.525514898903836 0.7999999999999999
endloop
endfacet
facet normal -1.272680725795104e-18 -9.722402100885498e-19 -1.0
outer loop
vertex 54.80945351268979 17.525514898903836 0.7999999999999999
vertex 53.51643281816968 18.12644034413638 0.7999999999999999
vertex 54.91698717550304 21.61371722542196 0.7999999999999999
endloop
endfacet
facet normal -1.272680725795104e-18 -9.722402100885498e-19 -1.0
outer loop
vertex 54.80945351268979 17.525514898903836 0.7999999999999999
vertex 54.91698717550304 21.61371722542196 0.7999999999999999
vertex 56.266465323402 21.153366668206942 0.7999999999999999
endloop
endfacet
facet normal -1.272680725795104e-18 -9.722402100885498e-19 -1.0
outer loop
vertex 56.266465323402 21.153366668206942 0.7999999999999999
vertex 54.91698717550304 21.61371722542196 0.7999999999999999
vertex 55.939653536083874 25.22990390057172 0.7999999999999999
endloop
endfacet
facet normal -1.272680725795104e-18 -9.722402100885498e-19 -1.0
outer loop
vertex 56.266465323402 21.153366668206942 0.7999999999999999
vertex 55.939653536083874 25.22990390057172 0.7999999999999999
vertex 55.993227317090074 25.984161886189042 0.7999999999999999
endloop
endfacet
facet normal -1.272680725795104e-18 -9.722402100885498e-19 -1.0
outer loop
vertex 56.266465323402 21.153366668206942 0.7999999999999999
vertex 55.993227317090074 25.984161886189042 0.7999999999999999
vertex 56.04679440466654 26.738446600587725 0.7999999999999999
endloop
endfacet
facet normal -1.272680725795104e-18 -9.722402100885498e-19 -1.0
outer loop
vertex 56.266465323402 21.153366668206942 0.7999999999999999
vertex 56.04679440466654 26.738446600587725 0.7999999999999999
vertex 56.10031967244668 27.492746349923273 0.7999999999999999
endloop
endfacet
facet normal -1.272680725795104e-18 -9.722402100885498e-19 -1.0
outer loop
vertex 56.266465323402 21.153366668206942 0.7999999999999999
vertex 56.10031967244668 27.492746349923273 0.7999999999999999
vertex 56.16823509899875 29.050702841904286 0.7999999999999999
endloop
endfacet
facet normal -1.272680725795104e-18 -9.722402100885498e-19 -1.0
outer loop
vertex 56.266465323402 21.153366668206942 0.7999999999999999
vertex 56.16823509899875 29.050702841904286 0.7999999999999999
vertex 56.19525061447423 31.1843515901974 0.7999999999999999
endloop
endfacet
facet normal -0.44793807820519205 -0.8940645827309341 8.313857452352192e-19
outer loop
vertex 57.69089132198019 25.27821873801206 3.84
vertex 57.381506867480304 25.433224406117077 -1.9099999999999735
vertex 57.69089132198019 25.27821873801206 -1.9099999999999735
endloop
endfacet
facet normal -0.44793807820519205 -0.8940645827309341 8.313857452352192e-19
outer loop
vertex 57.381506867480304 25.433224406117077 -1.9099999999999735
vertex 57.69089132198019 25.27821873801206 3.84
vertex 57.381506867480304 25.433224406117077 0.8000000000000006
endloop
endfacet
facet normal -0.44793807820519205 -0.8940645827309341 8.313857452352192e-19
outer loop
vertex 57.381506867480304 25.433224406117077 0.8000000000000006
vertex 57.69089132198019 25.27821873801206 3.84
vertex 57.381506867480304 25.433224406117077 2.43
endloop
endfacet
facet normal -0.44793807820519205 -0.8940645827309341 8.313857452352192e-19
outer loop
vertex 57.381506867480304 25.433224406117077 2.43
vertex 57.69089132198019 25.27821873801206 3.84
vertex 57.381506867480304 25.433224406117077 3.84
endloop
endfacet
facet normal 0.6793771900094803 -0.7337892297484494 -8.507243069566208e-16
outer loop
vertex 11.866448031057926 46.77386155833573 2.43
vertex 11.225063913800218 46.18003744422518 0.8000000000000003
vertex 11.866448031057926 46.77386155833573 0.8000000000000003
endloop
endfacet
facet normal 0.6793771900094803 -0.7337892297484494 -8.507243069566208e-16
outer loop
vertex 11.225063913800218 46.18003744422518 0.8000000000000003
vertex 9.773831325376543 44.83641685400275 2.43
vertex 9.773831325376543 44.83641685400275 0.7999999999999999
endloop
endfacet
facet normal 0.7453192318065003 -0.666707764091111 -4.2725237693571e-16
outer loop
vertex 9.773831325376543 44.83641685400275 2.43
vertex 11.225063913800218 46.18003744422518 0.8000000000000003
vertex 11.866448031057926 46.77386155833573 2.43
endloop
endfacet
facet normal 0.7453192318065003 -0.666707764091111 -4.2725237693571e-16
outer loop
vertex 9.773831325376543 44.83641685400275 2.43
vertex 11.866448031057926 46.77386155833573 2.43
vertex 11.225063913800218 46.18003744422517 2.43
endloop
endfacet
facet normal 0.0 -1.0 0.0
outer loop
vertex 8.327153815249691 42.87576365880015 2.43
vertex 6.557694405565994 42.87576365880015 0.7999999999999999
vertex 8.327153815249691 42.87576365880015 0.7999999999999999
endloop
endfacet
facet normal 0.0 -1.0 0.0
outer loop
vertex 6.557694405565994 42.87576365880015 0.7999999999999999
vertex 8.327153815249691 42.87576365880015 2.43
vertex 6.557694405565994 42.87576365880015 2.43
endloop
endfacet
facet normal 0.6793771900094845 -0.7337892297484454 -1.190487722598279e-17
outer loop
vertex 11.225063913800218 46.18003744422518 0.8000000000000003
vertex 9.773831325376543 44.83641685400275 -1.9099999999999946
vertex 11.225063913800218 46.18003744422518 -1.9099999999999946
endloop
endfacet
facet normal 0.7453192318065022 -0.6667077640911089 1.3451838756046736e-18
outer loop
vertex 9.773831325376543 44.83641685400275 -1.9099999999999946
vertex 11.225063913800218 46.18003744422518 0.8000000000000003
vertex 9.773831325376543 44.83641685400275 0.7999999999999999
endloop
endfacet
facet normal 0.7453192318065002 -0.666707764091111 -4.272523769357099e-16
outer loop
vertex 9.773831325376543 44.83641685400275 0.7999999999999999
vertex 8.327153815249691 42.87576365880015 2.43
vertex 8.327153815249691 42.87576365880015 0.7999999999999999
endloop
endfacet
facet normal 0.8046664833986498 -0.5937270841850241 0.0
outer loop
vertex 8.327153815249691 42.87576365880015 2.43
vertex 9.773831325376543 44.83641685400275 0.7999999999999999
vertex 9.773831325376543 44.83641685400275 2.43
endloop
endfacet
facet normal 0.0 -1.0 0.0
outer loop
vertex 8.327153815249691 42.87576365880015 0.7999999999999999
vertex 6.557694405565994 42.87576365880015 -1.9099999999999944
vertex 8.327153815249691 42.87576365880015 -1.909999999999995
endloop
endfacet
facet normal 0.0006329910072642313 -0.9999997996611723 -5.3550939763503306e-20
outer loop
vertex 6.557694405565994 42.87576365880015 -1.9099999999999944
vertex 8.327153815249691 42.87576365880015 0.7999999999999999
vertex 6.557694405565994 42.87576365880015 0.7999999999999999
endloop
endfacet
facet normal -1.9554251842712853e-16 9.058686924007031e-17 -1.0
outer loop
vertex 0.8204445042269456 46.32915298539725 -1.9099999999999928
vertex 0.8000000000002297 43.469234587335436 -1.9099999999999928
vertex 0.8000000000002297 46.17386155833573 -1.9099999999999928
endloop
endfacet
facet normal -1.9554251842712853e-16 9.058686924007031e-17 -1.0
outer loop
vertex 0.8000000000002297 43.469234587335436 -1.9099999999999928
vertex 0.8204445042269456 46.32915298539725 -1.9099999999999928
vertex 0.8150674086162379 43.33561623703559 -1.9099999999999928
endloop
endfacet
facet normal -1.9554251842712853e-16 9.058686924007031e-17 -1.0
outer loop
vertex 0.8150674086162379 43.33561623703559 -1.9099999999999928
vertex 0.8204445042269456 46.32915298539725 -1.9099999999999928
vertex 0.8595128784563658 43.208708827677626 -1.9099999999999928
endloop
endfacet
facet normal -1.9554251842712853e-16 9.058686924007031e-17 -1.0
outer loop
vertex 0.8595128784563658 43.208708827677626 -1.9099999999999928
vertex 0.8204445042269456 46.32915298539725 -1.9099999999999928
vertex 0.8803847577295099 46.473861558335756 -1.9099999999999928
endloop
endfacet
facet normal -1.9554251842712853e-16 9.058686924007031e-17 -1.0
outer loop
vertex 0.8595128784563658 43.208708827677626 -1.9099999999999928
vertex 0.8803847577295099 46.473861558335756 -1.9099999999999928
vertex 0.9311041493366674 43.09488624523892 -1.9099999999999928
endloop
endfacet
facet normal -1.9554251842712853e-16 9.058686924007031e-17 -1.0
outer loop
vertex 0.9311041493366674 43.09488624523892 -1.9099999999999928
vertex 0.8803847577295099 46.473861558335756 -1.9099999999999928
vertex 0.9757359312883532 46.5981256270477 -1.9099999999999928
endloop
endfacet
facet normal -1.9554251842712853e-16 9.058686924007031e-17 -1.0
outer loop
vertex 0.9311041493366674 43.09488624523892 -1.9099999999999928
vertex 0.9757359312883532 46.5981256270477 -1.9099999999999928
vertex 1.026245571484536 42.99986519425056 -1.9099999999999928
endloop
endfacet
facet normal -1.9554251842712853e-16 9.058686924007031e-17 -1.0
outer loop
vertex 1.026245571484536 42.99986519425056 -1.9099999999999928
vertex 0.9757359312883532 46.5981256270477 -1.9099999999999928
vertex 1.1000000000001615 46.693476800606426 -1.9099999999999928
endloop
endfacet
facet normal -1.9554251842712853e-16 9.058686924007031e-17 -1.0
outer loop
vertex 1.026245571484536 42.99986519425056 -1.9099999999999928
vertex 1.1000000000001615 46.693476800606426 -1.9099999999999928
vertex 1.1401586959541286 42.928418078053795 -1.9099999999999928
endloop
endfacet
facet normal -1.9554251842712853e-16 9.058686924007031e-17 -1.0
outer loop
vertex 1.1401586959541286 42.928418078053795 -1.9099999999999928
vertex 1.1000000000001615 46.693476800606426 -1.9099999999999928
vertex 1.2447085729387533 46.75341705410917 -1.9099999999999928
endloop
endfacet
facet normal -1.9554251842712853e-16 9.058686924007031e-17 -1.0
outer loop
vertex 1.1401586959541286 42.928418078053795 -1.9099999999999928
vertex 1.2447085729387533 46.75341705410917 -1.9099999999999928
vertex 1.2671222707680956 42.88413330629585 -1.9099999999999928
endloop
endfacet
facet normal -1.9554251842712853e-16 9.058686924007031e-17 -1.0
outer loop
vertex 1.2671222707680956 42.88413330629585 -1.9099999999999928
vertex 1.2447085729387533 46.75341705410917 -1.9099999999999928
vertex 1.4000000000001385 46.77386155833573 -1.9099999999999928
endloop
endfacet
facet normal -1.9554251842712853e-16 9.058686924007031e-17 -1.0
outer loop
vertex 1.2671222707680956 42.88413330629585 -1.9099999999999928
vertex 1.4000000000001385 46.77386155833573 -1.9099999999999928
vertex 1.400759589057064 42.86923506814856 -1.9099999999999944
endloop
endfacet
facet normal -1.9554251842712853e-16 9.058686924007031e-17 -1.0
outer loop
vertex 1.400759589057064 42.86923506814856 -1.9099999999999944
vertex 1.4000000000001385 46.77386155833573 -1.9099999999999928
vertex 11.225063913800218 46.77386155833573 -1.9099999999999946
endloop
endfacet
facet normal -1.9554251842712853e-16 9.058686924007031e-17 -1.0
outer loop
vertex 1.400759589057064 42.86923506814856 -1.9099999999999944
vertex 11.225063913800218 46.77386155833573 -1.9099999999999946
vertex 6.557694405565994 42.87576365880015 -1.9099999999999944
endloop
endfacet
facet normal -1.9554251842712853e-16 9.058686924007031e-17 -1.0
outer loop
vertex 6.557694405565994 42.87576365880015 -1.9099999999999944
vertex 11.225063913800218 46.77386155833573 -1.9099999999999946
vertex 9.773831325376543 44.83641685400275 -1.9099999999999946
endloop
endfacet
facet normal -1.9554251842712853e-16 9.058686924007031e-17 -1.0
outer loop
vertex 6.557694405565994 42.87576365880015 -1.9099999999999944
vertex 9.773831325376543 44.83641685400275 -1.9099999999999946
vertex 8.327153815249691 42.87576365880015 -1.909999999999995
endloop
endfacet
facet normal -1.9554251842712853e-16 9.058686924007031e-17 -1.0
outer loop
vertex 9.773831325376543 44.83641685400275 -1.9099999999999946
vertex 11.225063913800218 46.77386155833573 -1.9099999999999946
vertex 11.225063913800218 46.18003744422518 -1.9099999999999946
endloop
endfacet
facet normal -0.9904272151623176 -0.13803597888165386 0.0
outer loop
vertex 57.47155542980352 35.599389207594214 3.84
vertex 57.51839413670925 35.240460589435294 2.43
vertex 57.51839413670925 35.240460589435294 3.84
endloop
endfacet
facet normal -0.9930260136188077 -0.1178954463766078 0.0
outer loop
vertex 57.51839413670925 35.240460589435294 2.43
vertex 57.47155542980352 35.599389207594214 3.84
vertex 57.47155542980352 35.599389207594214 2.43
endloop
endfacet
facet normal -0.9974873853327738 0.07084430888918765 0.0
outer loop
vertex 57.413474475046 25.8832920107195 3.84
vertex 57.381506867480304 25.433224406117077 2.43
vertex 57.381506867480304 25.433224406117077 3.84
endloop
endfacet
facet normal -0.9974869838537131 0.07084996148497538 0.0
outer loop
vertex 57.381506867480304 25.433224406117077 2.43
vertex 57.413474475046 25.8832920107195 3.84
vertex 57.413474475046 25.8832920107195 2.43
endloop
endfacet
facet normal 1.0 0.0 0.0
outer loop
vertex 11.225063913800218 46.77386155833573 2.43
vertex 11.225063913800218 46.18003744422517 3.8400000000000336
vertex 11.225063913800218 46.18003744422517 2.43
endloop
endfacet
facet normal 1.0 0.0 0.0
outer loop
vertex 11.225063913800218 46.18003744422517 3.8400000000000336
vertex 11.225063913800218 46.77386155833573 2.43
vertex 11.225063913800218 46.77386155833573 3.8400000000000336
endloop
endfacet
facet normal -0.9612268267773145 0.2757589300160824 2.1713832448063906e-19
outer loop
vertex 57.54486661458375 27.937088485323397 3.84
vertex 57.521947669519285 27.411335779864107 2.43
vertex 57.521947669519285 27.411335779864107 3.84
endloop
endfacet
facet normal -0.9983643397283819 0.057172066244909704 0.0
outer loop
vertex 57.521947669519285 27.411335779864107 2.43
vertex 57.54486661458375 27.937088485323397 3.84
vertex 57.54486661458375 27.937088485323397 2.43
endloop
endfacet
facet normal 5.185946177906396e-16 1.5940927942994507e-17 1.0
outer loop
vertex 0.8150674086162379 43.33561623703559 3.8400000000000394
vertex 0.8000000000002297 46.17386155833573 3.8400000000000376
vertex 0.8000000000002297 43.469234587335436 3.8400000000000394
endloop
endfacet
facet normal 5.185946177906396e-16 1.5940927942994507e-17 1.0
outer loop
vertex 0.8000000000002297 46.17386155833573 3.8400000000000376
vertex 0.8150674086162379 43.33561623703559 3.8400000000000394
vertex 0.8204445042269456 46.32915298539725 3.8400000000000376
endloop
endfacet
facet normal 5.185946177906396e-16 1.5940927942994507e-17 1.0
outer loop
vertex 0.8204445042269456 46.32915298539725 3.8400000000000376
vertex 0.8150674086162379 43.33561623703559 3.8400000000000394
vertex 0.8595128784563658 43.208708827677626 3.8400000000000394
endloop
endfacet
facet normal 5.185946177906396e-16 1.5940927942994507e-17 1.0
outer loop
vertex 0.8204445042269456 46.32915298539725 3.8400000000000376
vertex 0.8595128784563658 43.208708827677626 3.8400000000000394
vertex 0.8803847577295099 46.473861558335756 3.8400000000000376
endloop
endfacet
facet normal 5.185946177906396e-16 1.5940927942994507e-17 1.0
outer loop
vertex 0.8803847577295099 46.473861558335756 3.8400000000000376
vertex 0.8595128784563658 43.208708827677626 3.8400000000000394
vertex 0.9311041493366674 43.09488624523892 3.8400000000000394
endloop
endfacet
facet normal 5.185946177906396e-16 1.5940927942994507e-17 1.0
outer loop
vertex 0.8803847577295099 46.473861558335756 3.8400000000000376
vertex 0.9311041493366674 43.09488624523892 3.8400000000000394
vertex 0.9757359312883532 46.5981256270477 3.8400000000000376
endloop
endfacet
facet normal 5.185946177906396e-16 1.5940927942994507e-17 1.0
outer loop
vertex 0.9757359312883532 46.5981256270477 3.8400000000000376
vertex 0.9311041493366674 43.09488624523892 3.8400000000000394
vertex 1.026245571484536 42.99986519425056 3.8400000000000376
endloop
endfacet
facet normal 5.185946177906396e-16 1.5940927942994507e-17 1.0
outer loop
vertex 0.9757359312883532 46.5981256270477 3.8400000000000376
vertex 1.026245571484536 42.99986519425056 3.8400000000000376
vertex 1.1000000000001615 46.693476800606426 3.8400000000000376
endloop
endfacet
facet normal 5.185946177906396e-16 1.5940927942994507e-17 1.0
outer loop
vertex 1.1000000000001615 46.693476800606426 3.8400000000000376
vertex 1.026245571484536 42.99986519425056 3.8400000000000376
vertex 1.1401586959541286 42.928418078053795 3.8400000000000376
endloop
endfacet
facet normal 5.185946177906396e-16 1.5940927942994507e-17 1.0
outer loop
vertex 1.1000000000001615 46.693476800606426 3.8400000000000376
vertex 1.1401586959541286 42.928418078053795 3.8400000000000376
vertex 1.2447085729387533 46.75341705410917 3.8400000000000376
endloop
endfacet
facet normal 5.185946177906396e-16 1.5940927942994507e-17 1.0
outer loop
vertex 1.2447085729387533 46.75341705410917 3.8400000000000376
vertex 1.1401586959541286 42.928418078053795 3.8400000000000376
vertex 1.2671222707680956 42.88413330629585 3.8400000000000376
endloop
endfacet
facet normal 5.185946177906396e-16 1.5940927942994507e-17 1.0
outer loop
vertex 1.2447085729387533 46.75341705410917 3.8400000000000376
vertex 1.2671222707680956 42.88413330629585 3.8400000000000376
vertex 1.4000000000001385 46.77386155833573 3.8400000000000376
endloop
endfacet
facet normal 5.185946177906396e-16 1.5940927942994507e-17 1.0
outer loop
vertex 1.4000000000001385 46.77386155833573 3.8400000000000376
vertex 1.2671222707680956 42.88413330629585 3.8400000000000376
vertex 1.400759589057064 42.86923506814856 3.8400000000000376
endloop
endfacet
facet normal 5.185946177906396e-16 1.5940927942994507e-17 1.0
outer loop
vertex 1.4000000000001385 46.77386155833573 3.8400000000000376
vertex 1.400759589057064 42.86923506814856 3.8400000000000376
vertex 9.770668688382628 46.77386155833573 3.8400000000000336
endloop
endfacet
facet normal 5.185946177906396e-16 1.5940927942994507e-17 1.0
outer loop
vertex 9.770668688382628 46.77386155833573 3.8400000000000336
vertex 1.400759589057064 42.86923506814856 3.8400000000000376
vertex 6.557694405565994 42.87576365880015 3.8400000000000336
endloop
endfacet
facet normal 5.185946177906396e-16 1.5940927942994507e-17 1.0
outer loop
vertex 9.770668688382628 46.77386155833573 3.8400000000000336
vertex 6.557694405565994 42.87576365880015 3.8400000000000336
vertex 8.327153815249691 42.87576365880015 3.8400000000000336
endloop
endfacet
facet normal 5.185946177906396e-16 1.5940927942994507e-17 1.0
outer loop
vertex 9.770668688382628 46.77386155833573 3.8400000000000336
vertex 8.327153815249691 42.87576365880015 3.8400000000000336
vertex 9.773831325376543 44.83641685400275 3.8400000000000336
endloop
endfacet
facet normal 5.185946177906396e-16 1.5940927942994507e-17 1.0
outer loop
vertex 9.770668688382628 46.77386155833573 3.8400000000000336
vertex 9.773831325376543 44.83641685400275 3.8400000000000336
vertex 11.225063913800218 46.77386155833573 3.8400000000000336
endloop
endfacet
facet normal 5.185946177906396e-16 1.5940927942994507e-17 1.0
outer loop
vertex 11.225063913800218 46.77386155833573 3.8400000000000336
vertex 9.773831325376543 44.83641685400275 3.8400000000000336
vertex 11.225063913800218 46.18003744422517 3.8400000000000336
endloop
endfacet
facet normal 0.7453192318065022 -0.6667077640911089 1.3451838756046736e-18
outer loop
vertex 9.773831325376543 44.83641685400275 -1.9099999999999946
vertex 8.327153815249691 42.87576365880015 0.7999999999999999
vertex 8.327153815249691 42.87576365880015 -1.909999999999995
endloop
endfacet
facet normal 0.8046664833986497 -0.5937270841850241 1.458334241910963e-17
outer loop
vertex 8.327153815249691 42.87576365880015 0.7999999999999999
vertex 9.773831325376543 44.83641685400275 -1.9099999999999946
vertex 9.773831325376543 44.83641685400275 0.7999999999999999
endloop
endfacet
facet normal -0.9976950273937838 -0.06785744110793654 0.0
outer loop
vertex 57.57676205203938 34.62033156265946 3.84
vertex 57.59284482233635 34.3319454884331 2.43
vertex 57.59284482233635 34.3319454884331 3.84
endloop
endfacet
facet normal -0.9988812156992599 -0.047289712656861875 0.0
outer loop
vertex 57.59284482233635 34.3319454884331 2.43
vertex 57.57676205203938 34.62033156265946 3.84
vertex 57.57676205203938 34.62033156265946 2.43
endloop
endfacet
facet normal -0.9999803045449416 -0.006276186916117864 0.0
outer loop
vertex 57.614854292300066 33.05044679597444 3.84
vertex 57.6155132922374 32.75935613572777 2.43
vertex 57.6155132922374 32.75935613572777 3.84
endloop
endfacet
facet normal -0.9756277082536696 -0.21943239252146085 2.10178589781557e-19
outer loop
vertex 57.6155132922374 32.75935613572777 2.43
vertex 57.614854292300066 33.05044679597444 3.84
vertex 57.614854292300066 33.05044679597444 2.43
endloop
endfacet
facet normal -0.1981013765419413 -0.9801815365595232 0.0
outer loop
vertex 39.977690505716026 50.931357334153645 2.43
vertex 38.37052467437728 51.22555961037151 0.7999999999999999
vertex 39.977690505716026 50.931357334153645 0.7999999999999999
endloop
endfacet
facet normal -0.1619668358604042 -0.9867962018985323 0.0
outer loop
vertex 38.37052467437728 51.22555961037151 0.7999999999999999
vertex 39.977690505716026 50.931357334153645 2.43
vertex 38.37052467437728 51.22555961037151 2.43
endloop
endfacet
facet normal 0.8298754215347102 0.5579487294838007 0.0
outer loop
vertex 10.864677242028263 14.01934011483058 0.7999999999999999
vertex 13.68297050092465 10.436327681046583 2.43
vertex 13.68297050092465 10.436327681046583 0.7999999999999999
endloop
endfacet
facet normal 0.735347798471099 0.6776899108616773 0.0
outer loop
vertex 13.68297050092465 10.436327681046583 2.43
vertex 10.864677242028263 14.01934011483058 0.7999999999999999
vertex 10.864677242028263 14.01934011483058 2.43
endloop
endfacet
facet normal 0.14902498156861732 -0.9888334313060383 0.0
outer loop
vertex 23.720565810043514 51.49074567941916 2.43
vertex 20.188527478469407 50.77084302918473 0.7999999999999999
vertex 23.720565810043514 51.49074567941916 0.7999999999999999
endloop
endfacet
facet normal 0.2569897111162915 -0.9664141391662093 0.0
outer loop
vertex 20.188527478469407 50.77084302918473 0.7999999999999999
vertex 23.720565810043514 51.49074567941916 2.43
vertex 20.188527478469407 50.77084302918473 2.43
endloop
endfacet
facet normal 0.37307393714439363 -0.9278016153378809 0.0
outer loop
vertex 17.037773110997662 49.731101733776526 2.43
vertex 14.377786447042197 48.45962374658596 0.7999999999999999
vertex 17.037773110997662 49.731101733776526 0.7999999999999999
endloop
endfacet
facet normal 0.4934762959466608 -0.8697592456184433 0.0
outer loop
vertex 14.377786447042197 48.45962374658596 0.7999999999999999
vertex 17.037773110997662 49.731101733776526 2.43
vertex 14.377786447042197 48.45962374658596 2.43
endloop
endfacet
facet normal -0.551227483513594 -0.8343549972399461 -7.126652309261692e-18
outer loop
vertex 49.14625471336365 47.433036647475824 2.43
vertex 47.7188200219233 48.26264842265638 0.7999999999999999
vertex 49.14625471336365 47.433036647475824 0.7999999999999999
endloop
endfacet
facet normal -0.47385539287716827 -0.8806026724018186 0.0
outer loop
vertex 47.7188200219233 48.26264842265638 0.7999999999999999
vertex 49.14625471336365 47.433036647475824 2.43
vertex 47.7188200219233 48.26264842265638 2.43
endloop
endfacet
facet normal -0.10835145717514136 -0.994112650421482 0.0
outer loop
vertex 36.753637553266856 51.46053413312178 2.43
vertex 30.91729754175302 51.88625537599155 0.7999999999999999
vertex 36.753637553266856 51.46053413312178 0.7999999999999999
endloop
endfacet
facet normal -0.03066964152505659 -0.999529575894943 0.0
outer loop
vertex 30.91729754175302 51.88625537599155 0.7999999999999999
vertex 36.753637553266856 51.46053413312178 2.43
vertex 30.91729754175302 51.88625537599155 2.43
endloop
endfacet
facet normal -0.9068496734898163 0.42145423202456256 0.0
outer loop
vertex 53.51643281816968 18.12644034413638 2.43
vertex 51.75379997829674 14.80743777914861 0.7999999999999999
vertex 51.75379997829674 14.80743777914861 2.43
endloop
endfacet
facet normal -0.8570171364700043 0.5152879076756548 0.0
outer loop
vertex 51.75379997829674 14.80743777914861 0.7999999999999999
vertex 53.51643281816968 18.12644034413638 2.43
vertex 53.51643281816968 18.12644034413638 0.7999999999999999
endloop
endfacet
facet normal 0.3447487513808579 0.9386949975478401 0.0
outer loop
vertex 23.886156412361935 3.516005376792719 2.43
vertex 26.18749957679654 2.8311196607431013 0.7999999999999999
vertex 23.886156412361935 3.516005376792719 0.7999999999999999
endloop
endfacet
facet normal 0.23304376946106087 0.9724662469800069 0.0
outer loop
vertex 26.18749957679654 2.8311196607431013 0.7999999999999999
vertex 23.886156412361935 3.516005376792719 2.43
vertex 26.18749957679654 2.8311196607431013 2.43
endloop
endfacet
facet normal -0.47385539287716827 -0.8806026724018186 0.0
outer loop
vertex 47.7188200219233 48.26264842265638 2.43
vertex 46.240056632201174 48.996872048715375 0.7999999999999999
vertex 47.7188200219233 48.26264842265638 0.7999999999999999
endloop
endfacet
facet normal -0.41509089040573344 -0.9097799474060612 0.0
outer loop
vertex 46.240056632201174 48.996872048715375 0.7999999999999999
vertex 47.7188200219233 48.26264842265638 2.43
vertex 46.240056632201174 48.996872048715375 2.43
endloop
endfacet
facet normal -0.1475653261344182 0.989052311317679 0.0
outer loop
vertex 34.782788184781054 2.4677501652632228 2.43
vertex 38.6580255884818 3.389649195131543 0.7999999999999999
vertex 34.782788184781054 2.4677501652632228 0.7999999999999999
endloop
endfacet
facet normal -0.3217314169336871 0.9468309750730813 0.0
outer loop
vertex 38.6580255884818 3.389649195131543 0.7999999999999999
vertex 34.782788184781054 2.4677501652632228 2.43
vertex 38.6580255884818 3.389649195131543 2.43
endloop
endfacet
facet normal 0.9878385770752454 -0.15548294325087475 0.0
outer loop
vertex 5.563446923082408 35.74298215361939 0.7999999999999999
vertex 5.309000000000106 32.2833615583358 2.43
vertex 5.309000000000106 32.2833615583358 0.7999999999999999
endloop
endfacet
facet normal 0.9999996313593383 0.0008586507948213706 0.0
outer loop
vertex 5.309000000000106 32.2833615583358 2.43
vertex 5.563446923082408 35.74298215361939 0.7999999999999999
vertex 5.563446923082408 35.74298215361939 2.43
endloop
endfacet
facet normal -0.7362923817544625 0.6766635268509313 0.0
outer loop
vertex 47.883006322181274 9.462227922412714 2.43
vertex 46.88137322705698 8.450021502345347 0.7999999999999999
vertex 46.88137322705698 8.450021502345347 2.43
endloop
endfacet
facet normal -0.6843575670677634 0.7291465699001072 0.0
outer loop
vertex 46.88137322705698 8.450021502345347 0.7999999999999999
vertex 47.883006322181274 9.462227922412714 2.43
vertex 47.883006322181274 9.462227922412714 0.7999999999999999
endloop
endfacet
facet normal -0.8176568782106434 0.5757058532921349 0.0
outer loop
vertex 49.648985326647406 11.694174565606197 2.43
vertex 48.80722320483057 10.545580980237924 0.7999999999999999
vertex 48.80722320483057 10.545580980237924 2.43
endloop
endfacet
facet normal -0.7842131551037007 0.6204915207819519 0.0
outer loop
vertex 48.80722320483057 10.545580980237924 0.7999999999999999
vertex 49.648985326647406 11.694174565606197 2.43
vertex 49.648985326647406 11.694174565606197 0.7999999999999999
endloop
endfacet
facet normal 0.4756337427480678 0.8796434179594963 0.0
outer loop
vertex 20.831549174866115 4.860686904350076 2.43
vertex 23.886156412361935 3.516005376792719 0.7999999999999999
vertex 20.831549174866115 4.860686904350076 0.7999999999999999
endloop
endfacet
facet normal 0.3447487513808579 0.9386949975478401 0.0
outer loop
vertex 23.886156412361935 3.516005376792719 0.7999999999999999
vertex 20.831549174866115 4.860686904350076 2.43
vertex 23.886156412361935 3.516005376792719 2.43
endloop
endfacet
facet normal 0.23304376946106087 0.9724662469800069 0.0
outer loop
vertex 26.18749957679654 2.8311196607431013 2.43
vertex 28.544820742837587 2.3993406410602285 0.7999999999999999
vertex 26.18749957679654 2.8311196607431013 0.7999999999999999
endloop
endfacet
facet normal 0.1260619749228583 0.9920223679325728 0.0
outer loop
vertex 28.544820742837587 2.3993406410602285 0.7999999999999999
vertex 26.18749957679654 2.8311196607431013 2.43
vertex 28.544820742837587 2.3993406410602285 2.43
endloop
endfacet
facet normal 0.2569897111162915 -0.9664141391662093 0.0
outer loop
vertex 20.188527478469407 50.77084302918473 2.43
vertex 17.037773110997662 49.731101733776526 0.7999999999999999
vertex 20.188527478469407 50.77084302918473 0.7999999999999999
endloop
endfacet
facet normal 0.37307393714439363 -0.9278016153378809 0.0
outer loop
vertex 17.037773110997662 49.731101733776526 0.7999999999999999
vertex 20.188527478469407 50.77084302918473 2.43
vertex 17.037773110997662 49.731101733776526 2.43
endloop
endfacet
facet normal 0.9564036180195604 0.29204814575527566 0.0
outer loop
vertex 6.748645589986696 22.698077932197993 0.7999999999999999
vertex 8.50485526061174 18.166540441361974 2.43
vertex 8.50485526061174 18.166540441361974 0.7999999999999999
endloop
endfacet
facet normal 0.9032434516977836 0.4291284970321523 0.0
outer loop
vertex 8.50485526061174 18.166540441361974 2.43
vertex 6.748645589986696 22.698077932197993 0.7999999999999999
vertex 6.748645589986696 22.698077932197993 2.43
endloop
endfacet
facet normal 0.05475412222265279 -0.9984998678515822 0.0
outer loop
vertex 27.320350061125552 51.84501339474135 2.43
vertex 23.720565810043514 51.49074567941916 0.7999999999999999
vertex 27.320350061125552 51.84501339474135 0.7999999999999999
endloop
endfacet
facet normal 0.14902498156861732 -0.9888334313060383 0.0
outer loop
vertex 23.720565810043514 51.49074567941916 0.7999999999999999
vertex 27.320350061125552 51.84501339474135 2.43
vertex 23.720565810043514 51.49074567941916 2.43
endloop
endfacet
facet normal 0.944536696433557 -0.32840589076687243 0.0
outer loop
vertex 6.369331241303753 39.05306588621348 0.7999999999999999
vertex 5.563446923082408 35.74298215361939 2.43
vertex 5.563446923082408 35.74298215361939 0.7999999999999999
endloop
endfacet
facet normal 0.9878385770752454 -0.15548294325087475 0.0
outer loop
vertex 5.563446923082408 35.74298215361939 2.43
vertex 6.369331241303753 39.05306588621348 0.7999999999999999
vertex 6.369331241303753 39.05306588621348 2.43
endloop
endfacet
facet normal 0.9032434516977836 0.4291284970321523 0.0
outer loop
vertex 8.50485526061174 18.166540441361974 0.7999999999999999
vertex 10.864677242028263 14.01934011483058 2.43
vertex 10.864677242028263 14.01934011483058 0.7999999999999999
endloop
endfacet
facet normal 0.8298754215347102 0.5579487294838007 0.0
outer loop
vertex 10.864677242028263 14.01934011483058 2.43
vertex 8.50485526061174 18.166540441361974 0.7999999999999999
vertex 8.50485526061174 18.166540441361974 2.43
endloop
endfacet
facet normal 0.9999996313593383 0.0008586507948213706 0.0
outer loop
vertex 5.309000000000106 32.2833615583358 0.7999999999999999
vertex 5.673727766036797 27.438055197962576 2.43
vertex 5.673727766036797 27.438055197962576 0.7999999999999999
endloop
endfacet
facet normal 0.9889097817028998 0.14851748601536152 0.0
outer loop
vertex 5.673727766036797 27.438055197962576 2.43
vertex 5.309000000000106 32.2833615583358 0.7999999999999999
vertex 5.309000000000106 32.2833615583358 2.43
endloop
endfacet
facet normal 0.1260619749228583 0.9920223679325728 0.0
outer loop
vertex 28.544820742837587 2.3993406410602285 2.43
vertex 30.946000982139555 2.227026358023905 0.7999999999999999
vertex 28.544820742837587 2.3993406410602285 0.7999999999999999
endloop
endfacet
facet normal 0.004490317652427831 0.9999899184728716 0.0
outer loop
vertex 30.946000982139555 2.227026358023905 0.7999999999999999
vertex 28.544820742837587 2.3993406410602285 2.43
vertex 30.946000982139555 2.227026358023905 2.43
endloop
endfacet
facet normal -0.1619668358604042 -0.9867962018985323 0.0
outer loop
vertex 38.37052467437728 51.22555961037151 2.43
vertex 36.753637553266856 51.46053413312178 0.7999999999999999
vertex 38.37052467437728 51.22555961037151 0.7999999999999999
endloop
endfacet
facet normal -0.10835145717514136 -0.994112650421482 0.0
outer loop
vertex 36.753637553266856 51.46053413312178 0.7999999999999999
vertex 38.37052467437728 51.22555961037151 2.43
vertex 36.753637553266856 51.46053413312178 2.43
endloop
endfacet
facet normal -0.03066964152505659 -0.999529575894943 0.0
outer loop
vertex 30.91729754175302 51.88625537599155 2.43
vertex 27.320350061125552 51.84501339474135 0.7999999999999999
vertex 30.91729754175302 51.88625537599155 0.7999999999999999
endloop
endfacet
facet normal 0.05475412222265279 -0.9984998678515822 0.0
outer loop
vertex 27.320350061125552 51.84501339474135 0.7999999999999999
vertex 30.91729754175302 51.88625537599155 2.43
vertex 27.320350061125552 51.84501339474135 2.43
endloop
endfacet
facet normal -0.23396858757209457 -0.9722441565931467 0.0
outer loop
vertex 41.572966243163926 50.57832431832698 2.43
vertex 39.977690505716026 50.931357334153645 0.7999999999999999
vertex 41.572966243163926 50.57832431832698 0.7999999999999999
endloop
endfacet
facet normal -0.1981013765419413 -0.9801815365595232 0.0
outer loop
vertex 39.977690505716026 50.931357334153645 0.7999999999999999
vertex 41.572966243163926 50.57832431832698 2.43
vertex 39.977690505716026 50.931357334153645 2.43
endloop
endfacet
facet normal -0.6287310683664477 -0.7776228158116154 -1.3307835150566015e-17
outer loop
vertex 50.28642029183621 46.58201357322084 2.429999999999999
vertex 49.14625471336365 47.433036647475824 0.7999999999999999
vertex 50.28642029183621 46.58201357322084 0.7999999999999989
endloop
endfacet
facet normal -0.551227483513594 -0.8343549972399462 -7.126652309261695e-18
outer loop
vertex 49.14625471336365 47.433036647475824 0.7999999999999999
vertex 50.28642029183621 46.58201357322084 2.429999999999999
vertex 49.14625471336365 47.433036647475824 2.43
endloop
endfacet
facet normal 0.618310795025543 -0.7859336872503182 4.709242518373962e-19
outer loop
vertex 11.93452959102318 46.83689472511656 2.43
vertex 11.866448031057926 46.77386155833573 0.8000000000000003
vertex 11.93452959102318 46.83689472511656 0.7999999999999999
endloop
endfacet
facet normal 0.6793771900098745 -0.7337892297480845 9.388119139102355e-19
outer loop
vertex 11.866448031057926 46.77386155833573 0.8000000000000003
vertex 11.93452959102318 46.83689472511656 2.43
vertex 11.866448031057926 46.77386155833573 2.43
endloop
endfacet
facet normal -0.9983643397283819 0.057172066244909704 0.0
outer loop
vertex 57.521947669519285 27.411335779864107 3.84
vertex 57.46704498718042 26.63762494676549 2.43
vertex 57.46704498718042 26.63762494676549 3.84
endloop
endfacet
facet normal -0.9974897901343868 0.07081044116270759 0.0
outer loop
vertex 57.46704498718042 26.63762494676549 2.43
vertex 57.521947669519285 27.411335779864107 3.84
vertex 57.521947669519285 27.411335779864107 2.43
endloop
endfacet
facet normal 0.0 1.0 0.0
outer loop
vertex 9.770668688382628 46.77386155833573 3.8400000000000336
vertex 11.225063913800218 46.77386155833573 2.43
vertex 9.770668688382628 46.77386155833573 2.43
endloop
endfacet
facet normal 0.0 1.0 0.0
outer loop
vertex 11.225063913800218 46.77386155833573 2.43
vertex 9.770668688382628 46.77386155833573 3.8400000000000336
vertex 11.225063913800218 46.77386155833573 3.8400000000000336
endloop
endfacet
facet normal -0.9851143500582572 -0.1719003121268188 0.0
outer loop
vertex 57.328798825508855 36.520947281808745 3.84
vertex 57.41001974724499 36.01442495654883 2.43
vertex 57.41001974724499 36.01442495654883 3.84
endloop
endfacet
facet normal -0.988303809680153 -0.1524978025143191 0.0
outer loop
vertex 57.41001974724499 36.01442495654883 2.43
vertex 57.328798825508855 36.520947281808745 3.84
vertex 57.328798825508855 36.520947281808745 2.43
endloop
endfacet
facet normal -0.9826554962117707 -0.1854404911684578 0.0
outer loop
vertex 57.037994870911135 38.061927369301955 3.84
vertex 57.328798825508855 36.520947281808745 2.43
vertex 57.328798825508855 36.520947281808745 3.84
endloop
endfacet
facet normal -0.9851143500582572 -0.1719003121268188 0.0
outer loop
vertex 57.328798825508855 36.520947281808745 2.43
vertex 57.037994870911135 38.061927369301955 3.84
vertex 57.037994870911135 38.061927369301955 2.43
endloop
endfacet
facet normal -0.999697523961309 -0.02459391358910158 0.0
outer loop
vertex 57.604839714681866 34.02378256408513 3.84
vertex 57.614854292300066 33.05044679597444 2.43
vertex 57.614854292300066 33.05044679597444 3.84
endloop
endfacet
facet normal -0.9999803045449416 -0.006276186916117864 0.0
outer loop
vertex 57.614854292300066 33.05044679597444 2.43
vertex 57.604839714681866 34.02378256408513 3.84
vertex 57.604839714681866 34.02378256408513 2.43
endloop
endfacet
facet normal -0.988303809680153 -0.1524978025143191 0.0
outer loop
vertex 57.41001974724499 36.01442495654883 3.84
vertex 57.47155542980352 35.599389207594214 2.43
vertex 57.47155542980352 35.599389207594214 3.84
endloop
endfacet
facet normal -0.9904272151623176 -0.13803597888165386 0.0
outer loop
vertex 57.47155542980352 35.599389207594214 2.43
vertex 57.41001974724499 36.01442495654883 3.84
vertex 57.41001974724499 36.01442495654883 2.43
endloop
endfacet
facet normal -0.9930260136188077 -0.1178954463766078 0.0
outer loop
vertex 57.51839413670925 35.240460589435294 3.84
vertex 57.55278394096635 34.91901044643426 2.43
vertex 57.55278394096635 34.91901044643426 3.84
endloop
endfacet
facet normal -0.9956466712355494 -0.09320786478387946 0.0
outer loop
vertex 57.55278394096635 34.91901044643426 2.43
vertex 57.51839413670925 35.240460589435294 3.84
vertex 57.51839413670925 35.240460589435294 2.43
endloop
endfacet
facet normal -0.9974897901343868 0.07081044116270759 0.0
outer loop
vertex 57.46704498718042 26.63762494676549 3.84
vertex 57.413474475046 25.8832920107195 2.43
vertex 57.413474475046 25.8832920107195 3.84
endloop
endfacet
facet normal -0.9974873853327738 0.07084430888918765 0.0
outer loop
vertex 57.413474475046 25.8832920107195 2.43
vertex 57.46704498718042 26.63762494676549 3.84
vertex 57.46704498718042 26.63762494676549 2.43
endloop
endfacet
facet normal 0.7453192318065015 -0.6667077640911097 0.0
outer loop
vertex 9.773831325376543 44.83641685400275 2.43
vertex 8.327153815249691 42.87576365880015 3.8400000000000336
vertex 8.327153815249691 42.87576365880015 2.43
endloop
endfacet
facet normal 0.8046664833986498 -0.5937270841850241 0.0
outer loop
vertex 8.327153815249691 42.87576365880015 3.8400000000000336
vertex 9.773831325376543 44.83641685400275 2.43
vertex 9.773831325376543 44.83641685400275 3.8400000000000336
endloop
endfacet
facet normal 1.1390816951654446e-18 1.5555802749079763e-18 1.0
outer loop
vertex 11.866448031057926 46.77386155833573 2.43
vertex 11.225063913800218 46.77386155833573 2.43
vertex 11.225063913800218 46.18003744422517 2.43
endloop
endfacet
facet normal 1.1390816951654446e-18 1.5555802749079763e-18 1.0
outer loop
vertex 4.261836272765188 27.22601302891239 2.43
vertex 4.152114368881471 35.96512182757571 2.43
vertex 3.881239431884414 32.28213561013729 2.43
endloop
endfacet
facet normal 1.1390816951654446e-18 1.5555802749079763e-18 1.0
outer loop
vertex 4.152114368881471 35.96512182757571 2.43
vertex 4.261836272765188 27.22601302891239 2.43
vertex 5.018281835077404 39.522812149537245 2.43
endloop
endfacet
facet normal 1.1390816951654446e-18 1.5555802749079763e-18 1.0
outer loop
vertex 5.018281835077404 39.522812149537245 2.43
vertex 4.261836272765188 27.22601302891239 2.43
vertex 5.3832217700160765 22.281131062404363 2.43
endloop
endfacet
facet normal 1.1390816951654446e-18 1.5555802749079763e-18 1.0
outer loop
vertex 5.018281835077404 39.522812149537245 2.43
vertex 5.3832217700160765 22.281131062404363 2.43
vertex 5.309000000000106 32.2833615583358 2.43
endloop
endfacet
facet normal 1.1390816951654446e-18 1.5555802749079763e-18 1.0
outer loop
vertex 5.309000000000106 32.2833615583358 2.43
vertex 5.3832217700160765 22.281131062404363 2.43
vertex 5.673727766036797 27.438055197962576 2.43
endloop
endfacet
facet normal 1.1390816951654446e-18 1.5555802749079763e-18 1.0
outer loop
vertex 5.673727766036797 27.438055197962576 2.43
vertex 5.3832217700160765 22.281131062404363 2.43
vertex 7.215284982218283 17.553869124072946 2.43
endloop
endfacet
facet normal 1.1390816951654446e-18 1.5555802749079763e-18 1.0
outer loop
vertex 5.673727766036797 27.438055197962576 2.43
vertex 7.215284982218283 17.553869124072946 2.43
vertex 6.748645589986696 22.698077932197993 2.43
endloop
endfacet
facet normal 1.1390816951654446e-18 1.5555802749079763e-18 1.0
outer loop
vertex 6.748645589986696 22.698077932197993 2.43
vertex 7.215284982218283 17.553869124072946 2.43
vertex 8.50485526061174 18.166540441361974 2.43
endloop
endfacet
facet normal 1.1390816951654446e-18 1.5555802749079763e-18 1.0
outer loop
vertex 8.50485526061174 18.166540441361974 2.43
vertex 7.215284982218283 17.553869124072946 2.43
vertex 9.679785783736822 13.222704057689253 2.43
endloop
endfacet
facet normal 1.1390816951654446e-18 1.5555802749079763e-18 1.0
outer loop
vertex 8.50485526061174 18.166540441361974 2.43
vertex 9.679785783736822 13.222704057689253 2.43
vertex 10.864677242028263 14.01934011483058 2.43
endloop
endfacet
facet normal 1.1390816951654446e-18 1.5555802749079763e-18 1.0
outer loop
vertex 10.864677242028263 14.01934011483058 2.43
vertex 9.679785783736822 13.222704057689253 2.43
vertex 12.632761382126269 9.468464412013349 2.43
endloop
endfacet
facet normal 1.1390816951654446e-18 1.5555802749079763e-18 1.0
outer loop
vertex 10.864677242028263 14.01934011483058 2.43
vertex 12.632761382126269 9.468464412013349 2.43
vertex 13.68297050092465 10.436327681046583 2.43
endloop
endfacet
facet normal 1.1390816951654446e-18 1.5555802749079763e-18 1.0
outer loop
vertex 13.68297050092465 10.436327681046583 2.43
vertex 12.632761382126269 9.468464412013349 2.43
vertex 16.14028303819929 6.21354495143494 2.43
endloop
endfacet
facet normal 1.1390816951654446e-18 1.5555802749079763e-18 1.0
outer loop
vertex 13.68297050092465 10.436327681046583 2.43
vertex 16.14028303819929 6.21354495143494 2.43
vertex 17.01914428567313 7.340416082882258 2.43
endloop
endfacet
facet normal 1.1390816951654446e-18 1.5555802749079763e-18 1.0
outer loop
vertex 17.01914428567313 7.340416082882258 2.43
vertex 16.14028303819929 6.21354495143494 2.43
vertex 20.1521025156953 3.604109147396468 2.43
endloop
endfacet
facet normal 1.1390816951654446e-18 1.5555802749079763e-18 1.0
outer loop
vertex 17.01914428567313 7.340416082882258 2.43
vertex 20.1521025156953 3.604109147396468 2.43
vertex 20.831549174866115 4.860686904350076 2.43
endloop
endfacet
facet normal 1.1390816951654446e-18 1.5555802749079763e-18 1.0
outer loop
vertex 20.831549174866115 4.860686904350076 2.43
vertex 20.1521025156953 3.604109147396468 2.43
vertex 23.394327718604565 2.1768355244525135 2.43
endloop
endfacet
facet normal 1.1390816951654446e-18 1.5555802749079763e-18 1.0
outer loop
vertex 20.831549174866115 4.860686904350076 2.43
vertex 23.394327718604565 2.1768355244525135 2.43
vertex 23.886156412361935 3.516005376792719 2.43
endloop
endfacet
facet normal 1.1390816951654446e-18 1.5555802749079763e-18 1.0
outer loop
vertex 23.886156412361935 3.516005376792719 2.43
vertex 23.394327718604565 2.1768355244525135 2.43
vertex 25.855200845274982 1.4444732763905688 2.43
endloop
endfacet
facet normal 1.1390816951654446e-18 1.5555802749079763e-18 1.0
outer loop
vertex 23.886156412361935 3.516005376792719 2.43
vertex 25.855200845274982 1.4444732763905688 2.43
vertex 26.18749957679654 2.8311196607431013 2.43
endloop
endfacet
facet normal 1.1390816951654446e-18 1.5555802749079763e-18 1.0
outer loop
vertex 26.18749957679654 2.8311196607431013 2.43
vertex 25.855200845274982 1.4444732763905688 2.43
vertex 28.365061152506946 0.9847544062555703 2.43
endloop
endfacet
facet normal 1.1390816951654446e-18 1.5555802749079763e-18 1.0
outer loop
vertex 26.18749957679654 2.8311196607431013 2.43
vertex 28.365061152506946 0.9847544062555703 2.43
vertex 28.544820742837587 2.3993406410602285 2.43
endloop
endfacet
facet normal 1.1390816951654446e-18 1.5555802749079763e-18 1.0
outer loop
vertex 28.544820742837587 2.3993406410602285 2.43
vertex 28.365061152506946 0.9847544062555703 2.43
vertex 30.939593115892322 0.7999999999999985 2.43
endloop
endfacet
facet normal 1.1390816951654446e-18 1.5555802749079763e-18 1.0
outer loop
vertex 28.544820742837587 2.3993406410602285 2.43
vertex 30.939593115892322 0.7999999999999985 2.43
vertex 30.946000982139555 2.227026358023905 2.43
endloop
endfacet
facet normal 1.1390816951654446e-18 1.5555802749079763e-18 1.0
outer loop
vertex 30.946000982139555 2.227026358023905 2.43
vertex 30.939593115892322 0.7999999999999985 2.43
vertex 34.99366470076 1.054356443343573 2.43
endloop
endfacet
facet normal 1.1390816951654446e-18 1.5555802749079763e-18 1.0
outer loop
vertex 30.946000982139555 2.227026358023905 2.43
vertex 34.99366470076 1.054356443343573 2.43
vertex 34.782788184781054 2.4677501652632228 2.43
endloop
endfacet
facet normal 1.1390816951654446e-18 1.5555802749079763e-18 1.0
outer loop
vertex 34.782788184781054 2.4677501652632228 2.43
vertex 34.99366470076 1.054356443343573 2.43
vertex 38.6580255884818 3.389649195131543 2.43
endloop
endfacet
facet normal 1.1390816951654446e-18 1.5555802749079763e-18 1.0
outer loop
vertex 38.6580255884818 3.389649195131543 2.43
vertex 34.99366470076 1.054356443343573 2.43
vertex 39.118146210950314 2.0355493631176316 2.43
endloop
endfacet
facet normal 1.1390816951654446e-18 1.5555802749079763e-18 1.0
outer loop
vertex 38.6580255884818 3.389649195131543 2.43
vertex 39.118146210950314 2.0355493631176316 2.43
vertex 42.289495062773476 5.018170318786383 2.43
endloop
endfacet
facet normal 1.1390816951654446e-18 1.5555802749079763e-18 1.0
outer loop
vertex 42.289495062773476 5.018170318786383 2.43
vertex 39.118146210950314 2.0355493631176316 2.43
vertex 42.99952193763877 3.77614016375639 2.43
endloop
endfacet
facet normal 1.1390816951654446e-18 1.5555802749079763e-18 1.0
outer loop
vertex 42.289495062773476 5.018170318786383 2.43
vertex 42.99952193763877 3.77614016375639 2.43
vertex 45.807784517378174 7.5144799604966614 2.43
endloop
endfacet
facet normal 1.1390816951654446e-18 1.5555802749079763e-18 1.0
outer loop
vertex 45.807784517378174 7.5144799604966614 2.43
vertex 42.99952193763877 3.77614016375639 2.43
vertex 46.68963907285928 6.394365611817402 2.43
endloop
endfacet
facet normal 1.1390816951654446e-18 1.5555802749079763e-18 1.0
outer loop
vertex 45.807784517378174 7.5144799604966614 2.43
vertex 46.68963907285928 6.394365611817402 2.43
vertex 46.88137322705698 8.450021502345347 2.43
endloop
endfacet
facet normal 1.1390816951654446e-18 1.5555802749079763e-18 1.0
outer loop
vertex 46.88137322705698 8.450021502345347 2.43
vertex 46.68963907285928 6.394365611817402 2.43
vertex 47.85644312096962 7.411136418331236 2.43
endloop
endfacet
facet normal 1.1390816951654446e-18 1.5555802749079763e-18 1.0
outer loop
vertex 46.88137322705698 8.450021502345347 2.43
vertex 47.85644312096962 7.411136418331236 2.43
vertex 47.883006322181274 9.462227922412714 2.43
endloop
endfacet
facet normal 1.1390816951654446e-18 1.5555802749079763e-18 1.0
outer loop
vertex 47.883006322181274 9.462227922412714 2.43
vertex 47.85644312096962 7.411136418331236 2.43
vertex 48.93207273002667 8.498120465885522 2.43
endloop
endfacet
facet normal 1.1390816951654446e-18 1.5555802749079763e-18 1.0
outer loop
vertex 47.883006322181274 9.462227922412714 2.43
vertex 48.93207273002667 8.498120465885522 2.43
vertex 48.80722320483057 10.545580980237924 2.43
endloop
endfacet
facet normal 1.1390816951654446e-18 1.5555802749079763e-18 1.0
outer loop
vertex 48.80722320483057 10.545580980237924 2.43
vertex 48.93207273002667 8.498120465885522 2.43
vertex 49.648985326647406 11.694174565606197 2.43
endloop
endfacet
facet normal 1.1390816951654446e-18 1.5555802749079763e-18 1.0
outer loop
vertex 49.648985326647406 11.694174565606197 2.43
vertex 48.93207273002667 8.498120465885522 2.43
vertex 49.92456693674547 9.66150717078983 2.43
endloop
endfacet
facet normal 1.1390816951654446e-18 1.5555802749079763e-18 1.0
outer loop
vertex 49.648985326647406 11.694174565606197 2.43
vertex 49.92456693674547 9.66150717078983 2.43
vertex 51.75379997829674 14.80743777914861 2.43
endloop
endfacet
facet normal 1.1390816951654446e-18 1.5555802749079763e-18 1.0
outer loop
vertex 51.75379997829674 14.80743777914861 2.43
vertex 49.92456693674547 9.66150717078983 2.43
vertex 50.81339500877755 10.87432275796364 2.43
endloop
endfacet
facet normal 1.1390816951654446e-18 1.5555802749079763e-18 1.0
outer loop
vertex 51.75379997829674 14.80743777914861 2.43
vertex 50.81339500877755 10.87432275796364 2.43
vertex 52.97576754955856 14.07272071662095 2.43
endloop
endfacet
facet normal 1.1390816951654446e-18 1.5555802749079763e-18 1.0
outer loop
vertex 51.75379997829674 14.80743777914861 2.43
vertex 52.97576754955856 14.07272071662095 2.43
vertex 53.51643281816968 18.12644034413638 2.43
endloop
endfacet
facet normal 1.1390816951654446e-18 1.5555802749079763e-18 1.0
outer loop
vertex 53.51643281816968 18.12644034413638 2.43
vertex 52.97576754955856 14.07272071662095 2.43
vertex 54.80945351268979 17.525514898903836 2.43
endloop
endfacet
facet normal 1.1390816951654446e-18 1.5555802749079763e-18 1.0
outer loop
vertex 53.51643281816968 18.12644034413638 2.43
vertex 54.80945351268979 17.525514898903836 2.43
vertex 54.91698717550304 21.61371722542196 2.43
endloop
endfacet
facet normal 1.1390816951654446e-18 1.5555802749079763e-18 1.0
outer loop
vertex 54.91698717550304 21.61371722542196 2.43
vertex 54.80945351268979 17.525514898903836 2.43
vertex 56.266465323402 21.153366668206942 2.43
endloop
endfacet
facet normal 1.1390816951654446e-18 1.5555802749079763e-18 1.0
outer loop
vertex 54.91698717550304 21.61371722542196 2.43
vertex 56.266465323402 21.153366668206942 2.43
vertex 55.939653536083874 25.22990390057172 2.43
endloop
endfacet
facet normal 1.1390816951654446e-18 1.5555802749079763e-18 1.0
outer loop
vertex 55.939653536083874 25.22990390057172 2.43
vertex 56.266465323402 21.153366668206942 2.43
vertex 55.993227317090074 25.984161886189042 2.43
endloop
endfacet
facet normal 1.1390816951654446e-18 1.5555802749079763e-18 1.0
outer loop
vertex 55.993227317090074 25.984161886189042 2.43
vertex 56.266465323402 21.153366668206942 2.43
vertex 56.04679440466654 26.738446600587725 2.43
endloop
endfacet
facet normal 1.1390816951654446e-18 1.5555802749079763e-18 1.0
outer loop
vertex 56.04679440466654 26.738446600587725 2.43
vertex 56.266465323402 21.153366668206942 2.43
vertex 56.10031967244668 27.492746349923273 2.43
endloop
endfacet
facet normal 1.1390816951654446e-18 1.5555802749079763e-18 1.0
outer loop
vertex 56.10031967244668 27.492746349923273 2.43
vertex 56.266465323402 21.153366668206942 2.43
vertex 56.16823509899875 29.050702841904286 2.43
endloop
endfacet
facet normal 1.1390816951654446e-18 1.5555802749079763e-18 1.0
outer loop
vertex 56.16823509899875 29.050702841904286 2.43
vertex 56.266465323402 21.153366668206942 2.43
vertex 56.19525061447423 31.1843515901974 2.43
endloop
endfacet
facet normal 1.1390816951654446e-18 1.5555802749079763e-18 1.0
outer loop
vertex 11.225063913800218 46.77386155833573 2.43
vertex 11.051315873875524 47.95954601785284 2.43
vertex 9.770668688382628 46.77386155833573 2.43
endloop
endfacet
facet normal 1.1390816951654446e-18 1.5555802749079763e-18 1.0
outer loop
vertex 11.051315873875524 47.95954601785284 2.43
vertex 11.225063913800218 46.77386155833573 2.43
vertex 13.673428493803033 49.70106502165123 2.43
endloop
endfacet
facet normal 1.1390816951654446e-18 1.5555802749079763e-18 1.0
outer loop
vertex 13.673428493803033 49.70106502165123 2.43
vertex 11.225063913800218 46.77386155833573 2.43
vertex 11.866448031057926 46.77386155833573 2.43
endloop
endfacet
facet normal 1.1390816951654446e-18 1.5555802749079763e-18 1.0
outer loop
vertex 13.673428493803033 49.70106502165123 2.43
vertex 11.866448031057926 46.77386155833573 2.43
vertex 11.93452959102318 46.83689472511656 2.43
endloop
endfacet
facet normal 1.1390816951654446e-18 1.5555802749079763e-18 1.0
outer loop
vertex 13.673428493803033 49.70106502165123 2.43
vertex 11.93452959102318 46.83689472511656 2.43
vertex 14.377786447042197 48.45962374658596 2.43
endloop
endfacet
facet normal 1.1390816951654446e-18 1.5555802749079763e-18 1.0
outer loop
vertex 13.673428493803033 49.70106502165123 2.43
vertex 14.377786447042197 48.45962374658596 2.43
vertex 16.505505954092968 51.054802691682234 2.43
endloop
endfacet
facet normal 1.1390816951654446e-18 1.5555802749079763e-18 1.0
outer loop
vertex 16.505505954092968 51.054802691682234 2.43
vertex 14.377786447042197 48.45962374658596 2.43
vertex 17.037773110997662 49.731101733776526 2.43
endloop
endfacet
facet normal 1.1390816951654446e-18 1.5555802749079763e-18 1.0
outer loop
vertex 16.505505954092968 51.054802691682234 2.43
vertex 17.037773110997662 49.731101733776526 2.43
vertex 19.82198486975579 52.149232685833816 2.43
endloop
endfacet
facet normal 1.1390816951654446e-18 1.5555802749079763e-18 1.0
outer loop
vertex 19.82198486975579 52.149232685833816 2.43
vertex 17.037773110997662 49.731101733776526 2.43
vertex 20.188527478469407 50.77084302918473 2.43
endloop
endfacet
facet normal 1.1390816951654446e-18 1.5555802749079763e-18 1.0
outer loop
vertex 19.82198486975579 52.149232685833816 2.43
vertex 20.188527478469407 50.77084302918473 2.43
vertex 23.50809883769111 52.90053914558015 2.43
endloop
endfacet
facet normal 1.1390816951654446e-18 1.5555802749079763e-18 1.0
outer loop
vertex 23.50809883769111 52.90053914558015 2.43
vertex 20.188527478469407 50.77084302918473 2.43
vertex 23.720565810043514 51.49074567941916 2.43
endloop
endfacet
facet normal 1.1390816951654446e-18 1.5555802749079763e-18 1.0
outer loop
vertex 23.50809883769111 52.90053914558015 2.43
vertex 23.720565810043514 51.49074567941916 2.43
vertex 27.242316595175428 53.26803694577793 2.43
endloop
endfacet
facet normal 1.1390816951654446e-18 1.5555802749079763e-18 1.0
outer loop
vertex 27.242316595175428 53.26803694577793 2.43
vertex 23.720565810043514 51.49074567941916 2.43
vertex 27.320350061125552 51.84501339474135 2.43
endloop
endfacet
facet normal 1.1390816951654446e-18 1.5555802749079763e-18 1.0
outer loop
vertex 27.242316595175428 53.26803694577793 2.43
vertex 27.320350061125552 51.84501339474135 2.43
vertex 30.961004535145836 53.31067478219939 2.43
endloop
endfacet
facet normal 1.1390816951654446e-18 1.5555802749079763e-18 1.0
outer loop
vertex 30.961004535145836 53.31067478219939 2.43
vertex 27.320350061125552 51.84501339474135 2.43
vertex 30.91729754175302 51.88625537599155 2.43
endloop
endfacet
facet normal 1.1390816951654446e-18 1.5555802749079763e-18 1.0
outer loop
vertex 30.961004535145836 53.31067478219939 2.43
vertex 30.91729754175302 51.88625537599155 2.43
vertex 36.753637553266856 51.46053413312178 2.43
endloop
endfacet
facet normal 1.1390816951654446e-18 1.5555802749079763e-18 1.0
outer loop
vertex 30.961004535145836 53.31067478219939 2.43
vertex 36.753637553266856 51.46053413312178 2.43
vertex 36.90800967229719 52.876881272337755 2.43
endloop
endfacet
facet normal 1.1390816951654446e-18 1.5555802749079763e-18 1.0
outer loop
vertex 36.90800967229719 52.876881272337755 2.43
vertex 36.753637553266856 51.46053413312178 2.43
vertex 38.37052467437728 51.22555961037151 2.43
endloop
endfacet
facet normal 1.1390816951654446e-18 1.5555802749079763e-18 1.0
outer loop
vertex 36.90800967229719 52.876881272337755 2.43
vertex 38.37052467437728 51.22555961037151 2.43
vertex 38.60117596281572 52.63082146033413 2.43
endloop
endfacet
facet normal 1.1390816951654446e-18 1.5555802749079763e-18 1.0
outer loop
vertex 38.60117596281572 52.63082146033413 2.43
vertex 38.37052467437728 51.22555961037151 2.43
vertex 39.977690505716026 50.931357334153645 2.43
endloop
endfacet
facet normal 1.1390816951654446e-18 1.5555802749079763e-18 1.0
outer loop
vertex 38.60117596281572 52.63082146033413 2.43
vertex 39.977690505716026 50.931357334153645 2.43
vertex 40.25979972577971 52.32719947127863 2.43
endloop
endfacet
facet normal 1.1390816951654446e-18 1.5555802749079763e-18 1.0
outer loop
vertex 40.25979972577971 52.32719947127863 2.43
vertex 39.977690505716026 50.931357334153645 2.43
vertex 41.572966243163926 50.57832431832698 2.43
endloop
endfacet
facet normal 1.1390816951654446e-18 1.5555802749079763e-18 1.0
outer loop
vertex 40.25979972577971 52.32719947127863 2.43
vertex 41.572966243163926 50.57832431832698 2.43
vertex 41.90615270007586 51.962863111120086 2.43
endloop
endfacet
facet normal 1.1390816951654446e-18 1.5555802749079763e-18 1.0
outer loop
vertex 41.90615270007586 51.962863111120086 2.43
vertex 41.572966243163926 50.57832431832698 2.43
vertex 43.154199127794975 50.16693696641118 2.43
endloop
endfacet
facet normal 1.1390816951654446e-18 1.5555802749079763e-18 1.0
outer loop
vertex 41.90615270007586 51.962863111120086 2.43
vertex 43.154199127794975 50.16693696641118 2.43
vertex 43.564455506636484 51.53142457547092 2.43
endloop
endfacet
facet normal 1.1390816951654446e-18 1.5555802749079763e-18 1.0
outer loop
vertex 43.564455506636484 51.53142457547092 2.43
vertex 43.154199127794975 50.16693696641118 2.43
vertex 44.716329999697656 49.63254700122299 2.43
endloop
endfacet
facet normal 1.1390816951654446e-18 1.5555802749079763e-18 1.0
outer loop
vertex 43.564455506636484 51.53142457547092 2.43
vertex 44.716329999697656 49.63254700122299 2.43
vertex 45.221404066307905 50.9645983901316 2.43
endloop
endfacet
facet normal 1.1390816951654446e-18 1.5555802749079763e-18 1.0
outer loop
vertex 45.221404066307905 50.9645983901316 2.43
vertex 44.716329999697656 49.63254700122299 2.43
vertex 46.240056632201174 48.996872048715375 2.43
endloop
endfacet
facet normal 1.1390816951654446e-18 1.5555802749079763e-18 1.0
outer loop
vertex 45.221404066307905 50.9645983901316 2.43
vertex 46.240056632201174 48.996872048715375 2.43
vertex 46.83139155341447 50.292936756362764 2.43
endloop
endfacet
facet normal 1.1390816951654446e-18 1.5555802749079763e-18 1.0
outer loop
vertex 46.83139155341447 50.292936756362764 2.43
vertex 46.240056632201174 48.996872048715375 2.43
vertex 47.7188200219233 48.26264842265638 2.43
endloop
endfacet
facet normal 1.1390816951654446e-18 1.5555802749079763e-18 1.0
outer loop
vertex 46.83139155341447 50.292936756362764 2.43
vertex 47.7188200219233 48.26264842265638 2.43
vertex 48.393870349189285 49.51714743465825 2.43
endloop
endfacet
facet normal 1.1390816951654446e-18 1.5555802749079763e-18 1.0
outer loop
vertex 48.393870349189285 49.51714743465825 2.43
vertex 47.7188200219233 48.26264842265638 2.43
vertex 49.14625471336365 47.433036647475824 2.43
endloop
endfacet
facet normal 1.1390816951654446e-18 1.5555802749079763e-18 1.0
outer loop
vertex 48.393870349189285 49.51714743465825 2.43
vertex 49.14625471336365 47.433036647475824 2.43
vertex 49.93239894592739 48.62296891429592 2.43
endloop
endfacet
facet normal 1.1390816951654446e-18 1.5555802749079763e-18 1.0
outer loop
vertex 49.93239894592739 48.62296891429592 2.43
vertex 49.14625471336365 47.433036647475824 2.43
vertex 50.28642029183621 46.58201357322084 2.429999999999999
endloop
endfacet
facet normal 1.1390816951654446e-18 1.5555802749079763e-18 1.0
outer loop
vertex 49.93239894592739 48.62296891429592 2.43
vertex 50.28642029183621 46.58201357322084 2.429999999999999
vertex 51.18229476689916 47.69004285149792 2.43
endloop
endfacet
facet normal 1.1390816951654446e-18 1.5555802749079763e-18 1.0
outer loop
vertex 51.18229476689916 47.69004285149792 2.43
vertex 50.28642029183621 46.58201357322084 2.429999999999999
vertex 51.35732163301132 45.64532358356727 2.429999999999999
endloop
endfacet
facet normal 1.1390816951654446e-18 1.5555802749079763e-18 1.0
outer loop
vertex 51.18229476689916 47.69004285149792 2.43
vertex 51.35732163301132 45.64532358356727 2.429999999999999
vertex 52.33624208447516 46.680714672139096 2.43
endloop
endfacet
facet normal 1.1390816951654446e-18 1.5555802749079763e-18 1.0
outer loop
vertex 52.33624208447516 46.680714672139096 2.43
vertex 51.35732163301132 45.64532358356727 2.429999999999999
vertex 52.352538064823406 44.628582676011156 2.429999999999999
endloop
endfacet
facet normal 1.1390816951654446e-18 1.5555802749079763e-18 1.0
outer loop
vertex 52.33624208447516 46.680714672139096 2.43
vertex 52.352538064823406 44.628582676011156 2.429999999999999
vertex 53.40863529918385 45.58512780728665 2.43
endloop
endfacet
facet normal 1.1390816951654446e-18 1.5555802749079763e-18 1.0
outer loop
vertex 53.40863529918385 45.58512780728665 2.43
vertex 52.352538064823406 44.628582676011156 2.429999999999999
vertex 53.26610268995352 43.537886799536516 2.43
endloop
endfacet
facet normal 1.1390816951654446e-18 1.5555802749079763e-18 1.0
outer loop
vertex 53.40863529918385 45.58512780728665 2.43
vertex 53.26610268995352 43.537886799536516 2.43
vertex 54.22401401228286 41.79923549122147 2.43
endloop
endfacet
facet normal 1.1390816951654446e-18 1.5555802749079763e-18 1.0
outer loop
vertex 53.40863529918385 45.58512780728665 2.43
vertex 54.22401401228286 41.79923549122147 2.43
vertex 54.44643516689971 44.34610868900289 2.43
endloop
endfacet
facet normal 1.1390816951654446e-18 1.5555802749079763e-18 1.0
outer loop
vertex 54.44643516689971 44.34610868900289 2.43
vertex 54.22401401228286 41.79923549122147 2.43
vertex 55.06195262597846 39.81635067541362 2.43
endloop
endfacet
facet normal 1.1390816951654446e-18 1.5555802749079763e-18 1.0
outer loop
vertex 54.44643516689971 44.34610868900289 2.43
vertex 55.06195262597846 39.81635067541362 2.43
vertex 55.506764669370405 42.42156386554869 2.43
endloop
endfacet
facet normal 1.1390816951654446e-18 1.5555802749079763e-18 1.0
outer loop
vertex 55.506764669370405 42.42156386554869 2.43
vertex 55.06195262597846 39.81635067541362 2.43
vertex 55.65064694445359 37.735463525112564 2.43
endloop
endfacet
facet normal 1.1390816951654446e-18 1.5555802749079763e-18 1.0
outer loop
vertex 55.506764669370405 42.42156386554869 2.43
vertex 55.65064694445359 37.735463525112564 2.43
vertex 56.40792035972277 40.28908314933388 2.43
endloop
endfacet
facet normal 1.1390816951654446e-18 1.5555802749079763e-18 1.0
outer loop
vertex 56.40792035972277 40.28908314933388 2.43
vertex 55.65064694445359 37.735463525112564 2.43
vertex 55.926035871262435 36.27616819635442 2.43
endloop
endfacet
facet normal 1.1390816951654446e-18 1.5555802749079763e-18 1.0
outer loop
vertex 56.40792035972277 40.28908314933388 2.43
vertex 55.926035871262435 36.27616819635442 2.43
vertex 56.00282388644111 35.79729104046063 2.43
endloop
endfacet
facet normal 1.1390816951654446e-18 1.5555802749079763e-18 1.0
outer loop
vertex 56.40792035972277 40.28908314933388 2.43
vertex 56.00282388644111 35.79729104046063 2.43
vertex 56.06130715531146 35.40284270921961 2.43
endloop
endfacet
facet normal 1.1390816951654446e-18 1.5555802749079763e-18 1.0
outer loop
vertex 56.40792035972277 40.28908314933388 2.43
vertex 56.06130715531146 35.40284270921961 2.43
vertex 56.10440418344456 35.072586863646464 2.43
endloop
endfacet
facet normal 1.1390816951654446e-18 1.5555802749079763e-18 1.0
outer loop
vertex 56.40792035972277 40.28908314933388 2.43
vertex 56.10440418344456 35.072586863646464 2.43
vertex 56.13503347640963 34.78628716475637 2.43
endloop
endfacet
facet normal 1.1390816951654446e-18 1.5555802749079763e-18 1.0
outer loop
vertex 56.40792035972277 40.28908314933388 2.43
vertex 56.13503347640963 34.78628716475637 2.43
vertex 56.15611353977781 34.52370727356445 2.43
endloop
endfacet
facet normal 1.1390816951654446e-18 1.5555802749079763e-18 1.0
outer loop
vertex 56.40792035972277 40.28908314933388 2.43
vertex 56.15611353977781 34.52370727356445 2.43
vertex 56.170562879117696 34.264610851085855 2.43
endloop
endfacet
facet normal 1.1390816951654446e-18 1.5555802749079763e-18 1.0
outer loop
vertex 56.40792035972277 40.28908314933388 2.43
vertex 56.170562879117696 34.264610851085855 2.43
vertex 56.18129999999987 33.98876155833579 2.43
endloop
endfacet
facet normal 1.1390816951654446e-18 1.5555802749079763e-18 1.0
outer loop
vertex 56.40792035972277 40.28908314933388 2.43
vertex 56.18129999999987 33.98876155833579 2.43
vertex 56.19104619367312 33.04151053421198 2.43
endloop
endfacet
facet normal 1.1390816951654446e-18 1.5555802749079763e-18 1.0
outer loop
vertex 56.40792035972277 40.28908314933388 2.43
vertex 56.19104619367312 33.04151053421198 2.43
vertex 56.19525061447423 31.1843515901974 2.43
endloop
endfacet
facet normal 1.1390816951654446e-18 1.5555802749079763e-18 1.0
outer loop
vertex 56.40792035972277 40.28908314933388 2.43
vertex 56.19525061447423 31.1843515901974 2.43
vertex 56.266465323402 21.153366668206942 2.43
endloop
endfacet
facet normal 1.1390816951654446e-18 1.5555802749079763e-18 1.0
outer loop
vertex 56.40792035972277 40.28908314933388 2.43
vertex 56.266465323402 21.153366668206942 2.43
vertex 57.34953925991456 24.98315680151465 2.43
endloop
endfacet
facet normal 1.1390816951654446e-18 1.5555802749079763e-18 1.0
outer loop
vertex 56.40792035972277 40.28908314933388 2.43
vertex 57.34953925991456 24.98315680151465 2.43
vertex 57.037994870911135 38.061927369301955 2.43
endloop
endfacet
facet normal 1.1390816951654446e-18 1.5555802749079763e-18 1.0
outer loop
vertex 57.037994870911135 38.061927369301955 2.43
vertex 57.34953925991456 24.98315680151465 2.43
vertex 57.328798825508855 36.520947281808745 2.43
endloop
endfacet
facet normal 1.1390816951654446e-18 1.5555802749079763e-18 1.0
outer loop
vertex 57.328798825508855 36.520947281808745 2.43
vertex 57.34953925991456 24.98315680151465 2.43
vertex 57.41001974724499 36.01442495654883 2.43
endloop
endfacet
facet normal 1.1390816951654446e-18 1.5555802749079763e-18 1.0
outer loop
vertex 57.41001974724499 36.01442495654883 2.43
vertex 57.34953925991456 24.98315680151465 2.43
vertex 57.381506867480304 25.433224406117077 2.43
endloop
endfacet
facet normal 1.1390816951654446e-18 1.5555802749079763e-18 1.0
outer loop
vertex 57.41001974724499 36.01442495654883 2.43
vertex 57.381506867480304 25.433224406117077 2.43
vertex 57.413474475046 25.8832920107195 2.43
endloop
endfacet
facet normal 1.1390816951654446e-18 1.5555802749079763e-18 1.0
outer loop
vertex 57.41001974724499 36.01442495654883 2.43
vertex 57.413474475046 25.8832920107195 2.43
vertex 57.47155542980352 35.599389207594214 2.43
endloop
endfacet
facet normal 1.1390816951654446e-18 1.5555802749079763e-18 1.0
outer loop
vertex 57.47155542980352 35.599389207594214 2.43
vertex 57.413474475046 25.8832920107195 2.43
vertex 57.46704498718042 26.63762494676549 2.43
endloop
endfacet
facet normal 1.1390816951654446e-18 1.5555802749079763e-18 1.0
outer loop
vertex 57.47155542980352 35.599389207594214 2.43
vertex 57.46704498718042 26.63762494676549 2.43
vertex 57.521947669519285 27.411335779864107 2.43
endloop
endfacet
facet normal 1.1390816951654446e-18 1.5555802749079763e-18 1.0
outer loop
vertex 57.47155542980352 35.599389207594214 2.43
vertex 57.521947669519285 27.411335779864107 2.43
vertex 57.51839413670925 35.240460589435294 2.43
endloop
endfacet
facet normal 1.1390816951654446e-18 1.5555802749079763e-18 1.0
outer loop
vertex 57.51839413670925 35.240460589435294 2.43
vertex 57.521947669519285 27.411335779864107 2.43
vertex 57.55278394096635 34.91901044643426 2.43
endloop
endfacet
facet normal 1.1390816951654446e-18 1.5555802749079763e-18 1.0
outer loop
vertex 57.55278394096635 34.91901044643426 2.43
vertex 57.521947669519285 27.411335779864107 2.43
vertex 57.54486661458375 27.937088485323397 2.43
endloop
endfacet
facet normal 1.1390816951654446e-18 1.5555802749079763e-18 1.0
outer loop
vertex 57.55278394096635 34.91901044643426 2.43
vertex 57.54486661458375 27.937088485323397 2.43
vertex 57.591667092739584 29.010675334027777 2.43
endloop
endfacet
facet normal 1.1390816951654446e-18 1.5555802749079763e-18 1.0
outer loop
vertex 57.55278394096635 34.91901044643426 2.43
vertex 57.591667092739584 29.010675334027777 2.43
vertex 57.57676205203938 34.62033156265946 2.43
endloop
endfacet
facet normal 1.1390816951654446e-18 1.5555802749079763e-18 1.0
outer loop
vertex 57.57676205203938 34.62033156265946 2.43
vertex 57.591667092739584 29.010675334027777 2.43
vertex 57.59284482233635 34.3319454884331 2.43
endloop
endfacet
facet normal 1.1390816951654446e-18 1.5555802749079763e-18 1.0
outer loop
vertex 57.59284482233635 34.3319454884331 2.43
vertex 57.591667092739584 29.010675334027777 2.43
vertex 57.61909570123836 31.176949608687536 2.43
endloop
endfacet
facet normal 1.1390816951654446e-18 1.5555802749079763e-18 1.0
outer loop
vertex 57.59284482233635 34.3319454884331 2.43
vertex 57.61909570123836 31.176949608687536 2.43
vertex 57.604839714681866 34.02378256408513 2.43
endloop
endfacet
facet normal 1.1390816951654446e-18 1.5555802749079763e-18 1.0
outer loop
vertex 57.604839714681866 34.02378256408513 2.43
vertex 57.61909570123836 31.176949608687536 2.43
vertex 57.614854292300066 33.05044679597444 2.43
endloop
endfacet
facet normal 1.1390816951654446e-18 1.5555802749079763e-18 1.0
outer loop
vertex 57.614854292300066 33.05044679597444 2.43
vertex 57.61909570123836 31.176949608687536 2.43
vertex 57.6155132922374 32.75935613572777 2.43
endloop
endfacet
facet normal 1.1390816951654446e-18 1.5555802749079763e-18 1.0
outer loop
vertex 5.018281835077404 39.522812149537245 2.43
vertex 5.563446923082408 35.74298215361939 2.43
vertex 6.557694405565994 42.87576365880015 2.43
endloop
endfacet
facet normal 1.1390816951654446e-18 1.5555802749079763e-18 1.0
outer loop
vertex 5.563446923082408 35.74298215361939 2.43
vertex 5.018281835077404 39.522812149537245 2.43
vertex 5.309000000000106 32.2833615583358 2.43
endloop
endfacet
facet normal 1.1390816951654446e-18 1.5555802749079763e-18 1.0
outer loop
vertex 6.557694405565994 42.87576365880015 2.43
vertex 5.563446923082408 35.74298215361939 2.43
vertex 6.369331241303753 39.05306588621348 2.43
endloop
endfacet
facet normal 1.1390816951654446e-18 1.5555802749079763e-18 1.0
outer loop
vertex 6.557694405565994 42.87576365880015 2.43
vertex 6.369331241303753 39.05306588621348 2.43
vertex 7.790467897779346 42.14840393174099 2.43
endloop
endfacet
facet normal 1.1390816951654446e-18 1.5555802749079763e-18 1.0
outer loop
vertex 6.557694405565994 42.87576365880015 2.43
vertex 7.790467897779346 42.14840393174099 2.43
vertex 8.327153815249691 42.87576365880015 2.43
endloop
endfacet
facet normal -0.9956466712355494 -0.09320786478387946 0.0
outer loop
vertex 57.55278394096635 34.91901044643426 3.84
vertex 57.57676205203938 34.62033156265946 2.43
vertex 57.57676205203938 34.62033156265946 3.84
endloop
endfacet
facet normal -0.9976950273937838 -0.06785744110793654 0.0
outer loop
vertex 57.57676205203938 34.62033156265946 2.43
vertex 57.55278394096635 34.91901044643426 3.84
vertex 57.55278394096635 34.91901044643426 2.43
endloop
endfacet
facet normal 0.0 -1.0 0.0
outer loop
vertex 8.327153815249691 42.87576365880015 3.8400000000000336
vertex 6.557694405565994 42.87576365880015 2.43
vertex 8.327153815249691 42.87576365880015 2.43
endloop
endfacet
facet normal 0.000843987989011451 -0.9999996438420737 -7.140125126897112e-20
outer loop
vertex 6.557694405565994 42.87576365880015 2.43
vertex 8.327153815249691 42.87576365880015 3.8400000000000336
vertex 6.557694405565994 42.87576365880015 3.8400000000000336
endloop
endfacet
facet normal -0.9988812156992599 -0.047289712656861875 0.0
outer loop
vertex 57.59284482233635 34.3319454884331 3.84
vertex 57.604839714681866 34.02378256408513 2.43
vertex 57.604839714681866 34.02378256408513 3.84
endloop
endfacet
facet normal -0.999697523961309 -0.02459391358910158 0.0
outer loop
vertex 57.604839714681866 34.02378256408513 2.43
vertex 57.59284482233635 34.3319454884331 3.84
vertex 57.59284482233635 34.3319454884331 2.43
endloop
endfacet
facet normal -0.41509089040572933 0.9097799474060632 -3.2951939943880233e-18
outer loop
vertex 94.90860844658583 50.292936756362764 2.43
vertex 96.51859593369241 50.9645983901316 0.7999999999999999
vertex 94.90860844658583 50.292936756362764 0.7999999999999999
endloop
endfacet
facet normal -0.3545395959364253 0.9350410017283929 -3.2440619358954307e-18
outer loop
vertex 96.51859593369241 50.9645983901316 0.7999999999999999
vertex 94.90860844658583 50.292936756362764 2.43
vertex 96.51859593369241 50.9645983901316 2.43
endloop
endfacet
facet normal -0.9974873853327736 -0.07084430888919026 0.0
outer loop
vertex 84.32652552495425 25.8832920107195 2.43
vertex 84.35849313251997 25.433224406117077 0.8000000000000006
vertex 84.35849313251997 25.433224406117077 2.43
endloop
endfacet
facet normal -0.9974869838537096 -0.07084996148502513 0.0
outer loop
vertex 84.35849313251997 25.433224406117077 0.8000000000000006
vertex 84.32652552495425 25.8832920107195 2.43
vertex 84.32652552495425 25.8832920107195 0.7999999999999999
endloop
endfacet
facet normal -0.9850284387883886 -0.172391922021044 -1.8734201699941846e-19
outer loop
vertex 84.39046074008567 24.98315680151465 2.43
vertex 85.47353467659825 21.153366668206942 0.7999999999999999
vertex 85.47353467659825 21.153366668206942 2.43
endloop
endfacet
facet normal -0.9464456547295027 -0.3228631639621394 -4.1202349735649127e-19
outer loop
vertex 85.47353467659825 21.153366668206942 0.7999999999999999
vertex 84.39046074008567 24.98315680151465 2.43
vertex 84.39046074008567 24.98315680151465 0.7999999999999999
endloop
endfacet
facet normal -0.6870133243291866 0.7266448184595828 -3.335311895666289e-18
outer loop
vertex 89.40375791552509 46.680714672139096 2.43
vertex 88.33136470081642 45.58512780728665 0.7999999999999999
vertex 88.33136470081642 45.58512780728665 2.43
endloop
endfacet
facet normal -0.7411765386115093 0.6713101657295694 -3.2920292581135367e-18
outer loop
vertex 88.33136470081642 45.58512780728665 0.7999999999999999
vertex 89.40375791552509 46.680714672139096 2.43
vertex 89.40375791552509 46.680714672139096 0.7999999999999999
endloop
endfacet
facet normal -0.1981013765419594 0.9801815365595197 -3.057241864676619e-18
outer loop
vertex 101.48020027422058 52.32719947127863 2.43
vertex 103.13882403718455 52.63082146033413 0.7999999999999999
vertex 101.48020027422058 52.32719947127863 0.7999999999999999
endloop
endfacet
facet normal -0.16196683586042807 0.9867962018985285 -3.0037242756914827e-18
outer loop
vertex 103.13882403718455 52.63082146033413 0.7999999999999999
vertex 101.48020027422058 52.32719947127863 2.43
vertex 103.13882403718455 52.63082146033413 2.43
endloop
endfacet
facet normal -0.23396858757209815 0.9722441565931459 -3.1066338316386883e-18
outer loop
vertex 99.83384729992441 51.962863111120086 2.43
vertex 101.48020027422058 52.32719947127863 0.7999999999999999
vertex 99.83384729992441 51.962863111120086 0.7999999999999999
endloop
endfacet
facet normal -0.1981013765419594 0.9801815365595197 -3.057241864676619e-18
outer loop
vertex 101.48020027422058 52.32719947127863 0.7999999999999999
vertex 99.83384729992441 51.962863111120086 2.43
vertex 101.48020027422058 52.32719947127863 2.43
endloop
endfacet
facet normal -0.6287310683665279 0.7776228158115503 -3.358597412014575e-18
outer loop
vertex 90.55770523310113 47.69004285149792 2.43
vertex 91.80760105407292 48.62296891429592 0.7999999999999999
vertex 90.55770523310113 47.69004285149792 0.7999999999999999
endloop
endfacet
facet normal -0.5512274835136665 0.8343549972398984 -3.3594937545559164e-18
outer loop
vertex 91.80760105407292 48.62296891429592 0.7999999999999999
vertex 90.55770523310113 47.69004285149792 2.43
vertex 91.80760105407292 48.62296891429592 2.43
endloop
endfacet
facet normal -0.6870133243291866 0.7266448184595828 -3.335311895666289e-18
outer loop
vertex 89.40375791552509 46.680714672139096 2.43
vertex 90.55770523310113 47.69004285149792 0.7999999999999999
vertex 89.40375791552509 46.680714672139096 0.7999999999999999
endloop
endfacet
facet normal -0.6287310683665279 0.7776228158115503 -3.358597412014575e-18
outer loop
vertex 90.55770523310113 47.69004285149792 0.7999999999999999
vertex 89.40375791552509 46.680714672139096 2.43
vertex 90.55770523310113 47.69004285149792 2.43
endloop
endfacet
facet normal -0.990427215162316 0.13803597888166488 0.0
outer loop
vertex 84.2684445701967 35.599389207594214 2.43
vertex 84.221605863291 35.240460589435294 0.7999999999999999
vertex 84.221605863291 35.240460589435294 2.43
endloop
endfacet
facet normal -0.9930260136188116 0.11789544637657522 0.0
outer loop
vertex 84.221605863291 35.240460589435294 0.7999999999999999
vertex 84.2684445701967 35.599389207594214 2.43
vertex 84.2684445701967 35.599389207594214 0.7999999999999999
endloop
endfacet
facet normal -0.9930260136188116 0.11789544637657522 0.0
outer loop
vertex 84.221605863291 35.240460589435294 2.43
vertex 84.1872160590339 34.91901044643426 0.7999999999999999
vertex 84.1872160590339 34.91901044643426 2.43
endloop
endfacet
facet normal -0.9956466712355546 0.09320786478382481 0.0
outer loop
vertex 84.1872160590339 34.91901044643426 0.7999999999999999
vertex 84.221605863291 35.240460589435294 2.43
vertex 84.221605863291 35.240460589435294 0.7999999999999999
endloop
endfacet
facet normal -0.9956466712355546 0.09320786478382481 0.0
outer loop
vertex 84.1872160590339 34.91901044643426 2.43
vertex 84.1632379479609 34.62033156265946 0.7999999999999999
vertex 84.1632379479609 34.62033156265946 2.43
endloop
endfacet
facet normal -0.9976950273937837 0.06785744110793797 0.0
outer loop
vertex 84.1632379479609 34.62033156265946 0.7999999999999999
vertex 84.1872160590339 34.91901044643426 2.43
vertex 84.1872160590339 34.91901044643426 0.7999999999999999
endloop
endfacet
facet normal -0.9434985218839993 0.33137673304368964 -1.4433705686501056e-18
outer loop
vertex 85.33207964027753 40.28908314933388 2.43
vertex 84.70200512908912 38.061927369301955 0.7999999999999999
vertex 84.70200512908912 38.061927369301955 2.43
endloop
endfacet
facet normal -0.9622346367666194 0.27222142422412715 0.0
outer loop
vertex 84.70200512908912 38.061927369301955 0.7999999999999999
vertex 85.33207964027753 40.28908314933388 2.43
vertex 85.33207964027753 40.28908314933388 0.7999999999999999
endloop
endfacet
facet normal -0.3545395959364253 0.9350410017283929 -3.2440619358954307e-18
outer loop
vertex 96.51859593369241 50.9645983901316 2.43
vertex 98.17554449336376 51.53142457547092 0.7999999999999999
vertex 96.51859593369241 50.9645983901316 0.7999999999999999
endloop
endfacet
facet normal -0.28793383247169074 0.9576503057578818 -3.17373874604152e-18
outer loop
vertex 98.17554449336376 51.53142457547092 0.7999999999999999
vertex 96.51859593369241 50.9645983901316 2.43
vertex 98.17554449336376 51.53142457547092 2.43
endloop
endfacet
facet normal -0.5512274835136665 0.8343549972398984 -3.3594937545559164e-18
outer loop
vertex 91.80760105407292 48.62296891429592 2.43
vertex 93.34612965081101 49.51714743465825 0.7999999999999999
vertex 91.80760105407292 48.62296891429592 0.7999999999999999
endloop
endfacet
facet normal -0.4738553928771657 0.8806026724018199 -3.332141626296513e-18
outer loop
vertex 93.34612965081101 49.51714743465825 0.7999999999999999
vertex 91.80760105407292 48.62296891429592 2.43
vertex 93.34612965081101 49.51714743465825 2.43
endloop
endfacet
facet normal -0.9883038096801504 0.15249780251433465 0.0
outer loop
vertex 84.32998025275526 36.01442495654883 2.43
vertex 84.2684445701967 35.599389207594214 0.7999999999999999
vertex 84.2684445701967 35.599389207594214 2.43
endloop
endfacet
facet normal -0.990427215162316 0.13803597888166488 0.0
outer loop
vertex 84.2684445701967 35.599389207594214 0.7999999999999999
vertex 84.32998025275526 36.01442495654883 2.43
vertex 84.32998025275526 36.01442495654883 0.7999999999999999
endloop
endfacet
facet normal -0.7071067811865316 0.7071067811865636 0.0
outer loop
vertex 0.9757359312883532 46.5981256270477 3.8400000000000376
vertex 1.1000000000001615 46.693476800606426 -1.9099999999999928
vertex 0.9757359312883532 46.5981256270477 -1.9099999999999928
endloop
endfacet
facet normal -0.49999999999999867 0.8660254037844396 0.0
outer loop
vertex 1.1000000000001615 46.693476800606426 -1.9099999999999928
vertex 0.9757359312883532 46.5981256270477 3.8400000000000376
vertex 1.1000000000001615 46.693476800606426 3.8400000000000376
endloop
endfacet
facet normal -0.6229240475262854 -0.782282321808099 9.529461502225212e-22
outer loop
vertex 1.026245571484536 42.99986519425056 3.8400000000000376
vertex 0.9311041493366674 43.09488624523892 -1.9099999999999928
vertex 1.026245571484536 42.99986519425056 -1.9099999999999928
endloop
endfacet
facet normal -0.7814930844391944 -0.6239139034944761 9.529461502224535e-22
outer loop
vertex 0.9311041493366674 43.09488624523892 -1.9099999999999928
vertex 1.026245571484536 42.99986519425056 3.8400000000000376
vertex 0.9311041493366674 43.09488624523892 3.8400000000000394
endloop
endfacet
facet normal -0.28793383247169074 0.9576503057578818 -3.17373874604152e-18
outer loop
vertex 98.17554449336376 51.53142457547092 2.43
vertex 99.83384729992441 51.962863111120086 0.7999999999999999
vertex 98.17554449336376 51.53142457547092 0.7999999999999999
endloop
endfacet
facet normal -0.23396858757209815 0.9722441565931459 -3.1066338316386883e-18
outer loop
vertex 99.83384729992441 51.962863111120086 0.7999999999999999
vertex 98.17554449336376 51.53142457547092 2.43
vertex 99.83384729992441 51.962863111120086 2.43
endloop
endfacet
facet normal -0.9851143500582585 0.1719003121268116 0.0
outer loop
vertex 84.4112011744914 36.520947281808745 2.43
vertex 84.32998025275526 36.01442495654883 0.7999999999999999
vertex 84.32998025275526 36.01442495654883 2.43
endloop
endfacet
facet normal -0.9883038096801504 0.15249780251433465 0.0
outer loop
vertex 84.32998025275526 36.01442495654883 0.7999999999999999
vertex 84.4112011744914 36.520947281808745 2.43
vertex 84.4112011744914 36.520947281808745 0.7999999999999999
endloop
endfacet
facet normal -0.4738553928771657 0.8806026724018199 -3.332141626296513e-18
outer loop
vertex 93.34612965081101 49.51714743465825 2.43
vertex 94.90860844658583 50.292936756362764 0.7999999999999999
vertex 93.34612965081101 49.51714743465825 0.7999999999999999
endloop
endfacet
facet normal -0.41509089040572933 0.9097799474060632 -3.2951939943880233e-18
outer loop
vertex 94.90860844658583 50.292936756362764 0.7999999999999999
vertex 93.34612965081101 49.51714743465825 2.43
vertex 94.90860844658583 50.292936756362764 2.43
endloop
endfacet
facet normal -0.9308342449511949 0.3654416621379385 2.1324776268870788e-19
outer loop
vertex 57.591168769752876 28.018865981745165 3.84
vertex 57.54486661458375 27.937088485323397 2.43
vertex 57.54486661458375 27.937088485323397 3.84
endloop
endfacet
facet normal -0.9361419841331882 0.3516222199224303 2.8859355461042694e-19
outer loop
vertex 57.54486661458375 27.937088485323397 2.43
vertex 57.591168769752876 28.018865981745165 3.84
vertex 57.54486661458375 27.937088485323397 0.7999999999999999
endloop
endfacet
facet normal -0.9361419841331882 0.3516222199224303 2.8859355461042694e-19
outer loop
vertex 57.54486661458375 27.937088485323397 0.7999999999999999
vertex 57.591168769752876 28.018865981745165 3.84
vertex 57.54486661458375 27.937088485323397 -1.91
endloop
endfacet
facet normal -0.9612268267773145 0.2757589300160824 2.1713832448063906e-19
outer loop
vertex 57.54486661458375 27.937088485323397 -1.91
vertex 57.591168769752876 28.018865981745165 3.84
vertex 57.591168769752876 28.018865981745165 -1.91
endloop
endfacet
facet normal -0.2588190451023515 0.9659258262891137 0.0
outer loop
vertex 1.2447085729387533 46.75341705410917 3.8400000000000376
vertex 1.4000000000001385 46.77386155833573 -1.9099999999999928
vertex 1.2447085729387533 46.75341705410917 -1.9099999999999928
endloop
endfacet
facet normal -0.06540312923019254 0.9978589232386003 0.0
outer loop
vertex 1.4000000000001385 46.77386155833573 -1.9099999999999928
vertex 1.2447085729387533 46.75341705410917 3.8400000000000376
vertex 1.4000000000001385 46.77386155833573 3.8400000000000376
endloop
endfacet
facet normal -0.9978589232385713 0.06540312923063502 0.0
outer loop
vertex 0.8000000000002297 46.17386155833573 3.8400000000000376
vertex 0.8000000000002297 43.469234587335436 -1.9099999999999928
vertex 0.8000000000002297 43.469234587335436 3.8400000000000394
endloop
endfacet
facet normal -0.9984242788479217 -0.056115589696693766 0.0
outer loop
vertex 0.8000000000002297 43.469234587335436 -1.9099999999999928
vertex 0.8000000000002297 46.17386155833573 3.8400000000000376
vertex 0.8000000000002297 46.17386155833573 -1.9099999999999928
endloop
endfacet
facet normal -0.49999999999999867 0.8660254037844396 0.0
outer loop
vertex 1.1000000000001615 46.693476800606426 3.8400000000000376
vertex 1.2447085729387533 46.75341705410917 -1.9099999999999928
vertex 1.1000000000001615 46.693476800606426 -1.9099999999999928
endloop
endfacet
facet normal -0.2588190451023515 0.9659258262891137 0.0
outer loop
vertex 1.2447085729387533 46.75341705410917 -1.9099999999999928
vertex 1.1000000000001615 46.693476800606426 3.8400000000000376
vertex 1.2447085729387533 46.75341705410917 3.8400000000000376
endloop
endfacet
facet normal -0.054851557801452 -0.998494520068465 -9.809584305357583e-20
outer loop
vertex 1.400759589057064 42.86923506814856 3.8400000000000376
vertex 1.2671222707680956 42.88413330629585 -1.9099999999999928
vertex 1.400759589057064 42.86923506814856 -1.9099999999999944
endloop
endfacet
facet normal -0.22146288205344347 -0.9751688017325938 -4.467168094344605e-20
outer loop
vertex 1.2671222707680956 42.88413330629585 -1.9099999999999928
vertex 1.400759589057064 42.86923506814856 3.8400000000000376
vertex 1.2671222707680956 42.88413330629585 3.8400000000000376
endloop
endfacet
facet normal -0.8251032740100364 0.5649819353022884 -3.168985349068561e-18
outer loop
vertex 87.29356483310056 44.34610868900289 2.43
vertex 86.2332353306299 42.42156386554869 0.7999999999999999
vertex 86.2332353306299 42.42156386554869 2.43
endloop
endfacet
facet normal -0.899707065686684 0.4364942106757627 -2.9672386144276997e-18
outer loop
vertex 86.2332353306299 42.42156386554869 0.7999999999999999
vertex 87.29356483310056 44.34610868900289 2.43
vertex 87.29356483310056 44.34610868900289 0.7999999999999999
endloop
endfacet
facet normal -0.9826554962117693 0.18544049116846473 0.0
outer loop
vertex 84.70200512908912 38.061927369301955 2.43
vertex 84.4112011744914 36.520947281808745 0.7999999999999999
vertex 84.4112011744914 36.520947281808745 2.43
endloop
endfacet
facet normal -0.9851143500582585 0.1719003121268116 0.0
outer loop
vertex 84.4112011744914 36.520947281808745 0.7999999999999999
vertex 84.70200512908912 38.061927369301955 2.43
vertex 84.70200512908912 38.061927369301955 0.7999999999999999
endloop
endfacet
facet normal -0.9659258262891082 0.25881904510237225 0.0
outer loop
vertex 0.8204445042269456 46.32915298539725 3.8400000000000376
vertex 0.8000000000002297 46.17386155833573 -1.9099999999999928
vertex 0.8000000000002297 46.17386155833573 3.8400000000000376
endloop
endfacet
facet normal -0.9978589232385713 0.065403129230635 0.0
outer loop
vertex 0.8000000000002297 46.17386155833573 -1.9099999999999928
vertex 0.8204445042269456 46.32915298539725 3.8400000000000376
vertex 0.8204445042269456 46.32915298539725 -1.9099999999999928
endloop
endfacet
facet normal -0.9984242788479216 -0.05611558969669377 0.0
outer loop
vertex 0.8000000000002297 43.469234587335436 3.8400000000000394
vertex 0.8150674086162379 43.33561623703559 -1.9099999999999928
vertex 0.8150674086162379 43.33561623703559 3.8400000000000394
endloop
endfacet
facet normal -0.9748876523066269 -0.22269725049958228 0.0
outer loop
vertex 0.8150674086162379 43.33561623703559 -1.9099999999999928
vertex 0.8000000000002297 43.469234587335436 3.8400000000000394
vertex 0.8000000000002297 43.469234587335436 -1.9099999999999928
endloop
endfacet
facet normal -0.899707065686684 0.4364942106757627 -2.9672386144276997e-18
outer loop
vertex 86.2332353306299 42.42156386554869 2.43
vertex 85.33207964027753 40.28908314933388 0.7999999999999999
vertex 85.33207964027753 40.28908314933388 2.43
endloop
endfacet
facet normal -0.9434985218839993 0.33137673304368964 -1.4433705686501056e-18
outer loop
vertex 85.33207964027753 40.28908314933388 0.7999999999999999
vertex 86.2332353306299 42.42156386554869 2.43
vertex 86.2332353306299 42.42156386554869 0.7999999999999999
endloop
endfacet
facet normal -0.9999974373898703 0.0022638934808456163 -1.6363509485504552e-20
outer loop
vertex 84.12448670776286 32.75935613572777 2.43
vertex 84.12090429876191 31.176949608687536 0.7999999999999999
vertex 84.12090429876191 31.176949608687536 2.43
endloop
endfacet
facet normal -0.99998648762431 -0.005198516018634666 -9.803259072684568e-19
outer loop
vertex 84.12090429876191 31.176949608687536 0.7999999999999999
vertex 84.12448670776286 32.75935613572777 2.43
vertex 84.12448670776286 32.75935613572777 0.7999999999999999
endloop
endfacet
facet normal 0.0008439879927856965 -0.9999996438420706 -7.14012515882717e-20
outer loop
vertex 6.557694405565994 42.87576365880015 0.7999999999999999
vertex 1.400759589057064 42.86923506814856 -1.9099999999999944
vertex 6.557694405565994 42.87576365880015 -1.9099999999999944
endloop
endfacet
facet normal -0.0548515578014518 -0.998494520068465 -9.809584305357586e-20
outer loop
vertex 1.400759589057064 42.86923506814856 -1.9099999999999944
vertex 6.557694405565994 42.87576365880015 0.7999999999999999
vertex 1.400759589057064 42.86923506814856 3.8400000000000376
endloop
endfacet
facet normal -0.054851557801452 -0.998494520068465 -9.809584305357583e-20
outer loop
vertex 1.400759589057064 42.86923506814856 3.8400000000000376
vertex 6.557694405565994 42.87576365880015 0.7999999999999999
vertex 6.557694405565994 42.87576365880015 2.43
endloop
endfacet
facet normal -0.054851557801452 -0.998494520068465 -9.809584305357583e-20
outer loop
vertex 1.400759589057064 42.86923506814856 3.8400000000000376
vertex 6.557694405565994 42.87576365880015 2.43
vertex 6.557694405565994 42.87576365880015 3.8400000000000336
endloop
endfacet
facet normal -0.99998648762431 -0.005198516018634666 -9.803259072684568e-19
outer loop
vertex 84.12090429876191 31.176949608687536 2.43
vertex 84.14833290726067 29.010675334027777 0.7999999999999999
vertex 84.14833290726067 29.010675334027777 2.43
endloop
endfacet
facet normal -0.9996048552751571 -0.028109310029460946 -9.722329220214233e-19
outer loop
vertex 84.14833290726067 29.010675334027777 0.7999999999999999
vertex 84.12090429876191 31.176949608687536 2.43
vertex 84.12090429876191 31.176949608687536 0.7999999999999999
endloop
endfacet
facet normal -0.7411765386115093 0.6713101657295694 -3.2920292581135367e-18
outer loop
vertex 88.33136470081642 45.58512780728665 2.43
vertex 87.29356483310056 44.34610868900289 0.7999999999999999
vertex 87.29356483310056 44.34610868900289 2.43
endloop
endfacet
facet normal -0.8251032740100364 0.5649819353022884 -3.168985349068561e-18
outer loop
vertex 87.29356483310056 44.34610868900289 0.7999999999999999
vertex 88.33136470081642 45.58512780728665 2.43
vertex 88.33136470081642 45.58512780728665 0.7999999999999999
endloop
endfacet
facet normal -0.9976950273937837 0.06785744110793797 0.0
outer loop
vertex 84.1632379479609 34.62033156265946 2.43
vertex 84.1471551776639 34.3319454884331 0.7999999999999999
vertex 84.1471551776639 34.3319454884331 2.43
endloop
endfacet
facet normal -0.998881215699259 0.04728971265688258 0.0
outer loop
vertex 84.1471551776639 34.3319454884331 0.7999999999999999
vertex 84.1632379479609 34.62033156265946 2.43
vertex 84.1632379479609 34.62033156265946 0.7999999999999999
endloop
endfacet
facet normal -0.986226929263716 -0.1653978355210905 1.5787328454996992e-19
outer loop
vertex 57.6155132922374 32.75935613572777 3.84
vertex 57.68822871093743 32.54710452708578 -1.91
vertex 57.68822871093743 32.54710452708578 3.84
endloop
endfacet
facet normal -0.96272859192111 -0.27046932968008974 1.5600371017131464e-19
outer loop
vertex 57.68822871093743 32.54710452708578 -1.91
vertex 57.6155132922374 32.75935613572777 3.84
vertex 57.6155132922374 32.75935613572777 -1.91
endloop
endfacet
facet normal -0.986226929263716 -0.1653978355210905 1.5787328454996992e-19
outer loop
vertex 57.6155132922374 32.75935613572777 -1.91
vertex 57.6155132922374 32.75935613572777 3.84
vertex 57.6155132922374 32.75935613572777 2.43
endloop
endfacet
facet normal -0.986226929263716 -0.1653978355210905 1.5787328454996992e-19
outer loop
vertex 57.6155132922374 32.75935613572777 -1.91
vertex 57.6155132922374 32.75935613572777 2.43
vertex 57.6155132922374 32.75935613572777 0.7999999999999999
endloop
endfacet
facet normal -0.9996048552751571 -0.028109310029460946 -9.722329220214233e-19
outer loop
vertex 84.14833290726067 29.010675334027777 2.43
vertex 84.1951333854165 27.937088485323397 0.7999999999999999
vertex 84.1951333854165 27.937088485323397 2.43
endloop
endfacet
facet normal -0.9990511932088112 -0.04355127263411354 0.0
outer loop
vertex 84.1951333854165 27.937088485323397 0.7999999999999999
vertex 84.14833290726067 29.010675334027777 2.43
vertex 84.14833290726067 29.010675334027777 0.7999999999999999
endloop
endfacet
facet normal -0.9990511932087974 -0.04355127263442624 0.0
outer loop
vertex 84.1951333854165 27.937088485323397 2.43
vertex 84.21805233048097 27.411335779864107 0.7999999999999999
vertex 84.21805233048097 27.411335779864107 2.43
endloop
endfacet
facet normal -0.998364339728381 -0.05717206624492418 0.0
outer loop
vertex 84.21805233048097 27.411335779864107 0.7999999999999999
vertex 84.1951333854165 27.937088485323397 2.43
vertex 84.1951333854165 27.937088485323397 0.7999999999999999
endloop
endfacet
facet normal -0.43306884007721064 -0.90136084880262 0.0
outer loop
vertex 1.1401586959541286 42.928418078053795 3.8400000000000376
vertex 1.026245571484536 42.99986519425056 -1.9099999999999928
vertex 1.1401586959541286 42.928418078053795 -1.9099999999999928
endloop
endfacet
facet normal -0.6229240475262852 -0.7822823218080992 9.52946150222518e-22
outer loop
vertex 1.026245571484536 42.99986519425056 -1.9099999999999928
vertex 1.1401586959541286 42.928418078053795 3.8400000000000376
vertex 1.026245571484536 42.99986519425056 3.8400000000000376
endloop
endfacet
facet normal -0.998364339728381 -0.05717206624492418 0.0
outer loop
vertex 84.21805233048097 27.411335779864107 2.43
vertex 84.27295501281985 26.63762494676549 0.7999999999999999
vertex 84.27295501281985 26.63762494676549 2.43
endloop
endfacet
facet normal -0.9974897901343873 -0.0708104411626998 0.0
outer loop
vertex 84.27295501281985 26.63762494676549 0.7999999999999999
vertex 84.21805233048097 27.411335779864107 2.43
vertex 84.21805233048097 27.411335779864107 0.7999999999999999
endloop
endfacet
facet normal -0.9904272151623176 -0.1380359788816539 0.0
outer loop
vertex 57.47155542980352 35.599389207594214 0.7999999999999999
vertex 57.51839413670925 35.240460589435294 -1.91
vertex 57.51839413670925 35.240460589435294 0.7999999999999999
endloop
endfacet
facet normal -0.9930260136188077 -0.11789544637660782 0.0
outer loop
vertex 57.51839413670925 35.240460589435294 -1.91
vertex 57.47155542980352 35.599389207594214 0.7999999999999999
vertex 57.47155542980352 35.599389207594214 -1.91
endloop
endfacet
facet normal -0.9974897901343873 -0.0708104411626998 0.0
outer loop
vertex 84.27295501281985 26.63762494676549 2.43
vertex 84.32652552495425 25.8832920107195 0.7999999999999999
vertex 84.32652552495425 25.8832920107195 2.43
endloop
endfacet
facet normal -0.9974873853327737 -0.07084430888919027 0.0
outer loop
vertex 84.32652552495425 25.8832920107195 0.7999999999999999
vertex 84.27295501281985 26.63762494676549 2.43
vertex 84.27295501281985 26.63762494676549 0.7999999999999999
endloop
endfacet
facet normal -0.9008118692395299 -0.4342095994300266 0.0
outer loop
vertex 0.8595128784563658 43.208708827677626 3.8400000000000394
vertex 0.9311041493366674 43.09488624523892 -1.9099999999999928
vertex 0.9311041493366674 43.09488624523892 3.8400000000000394
endloop
endfacet
facet normal -0.7814930844391944 -0.6239139034944761 9.529461502224535e-22
outer loop
vertex 0.9311041493366674 43.09488624523892 -1.9099999999999928
vertex 0.8595128784563658 43.208708827677626 3.8400000000000394
vertex 0.8595128784563658 43.208708827677626 -1.9099999999999928
endloop
endfacet
facet normal -0.9996975239613095 0.024593913589077525 0.0
outer loop
vertex 84.1351602853184 34.02378256408513 2.43
vertex 84.12514570770021 33.05044679597444 0.7999999999999999
vertex 84.12514570770021 33.05044679597444 2.43
endloop
endfacet
facet normal -0.9999803045449415 0.0062761869161508214 8.47299730085198e-21
outer loop
vertex 84.12514570770021 33.05044679597444 0.7999999999999999
vertex 84.1351602853184 34.02378256408513 2.43
vertex 84.1351602853184 34.02378256408513 0.7999999999999999
endloop
endfacet
facet normal -0.998881215699259 0.04728971265688258 0.0
outer loop
vertex 84.1471551776639 34.3319454884331 2.43
vertex 84.1351602853184 34.02378256408513 0.7999999999999999
vertex 84.1351602853184 34.02378256408513 2.43
endloop
endfacet
facet normal -0.9996975239613095 0.024593913589077525 0.0
outer loop
vertex 84.1351602853184 34.02378256408513 0.7999999999999999
vertex 84.1471551776639 34.3319454884331 2.43
vertex 84.1471551776639 34.3319454884331 0.7999999999999999
endloop
endfacet
facet normal -0.9748876523066269 -0.22269725049958228 0.0
outer loop
vertex 0.8150674086162379 43.33561623703559 3.8400000000000394
vertex 0.8595128784563658 43.208708827677626 -1.9099999999999928
vertex 0.8595128784563658 43.208708827677626 3.8400000000000394
endloop
endfacet
facet normal -0.9008118692395299 -0.4342095994300266 0.0
outer loop
vertex 0.8595128784563658 43.208708827677626 -1.9099999999999928
vertex 0.8150674086162379 43.33561623703559 3.8400000000000394
vertex 0.8150674086162379 43.33561623703559 -1.9099999999999928
endloop
endfacet
facet normal -0.2214628820534438 -0.9751688017325937 -4.467168094344589e-20
outer loop
vertex 1.2671222707680956 42.88413330629585 3.8400000000000376
vertex 1.1401586959541286 42.928418078053795 -1.9099999999999928
vertex 1.2671222707680956 42.88413330629585 -1.9099999999999928
endloop
endfacet
facet normal -0.43306884007721064 -0.90136084880262 0.0
outer loop
vertex 1.1401586959541286 42.928418078053795 -1.9099999999999928
vertex 1.2671222707680956 42.88413330629585 3.8400000000000376
vertex 1.1401586959541286 42.928418078053795 3.8400000000000376
endloop
endfacet
facet normal -0.9999803045449415 0.0062761869161508214 8.47299730085198e-21
outer loop
vertex 84.12514570770021 33.05044679597444 2.43
vertex 84.12448670776286 32.75935613572777 0.7999999999999999
vertex 84.12448670776286 32.75935613572777 2.43
endloop
endfacet
facet normal -0.9999974373898661 0.0022638934826676596 1.694585819668169e-20
outer loop
vertex 84.12448670776286 32.75935613572777 0.7999999999999999
vertex 84.12514570770021 33.05044679597444 2.43
vertex 84.12514570770021 33.05044679597444 0.7999999999999999
endloop
endfacet
facet normal 0.9996975239613077 -0.024593913589150126 0.0
outer loop
vertex 85.5587000000004 33.98876155833579 0.7999999999999999
vertex 85.54895380632716 33.04151053421198 2.43
vertex 85.54895380632716 33.04151053421198 0.7999999999999999
endloop
endfacet
facet normal 0.9999803045449458 -0.006276186915447272 0.0
outer loop
vertex 85.54895380632716 33.04151053421198 2.43
vertex 85.5587000000004 33.98876155833579 0.7999999999999999
vertex 85.5587000000004 33.98876155833579 2.43
endloop
endfacet
facet normal -0.7842131551037487 -0.620491520781891 1.3537823629283274e-19
outer loop
vertex 91.81543306325482 9.66150717078983 2.43
vertex 92.80792726997362 8.498120465885522 0.7999999999999999
vertex 92.80792726997362 8.498120465885522 2.43
endloop
endfacet
facet normal -0.7362923817544835 -0.6766635268509084 3.829433894982798e-19
outer loop
vertex 92.80792726997362 8.498120465885522 0.7999999999999999
vertex 91.81543306325482 9.66150717078983 2.43
vertex 91.81543306325482 9.66150717078983 0.7999999999999999
endloop
endfacet
facet normal 0.9850284387885321 0.17239192202022452 0.0
outer loop
vertex 85.80034646391643 25.22990390057172 0.7999999999999999
vertex 86.82301282449721 21.61371722542196 2.43
vertex 86.82301282449721 21.61371722542196 0.7999999999999999
endloop
endfacet
facet normal 0.9464456547295066 0.32286316396212794 0.0
outer loop
vertex 86.82301282449721 21.61371722542196 2.43
vertex 85.80034646391643 25.22990390057172 0.7999999999999999
vertex 85.80034646391643 25.22990390057172 2.43
endloop
endfacet
facet normal 0.9976950273937536 -0.06785744110838161 0.0
outer loop
vertex 85.58388646022246 34.52370727356445 0.7999999999999999
vertex 85.56943712088255 34.264610851085855 2.43
vertex 85.56943712088255 34.264610851085855 0.7999999999999999
endloop
endfacet
facet normal 0.9988812156992887 -0.047289712656255825 0.0
outer loop
vertex 85.56943712088255 34.264610851085855 2.43
vertex 85.58388646022246 34.52370727356445 0.7999999999999999
vertex 85.58388646022246 34.52370727356445 2.43
endloop
endfacet
facet normal 0.9956466712354793 -0.09320786478462889 0.0
outer loop
vertex 85.60496652359065 34.78628716475637 0.7999999999999999
vertex 85.58388646022246 34.52370727356445 2.43
vertex 85.58388646022246 34.52370727356445 0.7999999999999999
endloop
endfacet
facet normal 0.9976950273937536 -0.06785744110838161 0.0
outer loop
vertex 85.58388646022246 34.52370727356445 2.43
vertex 85.60496652359065 34.78628716475637 0.7999999999999999
vertex 85.60496652359065 34.78628716475637 2.43
endloop
endfacet
facet normal 0.8997070656866523 -0.4364942106758283 0.0
outer loop
vertex 87.51598598771741 41.79923549122147 0.7999999999999999
vertex 86.67804737402179 39.81635067541362 2.43
vertex 86.67804737402179 39.81635067541362 0.7999999999999999
endloop
endfacet
facet normal 0.9434985218840418 -0.3313767330435685 0.0
outer loop
vertex 86.67804737402179 39.81635067541362 2.43
vertex 87.51598598771741 41.79923549122147 0.7999999999999999
vertex 87.51598598771741 41.79923549122147 2.43
endloop
endfacet
facet normal -0.9464456547295027 -0.3228631639621394 -4.1202349735649127e-19
outer loop
vertex 85.47353467659825 21.153366668206942 2.43
vertex 86.93054648731047 17.525514898903836 0.7999999999999999
vertex 86.93054648731047 17.525514898903836 2.43
endloop
endfacet
facet normal -0.9068496734898122 -0.4214542320245714 -6.485042265956809e-19
outer loop
vertex 86.93054648731047 17.525514898903836 0.7999999999999999
vertex 85.47353467659825 21.153366668206942 2.43
vertex 85.47353467659825 21.153366668206942 0.7999999999999999
endloop
endfacet
facet normal -0.4962945612607111 -0.8681541962480159 1.3785423328312324e-18
outer loop
vertex 98.74047806236148 3.77614016375639 2.43
vertex 95.05036092714101 6.394365611817402 0.7999999999999999
vertex 98.74047806236148 3.77614016375639 0.7999999999999999
endloop
endfacet
facet normal -0.6185866333313512 -0.785716600985231 9.123905062859184e-19
outer loop
vertex 95.05036092714101 6.394365611817402 0.7999999999999999
vertex 98.74047806236148 3.77614016375639 2.43
vertex 95.05036092714101 6.394365611817402 2.43
endloop
endfacet
facet normal 0.9851143500581538 -0.17190031212741042 0.0
outer loop
vertex 85.81396412873787 36.27616819635442 0.7999999999999999
vertex 85.73717611355917 35.79729104046063 2.43
vertex 85.73717611355917 35.79729104046063 0.7999999999999999
endloop
endfacet
facet normal 0.9883038096800881 -0.15249780251473885 0.0
outer loop
vertex 85.73717611355917 35.79729104046063 2.43
vertex 85.81396412873787 36.27616819635442 0.7999999999999999
vertex 85.81396412873787 36.27616819635442 2.43
endloop
endfacet
facet normal 0.9734126257269959 -0.22905863894486816 0.0
outer loop
vertex 86.08935305554671 37.735463525112564 0.7999999999999999
vertex 85.81396412873787 36.27616819635442 2.43
vertex 85.81396412873787 36.27616819635442 0.7999999999999999
endloop
endfacet
facet normal 0.9851143500581538 -0.17190031212741042 0.0
outer loop
vertex 85.81396412873787 36.27616819635442 2.43
vertex 86.08935305554671 37.735463525112564 0.7999999999999999
vertex 86.08935305554671 37.735463525112564 2.43
endloop
endfacet
facet normal 0.7411765386116465 -0.671310165729418 3.003809058438286e-18
outer loop
vertex 89.38746193517684 44.628582676011156 0.7999999999999989
vertex 88.47389731004671 43.537886799536516 2.43
vertex 88.47389731004671 43.537886799536516 0.7999999999999999
endloop
endfacet
facet normal 0.8251032740099071 -0.5649819353024772 1.1266518991177088e-17
outer loop
vertex 88.47389731004671 43.537886799536516 2.43
vertex 89.38746193517684 44.628582676011156 0.7999999999999989
vertex 89.38746193517684 44.628582676011156 2.429999999999999
endloop
endfacet
facet normal -0.14756532613443238 -0.9890523113176768 2.3973510557574916e-18
outer loop
vertex 106.74633529924027 1.054356443343573 2.43
vertex 102.62185378904998 2.0355493631176316 0.7999999999999999
vertex 106.74633529924027 1.054356443343573 0.7999999999999999
endloop
endfacet
facet normal -0.32173141693367896 -0.9468309750730841 1.9379029793898856e-18
outer loop
vertex 102.62185378904998 2.0355493631176316 0.7999999999999999
vertex 106.74633529924027 1.054356443343573 2.43
vertex 102.62185378904998 2.0355493631176316 2.43
endloop
endfacet
facet normal 0.9999864876243105 0.005198516018527836 0.0
outer loop
vertex 85.54474938552605 31.1843515901974 0.7999999999999999
vertex 85.57176490100153 29.050702841904286 2.43
vertex 85.57176490100153 29.050702841904286 0.7999999999999999
endloop
endfacet
facet normal 0.9996048552751575 0.028109310029443068 0.0
outer loop
vertex 85.57176490100153 29.050702841904286 2.43
vertex 85.54474938552605 31.1843515901974 0.7999999999999999
vertex 85.54474938552605 31.1843515901974 2.43
endloop
endfacet
facet normal 0.9988812156992887 -0.047289712656255825 0.0
outer loop
vertex 85.56943712088255 34.264610851085855 0.7999999999999999
vertex 85.5587000000004 33.98876155833579 2.43
vertex 85.5587000000004 33.98876155833579 0.7999999999999999
endloop
endfacet
facet normal 0.9996975239613077 -0.024593913589150126 0.0
outer loop
vertex 85.5587000000004 33.98876155833579 2.43
vertex 85.56943712088255 34.264610851085855 0.7999999999999999
vertex 85.56943712088255 34.264610851085855 2.43
endloop
endfacet
facet normal 0.9434985218840418 -0.3313767330435685 0.0
outer loop
vertex 86.67804737402179 39.81635067541362 0.7999999999999999
vertex 86.08935305554671 37.735463525112564 2.43
vertex 86.08935305554671 37.735463525112564 0.7999999999999999
endloop
endfacet
facet normal 0.9734126257269959 -0.22905863894486816 0.0
outer loop
vertex 86.08935305554671 37.735463525112564 2.43
vertex 86.67804737402179 39.81635067541362 0.7999999999999999
vertex 86.67804737402179 39.81635067541362 2.43
endloop
endfacet
facet normal 0.9883038096800881 -0.15249780251473885 0.0
outer loop
vertex 85.73717611355917 35.79729104046063 0.7999999999999999
vertex 85.67869284468884 35.40284270921961 2.43
vertex 85.67869284468884 35.40284270921961 0.7999999999999999
endloop
endfacet
facet normal 0.9904272151624194 -0.138035978880924 0.0
outer loop
vertex 85.67869284468884 35.40284270921961 2.43
vertex 85.73717611355917 35.79729104046063 0.7999999999999999
vertex 85.73717611355917 35.79729104046063 2.43
endloop
endfacet
facet normal 0.6870133243293761 -0.7266448184594035 -3.247623007815678e-18
outer loop
vertex 90.38267836698897 45.64532358356727 0.7999999999999985
vertex 89.38746193517684 44.628582676011156 2.429999999999999
vertex 89.38746193517684 44.628582676011156 0.7999999999999989
endloop
endfacet
facet normal 0.7411765386116465 -0.671310165729418 3.0038090584382974e-18
outer loop
vertex 89.38746193517684 44.628582676011156 2.429999999999999
vertex 90.38267836698897 45.64532358356727 0.7999999999999985
vertex 90.38267836698897 45.64532358356727 2.429999999999999
endloop
endfacet
facet normal 0.825103274009907 -0.5649819353024773 1.1266518991177094e-17
outer loop
vertex 88.47389731004671 43.537886799536516 0.7999999999999999
vertex 87.51598598771741 41.79923549122147 2.43
vertex 87.51598598771741 41.79923549122147 0.7999999999999999
endloop
endfacet
facet normal 0.8997070656866523 -0.4364942106758283 0.0
outer loop
vertex 87.51598598771741 41.79923549122147 2.43
vertex 88.47389731004671 43.537886799536516 0.7999999999999999
vertex 88.47389731004671 43.537886799536516 2.43
endloop
endfacet
facet normal 0.6287310683664522 -0.7776228158116116 1.8660518458504133e-17
outer loop
vertex 91.45357970816403 46.58201357322084 0.7999999999999989
vertex 90.38267836698897 45.64532358356727 2.429999999999999
vertex 90.38267836698897 45.64532358356727 0.7999999999999985
endloop
endfacet
facet normal 0.6870133243293762 -0.7266448184594035 -3.247623007815679e-18
outer loop
vertex 90.38267836698897 45.64532358356727 2.429999999999999
vertex 91.45357970816403 46.58201357322084 0.7999999999999989
vertex 91.45357970816403 46.58201357322084 2.429999999999999
endloop
endfacet
facet normal -0.7362923817544835 -0.6766635268509084 3.829433894982798e-19
outer loop
vertex 92.80792726997362 8.498120465885522 2.43
vertex 93.88355687903066 7.411136418331236 0.7999999999999999
vertex 93.88355687903066 7.411136418331236 2.43
endloop
endfacet
facet normal -0.6843575670678083 -0.729146569900065 6.2842085222521375e-19
outer loop
vertex 93.88355687903066 7.411136418331236 0.7999999999999999
vertex 92.80792726997362 8.498120465885522 2.43
vertex 92.80792726997362 8.498120465885522 0.7999999999999999
endloop
endfacet
facet normal -0.8570171364699838 -0.5152879076756889 -2.9474928632806287e-19
outer loop
vertex 88.76423245044167 14.07272071662095 2.43
vertex 90.92660499122273 10.87432275796364 0.7999999999999999
vertex 90.92660499122273 10.87432275796364 2.43
endloop
endfacet
facet normal -0.817656878210718 -0.575705853292029 -5.257859912995871e-20
outer loop
vertex 90.92660499122273 10.87432275796364 0.7999999999999999
vertex 88.76423245044167 14.07272071662095 2.43
vertex 88.76423245044167 14.07272071662095 0.7999999999999999
endloop
endfacet
facet normal -0.817656878210718 -0.575705853292029 -5.257859912995871e-20
outer loop
vertex 90.92660499122273 10.87432275796364 2.43
vertex 91.81543306325482 9.66150717078983 0.7999999999999999
vertex 91.81543306325482 9.66150717078983 2.43
endloop
endfacet
facet normal -0.7842131551037487 -0.620491520781891 1.3537823629283274e-19
outer loop
vertex 91.81543306325482 9.66150717078983 0.7999999999999999
vertex 90.92660499122273 10.87432275796364 2.43
vertex 90.92660499122273 10.87432275796364 0.7999999999999999
endloop
endfacet
facet normal 0.9974897901342998 0.07081044116393227 0.0
outer loop
vertex 85.69320559533374 26.738446600587725 0.7999999999999999
vertex 85.7467726829102 25.984161886189042 2.43
vertex 85.7467726829102 25.984161886189042 0.7999999999999999
endloop
endfacet
facet normal 0.9974873853327377 0.07084430888969433 0.0
outer loop
vertex 85.7467726829102 25.984161886189042 2.43
vertex 85.69320559533374 26.738446600587725 0.7999999999999999
vertex 85.69320559533374 26.738446600587725 2.43
endloop
endfacet
facet normal 0.9983643397283981 0.05717206624462698 0.0
outer loop
vertex 85.63968032755362 27.492746349923273 0.7999999999999999
vertex 85.69320559533374 26.738446600587725 2.43
vertex 85.69320559533374 26.738446600587725 0.7999999999999999
endloop
endfacet
facet normal 0.9974897901342998 0.07081044116393227 0.0
outer loop
vertex 85.69320559533374 26.738446600587725 2.43
vertex 85.63968032755362 27.492746349923273 0.7999999999999999
vertex 85.63968032755362 27.492746349923273 2.43
endloop
endfacet
facet normal 0.9999803045449458 -0.006276186915447272 0.0
outer loop
vertex 85.54895380632716 33.04151053421198 0.7999999999999999
vertex 85.54474938552605 31.1843515901974 2.43
vertex 85.54474938552605 31.1843515901974 0.7999999999999999
endloop
endfacet
facet normal 0.9999864876243105 0.005198516018527836 0.0
outer loop
vertex 85.54474938552605 31.1843515901974 2.43
vertex 85.54895380632716 33.04151053421198 0.7999999999999999
vertex 85.54895380632716 33.04151053421198 2.43
endloop
endfacet
facet normal 0.9996048552751575 0.028109310029443068 0.0
outer loop
vertex 85.57176490100153 29.050702841904286 0.7999999999999999
vertex 85.63968032755362 27.492746349923273 2.43
vertex 85.63968032755362 27.492746349923273 0.7999999999999999
endloop
endfacet
facet normal 0.9983643397283981 0.05717206624462698 0.0
outer loop
vertex 85.63968032755362 27.492746349923273 2.43
vertex 85.57176490100153 29.050702841904286 0.7999999999999999
vertex 85.57176490100153 29.050702841904286 2.43
endloop
endfacet
facet normal -0.9068496734898122 -0.4214542320245714 -6.485042265956809e-19
outer loop
vertex 86.93054648731047 17.525514898903836 2.43
vertex 88.76423245044167 14.07272071662095 0.7999999999999999
vertex 88.76423245044167 14.07272071662095 2.43
endloop
endfacet
facet normal -0.8570171364699838 -0.5152879076756889 -2.9474928632806287e-19
outer loop
vertex 88.76423245044167 14.07272071662095 0.7999999999999999
vertex 86.93054648731047 17.525514898903836 2.43
vertex 86.93054648731047 17.525514898903836 0.7999999999999999
endloop
endfacet
facet normal -0.6185866333313512 -0.785716600985231 9.123905062859184e-19
outer loop
vertex 95.05036092714101 6.394365611817402 2.43
vertex 93.88355687903066 7.411136418331236 0.7999999999999999
vertex 95.05036092714101 6.394365611817402 0.7999999999999999
endloop
endfacet
facet normal -0.6843575670678083 -0.729146569900065 6.2842085222521375e-19
outer loop
vertex 93.88355687903066 7.411136418331236 0.7999999999999999
vertex 95.05036092714101 6.394365611817402 2.43
vertex 93.88355687903066 7.411136418331236 2.43
endloop
endfacet
facet normal 0.9930260136189025 -0.11789544637581036 0.0
outer loop
vertex 85.63559581655572 35.072586863646464 0.7999999999999999
vertex 85.60496652359065 34.78628716475637 2.43
vertex 85.60496652359065 34.78628716475637 0.7999999999999999
endloop
endfacet
facet normal 0.9956466712354793 -0.09320786478462889 0.0
outer loop
vertex 85.60496652359065 34.78628716475637 2.43
vertex 85.63559581655572 35.072586863646464 0.7999999999999999
vertex 85.63559581655572 35.072586863646464 2.43
endloop
endfacet
facet normal 0.9904272151624194 -0.138035978880924 0.0
outer loop
vertex 85.67869284468884 35.40284270921961 0.7999999999999999
vertex 85.63559581655572 35.072586863646464 2.43
vertex 85.63559581655572 35.072586863646464 0.7999999999999999
endloop
endfacet
facet normal 0.9930260136189025 -0.11789544637581036 0.0
outer loop
vertex 85.63559581655572 35.072586863646464 2.43
vertex 85.67869284468884 35.40284270921961 0.7999999999999999
vertex 85.67869284468884 35.40284270921961 2.43
endloop
endfacet
facet normal -0.32173141693367896 -0.9468309750730841 1.9379029793898856e-18
outer loop
vertex 102.62185378904998 2.0355493631176316 2.43
vertex 98.74047806236148 3.77614016375639 0.7999999999999999
vertex 102.62185378904998 2.0355493631176316 0.7999999999999999
endloop
endfacet
facet normal -0.4962945612607111 -0.8681541962480159 1.3785423328312324e-18
outer loop
vertex 98.74047806236148 3.77614016375639 0.7999999999999999
vertex 102.62185378904998 2.0355493631176316 2.43
vertex 98.74047806236148 3.77614016375639 2.43
endloop
endfacet
facet normal 0.9974873853327377 0.07084430888969433 0.0
outer loop
vertex 85.7467726829102 25.984161886189042 0.7999999999999999
vertex 85.80034646391643 25.22990390057172 2.43
vertex 85.80034646391643 25.22990390057172 0.7999999999999999
endloop
endfacet
facet normal 0.9850284387885321 0.17239192202022452 0.0
outer loop
vertex 85.80034646391643 25.22990390057172 2.43
vertex 85.7467726829102 25.984161886189042 0.7999999999999999
vertex 85.7467726829102 25.984161886189042 2.43
endloop
endfacet
facet normal -0.8046664833986338 -0.5937270841850456 0.0
outer loop
vertex 133.41284618475063 42.87576365880015 2.43
vertex 133.949532102221 42.14840393174099 0.7999999999999999
vertex 133.949532102221 42.14840393174099 2.43
endloop
endfacet
facet normal -0.8612621128960134 -0.5081609714351301 0.0
outer loop
vertex 133.949532102221 42.14840393174099 0.7999999999999999
vertex 133.41284618475063 42.87576365880015 2.43
vertex 133.41284618475063 42.87576365880015 0.7999999999999999
endloop
endfacet
facet normal -0.8612621128960134 -0.5081609714351301 0.0
outer loop
vertex 133.949532102221 42.14840393174099 2.43
vertex 135.3706687586966 39.05306588621348 0.7999999999999999
vertex 135.3706687586966 39.05306588621348 2.43
endloop
endfacet
facet normal -0.9445366964335601 -0.3284058907668633 0.0
outer loop
vertex 135.3706687586966 39.05306588621348 0.7999999999999999
vertex 133.949532102221 42.14840393174099 2.43
vertex 133.949532102221 42.14840393174099 0.7999999999999999
endloop
endfacet
facet normal -0.9889097817028988 0.14851748601536824 0.0
outer loop
vertex 136.0662722339636 27.438055197962576 2.43
vertex 134.9913544100136 22.698077932197993 0.7999999999999999
vertex 134.9913544100136 22.698077932197993 2.43
endloop
endfacet
facet normal -0.9564036180195598 0.29204814575527815 0.0
outer loop
vertex 134.9913544100136 22.698077932197993 0.7999999999999999
vertex 136.0662722339636 27.438055197962576 2.43
vertex 136.0662722339636 27.438055197962576 0.7999999999999999
endloop
endfacet
facet normal -0.6149890592679843 0.788535640907042 0.0
outer loop
vertex 124.72085571432726 7.340416082882258 2.43
vertex 128.05702949907572 10.436327681046583 0.7999999999999999
vertex 124.72085571432726 7.340416082882258 0.7999999999999999
endloop
endfacet
facet normal -0.7353477984711004 0.6776899108616757 0.0
outer loop
vertex 128.05702949907572 10.436327681046583 0.7999999999999999
vertex 124.72085571432726 7.340416082882258 2.43
vertex 128.05702949907572 10.436327681046583 2.43
endloop
endfacet
facet normal 0.28793383247168947 -0.9576503057578822 0.0
outer loop
vertex 98.58580087220531 50.16693696641118 2.43
vertex 97.0236700003026 49.63254700122299 0.7999999999999999
vertex 98.58580087220531 50.16693696641118 0.7999999999999999
endloop
endfacet
facet normal 0.3545395959364156 -0.9350410017283965 0.0
outer loop
vertex 97.0236700003026 49.63254700122299 0.7999999999999999
vertex 98.58580087220531 50.16693696641118 2.43
vertex 97.0236700003026 49.63254700122299 2.43
endloop
endfacet
facet normal 0.23396858757209527 -0.9722441565931466 0.0
outer loop
vertex 100.16703375683636 50.57832431832698 2.43
vertex 98.58580087220531 50.16693696641118 0.7999999999999999
vertex 100.16703375683636 50.57832431832698 0.7999999999999999
endloop
endfacet
facet normal 0.28793383247168947 -0.9576503057578822 0.0
outer loop
vertex 98.58580087220531 50.16693696641118 0.7999999999999999
vertex 100.16703375683636 50.57832431832698 2.43
vertex 98.58580087220531 50.16693696641118 2.43
endloop
endfacet
facet normal -0.6183107950253517 -0.7859336872504689 -4.4910716692149e-20
outer loop
vertex 129.8054704089772 46.83689472511656 2.43
vertex 127.36221355295821 48.45962374658596 0.7999999999999999
vertex 129.8054704089772 46.83689472511656 0.7999999999999999
endloop
endfacet
facet normal -0.49347629594666176 -0.869759245618443 0.0
outer loop
vertex 127.36221355295821 48.45962374658596 0.7999999999999999
vertex 129.8054704089772 46.83689472511656 2.43
vertex 127.36221355295821 48.45962374658596 2.43
endloop
endfacet
facet normal -0.47563374274806186 0.8796434179594995 0.0
outer loop
vertex 120.9084508251342 4.860686904350076 2.43
vertex 124.72085571432726 7.340416082882258 0.7999999999999999
vertex 120.9084508251342 4.860686904350076 0.7999999999999999
endloop
endfacet
facet normal -0.6149890592679843 0.788535640907042 0.0
outer loop
vertex 124.72085571432726 7.340416082882258 0.7999999999999999
vertex 120.9084508251342 4.860686904350076 2.43
vertex 124.72085571432726 7.340416082882258 2.43
endloop
endfacet
facet normal 0.3545395959364156 -0.9350410017283965 0.0
outer loop
vertex 97.0236700003026 49.63254700122299 2.43
vertex 95.49994336779912 48.996872048715375 0.7999999999999999
vertex 97.0236700003026 49.63254700122299 0.7999999999999999
endloop
endfacet
facet normal 0.41509089040573827 -0.9097799474060589 0.0
outer loop
vertex 95.49994336779912 48.996872048715375 0.7999999999999999
vertex 97.0236700003026 49.63254700122299 2.43
vertex 95.49994336779912 48.996872048715375 2.43
endloop
endfacet
facet normal -0.23304376946106167 0.9724662469800068 0.0
outer loop
vertex 115.55250042320375 2.8311196607431013 2.43
vertex 117.85384358763834 3.516005376792719 0.7999999999999999
vertex 115.55250042320375 2.8311196607431013 0.7999999999999999
endloop
endfacet
facet normal -0.3447487513808565 0.9386949975478406 0.0
outer loop
vertex 117.85384358763834 3.516005376792719 0.7999999999999999
vertex 115.55250042320375 2.8311196607431013 2.43
vertex 117.85384358763834 3.516005376792719 2.43
endloop
endfacet
facet normal -0.1260619749228587 0.9920223679325728 0.0
outer loop
vertex 113.19517925716269 2.3993406410602285 2.43
vertex 115.55250042320375 2.8311196607431013 0.7999999999999999
vertex 113.19517925716269 2.3993406410602285 0.7999999999999999
endloop
endfacet
facet normal -0.23304376946106167 0.9724662469800068 0.0
outer loop
vertex 115.55250042320375 2.8311196607431013 0.7999999999999999
vertex 113.19517925716269 2.3993406410602285 2.43
vertex 115.55250042320375 2.8311196607431013 2.43
endloop
endfacet
facet normal -0.3447487513808565 0.9386949975478406 0.0
outer loop
vertex 117.85384358763834 3.516005376792719 2.43
vertex 120.9084508251342 4.860686904350076 0.7999999999999999
vertex 117.85384358763834 3.516005376792719 0.7999999999999999
endloop
endfacet
facet normal -0.47563374274806186 0.8796434179594995 0.0
outer loop
vertex 120.9084508251342 4.860686904350076 0.7999999999999999
vertex 117.85384358763834 3.516005376792719 2.43
vertex 120.9084508251342 4.860686904350076 2.43
endloop
endfacet
facet normal -0.3730739371443906 -0.9278016153378822 0.0
outer loop
vertex 124.70222688900269 49.731101733776526 2.43
vertex 121.55147252153095 50.77084302918473 0.7999999999999999
vertex 124.70222688900269 49.731101733776526 0.7999999999999999
endloop
endfacet
facet normal -0.2569897111162896 -0.9664141391662097 0.0
outer loop
vertex 121.55147252153095 50.77084302918473 0.7999999999999999
vertex 124.70222688900269 49.731101733776526 2.43
vertex 121.55147252153095 50.77084302918473 2.43
endloop
endfacet
facet normal -0.004490317652429496 0.9999899184728716 0.0
outer loop
vertex 110.79399901786078 2.227026358023905 2.43
vertex 113.19517925716269 2.3993406410602285 0.7999999999999999
vertex 110.79399901786078 2.227026358023905 0.7999999999999999
endloop
endfacet
facet normal -0.1260619749228587 0.9920223679325728 0.0
outer loop
vertex 113.19517925716269 2.3993406410602285 0.7999999999999999
vertex 110.79399901786078 2.227026358023905 2.43
vertex 113.19517925716269 2.3993406410602285 2.43
endloop
endfacet
facet normal 0.10835145717514483 -0.9941126504214817 0.0
outer loop
vertex 104.98636244673335 51.46053413312178 2.43
vertex 103.36947532562301 51.22555961037151 0.7999999999999999
vertex 104.98636244673335 51.46053413312178 0.7999999999999999
endloop
endfacet
facet normal 0.1619668358604068 -0.9867962018985319 0.0
outer loop
vertex 103.36947532562301 51.22555961037151 0.7999999999999999
vertex 104.98636244673335 51.46053413312178 2.43
vertex 103.36947532562301 51.22555961037151 2.43
endloop
endfacet
facet normal -0.05475412222265292 -0.9984998678515822 0.0
outer loop
vertex 114.41964993887476 51.84501339474135 2.43
vertex 110.82270245824726 51.88625537599155 0.7999999999999999
vertex 114.41964993887476 51.84501339474135 0.7999999999999999
endloop
endfacet
facet normal 0.03066964152505612 -0.999529575894943 0.0
outer loop
vertex 110.82270245824726 51.88625537599155 0.7999999999999999
vertex 114.41964993887476 51.84501339474135 2.43
vertex 110.82270245824726 51.88625537599155 2.43
endloop
endfacet
facet normal 0.47385539287716527 -0.8806026724018203 0.0
outer loop
vertex 94.021179978077 48.26264842265638 2.43
vertex 92.5937452866366 47.433036647475824 0.7999999999999999
vertex 94.021179978077 48.26264842265638 0.7999999999999999
endloop
endfacet
facet normal 0.5512274835135851 -0.834354997239952 1.3702075221895403e-17
outer loop
vertex 92.5937452866366 47.433036647475824 0.7999999999999999
vertex 94.021179978077 48.26264842265638 2.43
vertex 92.5937452866366 47.433036647475824 2.43
endloop
endfacet
facet normal 0.19810137654194085 -0.9801815365595234 0.0
outer loop
vertex 101.76230949428425 50.931357334153645 2.43
vertex 100.16703375683636 50.57832431832698 0.7999999999999999
vertex 101.76230949428425 50.931357334153645 0.7999999999999999
endloop
endfacet
facet normal 0.23396858757209527 -0.9722441565931466 0.0
outer loop
vertex 100.16703375683636 50.57832431832698 0.7999999999999999
vertex 101.76230949428425 50.931357334153645 2.43
vertex 100.16703375683636 50.57832431832698 2.43
endloop
endfacet
facet normal -0.6793771900095109 -0.733789229748421 -8.953184238936973e-20
outer loop
vertex 129.8735519689425 46.77386155833573 0.8000000000000003
vertex 129.8054704089772 46.83689472511656 2.43
vertex 129.8054704089772 46.83689472511656 0.7999999999999999
endloop
endfacet
facet normal -0.6183107950253517 -0.7859336872504689 -4.4910716692149e-20
outer loop
vertex 129.8054704089772 46.83689472511656 2.43
vertex 129.8735519689425 46.77386155833573 0.8000000000000003
vertex 129.8735519689425 46.77386155833573 2.43
endloop
endfacet
facet normal -0.9564036180195598 0.29204814575527815 0.0
outer loop
vertex 134.9913544100136 22.698077932197993 2.43
vertex 133.23514473938863 18.166540441361974 0.7999999999999999
vertex 133.23514473938863 18.166540441361974 2.43
endloop
endfacet
facet normal -0.9032434516977863 0.4291284970321464 0.0
outer loop
vertex 133.23514473938863 18.166540441361974 0.7999999999999999
vertex 134.9913544100136 22.698077932197993 2.43
vertex 134.9913544100136 22.698077932197993 0.7999999999999999
endloop
endfacet
facet normal -0.49347629594666176 -0.869759245618443 0.0
outer loop
vertex 127.36221355295821 48.45962374658596 2.43
vertex 124.70222688900269 49.731101733776526 0.7999999999999999
vertex 127.36221355295821 48.45962374658596 0.7999999999999999
endloop
endfacet
facet normal -0.3730739371443906 -0.9278016153378822 0.0
outer loop
vertex 124.70222688900269 49.731101733776526 0.7999999999999999
vertex 127.36221355295821 48.45962374658596 2.43
vertex 124.70222688900269 49.731101733776526 2.43
endloop
endfacet
facet normal 0.41509089040573827 -0.9097799474060589 0.0
outer loop
vertex 95.49994336779912 48.996872048715375 2.43
vertex 94.021179978077 48.26264842265638 0.7999999999999999
vertex 95.49994336779912 48.996872048715375 0.7999999999999999
endloop
endfacet
facet normal 0.47385539287716527 -0.8806026724018203 0.0
outer loop
vertex 94.021179978077 48.26264842265638 0.7999999999999999
vertex 95.49994336779912 48.996872048715375 2.43
vertex 94.021179978077 48.26264842265638 2.43
endloop
endfacet
facet normal 0.1619668358604068 -0.9867962018985319 0.0
outer loop
vertex 103.36947532562301 51.22555961037151 2.43
vertex 101.76230949428425 50.931357334153645 0.7999999999999999
vertex 103.36947532562301 51.22555961037151 0.7999999999999999
endloop
endfacet
facet normal 0.19810137654194085 -0.9801815365595234 0.0
outer loop
vertex 101.76230949428425 50.931357334153645 0.7999999999999999
vertex 103.36947532562301 51.22555961037151 2.43
vertex 101.76230949428425 50.931357334153645 2.43
endloop
endfacet
facet normal -0.1490249815686156 -0.9888334313060385 0.0
outer loop
vertex 118.01943418995677 51.49074567941916 2.43
vertex 114.41964993887476 51.84501339474135 0.7999999999999999
vertex 118.01943418995677 51.49074567941916 0.7999999999999999
endloop
endfacet
facet normal -0.05475412222265292 -0.9984998678515822 0.0
outer loop
vertex 114.41964993887476 51.84501339474135 0.7999999999999999
vertex 118.01943418995677 51.49074567941916 2.43
vertex 114.41964993887476 51.84501339474135 2.43
endloop
endfacet
facet normal -0.9878385770752454 -0.1554829432508748 0.0
outer loop
vertex 136.17655307691788 35.74298215361939 2.43
vertex 136.43100000000024 32.2833615583358 0.7999999999999999
vertex 136.43100000000024 32.2833615583358 2.43
endloop
endfacet
facet normal -0.9999996313593383 0.0008586507948093314 0.0
outer loop
vertex 136.43100000000024 32.2833615583358 0.7999999999999999
vertex 136.17655307691788 35.74298215361939 2.43
vertex 136.17655307691788 35.74298215361939 0.7999999999999999
endloop
endfacet
facet normal -0.9445366964335601 -0.3284058907668633 0.0
outer loop
vertex 135.3706687586966 39.05306588621348 2.43
vertex 136.17655307691788 35.74298215361939 0.7999999999999999
vertex 136.17655307691788 35.74298215361939 2.43
endloop
endfacet
facet normal -0.9878385770752454 -0.1554829432508748 0.0
outer loop
vertex 136.17655307691788 35.74298215361939 0.7999999999999999
vertex 135.3706687586966 39.05306588621348 2.43
vertex 135.3706687586966 39.05306588621348 0.7999999999999999
endloop
endfacet
facet normal 0.5512274835135851 -0.834354997239952 1.3702075221895403e-17
outer loop
vertex 92.5937452866366 47.433036647475824 0.7999999999999999
vertex 91.45357970816403 46.58201357322084 2.429999999999999
vertex 91.45357970816403 46.58201357322084 0.7999999999999989
endloop
endfacet
facet normal 0.628731068366452 -0.7776228158116117 1.8660518458504136e-17
outer loop
vertex 91.45357970816403 46.58201357322084 2.429999999999999
vertex 92.5937452866366 47.433036647475824 0.7999999999999999
vertex 92.5937452866366 47.433036647475824 2.43
endloop
endfacet
facet normal -0.9999996313593383 0.0008586507948093314 0.0
outer loop
vertex 136.43100000000024 32.2833615583358 2.43
vertex 136.0662722339636 27.438055197962576 0.7999999999999999
vertex 136.0662722339636 27.438055197962576 2.43
endloop
endfacet
facet normal -0.9889097817028988 0.14851748601536824 0.0
outer loop
vertex 136.0662722339636 27.438055197962576 0.7999999999999999
vertex 136.43100000000024 32.2833615583358 2.43
vertex 136.43100000000024 32.2833615583358 0.7999999999999999
endloop
endfacet
facet normal -0.9032434516977863 0.4291284970321464 0.0
outer loop
vertex 133.23514473938863 18.166540441361974 2.43
vertex 130.8753227579721 14.01934011483058 0.7999999999999999
vertex 130.8753227579721 14.01934011483058 2.43
endloop
endfacet
facet normal -0.8298754215347113 0.5579487294837991 0.0
outer loop
vertex 130.8753227579721 14.01934011483058 0.7999999999999999
vertex 133.23514473938863 18.166540441361974 2.43
vertex 133.23514473938863 18.166540441361974 0.7999999999999999
endloop
endfacet
facet normal -0.8298754215347113 0.5579487294837991 0.0
outer loop
vertex 130.8753227579721 14.01934011483058 2.43
vertex 128.05702949907572 10.436327681046583 0.7999999999999999
vertex 128.05702949907572 10.436327681046583 2.43
endloop
endfacet
facet normal -0.7353477984711004 0.6776899108616757 0.0
outer loop
vertex 128.05702949907572 10.436327681046583 0.7999999999999999
vertex 130.8753227579721 14.01934011483058 2.43
vertex 130.8753227579721 14.01934011483058 0.7999999999999999
endloop
endfacet
facet normal -0.2569897111162896 -0.9664141391662097 0.0
outer loop
vertex 121.55147252153095 50.77084302918473 2.43
vertex 118.01943418995677 51.49074567941916 0.7999999999999999
vertex 121.55147252153095 50.77084302918473 0.7999999999999999
endloop
endfacet
facet normal -0.1490249815686156 -0.9888334313060385 0.0
outer loop
vertex 118.01943418995677 51.49074567941916 0.7999999999999999
vertex 121.55147252153095 50.77084302918473 2.43
vertex 118.01943418995677 51.49074567941916 2.43
endloop
endfacet
facet normal 0.03066964152505612 -0.999529575894943 0.0
outer loop
vertex 110.82270245824726 51.88625537599155 2.43
vertex 104.98636244673335 51.46053413312178 0.7999999999999999
vertex 110.82270245824726 51.88625537599155 0.7999999999999999
endloop
endfacet
facet normal 0.10835145717514483 -0.9941126504214817 0.0
outer loop
vertex 104.98636244673335 51.46053413312178 0.7999999999999999
vertex 110.82270245824726 51.88625537599155 2.43
vertex 104.98636244673335 51.46053413312178 2.43
endloop
endfacet
facet normal 0.906849673489815 0.42145423202456517 0.0
outer loop
vertex 88.22356718183059 18.12644034413638 0.7999999999999999
vertex 89.98620002170354 14.80743777914861 2.43
vertex 89.98620002170354 14.80743777914861 0.7999999999999999
endloop
endfacet
facet normal 0.857017136470007 0.5152879076756504 0.0
outer loop
vertex 89.98620002170354 14.80743777914861 2.43
vertex 88.22356718183059 18.12644034413638 0.7999999999999999
vertex 88.22356718183059 18.12644034413638 2.43
endloop
endfacet
facet normal 0.1619668358604264 0.9867962018985287 0.0
outer loop
vertex 38.60117596281572 52.63082146033413 2.43
vertex 40.25979972577971 52.32719947127863 0.7999999999999999
vertex 38.60117596281572 52.63082146033413 0.7999999999999999
endloop
endfacet
facet normal 0.19810137654195817 0.9801815365595198 0.0
outer loop
vertex 40.25979972577971 52.32719947127863 0.7999999999999999
vertex 38.60117596281572 52.63082146033413 2.43
vertex 40.25979972577971 52.32719947127863 2.43
endloop
endfacet
facet normal -0.06540312923019256 0.9978589232386004 0.0
outer loop
vertex 1.4000000000001385 46.77386155833573 3.8400000000000376
vertex 9.770668688382628 46.77386155833573 0.7999999999999999
vertex 1.4000000000001385 46.77386155833573 -1.9099999999999928
endloop
endfacet
facet normal 0.0 1.0 0.0
outer loop
vertex 9.770668688382628 46.77386155833573 0.7999999999999999
vertex 1.4000000000001385 46.77386155833573 3.8400000000000376
vertex 9.770668688382628 46.77386155833573 2.43
endloop
endfacet
facet normal 0.0 1.0 0.0
outer loop
vertex 9.770668688382628 46.77386155833573 2.43
vertex 1.4000000000001385 46.77386155833573 3.8400000000000376
vertex 9.770668688382628 46.77386155833573 3.8400000000000336
endloop
endfacet
facet normal -0.06540312923019254 0.9978589232386003 0.0
outer loop
vertex 1.4000000000001385 46.77386155833573 -1.9099999999999928
vertex 11.225063913800218 46.77386155833573 0.8000000000000003
vertex 11.225063913800218 46.77386155833573 -1.9099999999999946
endloop
endfacet
facet normal 0.0 1.0 0.0
outer loop
vertex 11.225063913800218 46.77386155833573 0.8000000000000003
vertex 1.4000000000001385 46.77386155833573 -1.9099999999999928
vertex 9.770668688382628 46.77386155833573 0.7999999999999999
endloop
endfacet
facet normal 0.19810137654195817 0.9801815365595198 0.0
outer loop
vertex 40.25979972577971 52.32719947127863 2.43
vertex 41.90615270007586 51.962863111120086 0.7999999999999999
vertex 40.25979972577971 52.32719947127863 0.7999999999999999
endloop
endfacet
facet normal 0.23396858757210134 0.9722441565931451 0.0
outer loop
vertex 41.90615270007586 51.962863111120086 0.7999999999999999
vertex 40.25979972577971 52.32719947127863 2.43
vertex 41.90615270007586 51.962863111120086 2.43
endloop
endfacet
facet normal 0.6870133243291858 0.7266448184595834 0.0
outer loop
vertex 52.33624208447516 46.680714672139096 0.7999999999999999
vertex 53.40863529918385 45.58512780728665 2.43
vertex 53.40863529918385 45.58512780728665 0.7999999999999999
endloop
endfacet
facet normal 0.7411765386115075 0.6713101657295714 0.0
outer loop
vertex 53.40863529918385 45.58512780728665 2.43
vertex 52.33624208447516 46.680714672139096 0.7999999999999999
vertex 52.33624208447516 46.680714672139096 2.43
endloop
endfacet
facet normal 0.9930260136188077 0.1178954463766078 0.0
outer loop
vertex 57.51839413670925 35.240460589435294 0.7999999999999999
vertex 57.55278394096635 34.91901044643426 2.43
vertex 57.55278394096635 34.91901044643426 0.7999999999999999
endloop
endfacet
facet normal 0.9956466712355494 0.09320786478387946 0.0
outer loop
vertex 57.55278394096635 34.91901044643426 2.43
vertex 57.51839413670925 35.240460589435294 0.7999999999999999
vertex 57.51839413670925 35.240460589435294 2.43
endloop
endfacet
facet normal 0.988303809680153 0.1524978025143191 0.0
outer loop
vertex 57.41001974724499 36.01442495654883 0.7999999999999999
vertex 57.47155542980352 35.599389207594214 2.43
vertex 57.47155542980352 35.599389207594214 0.7999999999999999
endloop
endfacet
facet normal 0.9904272151623176 0.1380359788816539 0.0
outer loop
vertex 57.47155542980352 35.599389207594214 2.43
vertex 57.41001974724499 36.01442495654883 0.7999999999999999
vertex 57.41001974724499 36.01442495654883 2.43
endloop
endfacet
facet normal -0.8660254037846392 0.4999999999996527 0.0
outer loop
vertex 0.8803847577295099 46.473861558335756 3.8400000000000376
vertex 0.8204445042269456 46.32915298539725 -1.9099999999999928
vertex 0.8204445042269456 46.32915298539725 3.8400000000000376
endloop
endfacet
facet normal -0.9659258262891082 0.25881904510237225 0.0
outer loop
vertex 0.8204445042269456 46.32915298539725 -1.9099999999999928
vertex 0.8803847577295099 46.473861558335756 3.8400000000000376
vertex 0.8803847577295099 46.473861558335756 -1.9099999999999928
endloop
endfacet
facet normal 0.8251032740100367 0.5649819353022878 0.0
outer loop
vertex 54.44643516689971 44.34610868900289 0.7999999999999999
vertex 55.506764669370405 42.42156386554869 2.43
vertex 55.506764669370405 42.42156386554869 0.7999999999999999
endloop
endfacet
facet normal 0.8997070656866809 0.4364942106757688 0.0
outer loop
vertex 55.506764669370405 42.42156386554869 2.43
vertex 54.44643516689971 44.34610868900289 0.7999999999999999
vertex 54.44643516689971 44.34610868900289 2.43
endloop
endfacet
facet normal -0.7071067811865316 0.7071067811865636 0.0
outer loop
vertex 0.9757359312883532 46.5981256270477 3.8400000000000376
vertex 0.8803847577295099 46.473861558335756 -1.9099999999999928
vertex 0.8803847577295099 46.473861558335756 3.8400000000000376
endloop
endfacet
facet normal -0.8660254037846392 0.4999999999996527 0.0
outer loop
vertex 0.8803847577295099 46.473861558335756 -1.9099999999999928
vertex 0.9757359312883532 46.5981256270477 3.8400000000000376
vertex 0.9757359312883532 46.5981256270477 -1.9099999999999928
endloop
endfacet
facet normal 0.3217314169336889 0.9468309750730808 0.0
outer loop
vertex 103.08197441151846 3.389649195131543 2.43
vertex 106.95721181521918 2.4677501652632228 0.7999999999999999
vertex 103.08197441151846 3.389649195131543 0.7999999999999999
endloop
endfacet
facet normal 0.14756532613441806 0.9890523113176791 0.0
outer loop
vertex 106.95721181521918 2.4677501652632228 0.7999999999999999
vertex 103.08197441151846 3.389649195131543 2.43
vertex 106.95721181521918 2.4677501652632228 2.43
endloop
endfacet
facet normal 0.9974873853327738 -0.07084430888918765 -6.902829678193505e-19
outer loop
vertex 57.413474475046 25.8832920107195 0.7999999999999999
vertex 57.381506867480304 25.433224406117077 2.43
vertex 57.381506867480304 25.433224406117077 0.8000000000000006
endloop
endfacet
facet normal 0.9974869838537131 -0.0708499614849754 -1.3805659356165349e-18
outer loop
vertex 57.381506867480304 25.433224406117077 2.43
vertex 57.413474475046 25.8832920107195 0.7999999999999999
vertex 57.413474475046 25.8832920107195 2.43
endloop
endfacet
facet normal 0.3545395959364207 0.9350410017283947 0.0
outer loop
vertex 45.221404066307905 50.9645983901316 2.43
vertex 46.83139155341447 50.292936756362764 0.7999999999999999
vertex 45.221404066307905 50.9645983901316 0.7999999999999999
endloop
endfacet
facet normal 0.41509089040573166 0.9097799474060619 0.0
outer loop
vertex 46.83139155341447 50.292936756362764 0.7999999999999999
vertex 45.221404066307905 50.9645983901316 2.43
vertex 46.83139155341447 50.292936756362764 2.43
endloop
endfacet
facet normal 0.7362923817544587 0.6766635268509354 0.0
outer loop
vertex 93.85699367781902 9.462227922412714 0.7999999999999999
vertex 94.85862677294332 8.450021502345347 2.43
vertex 94.85862677294332 8.450021502345347 0.7999999999999999
endloop
endfacet
facet normal 0.6843575670677632 0.7291465699001073 0.0
outer loop
vertex 94.85862677294332 8.450021502345347 2.43
vertex 93.85699367781902 9.462227922412714 0.7999999999999999
vertex 93.85699367781902 9.462227922412714 2.43
endloop
endfacet
facet normal 0.8176568782106419 0.5757058532921371 0.0
outer loop
vertex 92.09101467335284 11.694174565606197 0.7999999999999999
vertex 92.9327767951697 10.545580980237924 2.43
vertex 92.9327767951697 10.545580980237924 0.7999999999999999
endloop
endfacet
facet normal 0.7842131551036948 0.6204915207819591 0.0
outer loop
vertex 92.9327767951697 10.545580980237924 2.43
vertex 92.09101467335284 11.694174565606197 0.7999999999999999
vertex 92.09101467335284 11.694174565606197 2.43
endloop
endfacet
facet normal 0.9851143500582572 0.1719003121268188 0.0
outer loop
vertex 57.328798825508855 36.520947281808745 0.7999999999999999
vertex 57.41001974724499 36.01442495654883 2.43
vertex 57.41001974724499 36.01442495654883 0.7999999999999999
endloop
endfacet
facet normal 0.988303809680153 0.1524978025143191 0.0
outer loop
vertex 57.41001974724499 36.01442495654883 2.43
vertex 57.328798825508855 36.520947281808745 0.7999999999999999
vertex 57.328798825508855 36.520947281808745 2.43
endloop
endfacet
facet normal 0.9826554962117707 0.18544049116845776 0.0
outer loop
vertex 57.037994870911135 38.061927369301955 0.7999999999999999
vertex 57.328798825508855 36.520947281808745 2.43
vertex 57.328798825508855 36.520947281808745 0.7999999999999999
endloop
endfacet
facet normal 0.9851143500582572 0.1719003121268188 0.0
outer loop
vertex 57.328798825508855 36.520947281808745 2.43
vertex 57.037994870911135 38.061927369301955 0.7999999999999999
vertex 57.037994870911135 38.061927369301955 2.43
endloop
endfacet
facet normal 0.9434985218840007 0.33137673304368515 0.0
outer loop
vertex 56.40792035972277 40.28908314933388 0.7999999999999999
vertex 57.037994870911135 38.061927369301955 2.43
vertex 57.037994870911135 38.061927369301955 0.7999999999999999
endloop
endfacet
facet normal 0.9622346367666232 0.27222142422411366 0.0
outer loop
vertex 57.037994870911135 38.061927369301955 2.43
vertex 56.40792035972277 40.28908314933388 0.7999999999999999
vertex 56.40792035972277 40.28908314933388 2.43
endloop
endfacet
facet normal 0.7842131551036948 0.6204915207819591 0.0
outer loop
vertex 92.9327767951697 10.545580980237924 0.7999999999999999
vertex 93.85699367781902 9.462227922412714 2.43
vertex 93.85699367781902 9.462227922412714 0.7999999999999999
endloop
endfacet
facet normal 0.7362923817544587 0.6766635268509354 0.0
outer loop
vertex 93.85699367781902 9.462227922412714 2.43
vertex 92.9327767951697 10.545580980237924 0.7999999999999999
vertex 92.9327767951697 10.545580980237924 2.43
endloop
endfacet
facet normal 0.6185866333313963 0.7857166009851954 0.0
outer loop
vertex 95.93221548262211 7.5144799604966614 2.43
vertex 99.4505049372268 5.018170318786383 0.7999999999999999
vertex 95.93221548262211 7.5144799604966614 0.7999999999999999
endloop
endfacet
facet normal 0.49629456126074317 0.8681541962479975 0.0
outer loop
vertex 99.4505049372268 5.018170318786383 0.7999999999999999
vertex 95.93221548262211 7.5144799604966614 2.43
vertex 99.4505049372268 5.018170318786383 2.43
endloop
endfacet
facet normal 0.2879338324716881 0.9576503057578827 0.0
outer loop
vertex 43.564455506636484 51.53142457547092 2.43
vertex 45.221404066307905 50.9645983901316 0.7999999999999999
vertex 43.564455506636484 51.53142457547092 0.7999999999999999
endloop
endfacet
facet normal 0.3545395959364207 0.9350410017283947 0.0
outer loop
vertex 45.221404066307905 50.9645983901316 0.7999999999999999
vertex 43.564455506636484 51.53142457547092 2.43
vertex 45.221404066307905 50.9645983901316 2.43
endloop
endfacet
facet normal 0.6843575670677632 0.7291465699001073 0.0
outer loop
vertex 94.85862677294332 8.450021502345347 2.43
vertex 95.93221548262211 7.5144799604966614 0.7999999999999999
vertex 94.85862677294332 8.450021502345347 0.7999999999999999
endloop
endfacet
facet normal 0.6185866333313963 0.7857166009851954 0.0
outer loop
vertex 95.93221548262211 7.5144799604966614 0.7999999999999999
vertex 94.85862677294332 8.450021502345347 2.43
vertex 95.93221548262211 7.5144799604966614 2.43
endloop
endfacet
facet normal 0.23396858757210134 0.9722441565931451 0.0
outer loop
vertex 41.90615270007586 51.962863111120086 2.43
vertex 43.564455506636484 51.53142457547092 0.7999999999999999
vertex 41.90615270007586 51.962863111120086 0.7999999999999999
endloop
endfacet
facet normal 0.2879338324716881 0.9576503057578827 0.0
outer loop
vertex 43.564455506636484 51.53142457547092 0.7999999999999999
vertex 41.90615270007586 51.962863111120086 2.43
vertex 43.564455506636484 51.53142457547092 2.43
endloop
endfacet
facet normal 0.0 0.0 1.0
outer loop
vertex 57.69089132198019 25.27821873801206 3.84
vertex 57.413474475046 25.8832920107195 3.84
vertex 57.381506867480304 25.433224406117077 3.84
endloop
endfacet
facet normal 0.0 0.0 1.0
outer loop
vertex 57.413474475046 25.8832920107195 3.84
vertex 57.69089132198019 25.27821873801206 3.84
vertex 57.46704498718042 26.63762494676549 3.84
endloop
endfacet
facet normal 0.0 0.0 1.0
outer loop
vertex 57.46704498718042 26.63762494676549 3.84
vertex 57.69089132198019 25.27821873801206 3.84
vertex 57.521947669519285 27.411335779864107 3.84
endloop
endfacet
facet normal 0.0 0.0 1.0
outer loop
vertex 57.521947669519285 27.411335779864107 3.84
vertex 57.69089132198019 25.27821873801206 3.84
vertex 57.54486661458375 27.937088485323397 3.84
endloop
endfacet
facet normal 0.0 0.0 1.0
outer loop
vertex 57.54486661458375 27.937088485323397 3.84
vertex 57.69089132198019 25.27821873801206 3.84
vertex 57.591168769752876 28.018865981745165 3.84
endloop
endfacet
facet normal 0.0 0.0 1.0
outer loop
vertex 57.591168769752876 28.018865981745165 3.84
vertex 57.69089132198019 25.27821873801206 3.84
vertex 57.678591667139166 28.38722221464714 3.84
endloop
endfacet
facet normal 0.0 0.0 1.0
outer loop
vertex 57.678591667139166 28.38722221464714 3.84
vertex 57.69089132198019 25.27821873801206 3.84
vertex 57.76601776902043 28.741579118761596 3.84
endloop
endfacet
facet normal 0.0 0.0 1.0
outer loop
vertex 57.76601776902043 28.741579118761596 3.84
vertex 57.69089132198019 25.27821873801206 3.84
vertex 58.655703785735156 26.112194757344444 3.84
endloop
endfacet
facet normal 0.0 0.0 1.0
outer loop
vertex 57.76601776902043 28.741579118761596 3.84
vertex 58.655703785735156 26.112194757344444 3.84
vertex 57.85344936432183 29.089714099638122 3.84
endloop
endfacet
facet normal 0.0 0.0 1.0
outer loop
vertex 57.85344936432183 29.089714099638122 3.84
vertex 58.655703785735156 26.112194757344444 3.84
vertex 57.940888741968436 29.439404562826283 3.84
endloop
endfacet
facet normal 0.0 0.0 1.0
outer loop
vertex 57.940888741968436 29.439404562826283 3.84
vertex 58.655703785735156 26.112194757344444 3.84
vertex 58.028338190886195 29.79842791387564 3.84
endloop
endfacet
facet normal 0.0 0.0 1.0
outer loop
vertex 58.028338190886195 29.79842791387564 3.84
vertex 58.655703785735156 26.112194757344444 3.84
vertex 58.115799999999695 30.174561558335782 3.84
endloop
endfacet
facet normal 0.0 0.0 1.0
outer loop
vertex 59.788639799578895 29.85739144782929 3.84
vertex 58.83572410512688 35.89643635793216 3.84
vertex 58.655703785735156 26.112194757344444 3.84
endloop
endfacet
facet normal 0.0 0.0 1.0
outer loop
vertex 58.83572410512688 35.89643635793216 3.84
vertex 59.788639799578895 29.85739144782929 3.84
vertex 59.04859724184497 34.734296136119255 3.84
endloop
endfacet
facet normal 0.0 0.0 1.0
outer loop
vertex 59.04859724184497 34.734296136119255 3.84
vertex 59.788639799578895 29.85739144782929 3.84
vertex 59.55858610613967 33.503569696367 3.84
endloop
endfacet
facet normal 0.0 0.0 1.0
outer loop
vertex 59.55858610613967 33.503569696367 3.84
vertex 59.788639799578895 29.85739144782929 3.84
vertex 59.891216756911255 32.277111907856 3.84
endloop
endfacet
facet normal 0.0 0.0 1.0
outer loop
vertex 59.891216756911255 32.277111907856 3.84
vertex 59.788639799578895 29.85739144782929 3.84
vertex 59.972692560345564 31.059316694615838 3.84
endloop
endfacet
facet normal 0.0 0.0 1.0
outer loop
vertex 81.95136020042138 29.85739144782929 3.84
vertex 81.84878324308902 32.277111907856 3.84
vertex 81.76730743965472 31.059316694615838 3.84
endloop
endfacet
facet normal 0.0 0.0 1.0
outer loop
vertex 81.84878324308902 32.277111907856 3.84
vertex 81.95136020042138 29.85739144782929 3.84
vertex 82.18141389386057 33.503569696367 3.84
endloop
endfacet
facet normal 0.0 0.0 1.0
outer loop
vertex 82.18141389386057 33.503569696367 3.84
vertex 81.95136020042138 29.85739144782929 3.84
vertex 83.08429621426512 26.112194757344444 3.84
endloop
endfacet
facet normal 0.0 0.0 1.0
outer loop
vertex 82.18141389386057 33.503569696367 3.84
vertex 83.08429621426512 26.112194757344444 3.84
vertex 82.69140275815528 34.734296136119255 3.84
endloop
endfacet
facet normal 0.0 0.0 1.0
outer loop
vertex 82.69140275815528 34.734296136119255 3.84
vertex 83.08429621426512 26.112194757344444 3.84
vertex 82.9042758948734 35.89643635793216 3.84
endloop
endfacet
facet normal 0.0 0.0 1.0
outer loop
vertex 84.04910867802006 25.27821873801206 3.84
vertex 83.62420000000058 30.174561558335782 3.84
vertex 83.08429621426512 26.112194757344444 3.84
endloop
endfacet
facet normal 0.0 0.0 1.0
outer loop
vertex 83.62420000000058 30.174561558335782 3.84
vertex 84.04910867802006 25.27821873801206 3.84
vertex 83.71166180911406 29.79842791387564 3.84
endloop
endfacet
facet normal 0.0 0.0 1.0
outer loop
vertex 83.71166180911406 29.79842791387564 3.84
vertex 84.04910867802006 25.27821873801206 3.84
vertex 83.79911125803184 29.439404562826283 3.84
endloop
endfacet
facet normal 0.0 0.0 1.0
outer loop
vertex 83.79911125803184 29.439404562826283 3.84
vertex 84.04910867802006 25.27821873801206 3.84
vertex 83.88655063567842 29.089714099638122 3.84
endloop
endfacet
facet normal 0.0 0.0 1.0
outer loop
vertex 83.88655063567842 29.089714099638122 3.84
vertex 84.04910867802006 25.27821873801206 3.84
vertex 83.97398223097983 28.741579118761596 3.84
endloop
endfacet
facet normal 0.0 0.0 1.0
outer loop
vertex 83.97398223097983 28.741579118761596 3.84
vertex 84.04910867802006 25.27821873801206 3.84
vertex 84.06140833286109 28.38722221464714 3.84
endloop
endfacet
facet normal 0.0 0.0 1.0
outer loop
vertex 84.06140833286109 28.38722221464714 3.84
vertex 84.04910867802006 25.27821873801206 3.84
vertex 84.35849313251997 25.433224406117077 3.84
endloop
endfacet
facet normal 0.0 0.0 1.0
outer loop
vertex 84.06140833286109 28.38722221464714 3.84
vertex 84.35849313251997 25.433224406117077 3.84
vertex 84.14883123024738 28.018865981745165 3.84
endloop
endfacet
facet normal 0.0 0.0 1.0
outer loop
vertex 84.14883123024738 28.018865981745165 3.84
vertex 84.35849313251997 25.433224406117077 3.84
vertex 84.32652552495425 25.8832920107195 3.84
endloop
endfacet
facet normal 0.0 0.0 1.0
outer loop
vertex 84.14883123024738 28.018865981745165 3.84
vertex 84.32652552495425 25.8832920107195 3.84
vertex 84.27295501281985 26.63762494676549 3.84
endloop
endfacet
facet normal 0.0 0.0 1.0
outer loop
vertex 84.14883123024738 28.018865981745165 3.84
vertex 84.27295501281985 26.63762494676549 3.84
vertex 84.21805233048097 27.411335779864107 3.84
endloop
endfacet
facet normal 0.0 0.0 1.0
outer loop
vertex 84.14883123024738 28.018865981745165 3.84
vertex 84.21805233048097 27.411335779864107 3.84
vertex 84.1951333854165 27.937088485323397 3.84
endloop
endfacet
facet normal 0.0 0.0 1.0
outer loop
vertex 57.328798825508855 36.520947281808745 3.84
vertex 59.49132272854497 41.197764366668174 3.84
vertex 57.037994870911135 38.061927369301955 3.84
endloop
endfacet
facet normal 0.0 0.0 1.0
outer loop
vertex 59.49132272854497 41.197764366668174 3.84
vertex 57.328798825508855 36.520947281808745 3.84
vertex 57.41001974724499 36.01442495654883 3.84
endloop
endfacet
facet normal 0.0 0.0 1.0
outer loop
vertex 59.49132272854497 41.197764366668174 3.84
vertex 57.41001974724499 36.01442495654883 3.84
vertex 57.47155542980352 35.599389207594214 3.84
endloop
endfacet
facet normal 0.0 0.0 1.0
outer loop
vertex 59.49132272854497 41.197764366668174 3.84
vertex 57.47155542980352 35.599389207594214 3.84
vertex 57.51839413670925 35.240460589435294 3.84
endloop
endfacet
facet normal 0.0 0.0 1.0
outer loop
vertex 59.49132272854497 41.197764366668174 3.84
vertex 57.51839413670925 35.240460589435294 3.84
vertex 57.55278394096635 34.91901044643426 3.84
endloop
endfacet
facet normal 0.0 0.0 1.0
outer loop
vertex 59.49132272854497 41.197764366668174 3.84
vertex 57.55278394096635 34.91901044643426 3.84
vertex 57.57676205203938 34.62033156265946 3.84
endloop
endfacet
facet normal 0.0 0.0 1.0
outer loop
vertex 59.49132272854497 41.197764366668174 3.84
vertex 57.57676205203938 34.62033156265946 3.84
vertex 57.59284482233635 34.3319454884331 3.84
endloop
endfacet
facet normal 0.0 0.0 1.0
outer loop
vertex 59.49132272854497 41.197764366668174 3.84
vertex 57.59284482233635 34.3319454884331 3.84
vertex 57.604839714681866 34.02378256408513 3.84
endloop
endfacet
facet normal 0.0 0.0 1.0
outer loop
vertex 59.49132272854497 41.197764366668174 3.84
vertex 57.604839714681866 34.02378256408513 3.84
vertex 57.614854292300066 33.05044679597444 3.84
endloop
endfacet
facet normal 0.0 0.0 1.0
outer loop
vertex 59.49132272854497 41.197764366668174 3.84
vertex 57.614854292300066 33.05044679597444 3.84
vertex 57.6155132922374 32.75935613572777 3.84
endloop
endfacet
facet normal 0.0 0.0 1.0
outer loop
vertex 59.49132272854497 41.197764366668174 3.84
vertex 57.6155132922374 32.75935613572777 3.84
vertex 57.68822871093743 32.54710452708578 3.84
endloop
endfacet
facet normal 0.0 0.0 1.0
outer loop
vertex 59.49132272854497 41.197764366668174 3.84
vertex 57.68822871093743 32.54710452708578 3.84
vertex 57.95020222167963 31.362817905992024 3.84
endloop
endfacet
facet normal 0.0 0.0 1.0
outer loop
vertex 59.49132272854497 41.197764366668174 3.84
vertex 57.95020222167963 31.362817905992024 3.84
vertex 58.115799999999695 30.174561558335782 3.84
endloop
endfacet
facet normal 0.0 0.0 1.0
outer loop
vertex 59.49132272854497 41.197764366668174 3.84
vertex 58.115799999999695 30.174561558335782 3.84
vertex 58.83572410512688 35.89643635793216 3.84
endloop
endfacet
facet normal 0.0 0.0 1.0
outer loop
vertex 58.83572410512688 35.89643635793216 3.84
vertex 58.115799999999695 30.174561558335782 3.84
vertex 58.655703785735156 26.112194757344444 3.84
endloop
endfacet
facet normal 0.0 0.0 1.0
outer loop
vertex 59.49132272854497 41.197764366668174 3.84
vertex 58.83572410512688 35.89643635793216 3.84
vertex 58.9802963454031 36.932815114574964 3.84
endloop
endfacet
facet normal 0.0 0.0 1.0
outer loop
vertex 59.49132272854497 41.197764366668174 3.84
vertex 58.9802963454031 36.932815114574964 3.84
vertex 59.4509960793666 37.823228957452564 3.84
endloop
endfacet
facet normal 0.0 0.0 1.0
outer loop
vertex 59.49132272854497 41.197764366668174 3.84
vertex 59.4509960793666 37.823228957452564 3.84
vertex 60.83138113779497 39.06910692204388 3.84
endloop
endfacet
facet normal 0.0 0.0 1.0
outer loop
vertex 59.49132272854497 41.197764366668174 3.84
vertex 60.83138113779497 39.06910692204388 3.84
vertex 63.12573259415063 43.4118762002443 3.84
endloop
endfacet
facet normal 0.0 0.0 1.0
outer loop
vertex 63.12573259415063 43.4118762002443 3.84
vertex 60.83138113779497 39.06910692204388 3.84
vertex 63.30262873154681 40.53772404864294 3.84
endloop
endfacet
facet normal 0.0 0.0 1.0
outer loop
vertex 63.12573259415063 43.4118762002443 3.84
vertex 63.30262873154681 40.53772404864294 3.84
vertex 67.94281229064282 44.58801921472657 3.84
endloop
endfacet
facet normal 0.0 0.0 1.0
outer loop
vertex 67.94281229064282 44.58801921472657 3.84
vertex 63.30262873154681 40.53772404864294 3.84
vertex 66.14341310575104 41.53735792184265 3.84
endloop
endfacet
facet normal 0.0 0.0 1.0
outer loop
vertex 67.94281229064282 44.58801921472657 3.84
vertex 66.14341310575104 41.53735792184265 3.84
vertex 69.3398644816626 42.09151239205119 3.84
endloop
endfacet
facet normal 0.0 0.0 1.0
outer loop
vertex 67.94281229064282 44.58801921472657 3.84
vertex 69.3398644816626 42.09151239205119 3.84
vertex 70.87000000000013 44.58801921472657 3.84
endloop
endfacet
facet normal 0.0 0.0 1.0
outer loop
vertex 70.87000000000013 44.58801921472657 3.84
vertex 69.3398644816626 42.09151239205119 3.84
vertex 70.87000000000005 42.09151239205119 3.84
endloop
endfacet
facet normal 0.0 0.0 1.0
outer loop
vertex 70.87000000000013 44.58801921472657 3.84
vertex 70.87000000000005 42.09151239205119 3.84
vertex 72.40013551833766 42.09151239205119 3.84
endloop
endfacet
facet normal 0.0 0.0 1.0
outer loop
vertex 70.87000000000013 44.58801921472657 3.84
vertex 72.40013551833766 42.09151239205119 3.84
vertex 73.79718770935743 44.58801921472657 3.84
endloop
endfacet
facet normal 0.0 0.0 1.0
outer loop
vertex 73.79718770935743 44.58801921472657 3.84
vertex 72.40013551833766 42.09151239205119 3.84
vertex 75.59658689424924 41.53735792184265 3.84
endloop
endfacet
facet normal 0.0 0.0 1.0
outer loop
vertex 73.79718770935743 44.58801921472657 3.84
vertex 75.59658689424924 41.53735792184265 3.84
vertex 78.61426740584965 43.4118762002443 3.84
endloop
endfacet
facet normal 0.0 0.0 1.0
outer loop
vertex 78.61426740584965 43.4118762002443 3.84
vertex 75.59658689424924 41.53735792184265 3.84
vertex 78.43737126845342 40.53772404864294 3.84
endloop
endfacet
facet normal 0.0 0.0 1.0
outer loop
vertex 78.61426740584965 43.4118762002443 3.84
vertex 78.43737126845342 40.53772404864294 3.84
vertex 80.90861886220529 39.06910692204388 3.84
endloop
endfacet
facet normal 0.0 0.0 1.0
outer loop
vertex 78.61426740584965 43.4118762002443 3.84
vertex 80.90861886220529 39.06910692204388 3.84
vertex 82.2486772714553 41.197764366668174 3.84
endloop
endfacet
facet normal 0.0 0.0 1.0
outer loop
vertex 82.2486772714553 41.197764366668174 3.84
vertex 80.90861886220529 39.06910692204388 3.84
vertex 82.28900392063366 37.823228957452564 3.84
endloop
endfacet
facet normal 0.0 0.0 1.0
outer loop
vertex 82.2486772714553 41.197764366668174 3.84
vertex 82.28900392063366 37.823228957452564 3.84
vertex 84.70200512908912 38.061927369301955 3.84
endloop
endfacet
facet normal 0.0 0.0 1.0
outer loop
vertex 84.70200512908912 38.061927369301955 3.84
vertex 82.28900392063366 37.823228957452564 3.84
vertex 82.75970365459716 36.932815114574964 3.84
endloop
endfacet
facet normal 0.0 0.0 1.0
outer loop
vertex 84.70200512908912 38.061927369301955 3.84
vertex 82.75970365459716 36.932815114574964 3.84
vertex 82.9042758948734 35.89643635793216 3.84
endloop
endfacet
facet normal 0.0 0.0 1.0
outer loop
vertex 84.70200512908912 38.061927369301955 3.84
vertex 82.9042758948734 35.89643635793216 3.84
vertex 84.4112011744914 36.520947281808745 3.84
endloop
endfacet
facet normal 0.0 0.0 1.0
outer loop
vertex 84.4112011744914 36.520947281808745 3.84
vertex 82.9042758948734 35.89643635793216 3.84
vertex 84.32998025275526 36.01442495654883 3.84
endloop
endfacet
facet normal 0.0 0.0 1.0
outer loop
vertex 84.32998025275526 36.01442495654883 3.84
vertex 82.9042758948734 35.89643635793216 3.84
vertex 84.2684445701967 35.599389207594214 3.84
endloop
endfacet
facet normal 0.0 0.0 1.0
outer loop
vertex 84.2684445701967 35.599389207594214 3.84
vertex 82.9042758948734 35.89643635793216 3.84
vertex 84.221605863291 35.240460589435294 3.84
endloop
endfacet
facet normal 0.0 0.0 1.0
outer loop
vertex 84.221605863291 35.240460589435294 3.84
vertex 82.9042758948734 35.89643635793216 3.84
vertex 83.08429621426512 26.112194757344444 3.84
endloop
endfacet
facet normal 0.0 0.0 1.0
outer loop
vertex 84.221605863291 35.240460589435294 3.84
vertex 83.08429621426512 26.112194757344444 3.84
vertex 83.62420000000058 30.174561558335782 3.84
endloop
endfacet
facet normal 0.0 0.0 1.0
outer loop
vertex 84.221605863291 35.240460589435294 3.84
vertex 83.62420000000058 30.174561558335782 3.84
vertex 83.78979777832065 31.362817905992024 3.84
endloop
endfacet
facet normal 0.0 0.0 1.0
outer loop
vertex 84.221605863291 35.240460589435294 3.84
vertex 83.78979777832065 31.362817905992024 3.84
vertex 84.1872160590339 34.91901044643426 3.84
endloop
endfacet
facet normal 0.0 0.0 1.0
outer loop
vertex 84.1872160590339 34.91901044643426 3.84
vertex 83.78979777832065 31.362817905992024 3.84
vertex 84.1632379479609 34.62033156265946 3.84
endloop
endfacet
facet normal 0.0 0.0 1.0
outer loop
vertex 84.1632379479609 34.62033156265946 3.84
vertex 83.78979777832065 31.362817905992024 3.84
vertex 84.1471551776639 34.3319454884331 3.84
endloop
endfacet
facet normal 0.0 0.0 1.0
outer loop
vertex 84.1471551776639 34.3319454884331 3.84
vertex 83.78979777832065 31.362817905992024 3.84
vertex 84.05177128906284 32.54710452708578 3.84
endloop
endfacet
facet normal 0.0 0.0 1.0
outer loop
vertex 84.1471551776639 34.3319454884331 3.84
vertex 84.05177128906284 32.54710452708578 3.84
vertex 84.1351602853184 34.02378256408513 3.84
endloop
endfacet
facet normal 0.0 0.0 1.0
outer loop
vertex 84.1351602853184 34.02378256408513 3.84
vertex 84.05177128906284 32.54710452708578 3.84
vertex 84.12514570770021 33.05044679597444 3.84
endloop
endfacet
facet normal 0.0 0.0 1.0
outer loop
vertex 84.12514570770021 33.05044679597444 3.84
vertex 84.05177128906284 32.54710452708578 3.84
vertex 84.12448670776286 32.75935613572777 3.84
endloop
endfacet
facet normal 0.47385539287716405 0.8806026724018208 0.0
outer loop
vertex 48.393870349189285 49.51714743465825 2.43
vertex 49.93239894592739 48.62296891429592 0.7999999999999999
vertex 48.393870349189285 49.51714743465825 0.7999999999999999
endloop
endfacet
facet normal 0.5512274835136657 0.8343549972398989 0.0
outer loop
vertex 49.93239894592739 48.62296891429592 0.7999999999999999
vertex 48.393870349189285 49.51714743465825 2.43
vertex 49.93239894592739 48.62296891429592 2.43
endloop
endfacet
facet normal 0.41509089040573166 0.9097799474060619 0.0
outer loop
vertex 46.83139155341447 50.292936756362764 2.43
vertex 48.393870349189285 49.51714743465825 0.7999999999999999
vertex 46.83139155341447 50.292936756362764 0.7999999999999999
endloop
endfacet
facet normal 0.47385539287716405 0.8806026724018208 0.0
outer loop
vertex 48.393870349189285 49.51714743465825 0.7999999999999999
vertex 46.83139155341447 50.292936756362764 2.43
vertex 48.393870349189285 49.51714743465825 2.43
endloop
endfacet
facet normal 0.9999974373898703 0.002263893480852745 0.0
outer loop
vertex 57.6155132922374 32.75935613572777 0.7999999999999999
vertex 57.61909570123836 31.176949608687536 2.43
vertex 57.61909570123836 31.176949608687536 0.7999999999999999
endloop
endfacet
facet normal 0.9999864876243099 -0.005198516018636309 0.0
outer loop
vertex 57.61909570123836 31.176949608687536 2.43
vertex 57.6155132922374 32.75935613572777 0.7999999999999999
vertex 57.6155132922374 32.75935613572777 2.43
endloop
endfacet
facet normal 0.857017136470007 0.5152879076756504 0.0
outer loop
vertex 89.98620002170354 14.80743777914861 0.7999999999999999
vertex 92.09101467335284 11.694174565606197 2.43
vertex 92.09101467335284 11.694174565606197 0.7999999999999999
endloop
endfacet
facet normal 0.8176568782106419 0.5757058532921371 0.0
outer loop
vertex 92.09101467335284 11.694174565606197 2.43
vertex 89.98620002170354 14.80743777914861 0.7999999999999999
vertex 89.98620002170354 14.80743777914861 2.43
endloop
endfacet
facet normal 0.9464456547295066 0.32286316396212794 0.0
outer loop
vertex 86.82301282449721 21.61371722542196 0.7999999999999999
vertex 88.22356718183059 18.12644034413638 2.43
vertex 88.22356718183059 18.12644034413638 0.7999999999999999
endloop
endfacet
facet normal 0.906849673489815 0.42145423202456517 0.0
outer loop
vertex 88.22356718183059 18.12644034413638 2.43
vertex 86.82301282449721 21.61371722542196 0.7999999999999999
vertex 86.82301282449721 21.61371722542196 2.43
endloop
endfacet
facet normal 0.7411765386115075 0.6713101657295714 0.0
outer loop
vertex 53.40863529918385 45.58512780728665 0.7999999999999999
vertex 54.44643516689971 44.34610868900289 2.43
vertex 54.44643516689971 44.34610868900289 0.7999999999999999
endloop
endfacet
facet normal 0.8251032740100367 0.5649819353022878 0.0
outer loop
vertex 54.44643516689971 44.34610868900289 2.43
vertex 53.40863529918385 45.58512780728665 0.7999999999999999
vertex 53.40863529918385 45.58512780728665 2.43
endloop
endfacet
facet normal 0.49629456126074317 0.8681541962479975 0.0
outer loop
vertex 99.4505049372268 5.018170318786383 2.43
vertex 103.08197441151846 3.389649195131543 0.7999999999999999
vertex 99.4505049372268 5.018170318786383 0.7999999999999999
endloop
endfacet
facet normal 0.3217314169336889 0.9468309750730808 0.0
outer loop
vertex 103.08197441151846 3.389649195131543 0.7999999999999999
vertex 99.4505049372268 5.018170318786383 2.43
vertex 103.08197441151846 3.389649195131543 2.43
endloop
endfacet
facet normal 0.9956466712355494 0.09320786478387946 0.0
outer loop
vertex 57.55278394096635 34.91901044643426 0.7999999999999999
vertex 57.57676205203938 34.62033156265946 2.43
vertex 57.57676205203938 34.62033156265946 0.7999999999999999
endloop
endfacet
facet normal 0.9976950273937838 0.06785744110793654 0.0
outer loop
vertex 57.57676205203938 34.62033156265946 2.43
vertex 57.55278394096635 34.91901044643426 0.7999999999999999
vertex 57.55278394096635 34.91901044643426 2.43
endloop
endfacet
facet normal 0.9904272151623176 0.1380359788816539 0.0
outer loop
vertex 57.47155542980352 35.599389207594214 0.7999999999999999
vertex 57.51839413670925 35.240460589435294 2.43
vertex 57.51839413670925 35.240460589435294 0.7999999999999999
endloop
endfacet
facet normal 0.9930260136188077 0.1178954463766078 0.0
outer loop
vertex 57.51839413670925 35.240460589435294 2.43
vertex 57.47155542980352 35.599389207594214 0.7999999999999999
vertex 57.47155542980352 35.599389207594214 2.43
endloop
endfacet
facet normal 0.8997070656866809 0.4364942106757688 0.0
outer loop
vertex 55.506764669370405 42.42156386554869 0.7999999999999999
vertex 56.40792035972277 40.28908314933388 2.43
vertex 56.40792035972277 40.28908314933388 0.7999999999999999
endloop
endfacet
facet normal 0.9434985218840007 0.33137673304368515 0.0
outer loop
vertex 56.40792035972277 40.28908314933388 2.43
vertex 55.506764669370405 42.42156386554869 0.7999999999999999
vertex 55.506764669370405 42.42156386554869 2.43
endloop
endfacet
facet normal 0.5512274835136657 0.8343549972398989 0.0
outer loop
vertex 49.93239894592739 48.62296891429592 2.43
vertex 51.18229476689916 47.69004285149792 0.7999999999999999
vertex 49.93239894592739 48.62296891429592 0.7999999999999999
endloop
endfacet
facet normal 0.6287310683665353 0.7776228158115446 0.0
outer loop
vertex 51.18229476689916 47.69004285149792 0.7999999999999999
vertex 49.93239894592739 48.62296891429592 2.43
vertex 51.18229476689916 47.69004285149792 2.43
endloop
endfacet
facet normal 0.6287310683665353 0.7776228158115446 0.0
outer loop
vertex 51.18229476689916 47.69004285149792 2.43
vertex 52.33624208447516 46.680714672139096 0.7999999999999999
vertex 51.18229476689916 47.69004285149792 0.7999999999999999
endloop
endfacet
facet normal 0.6870133243291858 0.7266448184595834 0.0
outer loop
vertex 52.33624208447516 46.680714672139096 0.7999999999999999
vertex 51.18229476689916 47.69004285149792 2.43
vertex 52.33624208447516 46.680714672139096 2.43
endloop
endfacet
facet normal 0.9976950273937838 0.06785744110793654 0.0
outer loop
vertex 57.57676205203938 34.62033156265946 0.7999999999999999
vertex 57.59284482233635 34.3319454884331 2.43
vertex 57.59284482233635 34.3319454884331 0.7999999999999999
endloop
endfacet
facet normal 0.9988812156992599 0.04728971265686189 0.0
outer loop
vertex 57.59284482233635 34.3319454884331 2.43
vertex 57.57676205203938 34.62033156265946 0.7999999999999999
vertex 57.57676205203938 34.62033156265946 2.43
endloop
endfacet
facet normal 0.9996048552751571 -0.028109310029460908 0.0
outer loop
vertex 57.591667092739584 29.010675334027777 0.7999999999999999
vertex 57.54486661458375 27.937088485323397 2.43
vertex 57.54486661458375 27.937088485323397 0.7999999999999999
endloop
endfacet
facet normal 0.9990511932088116 -0.04355127263410307 0.0
outer loop
vertex 57.54486661458375 27.937088485323397 2.43
vertex 57.591667092739584 29.010675334027777 0.7999999999999999
vertex 57.591667092739584 29.010675334027777 2.43
endloop
endfacet
facet normal 0.9990511932087974 -0.04355127263442624 0.0
outer loop
vertex 57.54486661458375 27.937088485323397 0.7999999999999999
vertex 57.521947669519285 27.411335779864107 2.43
vertex 57.521947669519285 27.411335779864107 0.7999999999999999
endloop
endfacet
facet normal 0.9983643397283819 -0.057172066244909704 0.0
outer loop
vertex 57.521947669519285 27.411335779864107 2.43
vertex 57.54486661458375 27.937088485323397 0.7999999999999999
vertex 57.54486661458375 27.937088485323397 2.43
endloop
endfacet
facet normal 0.9983643397283819 -0.057172066244909704 0.0
outer loop
vertex 57.521947669519285 27.411335779864107 0.7999999999999999
vertex 57.46704498718042 26.63762494676549 2.43
vertex 57.46704498718042 26.63762494676549 0.7999999999999999
endloop
endfacet
facet normal 0.9974897901343868 -0.07081044116270759 0.0
outer loop
vertex 57.46704498718042 26.63762494676549 2.43
vertex 57.521947669519285 27.411335779864107 0.7999999999999999
vertex 57.521947669519285 27.411335779864107 2.43
endloop
endfacet
facet normal 0.9850284387883825 -0.1723919220210795 2.814289992967542e-19
outer loop
vertex 57.34953925991456 24.98315680151465 0.7999999999999999
vertex 56.266465323402 21.153366668206942 2.43
vertex 56.266465323402 21.153366668206942 0.7999999999999999
endloop
endfacet
facet normal 0.9464456547295031 -0.32286316396213804 0.0
outer loop
vertex 56.266465323402 21.153366668206942 2.43
vertex 57.34953925991456 24.98315680151465 0.7999999999999999
vertex 57.34953925991456 24.98315680151465 2.43
endloop
endfacet
facet normal 0.9974897901343868 -0.07081044116270759 0.0
outer loop
vertex 57.46704498718042 26.63762494676549 0.7999999999999999
vertex 57.413474475046 25.8832920107195 2.43
vertex 57.413474475046 25.8832920107195 0.7999999999999999
endloop
endfacet
facet normal 0.9974873853327738 -0.07084430888918765 -6.902829678193511e-19
outer loop
vertex 57.413474475046 25.8832920107195 2.43
vertex 57.46704498718042 26.63762494676549 0.7999999999999999
vertex 57.46704498718042 26.63762494676549 2.43
endloop
endfacet
facet normal 0.9999864876243099 -0.005198516018636309 0.0
outer loop
vertex 57.61909570123836 31.176949608687536 0.7999999999999999
vertex 57.591667092739584 29.010675334027777 2.43
vertex 57.591667092739584 29.010675334027777 0.7999999999999999
endloop
endfacet
facet normal 0.9996048552751571 -0.028109310029460908 0.0
outer loop
vertex 57.591667092739584 29.010675334027777 2.43
vertex 57.61909570123836 31.176949608687536 0.7999999999999999
vertex 57.61909570123836 31.176949608687536 2.43
endloop
endfacet
facet normal 0.999697523961309 0.02459391358910158 0.0
outer loop
vertex 57.604839714681866 34.02378256408513 0.7999999999999999
vertex 57.614854292300066 33.05044679597444 2.43
vertex 57.614854292300066 33.05044679597444 0.7999999999999999
endloop
endfacet
facet normal 0.9999803045449416 0.006276186916117865 0.0
outer loop
vertex 57.614854292300066 33.05044679597444 2.43
vertex 57.604839714681866 34.02378256408513 0.7999999999999999
vertex 57.604839714681866 34.02378256408513 2.43
endloop
endfacet
facet normal 0.9988812156992599 0.04728971265686189 0.0
outer loop
vertex 57.59284482233635 34.3319454884331 0.7999999999999999
vertex 57.604839714681866 34.02378256408513 2.43
vertex 57.604839714681866 34.02378256408513 0.7999999999999999
endloop
endfacet
facet normal 0.999697523961309 0.02459391358910158 0.0
outer loop
vertex 57.604839714681866 34.02378256408513 2.43
vertex 57.59284482233635 34.3319454884331 0.7999999999999999
vertex 57.59284482233635 34.3319454884331 2.43
endloop
endfacet
facet normal 0.9999803045449416 0.006276186916117865 0.0
outer loop
vertex 57.614854292300066 33.05044679597444 0.7999999999999999
vertex 57.6155132922374 32.75935613572777 2.43
vertex 57.6155132922374 32.75935613572777 0.7999999999999999
endloop
endfacet
facet normal 0.9999974373898664 0.0022638934825901596 0.0
outer loop
vertex 57.6155132922374 32.75935613572777 2.43
vertex 57.614854292300066 33.05044679597444 0.7999999999999999
vertex 57.614854292300066 33.05044679597444 2.43
endloop
endfacet
facet normal 0.14756532613441806 0.9890523113176791 0.0
outer loop
vertex 106.95721181521918 2.4677501652632228 2.43
vertex 110.79399901786078 2.227026358023905 0.7999999999999999
vertex 106.95721181521918 2.4677501652632228 0.7999999999999999
endloop
endfacet
facet normal -0.004490317652429496 0.9999899184728716 0.0
outer loop
vertex 110.79399901786078 2.227026358023905 0.7999999999999999
vertex 106.95721181521918 2.4677501652632228 2.43
vertex 110.79399901786078 2.227026358023905 2.43
endloop
endfacet
facet normal 0.9464456547295031 -0.32286316396213804 0.0
outer loop
vertex 56.266465323402 21.153366668206942 0.7999999999999999
vertex 54.80945351268979 17.525514898903836 2.43
vertex 54.80945351268979 17.525514898903836 0.7999999999999999
endloop
endfacet
facet normal 0.9068496734898116 -0.42145423202457255 0.0
outer loop
vertex 54.80945351268979 17.525514898903836 2.43
vertex 56.266465323402 21.153366668206942 0.7999999999999999
vertex 56.266465323402 21.153366668206942 2.43
endloop
endfacet
facet normal 0.6185866333313527 -0.7857166009852299 0.0
outer loop
vertex 46.68963907285928 6.394365611817402 2.43
vertex 42.99952193763877 3.77614016375639 0.7999999999999999
vertex 46.68963907285928 6.394365611817402 0.7999999999999999
endloop
endfacet
facet normal 0.49629456126071003 -0.8681541962480166 0.0
outer loop
vertex 42.99952193763877 3.77614016375639 0.7999999999999999
vertex 46.68963907285928 6.394365611817402 2.43
vertex 42.99952193763877 3.77614016375639 2.43
endloop
endfacet
facet normal -0.9850284387885326 0.17239192202022152 0.0
outer loop
vertex 55.939653536083874 25.22990390057172 2.43
vertex 54.91698717550304 21.61371722542196 0.7999999999999999
vertex 54.91698717550304 21.61371722542196 2.43
endloop
endfacet
facet normal -0.9464456547295064 0.32286316396212805 0.0
outer loop
vertex 54.91698717550304 21.61371722542196 0.7999999999999999
vertex 55.939653536083874 25.22990390057172 2.43
vertex 55.939653536083874 25.22990390057172 0.7999999999999999
endloop
endfacet
facet normal -0.9996975239613067 -0.024593913589190945 0.0
outer loop
vertex 56.18129999999987 33.98876155833579 2.43
vertex 56.19104619367312 33.04151053421198 0.7999999999999999
vertex 56.19104619367312 33.04151053421198 2.43
endloop
endfacet
facet normal -0.9999803045449458 -0.006276186915447272 0.0
outer loop
vertex 56.19104619367312 33.04151053421198 0.7999999999999999
vertex 56.18129999999987 33.98876155833579 2.43
vertex 56.18129999999987 33.98876155833579 0.7999999999999999
endloop
endfacet
facet normal 0.7842131551037507 -0.6204915207818885 0.0
outer loop
vertex 49.92456693674547 9.66150717078983 0.7999999999999999
vertex 48.93207273002667 8.498120465885522 2.43
vertex 48.93207273002667 8.498120465885522 0.7999999999999999
endloop
endfacet
facet normal 0.7362923817544801 -0.6766635268509121 0.0
outer loop
vertex 48.93207273002667 8.498120465885522 2.43
vertex 49.92456693674547 9.66150717078983 0.7999999999999999
vertex 49.92456693674547 9.66150717078983 2.43
endloop
endfacet
facet normal -0.9976950273937566 -0.06785744110833831 0.0
outer loop
vertex 56.15611353977781 34.52370727356445 2.43
vertex 56.170562879117696 34.264610851085855 0.7999999999999999
vertex 56.170562879117696 34.264610851085855 2.43
endloop
endfacet
facet normal -0.9988812156992887 -0.047289712656253244 0.0
outer loop
vertex 56.170562879117696 34.264610851085855 0.7999999999999999
vertex 56.15611353977781 34.52370727356445 2.43
vertex 56.15611353977781 34.52370727356445 0.7999999999999999
endloop
endfacet
facet normal -0.9956466712354773 -0.09320786478464829 0.0
outer loop
vertex 56.13503347640963 34.78628716475637 2.43
vertex 56.15611353977781 34.52370727356445 0.7999999999999999
vertex 56.15611353977781 34.52370727356445 2.43
endloop
endfacet
facet normal -0.9976950273937566 -0.06785744110833831 0.0
outer loop
vertex 56.15611353977781 34.52370727356445 0.7999999999999999
vertex 56.13503347640963 34.78628716475637 2.43
vertex 56.13503347640963 34.78628716475637 0.7999999999999999
endloop
endfacet
facet normal -0.899707065686651 -0.4364942106758304 0.0
outer loop
vertex 54.22401401228286 41.79923549122147 2.43
vertex 55.06195262597846 39.81635067541362 0.7999999999999999
vertex 55.06195262597846 39.81635067541362 2.43
endloop
endfacet
facet normal -0.9434985218840408 -0.331376733043571 0.0
outer loop
vertex 55.06195262597846 39.81635067541362 0.7999999999999999
vertex 54.22401401228286 41.79923549122147 2.43
vertex 54.22401401228286 41.79923549122147 0.7999999999999999
endloop
endfacet
facet normal 0.3217314169336803 -0.9468309750730838 0.0
outer loop
vertex 39.118146210950314 2.0355493631176316 2.43
vertex 34.99366470076 1.054356443343573 0.7999999999999999
vertex 39.118146210950314 2.0355493631176316 0.7999999999999999
endloop
endfacet
facet normal 0.14756532613443152 -0.9890523113176769 0.0
outer loop
vertex 34.99366470076 1.054356443343573 0.7999999999999999
vertex 39.118146210950314 2.0355493631176316 2.43
vertex 34.99366470076 1.054356443343573 2.43
endloop
endfacet
facet normal -0.9999864876243104 0.005198516018530476 0.0
outer loop
vertex 56.19525061447423 31.1843515901974 2.43
vertex 56.16823509899875 29.050702841904286 0.7999999999999999
vertex 56.16823509899875 29.050702841904286 2.43
endloop
endfacet
facet normal -0.9996048552751577 0.028109310029438495 0.0
outer loop
vertex 56.16823509899875 29.050702841904286 0.7999999999999999
vertex 56.19525061447423 31.1843515901974 2.43
vertex 56.19525061447423 31.1843515901974 0.7999999999999999
endloop
endfacet
facet normal 0.7362923817544801 -0.6766635268509121 0.0
outer loop
vertex 48.93207273002667 8.498120465885522 0.7999999999999999
vertex 47.85644312096962 7.411136418331236 2.43
vertex 47.85644312096962 7.411136418331236 0.7999999999999999
endloop
endfacet
facet normal 0.684357567067808 -0.7291465699000653 0.0
outer loop
vertex 47.85644312096962 7.411136418331236 2.43
vertex 48.93207273002667 8.498120465885522 0.7999999999999999
vertex 48.93207273002667 8.498120465885522 2.43
endloop
endfacet
facet normal -0.9996048552751577 0.028109310029438495 0.0
outer loop
vertex 56.16823509899875 29.050702841904286 2.43
vertex 56.10031967244668 27.492746349923273 0.7999999999999999
vertex 56.10031967244668 27.492746349923273 2.43
endloop
endfacet
facet normal -0.9983643397283979 0.05717206624462717 0.0
outer loop
vertex 56.10031967244668 27.492746349923273 0.7999999999999999
vertex 56.16823509899875 29.050702841904286 2.43
vertex 56.16823509899875 29.050702841904286 0.7999999999999999
endloop
endfacet
facet normal -0.9434985218840408 -0.331376733043571 0.0
outer loop
vertex 55.06195262597846 39.81635067541362 2.43
vertex 55.65064694445359 37.735463525112564 0.7999999999999999
vertex 55.65064694445359 37.735463525112564 2.43
endloop
endfacet
facet normal -0.9734126257269942 -0.2290586389448755 0.0
outer loop
vertex 55.65064694445359 37.735463525112564 0.7999999999999999
vertex 55.06195262597846 39.81635067541362 2.43
vertex 55.06195262597846 39.81635067541362 0.7999999999999999
endloop
endfacet
facet normal 0.9068496734898116 -0.42145423202457255 0.0
outer loop
vertex 54.80945351268979 17.525514898903836 0.7999999999999999
vertex 52.97576754955856 14.07272071662095 2.43
vertex 52.97576754955856 14.07272071662095 0.7999999999999999
endloop
endfacet
facet normal 0.8570171364699849 -0.5152879076756869 0.0
outer loop
vertex 52.97576754955856 14.07272071662095 2.43
vertex 54.80945351268979 17.525514898903836 0.7999999999999999
vertex 54.80945351268979 17.525514898903836 2.43
endloop
endfacet
facet normal -0.990427215162422 -0.1380359788809046 0.0
outer loop
vertex 56.06130715531146 35.40284270921961 2.43
vertex 56.10440418344456 35.072586863646464 0.7999999999999999
vertex 56.10440418344456 35.072586863646464 2.43
endloop
endfacet
facet normal -0.9930260136189042 -0.11789544637579637 0.0
outer loop
vertex 56.10440418344456 35.072586863646464 0.7999999999999999
vertex 56.06130715531146 35.40284270921961 2.43
vertex 56.06130715531146 35.40284270921961 0.7999999999999999
endloop
endfacet
facet normal 0.9889097817028998 0.14851748601536152 0.0
outer loop
vertex 5.673727766036797 27.438055197962576 0.7999999999999999
vertex 6.748645589986696 22.698077932197993 2.43
vertex 6.748645589986696 22.698077932197993 0.7999999999999999
endloop
endfacet
facet normal 0.9564036180195604 0.29204814575527566 0.0
outer loop
vertex 6.748645589986696 22.698077932197993 2.43
vertex 5.673727766036797 27.438055197962576 0.7999999999999999
vertex 5.673727766036797 27.438055197962576 2.43
endloop
endfacet
facet normal -0.2879338324716927 -0.9576503057578813 0.0
outer loop
vertex 43.154199127794975 50.16693696641118 2.43
vertex 41.572966243163926 50.57832431832698 0.7999999999999999
vertex 43.154199127794975 50.16693696641118 0.7999999999999999
endloop
endfacet
facet normal -0.23396858757209457 -0.9722441565931467 0.0
outer loop
vertex 41.572966243163926 50.57832431832698 0.7999999999999999
vertex 43.154199127794975 50.16693696641118 2.43
vertex 41.572966243163926 50.57832431832698 2.43
endloop
endfacet
facet normal -0.9930260136189042 -0.11789544637579637 0.0
outer loop
vertex 56.10440418344456 35.072586863646464 2.43
vertex 56.13503347640963 34.78628716475637 0.7999999999999999
vertex 56.13503347640963 34.78628716475637 2.43
endloop
endfacet
facet normal -0.9956466712354773 -0.09320786478464829 0.0
outer loop
vertex 56.13503347640963 34.78628716475637 0.7999999999999999
vertex 56.10440418344456 35.072586863646464 2.43
vertex 56.10440418344456 35.072586863646464 0.7999999999999999
endloop
endfacet
facet normal -0.9974897901342993 0.07081044116393968 0.0
outer loop
vertex 56.04679440466654 26.738446600587725 2.43
vertex 55.993227317090074 25.984161886189042 0.7999999999999999
vertex 55.993227317090074 25.984161886189042 2.43
endloop
endfacet
facet normal -0.9974873853327384 0.07084430888968694 0.0
outer loop
vertex 55.993227317090074 25.984161886189042 0.7999999999999999
vertex 56.04679440466654 26.738446600587725 2.43
vertex 56.04679440466654 26.738446600587725 0.7999999999999999
endloop
endfacet
facet normal 0.4934762959466608 -0.8697592456184433 0.0
outer loop
vertex 14.377786447042197 48.45962374658596 2.43
vertex 11.93452959102318 46.83689472511656 0.7999999999999999
vertex 14.377786447042197 48.45962374658596 0.7999999999999999
endloop
endfacet
facet normal 0.618310795025543 -0.7859336872503182 4.709242518373958e-19
outer loop
vertex 11.93452959102318 46.83689472511656 0.7999999999999999
vertex 14.377786447042197 48.45962374658596 2.43
vertex 11.93452959102318 46.83689472511656 2.43
endloop
endfacet
facet normal 0.6149890592679877 0.7885356409070396 0.0
outer loop
vertex 17.01914428567313 7.340416082882258 2.43
vertex 20.831549174866115 4.860686904350076 0.7999999999999999
vertex 17.01914428567313 7.340416082882258 0.7999999999999999
endloop
endfacet
facet normal 0.4756337427480678 0.8796434179594963 0.0
outer loop
vertex 20.831549174866115 4.860686904350076 0.7999999999999999
vertex 17.01914428567313 7.340416082882258 2.43
vertex 20.831549174866115 4.860686904350076 2.43
endloop
endfacet
facet normal -0.41509089040573344 -0.9097799474060612 0.0
outer loop
vertex 46.240056632201174 48.996872048715375 2.43
vertex 44.716329999697656 49.63254700122299 0.7999999999999999
vertex 46.240056632201174 48.996872048715375 0.7999999999999999
endloop
endfacet
facet normal -0.3545395959364137 -0.9350410017283973 0.0
outer loop
vertex 44.716329999697656 49.63254700122299 0.7999999999999999
vertex 46.240056632201174 48.996872048715375 2.43
vertex 44.716329999697656 49.63254700122299 2.43
endloop
endfacet
facet normal -0.687013324329373 -0.7266448184594065 -1.500379624177155e-17
outer loop
vertex 51.35732163301132 45.64532358356727 2.429999999999999
vertex 52.352538064823406 44.628582676011156 0.7999999999999989
vertex 52.352538064823406 44.628582676011156 2.429999999999999
endloop
endfacet
facet normal -0.7411765386116542 -0.6713101657294095 2.1475092269616882e-18
outer loop
vertex 52.352538064823406 44.628582676011156 0.7999999999999989
vertex 51.35732163301132 45.64532358356727 2.429999999999999
vertex 51.35732163301132 45.64532358356727 0.7999999999999985
endloop
endfacet
facet normal -0.985114350058156 -0.17190031212739906 0.0
outer loop
vertex 55.926035871262435 36.27616819635442 2.43
vertex 56.00282388644111 35.79729104046063 0.7999999999999999
vertex 56.00282388644111 35.79729104046063 2.43
endloop
endfacet
facet normal -0.9883038096800878 -0.15249780251474135 0.0
outer loop
vertex 56.00282388644111 35.79729104046063 0.7999999999999999
vertex 55.926035871262435 36.27616819635442 2.43
vertex 55.926035871262435 36.27616819635442 0.7999999999999999
endloop
endfacet
facet normal -0.9734126257269942 -0.2290586389448755 0.0
outer loop
vertex 55.65064694445359 37.735463525112564 2.43
vertex 55.926035871262435 36.27616819635442 0.7999999999999999
vertex 55.926035871262435 36.27616819635442 2.43
endloop
endfacet
facet normal -0.985114350058156 -0.17190031212739906 0.0
outer loop
vertex 55.926035871262435 36.27616819635442 0.7999999999999999
vertex 55.65064694445359 37.735463525112564 2.43
vertex 55.65064694445359 37.735463525112564 0.7999999999999999
endloop
endfacet
facet normal -0.8251032740099044 -0.5649819353024809 1.1007090388082125e-17
outer loop
vertex 53.26610268995352 43.537886799536516 2.43
vertex 54.22401401228286 41.79923549122147 0.7999999999999999
vertex 54.22401401228286 41.79923549122147 2.43
endloop
endfacet
facet normal -0.899707065686651 -0.4364942106758304 0.0
outer loop
vertex 54.22401401228286 41.79923549122147 0.7999999999999999
vertex 53.26610268995352 43.537886799536516 2.43
vertex 53.26610268995352 43.537886799536516 0.7999999999999999
endloop
endfacet
facet normal -0.687013324329373 -0.7266448184594065 -1.500379624177155e-17
outer loop
vertex 51.35732163301132 45.64532358356727 2.429999999999999
vertex 50.28642029183621 46.58201357322084 0.7999999999999989
vertex 51.35732163301132 45.64532358356727 0.7999999999999985
endloop
endfacet
facet normal -0.6287310683664475 -0.7776228158116155 -1.3307835150566013e-17
outer loop
vertex 50.28642029183621 46.58201357322084 0.7999999999999989
vertex 51.35732163301132 45.64532358356727 2.429999999999999
vertex 50.28642029183621 46.58201357322084 2.429999999999999
endloop
endfacet
facet normal 0.8570171364699849 -0.5152879076756869 0.0
outer loop
vertex 52.97576754955856 14.07272071662095 0.7999999999999999
vertex 50.81339500877755 10.87432275796364 2.43
vertex 50.81339500877755 10.87432275796364 0.7999999999999999
endloop
endfacet
facet normal 0.8176568782107217 -0.5757058532920235 0.0
outer loop
vertex 50.81339500877755 10.87432275796364 2.43
vertex 52.97576754955856 14.07272071662095 0.7999999999999999
vertex 52.97576754955856 14.07272071662095 2.43
endloop
endfacet
facet normal -0.9983643397283979 0.05717206624462717 0.0
outer loop
vertex 56.10031967244668 27.492746349923273 2.43
vertex 56.04679440466654 26.738446600587725 0.7999999999999999
vertex 56.04679440466654 26.738446600587725 2.43
endloop
endfacet
facet normal -0.9974897901342993 0.07081044116393968 0.0
outer loop
vertex 56.04679440466654 26.738446600587725 0.7999999999999999
vertex 56.10031967244668 27.492746349923273 2.43
vertex 56.10031967244668 27.492746349923273 0.7999999999999999
endloop
endfacet
facet normal 0.684357567067808 -0.7291465699000653 0.0
outer loop
vertex 47.85644312096962 7.411136418331236 2.43
vertex 46.68963907285928 6.394365611817402 0.7999999999999999
vertex 47.85644312096962 7.411136418331236 0.7999999999999999
endloop
endfacet
facet normal 0.6185866333313527 -0.7857166009852299 0.0
outer loop
vertex 46.68963907285928 6.394365611817402 0.7999999999999999
vertex 47.85644312096962 7.411136418331236 2.43
vertex 46.68963907285928 6.394365611817402 2.43
endloop
endfacet
facet normal -0.9883038096800878 -0.15249780251474135 0.0
outer loop
vertex 56.00282388644111 35.79729104046063 2.43
vertex 56.06130715531146 35.40284270921961 0.7999999999999999
vertex 56.06130715531146 35.40284270921961 2.43
endloop
endfacet
facet normal -0.990427215162422 -0.1380359788809046 0.0
outer loop
vertex 56.06130715531146 35.40284270921961 0.7999999999999999
vertex 56.00282388644111 35.79729104046063 2.43
vertex 56.00282388644111 35.79729104046063 0.7999999999999999
endloop
endfacet
facet normal 0.49629456126071003 -0.8681541962480166 0.0
outer loop
vertex 42.99952193763877 3.77614016375639 2.43
vertex 39.118146210950314 2.0355493631176316 0.7999999999999999
vertex 42.99952193763877 3.77614016375639 0.7999999999999999
endloop
endfacet
facet normal 0.3217314169336803 -0.9468309750730838 0.0
outer loop
vertex 39.118146210950314 2.0355493631176316 0.7999999999999999
vertex 42.99952193763877 3.77614016375639 2.43
vertex 39.118146210950314 2.0355493631176316 2.43
endloop
endfacet
facet normal -0.9974873853327384 0.07084430888968694 0.0
outer loop
vertex 55.993227317090074 25.984161886189042 2.43
vertex 55.939653536083874 25.22990390057172 0.7999999999999999
vertex 55.939653536083874 25.22990390057172 2.43
endloop
endfacet
facet normal -0.9850284387885326 0.17239192202022152 0.0
outer loop
vertex 55.939653536083874 25.22990390057172 0.7999999999999999
vertex 55.993227317090074 25.984161886189042 2.43
vertex 55.993227317090074 25.984161886189042 0.7999999999999999
endloop
endfacet
facet normal 0.8046664833986575 -0.5937270841850134 0.0
outer loop
vertex 8.327153815249691 42.87576365880015 0.7999999999999999
vertex 7.790467897779346 42.14840393174099 2.43
vertex 7.790467897779346 42.14840393174099 0.7999999999999999
endloop
endfacet
facet normal 0.8612621128960234 -0.5081609714351126 0.0
outer loop
vertex 7.790467897779346 42.14840393174099 2.43
vertex 8.327153815249691 42.87576365880015 0.7999999999999999
vertex 8.327153815249691 42.87576365880015 2.43
endloop
endfacet
facet normal -0.3545395959364137 -0.9350410017283973 0.0
outer loop
vertex 44.716329999697656 49.63254700122299 2.43
vertex 43.154199127794975 50.16693696641118 0.7999999999999999
vertex 44.716329999697656 49.63254700122299 0.7999999999999999
endloop
endfacet
facet normal -0.2879338324716927 -0.9576503057578813 0.0
outer loop
vertex 43.154199127794975 50.16693696641118 0.7999999999999999
vertex 44.716329999697656 49.63254700122299 2.43
vertex 43.154199127794975 50.16693696641118 2.43
endloop
endfacet
facet normal -0.9988812156992887 -0.047289712656253244 0.0
outer loop
vertex 56.170562879117696 34.264610851085855 2.43
vertex 56.18129999999987 33.98876155833579 0.7999999999999999
vertex 56.18129999999987 33.98876155833579 2.43
endloop
endfacet
facet normal -0.9996975239613067 -0.024593913589190945 0.0
outer loop
vertex 56.18129999999987 33.98876155833579 0.7999999999999999
vertex 56.170562879117696 34.264610851085855 2.43
vertex 56.170562879117696 34.264610851085855 0.7999999999999999
endloop
endfacet
facet normal 0.8176568782107217 -0.5757058532920235 0.0
outer loop
vertex 50.81339500877755 10.87432275796364 0.7999999999999999
vertex 49.92456693674547 9.66150717078983 2.43
vertex 49.92456693674547 9.66150717078983 0.7999999999999999
endloop
endfacet
facet normal 0.7842131551037507 -0.6204915207818885 0.0
outer loop
vertex 49.92456693674547 9.66150717078983 2.43
vertex 50.81339500877755 10.87432275796364 0.7999999999999999
vertex 50.81339500877755 10.87432275796364 2.43
endloop
endfacet
facet normal -0.7411765386116542 -0.6713101657294095 2.1475092269617013e-18
outer loop
vertex 52.352538064823406 44.628582676011156 2.429999999999999
vertex 53.26610268995352 43.537886799536516 0.7999999999999999
vertex 53.26610268995352 43.537886799536516 2.43
endloop
endfacet
facet normal -0.8251032740099042 -0.5649819353024809 1.1007090388082132e-17
outer loop
vertex 53.26610268995352 43.537886799536516 0.7999999999999999
vertex 52.352538064823406 44.628582676011156 2.429999999999999
vertex 52.352538064823406 44.628582676011156 0.7999999999999989
endloop
endfacet
facet normal -0.9999803045449458 -0.006276186915447272 0.0
outer loop
vertex 56.19104619367312 33.04151053421198 2.43
vertex 56.19525061447423 31.1843515901974 0.7999999999999999
vertex 56.19525061447423 31.1843515901974 2.43
endloop
endfacet
facet normal -0.9999864876243104 0.005198516018530476 0.0
outer loop
vertex 56.19525061447423 31.1843515901974 0.7999999999999999
vertex 56.19104619367312 33.04151053421198 2.43
vertex 56.19104619367312 33.04151053421198 0.7999999999999999
endloop
endfacet
facet normal 0.8612621128960234 -0.5081609714351126 0.0
outer loop
vertex 7.790467897779346 42.14840393174099 0.7999999999999999
vertex 6.369331241303753 39.05306588621348 2.43
vertex 6.369331241303753 39.05306588621348 0.7999999999999999
endloop
endfacet
facet normal 0.944536696433557 -0.32840589076687243 0.0
outer loop
vertex 6.369331241303753 39.05306588621348 2.43
vertex 7.790467897779346 42.14840393174099 0.7999999999999999
vertex 7.790467897779346 42.14840393174099 2.43
endloop
endfacet
facet normal 0.735347798471099 0.6776899108616773 0.0
outer loop
vertex 13.68297050092465 10.436327681046583 2.43
vertex 17.01914428567313 7.340416082882258 0.7999999999999999
vertex 13.68297050092465 10.436327681046583 0.7999999999999999
endloop
endfacet
facet normal 0.6149890592679877 0.7885356409070396 0.0
outer loop
vertex 17.01914428567313 7.340416082882258 0.7999999999999999
vertex 13.68297050092465 10.436327681046583 2.43
vertex 17.01914428567313 7.340416082882258 2.43
endloop
endfacet
facet normal -1.0 0.0 0.0
outer loop
vertex 130.51493608620015 46.77386155833573 0.8000000000000003
vertex 130.51493608620015 46.18003744422518 -1.9099999999999946
vertex 130.51493608620015 46.18003744422518 0.8000000000000003
endloop
endfacet
facet normal -1.0 0.0 0.0
outer loop
vertex 130.51493608620015 46.18003744422518 -1.9099999999999946
vertex 130.51493608620015 46.77386155833573 0.8000000000000003
vertex 130.51493608620015 46.77386155833573 -1.9099999999999946
endloop
endfacet
facet normal 0.0 1.0 0.0
outer loop
vertex 70.87000000000013 44.58801921472657 3.84
vertex 73.79718770935743 44.58801921472657 -1.91
vertex 70.87000000000013 44.58801921472657 -1.91
endloop
endfacet
facet normal 0.11945190480313762 0.9928399883359363 4.902113630641216e-19
outer loop
vertex 73.79718770935743 44.58801921472657 -1.91
vertex 70.87000000000013 44.58801921472657 3.84
vertex 73.79718770935743 44.58801921472657 3.84
endloop
endfacet
facet normal -3.581346734762253e-16 -5.162682604871407e-16 -1.0
outer loop
vertex 81.84878324308902 32.277111907856 -1.91
vertex 81.95136020042138 29.85739144782929 -1.91
vertex 81.76730743965472 31.059316694615838 -1.91
endloop
endfacet
facet normal -3.581346734762253e-16 -5.162682604871407e-16 -1.0
outer loop
vertex 81.95136020042138 29.85739144782929 -1.91
vertex 81.84878324308902 32.277111907856 -1.91
vertex 82.18141389386057 33.503569696367 -1.91
endloop
endfacet
facet normal -3.581346734762253e-16 -5.162682604871407e-16 -1.0
outer loop
vertex 81.95136020042138 29.85739144782929 -1.91
vertex 82.18141389386057 33.503569696367 -1.91
vertex 83.08429621426512 26.112194757344444 -1.91
endloop
endfacet
facet normal -3.581346734762253e-16 -5.162682604871407e-16 -1.0
outer loop
vertex 83.08429621426512 26.112194757344444 -1.91
vertex 82.18141389386057 33.503569696367 -1.91
vertex 82.69140275815528 34.734296136119255 -1.91
endloop
endfacet
facet normal -3.581346734762253e-16 -5.162682604871407e-16 -1.0
outer loop
vertex 83.08429621426512 26.112194757344444 -1.91
vertex 82.69140275815528 34.734296136119255 -1.91
vertex 82.9042758948734 35.89643635793216 -1.91
endloop
endfacet
facet normal -3.581346734762253e-16 -5.162682604871407e-16 -1.0
outer loop
vertex 70.87000000000013 44.58801921472657 -1.91
vertex 72.40013551833766 42.09151239205119 -1.91
vertex 70.87000000000005 42.09151239205119 -1.91
endloop
endfacet
facet normal -3.581346734762253e-16 -5.162682604871407e-16 -1.0
outer loop
vertex 72.40013551833766 42.09151239205119 -1.91
vertex 70.87000000000013 44.58801921472657 -1.91
vertex 73.79718770935743 44.58801921472657 -1.91
endloop
endfacet
facet normal -3.581346734762253e-16 -5.162682604871407e-16 -1.0
outer loop
vertex 72.40013551833766 42.09151239205119 -1.91
vertex 73.79718770935743 44.58801921472657 -1.91
vertex 75.59658689424924 41.53735792184265 -1.91
endloop
endfacet
facet normal -3.581346734762253e-16 -5.162682604871407e-16 -1.0
outer loop
vertex 75.59658689424924 41.53735792184265 -1.91
vertex 73.79718770935743 44.58801921472657 -1.91
vertex 78.61426740584965 43.4118762002443 -1.91
endloop
endfacet
facet normal -3.581346734762253e-16 -5.162682604871407e-16 -1.0
outer loop
vertex 75.59658689424924 41.53735792184265 -1.91
vertex 78.61426740584965 43.4118762002443 -1.91
vertex 78.43737126845342 40.53772404864294 -1.91
endloop
endfacet
facet normal -3.581346734762253e-16 -5.162682604871407e-16 -1.0
outer loop
vertex 78.43737126845342 40.53772404864294 -1.91
vertex 78.61426740584965 43.4118762002443 -1.91
vertex 80.90861886220529 39.06910692204388 -1.91
endloop
endfacet
facet normal -3.581346734762253e-16 -5.162682604871407e-16 -1.0
outer loop
vertex 80.90861886220529 39.06910692204388 -1.91
vertex 78.61426740584965 43.4118762002443 -1.91
vertex 82.2486772714553 41.197764366668174 -1.91
endloop
endfacet
facet normal -3.581346734762253e-16 -5.162682604871407e-16 -1.0
outer loop
vertex 80.90861886220529 39.06910692204388 -1.91
vertex 82.2486772714553 41.197764366668174 -1.91
vertex 82.28900392063366 37.823228957452564 -1.91
endloop
endfacet
facet normal -3.581346734762253e-16 -5.162682604871407e-16 -1.0
outer loop
vertex 82.28900392063366 37.823228957452564 -1.91
vertex 82.2486772714553 41.197764366668174 -1.91
vertex 84.70200512908912 38.061927369301955 -1.91
endloop
endfacet
facet normal -3.581346734762253e-16 -5.162682604871407e-16 -1.0
outer loop
vertex 82.28900392063366 37.823228957452564 -1.91
vertex 84.70200512908912 38.061927369301955 -1.91
vertex 82.75970365459716 36.932815114574964 -1.91
endloop
endfacet
facet normal -3.581346734762253e-16 -5.162682604871407e-16 -1.0
outer loop
vertex 82.75970365459716 36.932815114574964 -1.91
vertex 84.70200512908912 38.061927369301955 -1.91
vertex 82.9042758948734 35.89643635793216 -1.91
endloop
endfacet
facet normal -3.581346734762253e-16 -5.162682604871407e-16 -1.0
outer loop
vertex 82.9042758948734 35.89643635793216 -1.91
vertex 84.70200512908912 38.061927369301955 -1.91
vertex 84.4112011744914 36.520947281808745 -1.91
endloop
endfacet
facet normal -3.581346734762253e-16 -5.162682604871407e-16 -1.0
outer loop
vertex 82.9042758948734 35.89643635793216 -1.91
vertex 84.4112011744914 36.520947281808745 -1.91
vertex 84.32998025275526 36.01442495654883 -1.91
endloop
endfacet
facet normal -3.581346734762253e-16 -5.162682604871407e-16 -1.0
outer loop
vertex 82.9042758948734 35.89643635793216 -1.91
vertex 84.32998025275526 36.01442495654883 -1.91
vertex 84.2684445701967 35.599389207594214 -1.91
endloop
endfacet
facet normal -3.581346734762253e-16 -5.162682604871407e-16 -1.0
outer loop
vertex 82.9042758948734 35.89643635793216 -1.91
vertex 84.2684445701967 35.599389207594214 -1.91
vertex 84.221605863291 35.240460589435294 -1.91
endloop
endfacet
facet normal -3.581346734762253e-16 -5.162682604871407e-16 -1.0
outer loop
vertex 82.9042758948734 35.89643635793216 -1.91
vertex 84.221605863291 35.240460589435294 -1.91
vertex 83.08429621426512 26.112194757344444 -1.91
endloop
endfacet
facet normal -3.581346734762253e-16 -5.162682604871407e-16 -1.0
outer loop
vertex 83.08429621426512 26.112194757344444 -1.91
vertex 84.221605863291 35.240460589435294 -1.91
vertex 83.62420000000058 30.174561558335782 -1.91
endloop
endfacet
facet normal -3.581346734762253e-16 -5.162682604871407e-16 -1.0
outer loop
vertex 83.62420000000058 30.174561558335782 -1.91
vertex 84.221605863291 35.240460589435294 -1.91
vertex 83.78979777832065 31.362817905992024 -1.91
endloop
endfacet
facet normal -3.581346734762253e-16 -5.162682604871407e-16 -1.0
outer loop
vertex 83.78979777832065 31.362817905992024 -1.91
vertex 84.221605863291 35.240460589435294 -1.91
vertex 84.1872160590339 34.91901044643426 -1.91
endloop
endfacet
facet normal -3.581346734762253e-16 -5.162682604871407e-16 -1.0
outer loop
vertex 83.78979777832065 31.362817905992024 -1.91
vertex 84.1872160590339 34.91901044643426 -1.91
vertex 84.1632379479609 34.62033156265946 -1.91
endloop
endfacet
facet normal -3.581346734762253e-16 -5.162682604871407e-16 -1.0
outer loop
vertex 83.78979777832065 31.362817905992024 -1.91
vertex 84.1632379479609 34.62033156265946 -1.91
vertex 84.1471551776639 34.3319454884331 -1.91
endloop
endfacet
facet normal -3.581346734762253e-16 -5.162682604871407e-16 -1.0
outer loop
vertex 83.78979777832065 31.362817905992024 -1.91
vertex 84.1471551776639 34.3319454884331 -1.91
vertex 84.05177128906284 32.54710452708578 -1.91
endloop
endfacet
facet normal -3.581346734762253e-16 -5.162682604871407e-16 -1.0
outer loop
vertex 84.05177128906284 32.54710452708578 -1.91
vertex 84.1471551776639 34.3319454884331 -1.91
vertex 84.1351602853184 34.02378256408513 -1.91
endloop
endfacet
facet normal -3.581346734762253e-16 -5.162682604871407e-16 -1.0
outer loop
vertex 84.05177128906284 32.54710452708578 -1.91
vertex 84.1351602853184 34.02378256408513 -1.91
vertex 84.12514570770021 33.05044679597444 -1.91
endloop
endfacet
facet normal -3.581346734762253e-16 -5.162682604871407e-16 -1.0
outer loop
vertex 84.05177128906284 32.54710452708578 -1.91
vertex 84.12514570770021 33.05044679597444 -1.91
vertex 84.12448670776286 32.75935613572777 -1.91
endloop
endfacet
facet normal -3.581346734762253e-16 -5.162682604871407e-16 -1.0
outer loop
vertex 83.62420000000058 30.174561558335782 -1.91
vertex 84.04910867802006 25.27821873801206 -1.9099999999999735
vertex 83.08429621426512 26.112194757344444 -1.91
endloop
endfacet
facet normal -3.581346734762253e-16 -5.162682604871407e-16 -1.0
outer loop
vertex 84.04910867802006 25.27821873801206 -1.9099999999999735
vertex 83.62420000000058 30.174561558335782 -1.91
vertex 83.71166180911406 29.79842791387564 -1.91
endloop
endfacet
facet normal -3.581346734762253e-16 -5.162682604871407e-16 -1.0
outer loop
vertex 84.04910867802006 25.27821873801206 -1.9099999999999735
vertex 83.71166180911406 29.79842791387564 -1.91
vertex 83.79911125803184 29.439404562826283 -1.91
endloop
endfacet
facet normal -3.581346734762253e-16 -5.162682604871407e-16 -1.0
outer loop
vertex 84.04910867802006 25.27821873801206 -1.9099999999999735
vertex 83.79911125803184 29.439404562826283 -1.91
vertex 83.88655063567842 29.089714099638122 -1.91
endloop
endfacet
facet normal -3.581346734762253e-16 -5.162682604871407e-16 -1.0
outer loop
vertex 84.04910867802006 25.27821873801206 -1.9099999999999735
vertex 83.88655063567842 29.089714099638122 -1.91
vertex 83.97398223097983 28.741579118761596 -1.91
endloop
endfacet
facet normal -3.581346734762253e-16 -5.162682604871407e-16 -1.0
outer loop
vertex 84.04910867802006 25.27821873801206 -1.9099999999999735
vertex 83.97398223097983 28.741579118761596 -1.91
vertex 84.06140833286109 28.38722221464714 -1.91
endloop
endfacet
facet normal -3.581346734762253e-16 -5.162682604871407e-16 -1.0
outer loop
vertex 84.04910867802006 25.27821873801206 -1.9099999999999735
vertex 84.06140833286109 28.38722221464714 -1.91
vertex 84.35849313251997 25.433224406117077 -1.9099999999999735
endloop
endfacet
facet normal -3.581346734762253e-16 -5.162682604871407e-16 -1.0
outer loop
vertex 84.35849313251997 25.433224406117077 -1.9099999999999735
vertex 84.06140833286109 28.38722221464714 -1.91
vertex 84.14883123024738 28.018865981745165 -1.91
endloop
endfacet
facet normal -3.581346734762253e-16 -5.162682604871407e-16 -1.0
outer loop
vertex 84.35849313251997 25.433224406117077 -1.9099999999999735
vertex 84.14883123024738 28.018865981745165 -1.91
vertex 84.32652552495425 25.8832920107195 -1.91
endloop
endfacet
facet normal -3.581346734762253e-16 -5.162682604871407e-16 -1.0
outer loop
vertex 84.32652552495425 25.8832920107195 -1.91
vertex 84.14883123024738 28.018865981745165 -1.91
vertex 84.27295501281985 26.63762494676549 -1.91
endloop
endfacet
facet normal -3.581346734762253e-16 -5.162682604871407e-16 -1.0
outer loop
vertex 84.27295501281985 26.63762494676549 -1.91
vertex 84.14883123024738 28.018865981745165 -1.91
vertex 84.21805233048097 27.411335779864107 -1.91
endloop
endfacet
facet normal -3.581346734762253e-16 -5.162682604871407e-16 -1.0
outer loop
vertex 84.21805233048097 27.411335779864107 -1.91
vertex 84.14883123024738 28.018865981745165 -1.91
vertex 84.1951333854165 27.937088485323397 -1.91
endloop
endfacet
facet normal 0.44793807820517906 -0.8940645827309406 8.313857452351645e-19
outer loop
vertex 84.35849313251997 25.433224406117077 0.8000000000000006
vertex 84.04910867802006 25.27821873801206 -1.9099999999999735
vertex 84.35849313251997 25.433224406117077 -1.9099999999999735
endloop
endfacet
facet normal 0.44793807820517906 -0.8940645827309406 8.313857452351645e-19
outer loop
vertex 84.04910867802006 25.27821873801206 -1.9099999999999735
vertex 84.35849313251997 25.433224406117077 0.8000000000000006
vertex 84.04910867802006 25.27821873801206 3.84
endloop
endfacet
facet normal 0.44793807820517906 -0.8940645827309406 8.313857452351645e-19
outer loop
vertex 84.04910867802006 25.27821873801206 3.84
vertex 84.35849313251997 25.433224406117077 0.8000000000000006
vertex 84.35849313251997 25.433224406117077 2.43
endloop
endfacet
facet normal 0.44793807820517906 -0.8940645827309406 8.313857452351645e-19
outer loop
vertex 84.04910867802006 25.27821873801206 3.84
vertex 84.35849313251997 25.433224406117077 2.43
vertex 84.35849313251997 25.433224406117077 3.84
endloop
endfacet
facet normal 2.0902339999572993e-18 -2.5680603136607584e-18 -1.0
outer loop
vertex 84.12448670776286 32.75935613572777 0.7999999999999999
vertex 84.14833290726067 29.010675334027777 0.7999999999999999
vertex 84.12090429876191 31.176949608687536 0.7999999999999999
endloop
endfacet
facet normal 2.0902339999572993e-18 -2.5680603136607584e-18 -1.0
outer loop
vertex 84.14833290726067 29.010675334027777 0.7999999999999999
vertex 84.12448670776286 32.75935613572777 0.7999999999999999
vertex 84.12514570770021 33.05044679597444 0.7999999999999999
endloop
endfacet
facet normal 2.0902339999572993e-18 -2.5680603136607584e-18 -1.0
outer loop
vertex 84.14833290726067 29.010675334027777 0.7999999999999999
vertex 84.12514570770021 33.05044679597444 0.7999999999999999
vertex 84.1351602853184 34.02378256408513 0.7999999999999999
endloop
endfacet
facet normal 2.0902339999572993e-18 -2.5680603136607584e-18 -1.0
outer loop
vertex 84.14833290726067 29.010675334027777 0.7999999999999999
vertex 84.1351602853184 34.02378256408513 0.7999999999999999
vertex 84.1471551776639 34.3319454884331 0.7999999999999999
endloop
endfacet
facet normal 2.0902339999572993e-18 -2.5680603136607584e-18 -1.0
outer loop
vertex 84.14833290726067 29.010675334027777 0.7999999999999999
vertex 84.1471551776639 34.3319454884331 0.7999999999999999
vertex 84.1632379479609 34.62033156265946 0.7999999999999999
endloop
endfacet
facet normal 2.0902339999572993e-18 -2.5680603136607584e-18 -1.0
outer loop
vertex 84.14833290726067 29.010675334027777 0.7999999999999999
vertex 84.1632379479609 34.62033156265946 0.7999999999999999
vertex 84.1951333854165 27.937088485323397 0.7999999999999999
endloop
endfacet
facet normal 2.0902339999572993e-18 -2.5680603136607584e-18 -1.0
outer loop
vertex 84.1951333854165 27.937088485323397 0.7999999999999999
vertex 84.1632379479609 34.62033156265946 0.7999999999999999
vertex 84.1872160590339 34.91901044643426 0.7999999999999999
endloop
endfacet
facet normal 2.0902339999572993e-18 -2.5680603136607584e-18 -1.0
outer loop
vertex 84.1951333854165 27.937088485323397 0.7999999999999999
vertex 84.1872160590339 34.91901044643426 0.7999999999999999
vertex 84.221605863291 35.240460589435294 0.7999999999999999
endloop
endfacet
facet normal 2.0902339999572993e-18 -2.5680603136607584e-18 -1.0
outer loop
vertex 84.1951333854165 27.937088485323397 0.7999999999999999
vertex 84.221605863291 35.240460589435294 0.7999999999999999
vertex 84.21805233048097 27.411335779864107 0.7999999999999999
endloop
endfacet
facet normal 2.0902339999572993e-18 -2.5680603136607584e-18 -1.0
outer loop
vertex 84.21805233048097 27.411335779864107 0.7999999999999999
vertex 84.221605863291 35.240460589435294 0.7999999999999999
vertex 84.27295501281985 26.63762494676549 0.7999999999999999
endloop
endfacet
facet normal 2.0902339999572993e-18 -2.5680603136607584e-18 -1.0
outer loop
vertex 84.27295501281985 26.63762494676549 0.7999999999999999
vertex 84.221605863291 35.240460589435294 0.7999999999999999
vertex 84.2684445701967 35.599389207594214 0.7999999999999999
endloop
endfacet
facet normal 2.0902339999572993e-18 -2.5680603136607584e-18 -1.0
outer loop
vertex 84.27295501281985 26.63762494676549 0.7999999999999999
vertex 84.2684445701967 35.599389207594214 0.7999999999999999
vertex 84.32998025275526 36.01442495654883 0.7999999999999999
endloop
endfacet
facet normal 2.0902339999572993e-18 -2.5680603136607584e-18 -1.0
outer loop
vertex 84.27295501281985 26.63762494676549 0.7999999999999999
vertex 84.32998025275526 36.01442495654883 0.7999999999999999
vertex 84.32652552495425 25.8832920107195 0.7999999999999999
endloop
endfacet
facet normal 2.0902339999572993e-18 -2.5680603136607584e-18 -1.0
outer loop
vertex 84.32652552495425 25.8832920107195 0.7999999999999999
vertex 84.32998025275526 36.01442495654883 0.7999999999999999
vertex 84.35849313251997 25.433224406117077 0.8000000000000006
endloop
endfacet
facet normal 2.0902339999572993e-18 -2.5680603136607584e-18 -1.0
outer loop
vertex 84.35849313251997 25.433224406117077 0.8000000000000006
vertex 84.32998025275526 36.01442495654883 0.7999999999999999
vertex 84.4112011744914 36.520947281808745 0.7999999999999999
endloop
endfacet
facet normal 2.0902339999572993e-18 -2.5680603136607584e-18 -1.0
outer loop
vertex 84.35849313251997 25.433224406117077 0.8000000000000006
vertex 84.4112011744914 36.520947281808745 0.7999999999999999
vertex 84.39046074008567 24.98315680151465 0.7999999999999999
endloop
endfacet
facet normal 2.0902339999572993e-18 -2.5680603136607584e-18 -1.0
outer loop
vertex 84.39046074008567 24.98315680151465 0.7999999999999999
vertex 84.4112011744914 36.520947281808745 0.7999999999999999
vertex 85.47353467659825 21.153366668206942 0.7999999999999999
endloop
endfacet
facet normal 2.0902339999572993e-18 -2.5680603136607584e-18 -1.0
outer loop
vertex 85.47353467659825 21.153366668206942 0.7999999999999999
vertex 84.4112011744914 36.520947281808745 0.7999999999999999
vertex 84.70200512908912 38.061927369301955 0.7999999999999999
endloop
endfacet
facet normal 2.0902339999572993e-18 -2.5680603136607584e-18 -1.0
outer loop
vertex 85.47353467659825 21.153366668206942 0.7999999999999999
vertex 84.70200512908912 38.061927369301955 0.7999999999999999
vertex 85.33207964027753 40.28908314933388 0.7999999999999999
endloop
endfacet
facet normal 2.0902339999572993e-18 -2.5680603136607584e-18 -1.0
outer loop
vertex 85.47353467659825 21.153366668206942 0.7999999999999999
vertex 85.33207964027753 40.28908314933388 0.7999999999999999
vertex 85.54895380632716 33.04151053421198 0.7999999999999999
endloop
endfacet
facet normal 2.0902339999572993e-18 -2.5680603136607584e-18 -1.0
outer loop
vertex 85.54895380632716 33.04151053421198 0.7999999999999999
vertex 85.33207964027753 40.28908314933388 0.7999999999999999
vertex 85.5587000000004 33.98876155833579 0.7999999999999999
endloop
endfacet
facet normal 2.0902339999572993e-18 -2.5680603136607584e-18 -1.0
outer loop
vertex 85.5587000000004 33.98876155833579 0.7999999999999999
vertex 85.33207964027753 40.28908314933388 0.7999999999999999
vertex 85.56943712088255 34.264610851085855 0.7999999999999999
endloop
endfacet
facet normal 2.0902339999572993e-18 -2.5680603136607584e-18 -1.0
outer loop
vertex 85.56943712088255 34.264610851085855 0.7999999999999999
vertex 85.33207964027753 40.28908314933388 0.7999999999999999
vertex 85.58388646022246 34.52370727356445 0.7999999999999999
endloop
endfacet
facet normal 2.0902339999572993e-18 -2.5680603136607584e-18 -1.0
outer loop
vertex 85.58388646022246 34.52370727356445 0.7999999999999999
vertex 85.33207964027753 40.28908314933388 0.7999999999999999
vertex 85.60496652359065 34.78628716475637 0.7999999999999999
endloop
endfacet
facet normal 2.0902339999572993e-18 -2.5680603136607584e-18 -1.0
outer loop
vertex 85.60496652359065 34.78628716475637 0.7999999999999999
vertex 85.33207964027753 40.28908314933388 0.7999999999999999
vertex 86.2332353306299 42.42156386554869 0.7999999999999999
endloop
endfacet
facet normal 2.0902339999572993e-18 -2.5680603136607584e-18 -1.0
outer loop
vertex 85.47353467659825 21.153366668206942 0.7999999999999999
vertex 85.54895380632716 33.04151053421198 0.7999999999999999
vertex 85.54474938552605 31.1843515901974 0.7999999999999999
endloop
endfacet
facet normal 2.0902339999572993e-18 -2.5680603136607584e-18 -1.0
outer loop
vertex 85.60496652359065 34.78628716475637 0.7999999999999999
vertex 86.2332353306299 42.42156386554869 0.7999999999999999
vertex 85.63559581655572 35.072586863646464 0.7999999999999999
endloop
endfacet
facet normal 2.0902339999572993e-18 -2.5680603136607584e-18 -1.0
outer loop
vertex 85.63559581655572 35.072586863646464 0.7999999999999999
vertex 86.2332353306299 42.42156386554869 0.7999999999999999
vertex 85.67869284468884 35.40284270921961 0.7999999999999999
endloop
endfacet
facet normal 2.0902339999572993e-18 -2.5680603136607584e-18 -1.0
outer loop
vertex 85.67869284468884 35.40284270921961 0.7999999999999999
vertex 86.2332353306299 42.42156386554869 0.7999999999999999
vertex 85.73717611355917 35.79729104046063 0.7999999999999999
endloop
endfacet
facet normal 2.0902339999572993e-18 -2.5680603136607584e-18 -1.0
outer loop
vertex 85.73717611355917 35.79729104046063 0.7999999999999999
vertex 86.2332353306299 42.42156386554869 0.7999999999999999
vertex 85.81396412873787 36.27616819635442 0.7999999999999999
endloop
endfacet
facet normal 2.0902339999572993e-18 -2.5680603136607584e-18 -1.0
outer loop
vertex 85.81396412873787 36.27616819635442 0.7999999999999999
vertex 86.2332353306299 42.42156386554869 0.7999999999999999
vertex 86.08935305554671 37.735463525112564 0.7999999999999999
endloop
endfacet
facet normal 2.0902339999572993e-18 -2.5680603136607584e-18 -1.0
outer loop
vertex 86.08935305554671 37.735463525112564 0.7999999999999999
vertex 86.2332353306299 42.42156386554869 0.7999999999999999
vertex 86.67804737402179 39.81635067541362 0.7999999999999999
endloop
endfacet
facet normal 2.0902339999572993e-18 -2.5680603136607584e-18 -1.0
outer loop
vertex 86.67804737402179 39.81635067541362 0.7999999999999999
vertex 86.2332353306299 42.42156386554869 0.7999999999999999
vertex 87.29356483310056 44.34610868900289 0.7999999999999999
endloop
endfacet
facet normal 2.0902339999572993e-18 -2.5680603136607584e-18 -1.0
outer loop
vertex 86.67804737402179 39.81635067541362 0.7999999999999999
vertex 87.29356483310056 44.34610868900289 0.7999999999999999
vertex 87.51598598771741 41.79923549122147 0.7999999999999999
endloop
endfacet
facet normal 2.0902339999572993e-18 -2.5680603136607584e-18 -1.0
outer loop
vertex 87.51598598771741 41.79923549122147 0.7999999999999999
vertex 87.29356483310056 44.34610868900289 0.7999999999999999
vertex 88.33136470081642 45.58512780728665 0.7999999999999999
endloop
endfacet
facet normal 2.0902339999572993e-18 -2.5680603136607584e-18 -1.0
outer loop
vertex 87.51598598771741 41.79923549122147 0.7999999999999999
vertex 88.33136470081642 45.58512780728665 0.7999999999999999
vertex 88.47389731004671 43.537886799536516 0.7999999999999999
endloop
endfacet
facet normal 2.0902339999572993e-18 -2.5680603136607584e-18 -1.0
outer loop
vertex 88.47389731004671 43.537886799536516 0.7999999999999999
vertex 88.33136470081642 45.58512780728665 0.7999999999999999
vertex 89.40375791552509 46.680714672139096 0.7999999999999999
endloop
endfacet
facet normal 2.0902339999572993e-18 -2.5680603136607584e-18 -1.0
outer loop
vertex 88.47389731004671 43.537886799536516 0.7999999999999999
vertex 89.40375791552509 46.680714672139096 0.7999999999999999
vertex 89.38746193517684 44.628582676011156 0.7999999999999989
endloop
endfacet
facet normal 2.0902339999572993e-18 -2.5680603136607584e-18 -1.0
outer loop
vertex 89.38746193517684 44.628582676011156 0.7999999999999989
vertex 89.40375791552509 46.680714672139096 0.7999999999999999
vertex 90.38267836698897 45.64532358356727 0.7999999999999985
endloop
endfacet
facet normal 2.0902339999572993e-18 -2.5680603136607584e-18 -1.0
outer loop
vertex 90.38267836698897 45.64532358356727 0.7999999999999985
vertex 89.40375791552509 46.680714672139096 0.7999999999999999
vertex 90.55770523310113 47.69004285149792 0.7999999999999999
endloop
endfacet
facet normal 2.0902339999572993e-18 -2.5680603136607584e-18 -1.0
outer loop
vertex 90.38267836698897 45.64532358356727 0.7999999999999985
vertex 90.55770523310113 47.69004285149792 0.7999999999999999
vertex 91.45357970816403 46.58201357322084 0.7999999999999989
endloop
endfacet
facet normal 2.0902339999572993e-18 -2.5680603136607584e-18 -1.0
outer loop
vertex 91.45357970816403 46.58201357322084 0.7999999999999989
vertex 90.55770523310113 47.69004285149792 0.7999999999999999
vertex 91.80760105407292 48.62296891429592 0.7999999999999999
endloop
endfacet
facet normal 2.0902339999572993e-18 -2.5680603136607584e-18 -1.0
outer loop
vertex 91.45357970816403 46.58201357322084 0.7999999999999989
vertex 91.80760105407292 48.62296891429592 0.7999999999999999
vertex 92.5937452866366 47.433036647475824 0.7999999999999999
endloop
endfacet
facet normal 2.0902339999572993e-18 -2.5680603136607584e-18 -1.0
outer loop
vertex 92.5937452866366 47.433036647475824 0.7999999999999999
vertex 91.80760105407292 48.62296891429592 0.7999999999999999
vertex 93.34612965081101 49.51714743465825 0.7999999999999999
endloop
endfacet
facet normal 2.0902339999572993e-18 -2.5680603136607584e-18 -1.0
outer loop
vertex 92.5937452866366 47.433036647475824 0.7999999999999999
vertex 93.34612965081101 49.51714743465825 0.7999999999999999
vertex 94.021179978077 48.26264842265638 0.7999999999999999
endloop
endfacet
facet normal 2.0902339999572993e-18 -2.5680603136607584e-18 -1.0
outer loop
vertex 94.021179978077 48.26264842265638 0.7999999999999999
vertex 93.34612965081101 49.51714743465825 0.7999999999999999
vertex 94.90860844658583 50.292936756362764 0.7999999999999999
endloop
endfacet
facet normal 2.0902339999572993e-18 -2.5680603136607584e-18 -1.0
outer loop
vertex 94.021179978077 48.26264842265638 0.7999999999999999
vertex 94.90860844658583 50.292936756362764 0.7999999999999999
vertex 95.49994336779912 48.996872048715375 0.7999999999999999
endloop
endfacet
facet normal 2.0902339999572993e-18 -2.5680603136607584e-18 -1.0
outer loop
vertex 95.49994336779912 48.996872048715375 0.7999999999999999
vertex 94.90860844658583 50.292936756362764 0.7999999999999999
vertex 96.51859593369241 50.9645983901316 0.7999999999999999
endloop
endfacet
facet normal 2.0902339999572993e-18 -2.5680603136607584e-18 -1.0
outer loop
vertex 95.49994336779912 48.996872048715375 0.7999999999999999
vertex 96.51859593369241 50.9645983901316 0.7999999999999999
vertex 97.0236700003026 49.63254700122299 0.7999999999999999
endloop
endfacet
facet normal 2.0902339999572993e-18 -2.5680603136607584e-18 -1.0
outer loop
vertex 97.0236700003026 49.63254700122299 0.7999999999999999
vertex 96.51859593369241 50.9645983901316 0.7999999999999999
vertex 98.17554449336376 51.53142457547092 0.7999999999999999
endloop
endfacet
facet normal 2.0902339999572993e-18 -2.5680603136607584e-18 -1.0
outer loop
vertex 97.0236700003026 49.63254700122299 0.7999999999999999
vertex 98.17554449336376 51.53142457547092 0.7999999999999999
vertex 98.58580087220531 50.16693696641118 0.7999999999999999
endloop
endfacet
facet normal 2.0902339999572993e-18 -2.5680603136607584e-18 -1.0
outer loop
vertex 98.58580087220531 50.16693696641118 0.7999999999999999
vertex 98.17554449336376 51.53142457547092 0.7999999999999999
vertex 99.83384729992441 51.962863111120086 0.7999999999999999
endloop
endfacet
facet normal 2.0902339999572993e-18 -2.5680603136607584e-18 -1.0
outer loop
vertex 98.58580087220531 50.16693696641118 0.7999999999999999
vertex 99.83384729992441 51.962863111120086 0.7999999999999999
vertex 100.16703375683636 50.57832431832698 0.7999999999999999
endloop
endfacet
facet normal 2.0902339999572993e-18 -2.5680603136607584e-18 -1.0
outer loop
vertex 100.16703375683636 50.57832431832698 0.7999999999999999
vertex 99.83384729992441 51.962863111120086 0.7999999999999999
vertex 101.48020027422058 52.32719947127863 0.7999999999999999
endloop
endfacet
facet normal 2.0902339999572993e-18 -2.5680603136607584e-18 -1.0
outer loop
vertex 100.16703375683636 50.57832431832698 0.7999999999999999
vertex 101.48020027422058 52.32719947127863 0.7999999999999999
vertex 101.76230949428425 50.931357334153645 0.7999999999999999
endloop
endfacet
facet normal 2.0902339999572993e-18 -2.5680603136607584e-18 -1.0
outer loop
vertex 101.76230949428425 50.931357334153645 0.7999999999999999
vertex 101.48020027422058 52.32719947127863 0.7999999999999999
vertex 103.13882403718455 52.63082146033413 0.7999999999999999
endloop
endfacet
facet normal 2.0902339999572993e-18 -2.5680603136607584e-18 -1.0
outer loop
vertex 101.76230949428425 50.931357334153645 0.7999999999999999
vertex 103.13882403718455 52.63082146033413 0.7999999999999999
vertex 103.36947532562301 51.22555961037151 0.7999999999999999
endloop
endfacet
facet normal 2.0902339999572993e-18 -2.5680603136607584e-18 -1.0
outer loop
vertex 103.36947532562301 51.22555961037151 0.7999999999999999
vertex 103.13882403718455 52.63082146033413 0.7999999999999999
vertex 104.83199032770307 52.876881272337755 0.7999999999999999
endloop
endfacet
facet normal 2.0902339999572993e-18 -2.5680603136607584e-18 -1.0
outer loop
vertex 103.36947532562301 51.22555961037151 0.7999999999999999
vertex 104.83199032770307 52.876881272337755 0.7999999999999999
vertex 104.98636244673335 51.46053413312178 0.7999999999999999
endloop
endfacet
facet normal 2.0902339999572993e-18 -2.5680603136607584e-18 -1.0
outer loop
vertex 104.98636244673335 51.46053413312178 0.7999999999999999
vertex 104.83199032770307 52.876881272337755 0.7999999999999999
vertex 110.77899546485436 53.31067478219939 0.7999999999999999
endloop
endfacet
facet normal 2.0902339999572993e-18 -2.5680603136607584e-18 -1.0
outer loop
vertex 104.98636244673335 51.46053413312178 0.7999999999999999
vertex 110.77899546485436 53.31067478219939 0.7999999999999999
vertex 110.82270245824726 51.88625537599155 0.7999999999999999
endloop
endfacet
facet normal 2.0902339999572993e-18 -2.5680603136607584e-18 -1.0
outer loop
vertex 110.82270245824726 51.88625537599155 0.7999999999999999
vertex 110.77899546485436 53.31067478219939 0.7999999999999999
vertex 114.4976834048248 53.26803694577793 0.7999999999999999
endloop
endfacet
facet normal 2.0902339999572993e-18 -2.5680603136607584e-18 -1.0
outer loop
vertex 110.82270245824726 51.88625537599155 0.7999999999999999
vertex 114.4976834048248 53.26803694577793 0.7999999999999999
vertex 114.41964993887476 51.84501339474135 0.7999999999999999
endloop
endfacet
facet normal 2.0902339999572993e-18 -2.5680603136607584e-18 -1.0
outer loop
vertex 114.41964993887476 51.84501339474135 0.7999999999999999
vertex 114.4976834048248 53.26803694577793 0.7999999999999999
vertex 118.01943418995677 51.49074567941916 0.7999999999999999
endloop
endfacet
facet normal 2.0902339999572993e-18 -2.5680603136607584e-18 -1.0
outer loop
vertex 118.01943418995677 51.49074567941916 0.7999999999999999
vertex 114.4976834048248 53.26803694577793 0.7999999999999999
vertex 118.23190116230923 52.90053914558015 0.7999999999999999
endloop
endfacet
facet normal 2.0902339999572993e-18 -2.5680603136607584e-18 -1.0
outer loop
vertex 118.01943418995677 51.49074567941916 0.7999999999999999
vertex 118.23190116230923 52.90053914558015 0.7999999999999999
vertex 121.55147252153095 50.77084302918473 0.7999999999999999
endloop
endfacet
facet normal 2.0902339999572993e-18 -2.5680603136607584e-18 -1.0
outer loop
vertex 121.55147252153095 50.77084302918473 0.7999999999999999
vertex 118.23190116230923 52.90053914558015 0.7999999999999999
vertex 121.91801513024451 52.149232685833816 0.7999999999999999
endloop
endfacet
facet normal 2.0902339999572993e-18 -2.5680603136607584e-18 -1.0
outer loop
vertex 121.55147252153095 50.77084302918473 0.7999999999999999
vertex 121.91801513024451 52.149232685833816 0.7999999999999999
vertex 124.70222688900269 49.731101733776526 0.7999999999999999
endloop
endfacet
facet normal 2.0902339999572993e-18 -2.5680603136607584e-18 -1.0
outer loop
vertex 124.70222688900269 49.731101733776526 0.7999999999999999
vertex 121.91801513024451 52.149232685833816 0.7999999999999999
vertex 125.23449404590741 51.054802691682234 0.7999999999999999
endloop
endfacet
facet normal 2.0902339999572993e-18 -2.5680603136607584e-18 -1.0
outer loop
vertex 124.70222688900269 49.731101733776526 0.7999999999999999
vertex 125.23449404590741 51.054802691682234 0.7999999999999999
vertex 127.36221355295821 48.45962374658596 0.7999999999999999
endloop
endfacet
facet normal 2.0902339999572993e-18 -2.5680603136607584e-18 -1.0
outer loop
vertex 127.36221355295821 48.45962374658596 0.7999999999999999
vertex 125.23449404590741 51.054802691682234 0.7999999999999999
vertex 128.06657150619733 49.70106502165123 0.7999999999999999
endloop
endfacet
facet normal 2.0902339999572993e-18 -2.5680603136607584e-18 -1.0
outer loop
vertex 127.36221355295821 48.45962374658596 0.7999999999999999
vertex 128.06657150619733 49.70106502165123 0.7999999999999999
vertex 129.8054704089772 46.83689472511656 0.7999999999999999
endloop
endfacet
facet normal 2.0902339999572993e-18 -2.5680603136607584e-18 -1.0
outer loop
vertex 129.8054704089772 46.83689472511656 0.7999999999999999
vertex 128.06657150619733 49.70106502165123 0.7999999999999999
vertex 130.6886841261248 47.95954601785284 0.7999999999999999
endloop
endfacet
facet normal 2.0902339999572993e-18 -2.5680603136607584e-18 -1.0
outer loop
vertex 129.8054704089772 46.83689472511656 0.7999999999999999
vertex 130.6886841261248 47.95954601785284 0.7999999999999999
vertex 129.8735519689425 46.77386155833573 0.8000000000000003
endloop
endfacet
facet normal 2.0902339999572993e-18 -2.5680603136607584e-18 -1.0
outer loop
vertex 129.8735519689425 46.77386155833573 0.8000000000000003
vertex 130.6886841261248 47.95954601785284 0.7999999999999999
vertex 130.51493608620015 46.77386155833573 0.8000000000000003
endloop
endfacet
facet normal 2.0902339999572993e-18 -2.5680603136607584e-18 -1.0
outer loop
vertex 130.51493608620015 46.77386155833573 0.8000000000000003
vertex 130.6886841261248 47.95954601785284 0.7999999999999999
vertex 131.96933131161765 46.77386155833573 0.7999999999999999
endloop
endfacet
facet normal 2.0902339999572993e-18 -2.5680603136607584e-18 -1.0
outer loop
vertex 130.51493608620015 46.18003744422518 0.8000000000000003
vertex 129.8735519689425 46.77386155833573 0.8000000000000003
vertex 130.51493608620015 46.77386155833573 0.8000000000000003
endloop
endfacet
facet normal 2.0902339999572993e-18 -2.5680603136607584e-18 -1.0
outer loop
vertex 135.1823055944344 42.87576365880015 0.7999999999999999
vertex 133.949532102221 42.14840393174099 0.7999999999999999
vertex 133.41284618475063 42.87576365880015 0.7999999999999999
endloop
endfacet
facet normal 2.0902339999572993e-18 -2.5680603136607584e-18 -1.0
outer loop
vertex 133.949532102221 42.14840393174099 0.7999999999999999
vertex 135.1823055944344 42.87576365880015 0.7999999999999999
vertex 135.3706687586966 39.05306588621348 0.7999999999999999
endloop
endfacet
facet normal 2.0902339999572993e-18 -2.5680603136607584e-18 -1.0
outer loop
vertex 135.3706687586966 39.05306588621348 0.7999999999999999
vertex 135.1823055944344 42.87576365880015 0.7999999999999999
vertex 136.72171816492292 39.522812149537245 0.7999999999999999
endloop
endfacet
facet normal 2.0902339999572993e-18 -2.5680603136607584e-18 -1.0
outer loop
vertex 135.3706687586966 39.05306588621348 0.7999999999999999
vertex 136.72171816492292 39.522812149537245 0.7999999999999999
vertex 136.17655307691788 35.74298215361939 0.7999999999999999
endloop
endfacet
facet normal 2.0902339999572993e-18 -2.5680603136607584e-18 -1.0
outer loop
vertex 136.17655307691788 35.74298215361939 0.7999999999999999
vertex 136.72171816492292 39.522812149537245 0.7999999999999999
vertex 136.43100000000024 32.2833615583358 0.7999999999999999
endloop
endfacet
facet normal 2.0902339999572993e-18 -2.5680603136607584e-18 -1.0
outer loop
vertex 85.47353467659825 21.153366668206942 0.7999999999999999
vertex 85.80034646391643 25.22990390057172 0.7999999999999999
vertex 86.93054648731047 17.525514898903836 0.7999999999999999
endloop
endfacet
facet normal 2.0902339999572993e-18 -2.5680603136607584e-18 -1.0
outer loop
vertex 85.80034646391643 25.22990390057172 0.7999999999999999
vertex 85.47353467659825 21.153366668206942 0.7999999999999999
vertex 85.7467726829102 25.984161886189042 0.7999999999999999
endloop
endfacet
facet normal 2.0902339999572993e-18 -2.5680603136607584e-18 -1.0
outer loop
vertex 85.7467726829102 25.984161886189042 0.7999999999999999
vertex 85.47353467659825 21.153366668206942 0.7999999999999999
vertex 85.69320559533374 26.738446600587725 0.7999999999999999
endloop
endfacet
facet normal 2.0902339999572993e-18 -2.5680603136607584e-18 -1.0
outer loop
vertex 85.69320559533374 26.738446600587725 0.7999999999999999
vertex 85.47353467659825 21.153366668206942 0.7999999999999999
vertex 85.63968032755362 27.492746349923273 0.7999999999999999
endloop
endfacet
facet normal 2.0902339999572993e-18 -2.5680603136607584e-18 -1.0
outer loop
vertex 85.63968032755362 27.492746349923273 0.7999999999999999
vertex 85.47353467659825 21.153366668206942 0.7999999999999999
vertex 85.57176490100153 29.050702841904286 0.7999999999999999
endloop
endfacet
facet normal 2.0902339999572993e-18 -2.5680603136607584e-18 -1.0
outer loop
vertex 85.57176490100153 29.050702841904286 0.7999999999999999
vertex 85.47353467659825 21.153366668206942 0.7999999999999999
vertex 85.54474938552605 31.1843515901974 0.7999999999999999
endloop
endfacet
facet normal 2.0902339999572993e-18 -2.5680603136607584e-18 -1.0
outer loop
vertex 86.93054648731047 17.525514898903836 0.7999999999999999
vertex 85.80034646391643 25.22990390057172 0.7999999999999999
vertex 86.82301282449721 21.61371722542196 0.7999999999999999
endloop
endfacet
facet normal 2.0902339999572993e-18 -2.5680603136607584e-18 -1.0
outer loop
vertex 86.93054648731047 17.525514898903836 0.7999999999999999
vertex 86.82301282449721 21.61371722542196 0.7999999999999999
vertex 88.22356718183059 18.12644034413638 0.7999999999999999
endloop
endfacet
facet normal 2.0902339999572993e-18 -2.5680603136607584e-18 -1.0
outer loop
vertex 86.93054648731047 17.525514898903836 0.7999999999999999
vertex 88.22356718183059 18.12644034413638 0.7999999999999999
vertex 88.76423245044167 14.07272071662095 0.7999999999999999
endloop
endfacet
facet normal 2.0902339999572993e-18 -2.5680603136607584e-18 -1.0
outer loop
vertex 88.76423245044167 14.07272071662095 0.7999999999999999
vertex 88.22356718183059 18.12644034413638 0.7999999999999999
vertex 89.98620002170354 14.80743777914861 0.7999999999999999
endloop
endfacet
facet normal 2.0902339999572993e-18 -2.5680603136607584e-18 -1.0
outer loop
vertex 88.76423245044167 14.07272071662095 0.7999999999999999
vertex 89.98620002170354 14.80743777914861 0.7999999999999999
vertex 90.92660499122273 10.87432275796364 0.7999999999999999
endloop
endfacet
facet normal 2.0902339999572993e-18 -2.5680603136607584e-18 -1.0
outer loop
vertex 90.92660499122273 10.87432275796364 0.7999999999999999
vertex 89.98620002170354 14.80743777914861 0.7999999999999999
vertex 92.09101467335284 11.694174565606197 0.7999999999999999
endloop
endfacet
facet normal 2.0902339999572993e-18 -2.5680603136607584e-18 -1.0
outer loop
vertex 90.92660499122273 10.87432275796364 0.7999999999999999
vertex 92.09101467335284 11.694174565606197 0.7999999999999999
vertex 91.81543306325482 9.66150717078983 0.7999999999999999
endloop
endfacet
facet normal 2.0902339999572993e-18 -2.5680603136607584e-18 -1.0
outer loop
vertex 91.81543306325482 9.66150717078983 0.7999999999999999
vertex 92.09101467335284 11.694174565606197 0.7999999999999999
vertex 92.80792726997362 8.498120465885522 0.7999999999999999
endloop
endfacet
facet normal 2.0902339999572993e-18 -2.5680603136607584e-18 -1.0
outer loop
vertex 92.80792726997362 8.498120465885522 0.7999999999999999
vertex 92.09101467335284 11.694174565606197 0.7999999999999999
vertex 92.9327767951697 10.545580980237924 0.7999999999999999
endloop
endfacet
facet normal 2.0902339999572993e-18 -2.5680603136607584e-18 -1.0
outer loop
vertex 92.80792726997362 8.498120465885522 0.7999999999999999
vertex 92.9327767951697 10.545580980237924 0.7999999999999999
vertex 93.88355687903066 7.411136418331236 0.7999999999999999
endloop
endfacet
facet normal 2.0902339999572993e-18 -2.5680603136607584e-18 -1.0
outer loop
vertex 93.88355687903066 7.411136418331236 0.7999999999999999
vertex 92.9327767951697 10.545580980237924 0.7999999999999999
vertex 93.85699367781902 9.462227922412714 0.7999999999999999
endloop
endfacet
facet normal 2.0902339999572993e-18 -2.5680603136607584e-18 -1.0
outer loop
vertex 93.88355687903066 7.411136418331236 0.7999999999999999
vertex 93.85699367781902 9.462227922412714 0.7999999999999999
vertex 94.85862677294332 8.450021502345347 0.7999999999999999
endloop
endfacet
facet normal 2.0902339999572993e-18 -2.5680603136607584e-18 -1.0
outer loop
vertex 93.88355687903066 7.411136418331236 0.7999999999999999
vertex 94.85862677294332 8.450021502345347 0.7999999999999999
vertex 95.05036092714101 6.394365611817402 0.7999999999999999
endloop
endfacet
facet normal 2.0902339999572993e-18 -2.5680603136607584e-18 -1.0
outer loop
vertex 95.05036092714101 6.394365611817402 0.7999999999999999
vertex 94.85862677294332 8.450021502345347 0.7999999999999999
vertex 95.93221548262211 7.5144799604966614 0.7999999999999999
endloop
endfacet
facet normal 2.0902339999572993e-18 -2.5680603136607584e-18 -1.0
outer loop
vertex 95.05036092714101 6.394365611817402 0.7999999999999999
vertex 95.93221548262211 7.5144799604966614 0.7999999999999999
vertex 98.74047806236148 3.77614016375639 0.7999999999999999
endloop
endfacet
facet normal 2.0902339999572993e-18 -2.5680603136607584e-18 -1.0
outer loop
vertex 98.74047806236148 3.77614016375639 0.7999999999999999
vertex 95.93221548262211 7.5144799604966614 0.7999999999999999
vertex 99.4505049372268 5.018170318786383 0.7999999999999999
endloop
endfacet
facet normal 2.0902339999572993e-18 -2.5680603136607584e-18 -1.0
outer loop
vertex 98.74047806236148 3.77614016375639 0.7999999999999999
vertex 99.4505049372268 5.018170318786383 0.7999999999999999
vertex 102.62185378904998 2.0355493631176316 0.7999999999999999
endloop
endfacet
facet normal 2.0902339999572993e-18 -2.5680603136607584e-18 -1.0
outer loop
vertex 102.62185378904998 2.0355493631176316 0.7999999999999999
vertex 99.4505049372268 5.018170318786383 0.7999999999999999
vertex 103.08197441151846 3.389649195131543 0.7999999999999999
endloop
endfacet
facet normal 2.0902339999572993e-18 -2.5680603136607584e-18 -1.0
outer loop
vertex 102.62185378904998 2.0355493631176316 0.7999999999999999
vertex 103.08197441151846 3.389649195131543 0.7999999999999999
vertex 106.74633529924027 1.054356443343573 0.7999999999999999
endloop
endfacet
facet normal 2.0902339999572993e-18 -2.5680603136607584e-18 -1.0
outer loop
vertex 106.74633529924027 1.054356443343573 0.7999999999999999
vertex 103.08197441151846 3.389649195131543 0.7999999999999999
vertex 106.95721181521918 2.4677501652632228 0.7999999999999999
endloop
endfacet
facet normal 2.0902339999572993e-18 -2.5680603136607584e-18 -1.0
outer loop
vertex 106.74633529924027 1.054356443343573 0.7999999999999999
vertex 106.95721181521918 2.4677501652632228 0.7999999999999999
vertex 110.80040688410787 0.7999999999999985 0.7999999999999999
endloop
endfacet
facet normal 2.0902339999572993e-18 -2.5680603136607584e-18 -1.0
outer loop
vertex 110.80040688410787 0.7999999999999985 0.7999999999999999
vertex 106.95721181521918 2.4677501652632228 0.7999999999999999
vertex 110.79399901786078 2.227026358023905 0.7999999999999999
endloop
endfacet
facet normal 2.0902339999572993e-18 -2.5680603136607584e-18 -1.0
outer loop
vertex 110.80040688410787 0.7999999999999985 0.7999999999999999
vertex 110.79399901786078 2.227026358023905 0.7999999999999999
vertex 113.19517925716269 2.3993406410602285 0.7999999999999999
endloop
endfacet
facet normal 2.0902339999572993e-18 -2.5680603136607584e-18 -1.0
outer loop
vertex 110.80040688410787 0.7999999999999985 0.7999999999999999
vertex 113.19517925716269 2.3993406410602285 0.7999999999999999
vertex 113.37493884749328 0.9847544062555703 0.7999999999999999
endloop
endfacet
facet normal 2.0902339999572993e-18 -2.5680603136607584e-18 -1.0
outer loop
vertex 113.37493884749328 0.9847544062555703 0.7999999999999999
vertex 113.19517925716269 2.3993406410602285 0.7999999999999999
vertex 115.55250042320375 2.8311196607431013 0.7999999999999999
endloop
endfacet
facet normal 2.0902339999572993e-18 -2.5680603136607584e-18 -1.0
outer loop
vertex 113.37493884749328 0.9847544062555703 0.7999999999999999
vertex 115.55250042320375 2.8311196607431013 0.7999999999999999
vertex 115.88479915472533 1.4444732763905688 0.7999999999999999
endloop
endfacet
facet normal 2.0902339999572993e-18 -2.5680603136607584e-18 -1.0
outer loop
vertex 115.88479915472533 1.4444732763905688 0.7999999999999999
vertex 115.55250042320375 2.8311196607431013 0.7999999999999999
vertex 117.85384358763834 3.516005376792719 0.7999999999999999
endloop
endfacet
facet normal 2.0902339999572993e-18 -2.5680603136607584e-18 -1.0
outer loop
vertex 115.88479915472533 1.4444732763905688 0.7999999999999999
vertex 117.85384358763834 3.516005376792719 0.7999999999999999
vertex 118.34567228139579 2.1768355244525135 0.7999999999999999
endloop
endfacet
facet normal 2.0902339999572993e-18 -2.5680603136607584e-18 -1.0
outer loop
vertex 118.34567228139579 2.1768355244525135 0.7999999999999999
vertex 117.85384358763834 3.516005376792719 0.7999999999999999
vertex 120.9084508251342 4.860686904350076 0.7999999999999999
endloop
endfacet
facet normal 2.0902339999572993e-18 -2.5680603136607584e-18 -1.0
outer loop
vertex 118.34567228139579 2.1768355244525135 0.7999999999999999
vertex 120.9084508251342 4.860686904350076 0.7999999999999999
vertex 121.58789748430502 3.604109147396468 0.7999999999999999
endloop
endfacet
facet normal 2.0902339999572993e-18 -2.5680603136607584e-18 -1.0
outer loop
vertex 121.58789748430502 3.604109147396468 0.7999999999999999
vertex 120.9084508251342 4.860686904350076 0.7999999999999999
vertex 124.72085571432726 7.340416082882258 0.7999999999999999
endloop
endfacet
facet normal 2.0902339999572993e-18 -2.5680603136607584e-18 -1.0
outer loop
vertex 121.58789748430502 3.604109147396468 0.7999999999999999
vertex 124.72085571432726 7.340416082882258 0.7999999999999999
vertex 125.59971696180101 6.21354495143494 0.7999999999999999
endloop
endfacet
facet normal 2.0902339999572993e-18 -2.5680603136607584e-18 -1.0
outer loop
vertex 125.59971696180101 6.21354495143494 0.7999999999999999
vertex 124.72085571432726 7.340416082882258 0.7999999999999999
vertex 128.05702949907572 10.436327681046583 0.7999999999999999
endloop
endfacet
facet normal 2.0902339999572993e-18 -2.5680603136607584e-18 -1.0
outer loop
vertex 125.59971696180101 6.21354495143494 0.7999999999999999
vertex 128.05702949907572 10.436327681046583 0.7999999999999999
vertex 129.10723861787403 9.468464412013349 0.7999999999999999
endloop
endfacet
facet normal 2.0902339999572993e-18 -2.5680603136607584e-18 -1.0
outer loop
vertex 129.10723861787403 9.468464412013349 0.7999999999999999
vertex 128.05702949907572 10.436327681046583 0.7999999999999999
vertex 130.8753227579721 14.01934011483058 0.7999999999999999
endloop
endfacet
facet normal 2.0902339999572993e-18 -2.5680603136607584e-18 -1.0
outer loop
vertex 129.10723861787403 9.468464412013349 0.7999999999999999
vertex 130.8753227579721 14.01934011483058 0.7999999999999999
vertex 132.06021421626352 13.222704057689253 0.7999999999999999
endloop
endfacet
facet normal 2.0902339999572993e-18 -2.5680603136607584e-18 -1.0
outer loop
vertex 132.06021421626352 13.222704057689253 0.7999999999999999
vertex 130.8753227579721 14.01934011483058 0.7999999999999999
vertex 133.23514473938863 18.166540441361974 0.7999999999999999
endloop
endfacet
facet normal 2.0902339999572993e-18 -2.5680603136607584e-18 -1.0
outer loop
vertex 132.06021421626352 13.222704057689253 0.7999999999999999
vertex 133.23514473938863 18.166540441361974 0.7999999999999999
vertex 134.5247150177821 17.553869124072946 0.7999999999999999
endloop
endfacet
facet normal 2.0902339999572993e-18 -2.5680603136607584e-18 -1.0
outer loop
vertex 134.5247150177821 17.553869124072946 0.7999999999999999
vertex 133.23514473938863 18.166540441361974 0.7999999999999999
vertex 134.9913544100136 22.698077932197993 0.7999999999999999
endloop
endfacet
facet normal 2.0902339999572993e-18 -2.5680603136607584e-18 -1.0
outer loop
vertex 134.5247150177821 17.553869124072946 0.7999999999999999
vertex 134.9913544100136 22.698077932197993 0.7999999999999999
vertex 136.3567782299842 22.281131062404363 0.7999999999999999
endloop
endfacet
facet normal 2.0902339999572993e-18 -2.5680603136607584e-18 -1.0
outer loop
vertex 136.3567782299842 22.281131062404363 0.7999999999999999
vertex 134.9913544100136 22.698077932197993 0.7999999999999999
vertex 136.0662722339636 27.438055197962576 0.7999999999999999
endloop
endfacet
facet normal 2.0902339999572993e-18 -2.5680603136607584e-18 -1.0
outer loop
vertex 136.3567782299842 22.281131062404363 0.7999999999999999
vertex 136.0662722339636 27.438055197962576 0.7999999999999999
vertex 136.43100000000024 32.2833615583358 0.7999999999999999
endloop
endfacet
facet normal 2.0902339999572993e-18 -2.5680603136607584e-18 -1.0
outer loop
vertex 136.3567782299842 22.281131062404363 0.7999999999999999
vertex 136.43100000000024 32.2833615583358 0.7999999999999999
vertex 137.4781637272351 27.22601302891239 0.7999999999999999
endloop
endfacet
facet normal 2.0902339999572993e-18 -2.5680603136607584e-18 -1.0
outer loop
vertex 137.4781637272351 27.22601302891239 0.7999999999999999
vertex 136.43100000000024 32.2833615583358 0.7999999999999999
vertex 136.72171816492292 39.522812149537245 0.7999999999999999
endloop
endfacet
facet normal 2.0902339999572993e-18 -2.5680603136607584e-18 -1.0
outer loop
vertex 137.4781637272351 27.22601302891239 0.7999999999999999
vertex 136.72171816492292 39.522812149537245 0.7999999999999999
vertex 137.58788563111892 35.96512182757571 0.7999999999999999
endloop
endfacet
facet normal 2.0902339999572993e-18 -2.5680603136607584e-18 -1.0
outer loop
vertex 137.4781637272351 27.22601302891239 0.7999999999999999
vertex 137.58788563111892 35.96512182757571 0.7999999999999999
vertex 137.85876056811588 32.28213561013729 0.7999999999999999
endloop
endfacet
facet normal -6.671022913249585e-17 -2.5709461800325247e-17 -1.0
outer loop
vertex 131.96933131161765 46.77386155833573 0.7999999999999999
vertex 130.51493608620015 46.18003744422518 0.8000000000000003
vertex 130.51493608620015 46.77386155833573 0.8000000000000003
endloop
endfacet
facet normal -6.671022913249585e-17 -2.5709461800325247e-17 -1.0
outer loop
vertex 130.51493608620015 46.18003744422518 0.8000000000000003
vertex 131.96933131161765 46.77386155833573 0.7999999999999999
vertex 131.96616867462373 44.83641685400275 0.7999999999999999
endloop
endfacet
facet normal -6.671022913249585e-17 -2.5709461800325247e-17 -1.0
outer loop
vertex 131.96616867462373 44.83641685400275 0.7999999999999999
vertex 131.96933131161765 46.77386155833573 0.7999999999999999
vertex 133.41284618475063 42.87576365880015 0.7999999999999999
endloop
endfacet
facet normal -6.671022913249585e-17 -2.5709461800325247e-17 -1.0
outer loop
vertex 133.41284618475063 42.87576365880015 0.7999999999999999
vertex 131.96933131161765 46.77386155833573 0.7999999999999999
vertex 133.0320883676469 45.789910209478734 0.7999999999999999
endloop
endfacet
facet normal -6.671022913249585e-17 -2.5709461800325247e-17 -1.0
outer loop
vertex 133.41284618475063 42.87576365880015 0.7999999999999999
vertex 133.0320883676469 45.789910209478734 0.7999999999999999
vertex 135.1823055944344 42.87576365880015 0.7999999999999999
endloop
endfacet
facet normal -5.185946177906374e-16 1.5940927942994504e-17 1.0
outer loop
vertex 131.96616867462373 44.83641685400275 3.8400000000000336
vertex 130.51493608620015 46.77386155833573 3.8400000000000336
vertex 130.51493608620015 46.18003744422517 3.8400000000000336
endloop
endfacet
facet normal -5.185946177906374e-16 1.5940927942994504e-17 1.0
outer loop
vertex 130.51493608620015 46.77386155833573 3.8400000000000336
vertex 131.96616867462373 44.83641685400275 3.8400000000000336
vertex 131.96933131161765 46.77386155833573 3.8400000000000336
endloop
endfacet
facet normal -5.185946177906374e-16 1.5940927942994504e-17 1.0
outer loop
vertex 131.96933131161765 46.77386155833573 3.8400000000000336
vertex 131.96616867462373 44.83641685400275 3.8400000000000336
vertex 133.41284618475063 42.87576365880015 3.8400000000000336
endloop
endfacet
facet normal -5.185946177906374e-16 1.5940927942994504e-17 1.0
outer loop
vertex 131.96933131161765 46.77386155833573 3.8400000000000336
vertex 133.41284618475063 42.87576365880015 3.8400000000000336
vertex 140.34000000000023 46.77386155833573 3.8400000000000376
endloop
endfacet
facet normal -5.185946177906374e-16 1.5940927942994504e-17 1.0
outer loop
vertex 140.34000000000023 46.77386155833573 3.8400000000000376
vertex 133.41284618475063 42.87576365880015 3.8400000000000336
vertex 135.1823055944344 42.87576365880015 3.8400000000000336
endloop
endfacet
facet normal -5.185946177906374e-16 1.5940927942994504e-17 1.0
outer loop
vertex 140.34000000000023 46.77386155833573 3.8400000000000376
vertex 135.1823055944344 42.87576365880015 3.8400000000000336
vertex 140.33924041094332 42.86923506814856 3.8400000000000376
endloop
endfacet
facet normal -5.185946177906374e-16 1.5940927942994504e-17 1.0
outer loop
vertex 140.34000000000023 46.77386155833573 3.8400000000000376
vertex 140.33924041094332 42.86923506814856 3.8400000000000376
vertex 140.47287772923227 42.88413330629585 3.8400000000000376
endloop
endfacet
facet normal -5.185946177906374e-16 1.5940927942994504e-17 1.0
outer loop
vertex 140.34000000000023 46.77386155833573 3.8400000000000376
vertex 140.47287772923227 42.88413330629585 3.8400000000000376
vertex 140.49529142706163 46.75341705410917 3.8400000000000376
endloop
endfacet
facet normal -5.185946177906374e-16 1.5940927942994504e-17 1.0
outer loop
vertex 140.49529142706163 46.75341705410917 3.8400000000000376
vertex 140.47287772923227 42.88413330629585 3.8400000000000376
vertex 140.59984130404627 42.928418078053795 3.8400000000000376
endloop
endfacet
facet normal -5.185946177906374e-16 1.5940927942994504e-17 1.0
outer loop
vertex 140.49529142706163 46.75341705410917 3.8400000000000376
vertex 140.59984130404627 42.928418078053795 3.8400000000000376
vertex 140.64000000000016 46.693476800606426 3.8400000000000376
endloop
endfacet
facet normal -5.185946177906374e-16 1.5940927942994504e-17 1.0
outer loop
vertex 140.64000000000016 46.693476800606426 3.8400000000000376
vertex 140.59984130404627 42.928418078053795 3.8400000000000376
vertex 140.71375442851576 42.99986519425056 3.8400000000000376
endloop
endfacet
facet normal -5.185946177906374e-16 1.5940927942994504e-17 1.0
outer loop
vertex 140.64000000000016 46.693476800606426 3.8400000000000376
vertex 140.71375442851576 42.99986519425056 3.8400000000000376
vertex 140.764264068712 46.5981256270477 3.8400000000000376
endloop
endfacet
facet normal -5.185946177906374e-16 1.5940927942994504e-17 1.0
outer loop
vertex 140.764264068712 46.5981256270477 3.8400000000000376
vertex 140.71375442851576 42.99986519425056 3.8400000000000376
vertex 140.80889585066365 43.09488624523892 3.8400000000000394
endloop
endfacet
facet normal -5.185946177906374e-16 1.5940927942994504e-17 1.0
outer loop
vertex 140.764264068712 46.5981256270477 3.8400000000000376
vertex 140.80889585066365 43.09488624523892 3.8400000000000394
vertex 140.8596152422708 46.473861558335756 3.8400000000000376
endloop
endfacet
facet normal -5.185946177906374e-16 1.5940927942994504e-17 1.0
outer loop
vertex 140.8596152422708 46.473861558335756 3.8400000000000376
vertex 140.80889585066365 43.09488624523892 3.8400000000000394
vertex 140.880487121544 43.208708827677626 3.8400000000000394
endloop
endfacet
facet normal -5.185946177906374e-16 1.5940927942994504e-17 1.0
outer loop
vertex 140.8596152422708 46.473861558335756 3.8400000000000376
vertex 140.880487121544 43.208708827677626 3.8400000000000394
vertex 140.91955549577344 46.32915298539725 3.8400000000000376
endloop
endfacet
facet normal -5.185946177906374e-16 1.5940927942994504e-17 1.0
outer loop
vertex 140.91955549577344 46.32915298539725 3.8400000000000376
vertex 140.880487121544 43.208708827677626 3.8400000000000394
vertex 140.92493259138408 43.33561623703559 3.8400000000000394
endloop
endfacet
facet normal -5.185946177906374e-16 1.5940927942994504e-17 1.0
outer loop
vertex 140.91955549577344 46.32915298539725 3.8400000000000376
vertex 140.92493259138408 43.33561623703559 3.8400000000000394
vertex 140.94000000000014 46.17386155833573 3.8400000000000376
endloop
endfacet
facet normal -5.185946177906374e-16 1.5940927942994504e-17 1.0
outer loop
vertex 140.94000000000014 46.17386155833573 3.8400000000000376
vertex 140.92493259138408 43.33561623703559 3.8400000000000394
vertex 140.94000000000014 43.469234587335436 3.8400000000000394
endloop
endfacet
facet normal -0.7453192318065075 -0.6667077640911029 -4.254571910878799e-16
outer loop
vertex 131.96616867462373 44.83641685400275 2.43
vertex 130.51493608620015 46.18003744422518 0.8000000000000003
vertex 131.96616867462373 44.83641685400275 0.7999999999999999
endloop
endfacet
facet normal -0.6793771900095071 -0.7337892297484244 -8.47149819560656e-16
outer loop
vertex 130.51493608620015 46.18003744422518 0.8000000000000003
vertex 131.96616867462373 44.83641685400275 2.43
vertex 129.8735519689425 46.77386155833573 0.8000000000000003
endloop
endfacet
facet normal -0.6793771900095071 -0.7337892297484244 -8.47149819560656e-16
outer loop
vertex 129.8735519689425 46.77386155833573 0.8000000000000003
vertex 131.96616867462373 44.83641685400275 2.43
vertex 129.8735519689425 46.77386155833573 2.43
endloop
endfacet
facet normal -0.6793771900095071 -0.7337892297484244 -8.47149819560656e-16
outer loop
vertex 129.8735519689425 46.77386155833573 2.43
vertex 131.96616867462373 44.83641685400275 2.43
vertex 130.51493608620015 46.18003744422517 2.43
endloop
endfacet
facet normal 0.0 -1.0 0.0
outer loop
vertex 135.1823055944344 42.87576365880015 2.43
vertex 133.41284618475063 42.87576365880015 0.7999999999999999
vertex 135.1823055944344 42.87576365880015 0.7999999999999999
endloop
endfacet
facet normal 0.0 -1.0 0.0
outer loop
vertex 133.41284618475063 42.87576365880015 0.7999999999999999
vertex 135.1823055944344 42.87576365880015 2.43
vertex 133.41284618475063 42.87576365880015 2.43
endloop
endfacet
facet normal -1.0 0.0 0.0
outer loop
vertex 130.51493608620015 46.77386155833573 3.8400000000000336
vertex 130.51493608620015 46.18003744422517 2.43
vertex 130.51493608620015 46.18003744422517 3.8400000000000336
endloop
endfacet
facet normal -1.0 0.0 0.0
outer loop
vertex 130.51493608620015 46.18003744422517 2.43
vertex 130.51493608620015 46.77386155833573 3.8400000000000336
vertex 130.51493608620015 46.77386155833573 2.43
endloop
endfacet
facet normal 1.9554251842712807e-16 9.058686924006998e-17 -1.0
outer loop
vertex 140.34000000000023 46.77386155833573 -1.9099999999999928
vertex 130.51493608620015 46.18003744422518 -1.9099999999999946
vertex 130.51493608620015 46.77386155833573 -1.9099999999999946
endloop
endfacet
facet normal 1.9554251842712807e-16 9.058686924006998e-17 -1.0
outer loop
vertex 130.51493608620015 46.18003744422518 -1.9099999999999946
vertex 140.34000000000023 46.77386155833573 -1.9099999999999928
vertex 131.96616867462373 44.83641685400275 -1.9099999999999946
endloop
endfacet
facet normal 1.9554251842712807e-16 9.058686924006998e-17 -1.0
outer loop
vertex 131.96616867462373 44.83641685400275 -1.9099999999999946
vertex 140.34000000000023 46.77386155833573 -1.9099999999999928
vertex 133.41284618475063 42.87576365880015 -1.909999999999995
endloop
endfacet
facet normal 1.9554251842712807e-16 9.058686924006998e-17 -1.0
outer loop
vertex 133.41284618475063 42.87576365880015 -1.909999999999995
vertex 140.34000000000023 46.77386155833573 -1.9099999999999928
vertex 135.1823055944344 42.87576365880015 -1.9099999999999944
endloop
endfacet
facet normal 1.9554251842712807e-16 9.058686924006998e-17 -1.0
outer loop
vertex 135.1823055944344 42.87576365880015 -1.9099999999999944
vertex 140.34000000000023 46.77386155833573 -1.9099999999999928
vertex 140.33924041094332 42.86923506814856 -1.9099999999999944
endloop
endfacet
facet normal 1.9554251842712807e-16 9.058686924006998e-17 -1.0
outer loop
vertex 140.33924041094332 42.86923506814856 -1.9099999999999944
vertex 140.34000000000023 46.77386155833573 -1.9099999999999928
vertex 140.47287772923227 42.88413330629585 -1.9099999999999928
endloop
endfacet
facet normal 1.9554251842712807e-16 9.058686924006998e-17 -1.0
outer loop
vertex 140.47287772923227 42.88413330629585 -1.9099999999999928
vertex 140.34000000000023 46.77386155833573 -1.9099999999999928
vertex 140.49529142706163 46.75341705410917 -1.9099999999999928
endloop
endfacet
facet normal 1.9554251842712807e-16 9.058686924006998e-17 -1.0
outer loop
vertex 140.47287772923227 42.88413330629585 -1.9099999999999928
vertex 140.49529142706163 46.75341705410917 -1.9099999999999928
vertex 140.59984130404627 42.928418078053795 -1.9099999999999928
endloop
endfacet
facet normal 1.9554251842712807e-16 9.058686924006998e-17 -1.0
outer loop
vertex 140.59984130404627 42.928418078053795 -1.9099999999999928
vertex 140.49529142706163 46.75341705410917 -1.9099999999999928
vertex 140.64000000000016 46.693476800606426 -1.9099999999999928
endloop
endfacet
facet normal 1.9554251842712807e-16 9.058686924006998e-17 -1.0
outer loop
vertex 140.59984130404627 42.928418078053795 -1.9099999999999928
vertex 140.64000000000016 46.693476800606426 -1.9099999999999928
vertex 140.71375442851576 42.99986519425056 -1.9099999999999928
endloop
endfacet
facet normal 1.9554251842712807e-16 9.058686924006998e-17 -1.0
outer loop
vertex 140.71375442851576 42.99986519425056 -1.9099999999999928
vertex 140.64000000000016 46.693476800606426 -1.9099999999999928
vertex 140.764264068712 46.5981256270477 -1.9099999999999928
endloop
endfacet
facet normal 1.9554251842712807e-16 9.058686924006998e-17 -1.0
outer loop
vertex 140.71375442851576 42.99986519425056 -1.9099999999999928
vertex 140.764264068712 46.5981256270477 -1.9099999999999928
vertex 140.80889585066365 43.09488624523892 -1.9099999999999928
endloop
endfacet
facet normal 1.9554251842712807e-16 9.058686924006998e-17 -1.0
outer loop
vertex 140.80889585066365 43.09488624523892 -1.9099999999999928
vertex 140.764264068712 46.5981256270477 -1.9099999999999928
vertex 140.8596152422708 46.473861558335756 -1.9099999999999928
endloop
endfacet
facet normal 1.9554251842712807e-16 9.058686924006998e-17 -1.0
outer loop
vertex 140.80889585066365 43.09488624523892 -1.9099999999999928
vertex 140.8596152422708 46.473861558335756 -1.9099999999999928
vertex 140.880487121544 43.208708827677626 -1.9099999999999928
endloop
endfacet
facet normal 1.9554251842712807e-16 9.058686924006998e-17 -1.0
outer loop
vertex 140.880487121544 43.208708827677626 -1.9099999999999928
vertex 140.8596152422708 46.473861558335756 -1.9099999999999928
vertex 140.91955549577344 46.32915298539725 -1.9099999999999928
endloop
endfacet
facet normal 1.9554251842712807e-16 9.058686924006998e-17 -1.0
outer loop
vertex 140.880487121544 43.208708827677626 -1.9099999999999928
vertex 140.91955549577344 46.32915298539725 -1.9099999999999928
vertex 140.92493259138408 43.33561623703559 -1.9099999999999928
endloop
endfacet
facet normal 1.9554251842712807e-16 9.058686924006998e-17 -1.0
outer loop
vertex 140.92493259138408 43.33561623703559 -1.9099999999999928
vertex 140.91955549577344 46.32915298539725 -1.9099999999999928
vertex 140.94000000000014 46.17386155833573 -1.9099999999999928
endloop
endfacet
facet normal 1.9554251842712807e-16 9.058686924006998e-17 -1.0
outer loop
vertex 140.92493259138408 43.33561623703559 -1.9099999999999928
vertex 140.94000000000014 46.17386155833573 -1.9099999999999928
vertex 140.94000000000014 43.469234587335436 -1.9099999999999928
endloop
endfacet
facet normal -0.7453192318065069 -0.6667077640911035 0.0
outer loop
vertex 131.96616867462373 44.83641685400275 3.8400000000000336
vertex 130.51493608620015 46.18003744422517 2.43
vertex 131.96616867462373 44.83641685400275 2.43
endloop
endfacet
facet normal -0.6793771900095057 -0.7337892297484258 0.0
outer loop
vertex 130.51493608620015 46.18003744422517 2.43
vertex 131.96616867462373 44.83641685400275 3.8400000000000336
vertex 130.51493608620015 46.18003744422517 3.8400000000000336
endloop
endfacet
facet normal -0.7453192318065076 -0.6667077640911028 7.844620713015482e-18
outer loop
vertex 131.96616867462373 44.83641685400275 0.7999999999999999
vertex 130.51493608620015 46.18003744422518 -1.9099999999999946
vertex 131.96616867462373 44.83641685400275 -1.9099999999999946
endloop
endfacet
facet normal -0.6793771900095072 -0.7337892297484244 1.0364876384334564e-18
outer loop
vertex 130.51493608620015 46.18003744422518 -1.9099999999999946
vertex 131.96616867462373 44.83641685400275 0.7999999999999999
vertex 130.51493608620015 46.18003744422518 0.8000000000000003
endloop
endfacet
facet normal -0.7453192318065075 -0.6667077640911029 -4.254571910878799e-16
outer loop
vertex 131.96616867462373 44.83641685400275 2.43
vertex 133.41284618475063 42.87576365880015 0.7999999999999999
vertex 133.41284618475063 42.87576365880015 2.43
endloop
endfacet
facet normal -0.8046664833986409 -0.5937270841850361 0.0
outer loop
vertex 133.41284618475063 42.87576365880015 0.7999999999999999
vertex 131.96616867462373 44.83641685400275 2.43
vertex 131.96616867462373 44.83641685400275 0.7999999999999999
endloop
endfacet
facet normal -0.0006329910072642318 -0.9999997996611723 -8.925156627250573e-21
outer loop
vertex 135.1823055944344 42.87576365880015 -1.9099999999999944
vertex 133.41284618475063 42.87576365880015 0.7999999999999999
vertex 133.41284618475063 42.87576365880015 -1.909999999999995
endloop
endfacet
facet normal 0.0 -1.0 0.0
outer loop
vertex 133.41284618475063 42.87576365880015 0.7999999999999999
vertex 135.1823055944344 42.87576365880015 -1.9099999999999944
vertex 135.1823055944344 42.87576365880015 0.7999999999999999
endloop
endfacet
facet normal -0.7453192318065076 -0.6667077640911028 7.844620713015482e-18
outer loop
vertex 131.96616867462373 44.83641685400275 0.7999999999999999
vertex 133.41284618475063 42.87576365880015 -1.909999999999995
vertex 133.41284618475063 42.87576365880015 0.7999999999999999
endloop
endfacet
facet normal -0.8046664833986409 -0.5937270841850361 1.458334241911088e-17
outer loop
vertex 133.41284618475063 42.87576365880015 -1.909999999999995
vertex 131.96616867462373 44.83641685400275 0.7999999999999999
vertex 131.96616867462373 44.83641685400275 -1.9099999999999946
endloop
endfacet
facet normal 0.990427215162316 -0.13803597888166488 0.0
outer loop
vertex 84.2684445701967 35.599389207594214 2.43
vertex 84.221605863291 35.240460589435294 3.84
vertex 84.221605863291 35.240460589435294 2.43
endloop
endfacet
facet normal 0.9930260136188116 -0.11789544637657522 0.0
outer loop
vertex 84.221605863291 35.240460589435294 3.84
vertex 84.2684445701967 35.599389207594214 2.43
vertex 84.2684445701967 35.599389207594214 3.84
endloop
endfacet
facet normal 0.9974873853327736 0.07084430888919029 9.974632725055298e-31
outer loop
vertex 84.32652552495425 25.8832920107195 2.43
vertex 84.35849313251997 25.433224406117077 3.84
vertex 84.35849313251997 25.433224406117077 2.43
endloop
endfacet
facet normal 0.9974869838537096 0.07084996148502515 1.994926544979028e-30
outer loop
vertex 84.35849313251997 25.433224406117077 3.84
vertex 84.32652552495425 25.8832920107195 2.43
vertex 84.32652552495425 25.8832920107195 3.84
endloop
endfacet
facet normal 0.9361419841331882 0.3516222199224303 -8.245530131726484e-20
outer loop
vertex 84.1951333854165 27.937088485323397 2.43
vertex 84.21805233048097 27.411335779864107 3.84
vertex 84.21805233048097 27.411335779864107 2.43
endloop
endfacet
facet normal 0.998364339728381 0.05717206624492418 0.0
outer loop
vertex 84.21805233048097 27.411335779864107 3.84
vertex 84.1951333854165 27.937088485323397 2.43
vertex 84.1951333854165 27.937088485323397 3.84
endloop
endfacet
facet normal 0.9976950273937837 -0.06785744110793797 0.0
outer loop
vertex 84.1632379479609 34.62033156265946 2.43
vertex 84.1471551776639 34.3319454884331 3.84
vertex 84.1471551776639 34.3319454884331 2.43
endloop
endfacet
facet normal 0.9988812156992591 -0.04728971265688259 0.0
outer loop
vertex 84.1471551776639 34.3319454884331 3.84
vertex 84.1632379479609 34.62033156265946 2.43
vertex 84.1632379479609 34.62033156265946 3.84
endloop
endfacet
facet normal 0.9999803045449415 -0.006276186916150822 0.0
outer loop
vertex 84.12514570770021 33.05044679597444 2.43
vertex 84.12448670776286 32.75935613572777 3.84
vertex 84.12448670776286 32.75935613572777 2.43
endloop
endfacet
facet normal 0.9862269292637134 -0.16539783552110524 3.1574656909994167e-19
outer loop
vertex 84.12448670776286 32.75935613572777 3.84
vertex 84.12514570770021 33.05044679597444 2.43
vertex 84.12514570770021 33.05044679597444 3.84
endloop
endfacet
facet normal 0.9956466712355546 -0.09320786478382481 0.0
outer loop
vertex 84.1872160590339 34.91901044643426 2.43
vertex 84.1632379479609 34.62033156265946 3.84
vertex 84.1632379479609 34.62033156265946 2.43
endloop
endfacet
facet normal 0.9976950273937837 -0.06785744110793797 0.0
outer loop
vertex 84.1632379479609 34.62033156265946 3.84
vertex 84.1872160590339 34.91901044643426 2.43
vertex 84.1872160590339 34.91901044643426 3.84
endloop
endfacet
facet normal 0.998364339728381 0.05717206624492418 0.0
outer loop
vertex 84.21805233048097 27.411335779864107 2.43
vertex 84.27295501281985 26.63762494676549 3.84
vertex 84.27295501281985 26.63762494676549 2.43
endloop
endfacet
facet normal 0.9974897901343873 0.0708104411626998 0.0
outer loop
vertex 84.27295501281985 26.63762494676549 3.84
vertex 84.21805233048097 27.411335779864107 2.43
vertex 84.21805233048097 27.411335779864107 3.84
endloop
endfacet
facet normal 0.9988812156992591 -0.04728971265688259 0.0
outer loop
vertex 84.1471551776639 34.3319454884331 2.43
vertex 84.1351602853184 34.02378256408513 3.84
vertex 84.1351602853184 34.02378256408513 2.43
endloop
endfacet
facet normal 0.9996975239613096 -0.02459391358907753 0.0
outer loop
vertex 84.1351602853184 34.02378256408513 3.84
vertex 84.1471551776639 34.3319454884331 2.43
vertex 84.1471551776639 34.3319454884331 3.84
endloop
endfacet
facet normal 0.9930260136188116 -0.11789544637657522 0.0
outer loop
vertex 84.221605863291 35.240460589435294 2.43
vertex 84.1872160590339 34.91901044643426 3.84
vertex 84.1872160590339 34.91901044643426 2.43
endloop
endfacet
facet normal 0.9956466712355546 -0.09320786478382481 0.0
outer loop
vertex 84.1872160590339 34.91901044643426 3.84
vertex 84.221605863291 35.240460589435294 2.43
vertex 84.221605863291 35.240460589435294 3.84
endloop
endfacet
facet normal 0.9851143500582585 -0.1719003121268116 0.0
outer loop
vertex 84.4112011744914 36.520947281808745 2.43
vertex 84.32998025275526 36.01442495654883 3.84
vertex 84.32998025275526 36.01442495654883 2.43
endloop
endfacet
facet normal 0.9883038096801504 -0.15249780251433465 0.0
outer loop
vertex 84.32998025275526 36.01442495654883 3.84
vertex 84.4112011744914 36.520947281808745 2.43
vertex 84.4112011744914 36.520947281808745 3.84
endloop
endfacet
facet normal 0.9883038096801504 -0.15249780251433465 0.0
outer loop
vertex 84.32998025275526 36.01442495654883 2.43
vertex 84.2684445701967 35.599389207594214 3.84
vertex 84.2684445701967 35.599389207594214 2.43
endloop
endfacet
facet normal 0.990427215162316 -0.13803597888166488 0.0
outer loop
vertex 84.2684445701967 35.599389207594214 3.84
vertex 84.32998025275526 36.01442495654883 2.43
vertex 84.32998025275526 36.01442495654883 3.84
endloop
endfacet
facet normal 0.9826554962117693 -0.1854404911684647 0.0
outer loop
vertex 84.70200512908912 38.061927369301955 2.43
vertex 84.4112011744914 36.520947281808745 3.84
vertex 84.4112011744914 36.520947281808745 2.43
endloop
endfacet
facet normal 0.9851143500582585 -0.1719003121268116 0.0
outer loop
vertex 84.4112011744914 36.520947281808745 3.84
vertex 84.70200512908912 38.061927369301955 2.43
vertex 84.70200512908912 38.061927369301955 3.84
endloop
endfacet
facet normal 0.9996975239613096 -0.02459391358907753 0.0
outer loop
vertex 84.1351602853184 34.02378256408513 2.43
vertex 84.12514570770021 33.05044679597444 3.84
vertex 84.12514570770021 33.05044679597444 2.43
endloop
endfacet
facet normal 0.9999803045449415 -0.006276186916150822 0.0
outer loop
vertex 84.12514570770021 33.05044679597444 3.84
vertex 84.1351602853184 34.02378256408513 2.43
vertex 84.1351602853184 34.02378256408513 3.84
endloop
endfacet
facet normal 0.9974897901343873 0.0708104411626998 0.0
outer loop
vertex 84.27295501281985 26.63762494676549 2.43
vertex 84.32652552495425 25.8832920107195 3.84
vertex 84.32652552495425 25.8832920107195 2.43
endloop
endfacet
facet normal 0.9974873853327736 0.07084430888919029 9.974632725055298e-31
outer loop
vertex 84.32652552495425 25.8832920107195 3.84
vertex 84.27295501281985 26.63762494676549 2.43
vertex 84.27295501281985 26.63762494676549 3.84
endloop
endfacet
facet normal -0.0006329910072642321 -0.9999997996611723 -8.925156627250577e-21
outer loop
vertex 135.1823055944344 42.87576365880015 3.8400000000000336
vertex 133.41284618475063 42.87576365880015 2.43
vertex 135.1823055944344 42.87576365880015 2.43
endloop
endfacet
facet normal 0.0 -1.0 0.0
outer loop
vertex 133.41284618475063 42.87576365880015 2.43
vertex 135.1823055944344 42.87576365880015 3.8400000000000336
vertex 133.41284618475063 42.87576365880015 3.8400000000000336
endloop
endfacet
facet normal -0.7453192318065069 -0.6667077640911035 0.0
outer loop
vertex 131.96616867462373 44.83641685400275 3.8400000000000336
vertex 133.41284618475063 42.87576365880015 2.43
vertex 133.41284618475063 42.87576365880015 3.8400000000000336
endloop
endfacet
facet normal -0.8046664833986409 -0.593727084185036 0.0
outer loop
vertex 133.41284618475063 42.87576365880015 2.43
vertex 131.96616867462373 44.83641685400275 3.8400000000000336
vertex 131.96616867462373 44.83641685400275 2.43
endloop
endfacet
facet normal 0.0 1.0 0.0
outer loop
vertex 130.51493608620015 46.77386155833573 3.8400000000000336
vertex 131.96933131161765 46.77386155833573 2.43
vertex 130.51493608620015 46.77386155833573 2.43
endloop
endfacet
facet normal 0.0 1.0 0.0
outer loop
vertex 131.96933131161765 46.77386155833573 2.43
vertex 130.51493608620015 46.77386155833573 3.8400000000000336
vertex 131.96933131161765 46.77386155833573 3.8400000000000336
endloop
endfacet
facet normal -2.166609743560078e-18 3.2751842546197313e-18 1.0
outer loop
vertex 85.47353467659825 21.153366668206942 2.43
vertex 85.57176490100153 29.050702841904286 2.43
vertex 85.54474938552605 31.1843515901974 2.43
endloop
endfacet
facet normal -2.166609743560078e-18 3.2751842546197313e-18 1.0
outer loop
vertex 85.57176490100153 29.050702841904286 2.43
vertex 85.47353467659825 21.153366668206942 2.43
vertex 85.63968032755362 27.492746349923273 2.43
endloop
endfacet
facet normal -2.166609743560078e-18 3.2751842546197313e-18 1.0
outer loop
vertex 85.63968032755362 27.492746349923273 2.43
vertex 85.47353467659825 21.153366668206942 2.43
vertex 85.69320559533374 26.738446600587725 2.43
endloop
endfacet
facet normal -2.166609743560078e-18 3.2751842546197313e-18 1.0
outer loop
vertex 85.69320559533374 26.738446600587725 2.43
vertex 85.47353467659825 21.153366668206942 2.43
vertex 85.7467726829102 25.984161886189042 2.43
endloop
endfacet
facet normal -2.166609743560078e-18 3.2751842546197313e-18 1.0
outer loop
vertex 85.7467726829102 25.984161886189042 2.43
vertex 85.47353467659825 21.153366668206942 2.43
vertex 85.80034646391643 25.22990390057172 2.43
endloop
endfacet
facet normal -2.166609743560078e-18 3.2751842546197313e-18 1.0
outer loop
vertex 85.80034646391643 25.22990390057172 2.43
vertex 85.47353467659825 21.153366668206942 2.43
vertex 86.93054648731047 17.525514898903836 2.43
endloop
endfacet
facet normal -2.166609743560078e-18 3.2751842546197313e-18 1.0
outer loop
vertex 85.80034646391643 25.22990390057172 2.43
vertex 86.93054648731047 17.525514898903836 2.43
vertex 86.82301282449721 21.61371722542196 2.43
endloop
endfacet
facet normal -2.166609743560078e-18 3.2751842546197313e-18 1.0
outer loop
vertex 86.82301282449721 21.61371722542196 2.43
vertex 86.93054648731047 17.525514898903836 2.43
vertex 88.22356718183059 18.12644034413638 2.43
endloop
endfacet
facet normal -2.166609743560078e-18 3.2751842546197313e-18 1.0
outer loop
vertex 88.22356718183059 18.12644034413638 2.43
vertex 86.93054648731047 17.525514898903836 2.43
vertex 88.76423245044167 14.07272071662095 2.43
endloop
endfacet
facet normal -2.166609743560078e-18 3.2751842546197313e-18 1.0
outer loop
vertex 88.22356718183059 18.12644034413638 2.43
vertex 88.76423245044167 14.07272071662095 2.43
vertex 89.98620002170354 14.80743777914861 2.43
endloop
endfacet
facet normal -2.166609743560078e-18 3.2751842546197313e-18 1.0
outer loop
vertex 89.98620002170354 14.80743777914861 2.43
vertex 88.76423245044167 14.07272071662095 2.43
vertex 90.92660499122273 10.87432275796364 2.43
endloop
endfacet
facet normal -2.166609743560078e-18 3.2751842546197313e-18 1.0
outer loop
vertex 89.98620002170354 14.80743777914861 2.43
vertex 90.92660499122273 10.87432275796364 2.43
vertex 92.09101467335284 11.694174565606197 2.43
endloop
endfacet
facet normal -2.166609743560078e-18 3.2751842546197313e-18 1.0
outer loop
vertex 92.09101467335284 11.694174565606197 2.43
vertex 90.92660499122273 10.87432275796364 2.43
vertex 91.81543306325482 9.66150717078983 2.43
endloop
endfacet
facet normal -2.166609743560078e-18 3.2751842546197313e-18 1.0
outer loop
vertex 92.09101467335284 11.694174565606197 2.43
vertex 91.81543306325482 9.66150717078983 2.43
vertex 92.80792726997362 8.498120465885522 2.43
endloop
endfacet
facet normal -2.166609743560078e-18 3.2751842546197313e-18 1.0
outer loop
vertex 92.09101467335284 11.694174565606197 2.43
vertex 92.80792726997362 8.498120465885522 2.43
vertex 92.9327767951697 10.545580980237924 2.43
endloop
endfacet
facet normal -2.166609743560078e-18 3.2751842546197313e-18 1.0
outer loop
vertex 92.9327767951697 10.545580980237924 2.43
vertex 92.80792726997362 8.498120465885522 2.43
vertex 93.88355687903066 7.411136418331236 2.43
endloop
endfacet
facet normal -2.166609743560078e-18 3.2751842546197313e-18 1.0
outer loop
vertex 92.9327767951697 10.545580980237924 2.43
vertex 93.88355687903066 7.411136418331236 2.43
vertex 93.85699367781902 9.462227922412714 2.43
endloop
endfacet
facet normal -2.166609743560078e-18 3.2751842546197313e-18 1.0
outer loop
vertex 93.85699367781902 9.462227922412714 2.43
vertex 93.88355687903066 7.411136418331236 2.43
vertex 94.85862677294332 8.450021502345347 2.43
endloop
endfacet
facet normal -2.166609743560078e-18 3.2751842546197313e-18 1.0
outer loop
vertex 94.85862677294332 8.450021502345347 2.43
vertex 93.88355687903066 7.411136418331236 2.43
vertex 95.05036092714101 6.394365611817402 2.43
endloop
endfacet
facet normal -2.166609743560078e-18 3.2751842546197313e-18 1.0
outer loop
vertex 94.85862677294332 8.450021502345347 2.43
vertex 95.05036092714101 6.394365611817402 2.43
vertex 95.93221548262211 7.5144799604966614 2.43
endloop
endfacet
facet normal -2.166609743560078e-18 3.2751842546197313e-18 1.0
outer loop
vertex 95.93221548262211 7.5144799604966614 2.43
vertex 95.05036092714101 6.394365611817402 2.43
vertex 98.74047806236148 3.77614016375639 2.43
endloop
endfacet
facet normal -2.166609743560078e-18 3.2751842546197313e-18 1.0
outer loop
vertex 95.93221548262211 7.5144799604966614 2.43
vertex 98.74047806236148 3.77614016375639 2.43
vertex 99.4505049372268 5.018170318786383 2.43
endloop
endfacet
facet normal -2.166609743560078e-18 3.2751842546197313e-18 1.0
outer loop
vertex 99.4505049372268 5.018170318786383 2.43
vertex 98.74047806236148 3.77614016375639 2.43
vertex 102.62185378904998 2.0355493631176316 2.43
endloop
endfacet
facet normal -2.166609743560078e-18 3.2751842546197313e-18 1.0
outer loop
vertex 99.4505049372268 5.018170318786383 2.43
vertex 102.62185378904998 2.0355493631176316 2.43
vertex 103.08197441151846 3.389649195131543 2.43
endloop
endfacet
facet normal -2.166609743560078e-18 3.2751842546197313e-18 1.0
outer loop
vertex 103.08197441151846 3.389649195131543 2.43
vertex 102.62185378904998 2.0355493631176316 2.43
vertex 106.74633529924027 1.054356443343573 2.43
endloop
endfacet
facet normal -2.166609743560078e-18 3.2751842546197313e-18 1.0
outer loop
vertex 103.08197441151846 3.389649195131543 2.43
vertex 106.74633529924027 1.054356443343573 2.43
vertex 106.95721181521918 2.4677501652632228 2.43
endloop
endfacet
facet normal -2.166609743560078e-18 3.2751842546197313e-18 1.0
outer loop
vertex 106.95721181521918 2.4677501652632228 2.43
vertex 106.74633529924027 1.054356443343573 2.43
vertex 110.80040688410787 0.7999999999999985 2.43
endloop
endfacet
facet normal -2.166609743560078e-18 3.2751842546197313e-18 1.0
outer loop
vertex 106.95721181521918 2.4677501652632228 2.43
vertex 110.80040688410787 0.7999999999999985 2.43
vertex 110.79399901786078 2.227026358023905 2.43
endloop
endfacet
facet normal -2.166609743560078e-18 3.2751842546197313e-18 1.0
outer loop
vertex 110.79399901786078 2.227026358023905 2.43
vertex 110.80040688410787 0.7999999999999985 2.43
vertex 113.19517925716269 2.3993406410602285 2.43
endloop
endfacet
facet normal -2.166609743560078e-18 3.2751842546197313e-18 1.0
outer loop
vertex 113.19517925716269 2.3993406410602285 2.43
vertex 110.80040688410787 0.7999999999999985 2.43
vertex 113.37493884749328 0.9847544062555703 2.43
endloop
endfacet
facet normal -2.166609743560078e-18 3.2751842546197313e-18 1.0
outer loop
vertex 113.19517925716269 2.3993406410602285 2.43
vertex 113.37493884749328 0.9847544062555703 2.43
vertex 115.55250042320375 2.8311196607431013 2.43
endloop
endfacet
facet normal -2.166609743560078e-18 3.2751842546197313e-18 1.0
outer loop
vertex 115.55250042320375 2.8311196607431013 2.43
vertex 113.37493884749328 0.9847544062555703 2.43
vertex 115.88479915472533 1.4444732763905688 2.43
endloop
endfacet
facet normal -2.166609743560078e-18 3.2751842546197313e-18 1.0
outer loop
vertex 115.55250042320375 2.8311196607431013 2.43
vertex 115.88479915472533 1.4444732763905688 2.43
vertex 117.85384358763834 3.516005376792719 2.43
endloop
endfacet
facet normal -2.166609743560078e-18 3.2751842546197313e-18 1.0
outer loop
vertex 117.85384358763834 3.516005376792719 2.43
vertex 115.88479915472533 1.4444732763905688 2.43
vertex 118.34567228139579 2.1768355244525135 2.43
endloop
endfacet
facet normal -2.166609743560078e-18 3.2751842546197313e-18 1.0
outer loop
vertex 117.85384358763834 3.516005376792719 2.43
vertex 118.34567228139579 2.1768355244525135 2.43
vertex 120.9084508251342 4.860686904350076 2.43
endloop
endfacet
facet normal -2.166609743560078e-18 3.2751842546197313e-18 1.0
outer loop
vertex 120.9084508251342 4.860686904350076 2.43
vertex 118.34567228139579 2.1768355244525135 2.43
vertex 121.58789748430502 3.604109147396468 2.43
endloop
endfacet
facet normal -2.166609743560078e-18 3.2751842546197313e-18 1.0
outer loop
vertex 120.9084508251342 4.860686904350076 2.43
vertex 121.58789748430502 3.604109147396468 2.43
vertex 124.72085571432726 7.340416082882258 2.43
endloop
endfacet
facet normal -2.166609743560078e-18 3.2751842546197313e-18 1.0
outer loop
vertex 124.72085571432726 7.340416082882258 2.43
vertex 121.58789748430502 3.604109147396468 2.43
vertex 125.59971696180101 6.21354495143494 2.43
endloop
endfacet
facet normal -2.166609743560078e-18 3.2751842546197313e-18 1.0
outer loop
vertex 124.72085571432726 7.340416082882258 2.43
vertex 125.59971696180101 6.21354495143494 2.43
vertex 128.05702949907572 10.436327681046583 2.43
endloop
endfacet
facet normal -2.166609743560078e-18 3.2751842546197313e-18 1.0
outer loop
vertex 128.05702949907572 10.436327681046583 2.43
vertex 125.59971696180101 6.21354495143494 2.43
vertex 129.10723861787403 9.468464412013349 2.43
endloop
endfacet
facet normal -2.166609743560078e-18 3.2751842546197313e-18 1.0
outer loop
vertex 128.05702949907572 10.436327681046583 2.43
vertex 129.10723861787403 9.468464412013349 2.43
vertex 130.8753227579721 14.01934011483058 2.43
endloop
endfacet
facet normal -2.166609743560078e-18 3.2751842546197313e-18 1.0
outer loop
vertex 130.8753227579721 14.01934011483058 2.43
vertex 129.10723861787403 9.468464412013349 2.43
vertex 132.06021421626352 13.222704057689253 2.43
endloop
endfacet
facet normal -2.166609743560078e-18 3.2751842546197313e-18 1.0
outer loop
vertex 130.8753227579721 14.01934011483058 2.43
vertex 132.06021421626352 13.222704057689253 2.43
vertex 133.23514473938863 18.166540441361974 2.43
endloop
endfacet
facet normal -2.166609743560078e-18 3.2751842546197313e-18 1.0
outer loop
vertex 133.23514473938863 18.166540441361974 2.43
vertex 132.06021421626352 13.222704057689253 2.43
vertex 134.5247150177821 17.553869124072946 2.43
endloop
endfacet
facet normal -2.166609743560078e-18 3.2751842546197313e-18 1.0
outer loop
vertex 133.23514473938863 18.166540441361974 2.43
vertex 134.5247150177821 17.553869124072946 2.43
vertex 134.9913544100136 22.698077932197993 2.43
endloop
endfacet
facet normal -2.166609743560078e-18 3.2751842546197313e-18 1.0
outer loop
vertex 134.9913544100136 22.698077932197993 2.43
vertex 134.5247150177821 17.553869124072946 2.43
vertex 136.3567782299842 22.281131062404363 2.43
endloop
endfacet
facet normal -2.166609743560078e-18 3.2751842546197313e-18 1.0
outer loop
vertex 134.9913544100136 22.698077932197993 2.43
vertex 136.3567782299842 22.281131062404363 2.43
vertex 136.0662722339636 27.438055197962576 2.43
endloop
endfacet
facet normal -2.166609743560078e-18 3.2751842546197313e-18 1.0
outer loop
vertex 136.0662722339636 27.438055197962576 2.43
vertex 136.3567782299842 22.281131062404363 2.43
vertex 136.43100000000024 32.2833615583358 2.43
endloop
endfacet
facet normal -2.166609743560078e-18 3.2751842546197313e-18 1.0
outer loop
vertex 136.43100000000024 32.2833615583358 2.43
vertex 136.3567782299842 22.281131062404363 2.43
vertex 137.4781637272351 27.22601302891239 2.43
endloop
endfacet
facet normal -2.166609743560078e-18 3.2751842546197313e-18 1.0
outer loop
vertex 136.43100000000024 32.2833615583358 2.43
vertex 137.4781637272351 27.22601302891239 2.43
vertex 136.72171816492292 39.522812149537245 2.43
endloop
endfacet
facet normal -2.166609743560078e-18 3.2751842546197313e-18 1.0
outer loop
vertex 136.72171816492292 39.522812149537245 2.43
vertex 137.4781637272351 27.22601302891239 2.43
vertex 137.58788563111892 35.96512182757571 2.43
endloop
endfacet
facet normal -2.166609743560078e-18 3.2751842546197313e-18 1.0
outer loop
vertex 137.58788563111892 35.96512182757571 2.43
vertex 137.4781637272351 27.22601302891239 2.43
vertex 137.85876056811588 32.28213561013729 2.43
endloop
endfacet
facet normal -2.166609743560078e-18 3.2751842546197313e-18 1.0
outer loop
vertex 133.949532102221 42.14840393174099 2.43
vertex 135.1823055944344 42.87576365880015 2.43
vertex 133.41284618475063 42.87576365880015 2.43
endloop
endfacet
facet normal -2.166609743560078e-18 3.2751842546197313e-18 1.0
outer loop
vertex 135.1823055944344 42.87576365880015 2.43
vertex 133.949532102221 42.14840393174099 2.43
vertex 135.3706687586966 39.05306588621348 2.43
endloop
endfacet
facet normal -2.166609743560078e-18 3.2751842546197313e-18 1.0
outer loop
vertex 135.1823055944344 42.87576365880015 2.43
vertex 135.3706687586966 39.05306588621348 2.43
vertex 136.72171816492292 39.522812149537245 2.43
endloop
endfacet
facet normal -2.166609743560078e-18 3.2751842546197313e-18 1.0
outer loop
vertex 136.72171816492292 39.522812149537245 2.43
vertex 135.3706687586966 39.05306588621348 2.43
vertex 136.17655307691788 35.74298215361939 2.43
endloop
endfacet
facet normal -2.166609743560078e-18 3.2751842546197313e-18 1.0
outer loop
vertex 136.72171816492292 39.522812149537245 2.43
vertex 136.17655307691788 35.74298215361939 2.43
vertex 136.43100000000024 32.2833615583358 2.43
endloop
endfacet
facet normal -2.166609743560078e-18 3.2751842546197313e-18 1.0
outer loop
vertex 84.14833290726067 29.010675334027777 2.43
vertex 84.12448670776286 32.75935613572777 2.43
vertex 84.12090429876191 31.176949608687536 2.43
endloop
endfacet
facet normal -2.166609743560078e-18 3.2751842546197313e-18 1.0
outer loop
vertex 84.12448670776286 32.75935613572777 2.43
vertex 84.14833290726067 29.010675334027777 2.43
vertex 84.12514570770021 33.05044679597444 2.43
endloop
endfacet
facet normal -2.166609743560078e-18 3.2751842546197313e-18 1.0
outer loop
vertex 84.12514570770021 33.05044679597444 2.43
vertex 84.14833290726067 29.010675334027777 2.43
vertex 84.1351602853184 34.02378256408513 2.43
endloop
endfacet
facet normal -2.166609743560078e-18 3.2751842546197313e-18 1.0
outer loop
vertex 84.1351602853184 34.02378256408513 2.43
vertex 84.14833290726067 29.010675334027777 2.43
vertex 84.1471551776639 34.3319454884331 2.43
endloop
endfacet
facet normal -2.166609743560078e-18 3.2751842546197313e-18 1.0
outer loop
vertex 84.1471551776639 34.3319454884331 2.43
vertex 84.14833290726067 29.010675334027777 2.43
vertex 84.1632379479609 34.62033156265946 2.43
endloop
endfacet
facet normal -2.166609743560078e-18 3.2751842546197313e-18 1.0
outer loop
vertex 84.1632379479609 34.62033156265946 2.43
vertex 84.14833290726067 29.010675334027777 2.43
vertex 84.1951333854165 27.937088485323397 2.43
endloop
endfacet
facet normal -2.166609743560078e-18 3.2751842546197313e-18 1.0
outer loop
vertex 84.1632379479609 34.62033156265946 2.43
vertex 84.1951333854165 27.937088485323397 2.43
vertex 84.1872160590339 34.91901044643426 2.43
endloop
endfacet
facet normal -2.166609743560078e-18 3.2751842546197313e-18 1.0
outer loop
vertex 84.1872160590339 34.91901044643426 2.43
vertex 84.1951333854165 27.937088485323397 2.43
vertex 84.221605863291 35.240460589435294 2.43
endloop
endfacet
facet normal -2.166609743560078e-18 3.2751842546197313e-18 1.0
outer loop
vertex 84.221605863291 35.240460589435294 2.43
vertex 84.1951333854165 27.937088485323397 2.43
vertex 84.21805233048097 27.411335779864107 2.43
endloop
endfacet
facet normal -2.166609743560078e-18 3.2751842546197313e-18 1.0
outer loop
vertex 84.221605863291 35.240460589435294 2.43
vertex 84.21805233048097 27.411335779864107 2.43
vertex 84.27295501281985 26.63762494676549 2.43
endloop
endfacet
facet normal -2.166609743560078e-18 3.2751842546197313e-18 1.0
outer loop
vertex 84.221605863291 35.240460589435294 2.43
vertex 84.27295501281985 26.63762494676549 2.43
vertex 84.2684445701967 35.599389207594214 2.43
endloop
endfacet
facet normal -2.166609743560078e-18 3.2751842546197313e-18 1.0
outer loop
vertex 84.2684445701967 35.599389207594214 2.43
vertex 84.27295501281985 26.63762494676549 2.43
vertex 84.32998025275526 36.01442495654883 2.43
endloop
endfacet
facet normal -2.166609743560078e-18 3.2751842546197313e-18 1.0
outer loop
vertex 84.32998025275526 36.01442495654883 2.43
vertex 84.27295501281985 26.63762494676549 2.43
vertex 84.32652552495425 25.8832920107195 2.43
endloop
endfacet
facet normal -2.166609743560078e-18 3.2751842546197313e-18 1.0
outer loop
vertex 84.32998025275526 36.01442495654883 2.43
vertex 84.32652552495425 25.8832920107195 2.43
vertex 84.35849313251997 25.433224406117077 2.43
endloop
endfacet
facet normal -2.166609743560078e-18 3.2751842546197313e-18 1.0
outer loop
vertex 84.32998025275526 36.01442495654883 2.43
vertex 84.35849313251997 25.433224406117077 2.43
vertex 84.4112011744914 36.520947281808745 2.43
endloop
endfacet
facet normal -2.166609743560078e-18 3.2751842546197313e-18 1.0
outer loop
vertex 84.4112011744914 36.520947281808745 2.43
vertex 84.35849313251997 25.433224406117077 2.43
vertex 84.39046074008567 24.98315680151465 2.43
endloop
endfacet
facet normal -2.166609743560078e-18 3.2751842546197313e-18 1.0
outer loop
vertex 84.4112011744914 36.520947281808745 2.43
vertex 84.39046074008567 24.98315680151465 2.43
vertex 85.47353467659825 21.153366668206942 2.43
endloop
endfacet
facet normal -2.166609743560078e-18 3.2751842546197313e-18 1.0
outer loop
vertex 84.4112011744914 36.520947281808745 2.43
vertex 85.47353467659825 21.153366668206942 2.43
vertex 84.70200512908912 38.061927369301955 2.43
endloop
endfacet
facet normal -2.166609743560078e-18 3.2751842546197313e-18 1.0
outer loop
vertex 84.70200512908912 38.061927369301955 2.43
vertex 85.47353467659825 21.153366668206942 2.43
vertex 85.33207964027753 40.28908314933388 2.43
endloop
endfacet
facet normal -2.166609743560078e-18 3.2751842546197313e-18 1.0
outer loop
vertex 85.33207964027753 40.28908314933388 2.43
vertex 85.47353467659825 21.153366668206942 2.43
vertex 85.54895380632716 33.04151053421198 2.43
endloop
endfacet
facet normal -2.166609743560078e-18 3.2751842546197313e-18 1.0
outer loop
vertex 85.33207964027753 40.28908314933388 2.43
vertex 85.54895380632716 33.04151053421198 2.43
vertex 85.5587000000004 33.98876155833579 2.43
endloop
endfacet
facet normal -2.166609743560078e-18 3.2751842546197313e-18 1.0
outer loop
vertex 85.33207964027753 40.28908314933388 2.43
vertex 85.5587000000004 33.98876155833579 2.43
vertex 85.56943712088255 34.264610851085855 2.43
endloop
endfacet
facet normal -2.166609743560078e-18 3.2751842546197313e-18 1.0
outer loop
vertex 85.33207964027753 40.28908314933388 2.43
vertex 85.56943712088255 34.264610851085855 2.43
vertex 85.58388646022246 34.52370727356445 2.43
endloop
endfacet
facet normal -2.166609743560078e-18 3.2751842546197313e-18 1.0
outer loop
vertex 85.33207964027753 40.28908314933388 2.43
vertex 85.58388646022246 34.52370727356445 2.43
vertex 85.60496652359065 34.78628716475637 2.43
endloop
endfacet
facet normal -2.166609743560078e-18 3.2751842546197313e-18 1.0
outer loop
vertex 85.33207964027753 40.28908314933388 2.43
vertex 85.60496652359065 34.78628716475637 2.43
vertex 86.2332353306299 42.42156386554869 2.43
endloop
endfacet
facet normal -2.166609743560078e-18 3.2751842546197313e-18 1.0
outer loop
vertex 85.54895380632716 33.04151053421198 2.43
vertex 85.47353467659825 21.153366668206942 2.43
vertex 85.54474938552605 31.1843515901974 2.43
endloop
endfacet
facet normal -2.166609743560078e-18 3.2751842546197313e-18 1.0
outer loop
vertex 86.2332353306299 42.42156386554869 2.43
vertex 85.60496652359065 34.78628716475637 2.43
vertex 85.63559581655572 35.072586863646464 2.43
endloop
endfacet
facet normal -2.166609743560078e-18 3.2751842546197313e-18 1.0
outer loop
vertex 86.2332353306299 42.42156386554869 2.43
vertex 85.63559581655572 35.072586863646464 2.43
vertex 85.67869284468884 35.40284270921961 2.43
endloop
endfacet
facet normal -2.166609743560078e-18 3.2751842546197313e-18 1.0
outer loop
vertex 86.2332353306299 42.42156386554869 2.43
vertex 85.67869284468884 35.40284270921961 2.43
vertex 85.73717611355917 35.79729104046063 2.43
endloop
endfacet
facet normal -2.166609743560078e-18 3.2751842546197313e-18 1.0
outer loop
vertex 86.2332353306299 42.42156386554869 2.43
vertex 85.73717611355917 35.79729104046063 2.43
vertex 85.81396412873787 36.27616819635442 2.43
endloop
endfacet
facet normal -2.166609743560078e-18 3.2751842546197313e-18 1.0
outer loop
vertex 86.2332353306299 42.42156386554869 2.43
vertex 85.81396412873787 36.27616819635442 2.43
vertex 86.08935305554671 37.735463525112564 2.43
endloop
endfacet
facet normal -2.166609743560078e-18 3.2751842546197313e-18 1.0
outer loop
vertex 86.2332353306299 42.42156386554869 2.43
vertex 86.08935305554671 37.735463525112564 2.43
vertex 86.67804737402179 39.81635067541362 2.43
endloop
endfacet
facet normal -2.166609743560078e-18 3.2751842546197313e-18 1.0
outer loop
vertex 86.2332353306299 42.42156386554869 2.43
vertex 86.67804737402179 39.81635067541362 2.43
vertex 87.29356483310056 44.34610868900289 2.43
endloop
endfacet
facet normal -2.166609743560078e-18 3.2751842546197313e-18 1.0
outer loop
vertex 87.29356483310056 44.34610868900289 2.43
vertex 86.67804737402179 39.81635067541362 2.43
vertex 87.51598598771741 41.79923549122147 2.43
endloop
endfacet
facet normal -2.166609743560078e-18 3.2751842546197313e-18 1.0
outer loop
vertex 87.29356483310056 44.34610868900289 2.43
vertex 87.51598598771741 41.79923549122147 2.43
vertex 88.33136470081642 45.58512780728665 2.43
endloop
endfacet
facet normal -2.166609743560078e-18 3.2751842546197313e-18 1.0
outer loop
vertex 88.33136470081642 45.58512780728665 2.43
vertex 87.51598598771741 41.79923549122147 2.43
vertex 88.47389731004671 43.537886799536516 2.43
endloop
endfacet
facet normal -2.166609743560078e-18 3.2751842546197313e-18 1.0
outer loop
vertex 88.33136470081642 45.58512780728665 2.43
vertex 88.47389731004671 43.537886799536516 2.43
vertex 89.40375791552509 46.680714672139096 2.43
endloop
endfacet
facet normal -2.166609743560078e-18 3.2751842546197313e-18 1.0
outer loop
vertex 89.40375791552509 46.680714672139096 2.43
vertex 88.47389731004671 43.537886799536516 2.43
vertex 89.38746193517684 44.628582676011156 2.429999999999999
endloop
endfacet
facet normal -2.166609743560078e-18 3.2751842546197313e-18 1.0
outer loop
vertex 89.40375791552509 46.680714672139096 2.43
vertex 89.38746193517684 44.628582676011156 2.429999999999999
vertex 90.38267836698897 45.64532358356727 2.429999999999999
endloop
endfacet
facet normal -2.166609743560078e-18 3.2751842546197313e-18 1.0
outer loop
vertex 89.40375791552509 46.680714672139096 2.43
vertex 90.38267836698897 45.64532358356727 2.429999999999999
vertex 90.55770523310113 47.69004285149792 2.43
endloop
endfacet
facet normal -2.166609743560078e-18 3.2751842546197313e-18 1.0
outer loop
vertex 90.55770523310113 47.69004285149792 2.43
vertex 90.38267836698897 45.64532358356727 2.429999999999999
vertex 91.45357970816403 46.58201357322084 2.429999999999999
endloop
endfacet
facet normal -2.166609743560078e-18 3.2751842546197313e-18 1.0
outer loop
vertex 90.55770523310113 47.69004285149792 2.43
vertex 91.45357970816403 46.58201357322084 2.429999999999999
vertex 91.80760105407292 48.62296891429592 2.43
endloop
endfacet
facet normal -2.166609743560078e-18 3.2751842546197313e-18 1.0
outer loop
vertex 91.80760105407292 48.62296891429592 2.43
vertex 91.45357970816403 46.58201357322084 2.429999999999999
vertex 92.5937452866366 47.433036647475824 2.43
endloop
endfacet
facet normal -2.166609743560078e-18 3.2751842546197313e-18 1.0
outer loop
vertex 91.80760105407292 48.62296891429592 2.43
vertex 92.5937452866366 47.433036647475824 2.43
vertex 93.34612965081101 49.51714743465825 2.43
endloop
endfacet
facet normal -2.166609743560078e-18 3.2751842546197313e-18 1.0
outer loop
vertex 93.34612965081101 49.51714743465825 2.43
vertex 92.5937452866366 47.433036647475824 2.43
vertex 94.021179978077 48.26264842265638 2.43
endloop
endfacet
facet normal -2.166609743560078e-18 3.2751842546197313e-18 1.0
outer loop
vertex 93.34612965081101 49.51714743465825 2.43
vertex 94.021179978077 48.26264842265638 2.43
vertex 94.90860844658583 50.292936756362764 2.43
endloop
endfacet
facet normal -2.166609743560078e-18 3.2751842546197313e-18 1.0
outer loop
vertex 94.90860844658583 50.292936756362764 2.43
vertex 94.021179978077 48.26264842265638 2.43
vertex 95.49994336779912 48.996872048715375 2.43
endloop
endfacet
facet normal -2.166609743560078e-18 3.2751842546197313e-18 1.0
outer loop
vertex 94.90860844658583 50.292936756362764 2.43
vertex 95.49994336779912 48.996872048715375 2.43
vertex 96.51859593369241 50.9645983901316 2.43
endloop
endfacet
facet normal -2.166609743560078e-18 3.2751842546197313e-18 1.0
outer loop
vertex 96.51859593369241 50.9645983901316 2.43
vertex 95.49994336779912 48.996872048715375 2.43
vertex 97.0236700003026 49.63254700122299 2.43
endloop
endfacet
facet normal -2.166609743560078e-18 3.2751842546197313e-18 1.0
outer loop
vertex 96.51859593369241 50.9645983901316 2.43
vertex 97.0236700003026 49.63254700122299 2.43
vertex 98.17554449336376 51.53142457547092 2.43
endloop
endfacet
facet normal -2.166609743560078e-18 3.2751842546197313e-18 1.0
outer loop
vertex 98.17554449336376 51.53142457547092 2.43
vertex 97.0236700003026 49.63254700122299 2.43
vertex 98.58580087220531 50.16693696641118 2.43
endloop
endfacet
facet normal -2.166609743560078e-18 3.2751842546197313e-18 1.0
outer loop
vertex 98.17554449336376 51.53142457547092 2.43
vertex 98.58580087220531 50.16693696641118 2.43
vertex 99.83384729992441 51.962863111120086 2.43
endloop
endfacet
facet normal -2.166609743560078e-18 3.2751842546197313e-18 1.0
outer loop
vertex 99.83384729992441 51.962863111120086 2.43
vertex 98.58580087220531 50.16693696641118 2.43
vertex 100.16703375683636 50.57832431832698 2.43
endloop
endfacet
facet normal -2.166609743560078e-18 3.2751842546197313e-18 1.0
outer loop
vertex 99.83384729992441 51.962863111120086 2.43
vertex 100.16703375683636 50.57832431832698 2.43
vertex 101.48020027422058 52.32719947127863 2.43
endloop
endfacet
facet normal -2.166609743560078e-18 3.2751842546197313e-18 1.0
outer loop
vertex 101.48020027422058 52.32719947127863 2.43
vertex 100.16703375683636 50.57832431832698 2.43
vertex 101.76230949428425 50.931357334153645 2.43
endloop
endfacet
facet normal -2.166609743560078e-18 3.2751842546197313e-18 1.0
outer loop
vertex 101.48020027422058 52.32719947127863 2.43
vertex 101.76230949428425 50.931357334153645 2.43
vertex 103.13882403718455 52.63082146033413 2.43
endloop
endfacet
facet normal -2.166609743560078e-18 3.2751842546197313e-18 1.0
outer loop
vertex 103.13882403718455 52.63082146033413 2.43
vertex 101.76230949428425 50.931357334153645 2.43
vertex 103.36947532562301 51.22555961037151 2.43
endloop
endfacet
facet normal -2.166609743560078e-18 3.2751842546197313e-18 1.0
outer loop
vertex 103.13882403718455 52.63082146033413 2.43
vertex 103.36947532562301 51.22555961037151 2.43
vertex 104.83199032770307 52.876881272337755 2.43
endloop
endfacet
facet normal -2.166609743560078e-18 3.2751842546197313e-18 1.0
outer loop
vertex 104.83199032770307 52.876881272337755 2.43
vertex 103.36947532562301 51.22555961037151 2.43
vertex 104.98636244673335 51.46053413312178 2.43
endloop
endfacet
facet normal -2.166609743560078e-18 3.2751842546197313e-18 1.0
outer loop
vertex 104.83199032770307 52.876881272337755 2.43
vertex 104.98636244673335 51.46053413312178 2.43
vertex 110.77899546485436 53.31067478219939 2.43
endloop
endfacet
facet normal -2.166609743560078e-18 3.2751842546197313e-18 1.0
outer loop
vertex 110.77899546485436 53.31067478219939 2.43
vertex 104.98636244673335 51.46053413312178 2.43
vertex 110.82270245824726 51.88625537599155 2.43
endloop
endfacet
facet normal -2.166609743560078e-18 3.2751842546197313e-18 1.0
outer loop
vertex 110.77899546485436 53.31067478219939 2.43
vertex 110.82270245824726 51.88625537599155 2.43
vertex 114.4976834048248 53.26803694577793 2.43
endloop
endfacet
facet normal -2.166609743560078e-18 3.2751842546197313e-18 1.0
outer loop
vertex 114.4976834048248 53.26803694577793 2.43
vertex 110.82270245824726 51.88625537599155 2.43
vertex 114.41964993887476 51.84501339474135 2.43
endloop
endfacet
facet normal -2.166609743560078e-18 3.2751842546197313e-18 1.0
outer loop
vertex 114.4976834048248 53.26803694577793 2.43
vertex 114.41964993887476 51.84501339474135 2.43
vertex 118.01943418995677 51.49074567941916 2.43
endloop
endfacet
facet normal -2.166609743560078e-18 3.2751842546197313e-18 1.0
outer loop
vertex 114.4976834048248 53.26803694577793 2.43
vertex 118.01943418995677 51.49074567941916 2.43
vertex 118.23190116230923 52.90053914558015 2.43
endloop
endfacet
facet normal -2.166609743560078e-18 3.2751842546197313e-18 1.0
outer loop
vertex 118.23190116230923 52.90053914558015 2.43
vertex 118.01943418995677 51.49074567941916 2.43
vertex 121.55147252153095 50.77084302918473 2.43
endloop
endfacet
facet normal -2.166609743560078e-18 3.2751842546197313e-18 1.0
outer loop
vertex 118.23190116230923 52.90053914558015 2.43
vertex 121.55147252153095 50.77084302918473 2.43
vertex 121.91801513024451 52.149232685833816 2.43
endloop
endfacet
facet normal -2.166609743560078e-18 3.2751842546197313e-18 1.0
outer loop
vertex 121.91801513024451 52.149232685833816 2.43
vertex 121.55147252153095 50.77084302918473 2.43
vertex 124.70222688900269 49.731101733776526 2.43
endloop
endfacet
facet normal -2.166609743560078e-18 3.2751842546197313e-18 1.0
outer loop
vertex 121.91801513024451 52.149232685833816 2.43
vertex 124.70222688900269 49.731101733776526 2.43
vertex 125.23449404590741 51.054802691682234 2.43
endloop
endfacet
facet normal -2.166609743560078e-18 3.2751842546197313e-18 1.0
outer loop
vertex 125.23449404590741 51.054802691682234 2.43
vertex 124.70222688900269 49.731101733776526 2.43
vertex 127.36221355295821 48.45962374658596 2.43
endloop
endfacet
facet normal -2.166609743560078e-18 3.2751842546197313e-18 1.0
outer loop
vertex 125.23449404590741 51.054802691682234 2.43
vertex 127.36221355295821 48.45962374658596 2.43
vertex 128.06657150619733 49.70106502165123 2.43
endloop
endfacet
facet normal -2.166609743560078e-18 3.2751842546197313e-18 1.0
outer loop
vertex 128.06657150619733 49.70106502165123 2.43
vertex 127.36221355295821 48.45962374658596 2.43
vertex 129.8054704089772 46.83689472511656 2.43
endloop
endfacet
facet normal -2.166609743560078e-18 3.2751842546197313e-18 1.0
outer loop
vertex 128.06657150619733 49.70106502165123 2.43
vertex 129.8054704089772 46.83689472511656 2.43
vertex 130.6886841261248 47.95954601785284 2.43
endloop
endfacet
facet normal -2.166609743560078e-18 3.2751842546197313e-18 1.0
outer loop
vertex 130.6886841261248 47.95954601785284 2.43
vertex 129.8054704089772 46.83689472511656 2.43
vertex 129.8735519689425 46.77386155833573 2.43
endloop
endfacet
facet normal -2.166609743560078e-18 3.2751842546197313e-18 1.0
outer loop
vertex 130.6886841261248 47.95954601785284 2.43
vertex 129.8735519689425 46.77386155833573 2.43
vertex 130.51493608620015 46.77386155833573 2.43
endloop
endfacet
facet normal -2.166609743560078e-18 3.2751842546197313e-18 1.0
outer loop
vertex 130.51493608620015 46.77386155833573 2.43
vertex 129.8735519689425 46.77386155833573 2.43
vertex 130.51493608620015 46.18003744422517 2.43
endloop
endfacet
facet normal -2.166609743560078e-18 3.2751842546197313e-18 1.0
outer loop
vertex 130.6886841261248 47.95954601785284 2.43
vertex 130.51493608620015 46.77386155833573 2.43
vertex 131.96933131161765 46.77386155833573 2.43
endloop
endfacet
endsolid Modelo Óculos Ful Vue
