solid Modelo Óculos Goggles 1
facet normal -0.0458634041078855 -0.9989477204356777 -5.466912683200921e-32
outer loop
vertex 6.691697946611969 27.248342144884372 19.709999999999997
vertex 3.8951060606442662 27.3767384775123 17.97
vertex 6.691697946611969 27.248342144884372 17.97
endloop
endfacet
facet normal -0.33137256010317384 -0.9434999874990294 -1.8057397119331973e-32
outer loop
vertex 3.8951060606442662 27.3767384775123 17.97
vertex 6.691697946611969 27.248342144884372 19.709999999999997
vertex 3.8951060606442662 27.3767384775123 19.709999999999997
endloop
endfacet
facet normal 9.324050914449805e-33 -2.86442341775826e-32 1.0
outer loop
vertex 150.79103672647096 28.935161100357607 19.71000000000002
vertex 150.7157294900359 37.22980761755245 19.71000000000002
vertex 150.6795393912835 28.435895516738693 19.71000000000002
endloop
endfacet
facet normal 9.324050914449805e-33 -2.86442341775826e-32 1.0
outer loop
vertex 144.1019934477698 27.913969943669834 19.71000000000002
vertex 144.32142636123493 38.62412166518869 19.71000000000002
vertex 144.09910974125114 30.111240915655923 19.71000000000002
endloop
endfacet
facet normal 9.324050914449805e-33 -2.86442341775826e-32 1.0
outer loop
vertex 144.32142636123493 38.62412166518869 19.71000000000002
vertex 144.1019934477698 27.913969943669834 19.71000000000002
vertex 144.2876783261255 27.52393076416882 19.71000000000002
endloop
endfacet
facet normal 9.324050914449805e-33 -2.86442341775826e-32 1.0
outer loop
vertex 144.32142636123493 38.62412166518869 19.71000000000002
vertex 144.2876783261255 27.52393076416882 19.71000000000002
vertex 144.5619309280411 27.326423503580184 19.71000000000002
endloop
endfacet
facet normal 9.324050914449805e-33 -2.86442341775826e-32 1.0
outer loop
vertex 144.32142636123493 38.62412166518869 19.71000000000002
vertex 144.5619309280411 27.326423503580184 19.71000000000002
vertex 144.59435264745264 46.99818134097757 19.71000000000002
endloop
endfacet
facet normal 9.324050914449805e-33 -2.86442341775826e-32 1.0
outer loop
vertex 144.59435264745264 46.99818134097757 19.71000000000002
vertex 144.5619309280411 27.326423503580184 19.71000000000002
vertex 144.86542572735635 27.313522429398247 19.71000000000002
endloop
endfacet
facet normal 9.324050914449805e-33 -2.86442341775826e-32 1.0
outer loop
vertex 144.59435264745264 46.99818134097757 19.71000000000002
vertex 144.86542572735635 27.313522429398247 19.71000000000002
vertex 144.95923547126284 55.48405825295224 19.71000000000002
endloop
endfacet
facet normal 9.324050914449805e-33 -2.86442341775826e-32 1.0
outer loop
vertex 144.95923547126284 55.48405825295224 19.71000000000002
vertex 144.86542572735635 27.313522429398247 19.71000000000002
vertex 148.0189735470118 27.57772432697696 19.71000000000002
endloop
endfacet
facet normal 9.324050914449805e-33 -2.86442341775826e-32 1.0
outer loop
vertex 144.95923547126284 55.48405825295224 19.71000000000002
vertex 148.0189735470118 27.57772432697696 19.71000000000002
vertex 145.33012882447005 61.52110227919991 19.71000000000002
endloop
endfacet
facet normal 9.324050914449805e-33 -2.86442341775826e-32 1.0
outer loop
vertex 145.33012882447005 61.52110227919991 19.71000000000002
vertex 148.0189735470118 27.57772432697696 19.71000000000002
vertex 145.47692499480783 61.596995678295755 19.71000000000002
endloop
endfacet
facet normal 9.324050914449805e-33 -2.86442341775826e-32 1.0
outer loop
vertex 145.47692499480783 61.596995678295755 19.71000000000002
vertex 148.0189735470118 27.57772432697696 19.71000000000002
vertex 145.6236954346081 61.672889068343956 19.71000000000002
endloop
endfacet
facet normal 9.324050914449805e-33 -2.86442341775826e-32 1.0
outer loop
vertex 145.6236954346081 61.672889068343956 19.71000000000002
vertex 148.0189735470118 27.57772432697696 19.71000000000002
vertex 145.77048105779616 61.74878245286305 19.71000000000002
endloop
endfacet
facet normal 9.324050914449805e-33 -2.86442341775826e-32 1.0
outer loop
vertex 145.77048105779616 61.74878245286305 19.71000000000002
vertex 148.0189735470118 27.57772432697696 19.71000000000002
vertex 148.31298105252284 63.426411198468436 19.71000000000002
endloop
endfacet
facet normal 9.324050914449805e-33 -2.86442341775826e-32 1.0
outer loop
vertex 148.31298105252284 63.426411198468436 19.71000000000002
vertex 148.0189735470118 27.57772432697696 19.71000000000002
vertex 148.49176687979414 27.59940352602098 19.71000000000002
endloop
endfacet
facet normal 9.324050914449805e-33 -2.86442341775826e-32 1.0
outer loop
vertex 148.31298105252284 63.426411198468436 19.71000000000002
vertex 148.49176687979414 27.59940352602098 19.71000000000002
vertex 149.17369646648467 63.2394684714119 19.71000000000002
endloop
endfacet
facet normal 9.324050914449805e-33 -2.86442341775826e-32 1.0
outer loop
vertex 149.17369646648467 63.2394684714119 19.71000000000002
vertex 148.49176687979414 27.59940352602098 19.71000000000002
vertex 148.96412712876204 27.607350759522344 19.71000000000002
endloop
endfacet
facet normal 9.324050914449805e-33 -2.86442341775826e-32 1.0
outer loop
vertex 149.17369646648467 63.2394684714119 19.71000000000002
vertex 148.96412712876204 27.607350759522344 19.71000000000002
vertex 149.43495783846194 27.631967344917026 19.71000000000002
endloop
endfacet
facet normal 9.324050914449805e-33 -2.86442341775826e-32 1.0
outer loop
vertex 149.17369646648467 63.2394684714119 19.71000000000002
vertex 149.43495783846194 27.631967344917026 19.71000000000002
vertex 150.03184982757165 63.11049090307773 19.71000000000002
endloop
endfacet
facet normal 9.324050914449805e-33 -2.86442341775826e-32 1.0
outer loop
vertex 150.03184982757165 63.11049090307773 19.71000000000002
vertex 149.43495783846194 27.631967344917026 19.71000000000002
vertex 149.94242131778827 27.751386026313067 19.71000000000002
endloop
endfacet
facet normal 9.324050914449805e-33 -2.86442341775826e-32 1.0
outer loop
vertex 150.03184982757165 63.11049090307773 19.71000000000002
vertex 149.94242131778827 27.751386026313067 19.71000000000002
vertex 150.37885848884102 28.030228750852938 19.71000000000002
endloop
endfacet
facet normal 9.324050914449805e-33 -2.86442341775826e-32 1.0
outer loop
vertex 150.03184982757165 63.11049090307773 19.71000000000002
vertex 150.37885848884102 28.030228750852938 19.71000000000002
vertex 150.57933808497924 62.77443613837842 19.71000000000002
endloop
endfacet
facet normal 9.324050914449805e-33 -2.86442341775826e-32 1.0
outer loop
vertex 150.57933808497924 62.77443613837842 19.71000000000002
vertex 150.37885848884102 28.030228750852938 19.71000000000002
vertex 150.6795393912835 28.435895516738693 19.71000000000002
endloop
endfacet
facet normal 9.324050914449805e-33 -2.86442341775826e-32 1.0
outer loop
vertex 150.57933808497924 62.77443613837842 19.71000000000002
vertex 150.6795393912835 28.435895516738693 19.71000000000002
vertex 150.72517365674057 45.8346090947026 19.71000000000002
endloop
endfacet
facet normal 9.324050914449805e-33 -2.86442341775826e-32 1.0
outer loop
vertex 150.57933808497924 62.77443613837842 19.71000000000002
vertex 150.72517365674057 45.8346090947026 19.71000000000002
vertex 150.78935974589277 62.21343993445914 19.71000000000002
endloop
endfacet
facet normal 9.324050914449805e-33 -2.86442341775826e-32 1.0
outer loop
vertex 150.72517365674057 45.8346090947026 19.71000000000002
vertex 150.6795393912835 28.435895516738693 19.71000000000002
vertex 150.7157294900359 37.22980761755245 19.71000000000002
endloop
endfacet
facet normal 9.324050914449805e-33 -2.86442341775826e-32 1.0
outer loop
vertex 150.78935974589277 62.21343993445914 19.71000000000002
vertex 150.72517365674057 45.8346090947026 19.71000000000002
vertex 150.76849276112932 54.43361024311675 19.71000000000002
endloop
endfacet
facet normal -0.5057233907859775 0.8626956891117131 1.5050238055727107e-32
outer loop
vertex 145.77048105779616 61.74878245286305 19.71000000000002
vertex 148.31298105252284 63.426411198468436 17.97
vertex 145.77048105779616 61.74878245286305 17.97
endloop
endfacet
facet normal -0.5507458743866267 0.8346729789840509 2.904375084542372e-32
outer loop
vertex 148.31298105252284 63.426411198468436 17.97
vertex 145.77048105779616 61.74878245286305 19.71000000000002
vertex 148.31298105252284 63.426411198468436 19.71000000000002
endloop
endfacet
facet normal -3.969387346145216e-31 -3.650257615524396e-32 1.0
outer loop
vertex 0.8764754878641262 28.495760331105654 19.709999999999997
vertex 0.8690536194171886 38.338375237964314 19.709999999999997
vertex 0.8039792141708577 29.776433619418622 19.709999999999997
endloop
endfacet
facet normal -3.969387346145216e-31 -3.650257615524396e-32 1.0
outer loop
vertex 0.8084682366339812 55.53970147168519 19.709999999999997
vertex 1.0550720010363102 62.83006031573133 19.709999999999997
vertex 0.7999999999999873 62.2990926611211 19.709999999999997
endloop
endfacet
facet normal -3.969387346145216e-31 -3.650257615524396e-32 1.0
outer loop
vertex 1.0550720010363102 62.83006031573133 19.709999999999997
vertex 0.8084682366339812 55.53970147168519 19.709999999999997
vertex 0.8521340077313093 46.94573314460566 19.709999999999997
endloop
endfacet
facet normal -3.969387346145216e-31 -3.650257615524396e-32 1.0
outer loop
vertex 1.0550720010363102 62.83006031573133 19.709999999999997
vertex 0.8521340077313093 46.94573314460566 19.709999999999997
vertex 0.8690536194171886 38.338375237964314 19.709999999999997
endloop
endfacet
facet normal -3.969387346145216e-31 -3.650257615524396e-32 1.0
outer loop
vertex 1.0550720010363102 62.83006031573133 19.709999999999997
vertex 0.8690536194171886 38.338375237964314 19.709999999999997
vertex 0.8764754878641262 28.495760331105654 19.709999999999997
endloop
endfacet
facet normal -3.969387346145216e-31 -3.650257615524396e-32 1.0
outer loop
vertex 1.0550720010363102 62.83006031573133 19.709999999999997
vertex 0.8764754878641262 28.495760331105654 19.709999999999997
vertex 1.1557476498864248 28.076149293433105 19.709999999999997
endloop
endfacet
facet normal -3.969387346145216e-31 -3.650257615524396e-32 1.0
outer loop
vertex 1.0550720010363102 62.83006031573133 19.709999999999997
vertex 1.1557476498864248 28.076149293433105 19.709999999999997
vertex 1.644152299793515 63.13839151019325 19.709999999999997
endloop
endfacet
facet normal -3.969387346145216e-31 -3.650257615524396e-32 1.0
outer loop
vertex 1.644152299793515 63.13839151019325 19.709999999999997
vertex 1.1557476498864248 28.076149293433105 19.709999999999997
vertex 1.577669998390153 27.779075102588493 19.709999999999997
endloop
endfacet
facet normal -3.969387346145216e-31 -3.650257615524396e-32 1.0
outer loop
vertex 1.644152299793515 63.13839151019325 19.709999999999997
vertex 1.577669998390153 27.779075102588493 19.709999999999997
vertex 2.0866198169634447 27.637929456653886 19.709999999999997
endloop
endfacet
facet normal -3.969387346145216e-31 -3.650257615524396e-32 1.0
outer loop
vertex 1.644152299793515 63.13839151019325 19.709999999999997
vertex 2.0866198169634447 27.637929456653886 19.709999999999997
vertex 2.5404393025557215 63.241950554618455 19.709999999999997
endloop
endfacet
facet normal -3.969387346145216e-31 -3.650257615524396e-32 1.0
outer loop
vertex 2.5404393025557215 63.241950554618455 19.709999999999997
vertex 2.0866198169634447 27.637929456653886 19.709999999999997
vertex 2.557173193204752 27.60894752187197 19.709999999999997
endloop
endfacet
facet normal -3.969387346145216e-31 -3.650257615524396e-32 1.0
outer loop
vertex 2.5404393025557215 63.241950554618455 19.709999999999997
vertex 2.557173193204752 27.60894752187197 19.709999999999997
vertex 3.269181052522837 63.55096029558642 19.709999999999997
endloop
endfacet
facet normal -3.969387346145216e-31 -3.650257615524396e-32 1.0
outer loop
vertex 3.269181052522837 63.55096029558642 19.709999999999997
vertex 2.557173193204752 27.60894752187197 19.709999999999997
vertex 3.029397662669211 27.600557699538992 19.709999999999997
endloop
endfacet
facet normal -3.969387346145216e-31 -3.650257615524396e-32 1.0
outer loop
vertex 3.269181052522837 63.55096029558642 19.709999999999997
vertex 3.029397662669211 27.600557699538992 19.709999999999997
vertex 3.5021967701214565 27.582358670019243 19.709999999999997
endloop
endfacet
facet normal -3.969387346145216e-31 -3.650257615524396e-32 1.0
outer loop
vertex 3.269181052522837 63.55096029558642 19.709999999999997
vertex 3.5021967701214565 27.582358670019243 19.709999999999997
vertex 5.794902831959502 61.75745593720883 19.709999999999997
endloop
endfacet
facet normal -3.969387346145216e-31 -3.650257615524396e-32 1.0
outer loop
vertex 5.794902831959502 61.75745593720883 19.709999999999997
vertex 3.5021967701214565 27.582358670019243 19.709999999999997
vertex 3.8951060606442662 27.3767384775123 19.709999999999997
endloop
endfacet
facet normal -3.969387346145216e-31 -3.650257615524396e-32 1.0
outer loop
vertex 5.794902831959502 61.75745593720883 19.709999999999997
vertex 3.8951060606442662 27.3767384775123 19.709999999999997
vertex 6.691697946611969 27.248342144884372 19.709999999999997
endloop
endfacet
facet normal -3.969387346145216e-31 -3.650257615524396e-32 1.0
outer loop
vertex 5.794902831959502 61.75745593720883 19.709999999999997
vertex 6.691697946611969 27.248342144884372 19.709999999999997
vertex 5.941692821571993 61.68156253962093 19.709999999999997
endloop
endfacet
facet normal -3.969387346145216e-31 -3.650257615524396e-32 1.0
outer loop
vertex 5.941692821571993 61.68156253962093 19.709999999999997
vertex 6.691697946611969 27.248342144884372 19.709999999999997
vertex 6.088462925493455 61.60566915057802 19.709999999999997
endloop
endfacet
facet normal -3.969387346145216e-31 -3.650257615524396e-32 1.0
outer loop
vertex 6.088462925493455 61.60566915057802 19.709999999999997
vertex 6.691697946611969 27.248342144884372 19.709999999999997
vertex 6.23525405764924 61.52977576656157 19.709999999999997
endloop
endfacet
facet normal -3.969387346145216e-31 -3.650257615524396e-32 1.0
outer loop
vertex 6.23525405764924 61.52977576656157 19.709999999999997
vertex 6.691697946611969 27.248342144884372 19.709999999999997
vertex 6.573515388148056 56.4722344599647 19.709999999999997
endloop
endfacet
facet normal -3.969387346145216e-31 -3.650257615524396e-32 1.0
outer loop
vertex 6.573515388148056 56.4722344599647 19.709999999999997
vertex 6.691697946611969 27.248342144884372 19.709999999999997
vertex 6.951540219566992 47.95761821019741 19.709999999999997
endloop
endfacet
facet normal -3.969387346145216e-31 -3.650257615524396e-32 1.0
outer loop
vertex 6.951540219566992 47.95761821019741 19.709999999999997
vertex 6.691697946611969 27.248342144884372 19.709999999999997
vertex 6.751014006458743 27.305905671404915 19.709999999999997
endloop
endfacet
facet normal -3.969387346145216e-31 -3.650257615524396e-32 1.0
outer loop
vertex 6.951540219566992 47.95761821019741 19.709999999999997
vertex 6.751014006458743 27.305905671404915 19.709999999999997
vertex 7.054169387918945 27.339503326340104 19.709999999999997
endloop
endfacet
facet normal -3.969387346145216e-31 -3.650257615524396e-32 1.0
outer loop
vertex 6.951540219566992 47.95761821019741 19.709999999999997
vertex 7.054169387918945 27.339503326340104 19.709999999999997
vertex 7.232883107646774 39.58346500343767 19.709999999999997
endloop
endfacet
facet normal -3.969387346145216e-31 -3.650257615524396e-32 1.0
outer loop
vertex 7.232883107646774 39.58346500343767 19.709999999999997
vertex 7.054169387918945 27.339503326340104 19.709999999999997
vertex 7.321302598833805 27.5586129595044 19.709999999999997
endloop
endfacet
facet normal -3.969387346145216e-31 -3.650257615524396e-32 1.0
outer loop
vertex 7.232883107646774 39.58346500343767 19.709999999999997
vertex 7.321302598833805 27.5586129595044 19.709999999999997
vertex 7.458890953046746 31.099136512689316 19.709999999999997
endloop
endfacet
facet normal -3.969387346145216e-31 -3.650257615524396e-32 1.0
outer loop
vertex 7.458890953046746 31.099136512689316 19.709999999999997
vertex 7.321302598833805 27.5586129595044 19.709999999999997
vertex 7.493088084186324 27.971160372363713 19.709999999999997
endloop
endfacet
facet normal 0.5789738345544664 0.8153461221477033 2.5957937517954666e-31
outer loop
vertex 3.269181052522837 63.55096029558642 19.709999999999997
vertex 5.794902831959502 61.75745593720883 17.97
vertex 3.269181052522837 63.55096029558642 17.97
endloop
endfacet
facet normal 0.5002634257930657 0.8658732614036457 8.617535928438034e-32
outer loop
vertex 5.794902831959502 61.75745593720883 17.97
vertex 3.269181052522837 63.55096029558642 19.709999999999997
vertex 5.794902831959502 61.75745593720883 19.709999999999997
endloop
endfacet
facet normal -1.6059940759476193e-33 -5.071367998599584e-32 1.0
outer loop
vertex 3.793621216255242 69.76635390924156 17.97
vertex 3.2304622944211125 67.921167518868 17.97
vertex 3.269181052522837 66.44665531006605 17.97
endloop
endfacet
facet normal -1.6059940759476193e-33 -5.071367998599584e-32 1.0
outer loop
vertex 5.794902831959502 61.75745593720883 17.97
vertex 3.269181052522837 64.51619717068985 17.97
vertex 3.269181052522837 63.55096029558642 17.97
endloop
endfacet
facet normal -1.6059940759476193e-33 -5.071367998599584e-32 1.0
outer loop
vertex 3.269181052522837 64.51619717068985 17.97
vertex 5.794902831959502 61.75745593720883 17.97
vertex 3.269181052522837 65.48142193280201 17.97
endloop
endfacet
facet normal -1.6059940759476193e-33 -5.071367998599584e-32 1.0
outer loop
vertex 3.269181052522837 65.48142193280201 17.97
vertex 5.794902831959502 61.75745593720883 17.97
vertex 3.269181052522837 66.44665531006605 17.97
endloop
endfacet
facet normal -1.6059940759476193e-33 -5.071367998599584e-32 1.0
outer loop
vertex 3.269181052522837 66.44665531006605 17.97
vertex 5.794902831959502 61.75745593720883 17.97
vertex 3.793621216255242 69.76635390924156 17.97
endloop
endfacet
facet normal -1.6059940759476193e-33 -5.071367998599584e-32 1.0
outer loop
vertex 3.793621216255242 69.76635390924156 17.97
vertex 5.794902831959502 61.75745593720883 17.97
vertex 5.730547226689736 62.10259555822526 17.97
endloop
endfacet
facet normal -1.6059940759476193e-33 -5.071367998599584e-32 1.0
outer loop
vertex 3.793621216255242 69.76635390924156 17.97
vertex 5.730547226689736 62.10259555822526 17.97
vertex 5.219766339239423 71.38001913404726 17.97
endloop
endfacet
facet normal -1.6059940759476193e-33 -5.071367998599584e-32 1.0
outer loop
vertex 145.84200605033467 63.18103117059058 17.97
vertex 145.84416535392026 64.84757520191526 17.97
vertex 145.83691046198135 63.75292296846448 17.97
endloop
endfacet
facet normal -1.6059940759476193e-33 -5.071367998599584e-32 1.0
outer loop
vertex 145.84416535392026 64.84757520191526 17.97
vertex 145.84200605033467 63.18103117059058 17.97
vertex 145.84710163903227 62.609129399491714 17.97
endloop
endfacet
facet normal -1.6059940759476193e-33 -5.071367998599584e-32 1.0
outer loop
vertex 148.31298105252284 63.426411198468436 17.97
vertex 145.85219722831033 62.03723808221414 17.97
vertex 145.77048105779616 61.74878245286305 17.97
endloop
endfacet
facet normal -1.6059940759476193e-33 -5.071367998599584e-32 1.0
outer loop
vertex 145.85219722831033 62.03723808221414 17.97
vertex 148.31298105252284 63.426411198468436 17.97
vertex 146.5947428112626 71.18476921910955 17.97
endloop
endfacet
facet normal -1.6059940759476193e-33 -5.071367998599584e-32 1.0
outer loop
vertex 146.5947428112626 71.18476921910955 17.97
vertex 148.31298105252284 63.426411198468436 17.97
vertex 147.90979940857918 69.54129993711884 17.97
endloop
endfacet
facet normal -1.6059940759476193e-33 -5.071367998599584e-32 1.0
outer loop
vertex 147.90979940857918 69.54129993711884 17.97
vertex 148.31298105252284 63.426411198468436 17.97
vertex 148.31298105252284 66.32210731037114 17.97
endloop
endfacet
facet normal -1.6059940759476193e-33 -5.071367998599584e-32 1.0
outer loop
vertex 147.90979940857918 69.54129993711884 17.97
vertex 148.31298105252284 66.32210731037114 17.97
vertex 148.3612610976065 67.66614961218208 17.97
endloop
endfacet
facet normal -1.6059940759476193e-33 -5.071367998599584e-32 1.0
outer loop
vertex 148.31298105252284 66.32210731037114 17.97
vertex 148.31298105252284 63.426411198468436 17.97
vertex 148.31298105252284 64.39165095938819 17.97
endloop
endfacet
facet normal -1.6059940759476193e-33 -5.071367998599584e-32 1.0
outer loop
vertex 148.31298105252284 66.32210731037114 17.97
vertex 148.31298105252284 64.39165095938819 17.97
vertex 148.31298105252284 65.35687608730804 17.97
endloop
endfacet
facet normal -1.6059940759476193e-33 -5.071367998599584e-32 1.0
outer loop
vertex 5.219766339239423 71.38001913404726 17.97
vertex 5.7497722953735275 65.01092306550191 17.97
vertex 7.5041806718944795 72.76340458984522 17.97
endloop
endfacet
facet normal -1.6059940759476193e-33 -5.071367998599584e-32 1.0
outer loop
vertex 5.7497722953735275 65.01092306550191 17.97
vertex 5.219766339239423 71.38001913404726 17.97
vertex 5.730547226689736 62.10259555822526 17.97
endloop
endfacet
facet normal -1.6059940759476193e-33 -5.071367998599584e-32 1.0
outer loop
vertex 5.7497722953735275 65.01092306550191 17.97
vertex 5.730547226689736 62.10259555822526 17.97
vertex 5.735642815063327 62.67448901135373 17.97
endloop
endfacet
facet normal -1.6059940759476193e-33 -5.071367998599584e-32 1.0
outer loop
vertex 5.7497722953735275 65.01092306550191 17.97
vertex 5.735642815063327 62.67448901135373 17.97
vertex 5.740738403801406 63.24639068681749 17.97
endloop
endfacet
facet normal -1.6059940759476193e-33 -5.071367998599584e-32 1.0
outer loop
vertex 5.7497722953735275 65.01092306550191 17.97
vertex 5.740738403801406 63.24639068681749 17.97
vertex 5.745833993140226 63.81828015757025 17.97
endloop
endfacet
facet normal -1.6059940759476193e-33 -5.071367998599584e-32 1.0
outer loop
vertex 7.5041806718944795 72.76340458984522 17.97
vertex 5.7497722953735275 65.01092306550191 17.97
vertex 6.050691106464794 66.26709678884816 17.97
endloop
endfacet
facet normal -1.6059940759476193e-33 -5.071367998599584e-32 1.0
outer loop
vertex 7.5041806718944795 72.76340458984522 17.97
vertex 6.050691106464794 66.26709678884816 17.97
vertex 6.691279802343434 67.22606408180435 17.97
endloop
endfacet
facet normal -1.6059940759476193e-33 -5.071367998599584e-32 1.0
outer loop
vertex 7.5041806718944795 72.76340458984522 17.97
vertex 6.691279802343434 67.22606408180435 17.97
vertex 7.649540665188796 67.90703083243919 17.97
endloop
endfacet
facet normal -1.6059940759476193e-33 -5.071367998599584e-32 1.0
outer loop
vertex 7.5041806718944795 72.76340458984522 17.97
vertex 7.649540665188796 67.90703083243919 17.97
vertex 11.399539821055612 74.06839929895948 17.97
endloop
endfacet
facet normal -1.6059940759476193e-33 -5.071367998599584e-32 1.0
outer loop
vertex 11.399539821055612 74.06839929895948 17.97
vertex 7.649540665188796 67.90703083243919 17.97
vertex 12.667598545117503 69.57027970454052 17.97
endloop
endfacet
facet normal -1.6059940759476193e-33 -5.071367998599584e-32 1.0
outer loop
vertex 11.399539821055612 74.06839929895948 17.97
vertex 12.667598545117503 69.57027970454052 17.97
vertex 15.92055090542695 75.49803917850461 17.97
endloop
endfacet
facet normal -1.6059940759476193e-33 -5.071367998599584e-32 1.0
outer loop
vertex 15.92055090542695 75.49803917850461 17.97
vertex 12.667598545117503 69.57027970454052 17.97
vertex 18.868578853091012 71.29184399426015 17.97
endloop
endfacet
facet normal -1.6059940759476193e-33 -5.071367998599584e-32 1.0
outer loop
vertex 15.92055090542695 75.49803917850461 17.97
vertex 18.868578853091012 71.29184399426015 17.97
vertex 20.454314845910762 76.87392962821765 17.97
endloop
endfacet
facet normal -1.6059940759476193e-33 -5.071367998599584e-32 1.0
outer loop
vertex 20.454314845910762 76.87392962821765 17.97
vertex 18.868578853091012 71.29184399426015 17.97
vertex 25.106481390749877 72.71084440290323 17.97
endloop
endfacet
facet normal -1.6059940759476193e-33 -5.071367998599584e-32 1.0
outer loop
vertex 20.454314845910762 76.87392962821765 17.97
vertex 25.106481390749877 72.71084440290323 17.97
vertex 25.040366986762653 78.02940653857324 17.97
endloop
endfacet
facet normal -1.6059940759476193e-33 -5.071367998599584e-32 1.0
outer loop
vertex 25.040366986762653 78.02940653857324 17.97
vertex 25.106481390749877 72.71084440290323 17.97
vertex 32.01827284542557 79.30652955293812 17.97
endloop
endfacet
facet normal -1.6059940759476193e-33 -5.071367998599584e-32 1.0
outer loop
vertex 32.01827284542557 79.30652955293812 17.97
vertex 25.106481390749877 72.71084440290323 17.97
vertex 31.378667687471108 73.84286269720279 17.97
endloop
endfacet
facet normal -1.6059940759476193e-33 -5.071367998599584e-32 1.0
outer loop
vertex 32.01827284542557 79.30652955293812 17.97
vertex 31.378667687471108 73.84286269720279 17.97
vertex 37.682499272631766 74.70348064389185 17.97
endloop
endfacet
facet normal -1.6059940759476193e-33 -5.071367998599584e-32 1.0
outer loop
vertex 32.01827284542557 79.30652955293812 17.97
vertex 37.682499272631766 74.70348064389185 17.97
vertex 39.844981836628214 80.50920000741743 17.97
endloop
endfacet
facet normal -1.6059940759476193e-33 -5.071367998599584e-32 1.0
outer loop
vertex 39.844981836628214 80.50920000741743 17.97
vertex 37.682499272631766 74.70348064389185 17.97
vertex 44.01533767560886 75.30828000970345 17.97
endloop
endfacet
facet normal -1.6059940759476193e-33 -5.071367998599584e-32 1.0
outer loop
vertex 39.844981836628214 80.50920000741743 17.97
vertex 44.01533767560886 75.30828000970345 17.97
vertex 47.70263034163252 81.49685255282157 17.97
endloop
endfacet
facet normal -1.6059940759476193e-33 -5.071367998599584e-32 1.0
outer loop
vertex 47.70263034163252 81.49685255282157 17.97
vertex 44.01533767560886 75.30828000970345 17.97
vertex 50.37454442577943 75.67284256137059 17.97
endloop
endfacet
facet normal -1.6059940759476193e-33 -5.071367998599584e-32 1.0
outer loop
vertex 47.70263034163252 81.49685255282157 17.97
vertex 50.37454442577943 75.67284256137059 17.97
vertex 55.581350406474755 82.27597301941721 17.97
endloop
endfacet
facet normal -1.6059940759476193e-33 -5.071367998599584e-32 1.0
outer loop
vertex 55.581350406474755 82.27597301941721 17.97
vertex 50.37454442577943 75.67284256137059 17.97
vertex 56.757481052522834 75.8127500656263 17.97
endloop
endfacet
facet normal -1.6059940759476193e-33 -5.071367998599584e-32 1.0
outer loop
vertex 55.581350406474755 82.27597301941721 17.97
vertex 56.757481052522834 75.8127500656263 17.97
vertex 60.90838671658534 82.62570217656379 17.97
endloop
endfacet
facet normal -1.6059940759476193e-33 -5.071367998599584e-32 1.0
outer loop
vertex 60.90838671658534 82.62570217656379 17.97
vertex 56.757481052522834 75.8127500656263 17.97
vertex 61.65650601380222 75.80681420668066 17.97
endloop
endfacet
facet normal -1.6059940759476193e-33 -5.071367998599584e-32 1.0
outer loop
vertex 60.90838671658534 82.62570217656379 17.97
vertex 61.65650601380222 75.80681420668066 17.97
vertex 65.86676164743025 82.75206094108925 17.97
endloop
endfacet
facet normal -1.6059940759476193e-33 -5.071367998599584e-32 1.0
outer loop
vertex 65.86676164743025 82.75206094108925 17.97
vertex 61.65650601380222 75.80681420668066 17.97
vertex 66.55476951870949 75.74935878229635 17.97
endloop
endfacet
facet normal -1.6059940759476193e-33 -5.071367998599584e-32 1.0
outer loop
vertex 65.86676164743025 82.75206094108925 17.97
vertex 66.55476951870949 75.74935878229635 17.97
vertex 70.82991822063627 82.76780526880916 17.97
endloop
endfacet
facet normal -1.6059940759476193e-33 -5.071367998599584e-32 1.0
outer loop
vertex 70.82991822063627 82.76780526880916 17.97
vertex 66.55476951870949 75.74935878229635 17.97
vertex 71.45274199884828 75.65641937409363 17.97
endloop
endfacet
facet normal -1.6059940759476193e-33 -5.071367998599584e-32 1.0
outer loop
vertex 70.82991822063627 82.76780526880916 17.97
vertex 71.45274199884828 75.65641937409363 17.97
vertex 75.79108105252284 82.7548500656263 17.97
endloop
endfacet
facet normal -1.6059940759476193e-33 -5.071367998599584e-32 1.0
outer loop
vertex 75.79108105252284 82.7548500656263 17.97
vertex 71.45274199884828 75.65641937409363 17.97
vertex 76.35088387987884 75.57060000328607 17.97
endloop
endfacet
facet normal -1.6059940759476193e-33 -5.071367998599584e-32 1.0
outer loop
vertex 75.79108105252284 82.7548500656263 17.97
vertex 76.35088387987884 75.57060000328607 17.97
vertex 78.27099012620623 82.7597954276838 17.97
endloop
endfacet
facet normal -1.6059940759476193e-33 -5.071367998599584e-32 1.0
outer loop
vertex 78.27099012620623 82.7597954276838 17.97
vertex 76.35088387987884 75.57060000328607 17.97
vertex 81.24895333718746 75.67995622785023 17.97
endloop
endfacet
facet normal -1.6059940759476193e-33 -5.071367998599584e-32 1.0
outer loop
vertex 78.27099012620623 82.7597954276838 17.97
vertex 81.24895333718746 75.67995622785023 17.97
vertex 80.75224447190367 82.76780527046209 17.97
endloop
endfacet
facet normal -1.6059940759476193e-33 -5.071367998599584e-32 1.0
outer loop
vertex 80.75224447190367 82.76780527046209 17.97
vertex 81.24895333718746 75.67995622785023 17.97
vertex 83.2339971793015 82.76864022886987 17.97
endloop
endfacet
facet normal -1.6059940759476193e-33 -5.071367998599584e-32 1.0
outer loop
vertex 83.2339971793015 82.76864022886987 17.97
vertex 81.24895333718746 75.67995622785023 17.97
vertex 86.14695116766238 75.76619878189116 17.97
endloop
endfacet
facet normal -1.6059940759476193e-33 -5.071367998599584e-32 1.0
outer loop
vertex 83.2339971793015 82.76864022886987 17.97
vertex 86.14695116766238 75.76619878189116 17.97
vertex 85.7154013380858 82.75206093781583 17.97
endloop
endfacet
facet normal -1.6059940759476193e-33 -5.071367998599584e-32 1.0
outer loop
vertex 85.7154013380858 82.75206093781583 17.97
vertex 86.14695116766238 75.76619878189116 17.97
vertex 88.1956100379426 82.70782803220868 17.97
endloop
endfacet
facet normal -1.6059940759476193e-33 -5.071367998599584e-32 1.0
outer loop
vertex 88.1956100379426 82.70782803220868 17.97
vertex 86.14695116766238 75.76619878189116 17.97
vertex 91.04534803033354 75.81329207092443 17.97
endloop
endfacet
facet normal -1.6059940759476193e-33 -5.071367998599584e-32 1.0
outer loop
vertex 88.1956100379426 82.70782803220868 17.97
vertex 91.04534803033354 75.81329207092443 17.97
vertex 90.67377636855794 82.62570214695711 17.97
endloop
endfacet
facet normal -1.6059940759476193e-33 -5.071367998599584e-32 1.0
outer loop
vertex 90.67377636855794 82.62570214695711 17.97
vertex 91.04534803033354 75.81329207092443 17.97
vertex 93.14905341961786 82.49544391696982 17.97
endloop
endfacet
facet normal -1.6059940759476193e-33 -5.071367998599584e-32 1.0
outer loop
vertex 93.14905341961786 82.49544391696982 17.97
vertex 91.04534803033354 75.81329207092443 17.97
vertex 97.74536474721884 75.77567375844882 17.97
endloop
endfacet
facet normal -1.6059940759476193e-33 -5.071367998599584e-32 1.0
outer loop
vertex 93.14905341961786 82.49544391696982 17.97
vertex 97.74536474721884 75.77567375844882 17.97
vertex 97.0182627089369 82.18693143712667 17.97
endloop
endfacet
facet normal -1.6059940759476193e-33 -5.071367998599584e-32 1.0
outer loop
vertex 97.0182627089369 82.18693143712667 17.97
vertex 97.74536474721884 75.77567375844882 17.97
vertex 104.89481983085412 81.38126777969289 17.97
endloop
endfacet
facet normal -1.6059940759476193e-33 -5.071367998599584e-32 1.0
outer loop
vertex 104.89481983085412 81.38126777969289 17.97
vertex 97.74536474721884 75.77567375844882 17.97
vertex 110.46525961802298 75.06254922185475 17.97
endloop
endfacet
facet normal -1.6059940759476193e-33 -5.071367998599584e-32 1.0
outer loop
vertex 104.89481983085412 81.38126777969289 17.97
vertex 110.46525961802298 75.06254922185475 17.97
vertex 112.74903084204212 80.36623528238287 17.97
endloop
endfacet
facet normal -1.6059940759476193e-33 -5.071367998599584e-32 1.0
outer loop
vertex 112.74903084204212 80.36623528238287 17.97
vertex 110.46525961802298 75.06254922185475 17.97
vertex 123.07485797219367 73.35998490542536 17.97
endloop
endfacet
facet normal -1.6059940759476193e-33 -5.071367998599584e-32 1.0
outer loop
vertex 112.74903084204212 80.36623528238287 17.97
vertex 123.07485797219367 73.35998490542536 17.97
vertex 120.57102779783644 79.13534818340516 17.97
endloop
endfacet
facet normal -1.6059940759476193e-33 -5.071367998599584e-32 1.0
outer loop
vertex 120.57102779783644 79.13534818340516 17.97
vertex 123.07485797219367 73.35998490542536 17.97
vertex 127.13786975445323 77.89853816061408 17.97
endloop
endfacet
facet normal -1.6059940759476193e-33 -5.071367998599584e-32 1.0
outer loop
vertex 127.13786975445323 77.89853816061408 17.97
vertex 123.07485797219367 73.35998490542536 17.97
vertex 135.5530522961125 70.54332630105684 17.97
endloop
endfacet
facet normal -1.6059940759476193e-33 -5.071367998599584e-32 1.0
outer loop
vertex 127.13786975445323 77.89853816061408 17.97
vertex 135.5530522961125 70.54332630105684 17.97
vertex 131.71495421898666 76.7052553603111 17.97
endloop
endfacet
facet normal -1.6059940759476193e-33 -5.071367998599584e-32 1.0
outer loop
vertex 131.71495421898666 76.7052553603111 17.97
vertex 135.5530522961125 70.54332630105684 17.97
vertex 136.24485110020487 75.3130643231134 17.97
endloop
endfacet
facet normal -1.6059940759476193e-33 -5.071367998599584e-32 1.0
outer loop
vertex 136.24485110020487 75.3130643231134 17.97
vertex 135.5530522961125 70.54332630105684 17.97
vertex 144.0575146585806 67.84266562861679 17.97
endloop
endfacet
facet normal -1.6059940759476193e-33 -5.071367998599584e-32 1.0
outer loop
vertex 136.24485110020487 75.3130643231134 17.97
vertex 144.0575146585806 67.84266562861679 17.97
vertex 140.76709575053403 73.88862919298603 17.97
endloop
endfacet
facet normal -1.6059940759476193e-33 -5.071367998599584e-32 1.0
outer loop
vertex 140.76709575053403 73.88862919298603 17.97
vertex 144.0575146585806 67.84266562861679 17.97
vertex 144.42080802137482 72.59779878073003 17.97
endloop
endfacet
facet normal -1.6059940759476193e-33 -5.071367998599584e-32 1.0
outer loop
vertex 144.42080802137482 72.59779878073003 17.97
vertex 144.0575146585806 67.84266562861679 17.97
vertex 144.9805835125308 67.1308997659318 17.97
endloop
endfacet
facet normal -1.6059940759476193e-33 -5.071367998599584e-32 1.0
outer loop
vertex 144.42080802137482 72.59779878073003 17.97
vertex 144.9805835125308 67.1308997659318 17.97
vertex 146.5947428112626 71.18476921910955 17.97
endloop
endfacet
facet normal -1.6059940759476193e-33 -5.071367998599584e-32 1.0
outer loop
vertex 146.5947428112626 71.18476921910955 17.97
vertex 144.9805835125308 67.1308997659318 17.97
vertex 145.58346635695648 66.13893828808912 17.97
endloop
endfacet
facet normal -1.6059940759476193e-33 -5.071367998599584e-32 1.0
outer loop
vertex 146.5947428112626 71.18476921910955 17.97
vertex 145.58346635695648 66.13893828808912 17.97
vertex 145.84416535392026 64.84757520191526 17.97
endloop
endfacet
facet normal -1.6059940759476193e-33 -5.071367998599584e-32 1.0
outer loop
vertex 146.5947428112626 71.18476921910955 17.97
vertex 145.84416535392026 64.84757520191526 17.97
vertex 145.84710163903227 62.609129399491714 17.97
endloop
endfacet
facet normal -1.6059940759476193e-33 -5.071367998599584e-32 1.0
outer loop
vertex 146.5947428112626 71.18476921910955 17.97
vertex 145.84710163903227 62.609129399491714 17.97
vertex 145.85219722831033 62.03723808221414 17.97
endloop
endfacet
facet normal 0.06465756676850383 -0.9979075102731598 -1.4767119195041732e-32
outer loop
vertex 148.0189735470118 27.57772432697696 19.71000000000002
vertex 144.86542572735635 27.313522429398247 17.97
vertex 148.0189735470118 27.57772432697696 17.97
endloop
endfacet
facet normal -0.0004852867682942621 -0.9999998822483694 -9.812254443035952e-33
outer loop
vertex 144.86542572735635 27.313522429398247 17.97
vertex 148.0189735470118 27.57772432697696 19.71000000000002
vertex 144.86542572735635 27.313522429398247 19.71000000000002
endloop
endfacet
facet normal -0.13830879178748665 0.9903891548852329 3.889648333219595e-34
outer loop
vertex 39.844981836628214 80.50920000741743 17.97
vertex 47.70263034163252 81.49685255282157 0.7999999999999999
vertex 39.844981836628214 80.50920000741743 0.7999999999999999
endloop
endfacet
facet normal -0.1115703059603928 0.9937565430365249 3.3626945900398846e-34
outer loop
vertex 47.70263034163252 81.49685255282157 0.7999999999999999
vertex 39.844981836628214 80.50920000741743 17.97
vertex 47.70263034163252 81.49685255282157 17.97
endloop
endfacet
facet normal -0.21229106910502876 0.9772064786820871 5.343203777033324e-34
outer loop
vertex 25.040366986762653 78.02940653857324 17.97
vertex 32.01827284542557 79.30652955293812 0.7999999999999999
vertex 25.040366986762653 78.02940653857324 0.7999999999999999
endloop
endfacet
facet normal -0.1659734183092242 0.9861302269045157 4.4339592438679295e-34
outer loop
vertex 32.01827284542557 79.30652955293812 0.7999999999999999
vertex 25.040366986762653 78.02940653857324 17.97
vertex 32.01827284542557 79.30652955293812 17.97
endloop
endfacet
facet normal -0.9013855724581759 0.43301737813192537 1.8395412076676616e-33
outer loop
vertex 1.0550720010363102 62.83006031573133 19.709999999999997
vertex 0.7999999999999873 62.2990926611211 0.7999999999999999
vertex 0.7999999999999873 62.2990926611211 19.709999999999997
endloop
endfacet
facet normal -0.9751736648919869 0.22144146698649525 1.9615990961247258e-33
outer loop
vertex 0.7999999999999873 62.2990926611211 0.7999999999999999
vertex 1.0550720010363102 62.83006031573133 19.709999999999997
vertex 1.0550720010363102 62.83006031573133 0.7999999999999999
endloop
endfacet
facet normal 0.0031724329907491904 0.9999949678217982 1.091896507652886e-34
outer loop
vertex 83.2339971793015 82.76864022886987 17.97
vertex 85.7154013380858 82.75206093781583 0.7999999999999999
vertex 83.2339971793015 82.76864022886987 0.7999999999999999
endloop
endfacet
facet normal 0.012256579794145916 0.9999248853047663 9.114668045317386e-35
outer loop
vertex 85.7154013380858 82.75206093781583 0.7999999999999999
vertex 83.2339971793015 82.76864022886987 17.97
vertex 85.7154013380858 82.75206093781583 17.97
endloop
endfacet
facet normal -0.08197112347816084 0.996634704852148 2.778382058285986e-34
outer loop
vertex 55.581350406474755 82.27597301941721 17.97
vertex 60.90838671658534 82.62570217656379 0.7999999999999999
vertex 55.581350406474755 82.27597301941721 0.7999999999999999
endloop
endfacet
facet normal -0.04550230553927695 0.9989642336893801 2.057052138786714e-34
outer loop
vertex 60.90838671658534 82.62570217656379 0.7999999999999999
vertex 55.581350406474755 82.27597301941721 17.97
vertex 60.90838671658534 82.62570217656379 17.97
endloop
endfacet
facet normal -0.9751736648919869 0.22144146698649525 1.9615990961247258e-33
outer loop
vertex 0.7999999999999873 62.2990926611211 19.709999999999997
vertex 0.8084682366339812 55.53970147168519 0.7999999999999999
vertex 0.8084682366339812 55.53970147168519 19.709999999999997
endloop
endfacet
facet normal -0.9999949854634713 -0.003166867207853439 1.984937510839245e-33
outer loop
vertex 0.8084682366339812 55.53970147168519 0.7999999999999999
vertex 0.7999999999999873 62.2990926611211 19.709999999999997
vertex 0.7999999999999873 62.2990926611211 0.7999999999999999
endloop
endfacet
facet normal 0.0003085749510551746 0.9999999523907487 1.1487588160349668e-34
outer loop
vertex 75.79108105252284 82.7548500656263 17.97
vertex 78.27099012620623 82.7597954276838 0.7999999999999999
vertex 75.79108105252284 82.7548500656263 0.7999999999999999
endloop
endfacet
facet normal -0.002611146747933124 0.9999965909505196 1.2067205543394784e-34
outer loop
vertex 78.27099012620623 82.7597954276838 0.7999999999999999
vertex 75.79108105252284 82.7548500656263 17.97
vertex 78.27099012620623 82.7597954276838 17.97
endloop
endfacet
facet normal -0.9999960314588044 0.002817280007700665 1.9856306876833717e-33
outer loop
vertex 0.8690536194171886 38.338375237964314 19.709999999999997
vertex 0.8039792141708577 29.776433619418622 0.7999999999999999
vertex 0.8039792141708577 29.776433619418622 19.709999999999997
endloop
endfacet
facet normal -0.999700535078868 -0.024471210902303236 1.9818925277992186e-33
outer loop
vertex 0.8039792141708577 29.776433619418622 0.7999999999999999
vertex 0.8690536194171886 38.338375237964314 19.709999999999997
vertex 0.8690536194171886 38.338375237964314 0.7999999999999999
endloop
endfacet
facet normal -0.29419813709873593 0.9557444512669868 6.9445294375124355e-34
outer loop
vertex 1.644152299793515 63.13839151019325 19.709999999999997
vertex 2.5404393025557215 63.241950554618455 0.7999999999999999
vertex 1.644152299793515 63.13839151019325 0.7999999999999999
endloop
endfacet
facet normal -0.25518717236026767 0.966891672868668 6.182913363512227e-34
outer loop
vertex 2.5404393025557215 63.241950554618455 0.7999999999999999
vertex 1.644152299793515 63.13839151019325 19.709999999999997
vertex 2.5404393025557215 63.241950554618455 19.709999999999997
endloop
endfacet
facet normal -0.00028045607689692166 0.9999999606721938 1.1604529363669263e-34
outer loop
vertex 70.82991822063627 82.76780526880916 17.97
vertex 75.79108105252284 82.7548500656263 0.7999999999999999
vertex 70.82991822063627 82.76780526880916 0.7999999999999999
endloop
endfacet
facet normal 0.0003085749510551746 0.9999999523907487 1.1487588160349668e-34
outer loop
vertex 75.79108105252284 82.7548500656263 0.7999999999999999
vertex 70.82991822063627 82.76780526880916 17.97
vertex 75.79108105252284 82.7548500656263 17.97
endloop
endfacet
facet normal -0.0017822842297401504 0.999998411730201 1.1902671401221074e-34
outer loop
vertex 80.75224447190367 82.76780527046209 17.97
vertex 83.2339971793015 82.76864022886987 0.7999999999999999
vertex 80.75224447190367 82.76780527046209 0.7999999999999999
endloop
endfacet
facet normal 0.0031724329907491904 0.9999949678217982 1.091896507652886e-34
outer loop
vertex 83.2339971793015 82.76864022886987 0.7999999999999999
vertex 80.75224447190367 82.76780527046209 17.97
vertex 83.2339971793015 82.76864022886987 17.97
endloop
endfacet
facet normal -0.1115703059603928 0.9937565430365249 3.3626945900398846e-34
outer loop
vertex 47.70263034163252 81.49685255282157 17.97
vertex 55.581350406474755 82.27597301941721 0.7999999999999999
vertex 47.70263034163252 81.49685255282157 0.7999999999999999
endloop
endfacet
facet normal -0.08197112347816084 0.996634704852148 2.778382058285986e-34
outer loop
vertex 55.581350406474755 82.27597301941721 0.7999999999999999
vertex 47.70263034163252 81.49685255282157 17.97
vertex 55.581350406474755 82.27597301941721 17.97
endloop
endfacet
facet normal -0.1659734183092242 0.9861302269045157 4.4339592438679295e-34
outer loop
vertex 32.01827284542557 79.30652955293812 17.97
vertex 39.844981836628214 80.50920000741743 0.7999999999999999
vertex 32.01827284542557 79.30652955293812 0.7999999999999999
endloop
endfacet
facet normal -0.13830879178748665 0.9903891548852329 3.889648333219595e-34
outer loop
vertex 39.844981836628214 80.50920000741743 0.7999999999999999
vertex 32.01827284542557 79.30652955293812 17.97
vertex 39.844981836628214 80.50920000741743 17.97
endloop
endfacet
facet normal -0.26743518109671577 0.9635758527027164 6.422245306925482e-34
outer loop
vertex 20.454314845910762 76.87392962821765 17.97
vertex 25.040366986762653 78.02940653857324 0.7999999999999999
vertex 20.454314845910762 76.87392962821765 0.7999999999999999
endloop
endfacet
facet normal -0.21229106910502876 0.9772064786820871 5.343203777033324e-34
outer loop
vertex 25.040366986762653 78.02940653857324 0.7999999999999999
vertex 20.454314845910762 76.87392962821765 17.97
vertex 25.040366986762653 78.02940653857324 17.97
endloop
endfacet
facet normal -0.9909032214380029 0.1345763937092543 1.9827952749614616e-33
outer loop
vertex 3.2304622944211125 67.921167518868 17.97
vertex 3.269181052522837 66.44665531006605 0.7999999999999999
vertex 3.269181052522837 66.44665531006605 17.97
endloop
endfacet
facet normal -0.9999138509896156 -0.013125951360454458 1.9836262737568646e-33
outer loop
vertex 3.269181052522837 66.44665531006605 0.7999999999999999
vertex 3.2304622944211125 67.921167518868 17.97
vertex 3.2304622944211125 67.921167518868 0.7999999999999999
endloop
endfacet
facet normal -0.9999138509896156 -0.013125951360454458 1.9836262737568646e-33
outer loop
vertex 3.269181052522837 66.44665531006605 17.97
vertex 3.269181052522837 65.48142193280201 0.7999999999999999
vertex 3.269181052522837 65.48142193280201 17.97
endloop
endfacet
facet normal -1.0 0.0 1.9853132030242745e-33
outer loop
vertex 3.269181052522837 65.48142193280201 0.7999999999999999
vertex 3.269181052522837 66.44665531006605 17.97
vertex 3.269181052522837 66.44665531006605 0.7999999999999999
endloop
endfacet
facet normal -0.6409679268665209 0.7675676626385678 1.3611673297878385e-33
outer loop
vertex 5.219766339239423 71.38001913404726 17.97
vertex 7.5041806718944795 72.76340458984522 0.7999999999999999
vertex 5.219766339239423 71.38001913404726 0.7999999999999999
endloop
endfacet
facet normal -0.4203991102373314 0.9073392905146676 9.394111623069673e-34
outer loop
vertex 7.5041806718944795 72.76340458984522 0.7999999999999999
vertex 5.219766339239423 71.38001913404726 17.97
vertex 7.5041806718944795 72.76340458984522 17.97
endloop
endfacet
facet normal -1.0 0.0 1.9853132030242745e-33
outer loop
vertex 3.269181052522837 65.48142193280201 17.97
vertex 3.269181052522837 64.51619717068985 0.7999999999999999
vertex 3.269181052522837 64.51619717068985 17.97
endloop
endfacet
facet normal -1.0 0.0 1.9853132030242745e-33
outer loop
vertex 3.269181052522837 64.51619717068985 0.7999999999999999
vertex 3.269181052522837 65.48142193280201 17.97
vertex 3.269181052522837 65.48142193280201 0.7999999999999999
endloop
endfacet
facet normal -1.0 0.0 1.9853132030242745e-33
outer loop
vertex 3.269181052522837 64.51619717068985 17.97
vertex 3.269181052522837 63.55096029558642 0.7999999999999999
vertex 3.269181052522837 63.55096029558642 17.97
endloop
endfacet
facet normal -1.0 0.0 1.9853132030242745e-33
outer loop
vertex 3.269181052522837 63.55096029558642 0.7999999999999999
vertex 3.269181052522837 64.51619717068985 17.97
vertex 3.269181052522837 64.51619717068985 0.7999999999999999
endloop
endfacet
facet normal -0.04550230553927695 0.9989642336893801 2.057052138786714e-34
outer loop
vertex 60.90838671658534 82.62570217656379 17.97
vertex 65.86676164743025 82.75206094108925 0.7999999999999999
vertex 60.90838671658534 82.62570217656379 0.7999999999999999
endloop
endfacet
facet normal -0.014324821249950909 0.9998973944841326 1.439159120271256e-34
outer loop
vertex 65.86676164743025 82.75206094108925 0.7999999999999999
vertex 60.90838671658534 82.62570217656379 17.97
vertex 65.86676164743025 82.75206094108925 17.97
endloop
endfacet
facet normal -0.99999379310135 -0.0035233164454435057 1.9848939778374157e-33
outer loop
vertex 0.8521340077313093 46.94573314460566 19.709999999999997
vertex 0.8690536194171886 38.338375237964314 0.7999999999999999
vertex 0.8690536194171886 38.338375237964314 19.709999999999997
endloop
endfacet
facet normal -0.9999960314588044 0.002817280007700665 1.9856306876833717e-33
outer loop
vertex 0.8690536194171886 38.338375237964314 0.7999999999999999
vertex 0.8521340077313093 46.94573314460566 19.709999999999997
vertex 0.8521340077313093 46.94573314460566 0.7999999999999999
endloop
endfacet
facet normal -0.999700535078868 -0.024471210902303236 1.9818925277992186e-33
outer loop
vertex 0.8039792141708577 29.776433619418622 19.709999999999997
vertex 0.8764754878641262 28.495760331105654 0.7999999999999999
vertex 0.8764754878641262 28.495760331105654 19.709999999999997
endloop
endfacet
facet normal -0.9486397023575902 -0.3163585230571524 1.8468111531233528e-33
outer loop
vertex 0.8764754878641262 28.495760331105654 0.7999999999999999
vertex 0.8039792141708577 29.776433619418622 19.709999999999997
vertex 0.8039792141708577 29.776433619418622 0.7999999999999999
endloop
endfacet
facet normal -0.9999949854634713 -0.003166867207853439 1.984937510839245e-33
outer loop
vertex 0.8084682366339812 55.53970147168519 19.709999999999997
vertex 0.8521340077313093 46.94573314460566 0.7999999999999999
vertex 0.8521340077313093 46.94573314460566 19.709999999999997
endloop
endfacet
facet normal -0.99999379310135 -0.0035233164454435057 1.9848939778374157e-33
outer loop
vertex 0.8521340077313093 46.94573314460566 0.7999999999999999
vertex 0.8084682366339812 55.53970147168519 19.709999999999997
vertex 0.8084682366339812 55.53970147168519 0.7999999999999999
endloop
endfacet
facet normal -0.3095942952492422 0.9508687461206858 7.244560519049982e-34
outer loop
vertex 11.399539821055612 74.06839929895948 17.97
vertex 15.92055090542695 75.49803917850461 0.7999999999999999
vertex 11.399539821055612 74.06839929895948 0.7999999999999999
endloop
endfacet
facet normal -0.2959570403111293 0.9552012511980273 6.9788218415775575e-34
outer loop
vertex 15.92055090542695 75.49803917850461 0.7999999999999999
vertex 11.399539821055612 74.06839929895948 17.97
vertex 15.92055090542695 75.49803917850461 17.97
endloop
endfacet
facet normal -0.014324821249950909 0.9998973944841326 1.439159120271256e-34
outer loop
vertex 65.86676164743025 82.75206094108925 17.97
vertex 70.82991822063627 82.76780526880916 0.7999999999999999
vertex 65.86676164743025 82.75206094108925 0.7999999999999999
endloop
endfacet
facet normal -0.00028045607689692166 0.9999999606721938 1.1604529363669263e-34
outer loop
vertex 70.82991822063627 82.76780526880916 0.7999999999999999
vertex 65.86676164743025 82.75206094108925 17.97
vertex 70.82991822063627 82.76780526880916 17.97
endloop
endfacet
facet normal -0.4203991102373314 0.9073392905146676 9.394111623069673e-34
outer loop
vertex 7.5041806718944795 72.76340458984522 17.97
vertex 11.399539821055612 74.06839929895948 0.7999999999999999
vertex 7.5041806718944795 72.76340458984522 0.7999999999999999
endloop
endfacet
facet normal -0.3095942952492422 0.9508687461206858 7.244560519049982e-34
outer loop
vertex 11.399539821055612 74.06839929895948 0.7999999999999999
vertex 7.5041806718944795 72.76340458984522 17.97
vertex 11.399539821055612 74.06839929895948 17.97
endloop
endfacet
facet normal -0.6409679268665209 0.7675676626385678 1.3611673297878385e-33
outer loop
vertex 5.219766339239423 71.38001913404726 17.97
vertex 3.793621216255242 69.76635390924156 0.7999999999999999
vertex 3.793621216255242 69.76635390924156 17.97
endloop
endfacet
facet normal -0.8727414055259126 0.48818279269209663 1.7890445361241165e-33
outer loop
vertex 3.793621216255242 69.76635390924156 0.7999999999999999
vertex 5.219766339239423 71.38001913404726 17.97
vertex 5.219766339239423 71.38001913404726 0.7999999999999999
endloop
endfacet
facet normal -0.2959570403111293 0.9552012511980273 6.9788218415775575e-34
outer loop
vertex 15.92055090542695 75.49803917850461 17.97
vertex 20.454314845910762 76.87392962821765 0.7999999999999999
vertex 15.92055090542695 75.49803917850461 0.7999999999999999
endloop
endfacet
facet normal -0.26743518109671577 0.9635758527027164 6.422245306925482e-34
outer loop
vertex 20.454314845910762 76.87392962821765 0.7999999999999999
vertex 15.92055090542695 75.49803917850461 17.97
vertex 20.454314845910762 76.87392962821765 17.97
endloop
endfacet
facet normal -0.8727414055259126 0.48818279269209663 1.7890445361241165e-33
outer loop
vertex 3.793621216255242 69.76635390924156 17.97
vertex 3.2304622944211125 67.921167518868 0.7999999999999999
vertex 3.2304622944211125 67.921167518868 17.97
endloop
endfacet
facet normal -0.9909032214380029 0.1345763937092543 1.9827952749614616e-33
outer loop
vertex 3.2304622944211125 67.921167518868 0.7999999999999999
vertex 3.793621216255242 69.76635390924156 17.97
vertex 3.793621216255242 69.76635390924156 0.7999999999999999
endloop
endfacet
facet normal -0.25518717236026767 0.966891672868668 6.182913363512227e-34
outer loop
vertex 2.5404393025557215 63.241950554618455 19.709999999999997
vertex 3.269181052522837 63.55096029558642 0.7999999999999999
vertex 2.5404393025557215 63.241950554618455 0.7999999999999999
endloop
endfacet
facet normal -0.3903855758743347 0.9206514553017684 8.813622982766128e-34
outer loop
vertex 3.269181052522837 63.55096029558642 0.7999999999999999
vertex 2.5404393025557215 63.241950554618455 19.709999999999997
vertex 3.269181052522837 63.55096029558642 17.97
endloop
endfacet
facet normal -0.3903855758743347 0.9206514553017684 8.813622982766128e-34
outer loop
vertex 3.269181052522837 63.55096029558642 17.97
vertex 2.5404393025557215 63.241950554618455 19.709999999999997
vertex 3.269181052522837 63.55096029558642 19.709999999999997
endloop
endfacet
facet normal -0.4637300105743219 0.8859765670110804 1.0229694218442045e-33
outer loop
vertex 1.0550720010363102 62.83006031573133 19.709999999999997
vertex 1.644152299793515 63.13839151019325 0.7999999999999999
vertex 1.0550720010363102 62.83006031573133 0.7999999999999999
endloop
endfacet
facet normal -0.29419813709873593 0.9557444512669868 6.9445294375124355e-34
outer loop
vertex 1.644152299793515 63.13839151019325 0.7999999999999999
vertex 1.0550720010363102 62.83006031573133 19.709999999999997
vertex 1.644152299793515 63.13839151019325 19.709999999999997
endloop
endfacet
facet normal -0.002611146747933124 0.9999965909505196 1.2067205543394784e-34
outer loop
vertex 78.27099012620623 82.7597954276838 17.97
vertex 80.75224447190367 82.76780527046209 0.7999999999999999
vertex 78.27099012620623 82.7597954276838 0.7999999999999999
endloop
endfacet
facet normal -0.0017822842297401504 0.999998411730201 1.1902671401221074e-34
outer loop
vertex 80.75224447190367 82.76780527046209 0.7999999999999999
vertex 78.27099012620623 82.7597954276838 17.97
vertex 80.75224447190367 82.76780527046209 17.97
endloop
endfacet
facet normal -0.3562717824490789 -0.934382371960514 5.994006503005282e-34
outer loop
vertex 25.670383790693304 6.88555155992842 17.97
vertex 14.029208138226192 12.020158756739802 0.7999999999999999
vertex 25.670383790693304 6.88555155992842 0.7999999999999999
endloop
endfacet
facet normal -0.4413017498313886 -0.8973587719500795 7.724875674132465e-34
outer loop
vertex 14.029208138226192 12.020158756739802 0.7999999999999999
vertex 25.670383790693304 6.88555155992842 17.97
vertex 14.029208138226192 12.020158756739802 17.97
endloop
endfacet
facet normal -0.9997921647214838 0.02038694095566479 1.9872550422348107e-33
outer loop
vertex 3.8951060606442662 27.3767384775123 17.97
vertex 3.8748010604255456 26.380964753171167 0.7999999999999999
vertex 3.8748010604255456 26.380964753171167 17.97
endloop
endfacet
facet normal -0.9997921647214838 0.02038694095566479 1.9872550422348107e-33
outer loop
vertex 3.8748010604255456 26.380964753171167 0.7999999999999999
vertex 3.8951060606442662 27.3767384775123 17.97
vertex 3.8951060606442662 27.3767384775123 0.7999999999999999
endloop
endfacet
facet normal 0.7158229415145716 -0.6982818316420859 -1.5017762616399025e-33
outer loop
vertex 58.04102865889069 2.9145443026487947 17.97
vertex 56.07932431928852 1.4412871108917933 0.7999999999999999
vertex 58.04102865889069 2.9145443026487947 0.7999999999999999
endloop
endfacet
facet normal 0.42872306714620323 -0.9034359588242834 -9.554860339180114e-34
outer loop
vertex 56.07932431928852 1.4412871108917933 0.7999999999999999
vertex 58.04102865889069 2.9145443026487947 17.97
vertex 56.07932431928852 1.4412871108917933 17.97
endloop
endfacet
facet normal -0.0396287193491611 -0.9992144737756483 -3.672236603412797e-35
outer loop
vertex 2.557173193204752 27.60894752187197 19.709999999999997
vertex 2.0866198169634447 27.637929456653886 0.7999999999999999
vertex 2.557173193204752 27.60894752187197 0.7999999999999999
endloop
endfacet
facet normal -0.16525937929538548 -0.9862501394448085 2.141910734522937e-34
outer loop
vertex 2.0866198169634447 27.637929456653886 0.7999999999999999
vertex 2.557173193204752 27.60894752187197 19.709999999999997
vertex 2.0866198169634447 27.637929456653886 19.709999999999997
endloop
endfacet
facet normal 0.8966180694868909 -0.44280473966478817 -1.8312065488248943e-33
outer loop
vertex 61.427848712853546 8.85254057050831 0.7999999999999999
vertex 59.54488324835442 5.0239992639674576 17.97
vertex 59.54488324835442 5.0239992639674576 0.7999999999999999
endloop
endfacet
facet normal 0.8586266592286351 -0.5126014631874097 -1.7638424196930262e-33
outer loop
vertex 59.54488324835442 5.0239992639674576 17.97
vertex 61.427848712853546 8.85254057050831 0.7999999999999999
vertex 61.427848712853546 8.85254057050831 17.97
endloop
endfacet
facet normal 0.8964935706129676 -0.443056743374494 -1.8309884830984275e-33
outer loop
vertex 65.87194106169132 17.77930173232819 0.7999999999999999
vertex 63.643071702126846 13.319596825854925 17.97
vertex 63.643071702126846 13.319596825854925 0.7999999999999999
endloop
endfacet
facet normal 0.8951995280318054 -0.4456655753046593 -1.8287206933762504e-33
outer loop
vertex 63.643071702126846 13.319596825854925 17.97
vertex 65.87194106169132 17.77930173232819 0.7999999999999999
vertex 65.87194106169132 17.77930173232819 17.97
endloop
endfacet
facet normal 0.45409128191298004 -0.8909551659262247 -1.0044084975183095e-33
outer loop
vertex 71.2442576844248 25.493126644331316 17.97
vertex 69.57450045425426 24.352924648818547 0.7999999999999999
vertex 71.2442576844248 25.493126644331316 0.7999999999999999
endloop
endfacet
facet normal 0.697561188928332 -0.716525217770381 -1.4676278645106522e-33
outer loop
vertex 69.57450045425426 24.352924648818547 0.7999999999999999
vertex 71.2442576844248 25.493126644331316 17.97
vertex 69.57450045425426 24.352924648818547 17.97
endloop
endfacet
facet normal -0.02811521131567336 -0.9996046893110672 -5.962535095496078e-35
outer loop
vertex 3.029397662669211 27.600557699538992 19.709999999999997
vertex 2.557173193204752 27.60894752187197 0.7999999999999999
vertex 3.029397662669211 27.600557699538992 0.7999999999999999
endloop
endfacet
facet normal -0.0396287193491611 -0.9992144737756483 -3.672236603412797e-35
outer loop
vertex 2.557173193204752 27.60894752187197 0.7999999999999999
vertex 3.029397662669211 27.600557699538992 19.709999999999997
vertex 2.557173193204752 27.60894752187197 19.709999999999997
endloop
endfacet
facet normal -0.9997921530242856 0.02038751458770128 1.987255085260115e-33
outer loop
vertex 3.8748010604255456 26.380964753171167 17.97
vertex 3.854496059231195 25.385219010161048 0.7999999999999999
vertex 3.854496059231195 25.385219010161048 17.97
endloop
endfacet
facet normal -0.9997921530242856 0.02038751458770128 1.987255085260115e-33
outer loop
vertex 3.854496059231195 25.385219010161048 0.7999999999999999
vertex 3.8748010604255456 26.380964753171167 17.97
vertex 3.8748010604255456 26.380964753171167 0.7999999999999999
endloop
endfacet
facet normal -0.9953993045268515 -0.09581348833781461 1.965114025028853e-33
outer loop
vertex 3.850446792530779 22.795191258001136 17.97
vertex 4.367776887047828 19.979832477137723 0.7999999999999999
vertex 4.367776887047828 19.979832477137723 17.97
endloop
endfacet
facet normal -0.9489838925466553 -0.31532454976896196 1.847613890479345e-33
outer loop
vertex 4.367776887047828 19.979832477137723 0.7999999999999999
vertex 3.850446792530779 22.795191258001136 17.97
vertex 3.850446792530779 22.795191258001136 0.7999999999999999
endloop
endfacet
facet normal -0.99998701164624 0.005096718436692379 1.9858760294668625e-33
outer loop
vertex 3.834191056221012 24.38949086318218 17.97
vertex 3.850446792530779 22.795191258001136 0.7999999999999999
vertex 3.850446792530779 22.795191258001136 17.97
endloop
endfacet
facet normal -0.9953993045268515 -0.09581348833781461 1.965114025028853e-33
outer loop
vertex 3.850446792530779 22.795191258001136 0.7999999999999999
vertex 3.834191056221012 24.38949086318218 17.97
vertex 3.834191056221012 24.38949086318218 0.7999999999999999
endloop
endfacet
facet normal 0.697561188928332 -0.716525217770381 -1.4676278645106522e-33
outer loop
vertex 69.57450045425426 24.352924648818547 0.7999999999999999
vertex 68.06157783023795 22.260143133575706 17.97
vertex 68.06157783023795 22.260143133575706 0.7999999999999999
endloop
endfacet
facet normal 0.8575837185110201 -0.5143444038237525 -1.7619731453248146e-33
outer loop
vertex 68.06157783023795 22.260143133575706 17.97
vertex 69.57450045425426 24.352924648818547 0.7999999999999999
vertex 69.57450045425426 24.352924648818547 17.97
endloop
endfacet
facet normal -0.16525937929538548 -0.9862501394448085 2.141910734522937e-34
outer loop
vertex 2.0866198169634447 27.637929456653886 19.709999999999997
vertex 1.577669998390153 27.779075102588493 0.7999999999999999
vertex 2.0866198169634447 27.637929456653886 0.7999999999999999
endloop
endfacet
facet normal -0.4277475563207453 -0.9038982398819189 7.448230147051054e-34
outer loop
vertex 1.577669998390153 27.779075102588493 0.7999999999999999
vertex 2.0866198169634447 27.637929456653886 19.709999999999997
vertex 1.577669998390153 27.779075102588493 19.709999999999997
endloop
endfacet
facet normal -0.24956031696951178 -0.9683592557486489 3.836210294557315e-34
outer loop
vertex 36.72288472545626 3.306775480182777 17.97
vertex 25.670383790693304 6.88555155992842 0.7999999999999999
vertex 36.72288472545626 3.306775480182777 0.7999999999999999
endloop
endfacet
facet normal -0.3562717824490789 -0.934382371960514 5.994006503005282e-34
outer loop
vertex 25.670383790693304 6.88555155992842 0.7999999999999999
vertex 36.72288472545626 3.306775480182777 17.97
vertex 25.670383790693304 6.88555155992842 17.97
endloop
endfacet
facet normal 0.42872306714620323 -0.9034359588242834 -9.554860339180114e-34
outer loop
vertex 56.07932431928852 1.4412871108917933 17.97
vertex 53.48143790406684 0.8000000000000098 0.7999999999999999
vertex 56.07932431928852 1.4412871108917933 0.7999999999999999
endloop
endfacet
facet normal 0.08285688274498294 -0.9965614567008821 -2.7958825607623605e-34
outer loop
vertex 53.48143790406684 0.8000000000000098 0.7999999999999999
vertex 56.07932431928852 1.4412871108917933 17.97
vertex 53.48143790406684 0.8000000000000098 17.97
endloop
endfacet
facet normal -0.33137256010317384 -0.9434999874990294 -1.8057397119331973e-32
outer loop
vertex 3.8951060606442662 27.3767384775123 17.97
vertex 3.5021967701214565 27.582358670019243 0.7999999999999999
vertex 3.8951060606442662 27.3767384775123 0.7999999999999999
endloop
endfacet
facet normal -0.2573743192262021 -0.9663117818814221 3.993707310004065e-34
outer loop
vertex 3.5021967701214565 27.582358670019243 0.7999999999999999
vertex 3.8951060606442662 27.3767384775123 17.97
vertex 3.5021967701214565 27.582358670019243 19.709999999999997
endloop
endfacet
facet normal -0.2573743192262021 -0.9663117818814221 3.993707310004065e-34
outer loop
vertex 3.5021967701214565 27.582358670019243 19.709999999999997
vertex 3.8951060606442662 27.3767384775123 17.97
vertex 3.8951060606442662 27.3767384775123 19.709999999999997
endloop
endfacet
facet normal 0.23187080944744118 -0.9727465896759487 -5.72677228803009e-34
outer loop
vertex 73.25982566584509 26.214231146390485 17.97
vertex 71.2442576844248 25.493126644331316 0.7999999999999999
vertex 73.25982566584509 26.214231146390485 0.7999999999999999
endloop
endfacet
facet normal 0.45409128191298004 -0.8909551659262247 -1.0044084975183095e-33
outer loop
vertex 71.2442576844248 25.493126644331316 0.7999999999999999
vertex 73.25982566584509 26.214231146390485 17.97
vertex 71.2442576844248 25.493126644331316 17.97
endloop
endfacet
facet normal 0.8575837185110201 -0.5143444038237525 -1.7619731453248146e-33
outer loop
vertex 68.06157783023795 22.260143133575706 0.7999999999999999
vertex 65.87194106169132 17.77930173232819 17.97
vertex 65.87194106169132 17.77930173232819 0.7999999999999999
endloop
endfacet
facet normal 0.8964935706129676 -0.443056743374494 -1.8309884830984275e-33
outer loop
vertex 65.87194106169132 17.77930173232819 17.97
vertex 68.06157783023795 22.260143133575706 0.7999999999999999
vertex 68.06157783023795 22.260143133575706 17.97
endloop
endfacet
facet normal 0.013875915259009969 -0.9999037248534106 -1.4302542412127805e-34
outer loop
vertex 75.62624211014281 26.510197167999916 17.97
vertex 73.25982566584509 26.214231146390485 0.7999999999999999
vertex 75.62624211014281 26.510197167999916 0.7999999999999999
endloop
endfacet
facet normal 0.23187080944744118 -0.9727465896759487 -5.72677228803009e-34
outer loop
vertex 73.25982566584509 26.214231146390485 0.7999999999999999
vertex 75.62624211014281 26.510197167999916 17.97
vertex 73.25982566584509 26.214231146390485 17.97
endloop
endfacet
facet normal -0.42494633753704425 -0.905218542791658 7.391092382600361e-34
outer loop
vertex 80.09736795883802 25.60985045346339 17.97
vertex 78.03681224536325 26.276437528631487 0.7999999999999999
vertex 80.09736795883802 25.60985045346339 0.7999999999999999
endloop
endfacet
facet normal -0.20334388610467827 -0.9791073812324407 2.9062565411916093e-34
outer loop
vertex 78.03681224536325 26.276437528631487 0.7999999999999999
vertex 80.09736795883802 25.60985045346339 17.97
vertex 78.03681224536325 26.276437528631487 17.97
endloop
endfacet
facet normal -0.2573743192262021 -0.9663117818814221 3.993707310004065e-34
outer loop
vertex 3.5021967701214565 27.582358670019243 19.709999999999997
vertex 3.029397662669211 27.600557699538992 0.7999999999999999
vertex 3.5021967701214565 27.582358670019243 0.7999999999999999
endloop
endfacet
facet normal -0.02811521131567336 -0.9996046893110672 -5.962535095496078e-35
outer loop
vertex 3.029397662669211 27.600557699538992 0.7999999999999999
vertex 3.5021967701214565 27.582358670019243 19.709999999999997
vertex 3.029397662669211 27.600557699538992 19.709999999999997
endloop
endfacet
facet normal -0.8164281129043555 -0.5774470854194633 1.5541770112423393e-33
outer loop
vertex 5.564320615918614 17.563982696960533 17.97
vertex 7.493877826009529 15.579336218310582 0.7999999999999999
vertex 7.493877826009529 15.579336218310582 17.97
endloop
endfacet
facet normal -0.6044551994853642 -0.7966391352520341 1.108030225399287e-33
outer loop
vertex 7.493877826009529 15.579336218310582 0.7999999999999999
vertex 5.564320615918614 17.563982696960533 17.97
vertex 5.564320615918614 17.563982696960533 0.7999999999999999
endloop
endfacet
facet normal 0.8586266592286351 -0.5126014631874097 -1.7638424196930262e-33
outer loop
vertex 59.54488324835442 5.0239992639674576 0.7999999999999999
vertex 58.04102865889069 2.9145443026487947 17.97
vertex 58.04102865889069 2.9145443026487947 0.7999999999999999
endloop
endfacet
facet normal 0.7158229415145716 -0.6982818316420859 -1.5017762616399025e-33
outer loop
vertex 58.04102865889069 2.9145443026487947 17.97
vertex 59.54488324835442 5.0239992639674576 0.7999999999999999
vertex 59.54488324835442 5.0239992639674576 17.97
endloop
endfacet
facet normal 0.08285688274498294 -0.9965614567008821 -2.7958825607623605e-34
outer loop
vertex 53.48143790406684 0.8000000000000098 17.97
vertex 47.18819051197445 1.2798895161566244 0.7999999999999999
vertex 53.48143790406684 0.8000000000000098 0.7999999999999999
endloop
endfacet
facet normal -0.1333097204232217 -0.9910744262872908 1.5020384418600908e-34
outer loop
vertex 47.18819051197445 1.2798895161566244 0.7999999999999999
vertex 53.48143790406684 0.8000000000000098 17.97
vertex 47.18819051197445 1.2798895161566244 17.97
endloop
endfacet
facet normal -0.9486397023575902 -0.3163585230571524 1.8468111531233528e-33
outer loop
vertex 0.8764754878641262 28.495760331105654 19.709999999999997
vertex 1.1557476498864248 28.076149293433105 0.7999999999999999
vertex 1.1557476498864248 28.076149293433105 19.709999999999997
endloop
endfacet
facet normal -0.7163232620331247 -0.6977685750090953 1.3415417801656687e-33
outer loop
vertex 1.1557476498864248 28.076149293433105 0.7999999999999999
vertex 0.8764754878641262 28.495760331105654 19.709999999999997
vertex 0.8764754878641262 28.495760331105654 0.7999999999999999
endloop
endfacet
facet normal -0.4277475563207453 -0.9038982398819189 7.448230147051054e-34
outer loop
vertex 1.577669998390153 27.779075102588493 19.709999999999997
vertex 1.1557476498864248 28.076149293433105 0.7999999999999999
vertex 1.577669998390153 27.779075102588493 0.7999999999999999
endloop
endfacet
facet normal -0.7163232620331247 -0.6977685750090953 1.3415417801656687e-33
outer loop
vertex 1.1557476498864248 28.076149293433105 0.7999999999999999
vertex 1.577669998390153 27.779075102588493 19.709999999999997
vertex 1.1557476498864248 28.076149293433105 19.709999999999997
endloop
endfacet
facet normal 0.8951995280318054 -0.4456655753046593 -1.8287206933762504e-33
outer loop
vertex 63.643071702126846 13.319596825854925 0.7999999999999999
vertex 61.427848712853546 8.85254057050831 17.97
vertex 61.427848712853546 8.85254057050831 0.7999999999999999
endloop
endfacet
facet normal 0.8966180694868909 -0.44280473966478817 -1.8312065488248943e-33
outer loop
vertex 61.427848712853546 8.85254057050831 17.97
vertex 63.643071702126846 13.319596825854925 0.7999999999999999
vertex 63.643071702126846 13.319596825854925 17.97
endloop
endfacet
facet normal -0.20334388610467827 -0.9791073812324407 2.9062565411916093e-34
outer loop
vertex 78.03681224536325 26.276437528631487 17.97
vertex 75.62624211014281 26.510197167999916 0.7999999999999999
vertex 78.03681224536325 26.276437528631487 0.7999999999999999
endloop
endfacet
facet normal 0.013875915259009969 -0.9999037248534106 -1.4302542412127805e-34
outer loop
vertex 75.62624211014281 26.510197167999916 0.7999999999999999
vertex 78.03681224536325 26.276437528631487 17.97
vertex 75.62624211014281 26.510197167999916 17.97
endloop
endfacet
facet normal -0.9997921456434019 0.020387876538833557 1.9872551124079442e-33
outer loop
vertex 3.854496059231195 25.385219010161048 17.97
vertex 3.834191056221012 24.38949086318218 0.7999999999999999
vertex 3.834191056221012 24.38949086318218 17.97
endloop
endfacet
facet normal -0.99998701164624 0.005096718436692379 1.9858760294668625e-33
outer loop
vertex 3.834191056221012 24.38949086318218 0.7999999999999999
vertex 3.854496059231195 25.385219010161048 17.97
vertex 3.854496059231195 25.385219010161048 0.7999999999999999
endloop
endfacet
facet normal -0.9489838925466553 -0.31532454976896196 1.847613890479345e-33
outer loop
vertex 4.367776887047828 19.979832477137723 17.97
vertex 5.564320615918614 17.563982696960533 0.7999999999999999
vertex 5.564320615918614 17.563982696960533 17.97
endloop
endfacet
facet normal -0.8164281129043555 -0.5774470854194633 1.5541770112423393e-33
outer loop
vertex 5.564320615918614 17.563982696960533 0.7999999999999999
vertex 4.367776887047828 19.979832477137723 17.97
vertex 4.367776887047828 19.979832477137723 0.7999999999999999
endloop
endfacet
facet normal -0.4413017498313886 -0.8973587719500795 7.724875674132465e-34
outer loop
vertex 14.029208138226192 12.020158756739802 17.97
vertex 7.493877826009529 15.579336218310582 0.7999999999999999
vertex 14.029208138226192 12.020158756739802 0.7999999999999999
endloop
endfacet
facet normal -0.6044551994853642 -0.7966391352520341 1.108030225399287e-33
outer loop
vertex 7.493877826009529 15.579336218310582 0.7999999999999999
vertex 14.029208138226192 12.020158756739802 17.97
vertex 7.493877826009529 15.579336218310582 17.97
endloop
endfacet
facet normal -0.1333097204232217 -0.9910744262872908 1.5020384418600908e-34
outer loop
vertex 47.18819051197445 1.2798895161566244 17.97
vertex 36.72288472545626 3.306775480182777 0.7999999999999999
vertex 47.18819051197445 1.2798895161566244 0.7999999999999999
endloop
endfacet
facet normal -0.24956031696951178 -0.9683592557486489 3.836210294557315e-34
outer loop
vertex 36.72288472545626 3.306775480182777 0.7999999999999999
vertex 47.18819051197445 1.2798895161566244 17.97
vertex 36.72288472545626 3.306775480182777 17.97
endloop
endfacet
facet normal 0.9997921629696552 0.02038702686657827 -1.982546114169102e-33
outer loop
vertex 147.68967605421668 27.2482491278711 0.7999999999999999
vertex 147.70998105823833 26.25247941496536 17.97
vertex 147.70998105823833 26.25247941496536 0.7999999999999999
endloop
endfacet
facet normal 0.9997921629696552 0.02038702686657827 -1.982546114169102e-33
outer loop
vertex 147.70998105823833 26.25247941496536 17.97
vertex 147.68967605421668 27.2482491278711 0.7999999999999999
vertex 147.68967605421668 27.2482491278711 17.97
endloop
endfacet
facet normal 0.9997921518293489 0.020387573186628948 -1.9825460289584186e-33
outer loop
vertex 147.70998105823833 26.25247941496536 0.7999999999999999
vertex 147.73028606009188 25.2567365028373 17.97
vertex 147.73028606009188 25.2567365028373 0.7999999999999999
endloop
endfacet
facet normal 0.9997921518293489 0.020387573186628948 -1.9825460289584186e-33
outer loop
vertex 147.73028606009188 25.2567365028373 17.97
vertex 147.70998105823833 26.25247941496536 0.7999999999999999
vertex 147.70998105823833 26.25247941496536 17.97
endloop
endfacet
facet normal 0.34373992312651686 -0.9390648887318577 -7.908826079119264e-34
outer loop
vertex 124.45259422172327 6.33643010793723 17.97
vertex 113.47594408538497 2.9581203372325953 0.7999999999999999
vertex 124.45259422172327 6.33643010793723 0.7999999999999999
endloop
endfacet
facet normal 0.23412352157766653 -0.9722068589781045 -5.770872352463474e-34
outer loop
vertex 113.47594408538497 2.9581203372325953 0.7999999999999999
vertex 124.45259422172327 6.33643010793723 17.97
vertex 113.47594408538497 2.9581203372325953 17.97
endloop
endfacet
facet normal -0.8970477191055822 -0.4419336937227945 1.72988241887434e-33
outer loop
vertex 85.42436306998168 18.355687542131022 17.97
vertex 87.65114136761869 13.894856381432433 0.7999999999999999
vertex 87.65114136761869 13.894856381432433 17.97
endloop
endfacet
facet normal -0.8950654996223812 -0.44593469408169767 1.7254850228129898e-33
outer loop
vertex 87.65114136761869 13.894856381432433 0.7999999999999999
vertex 85.42436306998168 18.355687542131022 17.97
vertex 85.42436306998168 18.355687542131022 0.7999999999999999
endloop
endfacet
facet normal 0.14120418801549844 -0.9899804933870585 -3.94665905975932e-34
outer loop
vertex 149.43495783846194 27.631967344917026 19.71000000000002
vertex 148.96412712876204 27.607350759522344 0.7999999999999999
vertex 149.43495783846194 27.631967344917026 0.7999999999999999
endloop
endfacet
facet normal 0.03452247587461129 -0.9994039216750586 -1.8395759198659703e-34
outer loop
vertex 148.96412712876204 27.607350759522344 0.7999999999999999
vertex 149.43495783846194 27.631967344917026 19.71000000000002
vertex 148.96412712876204 27.607350759522344 19.71000000000002
endloop
endfacet
facet normal 0.3892603619116737 -0.9211277710743462 -8.791834051368099e-34
outer loop
vertex 149.94242131778827 27.751386026313067 19.71000000000002
vertex 149.43495783846194 27.631967344917026 0.7999999999999999
vertex 149.94242131778827 27.751386026313067 0.7999999999999999
endloop
endfacet
facet normal 0.14120418801549844 -0.9899804933870585 -3.94665905975932e-34
outer loop
vertex 149.43495783846194 27.631967344917026 0.7999999999999999
vertex 149.94242131778827 27.751386026313067 19.71000000000002
vertex 149.43495783846194 27.631967344917026 19.71000000000002
endloop
endfacet
facet normal 0.9997921450054716 0.020387907821991767 -1.9825459767643474e-33
outer loop
vertex 147.73028606009188 25.2567365028373 0.7999999999999999
vertex 147.75059106061744 24.261010006180733 17.97
vertex 147.75059106061744 24.261010006180733 0.7999999999999999
endloop
endfacet
facet normal 0.9999950819591983 -0.0031362489404264025 -1.9856656398744577e-33
outer loop
vertex 147.75059106061744 24.261010006180733 17.97
vertex 147.73028606009188 25.2567365028373 0.7999999999999999
vertex 147.73028606009188 25.2567365028373 17.97
endloop
endfacet
facet normal -0.6557668798502251 -0.7549634423543304 1.2147130453656966e-33
outer loop
vertex 81.81146319439715 24.52338626028488 17.97
vertex 80.09736795883802 25.60985045346339 0.7999999999999999
vertex 81.81146319439715 24.52338626028488 0.7999999999999999
endloop
endfacet
facet normal -0.42494633753704425 -0.905218542791658 7.391092382600361e-34
outer loop
vertex 80.09736795883802 25.60985045346339 0.7999999999999999
vertex 81.81146319439715 24.52338626028488 17.97
vertex 80.09736795883802 25.60985045346339 17.97
endloop
endfacet
facet normal -0.8972153048977265 -0.4415933612015468 1.7302544336542144e-33
outer loop
vertex 89.87109676020147 9.430349017227451 17.97
vertex 91.86736402166864 5.332409090291516 0.7999999999999999
vertex 91.86736402166864 5.332409090291516 17.97
endloop
endfacet
facet normal -0.8670003046979469 -0.49830760746116187 1.6637183513139956e-33
outer loop
vertex 91.86736402166864 5.332409090291516 0.7999999999999999
vertex 89.87109676020147 9.430349017227451 17.97
vertex 89.87109676020147 9.430349017227451 0.7999999999999999
endloop
endfacet
facet normal -0.1187610199572775 -0.9929228671647697 1.2110664339055515e-34
outer loop
vertex 97.72351394334852 0.8291366594416355 17.97
vertex 95.21773636906296 1.5887760701179015 0.7999999999999999
vertex 97.72351394334852 0.8291366594416355 0.7999999999999999
endloop
endfacet
facet normal -0.4731398298868119 -0.8809873446166403 8.375868397741075e-34
outer loop
vertex 95.21773636906296 1.5887760701179015 0.7999999999999999
vertex 97.72351394334852 0.8291366594416355 17.97
vertex 95.21773636906296 1.5887760701179015 17.97
endloop
endfacet
facet normal 0.9927501302762172 -0.1201964177359455 -1.98480124553528e-33
outer loop
vertex 147.7012435021586 22.410579357068443 0.7999999999999999
vertex 147.0992955355178 19.64498895914334 17.97
vertex 147.0992955355178 19.64498895914334 0.7999999999999999
endloop
endfacet
facet normal 0.9370233253262066 -0.3492667859883306 -1.90062107828095e-33
outer loop
vertex 147.0992955355178 19.64498895914334 17.97
vertex 147.7012435021586 22.410579357068443 0.7999999999999999
vertex 147.7012435021586 22.410579357068443 17.97
endloop
endfacet
facet normal 0.42938191313088186 -0.9031230108219279 -9.567579076532105e-34
outer loop
vertex 136.01773000474864 11.270063240053783 17.97
vertex 124.45259422172327 6.33643010793723 0.7999999999999999
vertex 136.01773000474864 11.270063240053783 0.7999999999999999
endloop
endfacet
facet normal 0.34373992312651686 -0.9390648887318577 -7.908826079119264e-34
outer loop
vertex 124.45259422172327 6.33643010793723 0.7999999999999999
vertex 136.01773000474864 11.270063240053783 17.97
vertex 124.45259422172327 6.33643010793723 17.97
endloop
endfacet
facet normal 0.9370233253262066 -0.3492667859883306 -1.90062107828095e-33
outer loop
vertex 147.0992955355178 19.64498895914334 0.7999999999999999
vertex 145.81119209241868 17.282997605490745 17.97
vertex 145.81119209241868 17.282997605490745 0.7999999999999999
endloop
endfacet
facet normal 0.7929608387733394 -0.609272605794715 -1.6446396050946055e-33
outer loop
vertex 145.81119209241868 17.282997605490745 17.97
vertex 147.0992955355178 19.64498895914334 0.7999999999999999
vertex 147.0992955355178 19.64498895914334 17.97
endloop
endfacet
facet normal 0.6821826871276885 -0.7311817704122869 -1.4387893851965544e-33
outer loop
vertex 150.37885848884102 28.030228750852938 19.71000000000002
vertex 149.94242131778827 27.751386026313067 0.7999999999999999
vertex 150.37885848884102 28.030228750852938 0.7999999999999999
endloop
endfacet
facet normal 0.3892603619116737 -0.9211277710743462 -8.791834051368099e-34
outer loop
vertex 149.94242131778827 27.751386026313067 0.7999999999999999
vertex 150.37885848884102 28.030228750852938 19.71000000000002
vertex 149.94242131778827 27.751386026313067 19.71000000000002
endloop
endfacet
facet normal 0.994459046148316 -0.10512471419120145 -1.986453370268434e-33
outer loop
vertex 150.79103672647096 28.935161100357607 0.7999999999999999
vertex 150.6795393912835 28.435895516738693 19.71000000000002
vertex 150.6795393912835 28.435895516738693 0.7999999999999999
endloop
endfacet
facet normal 0.9094728714790257 -0.4157632692334613 -1.853604377948316e-33
outer loop
vertex 150.6795393912835 28.435895516738693 19.71000000000002
vertex 150.79103672647096 28.935161100357607 0.7999999999999999
vertex 150.79103672647096 28.935161100357607 19.71000000000002
endloop
endfacet
facet normal 0.9999920375228634 0.003990600314767326 -1.984836526548776e-33
outer loop
vertex 150.7157294900359 37.22980761755245 0.7999999999999999
vertex 150.79103672647096 28.935161100357607 19.71000000000002
vertex 150.79103672647096 28.935161100357607 0.7999999999999999
endloop
endfacet
facet normal 0.994459046148316 -0.10512471419120145 -1.986453370268434e-33
outer loop
vertex 150.79103672647096 28.935161100357607 19.71000000000002
vertex 150.7157294900359 37.22980761755245 0.7999999999999999
vertex 150.7157294900359 37.22980761755245 19.71000000000002
endloop
endfacet
facet normal 0.9999952949289982 -0.0030675918675802066 -1.985658133583511e-33
outer loop
vertex 150.72517365674057 45.8346090947026 0.7999999999999999
vertex 150.7157294900359 37.22980761755245 19.71000000000002
vertex 150.7157294900359 37.22980761755245 0.7999999999999999
endloop
endfacet
facet normal 0.9999920375228634 0.003990600314767326 -1.984836526548776e-33
outer loop
vertex 150.7157294900359 37.22980761755245 19.71000000000002
vertex 150.72517365674057 45.8346090947026 0.7999999999999999
vertex 150.72517365674057 45.8346090947026 19.71000000000002
endloop
endfacet
facet normal 0.9999925505341579 -0.0038599062410589998 -1.985744188302704e-33
outer loop
vertex 150.76849276112932 54.43361024311675 0.7999999999999999
vertex 150.72517365674057 45.8346090947026 19.71000000000002
vertex 150.72517365674057 45.8346090947026 0.7999999999999999
endloop
endfacet
facet normal 0.9999952949289982 -0.0030675918675802066 -1.985658133583511e-33
outer loop
vertex 150.72517365674057 45.8346090947026 19.71000000000002
vertex 150.76849276112932 54.43361024311675 0.7999999999999999
vertex 150.76849276112932 54.43361024311675 19.71000000000002
endloop
endfacet
facet normal -0.8950654996223812 -0.44593469408169767 1.7254850228129898e-33
outer loop
vertex 87.65114136761869 13.894856381432433 17.97
vertex 89.87109676020147 9.430349017227451 0.7999999999999999
vertex 89.87109676020147 9.430349017227451 17.97
endloop
endfacet
facet normal -0.8972153048977265 -0.4415933612015468 1.7302544336542144e-33
outer loop
vertex 89.87109676020147 9.430349017227451 0.7999999999999999
vertex 87.65114136761869 13.894856381432433 17.97
vertex 87.65114136761869 13.894856381432433 0.7999999999999999
endloop
endfacet
facet normal -0.6557668798502251 -0.7549634423543304 1.2147130453656966e-33
outer loop
vertex 81.81146319439715 24.52338626028488 17.97
vertex 83.24364082859947 22.841330342970835 0.7999999999999999
vertex 83.24364082859947 22.841330342970835 17.97
endloop
endfacet
facet normal -0.8370530936752303 -0.5471216668792476 1.5986262951303844e-33
outer loop
vertex 83.24364082859947 22.841330342970835 0.7999999999999999
vertex 81.81146319439715 24.52338626028488 17.97
vertex 81.81146319439715 24.52338626028488 0.7999999999999999
endloop
endfacet
facet normal 0.1149089852178429 -0.9933760240292724 -3.428538374431857e-34
outer loop
vertex 103.08629983794654 1.1311924288604187 17.97
vertex 97.72351394334852 0.8291366594416355 0.7999999999999999
vertex 103.08629983794654 1.1311924288604187 0.7999999999999999
endloop
endfacet
facet normal -0.1187610199572775 -0.9929228671647697 1.2110664339055515e-34
outer loop
vertex 97.72351394334852 0.8291366594416355 0.7999999999999999
vertex 103.08629983794654 1.1311924288604187 17.97
vertex 97.72351394334852 0.8291366594416355 17.97
endloop
endfacet
facet normal -0.8670003046979469 -0.49830760746116187 1.6637183513139956e-33
outer loop
vertex 91.86736402166864 5.332409090291516 17.97
vertex 93.32513056422243 3.1551243982464126 0.7999999999999999
vertex 93.32513056422243 3.1551243982464126 17.97
endloop
endfacet
facet normal -0.7420226146187439 -0.6703748499118708 1.3957267045216527e-33
outer loop
vertex 93.32513056422243 3.1551243982464126 0.7999999999999999
vertex 91.86736402166864 5.332409090291516 17.97
vertex 91.86736402166864 5.332409090291516 0.7999999999999999
endloop
endfacet
facet normal 0.031317014446089406 -0.9995095020089522 -1.7760594040568907e-34
outer loop
vertex 148.49176687979414 27.59940352602098 19.71000000000002
vertex 148.0189735470118 27.57772432697696 0.7999999999999999
vertex 148.49176687979414 27.59940352602098 0.7999999999999999
endloop
endfacet
facet normal 0.04580530805383152 -0.9989503860323063 -2.063051695261526e-34
outer loop
vertex 148.0189735470118 27.57772432697696 0.7999999999999999
vertex 148.49176687979414 27.59940352602098 19.71000000000002
vertex 148.0189735470118 27.57772432697696 17.97
endloop
endfacet
facet normal 0.058375046145378126 -0.9982947230089544 -9.913330392896336e-33
outer loop
vertex 148.0189735470118 27.57772432697696 17.97
vertex 148.49176687979414 27.59940352602098 19.71000000000002
vertex 148.0189735470118 27.57772432697696 19.71000000000002
endloop
endfacet
facet normal 0.9999950819591983 -0.0031362489404264025 -1.9856656398744577e-33
outer loop
vertex 147.75059106061744 24.261010006180733 0.7999999999999999
vertex 147.7012435021586 22.410579357068443 17.97
vertex 147.7012435021586 22.410579357068443 0.7999999999999999
endloop
endfacet
facet normal 0.9927501302762172 -0.1201964177359455 -1.98480124553528e-33
outer loop
vertex 147.7012435021586 22.410579357068443 17.97
vertex 147.75059106061744 24.261010006180733 0.7999999999999999
vertex 147.75059106061744 24.261010006180733 17.97
endloop
endfacet
facet normal -0.8370530936752303 -0.5471216668792476 1.5986262951303844e-33
outer loop
vertex 83.24364082859947 22.841330342970835 17.97
vertex 85.42436306998168 18.355687542131022 0.7999999999999999
vertex 85.42436306998168 18.355687542131022 17.97
endloop
endfacet
facet normal -0.8970477191055822 -0.4419336937227945 1.72988241887434e-33
outer loop
vertex 85.42436306998168 18.355687542131022 0.7999999999999999
vertex 83.24364082859947 22.841330342970835 17.97
vertex 83.24364082859947 22.841330342970835 0.7999999999999999
endloop
endfacet
facet normal 0.5827305024527183 -0.8126654671580444 -1.2507560802129092e-33
outer loop
vertex 143.78313355468842 15.356299462425252 17.97
vertex 136.01773000474864 11.270063240053783 0.7999999999999999
vertex 143.78313355468842 15.356299462425252 0.7999999999999999
endloop
endfacet
facet normal 0.42938191313088186 -0.9031230108219279 -9.567579076532105e-34
outer loop
vertex 136.01773000474864 11.270063240053783 0.7999999999999999
vertex 143.78313355468842 15.356299462425252 17.97
vertex 136.01773000474864 11.270063240053783 17.97
endloop
endfacet
facet normal 0.7072975000582868 -0.7069160108607654 -1.485847738605224e-33
outer loop
vertex 148.0189735470118 27.57772432697696 0.7999999999999999
vertex 147.68967605421668 27.2482491278711 17.97
vertex 147.68967605421668 27.2482491278711 0.7999999999999999
endloop
endfacet
facet normal 0.7072975000582868 -0.7069160108607654 -1.485847738605224e-33
outer loop
vertex 147.68967605421668 27.2482491278711 17.97
vertex 148.0189735470118 27.57772432697696 0.7999999999999999
vertex 148.0189735470118 27.57772432697696 17.97
endloop
endfacet
facet normal 0.03452247587461129 -0.9994039216750586 -1.8395759198659703e-34
outer loop
vertex 148.96412712876204 27.607350759522344 19.71000000000002
vertex 148.49176687979414 27.59940352602098 0.7999999999999999
vertex 148.96412712876204 27.607350759522344 0.7999999999999999
endloop
endfacet
facet normal 0.031317014446089406 -0.9995095020089522 -1.7760594040568907e-34
outer loop
vertex 148.49176687979414 27.59940352602098 0.7999999999999999
vertex 148.96412712876204 27.607350759522344 19.71000000000002
vertex 148.49176687979414 27.59940352602098 19.71000000000002
endloop
endfacet
facet normal 0.9094728714790257 -0.4157632692334613 -1.853604377948316e-33
outer loop
vertex 150.6795393912835 28.435895516738693 0.7999999999999999
vertex 150.37885848884102 28.030228750852938 19.71000000000002
vertex 150.37885848884102 28.030228750852938 0.7999999999999999
endloop
endfacet
facet normal 0.6821826871276885 -0.7311817704122869 -1.4387893851965544e-33
outer loop
vertex 150.37885848884102 28.030228750852938 19.71000000000002
vertex 150.6795393912835 28.435895516738693 0.7999999999999999
vertex 150.6795393912835 28.435895516738693 19.71000000000002
endloop
endfacet
facet normal -0.4731398298868119 -0.8809873446166403 8.375868397741075e-34
outer loop
vertex 95.21773636906296 1.5887760701179015 17.97
vertex 93.32513056422243 3.1551243982464126 0.7999999999999999
vertex 95.21773636906296 1.5887760701179015 0.7999999999999999
endloop
endfacet
facet normal -0.7420226146187439 -0.6703748499118708 1.3957267045216527e-33
outer loop
vertex 93.32513056422243 3.1551243982464126 0.7999999999999999
vertex 95.21773636906296 1.5887760701179015 17.97
vertex 93.32513056422243 3.1551243982464126 17.97
endloop
endfacet
facet normal 0.23412352157766653 -0.9722068589781045 -5.770872352463474e-34
outer loop
vertex 113.47594408538497 2.9581203372325953 17.97
vertex 103.08629983794654 1.1311924288604187 0.7999999999999999
vertex 113.47594408538497 2.9581203372325953 0.7999999999999999
endloop
endfacet
facet normal 0.1149089852178429 -0.9933760240292724 -3.428538374431857e-34
outer loop
vertex 103.08629983794654 1.1311924288604187 0.7999999999999999
vertex 113.47594408538497 2.9581203372325953 17.97
vertex 103.08629983794654 1.1311924288604187 17.97
endloop
endfacet
facet normal 0.7929608387733394 -0.609272605794715 -1.6446396050946055e-33
outer loop
vertex 145.81119209241868 17.282997605490745 17.97
vertex 143.78313355468842 15.356299462425252 0.7999999999999999
vertex 145.81119209241868 17.282997605490745 0.7999999999999999
endloop
endfacet
facet normal 0.5827305024527183 -0.8126654671580444 -1.2507560802129092e-33
outer loop
vertex 143.78313355468842 15.356299462425252 0.7999999999999999
vertex 145.81119209241868 17.282997605490745 17.97
vertex 143.78313355468842 15.356299462425252 17.97
endloop
endfacet
facet normal 0.1418222904926025 0.9898921344871026 -1.6724050304892857e-34
outer loop
vertex 112.74903084204212 80.36623528238287 17.97
vertex 120.57102779783644 79.13534818340516 0.7999999999999999
vertex 112.74903084204212 80.36623528238287 0.7999999999999999
endloop
endfacet
facet normal 0.17028768626392407 0.9853943900321737 -2.2427266688613463e-34
outer loop
vertex 120.57102779783644 79.13534818340516 0.7999999999999999
vertex 112.74903084204212 80.36623528238287 17.97
vertex 120.57102779783644 79.13534818340516 17.97
endloop
endfacet
facet normal 0.11497199039020146 0.9933687338675985 -1.1353274048543903e-34
outer loop
vertex 104.89481983085412 81.38126777969289 17.97
vertex 112.74903084204212 80.36623528238287 0.7999999999999999
vertex 104.89481983085412 81.38126777969289 0.7999999999999999
endloop
endfacet
facet normal 0.1418222904926025 0.9898921344871026 -1.6724050304892857e-34
outer loop
vertex 112.74903084204212 80.36623528238287 0.7999999999999999
vertex 104.89481983085412 81.38126777969289 17.97
vertex 112.74903084204212 80.36623528238287 17.97
endloop
endfacet
facet normal 0.9842406229677061 0.17683437476956163 -1.9336035661512314e-33
outer loop
vertex 150.78935974589277 62.21343993445914 0.7999999999999999
vertex 150.76849276112932 54.43361024311675 19.71000000000002
vertex 150.76849276112932 54.43361024311675 0.7999999999999999
endloop
endfacet
facet normal 0.9999925505341579 -0.0038599062410589998 -1.985744188302704e-33
outer loop
vertex 150.76849276112932 54.43361024311675 19.71000000000002
vertex 150.78935974589277 62.21343993445914 0.7999999999999999
vertex 150.78935974589277 62.21343993445914 19.71000000000002
endloop
endfacet
facet normal 0.06602301134985895 0.9978181006437479 -1.583983540479751e-35
outer loop
vertex 93.14905341961786 82.49544391696982 17.97
vertex 97.0182627089369 82.18693143712667 0.7999999999999999
vertex 93.14905341961786 82.49544391696982 0.7999999999999999
endloop
endfacet
facet normal 0.09062484762337343 0.9958851023051006 -6.490542486559596e-35
outer loop
vertex 97.0182627089369 82.18693143712667 0.7999999999999999
vertex 93.14905341961786 82.49544391696982 17.97
vertex 97.0182627089369 82.18693143712667 17.97
endloop
endfacet
facet normal 0.31682088805251774 0.9484853846494495 -5.1944953293210715e-34
outer loop
vertex 140.76709575053403 73.88862919298603 17.97
vertex 144.42080802137482 72.59779878073003 0.7999999999999999
vertex 140.76709575053403 73.88862919298603 0.7999999999999999
endloop
endfacet
facet normal 0.4421423096597067 0.8969449135865482 -7.742041378220352e-34
outer loop
vertex 144.42080802137482 72.59779878073003 0.7999999999999999
vertex 140.76709575053403 73.88862919298603 17.97
vertex 144.42080802137482 72.59779878073003 17.97
endloop
endfacet
facet normal -0.7792653286535758 0.6266941419531818 1.6194617151978885e-33
outer loop
vertex 67.3125853118948 29.9002067990865 17.97
vertex 65.68206608389244 27.368131255402478 0.7999999999999999
vertex 65.68206608389244 27.368131255402478 17.97
endloop
endfacet
facet normal -0.8564308176508392 0.5162618081728644 1.759905714187129e-33
outer loop
vertex 65.68206608389244 27.368131255402478 0.7999999999999999
vertex 67.3125853118948 29.9002067990865 17.97
vertex 67.3125853118948 29.9002067990865 0.7999999999999999
endloop
endfacet
facet normal 0.17028768626392407 0.9853943900321737 -2.2427266688613463e-34
outer loop
vertex 120.57102779783644 79.13534818340516 17.97
vertex 127.13786975445323 77.89853816061408 0.7999999999999999
vertex 120.57102779783644 79.13534818340516 0.7999999999999999
endloop
endfacet
facet normal 0.2188112605642988 0.9757672018725895 -3.21718989170755e-34
outer loop
vertex 127.13786975445323 77.89853816061408 0.7999999999999999
vertex 120.57102779783644 79.13534818340516 17.97
vertex 127.13786975445323 77.89853816061408 17.97
endloop
endfacet
facet normal 0.9998388484752149 -0.017952077310347137 -1.9870665253451193e-33
outer loop
vertex 148.31298105252284 66.32210731037114 0.7999999999999999
vertex 148.31298105252284 65.35687608730804 17.97
vertex 148.31298105252284 65.35687608730804 0.7999999999999999
endloop
endfacet
facet normal 1.0 0.0 -1.9853132030242745e-33
outer loop
vertex 148.31298105252284 65.35687608730804 17.97
vertex 148.31298105252284 66.32210731037114 0.7999999999999999
vertex 148.31298105252284 66.32210731037114 17.97
endloop
endfacet
facet normal -0.8564308176508392 0.5162618081728644 1.759905714187129e-33
outer loop
vertex 65.68206608389244 27.368131255402478 17.97
vertex 63.333897248506325 23.198136635806605 0.7999999999999999
vertex 63.333897248506325 23.198136635806605 17.97
endloop
endfacet
facet normal -0.8713499110228164 0.49066213687274673 1.786568319468053e-33
outer loop
vertex 63.333897248506325 23.198136635806605 0.7999999999999999
vertex 65.68206608389244 27.368131255402478 17.97
vertex 65.68206608389244 27.368131255402478 0.7999999999999999
endloop
endfacet
facet normal 0.012256579794145916 0.9999248853047663 9.114668045317386e-35
outer loop
vertex 85.7154013380858 82.75206093781583 17.97
vertex 88.1956100379426 82.70782803220868 0.7999999999999999
vertex 85.7154013380858 82.75206093781583 0.7999999999999999
endloop
endfacet
facet normal 0.0254772995934762 0.9996754009204311 6.487059830350474e-35
outer loop
vertex 88.1956100379426 82.70782803220868 0.7999999999999999
vertex 85.7154013380858 82.75206093781583 17.97
vertex 88.1956100379426 82.70782803220868 17.97
endloop
endfacet
facet normal 0.9365221815854751 0.3506083333270656 -1.8187986197610456e-33
outer loop
vertex 150.57933808497924 62.77443613837842 0.7999999999999999
vertex 150.78935974589277 62.21343993445914 19.71000000000002
vertex 150.78935974589277 62.21343993445914 0.7999999999999999
endloop
endfacet
facet normal 0.9842406229677061 0.17683437476956163 -1.9336035661512314e-33
outer loop
vertex 150.78935974589277 62.21343993445914 19.71000000000002
vertex 150.57933808497924 62.77443613837842 0.7999999999999999
vertex 150.57933808497924 62.77443613837842 19.71000000000002
endloop
endfacet
facet normal 0.0254772995934762 0.9996754009204311 6.487059830350474e-35
outer loop
vertex 88.1956100379426 82.70782803220868 17.97
vertex 90.67377636855794 82.62570214695711 0.7999999999999999
vertex 88.1956100379426 82.70782803220868 0.7999999999999999
endloop
endfacet
facet normal 0.042838315435944956 0.9990820180198474 3.033501542944137e-35
outer loop
vertex 90.67377636855794 82.62570214695711 0.7999999999999999
vertex 88.1956100379426 82.70782803220868 17.97
vertex 90.67377636855794 82.62570214695711 17.97
endloop
endfacet
facet normal 0.2122460781207679 0.9772162515647972 -3.0851769720268796e-34
outer loop
vertex 148.31298105252284 63.426411198468436 17.97
vertex 149.17369646648467 63.2394684714119 0.7999999999999999
vertex 148.31298105252284 63.426411198468436 0.7999999999999999
endloop
endfacet
facet normal 0.18053114406670973 0.9835692685428743 -2.4481991945891744e-34
outer loop
vertex 149.17369646648467 63.2394684714119 0.7999999999999999
vertex 148.31298105252284 63.426411198468436 17.97
vertex 149.17369646648467 63.2394684714119 19.71000000000002
endloop
endfacet
facet normal 0.18053114406670973 0.9835692685428743 -2.4481991945891744e-34
outer loop
vertex 149.17369646648467 63.2394684714119 19.71000000000002
vertex 148.31298105252284 63.426411198468436 17.97
vertex 148.31298105252284 63.426411198468436 19.71000000000002
endloop
endfacet
facet normal -0.01706212270791082 0.9998544313892399 1.4934535100867056e-34
outer loop
vertex 73.7515659822711 32.99959558041142 17.97
vertex 74.53439593079842 33.01623639367345 0.7999999999999999
vertex 73.7515659822711 32.99959558041142 0.7999999999999999
endloop
endfacet
facet normal -0.02125245057198858 0.9997741411662363 1.5765519164440173e-34
outer loop
vertex 74.53439593079842 33.01623639367345 0.7999999999999999
vertex 73.7515659822711 32.99959558041142 17.97
vertex 74.53439593079842 33.01623639367345 17.97
endloop
endfacet
facet normal 0.2971046426263937 0.9548449252783632 -4.795721567336691e-34
outer loop
vertex 136.24485110020487 75.3130643231134 17.97
vertex 140.76709575053403 73.88862919298603 0.7999999999999999
vertex 136.24485110020487 75.3130643231134 0.7999999999999999
endloop
endfacet
facet normal 0.31682088805251774 0.9484853846494495 -5.1944953293210715e-34
outer loop
vertex 140.76709575053403 73.88862919298603 0.7999999999999999
vertex 136.24485110020487 75.3130643231134 17.97
vertex 140.76709575053403 73.88862919298603 17.97
endloop
endfacet
facet normal 0.9949862975652582 0.10001133764418574 -1.9638092735143425e-33
outer loop
vertex 148.3612610976065 67.66614961218208 0.7999999999999999
vertex 148.31298105252284 66.32210731037114 17.97
vertex 148.31298105252284 66.32210731037114 0.7999999999999999
endloop
endfacet
facet normal 0.9998388484752149 -0.017952077310347137 -1.9870665253451193e-33
outer loop
vertex 148.31298105252284 66.32210731037114 17.97
vertex 148.3612610976065 67.66614961218208 0.7999999999999999
vertex 148.3612610976065 67.66614961218208 17.97
endloop
endfacet
facet normal -0.3488562158985024 0.9371762591044321 8.008219364904673e-34
outer loop
vertex 70.75126294635142 32.542884368231796 17.97
vertex 73.04155467480537 32.9904559161761 0.7999999999999999
vertex 70.75126294635142 32.542884368231796 0.7999999999999999
endloop
endfacet
facet normal -0.10274877501529982 0.9947073384834635 3.188657630925609e-34
outer loop
vertex 73.04155467480537 32.9904559161761 0.7999999999999999
vertex 70.75126294635142 32.542884368231796 17.97
vertex 73.04155467480537 32.9904559161761 17.97
endloop
endfacet
facet normal -0.6083691004580687 0.7936542305108949 1.2994611480408833e-33
outer loop
vertex 68.86951538224919 31.466187715088978 17.97
vertex 70.75126294635142 32.542884368231796 0.7999999999999999
vertex 68.86951538224919 31.466187715088978 0.7999999999999999
endloop
endfacet
facet normal -0.3488562158985024 0.9371762591044321 8.008219364904673e-34
outer loop
vertex 70.75126294635142 32.542884368231796 0.7999999999999999
vertex 68.86951538224919 31.466187715088978 17.97
vertex 70.75126294635142 32.542884368231796 17.97
endloop
endfacet
facet normal 0.4421423096597067 0.8969449135865482 -7.742041378220352e-34
outer loop
vertex 144.42080802137482 72.59779878073003 17.97
vertex 146.5947428112626 71.18476921910955 0.7999999999999999
vertex 144.42080802137482 72.59779878073003 0.7999999999999999
endloop
endfacet
facet normal 0.6714461989963932 0.741053305675979 -1.2474478655707093e-33
outer loop
vertex 146.5947428112626 71.18476921910955 0.7999999999999999
vertex 144.42080802137482 72.59779878073003 17.97
vertex 146.5947428112626 71.18476921910955 17.97
endloop
endfacet
facet normal 0.042838315435944956 0.9990820180198474 3.033501542944137e-35
outer loop
vertex 90.67377636855794 82.62570214695711 17.97
vertex 93.14905341961786 82.49544391696982 0.7999999999999999
vertex 90.67377636855794 82.62570214695711 0.7999999999999999
endloop
endfacet
facet normal 0.06602301134985895 0.9978181006437479 -1.583983540479751e-35
outer loop
vertex 93.14905341961786 82.49544391696982 0.7999999999999999
vertex 90.67377636855794 82.62570214695711 17.97
vertex 93.14905341961786 82.49544391696982 17.97
endloop
endfacet
facet normal -0.8713499110228164 0.49066213687274673 1.786568319468053e-33
outer loop
vertex 63.333897248506325 23.198136635806605 17.97
vertex 60.985755154982854 19.028115178023246 0.7999999999999999
vertex 60.985755154982854 19.028115178023246 17.97
endloop
endfacet
facet normal -0.8713517805964203 0.4906588167468795 1.7865716477208398e-33
outer loop
vertex 60.985755154982854 19.028115178023246 0.7999999999999999
vertex 63.333897248506325 23.198136635806605 17.97
vertex 63.333897248506325 23.198136635806605 0.7999999999999999
endloop
endfacet
facet normal 0.6714461989963932 0.741053305675979 -1.2474478655707093e-33
outer loop
vertex 146.5947428112626 71.18476921910955 0.7999999999999999
vertex 147.90979940857918 69.54129993711884 17.97
vertex 147.90979940857918 69.54129993711884 0.7999999999999999
endloop
endfacet
facet normal 0.8980172151817135 0.4399603177984129 -1.7320350744699248e-33
outer loop
vertex 147.90979940857918 69.54129993711884 17.97
vertex 146.5947428112626 71.18476921910955 0.7999999999999999
vertex 146.5947428112626 71.18476921910955 17.97
endloop
endfacet
facet normal 0.8980172151817135 0.4399603177984129 -1.7320350744699248e-33
outer loop
vertex 147.90979940857918 69.54129993711884 0.7999999999999999
vertex 148.3612610976065 67.66614961218208 17.97
vertex 148.3612610976065 67.66614961218208 0.7999999999999999
endloop
endfacet
facet normal 0.9949862975652582 0.10001133764418574 -1.9638092735143425e-33
outer loop
vertex 148.3612610976065 67.66614961218208 17.97
vertex 147.90979940857918 69.54129993711884 0.7999999999999999
vertex 147.90979940857918 69.54129993711884 17.97
endloop
endfacet
facet normal 0.27308776235425875 0.9619891236663459 -4.310660544425071e-34
outer loop
vertex 131.71495421898666 76.7052553603111 17.97
vertex 136.24485110020487 75.3130643231134 0.7999999999999999
vertex 131.71495421898666 76.7052553603111 0.7999999999999999
endloop
endfacet
facet normal 0.2971046426263937 0.9548449252783632 -4.795721567336691e-34
outer loop
vertex 136.24485110020487 75.3130643231134 0.7999999999999999
vertex 131.71495421898666 76.7052553603111 17.97
vertex 136.24485110020487 75.3130643231134 17.97
endloop
endfacet
facet normal -0.10274877501529982 0.9947073384834635 3.188657630925609e-34
outer loop
vertex 73.04155467480537 32.9904559161761 17.97
vertex 73.7515659822711 32.99959558041142 0.7999999999999999
vertex 73.04155467480537 32.9904559161761 0.7999999999999999
endloop
endfacet
facet normal -0.01706212270791082 0.9998544313892399 1.4934535100867056e-34
outer loop
vertex 73.7515659822711 32.99959558041142 0.7999999999999999
vertex 73.04155467480537 32.9904559161761 17.97
vertex 73.7515659822711 32.99959558041142 17.97
endloop
endfacet
facet normal 0.3427538207129066 0.9394252596064813 -5.719808668324798e-34
outer loop
vertex 150.03184982757165 63.11049090307773 19.71000000000002
vertex 150.57933808497924 62.77443613837842 0.7999999999999999
vertex 150.03184982757165 63.11049090307773 0.7999999999999999
endloop
endfacet
facet normal 0.5231248461211939 0.8522560620908937 -9.401408853239944e-34
outer loop
vertex 150.57933808497924 62.77443613837842 0.7999999999999999
vertex 150.03184982757165 63.11049090307773 19.71000000000002
vertex 150.57933808497924 62.77443613837842 19.71000000000002
endloop
endfacet
facet normal -0.6083691004580687 0.7936542305108949 1.2994611480408833e-33
outer loop
vertex 68.86951538224919 31.466187715088978 17.97
vertex 67.3125853118948 29.9002067990865 0.7999999999999999
vertex 67.3125853118948 29.9002067990865 17.97
endloop
endfacet
facet normal -0.7792653286535758 0.6266941419531818 1.6194617151978885e-33
outer loop
vertex 67.3125853118948 29.9002067990865 0.7999999999999999
vertex 68.86951538224919 31.466187715088978 17.97
vertex 68.86951538224919 31.466187715088978 0.7999999999999999
endloop
endfacet
facet normal 0.09062484762337343 0.9958851023051006 -6.490542486559596e-35
outer loop
vertex 97.0182627089369 82.18693143712667 17.97
vertex 104.89481983085412 81.38126777969289 0.7999999999999999
vertex 97.0182627089369 82.18693143712667 0.7999999999999999
endloop
endfacet
facet normal 0.11497199039020146 0.9933687338675985 -1.1353274048543903e-34
outer loop
vertex 104.89481983085412 81.38126777969289 0.7999999999999999
vertex 97.0182627089369 82.18693143712667 17.97
vertex 104.89481983085412 81.38126777969289 17.97
endloop
endfacet
facet normal 0.2188112605642988 0.9757672018725895 -3.21718989170755e-34
outer loop
vertex 127.13786975445323 77.89853816061408 17.97
vertex 131.71495421898666 76.7052553603111 0.7999999999999999
vertex 127.13786975445323 77.89853816061408 0.7999999999999999
endloop
endfacet
facet normal 0.27308776235425875 0.9619891236663459 -4.310660544425071e-34
outer loop
vertex 131.71495421898666 76.7052553603111 0.7999999999999999
vertex 127.13786975445323 77.89853816061408 17.97
vertex 131.71495421898666 76.7052553603111 17.97
endloop
endfacet
facet normal 0.18053114406670973 0.9835692685428743 -2.4481991945891744e-34
outer loop
vertex 149.17369646648467 63.2394684714119 19.71000000000002
vertex 150.03184982757165 63.11049090307773 0.7999999999999999
vertex 149.17369646648467 63.2394684714119 0.7999999999999999
endloop
endfacet
facet normal 0.3427538207129066 0.9394252596064813 -5.719808668324798e-34
outer loop
vertex 150.03184982757165 63.11049090307773 0.7999999999999999
vertex 149.17369646648467 63.2394684714119 19.71000000000002
vertex 150.03184982757165 63.11049090307773 19.71000000000002
endloop
endfacet
facet normal 1.0 0.0 -1.9853132030242745e-33
outer loop
vertex 148.31298105252284 64.39165095938819 0.7999999999999999
vertex 148.31298105252284 63.426411198468436 17.97
vertex 148.31298105252284 63.426411198468436 0.7999999999999999
endloop
endfacet
facet normal 1.0 0.0 -1.9853132030242745e-33
outer loop
vertex 148.31298105252284 63.426411198468436 17.97
vertex 148.31298105252284 64.39165095938819 0.7999999999999999
vertex 148.31298105252284 64.39165095938819 17.97
endloop
endfacet
facet normal 1.0 -2.3372507830377044e-14 -1.9853132030242776e-33
outer loop
vertex 148.31298105252284 65.35687608730804 0.7999999999999999
vertex 148.31298105252284 64.39165095938819 17.97
vertex 148.31298105252284 64.39165095938819 0.7999999999999999
endloop
endfacet
facet normal 1.0 -2.3372507830377044e-14 -1.9853132030242776e-33
outer loop
vertex 148.31298105252284 64.39165095938819 17.97
vertex 148.31298105252284 65.35687608730804 0.7999999999999999
vertex 148.31298105252284 65.35687608730804 17.97
endloop
endfacet
facet normal 0.33070583525013664 0.9437338875612711 -5.475642452221851e-34
outer loop
vertex 21.48241488091321 14.630921235933565 17.97
vertex 30.735971931684837 11.813674173853155 0.7999999999999999
vertex 21.48241488091321 14.630921235933565 0.7999999999999999
endloop
endfacet
facet normal 0.26029585308372033 0.9655289062826748 -4.052613038733408e-34
outer loop
vertex 30.735971931684837 11.813674173853155 0.7999999999999999
vertex 21.48241488091321 14.630921235933565 17.97
vertex 30.735971931684837 11.813674173853155 17.97
endloop
endfacet
facet normal 0.9999337308982363 0.011512333036076084 -1.9838520959698898e-33
outer loop
vertex 7.1908568193671325 25.14455551383852 0.7999999999999999
vertex 7.198186936476271 24.57663734654209 17.97
vertex 7.198186936476271 24.57663734654209 0.7999999999999999
endloop
endfacet
facet normal 0.9999688650199133 0.00789107031945085 -1.9843400624229818e-33
outer loop
vertex 7.198186936476271 24.57663734654209 17.97
vertex 7.1908568193671325 25.14455551383852 0.7999999999999999
vertex 7.1908568193671325 25.14455551383852 17.97
endloop
endfacet
facet normal 0.9689956176593943 0.24707790867839394 -1.8952251351135722e-33
outer loop
vertex 7.174621789938483 26.432210590996586 0.7999999999999999
vertex 7.184454558740087 26.280328314211406 17.97
vertex 7.184454558740087 26.280328314211406 0.7999999999999999
endloop
endfacet
facet normal 0.9994587851301117 0.032895848161152895 -1.9804396296717092e-33
outer loop
vertex 7.184454558740087 26.280328314211406 17.97
vertex 7.174621789938483 26.432210590996586 0.7999999999999999
vertex 7.174621789938483 26.432210590996586 17.97
endloop
endfacet
facet normal 0.5215109606561656 0.8532445827050316 -9.368226544341904e-34
outer loop
vertex 7.055533444544362 26.597917461717355 17.97
vertex 7.132909905205991 26.522049786015543 0.7999999999999999
vertex 7.055533444544362 26.597917461717355 0.7999999999999999
endloop
endfacet
facet normal 0.8167961527026271 0.5769263773915931 -1.5549678213047798e-33
outer loop
vertex 7.132909905205991 26.522049786015543 0.7999999999999999
vertex 7.055533444544362 26.597917461717355 17.97
vertex 7.132909905205991 26.522049786015543 17.97
endloop
endfacet
facet normal 0.20769292762238703 0.9781940747191439 -2.993653400686204e-34
outer loop
vertex 6.938544861416419 26.63690563141591 17.97
vertex 7.055533444544362 26.597917461717355 0.7999999999999999
vertex 6.938544861416419 26.63690563141591 0.7999999999999999
endloop
endfacet
facet normal 0.5215109606561656 0.8532445827050316 -9.368226544341904e-34
outer loop
vertex 7.055533444544362 26.597917461717355 0.7999999999999999
vertex 6.938544861416419 26.63690563141591 17.97
vertex 7.055533444544362 26.597917461717355 17.97
endloop
endfacet
facet normal 0.1254061923584539 0.9921054817498764 -1.3439379051457946e-34
outer loop
vertex 6.695075587037356 26.661699334158424 17.97
vertex 6.728619837848896 26.65745920360056 0.7999999999999999
vertex 6.695075587037356 26.661699334158424 0.7999999999999999
endloop
endfacet
facet normal 0.11154003507367509 0.9937599411204717 -1.0667405434256009e-34
outer loop
vertex 6.728619837848896 26.65745920360056 0.7999999999999999
vertex 6.695075587037356 26.661699334158424 17.97
vertex 6.728619837848896 26.65745920360056 17.97
endloop
endfacet
facet normal -0.26814941345762083 0.9633773362822764 6.436195792640603e-34
outer loop
vertex 52.147832263774966 8.297419595612453 17.97
vertex 54.609678674722716 9.435412087707544 0.7999999999999999
vertex 52.147832263774966 8.297419595612453 0.7999999999999999
endloop
endfacet
facet normal -0.5682875792005515 0.8228300111969526 1.2232562419854436e-33
outer loop
vertex 54.609678674722716 9.435412087707544 0.7999999999999999
vertex 52.147832263774966 8.297419595612453 17.97
vertex 54.609678674722716 9.435412087707544 17.97
endloop
endfacet
facet normal 0.26029585308372033 0.9655289062826748 -4.052613038733408e-34
outer loop
vertex 30.735971931684837 11.813674173853155 17.97
vertex 41.4589084074241 9.290267735276624 0.7999999999999999
vertex 30.735971931684837 11.813674173853155 0.7999999999999999
endloop
endfacet
facet normal 0.19890490775813535 0.9800187945492309 -2.8170763403841333e-34
outer loop
vertex 41.4589084074241 9.290267735276624 0.7999999999999999
vertex 30.735971931684837 11.813674173853155 17.97
vertex 41.4589084074241 9.290267735276624 17.97
endloop
endfacet
facet normal 0.9999688650199133 0.00789107031945085 -1.9843400624229818e-33
outer loop
vertex 7.198186936476271 24.57663734654209 0.7999999999999999
vertex 7.200649475649049 23.720409846123527 17.97
vertex 7.200649475649049 23.720409846123527 0.7999999999999999
endloop
endfacet
facet normal 0.9932152743512047 0.11629023516814069 -1.958413212206102e-33
outer loop
vertex 7.200649475649049 23.720409846123527 17.97
vertex 7.198186936476271 24.57663734654209 0.7999999999999999
vertex 7.198186936476271 24.57663734654209 17.97
endloop
endfacet
facet normal 0.9994587851301117 0.032895848161152895 -1.9804396296717092e-33
outer loop
vertex 7.184454558740087 26.280328314211406 0.7999999999999999
vertex 7.185110098212651 25.71245590321325 17.97
vertex 7.185110098212651 25.71245590321325 0.7999999999999999
endloop
endfacet
facet normal 0.9999841142047253 0.00563660697504529 -1.9846307014322067e-33
outer loop
vertex 7.185110098212651 25.71245590321325 17.97
vertex 7.184454558740087 26.280328314211406 0.7999999999999999
vertex 7.184454558740087 26.280328314211406 17.97
endloop
endfacet
facet normal 0.09712211509584452 0.9952724726221005 -7.787528744849734e-35
outer loop
vertex 6.8971592128865336 26.640921937156374 17.97
vertex 6.938544861416419 26.63690563141591 0.7999999999999999
vertex 6.8971592128865336 26.640921937156374 0.7999999999999999
endloop
endfacet
facet normal 0.20769292762238703 0.9781940747191439 -2.993653400686204e-34
outer loop
vertex 6.938544861416419 26.63690563141591 0.7999999999999999
vertex 6.8971592128865336 26.640921937156374 17.97
vertex 6.938544861416419 26.63690563141591 17.97
endloop
endfacet
facet normal 0.7346006305760513 0.6784997520686856 -1.380053408805485e-33
outer loop
vertex 8.498357788501515 20.796834423023146 17.97
vertex 9.96087116845158 19.616752536758458 0.7999999999999999
vertex 8.498357788501515 20.796834423023146 0.7999999999999999
endloop
endfacet
facet normal 0.5428398003865571 0.8398362644684277 -9.807155881841875e-34
outer loop
vertex 9.96087116845158 19.616752536758458 0.7999999999999999
vertex 8.498357788501515 20.796834423023146 17.97
vertex 9.96087116845158 19.616752536758458 17.97
endloop
endfacet
facet normal 0.41107779465976446 0.9116002669688422 -7.108388211943514e-34
outer loop
vertex 13.673212152807384 17.737059342081842 17.97
vertex 21.48241488091321 14.630921235933565 0.7999999999999999
vertex 13.673212152807384 17.737059342081842 0.7999999999999999
endloop
endfacet
facet normal 0.33070583525013664 0.9437338875612711 -5.475642452221851e-34
outer loop
vertex 21.48241488091321 14.630921235933565 0.7999999999999999
vertex 13.673212152807384 17.737059342081842 17.97
vertex 21.48241488091321 14.630921235933565 17.97
endloop
endfacet
facet normal 0.9151569976894797 0.4030975931210431 -1.7703201319437423e-33
outer loop
vertex 7.566263998632987 22.16054081682557 0.7999999999999999
vertex 8.498357788501515 20.796834423023146 17.97
vertex 8.498357788501515 20.796834423023146 0.7999999999999999
endloop
endfacet
facet normal 0.7346006305760513 0.6784997520686856 -1.380053408805485e-33
outer loop
vertex 8.498357788501515 20.796834423023146 17.97
vertex 7.566263998632987 22.16054081682557 0.7999999999999999
vertex 7.566263998632987 22.16054081682557 17.97
endloop
endfacet
facet normal 0.9932152743512047 0.11629023516814069 -1.958413212206102e-33
outer loop
vertex 7.200649475649049 23.720409846123527 0.7999999999999999
vertex 7.566263998632987 22.16054081682557 17.97
vertex 7.566263998632987 22.16054081682557 0.7999999999999999
endloop
endfacet
facet normal 0.9151569976894797 0.4030975931210431 -1.7703201319437423e-33
outer loop
vertex 7.566263998632987 22.16054081682557 17.97
vertex 7.200649475649049 23.720409846123527 0.7999999999999999
vertex 7.200649475649049 23.720409846123527 17.97
endloop
endfacet
facet normal 0.9999841142047253 0.00563660697504529 -1.9846307014322067e-33
outer loop
vertex 7.185110098212651 25.71245590321325 0.7999999999999999
vertex 7.1908568193671325 25.14455551383852 17.97
vertex 7.1908568193671325 25.14455551383852 0.7999999999999999
endloop
endfacet
facet normal 0.9999337308982363 0.011512333036076084 -1.9838520959698898e-33
outer loop
vertex 7.1908568193671325 25.14455551383852 17.97
vertex 7.185110098212651 25.71245590321325 0.7999999999999999
vertex 7.185110098212651 25.71245590321325 17.97
endloop
endfacet
facet normal 0.09765212663978207 0.995220609796003 -7.893351592468428e-35
outer loop
vertex 6.81218972979336 26.649259235079928 17.97
vertex 6.8971592128865336 26.640921937156374 0.7999999999999999
vertex 6.81218972979336 26.649259235079928 0.7999999999999999
endloop
endfacet
facet normal 0.09712211509584452 0.9952724726221005 -7.787528744849734e-35
outer loop
vertex 6.8971592128865336 26.640921937156374 0.7999999999999999
vertex 6.81218972979336 26.649259235079928 17.97
vertex 6.8971592128865336 26.640921937156374 17.97
endloop
endfacet
facet normal 0.11154003507367509 0.9937599411204717 -1.0667405434256009e-34
outer loop
vertex 6.728619837848896 26.65745920360056 17.97
vertex 6.81218972979336 26.649259235079928 0.7999999999999999
vertex 6.728619837848896 26.65745920360056 0.7999999999999999
endloop
endfacet
facet normal 0.0976521266395219 0.9952206097960284 -7.893351592416486e-35
outer loop
vertex 6.81218972979336 26.649259235079928 0.7999999999999999
vertex 6.728619837848896 26.65745920360056 17.97
vertex 6.81218972979336 26.649259235079928 17.97
endloop
endfacet
facet normal 0.19890490775813535 0.9800187945492309 -2.8170763403841333e-34
outer loop
vertex 41.4589084074241 9.290267735276624 17.97
vertex 49.18070909109322 7.969870533400911 0.7999999999999999
vertex 41.4589084074241 9.290267735276624 0.7999999999999999
endloop
endfacet
facet normal 0.02970084161861207 0.9995588326892751 5.647208226672485e-35
outer loop
vertex 49.18070909109322 7.969870533400911 0.7999999999999999
vertex 41.4589084074241 9.290267735276624 17.97
vertex 49.18070909109322 7.969870533400911 17.97
endloop
endfacet
facet normal -0.8663644050439265 0.49941237236664815 1.777681080240225e-33
outer loop
vertex 58.63759878733791 14.85807691550074 17.97
vertex 56.57742639996666 11.36594082413308 0.7999999999999999
vertex 56.57742639996666 11.36594082413308 17.97
endloop
endfacet
facet normal -0.7875520561815993 0.6162481308727316 1.6347070705659696e-33
outer loop
vertex 56.57742639996666 11.36594082413308 0.7999999999999999
vertex 58.63759878733791 14.85807691550074 17.97
vertex 58.63759878733791 14.85807691550074 0.7999999999999999
endloop
endfacet
facet normal 0.5428398003865571 0.8398362644684277 -9.807155881841875e-34
outer loop
vertex 9.96087116845158 19.616752536758458 17.97
vertex 13.673212152807384 17.737059342081842 0.7999999999999999
vertex 9.96087116845158 19.616752536758458 0.7999999999999999
endloop
endfacet
facet normal 0.41107779465976446 0.9116002669688422 -7.108388211943514e-34
outer loop
vertex 13.673212152807384 17.737059342081842 0.7999999999999999
vertex 9.96087116845158 19.616752536758458 17.97
vertex 13.673212152807384 17.737059342081842 17.97
endloop
endfacet
facet normal -0.5682875792005515 0.8228300111969526 1.2232562419854436e-33
outer loop
vertex 54.609678674722716 9.435412087707544 17.97
vertex 56.57742639996666 11.36594082413308 0.7999999999999999
vertex 54.609678674722716 9.435412087707544 0.7999999999999999
endloop
endfacet
facet normal -0.7875520561815993 0.6162481308727316 1.6347070705659696e-33
outer loop
vertex 56.57742639996666 11.36594082413308 0.7999999999999999
vertex 54.609678674722716 9.435412087707544 17.97
vertex 56.57742639996666 11.36594082413308 17.97
endloop
endfacet
facet normal -0.8713513507684663 0.4906595800694911 1.7865708825327152e-33
outer loop
vertex 60.985755154982854 19.028115178023246 17.97
vertex 58.63759878733791 14.85807691550074 0.7999999999999999
vertex 58.63759878733791 14.85807691550074 17.97
endloop
endfacet
facet normal -0.8663644050439265 0.49941237236664815 1.777681080240225e-33
outer loop
vertex 58.63759878733791 14.85807691550074 0.7999999999999999
vertex 60.985755154982854 19.028115178023246 17.97
vertex 60.985755154982854 19.028115178023246 0.7999999999999999
endloop
endfacet
facet normal 0.8167961527026271 0.5769263773915931 -1.5549678213047798e-33
outer loop
vertex 7.132909905205991 26.522049786015543 0.7999999999999999
vertex 7.174621789938483 26.432210590996586 17.97
vertex 7.174621789938483 26.432210590996586 0.7999999999999999
endloop
endfacet
facet normal 0.9689956176593943 0.24707790867839394 -1.8952251351135722e-33
outer loop
vertex 7.174621789938483 26.432210590996586 17.97
vertex 7.132909905205991 26.522049786015543 0.7999999999999999
vertex 7.132909905205991 26.522049786015543 17.97
endloop
endfacet
facet normal 0.02970084161861207 0.9995588326892751 5.647208226672485e-35
outer loop
vertex 49.18070909109322 7.969870533400911 17.97
vertex 52.147832263774966 8.297419595612453 0.7999999999999999
vertex 49.18070909109322 7.969870533400911 0.7999999999999999
endloop
endfacet
facet normal -0.26814941345762083 0.9633773362822764 6.436195792640603e-34
outer loop
vertex 52.147832263774966 8.297419595612453 0.7999999999999999
vertex 49.18070909109322 7.969870533400911 17.97
vertex 52.147832263774966 8.297419595612453 17.97
endloop
endfacet
facet normal 0.999983425572775 0.005757480328994211 -1.984615374799158e-33
outer loop
vertex 6.691697946611969 27.248342144884372 0.7999999999999999
vertex 6.6929718718240085 27.02708145015938 17.97
vertex 6.6929718718240085 27.02708145015938 0.7999999999999999
endloop
endfacet
facet normal 0.999983425572775 0.005757480328994211 -1.984615374799158e-33
outer loop
vertex 6.6929718718240085 27.02708145015938 17.97
vertex 6.691697946611969 27.248342144884372 0.7999999999999999
vertex 6.691697946611969 27.248342144884372 17.97
endloop
endfacet
facet normal 0.9977708372771239 0.06673347195603622 -1.973180667927444e-33
outer loop
vertex 6.23525405764924 61.52977576656157 0.7999999999999999
vertex 6.573515388148056 56.4722344599647 19.709999999999997
vertex 6.573515388148056 56.4722344599647 0.7999999999999999
endloop
endfacet
facet normal 0.9984560756583569 0.05554696194134784 -1.975832994050982e-33
outer loop
vertex 6.573515388148056 56.4722344599647 19.709999999999997
vertex 6.23525405764924 61.52977576656157 0.7999999999999999
vertex 6.23525405764924 61.52977576656157 19.709999999999997
endloop
endfacet
facet normal 0.8025706006514407 -0.596557148117417 -1.662249503031243e-33
outer loop
vertex 7.321302598833805 27.5586129595044 19.709999999999997
vertex 7.054169387918945 27.339503326340104 0.7999999999999999
vertex 7.321302598833805 27.5586129595044 0.7999999999999999
endloop
endfacet
facet normal 0.6341841151227523 -0.7731820666091344 -1.3483477378872777e-33
outer loop
vertex 7.054169387918945 27.339503326340104 0.7999999999999999
vertex 7.321302598833805 27.5586129595044 19.709999999999997
vertex 7.054169387918945 27.339503326340104 19.709999999999997
endloop
endfacet
facet normal 0.19976396816695555 -0.9798440472964011 -5.097547676715293e-34
outer loop
vertex 25.106481390749877 72.71084440290323 17.97
vertex 18.868578853091012 71.29184399426015 0.7999999999999999
vertex 25.106481390749877 72.71084440290323 0.7999999999999999
endloop
endfacet
facet normal 0.24472960606682906 -0.9695913674916742 -5.9784157561339605e-34
outer loop
vertex 18.868578853091012 71.29184399426015 0.7999999999999999
vertex 25.106481390749877 72.71084440290323 17.97
vertex 18.868578853091012 71.29184399426015 17.97
endloop
endfacet
facet normal 0.5002634257930657 0.8658732614036457 8.617535928438034e-32
outer loop
vertex 5.794902831959502 61.75745593720883 17.97
vertex 5.941692821571993 61.68156253962093 0.7999999999999999
vertex 5.794902831959502 61.75745593720883 0.7999999999999999
endloop
endfacet
facet normal 0.4592924744886539 0.8882851022493223 -8.092526951561325e-34
outer loop
vertex 5.941692821571993 61.68156253962093 0.7999999999999999
vertex 5.794902831959502 61.75745593720883 17.97
vertex 5.941692821571993 61.68156253962093 19.709999999999997
endloop
endfacet
facet normal 0.4592924744886539 0.8882851022493223 -8.092526951561325e-34
outer loop
vertex 5.941692821571993 61.68156253962093 19.709999999999997
vertex 5.794902831959502 61.75745593720883 17.97
vertex 5.794902831959502 61.75745593720883 19.709999999999997
endloop
endfacet
facet normal 0.11519245686737527 -0.9933431923966952 -3.434128257755215e-34
outer loop
vertex 37.682499272631766 74.70348064389185 17.97
vertex 31.378667687471108 73.84286269720279 0.7999999999999999
vertex 37.682499272631766 74.70348064389185 0.7999999999999999
endloop
endfacet
facet normal 0.156476395065099 -0.9876816986192624 -4.247205358997294e-34
outer loop
vertex 31.378667687471108 73.84286269720279 0.7999999999999999
vertex 37.682499272631766 74.70348064389185 17.97
vertex 31.378667687471108 73.84286269720279 17.97
endloop
endfacet
facet normal 0.156476395065099 -0.9876816986192624 -4.247205358997294e-34
outer loop
vertex 31.378667687471108 73.84286269720279 17.97
vertex 25.106481390749877 72.71084440290323 0.7999999999999999
vertex 31.378667687471108 73.84286269720279 0.7999999999999999
endloop
endfacet
facet normal 0.19976396816695555 -0.9798440472964011 -5.097547676715293e-34
outer loop
vertex 25.106481390749877 72.71084440290323 0.7999999999999999
vertex 31.378667687471108 73.84286269720279 17.97
vertex 25.106481390749877 72.71084440290323 17.97
endloop
endfacet
facet normal 0.4592924744886539 0.8882851022493223 -8.092526951561325e-34
outer loop
vertex 5.941692821571993 61.68156253962093 19.709999999999997
vertex 6.088462925493455 61.60566915057802 0.7999999999999999
vertex 5.941692821571993 61.68156253962093 0.7999999999999999
endloop
endfacet
facet normal 0.4592910317566393 0.8882858482199983 -8.092497447301772e-34
outer loop
vertex 6.088462925493455 61.60566915057802 0.7999999999999999
vertex 5.941692821571993 61.68156253962093 19.709999999999997
vertex 6.088462925493455 61.60566915057802 19.709999999999997
endloop
endfacet
facet normal 0.9929026964424894 -0.11892953963264855 -1.984957827301315e-33
outer loop
vertex 5.7497722953735275 65.01092306550191 0.7999999999999999
vertex 5.745833993140226 63.81828015757025 17.97
vertex 5.745833993140226 63.81828015757025 0.7999999999999999
endloop
endfacet
facet normal 0.9999813584072228 -0.006105967412757334 -1.985981362672247e-33
outer loop
vertex 5.745833993140226 63.81828015757025 17.97
vertex 5.7497722953735275 65.01092306550191 0.7999999999999999
vertex 5.7497722953735275 65.01092306550191 17.97
endloop
endfacet
facet normal 0.07616564365921484 -0.9970951783686338 -2.663656894921772e-34
outer loop
vertex 44.01533767560886 75.30828000970345 17.97
vertex 37.682499272631766 74.70348064389185 0.7999999999999999
vertex 44.01533767560886 75.30828000970345 0.7999999999999999
endloop
endfacet
facet normal 0.11519245686737527 -0.9933431923966952 -3.434128257755215e-34
outer loop
vertex 37.682499272631766 74.70348064389185 0.7999999999999999
vertex 44.01533767560886 75.30828000970345 17.97
vertex 37.682499272631766 74.70348064389185 17.97
endloop
endfacet
facet normal 0.1101521086386978 -0.9939147412944678 -3.3347216321704133e-34
outer loop
vertex 7.054169387918945 27.339503326340104 19.709999999999997
vertex 6.751014006458743 27.305905671404915 0.7999999999999999
vertex 7.054169387918945 27.339503326340104 0.7999999999999999
endloop
endfacet
facet normal 0.1101521086386978 -0.9939147412944678 -3.3347216321704133e-34
outer loop
vertex 6.751014006458743 27.305905671404915 0.7999999999999999
vertex 7.054169387918945 27.339503326340104 19.709999999999997
vertex 6.751014006458743 27.305905671404915 19.709999999999997
endloop
endfacet
facet normal 0.9984560756583569 0.05554696194134784 -1.975832994050982e-33
outer loop
vertex 6.573515388148056 56.4722344599647 0.7999999999999999
vertex 6.951540219566992 47.95761821019741 19.709999999999997
vertex 6.951540219566992 47.95761821019741 0.7999999999999999
endloop
endfacet
facet normal 0.9992405323384579 0.03896612030925587 -1.979305282867355e-33
outer loop
vertex 6.951540219566992 47.95761821019741 19.709999999999997
vertex 6.573515388148056 56.4722344599647 0.7999999999999999
vertex 6.573515388148056 56.4722344599647 19.709999999999997
endloop
endfacet
facet normal 0.999823621471231 0.018780999657972124 -1.982794046828981e-33
outer loop
vertex 7.458890953046746 31.099136512689316 0.7999999999999999
vertex 7.493088084186324 27.971160372363713 19.709999999999997
vertex 7.493088084186324 27.971160372363713 0.7999999999999999
endloop
endfacet
facet normal 0.9816595359298191 -0.1906424808851702 -1.9709186526680796e-33
outer loop
vertex 7.493088084186324 27.971160372363713 19.709999999999997
vertex 7.458890953046746 31.099136512689316 0.7999999999999999
vertex 7.458890953046746 31.099136512689316 19.709999999999997
endloop
endfacet
facet normal -0.006470382884025982 -0.9999790668535689 -1.0264035092020445e-34
outer loop
vertex 61.65650601380222 75.80681420668066 17.97
vertex 56.757481052522834 75.8127500656263 0.7999999999999999
vertex 61.65650601380222 75.80681420668066 0.7999999999999999
endloop
endfacet
facet normal 0.010351733783550272 -0.9999464193683953 -1.3603375083390274e-34
outer loop
vertex 56.757481052522834 75.8127500656263 0.7999999999999999
vertex 61.65650601380222 75.80681420668066 17.97
vertex 56.757481052522834 75.8127500656263 17.97
endloop
endfacet
facet normal 0.6964258907318286 -0.717628719268104 -1.4655013837500305e-33
outer loop
vertex 6.751014006458743 27.305905671404915 19.709999999999997
vertex 6.691697946611969 27.248342144884372 0.7999999999999999
vertex 6.751014006458743 27.305905671404915 0.7999999999999999
endloop
endfacet
facet normal 0.6964258907318286 -0.717628719268104 -1.4655013837500305e-33
outer loop
vertex 6.691697946611969 27.248342144884372 0.7999999999999999
vertex 6.751014006458743 27.305905671404915 19.709999999999997
vertex 6.691697946611969 27.248342144884372 17.97
endloop
endfacet
facet normal 0.6964258907318286 -0.717628719268104 -1.4655013837500305e-33
outer loop
vertex 6.691697946611969 27.248342144884372 17.97
vertex 6.751014006458743 27.305905671404915 19.709999999999997
vertex 6.691697946611969 27.248342144884372 19.709999999999997
endloop
endfacet
facet normal 0.24472960606682906 -0.9695913674916742 -5.9784157561339605e-34
outer loop
vertex 18.868578853091012 71.29184399426015 17.97
vertex 12.667598545117503 69.57027970454052 0.7999999999999999
vertex 18.868578853091012 71.29184399426015 0.7999999999999999
endloop
endfacet
facet normal 0.2911534549842725 -0.9566763641120866 -6.885159213716826e-34
outer loop
vertex 12.667598545117503 69.57027970454052 0.7999999999999999
vertex 18.868578853091012 71.29184399426015 17.97
vertex 12.667598545117503 69.57027970454052 17.97
endloop
endfacet
facet normal 0.010351733783550272 -0.9999464193683953 -1.3603375083390274e-34
outer loop
vertex 56.757481052522834 75.8127500656263 17.97
vertex 50.37454442577943 75.67284256137059 0.7999999999999999
vertex 56.757481052522834 75.8127500656263 0.7999999999999999
endloop
endfacet
facet normal 0.03958021013760388 -0.999216396465482 -1.9397712159019577e-34
outer loop
vertex 50.37454442577943 75.67284256137059 0.7999999999999999
vertex 56.757481052522834 75.8127500656263 17.97
vertex 50.37454442577943 75.67284256137059 17.97
endloop
endfacet
facet normal 0.03958021013760388 -0.999216396465482 -1.9397712159019577e-34
outer loop
vertex 50.37454442577943 75.67284256137059 17.97
vertex 44.01533767560886 75.30828000970345 0.7999999999999999
vertex 50.37454442577943 75.67284256137059 0.7999999999999999
endloop
endfacet
facet normal 0.07616564365921484 -0.9970951783686338 -2.663656894921772e-34
outer loop
vertex 44.01533767560886 75.30828000970345 0.7999999999999999
vertex 50.37454442577943 75.67284256137059 17.97
vertex 44.01533767560886 75.30828000970345 17.97
endloop
endfacet
facet normal 0.9961552544217415 0.08760541700120836 -1.967562760223816e-33
outer loop
vertex 5.730547226689736 62.10259555822526 0.7999999999999999
vertex 5.794902831959502 61.75745593720883 17.97
vertex 5.794902831959502 61.75745593720883 0.7999999999999999
endloop
endfacet
facet normal 0.9830564290435587 0.1833031841407205 -1.930505497195106e-33
outer loop
vertex 5.794902831959502 61.75745593720883 17.97
vertex 5.730547226689736 62.10259555822526 0.7999999999999999
vertex 5.730547226689736 62.10259555822526 17.97
endloop
endfacet
facet normal 0.9163126977784664 -0.4004635312858702 -1.865416631544127e-33
outer loop
vertex 6.050691106464794 66.26709678884816 0.7999999999999999
vertex 5.7497722953735275 65.01092306550191 17.97
vertex 5.7497722953735275 65.01092306550191 0.7999999999999999
endloop
endfacet
facet normal 0.9929026964424894 -0.11892953963264855 -1.984957827301315e-33
outer loop
vertex 5.7497722953735275 65.01092306550191 17.97
vertex 6.050691106464794 66.26709678884816 0.7999999999999999
vertex 6.050691106464794 66.26709678884816 17.97
endloop
endfacet
facet normal 0.2911534549842725 -0.9566763641120866 -6.885159213716826e-34
outer loop
vertex 12.667598545117503 69.57027970454052 17.97
vertex 7.649540665188796 67.90703083243919 0.7999999999999999
vertex 12.667598545117503 69.57027970454052 0.7999999999999999
endloop
endfacet
facet normal 0.4519410391047714 -0.8920478110353164 -1.0002657800316384e-33
outer loop
vertex 7.649540665188796 67.90703083243919 0.7999999999999999
vertex 12.667598545117503 69.57027970454052 17.97
vertex 7.649540665188796 67.90703083243919 17.97
endloop
endfacet
facet normal 0.9999603080374426 -0.008909677304076618 -1.9862633673590696e-33
outer loop
vertex 5.735642815063327 62.67448901135373 0.7999999999999999
vertex 5.730547226689736 62.10259555822526 17.97
vertex 5.730547226689736 62.10259555822526 0.7999999999999999
endloop
endfacet
facet normal 0.9961552544217415 0.08760541700120836 -1.967562760223816e-33
outer loop
vertex 5.730547226689736 62.10259555822526 17.97
vertex 5.735642815063327 62.67448901135373 0.7999999999999999
vertex 5.735642815063327 62.67448901135373 17.97
endloop
endfacet
facet normal 0.9999834255727746 0.005757480329021308 -1.9846153747991546e-33
outer loop
vertex 6.69435683037631 26.78653601739336 0.7999999999999999
vertex 6.695075587037356 26.661699334158424 17.97
vertex 6.695075587037356 26.661699334158424 0.7999999999999999
endloop
endfacet
facet normal 0.9999834255727746 0.005757480329021308 -1.9846153747991546e-33
outer loop
vertex 6.695075587037356 26.661699334158424 17.97
vertex 6.69435683037631 26.78653601739336 0.7999999999999999
vertex 6.69435683037631 26.78653601739336 17.97
endloop
endfacet
facet normal 0.9992405323384579 0.03896612030925587 -1.979305282867355e-33
outer loop
vertex 6.951540219566992 47.95761821019741 0.7999999999999999
vertex 7.232883107646774 39.58346500343767 19.709999999999997
vertex 7.232883107646774 39.58346500343767 0.7999999999999999
endloop
endfacet
facet normal 0.9995467896250472 0.030103410940652445 -1.9809368405574056e-33
outer loop
vertex 7.232883107646774 39.58346500343767 19.709999999999997
vertex 6.951540219566992 47.95761821019741 0.7999999999999999
vertex 6.951540219566992 47.95761821019741 19.709999999999997
endloop
endfacet
facet normal 0.9816595359298191 -0.1906424808851702 -1.9709186526680796e-33
outer loop
vertex 7.493088084186324 27.971160372363713 0.7999999999999999
vertex 7.321302598833805 27.5586129595044 19.709999999999997
vertex 7.321302598833805 27.5586129595044 0.7999999999999999
endloop
endfacet
facet normal 0.8025706006514407 -0.596557148117417 -1.662249503031243e-33
outer loop
vertex 7.321302598833805 27.5586129595044 19.709999999999997
vertex 7.493088084186324 27.971160372363713 0.7999999999999999
vertex 7.493088084186324 27.971160372363713 19.709999999999997
endloop
endfacet
facet normal 0.4592910317566393 0.8882858482199983 -8.092497447301772e-34
outer loop
vertex 6.088462925493455 61.60566915057802 19.709999999999997
vertex 6.23525405764924 61.52977576656157 0.7999999999999999
vertex 6.088462925493455 61.60566915057802 0.7999999999999999
endloop
endfacet
facet normal 0.4592650599857496 0.8882992765258148 -8.091966318155603e-34
outer loop
vertex 6.23525405764924 61.52977576656157 0.7999999999999999
vertex 6.088462925493455 61.60566915057802 19.709999999999997
vertex 6.23525405764924 61.52977576656157 19.709999999999997
endloop
endfacet
facet normal 0.9995467896250472 0.030103410940652445 -1.9809368405574056e-33
outer loop
vertex 7.232883107646774 39.58346500343767 0.7999999999999999
vertex 7.458890953046746 31.099136512689316 19.709999999999997
vertex 7.458890953046746 31.099136512689316 0.7999999999999999
endloop
endfacet
facet normal 0.999823621471231 0.018780999657972124 -1.982794046828981e-33
outer loop
vertex 7.458890953046746 31.099136512689316 19.709999999999997
vertex 7.232883107646774 39.58346500343767 0.7999999999999999
vertex 7.232883107646774 39.58346500343767 19.709999999999997
endloop
endfacet
facet normal 0.9999834255727742 0.00575748032910665 -1.984615374799144e-33
outer loop
vertex 6.6929718718240085 27.02708145015938 0.7999999999999999
vertex 6.69435683037631 26.78653601739336 17.97
vertex 6.69435683037631 26.78653601739336 0.7999999999999999
endloop
endfacet
facet normal 0.9999834255727742 0.00575748032910665 -1.984615374799144e-33
outer loop
vertex 6.69435683037631 26.78653601739336 17.97
vertex 6.6929718718240085 27.02708145015938 0.7999999999999999
vertex 6.6929718718240085 27.02708145015938 17.97
endloop
endfacet
facet normal 0.9999603091730059 -0.008909549855427483 -1.9862633548946645e-33
outer loop
vertex 5.740738403801406 63.24639068681749 0.7999999999999999
vertex 5.735642815063327 62.67448901135373 17.97
vertex 5.735642815063327 62.67448901135373 0.7999999999999999
endloop
endfacet
facet normal 0.9999603091730059 -0.008909549855427483 -1.9862633548946645e-33
outer loop
vertex 5.735642815063327 62.67448901135373 17.97
vertex 5.740738403801406 63.24639068681749 0.7999999999999999
vertex 5.740738403801406 63.24639068681749 17.97
endloop
endfacet
facet normal 0.9999813584072228 -0.006105967412757334 -1.985981362672247e-33
outer loop
vertex 5.745833993140226 63.81828015757025 0.7999999999999999
vertex 5.740738403801406 63.24639068681749 17.97
vertex 5.740738403801406 63.24639068681749 0.7999999999999999
endloop
endfacet
facet normal 0.999960307469644 -0.008909741029642737 -1.9862633735913822e-33
outer loop
vertex 5.740738403801406 63.24639068681749 17.97
vertex 5.745833993140226 63.81828015757025 0.7999999999999999
vertex 5.745833993140226 63.81828015757025 17.97
endloop
endfacet
facet normal 0.7172499686421347 -0.6968159602670255 -1.5044400661436607e-33
outer loop
vertex 6.691279802343434 67.22606408180435 0.7999999999999999
vertex 6.050691106464794 66.26709678884816 17.97
vertex 6.050691106464794 66.26709678884816 0.7999999999999999
endloop
endfacet
facet normal 0.9163126977784664 -0.4004635312858702 -1.865416631544127e-33
outer loop
vertex 6.050691106464794 66.26709678884816 17.97
vertex 6.691279802343434 67.22606408180435 0.7999999999999999
vertex 6.691279802343434 67.22606408180435 17.97
endloop
endfacet
facet normal 0.4519410391047714 -0.8920478110353164 -1.0002657800316384e-33
outer loop
vertex 7.649540665188796 67.90703083243919 17.97
vertex 6.691279802343434 67.22606408180435 0.7999999999999999
vertex 7.649540665188796 67.90703083243919 0.7999999999999999
endloop
endfacet
facet normal 0.7172499686421347 -0.6968159602670255 -1.5044400661436607e-33
outer loop
vertex 6.691279802343434 67.22606408180435 0.7999999999999999
vertex 7.649540665188796 67.90703083243919 17.97
vertex 6.691279802343434 67.22606408180435 17.97
endloop
endfacet
facet normal 0.0019995606947978343 -0.9999980008765157 -1.194580283981183e-34
outer loop
vertex 91.04534803033354 75.81329207092443 17.97
vertex 86.14695116766238 75.76619878189116 0.7999999999999999
vertex 91.04534803033354 75.81329207092443 0.7999999999999999
endloop
endfacet
facet normal 0.013609390398906117 -0.9999073879579901 -1.4249671184405128e-34
outer loop
vertex 86.14695116766238 75.76619878189116 0.7999999999999999
vertex 91.04534803033354 75.81329207092443 17.97
vertex 86.14695116766238 75.76619878189116 17.97
endloop
endfacet
facet normal -0.030804968583997692 -0.9995254143394949 -5.42761849892731e-35
outer loop
vertex 97.74536474721884 75.77567375844882 17.97
vertex 91.04534803033354 75.81329207092443 0.7999999999999999
vertex 97.74536474721884 75.77567375844882 0.7999999999999999
endloop
endfacet
facet normal 0.0019995606947978343 -0.9999980008765157 -1.194580283981183e-34
outer loop
vertex 91.04534803033354 75.81329207092443 0.7999999999999999
vertex 97.74536474721884 75.77567375844882 17.97
vertex 91.04534803033354 75.81329207092443 17.97
endloop
endfacet
facet normal -0.7451584253832709 -0.6668874875721724 1.4023550212977508e-33
outer loop
vertex 144.9805835125308 67.1308997659318 17.97
vertex 144.0575146585806 67.84266562861679 0.7999999999999999
vertex 144.9805835125308 67.1308997659318 0.7999999999999999
endloop
endfacet
facet normal -0.46370582390849824 -0.885989226160985 8.182797233260765e-34
outer loop
vertex 144.0575146585806 67.84266562861679 0.7999999999999999
vertex 144.9805835125308 67.1308997659318 17.97
vertex 144.0575146585806 67.84266562861679 17.97
endloop
endfacet
facet normal -0.9313633238800356 -0.3640911409676596 1.806999562147944e-33
outer loop
vertex 145.58346635695648 66.13893828808912 17.97
vertex 145.84416535392026 64.84757520191526 0.7999999999999999
vertex 145.84416535392026 64.84757520191526 17.97
endloop
endfacet
facet normal -0.9953679829324427 -0.09613833030067037 1.965014326341273e-33
outer loop
vertex 145.84416535392026 64.84757520191526 0.7999999999999999
vertex 145.58346635695648 66.13893828808912 17.97
vertex 145.58346635695648 66.13893828808912 0.7999999999999999
endloop
endfacet
facet normal -0.46370582390849824 -0.885989226160985 8.182797233260765e-34
outer loop
vertex 144.0575146585806 67.84266562861679 17.97
vertex 135.5530522961125 70.54332630105684 0.7999999999999999
vertex 144.0575146585806 67.84266562861679 0.7999999999999999
endloop
endfacet
facet normal -0.26166415666919357 -0.965158986444513 4.080205365364151e-34
outer loop
vertex 135.5530522961125 70.54332630105684 0.7999999999999999
vertex 144.0575146585806 67.84266562861679 17.97
vertex 135.5530522961125 70.54332630105684 17.97
endloop
endfacet
facet normal -0.9999603091869103 -0.008909548294885552 1.9842054539159727e-33
outer loop
vertex 145.84200605033467 63.18103117059058 17.97
vertex 145.84710163903227 62.609129399491714 0.7999999999999999
vertex 145.84710163903227 62.609129399491714 17.97
endloop
endfacet
facet normal -0.9999603091869103 -0.008909548294885552 1.9842054539159727e-33
outer loop
vertex 145.84710163903227 62.609129399491714 0.7999999999999999
vertex 145.84200605033467 63.18103117059058 17.97
vertex 145.84200605033467 63.18103117059058 0.7999999999999999
endloop
endfacet
facet normal -0.4592974209634718 0.8882825446311007 1.014435657074156e-33
outer loop
vertex 145.6236954346081 61.672889068343956 19.71000000000002
vertex 145.77048105779616 61.74878245286305 0.7999999999999999
vertex 145.6236954346081 61.672889068343956 0.7999999999999999
endloop
endfacet
facet normal -0.4592786631582912 0.8882922433341028 1.0143995370445813e-33
outer loop
vertex 145.77048105779616 61.74878245286305 0.7999999999999999
vertex 145.6236954346081 61.672889068343956 19.71000000000002
vertex 145.77048105779616 61.74878245286305 17.97
endloop
endfacet
facet normal -0.4903806169066994 0.8715083766448862 1.0370477754787591e-32
outer loop
vertex 145.77048105779616 61.74878245286305 17.97
vertex 145.6236954346081 61.672889068343956 19.71000000000002
vertex 145.77048105779616 61.74878245286305 19.71000000000002
endloop
endfacet
facet normal -0.9752791393309692 -0.22097647020858122 1.910714309757553e-33
outer loop
vertex 144.1019934477698 27.913969943669834 19.71000000000002
vertex 144.2876783261255 27.52393076416882 0.7999999999999999
vertex 144.2876783261255 27.52393076416882 19.71000000000002
endloop
endfacet
facet normal -0.7677388455809062 -0.6407628773470708 1.4502013198252431e-33
outer loop
vertex 144.2876783261255 27.52393076416882 0.7999999999999999
vertex 144.1019934477698 27.913969943669834 19.71000000000002
vertex 144.1019934477698 27.913969943669834 0.7999999999999999
endloop
endfacet
facet normal 0.013609390398906117 -0.9999073879579901 -1.4249671184405128e-34
outer loop
vertex 86.14695116766238 75.76619878189116 17.97
vertex 81.24895333718746 75.67995622785023 0.7999999999999999
vertex 86.14695116766238 75.76619878189116 0.7999999999999999
endloop
endfacet
facet normal 0.019962964409258224 -0.9998007201697721 -1.5509822730979948e-34
outer loop
vertex 81.24895333718746 75.67995622785023 0.7999999999999999
vertex 86.14695116766238 75.76619878189116 17.97
vertex 81.24895333718746 75.67995622785023 17.97
endloop
endfacet
facet normal -0.015350405377096686 -0.9998821755860833 -8.499953519392664e-35
outer loop
vertex 66.55476951870949 75.74935878229635 17.97
vertex 61.65650601380222 75.80681420668066 0.7999999999999999
vertex 66.55476951870949 75.74935878229635 0.7999999999999999
endloop
endfacet
facet normal -0.006470382884025982 -0.9999790668535689 -1.0264035092020445e-34
outer loop
vertex 61.65650601380222 75.80681420668066 0.7999999999999999
vertex 66.55476951870949 75.74935878229635 17.97
vertex 61.65650601380222 75.80681420668066 17.97
endloop
endfacet
facet normal -0.9995694703867549 0.02934065218672415 1.9878469749563473e-33
outer loop
vertex 144.32142636123493 38.62412166518869 19.71000000000002
vertex 144.09910974125114 30.111240915655923 0.7999999999999999
vertex 144.09910974125114 30.111240915655923 19.71000000000002
endloop
endfacet
facet normal -0.9999231396808111 0.012398174497440809 1.9865924578555643e-33
outer loop
vertex 144.09910974125114 30.111240915655923 0.7999999999999999
vertex 144.32142636123493 38.62412166518869 19.71000000000002
vertex 144.32142636123493 38.62412166518869 0.7999999999999999
endloop
endfacet
facet normal -0.991092401741192 0.13317601589954567 1.9830091295754197e-33
outer loop
vertex 145.85219722831033 62.03723808221414 17.97
vertex 145.77048105779616 61.74878245286305 0.7999999999999999
vertex 145.77048105779616 61.74878245286305 17.97
endloop
endfacet
facet normal -0.9621380321206544 0.2725626664585495 1.9416231931762005e-33
outer loop
vertex 145.77048105779616 61.74878245286305 0.7999999999999999
vertex 145.85219722831033 62.03723808221414 17.97
vertex 145.85219722831033 62.03723808221414 0.7999999999999999
endloop
endfacet
facet normal -0.01824489245135195 -0.9998335480966012 -7.924745587336108e-35
outer loop
vertex 71.45274199884828 75.65641937409363 17.97
vertex 66.55476951870949 75.74935878229635 0.7999999999999999
vertex 71.45274199884828 75.65641937409363 0.7999999999999999
endloop
endfacet
facet normal -0.015350405377096686 -0.9998821755860833 -8.499953519392664e-35
outer loop
vertex 66.55476951870949 75.74935878229635 0.7999999999999999
vertex 71.45274199884828 75.65641937409363 17.97
vertex 66.55476951870949 75.74935878229635 17.97
endloop
endfacet
facet normal -0.9953679829324427 -0.09613833030067037 1.965014326341273e-33
outer loop
vertex 145.84416535392026 64.84757520191526 17.97
vertex 145.83691046198135 63.75292296846448 0.7999999999999999
vertex 145.83691046198135 63.75292296846448 17.97
endloop
endfacet
facet normal -0.9999993488650167 -0.0011411702513032106 1.9851801182710917e-33
outer loop
vertex 145.83691046198135 63.75292296846448 0.7999999999999999
vertex 145.84416535392026 64.84757520191526 17.97
vertex 145.84416535392026 64.84757520191526 0.7999999999999999
endloop
endfacet
facet normal -0.26166415666919357 -0.965158986444513 4.080205365364151e-34
outer loop
vertex 135.5530522961125 70.54332630105684 17.97
vertex 123.07485797219367 73.35998490542536 0.7999999999999999
vertex 135.5530522961125 70.54332630105684 0.7999999999999999
endloop
endfacet
facet normal -0.17716754171138757 -0.9841807060514567 2.380715012893897e-34
outer loop
vertex 123.07485797219367 73.35998490542536 0.7999999999999999
vertex 135.5530522961125 70.54332630105684 17.97
vertex 123.07485797219367 73.35998490542536 17.97
endloop
endfacet
facet normal -0.4592526941240475 0.8883056697667782 1.0143495309766653e-33
outer loop
vertex 145.33012882447005 61.52110227919991 19.71000000000002
vertex 145.47692499480783 61.596995678295755 0.7999999999999999
vertex 145.33012882447005 61.52110227919991 0.7999999999999999
endloop
endfacet
facet normal -0.45928443663718116 0.8882892582165267 1.0144106544616827e-33
outer loop
vertex 145.47692499480783 61.596995678295755 0.7999999999999999
vertex 145.33012882447005 61.52110227919991 19.71000000000002
vertex 145.47692499480783 61.596995678295755 19.71000000000002
endloop
endfacet
facet normal -0.9986396759196771 0.05214209124155391 1.9886343458336476e-33
outer loop
vertex 144.95923547126284 55.48405825295224 19.71000000000002
vertex 144.59435264745264 46.99818134097757 0.7999999999999999
vertex 144.59435264745264 46.99818134097757 19.71000000000002
endloop
endfacet
facet normal -0.9992865584559351 0.03776736804826583 1.9882584949819273e-33
outer loop
vertex 144.59435264745264 46.99818134097757 0.7999999999999999
vertex 144.95923547126284 55.48405825295224 19.71000000000002
vertex 144.95923547126284 55.48405825295224 0.7999999999999999
endloop
endfacet
facet normal -0.9999993488650167 -0.0011411702513032106 1.9851801182710917e-33
outer loop
vertex 145.83691046198135 63.75292296846448 17.97
vertex 145.84200605033467 63.18103117059058 0.7999999999999999
vertex 145.84200605033467 63.18103117059058 17.97
endloop
endfacet
facet normal -0.9999603078080069 -0.00890970305432715 1.9842054333054816e-33
outer loop
vertex 145.84200605033467 63.18103117059058 0.7999999999999999
vertex 145.83691046198135 63.75292296846448 17.97
vertex 145.83691046198135 63.75292296846448 0.7999999999999999
endloop
endfacet
facet normal -0.9992865584559351 0.03776736804826583 1.9882584949819273e-33
outer loop
vertex 144.59435264745264 46.99818134097757 19.71000000000002
vertex 144.32142636123493 38.62412166518869 0.7999999999999999
vertex 144.32142636123493 38.62412166518869 19.71000000000002
endloop
endfacet
facet normal -0.9995694703867549 0.02934065218672415 1.9878469749563473e-33
outer loop
vertex 144.32142636123493 38.62412166518869 0.7999999999999999
vertex 144.59435264745264 46.99818134097757 19.71000000000002
vertex 144.59435264745264 46.99818134097757 0.7999999999999999
endloop
endfacet
facet normal -0.9999603077268937 -0.008909712157881994 1.9842054320930905e-33
outer loop
vertex 145.84710163903227 62.609129399491714 17.97
vertex 145.85219722831033 62.03723808221414 0.7999999999999999
vertex 145.85219722831033 62.03723808221414 17.97
endloop
endfacet
facet normal -0.991092401741192 0.13317601589954567 1.9830091295754197e-33
outer loop
vertex 145.85219722831033 62.03723808221414 0.7999999999999999
vertex 145.84710163903227 62.609129399491714 17.97
vertex 145.84710163903227 62.609129399491714 0.7999999999999999
endloop
endfacet
facet normal -0.45928443663718116 0.8882892582165267 1.0144106544616827e-33
outer loop
vertex 145.47692499480783 61.596995678295755 19.71000000000002
vertex 145.6236954346081 61.672889068343956 0.7999999999999999
vertex 145.47692499480783 61.596995678295755 0.7999999999999999
endloop
endfacet
facet normal -0.4592974209634718 0.8882825446311007 1.014435657074156e-33
outer loop
vertex 145.6236954346081 61.672889068343956 0.7999999999999999
vertex 145.47692499480783 61.596995678295755 19.71000000000002
vertex 145.6236954346081 61.672889068343956 19.71000000000002
endloop
endfacet
facet normal -0.9999231396808111 0.012398174497440809 1.9865924578555643e-33
outer loop
vertex 144.09910974125114 30.111240915655923 19.71000000000002
vertex 144.1019934477698 27.913969943669834 0.7999999999999999
vertex 144.1019934477698 27.913969943669834 19.71000000000002
endloop
endfacet
facet normal -0.9752791393309692 -0.22097647020858122 1.910714309757553e-33
outer loop
vertex 144.1019934477698 27.913969943669834 0.7999999999999999
vertex 144.09910974125114 30.111240915655923 19.71000000000002
vertex 144.09910974125114 30.111240915655923 0.7999999999999999
endloop
endfacet
facet normal -0.5843931665733852 -0.811470656809186 1.0664879363277273e-33
outer loop
vertex 144.5619309280411 27.326423503580184 19.71000000000002
vertex 144.2876783261255 27.52393076416882 0.7999999999999999
vertex 144.5619309280411 27.326423503580184 0.7999999999999999
endloop
endfacet
facet normal -0.7677388455809062 -0.6407628773470708 1.4502013198252431e-33
outer loop
vertex 144.2876783261255 27.52393076416882 0.7999999999999999
vertex 144.5619309280411 27.326423503580184 19.71000000000002
vertex 144.2876783261255 27.52393076416882 19.71000000000002
endloop
endfacet
facet normal 0.0024018355932401998 -0.9999971155887316 -1.2025656782467846e-34
outer loop
vertex 76.35088387987884 75.57060000328607 17.97
vertex 71.45274199884828 75.65641937409363 0.7999999999999999
vertex 76.35088387987884 75.57060000328607 0.7999999999999999
endloop
endfacet
facet normal -0.01824489245135195 -0.9998335480966012 -7.924745587336108e-35
outer loop
vertex 71.45274199884828 75.65641937409363 0.7999999999999999
vertex 76.35088387987884 75.57060000328607 17.97
vertex 71.45274199884828 75.65641937409363 17.97
endloop
endfacet
facet normal -0.0004852867682942621 -0.9999998822483694 -9.812254443035952e-33
outer loop
vertex 144.86542572735635 27.313522429398247 17.97
vertex 144.5619309280411 27.326423503580184 0.7999999999999999
vertex 144.86542572735635 27.313522429398247 0.7999999999999999
endloop
endfacet
facet normal -0.04247003277258605 -0.999097741122607 -3.106798770108483e-35
outer loop
vertex 144.5619309280411 27.326423503580184 0.7999999999999999
vertex 144.86542572735635 27.313522429398247 17.97
vertex 144.5619309280411 27.326423503580184 19.71000000000002
endloop
endfacet
facet normal -0.04247003277258605 -0.999097741122607 -3.106798770108483e-35
outer loop
vertex 144.5619309280411 27.326423503580184 19.71000000000002
vertex 144.86542572735635 27.313522429398247 17.97
vertex 144.86542572735635 27.313522429398247 19.71000000000002
endloop
endfacet
facet normal -0.9902968135700523 -0.1389684173940296 1.9500000841227896e-33
outer loop
vertex 144.89034891384938 27.22832598023407 17.97
vertex 144.88902296177218 26.99802904051516 0.7999999999999999
vertex 144.88902296177218 26.99802904051516 17.97
endloop
endfacet
facet normal -0.9999834255727741 0.005757480329138184 1.9859452203910004e-33
outer loop
vertex 144.88902296177218 26.99802904051516 0.7999999999999999
vertex 144.89034891384938 27.22832598023407 17.97
vertex 144.89034891384938 27.22832598023407 0.7999999999999999
endloop
endfacet
facet normal -0.998118119094521 0.06132063547628655 1.988658908534525e-33
outer loop
vertex 145.33012882447005 61.52110227919991 19.71000000000002
vertex 144.95923547126284 55.48405825295224 0.7999999999999999
vertex 144.95923547126284 55.48405825295224 19.71000000000002
endloop
endfacet
facet normal -0.9986396759196771 0.05214209124155391 1.9886343458336476e-33
outer loop
vertex 144.95923547126284 55.48405825295224 0.7999999999999999
vertex 145.33012882447005 61.52110227919991 19.71000000000002
vertex 145.33012882447005 61.52110227919991 0.7999999999999999
endloop
endfacet
facet normal -0.7451584253832709 -0.6668874875721724 1.4023550212977508e-33
outer loop
vertex 144.9805835125308 67.1308997659318 17.97
vertex 145.58346635695648 66.13893828808912 0.7999999999999999
vertex 145.58346635695648 66.13893828808912 17.97
endloop
endfacet
facet normal -0.9313633238800356 -0.3640911409676596 1.806999562147944e-33
outer loop
vertex 145.58346635695648 66.13893828808912 0.7999999999999999
vertex 144.9805835125308 67.1308997659318 17.97
vertex 144.9805835125308 67.1308997659318 0.7999999999999999
endloop
endfacet
facet normal -0.9597749350185488 -0.2807705007833627 1.8730280850331422e-33
outer loop
vertex 144.86542572735635 27.313522429398247 17.97
vertex 144.89034891384938 27.22832598023407 0.7999999999999999
vertex 144.89034891384938 27.22832598023407 17.97
endloop
endfacet
facet normal -0.9902968135700523 -0.1389684173940296 1.9500000841227896e-33
outer loop
vertex 144.89034891384938 27.22832598023407 0.7999999999999999
vertex 144.86542572735635 27.313522429398247 17.97
vertex 144.86542572735635 27.313522429398247 0.7999999999999999
endloop
endfacet
facet normal 0.019962964409258224 -0.9998007201697721 -1.5509822730979948e-34
outer loop
vertex 81.24895333718746 75.67995622785023 17.97
vertex 76.35088387987884 75.57060000328607 0.7999999999999999
vertex 81.24895333718746 75.67995622785023 0.7999999999999999
endloop
endfacet
facet normal 0.0024018355932401998 -0.9999971155887316 -1.2025656782467846e-34
outer loop
vertex 76.35088387987884 75.57060000328607 0.7999999999999999
vertex 81.24895333718746 75.67995622785023 17.97
vertex 76.35088387987884 75.57060000328607 17.97
endloop
endfacet
facet normal -0.0949640479715376 -0.9954807027727155 7.35668001048023e-35
outer loop
vertex 110.46525961802298 75.06254922185475 17.97
vertex 97.74536474721884 75.77567375844882 0.7999999999999999
vertex 110.46525961802298 75.06254922185475 0.7999999999999999
endloop
endfacet
facet normal -0.030804968583997692 -0.9995254143394949 -5.42761849892731e-35
outer loop
vertex 97.74536474721884 75.77567375844882 0.7999999999999999
vertex 110.46525961802298 75.06254922185475 17.97
vertex 97.74536474721884 75.77567375844882 17.97
endloop
endfacet
facet normal -0.17716754171138757 -0.9841807060514567 2.380715012893897e-34
outer loop
vertex 123.07485797219367 73.35998490542536 17.97
vertex 110.46525961802298 75.06254922185475 0.7999999999999999
vertex 123.07485797219367 73.35998490542536 0.7999999999999999
endloop
endfacet
facet normal -0.0949640479715376 -0.9954807027727155 7.35668001048023e-35
outer loop
vertex 110.46525961802298 75.06254922185475 0.7999999999999999
vertex 123.07485797219367 73.35998490542536 17.97
vertex 110.46525961802298 75.06254922185475 17.97
endloop
endfacet
facet normal -0.2532327678635343 0.9674053779466877 6.144705583312929e-34
outer loop
vertex 119.69555845865426 11.510321924903533 17.97
vertex 129.11577711232712 14.294237926324197 0.7999999999999999
vertex 119.69555845865426 11.510321924903533 0.7999999999999999
endloop
endfacet
facet normal -0.3218033024631218 0.9468065454589067 7.482256176409864e-34
outer loop
vertex 129.11577711232712 14.294237926324197 0.7999999999999999
vertex 119.69555845865426 11.510321924903533 17.97
vertex 129.11577711232712 14.294237926324197 17.97
endloop
endfacet
facet normal 0.8687349567944788 0.4952772706709802 -1.667512148089518e-33
outer loop
vertex 92.67620210630733 15.334650506968064 0.7999999999999999
vertex 94.81081055245134 11.636231358015 17.97
vertex 94.81081055245134 11.636231358015 0.7999999999999999
endloop
endfacet
facet normal 0.801675493651656 0.5977594858121232 -1.5225425927059215e-33
outer loop
vertex 94.81081055245134 11.636231358015 17.97
vertex 92.67620210630733 15.334650506968064 0.7999999999999999
vertex 92.67620210630733 15.334650506968064 17.97
endloop
endfacet
facet normal -0.9896453084879836 0.1435345372644639 1.981332486380535e-33
outer loop
vertex 144.36954619646784 23.531812910858832 17.97
vertex 143.9373665857438 21.994997217119785 0.7999999999999999
vertex 143.9373665857438 21.994997217119785 17.97
endloop
endfacet
facet normal -0.897847848473912 0.4403058493715106 1.8333594521804337e-33
outer loop
vertex 143.9373665857438 21.994997217119785 0.7999999999999999
vertex 144.36954619646784 23.531812910858832 17.97
vertex 144.36954619646784 23.531812910858832 0.7999999999999999
endloop
endfacet
facet normal -0.3218033024631218 0.9468065454589067 7.482256176409864e-34
outer loop
vertex 129.11577711232712 14.294237926324197 17.97
vertex 137.0887799948287 17.367610084498555 0.7999999999999999
vertex 129.11577711232712 14.294237926324197 0.7999999999999999
endloop
endfacet
facet normal -0.4004118405533009 0.916335286859956 9.00769106079994e-34
outer loop
vertex 137.0887799948287 17.367610084498555 0.7999999999999999
vertex 129.11577711232712 14.294237926324197 17.97
vertex 137.0887799948287 17.367610084498555 17.97
endloop
endfacet
facet normal -0.09765212663954463 0.9952206097960262 3.0880659671756264e-34
outer loop
vertex 144.75941159157273 26.648222999520556 17.97
vertex 144.84562072824409 26.656681933598946 0.7999999999999999
vertex 144.75941159157273 26.648222999520556 0.7999999999999999
endloop
endfacet
facet normal -0.09765212663954463 0.9952206097960262 3.0880659671756264e-34
outer loop
vertex 144.84562072824409 26.656681933598946 0.7999999999999999
vertex 144.75941159157273 26.648222999520556 17.97
vertex 144.84562072824409 26.656681933598946 17.97
endloop
endfacet
facet normal -0.005459609767431301 0.9999850962195325 1.2632581916558656e-34
outer loop
vertex 102.03642637508698 7.965716590417758 17.97
vertex 108.80309840596311 9.02081176477735 0.7999999999999999
vertex 102.03642637508698 7.965716590417758 0.7999999999999999
endloop
endfacet
facet normal -0.18855146548460233 0.9820633100078675 4.8775073739011615e-34
outer loop
vertex 108.80309840596311 9.02081176477735 0.7999999999999999
vertex 102.03642637508698 7.965716590417758 17.97
vertex 108.80309840596311 9.02081176477735 17.97
endloop
endfacet
facet normal 0.8713516108905303 0.4906591181242618 -1.6732403695477608e-33
outer loop
vertex 90.32804975408487 19.504686809457084 0.7999999999999999
vertex 92.67620210630733 15.334650506968064 17.97
vertex 92.67620210630733 15.334650506968064 0.7999999999999999
endloop
endfacet
facet normal 0.8687349567944788 0.4952772706709802 -1.667512148089518e-33
outer loop
vertex 92.67620210630733 15.334650506968064 17.97
vertex 90.32804975408487 19.504686809457084 0.7999999999999999
vertex 90.32804975408487 19.504686809457084 17.97
endloop
endfacet
facet normal 0.8713494564659656 0.4906629441036546 -1.673235650483587e-33
outer loop
vertex 87.97990656544619 23.674705911750294 0.7999999999999999
vertex 90.32804975408487 19.504686809457084 17.97
vertex 90.32804975408487 19.504686809457084 0.7999999999999999
endloop
endfacet
facet normal 0.8713515642688044 0.49065920091883314 -1.673240267427212e-33
outer loop
vertex 90.32804975408487 19.504686809457084 17.97
vertex 87.97990656544619 23.674705911750294 0.7999999999999999
vertex 87.97990656544619 23.674705911750294 17.97
endloop
endfacet
facet normal 0.8504475284871884 0.5260598837490208 -1.6276508372565097e-33
outer loop
vertex 85.63173152440709 27.844697780392078 0.7999999999999999
vertex 87.97990656544619 23.674705911750294 17.97
vertex 87.97990656544619 23.674705911750294 0.7999999999999999
endloop
endfacet
facet normal 0.8713494564659656 0.4906629441036546 -1.673235650483587e-33
outer loop
vertex 87.97990656544619 23.674705911750294 17.97
vertex 85.63173152440709 27.844697780392078 0.7999999999999999
vertex 85.63173152440709 27.844697780392078 17.97
endloop
endfacet
facet normal -0.23773583418025648 0.9713298477585345 5.841575224350809e-34
outer loop
vertex 144.6281167420286 26.635045187761047 17.97
vertex 144.6774012616582 26.640176056919323 0.7999999999999999
vertex 144.6281167420286 26.635045187761047 0.7999999999999999
endloop
endfacet
facet normal -0.10060024906123761 0.9949269269091158 3.1462562608792045e-34
outer loop
vertex 144.6774012616582 26.640176056919323 0.7999999999999999
vertex 144.6281167420286 26.635045187761047 17.97
vertex 144.6774012616582 26.640176056919323 17.97
endloop
endfacet
facet normal -0.10060024906123761 0.9949269269091158 3.1462562608792045e-34
outer loop
vertex 144.6774012616582 26.640176056919323 17.97
vertex 144.75941159157273 26.648222999520556 0.7999999999999999
vertex 144.6774012616582 26.640176056919323 0.7999999999999999
endloop
endfacet
facet normal -0.09765212663987048 0.9952206097959942 3.0880659671820585e-34
outer loop
vertex 144.75941159157273 26.648222999520556 0.7999999999999999
vertex 144.6774012616582 26.640176056919323 17.97
vertex 144.75941159157273 26.648222999520556 17.97
endloop
endfacet
facet normal -0.5638660555956551 0.8258662551206448 1.2148287840668015e-33
outer loop
vertex 144.51585505258788 26.5906828286122 17.97
vertex 144.6281167420286 26.635045187761047 0.7999999999999999
vertex 144.51585505258788 26.5906828286122 0.7999999999999999
endloop
endfacet
facet normal -0.23773583418025648 0.9713298477585345 5.841575224350809e-34
outer loop
vertex 144.6281167420286 26.635045187761047 0.7999999999999999
vertex 144.51585505258788 26.5906828286122 17.97
vertex 144.6281167420286 26.635045187761047 17.97
endloop
endfacet
facet normal -0.9998406916500953 0.017849126607748407 1.9870582950018103e-33
outer loop
vertex 144.39800189748524 26.215430655813513 17.97
vertex 144.3965869755611 25.647554652337693 0.7999999999999999
vertex 144.3965869755611 25.647554652337693 17.97
endloop
endfacet
facet normal -0.999978082448263 0.006620772092055199 1.9860343128904644e-33
outer loop
vertex 144.3965869755611 25.647554652337693 0.7999999999999999
vertex 144.39800189748524 26.215430655813513 17.97
vertex 144.39800189748524 26.215430655813513 0.7999999999999999
endloop
endfacet
facet normal -0.5638660555956551 0.8258662551206448 1.2148287840668015e-33
outer loop
vertex 144.51585505258788 26.5906828286122 17.97
vertex 144.44275431724114 26.51205900050298 0.7999999999999999
vertex 144.44275431724114 26.51205900050298 17.97
endloop
endfacet
facet normal -0.8398566016687082 0.5428083350810754 1.7300665230742978e-33
outer loop
vertex 144.44275431724114 26.51205900050298 0.7999999999999999
vertex 144.51585505258788 26.5906828286122 17.97
vertex 144.51585505258788 26.5906828286122 0.7999999999999999
endloop
endfacet
facet normal -0.999978082448263 0.006620772092055199 1.9860343128904644e-33
outer loop
vertex 144.3965869755611 25.647554652337693 17.97
vertex 144.39048175991076 25.07965173394615 0.7999999999999999
vertex 144.39048175991076 25.07965173394615 17.97
endloop
endfacet
facet normal -0.9999304890008942 0.011790554118984869 1.986536875388627e-33
outer loop
vertex 144.39048175991076 25.07965173394615 0.7999999999999999
vertex 144.3965869755611 25.647554652337693 17.97
vertex 144.3965869755611 25.647554652337693 0.7999999999999999
endloop
endfacet
facet normal -0.897847848473912 0.4403058493715106 1.8333594521804337e-33
outer loop
vertex 143.9373665857438 21.994997217119785 17.97
vertex 142.9428287269111 20.65291095635384 0.7999999999999999
vertex 142.9428287269111 20.65291095635384 17.97
endloop
endfacet
facet normal -0.7119755811174752 0.7022042237785484 1.494591037450721e-33
outer loop
vertex 142.9428287269111 20.65291095635384 0.7999999999999999
vertex 143.9373665857438 21.994997217119785 17.97
vertex 143.9373665857438 21.994997217119785 0.7999999999999999
endloop
endfacet
facet normal -0.9999834255727744 0.005757480329057528 1.9859452203909922e-33
outer loop
vertex 144.88902296177218 26.99802904051516 17.97
vertex 144.88767480270985 26.763875098110685 0.7999999999999999
vertex 144.88767480270985 26.763875098110685 17.97
endloop
endfacet
facet normal -0.9999823296929218 0.005944770972603548 1.9859646746426802e-33
outer loop
vertex 144.88767480270985 26.763875098110685 0.7999999999999999
vertex 144.88902296177218 26.99802904051516 17.97
vertex 144.88902296177218 26.99802904051516 0.7999999999999999
endloop
endfacet
facet normal -0.9999304890008942 0.011790554118984869 1.986536875388627e-33
outer loop
vertex 144.39048175991076 25.07965173394615 17.97
vertex 144.38319403543832 24.51173210108656 0.7999999999999999
vertex 144.38319403543832 24.51173210108656 17.97
endloop
endfacet
facet normal -0.999910500999218 0.013378714119563857 1.9866806071692067e-33
outer loop
vertex 144.38319403543832 24.51173210108656 0.7999999999999999
vertex 144.39048175991076 25.07965173394615 17.97
vertex 144.39048175991076 25.07965173394615 0.7999999999999999
endloop
endfacet
facet normal -0.4004118405533009 0.916335286859956 9.00769106079994e-34
outer loop
vertex 137.0887799948287 17.367610084498555 17.97
vertex 141.42199210158245 19.493016068181785 0.7999999999999999
vertex 137.0887799948287 17.367610084498555 0.7999999999999999
endloop
endfacet
facet normal -0.5259113029669827 0.8505394179058197 1.1423261792399071e-33
outer loop
vertex 141.42199210158245 19.493016068181785 0.7999999999999999
vertex 137.0887799948287 17.367610084498555 17.97
vertex 141.42199210158245 19.493016068181785 17.97
endloop
endfacet
facet normal -0.999910500999218 0.013378714119563857 1.9866806071692067e-33
outer loop
vertex 144.38319403543832 24.51173210108656 17.97
vertex 144.36954619646784 23.531812910858832 0.7999999999999999
vertex 144.36954619646784 23.531812910858832 17.97
endloop
endfacet
facet normal -0.9896453084879836 0.1435345372644639 1.981332486380535e-33
outer loop
vertex 144.36954619646784 23.531812910858832 0.7999999999999999
vertex 144.38319403543832 24.51173210108656 17.97
vertex 144.38319403543832 24.51173210108656 0.7999999999999999
endloop
endfacet
facet normal -0.8398566016687082 0.5428083350810754 1.7300665230742978e-33
outer loop
vertex 144.44275431724114 26.51205900050298 17.97
vertex 144.40486700242275 26.42208168437824 0.7999999999999999
vertex 144.40486700242275 26.42208168437824 17.97
endloop
endfacet
facet normal -0.9767892239395224 0.2142027357332906 1.9639704965813435e-33
outer loop
vertex 144.40486700242275 26.42208168437824 0.7999999999999999
vertex 144.44275431724114 26.51205900050298 17.97
vertex 144.44275431724114 26.51205900050298 0.7999999999999999
endloop
endfacet
facet normal -0.5259113029669827 0.8505394179058197 1.1423261792399071e-33
outer loop
vertex 141.42199210158245 19.493016068181785 17.97
vertex 142.9428287269111 20.65291095635384 0.7999999999999999
vertex 141.42199210158245 19.493016068181785 0.7999999999999999
endloop
endfacet
facet normal -0.7119755811174752 0.7022042237785484 1.494591037450721e-33
outer loop
vertex 142.9428287269111 20.65291095635384 0.7999999999999999
vertex 141.42199210158245 19.493016068181785 17.97
vertex 142.9428287269111 20.65291095635384 17.97
endloop
endfacet
facet normal -0.9999823296929218 0.005944770972603548 1.9859646746426802e-33
outer loop
vertex 144.88767480270985 26.763875098110685 17.97
vertex 144.8870423985305 26.66074627285461 0.7999999999999999
vertex 144.8870423985305 26.66074627285461 17.97
endloop
endfacet
facet normal -0.9999811987347028 0.006132061407613028 1.985984059228741e-33
outer loop
vertex 144.8870423985305 26.66074627285461 0.7999999999999999
vertex 144.88767480270985 26.763875098110685 17.97
vertex 144.88767480270985 26.763875098110685 0.7999999999999999
endloop
endfacet
facet normal -0.09765212663978856 0.9952206097960024 3.0880659671804416e-34
outer loop
vertex 144.84562072824409 26.656681933598946 17.97
vertex 144.8870423985305 26.66074627285461 0.7999999999999999
vertex 144.84562072824409 26.656681933598946 0.7999999999999999
endloop
endfacet
facet normal -0.09765212663978856 0.9952206097960024 3.0880659671804416e-34
outer loop
vertex 144.8870423985305 26.66074627285461 0.7999999999999999
vertex 144.84562072824409 26.656681933598946 17.97
vertex 144.8870423985305 26.66074627285461 17.97
endloop
endfacet
facet normal -0.18855146548460233 0.9820633100078675 4.8775073739011615e-34
outer loop
vertex 108.80309840596311 9.02081176477735 17.97
vertex 119.69555845865426 11.510321924903533 0.7999999999999999
vertex 108.80309840596311 9.02081176477735 0.7999999999999999
endloop
endfacet
facet normal -0.2532327678635343 0.9674053779466877 6.144705583312929e-34
outer loop
vertex 119.69555845865426 11.510321924903533 0.7999999999999999
vertex 108.80309840596311 9.02081176477735 17.97
vertex 119.69555845865426 11.510321924903533 17.97
endloop
endfacet
facet normal 0.5993841038495326 0.8004615518889668 -1.0975210670966847e-33
outer loop
vertex 96.72280232846988 9.616267366158212 17.97
vertex 99.12761497074075 8.386793478124392 0.7999999999999999
vertex 96.72280232846988 9.616267366158212 0.7999999999999999
endloop
endfacet
facet normal 0.303330573516135 0.952885388265752 -4.921588835303193e-34
outer loop
vertex 99.12761497074075 8.386793478124392 0.7999999999999999
vertex 96.72280232846988 9.616267366158212 17.97
vertex 99.12761497074075 8.386793478124392 17.97
endloop
endfacet
facet normal 0.801675493651656 0.5977594858121232 -1.5225425927059215e-33
outer loop
vertex 94.81081055245134 11.636231358015 0.7999999999999999
vertex 96.72280232846988 9.616267366158212 17.97
vertex 96.72280232846988 9.616267366158212 0.7999999999999999
endloop
endfacet
facet normal 0.5993841038495326 0.8004615518889668 -1.0975210670966847e-33
outer loop
vertex 96.72280232846988 9.616267366158212 17.97
vertex 94.81081055245134 11.636231358015 0.7999999999999999
vertex 94.81081055245134 11.636231358015 17.97
endloop
endfacet
facet normal -0.9767892239395224 0.2142027357332906 1.9639704965813435e-33
outer loop
vertex 144.40486700242275 26.42208168437824 17.97
vertex 144.39800189748524 26.215430655813513 0.7999999999999999
vertex 144.39800189748524 26.215430655813513 17.97
endloop
endfacet
facet normal -0.9998406916500953 0.017849126607748407 1.9870582950018103e-33
outer loop
vertex 144.39800189748524 26.215430655813513 0.7999999999999999
vertex 144.40486700242275 26.42208168437824 17.97
vertex 144.40486700242275 26.42208168437824 0.7999999999999999
endloop
endfacet
facet normal 0.303330573516135 0.952885388265752 -4.921588835303193e-34
outer loop
vertex 99.12761497074075 8.386793478124392 17.97
vertex 102.03642637508698 7.965716590417758 0.7999999999999999
vertex 99.12761497074075 8.386793478124392 0.7999999999999999
endloop
endfacet
facet normal -0.005459609767431301 0.9999850962195325 1.2632581916558656e-34
outer loop
vertex 102.03642637508698 7.965716590417758 0.7999999999999999
vertex 99.12761497074075 8.386793478124392 17.97
vertex 102.03642637508698 7.965716590417758 17.97
endloop
endfacet
facet normal 0.08352712339969673 0.9965055040774095 -5.074256997970576e-35
outer loop
vertex 78.24909038990307 32.995273056775204 17.97
vertex 80.5914043432011 32.62850513341108 0.7999999999999999
vertex 78.24909038990307 32.995273056775204 0.7999999999999999
endloop
endfacet
facet normal 0.3143051520042645 0.9493220061831371 -5.143583887699876e-34
outer loop
vertex 80.5914043432011 32.62850513341108 0.7999999999999999
vertex 78.24909038990307 32.995273056775204 17.97
vertex 80.5914043432011 32.62850513341108 17.97
endloop
endfacet
facet normal -0.021252450571998246 0.999774141166236 1.5765519164442088e-34
outer loop
vertex 75.37121843862705 33.03402494035906 17.97
vertex 75.78959720637184 33.042918523135164 0.7999999999999999
vertex 75.37121843862705 33.03402494035906 0.7999999999999999
endloop
endfacet
facet normal -9.179297174053251e-05 0.9999999957870253 1.1567074233846154e-34
outer loop
vertex 75.78959720637184 33.042918523135164 0.7999999999999999
vertex 75.37121843862705 33.03402494035906 17.97
vertex 75.78959720637184 33.042918523135164 17.97
endloop
endfacet
facet normal 0.021160678242994637 0.9997760877798072 7.345207183793744e-35
outer loop
vertex 76.13306976726791 33.035680325434946 17.97
vertex 76.94598135568427 33.01840005918191 0.7999999999999999
vertex 76.13306976726791 33.035680325434946 0.7999999999999999
endloop
endfacet
facet normal 0.021252450572037073 0.9997741411662352 7.326965020992589e-35
outer loop
vertex 76.94598135568427 33.01840005918191 0.7999999999999999
vertex 76.13306976726791 33.035680325434946 17.97
vertex 76.94598135568427 33.01840005918191 17.97
endloop
endfacet
facet normal 0.021252450572011753 0.9997741411662359 7.326965020997623e-35
outer loop
vertex 76.94598135568427 33.01840005918191 17.97
vertex 77.75889278347219 33.00111979634341 0.7999999999999999
vertex 76.94598135568427 33.01840005918191 0.7999999999999999
endloop
endfacet
facet normal 0.016589637313406593 0.9998623824976165 8.253698579496438e-35
outer loop
vertex 77.75889278347219 33.00111979634341 0.7999999999999999
vertex 76.94598135568427 33.01840005918191 17.97
vertex 77.75889278347219 33.00111979634341 17.97
endloop
endfacet
facet normal -9.179297174053251e-05 0.9999999957870253 1.1567074233846154e-34
outer loop
vertex 75.78959720637184 33.042918523135164 17.97
vertex 76.13306976726791 33.035680325434946 0.7999999999999999
vertex 75.78959720637184 33.042918523135164 0.7999999999999999
endloop
endfacet
facet normal 0.021160678242994637 0.9997760877798072 7.345207183793744e-35
outer loop
vertex 76.13306976726791 33.035680325434946 0.7999999999999999
vertex 75.78959720637184 33.042918523135164 17.97
vertex 76.13306976726791 33.035680325434946 17.97
endloop
endfacet
facet normal 0.016589637313406593 0.9998623824976165 8.253698579496438e-35
outer loop
vertex 77.75889278347219 33.00111979634341 17.97
vertex 78.24909038990307 32.995273056775204 0.7999999999999999
vertex 77.75889278347219 33.00111979634341 0.7999999999999999
endloop
endfacet
facet normal 0.08352712339969673 0.9965055040774095 -5.074256997970576e-35
outer loop
vertex 78.24909038990307 32.995273056775204 0.7999999999999999
vertex 77.75889278347219 33.00111979634341 17.97
vertex 78.24909038990307 32.995273056775204 17.97
endloop
endfacet
facet normal -0.021252450572045577 0.999774141166235 1.5765519164451473e-34
outer loop
vertex 74.53439593079842 33.01623639367345 17.97
vertex 75.37121843862705 33.03402494035906 0.7999999999999999
vertex 74.53439593079842 33.01623639367345 0.7999999999999999
endloop
endfacet
facet normal -0.021252450572045577 0.999774141166235 1.5765519164451473e-34
outer loop
vertex 75.37121843862705 33.03402494035906 0.7999999999999999
vertex 74.53439593079842 33.01623639367345 17.97
vertex 75.37121843862705 33.03402494035906 17.97
endloop
endfacet
facet normal 0.3143051520042645 0.9493220061831371 -5.143583887699876e-34
outer loop
vertex 80.5914043432011 32.62850513341108 17.97
vertex 82.5156049675087 31.616630396930944 0.7999999999999999
vertex 80.5914043432011 32.62850513341108 0.7999999999999999
endloop
endfacet
facet normal 0.5835304976038558 0.8120912253966278 -1.0647035996942511e-33
outer loop
vertex 82.5156049675087 31.616630396930944 0.7999999999999999
vertex 80.5914043432011 32.62850513341108 17.97
vertex 82.5156049675087 31.616630396930944 17.97
endloop
endfacet
facet normal 0.5835304976038558 0.8120912253966278 -1.0647035996942511e-33
outer loop
vertex 82.5156049675087 31.616630396930944 17.97
vertex 84.10541905735478 30.099489877476245 0.7999999999999999
vertex 82.5156049675087 31.616630396930944 0.7999999999999999
endloop
endfacet
facet normal 0.7636001355871627 0.6456894245155846 -1.4414157246637424e-33
outer loop
vertex 84.10541905735478 30.099489877476245 0.7999999999999999
vertex 82.5156049675087 31.616630396930944 17.97
vertex 84.10541905735478 30.099489877476245 17.97
endloop
endfacet
facet normal 0.7636001355871627 0.6456894245155846 -1.4414157246637424e-33
outer loop
vertex 84.10541905735478 30.099489877476245 0.7999999999999999
vertex 85.63173152440709 27.844697780392078 17.97
vertex 85.63173152440709 27.844697780392078 0.7999999999999999
endloop
endfacet
facet normal 0.8504475284871884 0.5260598837490208 -1.6276508372565097e-33
outer loop
vertex 85.63173152440709 27.844697780392078 17.97
vertex 84.10541905735478 30.099489877476245 0.7999999999999999
vertex 84.10541905735478 30.099489877476245 17.97
endloop
endfacet
facet normal -1.9853132030242745e-33 1.1548850502627034e-34 -1.0
outer loop
vertex 6.951540219566992 47.95761821019741 0.7999999999999999
vertex 6.691697946611969 27.248342144884372 0.7999999999999999
vertex 6.573515388148056 56.4722344599647 0.7999999999999999
endloop
endfacet
facet normal -1.9853132030242745e-33 1.1548850502627034e-34 -1.0
outer loop
vertex 6.691697946611969 27.248342144884372 0.7999999999999999
vertex 6.951540219566992 47.95761821019741 0.7999999999999999
vertex 6.751014006458743 27.305905671404915 0.7999999999999999
endloop
endfacet
facet normal -1.9853132030242745e-33 1.1548850502627034e-34 -1.0
outer loop
vertex 6.751014006458743 27.305905671404915 0.7999999999999999
vertex 6.951540219566992 47.95761821019741 0.7999999999999999
vertex 7.054169387918945 27.339503326340104 0.7999999999999999
endloop
endfacet
facet normal -1.9853132030242745e-33 1.1548850502627034e-34 -1.0
outer loop
vertex 7.054169387918945 27.339503326340104 0.7999999999999999
vertex 6.951540219566992 47.95761821019741 0.7999999999999999
vertex 7.232883107646774 39.58346500343767 0.7999999999999999
endloop
endfacet
facet normal -1.9853132030242745e-33 1.1548850502627034e-34 -1.0
outer loop
vertex 7.054169387918945 27.339503326340104 0.7999999999999999
vertex 7.232883107646774 39.58346500343767 0.7999999999999999
vertex 7.321302598833805 27.5586129595044 0.7999999999999999
endloop
endfacet
facet normal -1.9853132030242745e-33 1.1548850502627034e-34 -1.0
outer loop
vertex 7.321302598833805 27.5586129595044 0.7999999999999999
vertex 7.232883107646774 39.58346500343767 0.7999999999999999
vertex 7.458890953046746 31.099136512689316 0.7999999999999999
endloop
endfacet
facet normal -1.9853132030242745e-33 1.1548850502627034e-34 -1.0
outer loop
vertex 7.321302598833805 27.5586129595044 0.7999999999999999
vertex 7.458890953046746 31.099136512689316 0.7999999999999999
vertex 7.493088084186324 27.971160372363713 0.7999999999999999
endloop
endfacet
facet normal -1.9853132030242745e-33 1.1548850502627034e-34 -1.0
outer loop
vertex 144.32142636123493 38.62412166518869 0.7999999999999999
vertex 144.1019934477698 27.913969943669834 0.7999999999999999
vertex 144.09910974125114 30.111240915655923 0.7999999999999999
endloop
endfacet
facet normal -1.9853132030242745e-33 1.1548850502627034e-34 -1.0
outer loop
vertex 144.1019934477698 27.913969943669834 0.7999999999999999
vertex 144.32142636123493 38.62412166518869 0.7999999999999999
vertex 144.2876783261255 27.52393076416882 0.7999999999999999
endloop
endfacet
facet normal -1.9853132030242745e-33 1.1548850502627034e-34 -1.0
outer loop
vertex 144.2876783261255 27.52393076416882 0.7999999999999999
vertex 144.32142636123493 38.62412166518869 0.7999999999999999
vertex 144.5619309280411 27.326423503580184 0.7999999999999999
endloop
endfacet
facet normal -1.9853132030242745e-33 1.1548850502627034e-34 -1.0
outer loop
vertex 144.5619309280411 27.326423503580184 0.7999999999999999
vertex 144.32142636123493 38.62412166518869 0.7999999999999999
vertex 144.59435264745264 46.99818134097757 0.7999999999999999
endloop
endfacet
facet normal -1.9853132030242745e-33 1.1548850502627034e-34 -1.0
outer loop
vertex 144.5619309280411 27.326423503580184 0.7999999999999999
vertex 144.59435264745264 46.99818134097757 0.7999999999999999
vertex 144.86542572735635 27.313522429398247 0.7999999999999999
endloop
endfacet
facet normal -1.9853132030242745e-33 1.1548850502627034e-34 -1.0
outer loop
vertex 144.86542572735635 27.313522429398247 0.7999999999999999
vertex 144.59435264745264 46.99818134097757 0.7999999999999999
vertex 144.95923547126284 55.48405825295224 0.7999999999999999
endloop
endfacet
facet normal -1.9853132030242745e-33 1.1548850502627034e-34 -1.0
outer loop
vertex 144.86542572735635 27.313522429398247 0.7999999999999999
vertex 144.95923547126284 55.48405825295224 0.7999999999999999
vertex 144.89034891384938 27.22832598023407 0.7999999999999999
endloop
endfacet
facet normal -1.9853132030242745e-33 1.1548850502627034e-34 -1.0
outer loop
vertex 3.793621216255242 69.76635390924156 0.7999999999999999
vertex 3.269181052522837 66.44665531006605 0.7999999999999999
vertex 3.2304622944211125 67.921167518868 0.7999999999999999
endloop
endfacet
facet normal -1.9853132030242745e-33 1.1548850502627034e-34 -1.0
outer loop
vertex 3.269181052522837 66.44665531006605 0.7999999999999999
vertex 3.793621216255242 69.76635390924156 0.7999999999999999
vertex 3.269181052522837 65.48142193280201 0.7999999999999999
endloop
endfacet
facet normal -1.9853132030242745e-33 1.1548850502627034e-34 -1.0
outer loop
vertex 3.269181052522837 65.48142193280201 0.7999999999999999
vertex 3.793621216255242 69.76635390924156 0.7999999999999999
vertex 3.269181052522837 64.51619717068985 0.7999999999999999
endloop
endfacet
facet normal -1.9853132030242745e-33 1.1548850502627034e-34 -1.0
outer loop
vertex 3.269181052522837 64.51619717068985 0.7999999999999999
vertex 3.793621216255242 69.76635390924156 0.7999999999999999
vertex 3.269181052522837 63.55096029558642 0.7999999999999999
endloop
endfacet
facet normal -1.9853132030242745e-33 1.1548850502627034e-34 -1.0
outer loop
vertex 3.269181052522837 63.55096029558642 0.7999999999999999
vertex 3.793621216255242 69.76635390924156 0.7999999999999999
vertex 3.5021967701214565 27.582358670019243 0.7999999999999999
endloop
endfacet
facet normal -1.9853132030242745e-33 1.1548850502627034e-34 -1.0
outer loop
vertex 3.5021967701214565 27.582358670019243 0.7999999999999999
vertex 3.793621216255242 69.76635390924156 0.7999999999999999
vertex 3.8951060606442662 27.3767384775123 0.7999999999999999
endloop
endfacet
facet normal -1.9853132030242745e-33 1.1548850502627034e-34 -1.0
outer loop
vertex 3.8951060606442662 27.3767384775123 0.7999999999999999
vertex 3.793621216255242 69.76635390924156 0.7999999999999999
vertex 5.219766339239423 71.38001913404726 0.7999999999999999
endloop
endfacet
facet normal -1.9853132030242745e-33 1.1548850502627034e-34 -1.0
outer loop
vertex 3.8951060606442662 27.3767384775123 0.7999999999999999
vertex 5.219766339239423 71.38001913404726 0.7999999999999999
vertex 4.367776887047828 19.979832477137723 0.7999999999999999
endloop
endfacet
facet normal -1.9853132030242745e-33 1.1548850502627034e-34 -1.0
outer loop
vertex 4.367776887047828 19.979832477137723 0.7999999999999999
vertex 5.219766339239423 71.38001913404726 0.7999999999999999
vertex 5.564320615918614 17.563982696960533 0.7999999999999999
endloop
endfacet
facet normal -1.9853132030242745e-33 1.1548850502627034e-34 -1.0
outer loop
vertex 5.564320615918614 17.563982696960533 0.7999999999999999
vertex 5.219766339239423 71.38001913404726 0.7999999999999999
vertex 5.730547226689736 62.10259555822526 0.7999999999999999
endloop
endfacet
facet normal -1.9853132030242745e-33 1.1548850502627034e-34 -1.0
outer loop
vertex 5.730547226689736 62.10259555822526 0.7999999999999999
vertex 5.219766339239423 71.38001913404726 0.7999999999999999
vertex 5.7497722953735275 65.01092306550191 0.7999999999999999
endloop
endfacet
facet normal -1.9853132030242745e-33 1.1548850502627034e-34 -1.0
outer loop
vertex 5.7497722953735275 65.01092306550191 0.7999999999999999
vertex 5.219766339239423 71.38001913404726 0.7999999999999999
vertex 7.5041806718944795 72.76340458984522 0.7999999999999999
endloop
endfacet
facet normal -1.9853132030242745e-33 1.1548850502627034e-34 -1.0
outer loop
vertex 5.730547226689736 62.10259555822526 0.7999999999999999
vertex 5.7497722953735275 65.01092306550191 0.7999999999999999
vertex 5.735642815063327 62.67448901135373 0.7999999999999999
endloop
endfacet
facet normal -1.9853132030242745e-33 1.1548850502627034e-34 -1.0
outer loop
vertex 5.735642815063327 62.67448901135373 0.7999999999999999
vertex 5.7497722953735275 65.01092306550191 0.7999999999999999
vertex 5.740738403801406 63.24639068681749 0.7999999999999999
endloop
endfacet
facet normal -1.9853132030242745e-33 1.1548850502627034e-34 -1.0
outer loop
vertex 5.740738403801406 63.24639068681749 0.7999999999999999
vertex 5.7497722953735275 65.01092306550191 0.7999999999999999
vertex 5.745833993140226 63.81828015757025 0.7999999999999999
endloop
endfacet
facet normal -1.9853132030242745e-33 1.1548850502627034e-34 -1.0
outer loop
vertex 5.7497722953735275 65.01092306550191 0.7999999999999999
vertex 7.5041806718944795 72.76340458984522 0.7999999999999999
vertex 6.050691106464794 66.26709678884816 0.7999999999999999
endloop
endfacet
facet normal -1.9853132030242745e-33 1.1548850502627034e-34 -1.0
outer loop
vertex 6.050691106464794 66.26709678884816 0.7999999999999999
vertex 7.5041806718944795 72.76340458984522 0.7999999999999999
vertex 6.691279802343434 67.22606408180435 0.7999999999999999
endloop
endfacet
facet normal -1.9853132030242745e-33 1.1548850502627034e-34 -1.0
outer loop
vertex 6.691279802343434 67.22606408180435 0.7999999999999999
vertex 7.5041806718944795 72.76340458984522 0.7999999999999999
vertex 7.649540665188796 67.90703083243919 0.7999999999999999
endloop
endfacet
facet normal -1.9853132030242745e-33 1.1548850502627034e-34 -1.0
outer loop
vertex 7.649540665188796 67.90703083243919 0.7999999999999999
vertex 7.5041806718944795 72.76340458984522 0.7999999999999999
vertex 11.399539821055612 74.06839929895948 0.7999999999999999
endloop
endfacet
facet normal -1.9853132030242745e-33 1.1548850502627034e-34 -1.0
outer loop
vertex 7.649540665188796 67.90703083243919 0.7999999999999999
vertex 11.399539821055612 74.06839929895948 0.7999999999999999
vertex 12.667598545117503 69.57027970454052 0.7999999999999999
endloop
endfacet
facet normal -1.9853132030242745e-33 1.1548850502627034e-34 -1.0
outer loop
vertex 12.667598545117503 69.57027970454052 0.7999999999999999
vertex 11.399539821055612 74.06839929895948 0.7999999999999999
vertex 15.92055090542695 75.49803917850461 0.7999999999999999
endloop
endfacet
facet normal -1.9853132030242745e-33 1.1548850502627034e-34 -1.0
outer loop
vertex 12.667598545117503 69.57027970454052 0.7999999999999999
vertex 15.92055090542695 75.49803917850461 0.7999999999999999
vertex 18.868578853091012 71.29184399426015 0.7999999999999999
endloop
endfacet
facet normal -1.9853132030242745e-33 1.1548850502627034e-34 -1.0
outer loop
vertex 18.868578853091012 71.29184399426015 0.7999999999999999
vertex 15.92055090542695 75.49803917850461 0.7999999999999999
vertex 20.454314845910762 76.87392962821765 0.7999999999999999
endloop
endfacet
facet normal -1.9853132030242745e-33 1.1548850502627034e-34 -1.0
outer loop
vertex 18.868578853091012 71.29184399426015 0.7999999999999999
vertex 20.454314845910762 76.87392962821765 0.7999999999999999
vertex 25.106481390749877 72.71084440290323 0.7999999999999999
endloop
endfacet
facet normal -1.9853132030242745e-33 1.1548850502627034e-34 -1.0
outer loop
vertex 25.106481390749877 72.71084440290323 0.7999999999999999
vertex 20.454314845910762 76.87392962821765 0.7999999999999999
vertex 25.040366986762653 78.02940653857324 0.7999999999999999
endloop
endfacet
facet normal -1.9853132030242745e-33 1.1548850502627034e-34 -1.0
outer loop
vertex 25.106481390749877 72.71084440290323 0.7999999999999999
vertex 25.040366986762653 78.02940653857324 0.7999999999999999
vertex 32.01827284542557 79.30652955293812 0.7999999999999999
endloop
endfacet
facet normal -1.9853132030242745e-33 1.1548850502627034e-34 -1.0
outer loop
vertex 25.106481390749877 72.71084440290323 0.7999999999999999
vertex 32.01827284542557 79.30652955293812 0.7999999999999999
vertex 31.378667687471108 73.84286269720279 0.7999999999999999
endloop
endfacet
facet normal -1.9853132030242745e-33 1.1548850502627034e-34 -1.0
outer loop
vertex 31.378667687471108 73.84286269720279 0.7999999999999999
vertex 32.01827284542557 79.30652955293812 0.7999999999999999
vertex 37.682499272631766 74.70348064389185 0.7999999999999999
endloop
endfacet
facet normal -1.9853132030242745e-33 1.1548850502627034e-34 -1.0
outer loop
vertex 37.682499272631766 74.70348064389185 0.7999999999999999
vertex 32.01827284542557 79.30652955293812 0.7999999999999999
vertex 39.844981836628214 80.50920000741743 0.7999999999999999
endloop
endfacet
facet normal -1.9853132030242745e-33 1.1548850502627034e-34 -1.0
outer loop
vertex 37.682499272631766 74.70348064389185 0.7999999999999999
vertex 39.844981836628214 80.50920000741743 0.7999999999999999
vertex 44.01533767560886 75.30828000970345 0.7999999999999999
endloop
endfacet
facet normal -1.9853132030242745e-33 1.1548850502627034e-34 -1.0
outer loop
vertex 44.01533767560886 75.30828000970345 0.7999999999999999
vertex 39.844981836628214 80.50920000741743 0.7999999999999999
vertex 47.70263034163252 81.49685255282157 0.7999999999999999
endloop
endfacet
facet normal -1.9853132030242745e-33 1.1548850502627034e-34 -1.0
outer loop
vertex 44.01533767560886 75.30828000970345 0.7999999999999999
vertex 47.70263034163252 81.49685255282157 0.7999999999999999
vertex 50.37454442577943 75.67284256137059 0.7999999999999999
endloop
endfacet
facet normal -1.9853132030242745e-33 1.1548850502627034e-34 -1.0
outer loop
vertex 50.37454442577943 75.67284256137059 0.7999999999999999
vertex 47.70263034163252 81.49685255282157 0.7999999999999999
vertex 55.581350406474755 82.27597301941721 0.7999999999999999
endloop
endfacet
facet normal -1.9853132030242745e-33 1.1548850502627034e-34 -1.0
outer loop
vertex 50.37454442577943 75.67284256137059 0.7999999999999999
vertex 55.581350406474755 82.27597301941721 0.7999999999999999
vertex 56.757481052522834 75.8127500656263 0.7999999999999999
endloop
endfacet
facet normal -1.9853132030242745e-33 1.1548850502627034e-34 -1.0
outer loop
vertex 56.757481052522834 75.8127500656263 0.7999999999999999
vertex 55.581350406474755 82.27597301941721 0.7999999999999999
vertex 60.90838671658534 82.62570217656379 0.7999999999999999
endloop
endfacet
facet normal -1.9853132030242745e-33 1.1548850502627034e-34 -1.0
outer loop
vertex 56.757481052522834 75.8127500656263 0.7999999999999999
vertex 60.90838671658534 82.62570217656379 0.7999999999999999
vertex 61.65650601380222 75.80681420668066 0.7999999999999999
endloop
endfacet
facet normal -1.9853132030242745e-33 1.1548850502627034e-34 -1.0
outer loop
vertex 61.65650601380222 75.80681420668066 0.7999999999999999
vertex 60.90838671658534 82.62570217656379 0.7999999999999999
vertex 65.86676164743025 82.75206094108925 0.7999999999999999
endloop
endfacet
facet normal -1.9853132030242745e-33 1.1548850502627034e-34 -1.0
outer loop
vertex 61.65650601380222 75.80681420668066 0.7999999999999999
vertex 65.86676164743025 82.75206094108925 0.7999999999999999
vertex 66.55476951870949 75.74935878229635 0.7999999999999999
endloop
endfacet
facet normal -1.9853132030242745e-33 1.1548850502627034e-34 -1.0
outer loop
vertex 66.55476951870949 75.74935878229635 0.7999999999999999
vertex 65.86676164743025 82.75206094108925 0.7999999999999999
vertex 70.82991822063627 82.76780526880916 0.7999999999999999
endloop
endfacet
facet normal -1.9853132030242745e-33 1.1548850502627034e-34 -1.0
outer loop
vertex 66.55476951870949 75.74935878229635 0.7999999999999999
vertex 70.82991822063627 82.76780526880916 0.7999999999999999
vertex 71.45274199884828 75.65641937409363 0.7999999999999999
endloop
endfacet
facet normal -1.9853132030242745e-33 1.1548850502627034e-34 -1.0
outer loop
vertex 71.45274199884828 75.65641937409363 0.7999999999999999
vertex 70.82991822063627 82.76780526880916 0.7999999999999999
vertex 75.79108105252284 82.7548500656263 0.7999999999999999
endloop
endfacet
facet normal -1.9853132030242745e-33 1.1548850502627034e-34 -1.0
outer loop
vertex 71.45274199884828 75.65641937409363 0.7999999999999999
vertex 75.79108105252284 82.7548500656263 0.7999999999999999
vertex 76.35088387987884 75.57060000328607 0.7999999999999999
endloop
endfacet
facet normal -1.9853132030242745e-33 1.1548850502627034e-34 -1.0
outer loop
vertex 76.35088387987884 75.57060000328607 0.7999999999999999
vertex 75.79108105252284 82.7548500656263 0.7999999999999999
vertex 78.27099012620623 82.7597954276838 0.7999999999999999
endloop
endfacet
facet normal -1.9853132030242745e-33 1.1548850502627034e-34 -1.0
outer loop
vertex 76.35088387987884 75.57060000328607 0.7999999999999999
vertex 78.27099012620623 82.7597954276838 0.7999999999999999
vertex 81.24895333718746 75.67995622785023 0.7999999999999999
endloop
endfacet
facet normal -1.9853132030242745e-33 1.1548850502627034e-34 -1.0
outer loop
vertex 81.24895333718746 75.67995622785023 0.7999999999999999
vertex 78.27099012620623 82.7597954276838 0.7999999999999999
vertex 80.75224447190367 82.76780527046209 0.7999999999999999
endloop
endfacet
facet normal -1.9853132030242745e-33 1.1548850502627034e-34 -1.0
outer loop
vertex 81.24895333718746 75.67995622785023 0.7999999999999999
vertex 80.75224447190367 82.76780527046209 0.7999999999999999
vertex 83.2339971793015 82.76864022886987 0.7999999999999999
endloop
endfacet
facet normal -1.9853132030242745e-33 1.1548850502627034e-34 -1.0
outer loop
vertex 81.24895333718746 75.67995622785023 0.7999999999999999
vertex 83.2339971793015 82.76864022886987 0.7999999999999999
vertex 86.14695116766238 75.76619878189116 0.7999999999999999
endloop
endfacet
facet normal -1.9853132030242745e-33 1.1548850502627034e-34 -1.0
outer loop
vertex 86.14695116766238 75.76619878189116 0.7999999999999999
vertex 83.2339971793015 82.76864022886987 0.7999999999999999
vertex 85.7154013380858 82.75206093781583 0.7999999999999999
endloop
endfacet
facet normal -1.9853132030242745e-33 1.1548850502627034e-34 -1.0
outer loop
vertex 86.14695116766238 75.76619878189116 0.7999999999999999
vertex 85.7154013380858 82.75206093781583 0.7999999999999999
vertex 88.1956100379426 82.70782803220868 0.7999999999999999
endloop
endfacet
facet normal -1.9853132030242745e-33 1.1548850502627034e-34 -1.0
outer loop
vertex 86.14695116766238 75.76619878189116 0.7999999999999999
vertex 88.1956100379426 82.70782803220868 0.7999999999999999
vertex 91.04534803033354 75.81329207092443 0.7999999999999999
endloop
endfacet
facet normal -1.9853132030242745e-33 1.1548850502627034e-34 -1.0
outer loop
vertex 91.04534803033354 75.81329207092443 0.7999999999999999
vertex 88.1956100379426 82.70782803220868 0.7999999999999999
vertex 90.67377636855794 82.62570214695711 0.7999999999999999
endloop
endfacet
facet normal -1.9853132030242745e-33 1.1548850502627034e-34 -1.0
outer loop
vertex 91.04534803033354 75.81329207092443 0.7999999999999999
vertex 90.67377636855794 82.62570214695711 0.7999999999999999
vertex 93.14905341961786 82.49544391696982 0.7999999999999999
endloop
endfacet
facet normal -1.9853132030242745e-33 1.1548850502627034e-34 -1.0
outer loop
vertex 91.04534803033354 75.81329207092443 0.7999999999999999
vertex 93.14905341961786 82.49544391696982 0.7999999999999999
vertex 97.74536474721884 75.77567375844882 0.7999999999999999
endloop
endfacet
facet normal -1.9853132030242745e-33 1.1548850502627034e-34 -1.0
outer loop
vertex 97.74536474721884 75.77567375844882 0.7999999999999999
vertex 93.14905341961786 82.49544391696982 0.7999999999999999
vertex 97.0182627089369 82.18693143712667 0.7999999999999999
endloop
endfacet
facet normal -1.9853132030242745e-33 1.1548850502627034e-34 -1.0
outer loop
vertex 97.74536474721884 75.77567375844882 0.7999999999999999
vertex 97.0182627089369 82.18693143712667 0.7999999999999999
vertex 104.89481983085412 81.38126777969289 0.7999999999999999
endloop
endfacet
facet normal -1.9853132030242745e-33 1.1548850502627034e-34 -1.0
outer loop
vertex 97.74536474721884 75.77567375844882 0.7999999999999999
vertex 104.89481983085412 81.38126777969289 0.7999999999999999
vertex 110.46525961802298 75.06254922185475 0.7999999999999999
endloop
endfacet
facet normal -1.9853132030242745e-33 1.1548850502627034e-34 -1.0
outer loop
vertex 110.46525961802298 75.06254922185475 0.7999999999999999
vertex 104.89481983085412 81.38126777969289 0.7999999999999999
vertex 112.74903084204212 80.36623528238287 0.7999999999999999
endloop
endfacet
facet normal -1.9853132030242745e-33 1.1548850502627034e-34 -1.0
outer loop
vertex 110.46525961802298 75.06254922185475 0.7999999999999999
vertex 112.74903084204212 80.36623528238287 0.7999999999999999
vertex 123.07485797219367 73.35998490542536 0.7999999999999999
endloop
endfacet
facet normal -1.9853132030242745e-33 1.1548850502627034e-34 -1.0
outer loop
vertex 123.07485797219367 73.35998490542536 0.7999999999999999
vertex 112.74903084204212 80.36623528238287 0.7999999999999999
vertex 120.57102779783644 79.13534818340516 0.7999999999999999
endloop
endfacet
facet normal -1.9853132030242745e-33 1.1548850502627034e-34 -1.0
outer loop
vertex 123.07485797219367 73.35998490542536 0.7999999999999999
vertex 120.57102779783644 79.13534818340516 0.7999999999999999
vertex 127.13786975445323 77.89853816061408 0.7999999999999999
endloop
endfacet
facet normal -1.9853132030242745e-33 1.1548850502627034e-34 -1.0
outer loop
vertex 123.07485797219367 73.35998490542536 0.7999999999999999
vertex 127.13786975445323 77.89853816061408 0.7999999999999999
vertex 135.5530522961125 70.54332630105684 0.7999999999999999
endloop
endfacet
facet normal -1.9853132030242745e-33 1.1548850502627034e-34 -1.0
outer loop
vertex 135.5530522961125 70.54332630105684 0.7999999999999999
vertex 127.13786975445323 77.89853816061408 0.7999999999999999
vertex 131.71495421898666 76.7052553603111 0.7999999999999999
endloop
endfacet
facet normal -1.9853132030242745e-33 1.1548850502627034e-34 -1.0
outer loop
vertex 135.5530522961125 70.54332630105684 0.7999999999999999
vertex 131.71495421898666 76.7052553603111 0.7999999999999999
vertex 136.24485110020487 75.3130643231134 0.7999999999999999
endloop
endfacet
facet normal -1.9853132030242745e-33 1.1548850502627034e-34 -1.0
outer loop
vertex 135.5530522961125 70.54332630105684 0.7999999999999999
vertex 136.24485110020487 75.3130643231134 0.7999999999999999
vertex 144.0575146585806 67.84266562861679 0.7999999999999999
endloop
endfacet
facet normal -1.9853132030242745e-33 1.1548850502627034e-34 -1.0
outer loop
vertex 144.0575146585806 67.84266562861679 0.7999999999999999
vertex 136.24485110020487 75.3130643231134 0.7999999999999999
vertex 140.76709575053403 73.88862919298603 0.7999999999999999
endloop
endfacet
facet normal -1.9853132030242745e-33 1.1548850502627034e-34 -1.0
outer loop
vertex 144.0575146585806 67.84266562861679 0.7999999999999999
vertex 140.76709575053403 73.88862919298603 0.7999999999999999
vertex 144.42080802137482 72.59779878073003 0.7999999999999999
endloop
endfacet
facet normal -1.9853132030242745e-33 1.1548850502627034e-34 -1.0
outer loop
vertex 144.0575146585806 67.84266562861679 0.7999999999999999
vertex 144.42080802137482 72.59779878073003 0.7999999999999999
vertex 144.9805835125308 67.1308997659318 0.7999999999999999
endloop
endfacet
facet normal -1.9853132030242745e-33 1.1548850502627034e-34 -1.0
outer loop
vertex 144.9805835125308 67.1308997659318 0.7999999999999999
vertex 144.42080802137482 72.59779878073003 0.7999999999999999
vertex 146.5947428112626 71.18476921910955 0.7999999999999999
endloop
endfacet
facet normal -1.9853132030242745e-33 1.1548850502627034e-34 -1.0
outer loop
vertex 144.9805835125308 67.1308997659318 0.7999999999999999
vertex 146.5947428112626 71.18476921910955 0.7999999999999999
vertex 145.58346635695648 66.13893828808912 0.7999999999999999
endloop
endfacet
facet normal -1.9853132030242745e-33 1.1548850502627034e-34 -1.0
outer loop
vertex 145.58346635695648 66.13893828808912 0.7999999999999999
vertex 146.5947428112626 71.18476921910955 0.7999999999999999
vertex 145.84416535392026 64.84757520191526 0.7999999999999999
endloop
endfacet
facet normal -1.9853132030242745e-33 1.1548850502627034e-34 -1.0
outer loop
vertex 145.84416535392026 64.84757520191526 0.7999999999999999
vertex 146.5947428112626 71.18476921910955 0.7999999999999999
vertex 145.84710163903227 62.609129399491714 0.7999999999999999
endloop
endfacet
facet normal -1.9853132030242745e-33 1.1548850502627034e-34 -1.0
outer loop
vertex 145.84710163903227 62.609129399491714 0.7999999999999999
vertex 146.5947428112626 71.18476921910955 0.7999999999999999
vertex 145.85219722831033 62.03723808221414 0.7999999999999999
endloop
endfacet
facet normal -1.9853132030242745e-33 1.1548850502627034e-34 -1.0
outer loop
vertex 145.84416535392026 64.84757520191526 0.7999999999999999
vertex 145.84200605033467 63.18103117059058 0.7999999999999999
vertex 145.83691046198135 63.75292296846448 0.7999999999999999
endloop
endfacet
facet normal -1.9853132030242745e-33 1.1548850502627034e-34 -1.0
outer loop
vertex 145.84200605033467 63.18103117059058 0.7999999999999999
vertex 145.84416535392026 64.84757520191526 0.7999999999999999
vertex 145.84710163903227 62.609129399491714 0.7999999999999999
endloop
endfacet
facet normal -1.9853132030242745e-33 1.1548850502627034e-34 -1.0
outer loop
vertex 3.854496059231195 25.385219010161048 0.7999999999999999
vertex 3.850446792530779 22.795191258001136 0.7999999999999999
vertex 3.834191056221012 24.38949086318218 0.7999999999999999
endloop
endfacet
facet normal -1.9853132030242745e-33 1.1548850502627034e-34 -1.0
outer loop
vertex 3.850446792530779 22.795191258001136 0.7999999999999999
vertex 3.854496059231195 25.385219010161048 0.7999999999999999
vertex 4.367776887047828 19.979832477137723 0.7999999999999999
endloop
endfacet
facet normal -1.9853132030242745e-33 1.1548850502627034e-34 -1.0
outer loop
vertex 4.367776887047828 19.979832477137723 0.7999999999999999
vertex 3.854496059231195 25.385219010161048 0.7999999999999999
vertex 3.8748010604255456 26.380964753171167 0.7999999999999999
endloop
endfacet
facet normal -1.9853132030242745e-33 1.1548850502627034e-34 -1.0
outer loop
vertex 4.367776887047828 19.979832477137723 0.7999999999999999
vertex 3.8748010604255456 26.380964753171167 0.7999999999999999
vertex 3.8951060606442662 27.3767384775123 0.7999999999999999
endloop
endfacet
facet normal -1.9853132030242745e-33 1.1548850502627034e-34 -1.0
outer loop
vertex 1.0550720010363102 62.83006031573133 0.7999999999999999
vertex 0.8084682366339812 55.53970147168519 0.7999999999999999
vertex 0.7999999999999873 62.2990926611211 0.7999999999999999
endloop
endfacet
facet normal -1.9853132030242745e-33 1.1548850502627034e-34 -1.0
outer loop
vertex 0.8084682366339812 55.53970147168519 0.7999999999999999
vertex 1.0550720010363102 62.83006031573133 0.7999999999999999
vertex 0.8521340077313093 46.94573314460566 0.7999999999999999
endloop
endfacet
facet normal -1.9853132030242745e-33 1.1548850502627034e-34 -1.0
outer loop
vertex 0.8521340077313093 46.94573314460566 0.7999999999999999
vertex 1.0550720010363102 62.83006031573133 0.7999999999999999
vertex 0.8690536194171886 38.338375237964314 0.7999999999999999
endloop
endfacet
facet normal -1.9853132030242745e-33 1.1548850502627034e-34 -1.0
outer loop
vertex 0.8690536194171886 38.338375237964314 0.7999999999999999
vertex 1.0550720010363102 62.83006031573133 0.7999999999999999
vertex 0.8764754878641262 28.495760331105654 0.7999999999999999
endloop
endfacet
facet normal -1.9853132030242745e-33 1.1548850502627034e-34 -1.0
outer loop
vertex 0.8764754878641262 28.495760331105654 0.7999999999999999
vertex 1.0550720010363102 62.83006031573133 0.7999999999999999
vertex 1.1557476498864248 28.076149293433105 0.7999999999999999
endloop
endfacet
facet normal -1.9853132030242745e-33 1.1548850502627034e-34 -1.0
outer loop
vertex 1.1557476498864248 28.076149293433105 0.7999999999999999
vertex 1.0550720010363102 62.83006031573133 0.7999999999999999
vertex 1.644152299793515 63.13839151019325 0.7999999999999999
endloop
endfacet
facet normal -1.9853132030242745e-33 1.1548850502627034e-34 -1.0
outer loop
vertex 1.1557476498864248 28.076149293433105 0.7999999999999999
vertex 1.644152299793515 63.13839151019325 0.7999999999999999
vertex 1.577669998390153 27.779075102588493 0.7999999999999999
endloop
endfacet
facet normal -1.9853132030242745e-33 1.1548850502627034e-34 -1.0
outer loop
vertex 1.577669998390153 27.779075102588493 0.7999999999999999
vertex 1.644152299793515 63.13839151019325 0.7999999999999999
vertex 2.0866198169634447 27.637929456653886 0.7999999999999999
endloop
endfacet
facet normal -1.9853132030242745e-33 1.1548850502627034e-34 -1.0
outer loop
vertex 2.0866198169634447 27.637929456653886 0.7999999999999999
vertex 1.644152299793515 63.13839151019325 0.7999999999999999
vertex 2.5404393025557215 63.241950554618455 0.7999999999999999
endloop
endfacet
facet normal -1.9853132030242745e-33 1.1548850502627034e-34 -1.0
outer loop
vertex 2.0866198169634447 27.637929456653886 0.7999999999999999
vertex 2.5404393025557215 63.241950554618455 0.7999999999999999
vertex 2.557173193204752 27.60894752187197 0.7999999999999999
endloop
endfacet
facet normal -1.9853132030242745e-33 1.1548850502627034e-34 -1.0
outer loop
vertex 2.557173193204752 27.60894752187197 0.7999999999999999
vertex 2.5404393025557215 63.241950554618455 0.7999999999999999
vertex 3.269181052522837 63.55096029558642 0.7999999999999999
endloop
endfacet
facet normal -1.9853132030242745e-33 1.1548850502627034e-34 -1.0
outer loop
vertex 2.557173193204752 27.60894752187197 0.7999999999999999
vertex 3.269181052522837 63.55096029558642 0.7999999999999999
vertex 3.029397662669211 27.600557699538992 0.7999999999999999
endloop
endfacet
facet normal -1.9853132030242745e-33 1.1548850502627034e-34 -1.0
outer loop
vertex 3.029397662669211 27.600557699538992 0.7999999999999999
vertex 3.269181052522837 63.55096029558642 0.7999999999999999
vertex 3.5021967701214565 27.582358670019243 0.7999999999999999
endloop
endfacet
facet normal -1.9853132030242745e-33 1.1548850502627034e-34 -1.0
outer loop
vertex 0.8764754878641262 28.495760331105654 0.7999999999999999
vertex 0.8039792141708577 29.776433619418622 0.7999999999999999
vertex 0.8690536194171886 38.338375237964314 0.7999999999999999
endloop
endfacet
facet normal -1.9853132030242745e-33 1.1548850502627034e-34 -1.0
outer loop
vertex 5.564320615918614 17.563982696960533 0.7999999999999999
vertex 6.695075587037356 26.661699334158424 0.7999999999999999
vertex 7.493877826009529 15.579336218310582 0.7999999999999999
endloop
endfacet
facet normal -1.9853132030242745e-33 1.1548850502627034e-34 -1.0
outer loop
vertex 6.695075587037356 26.661699334158424 0.7999999999999999
vertex 5.564320615918614 17.563982696960533 0.7999999999999999
vertex 5.730547226689736 62.10259555822526 0.7999999999999999
endloop
endfacet
facet normal -1.9853132030242745e-33 1.1548850502627034e-34 -1.0
outer loop
vertex 6.695075587037356 26.661699334158424 0.7999999999999999
vertex 5.730547226689736 62.10259555822526 0.7999999999999999
vertex 5.794902831959502 61.75745593720883 0.7999999999999999
endloop
endfacet
facet normal -1.9853132030242745e-33 1.1548850502627034e-34 -1.0
outer loop
vertex 6.695075587037356 26.661699334158424 0.7999999999999999
vertex 5.794902831959502 61.75745593720883 0.7999999999999999
vertex 5.941692821571993 61.68156253962093 0.7999999999999999
endloop
endfacet
facet normal -1.9853132030242745e-33 1.1548850502627034e-34 -1.0
outer loop
vertex 6.695075587037356 26.661699334158424 0.7999999999999999
vertex 5.941692821571993 61.68156253962093 0.7999999999999999
vertex 6.088462925493455 61.60566915057802 0.7999999999999999
endloop
endfacet
facet normal -1.9853132030242745e-33 1.1548850502627034e-34 -1.0
outer loop
vertex 6.695075587037356 26.661699334158424 0.7999999999999999
vertex 6.088462925493455 61.60566915057802 0.7999999999999999
vertex 6.23525405764924 61.52977576656157 0.7999999999999999
endloop
endfacet
facet normal -1.9853132030242745e-33 1.1548850502627034e-34 -1.0
outer loop
vertex 6.695075587037356 26.661699334158424 0.7999999999999999
vertex 6.23525405764924 61.52977576656157 0.7999999999999999
vertex 6.6929718718240085 27.02708145015938 0.7999999999999999
endloop
endfacet
facet normal -1.9853132030242745e-33 1.1548850502627034e-34 -1.0
outer loop
vertex 6.6929718718240085 27.02708145015938 0.7999999999999999
vertex 6.23525405764924 61.52977576656157 0.7999999999999999
vertex 6.691697946611969 27.248342144884372 0.7999999999999999
endloop
endfacet
facet normal -1.9853132030242745e-33 1.1548850502627034e-34 -1.0
outer loop
vertex 6.691697946611969 27.248342144884372 0.7999999999999999
vertex 6.23525405764924 61.52977576656157 0.7999999999999999
vertex 6.573515388148056 56.4722344599647 0.7999999999999999
endloop
endfacet
facet normal -1.9853132030242745e-33 1.1548850502627034e-34 -1.0
outer loop
vertex 6.695075587037356 26.661699334158424 0.7999999999999999
vertex 6.6929718718240085 27.02708145015938 0.7999999999999999
vertex 6.69435683037631 26.78653601739336 0.7999999999999999
endloop
endfacet
facet normal -1.9853132030242745e-33 1.1548850502627034e-34 -1.0
outer loop
vertex 7.493877826009529 15.579336218310582 0.7999999999999999
vertex 6.695075587037356 26.661699334158424 0.7999999999999999
vertex 6.728619837848896 26.65745920360056 0.7999999999999999
endloop
endfacet
facet normal -1.9853132030242745e-33 1.1548850502627034e-34 -1.0
outer loop
vertex 7.493877826009529 15.579336218310582 0.7999999999999999
vertex 6.728619837848896 26.65745920360056 0.7999999999999999
vertex 6.81218972979336 26.649259235079928 0.7999999999999999
endloop
endfacet
facet normal -1.9853132030242745e-33 1.1548850502627034e-34 -1.0
outer loop
vertex 7.493877826009529 15.579336218310582 0.7999999999999999
vertex 6.81218972979336 26.649259235079928 0.7999999999999999
vertex 6.8971592128865336 26.640921937156374 0.7999999999999999
endloop
endfacet
facet normal -1.9853132030242745e-33 1.1548850502627034e-34 -1.0
outer loop
vertex 7.493877826009529 15.579336218310582 0.7999999999999999
vertex 6.8971592128865336 26.640921937156374 0.7999999999999999
vertex 6.938544861416419 26.63690563141591 0.7999999999999999
endloop
endfacet
facet normal -1.9853132030242745e-33 1.1548850502627034e-34 -1.0
outer loop
vertex 7.493877826009529 15.579336218310582 0.7999999999999999
vertex 6.938544861416419 26.63690563141591 0.7999999999999999
vertex 7.055533444544362 26.597917461717355 0.7999999999999999
endloop
endfacet
facet normal -1.9853132030242745e-33 1.1548850502627034e-34 -1.0
outer loop
vertex 7.493877826009529 15.579336218310582 0.7999999999999999
vertex 7.055533444544362 26.597917461717355 0.7999999999999999
vertex 7.200649475649049 23.720409846123527 0.7999999999999999
endloop
endfacet
facet normal -1.9853132030242745e-33 1.1548850502627034e-34 -1.0
outer loop
vertex 7.200649475649049 23.720409846123527 0.7999999999999999
vertex 7.055533444544362 26.597917461717355 0.7999999999999999
vertex 7.132909905205991 26.522049786015543 0.7999999999999999
endloop
endfacet
facet normal -1.9853132030242745e-33 1.1548850502627034e-34 -1.0
outer loop
vertex 7.200649475649049 23.720409846123527 0.7999999999999999
vertex 7.132909905205991 26.522049786015543 0.7999999999999999
vertex 7.174621789938483 26.432210590996586 0.7999999999999999
endloop
endfacet
facet normal -1.9853132030242745e-33 1.1548850502627034e-34 -1.0
outer loop
vertex 7.200649475649049 23.720409846123527 0.7999999999999999
vertex 7.174621789938483 26.432210590996586 0.7999999999999999
vertex 7.185110098212651 25.71245590321325 0.7999999999999999
endloop
endfacet
facet normal -1.9853132030242745e-33 1.1548850502627034e-34 -1.0
outer loop
vertex 7.185110098212651 25.71245590321325 0.7999999999999999
vertex 7.174621789938483 26.432210590996586 0.7999999999999999
vertex 7.184454558740087 26.280328314211406 0.7999999999999999
endloop
endfacet
facet normal -1.9853132030242745e-33 1.1548850502627034e-34 -1.0
outer loop
vertex 7.200649475649049 23.720409846123527 0.7999999999999999
vertex 7.185110098212651 25.71245590321325 0.7999999999999999
vertex 7.1908568193671325 25.14455551383852 0.7999999999999999
endloop
endfacet
facet normal -1.9853132030242745e-33 1.1548850502627034e-34 -1.0
outer loop
vertex 7.200649475649049 23.720409846123527 0.7999999999999999
vertex 7.1908568193671325 25.14455551383852 0.7999999999999999
vertex 7.198186936476271 24.57663734654209 0.7999999999999999
endloop
endfacet
facet normal -1.9853132030242745e-33 1.1548850502627034e-34 -1.0
outer loop
vertex 7.493877826009529 15.579336218310582 0.7999999999999999
vertex 7.200649475649049 23.720409846123527 0.7999999999999999
vertex 7.566263998632987 22.16054081682557 0.7999999999999999
endloop
endfacet
facet normal -1.9853132030242745e-33 1.1548850502627034e-34 -1.0
outer loop
vertex 7.493877826009529 15.579336218310582 0.7999999999999999
vertex 7.566263998632987 22.16054081682557 0.7999999999999999
vertex 14.029208138226192 12.020158756739802 0.7999999999999999
endloop
endfacet
facet normal -1.9853132030242745e-33 1.1548850502627034e-34 -1.0
outer loop
vertex 14.029208138226192 12.020158756739802 0.7999999999999999
vertex 7.566263998632987 22.16054081682557 0.7999999999999999
vertex 8.498357788501515 20.796834423023146 0.7999999999999999
endloop
endfacet
facet normal -1.9853132030242745e-33 1.1548850502627034e-34 -1.0
outer loop
vertex 14.029208138226192 12.020158756739802 0.7999999999999999
vertex 8.498357788501515 20.796834423023146 0.7999999999999999
vertex 9.96087116845158 19.616752536758458 0.7999999999999999
endloop
endfacet
facet normal -1.9853132030242745e-33 1.1548850502627034e-34 -1.0
outer loop
vertex 14.029208138226192 12.020158756739802 0.7999999999999999
vertex 9.96087116845158 19.616752536758458 0.7999999999999999
vertex 13.673212152807384 17.737059342081842 0.7999999999999999
endloop
endfacet
facet normal -1.9853132030242745e-33 1.1548850502627034e-34 -1.0
outer loop
vertex 14.029208138226192 12.020158756739802 0.7999999999999999
vertex 13.673212152807384 17.737059342081842 0.7999999999999999
vertex 21.48241488091321 14.630921235933565 0.7999999999999999
endloop
endfacet
facet normal -1.9853132030242745e-33 1.1548850502627034e-34 -1.0
outer loop
vertex 14.029208138226192 12.020158756739802 0.7999999999999999
vertex 21.48241488091321 14.630921235933565 0.7999999999999999
vertex 25.670383790693304 6.88555155992842 0.7999999999999999
endloop
endfacet
facet normal -1.9853132030242745e-33 1.1548850502627034e-34 -1.0
outer loop
vertex 25.670383790693304 6.88555155992842 0.7999999999999999
vertex 21.48241488091321 14.630921235933565 0.7999999999999999
vertex 30.735971931684837 11.813674173853155 0.7999999999999999
endloop
endfacet
facet normal -1.9853132030242745e-33 1.1548850502627034e-34 -1.0
outer loop
vertex 25.670383790693304 6.88555155992842 0.7999999999999999
vertex 30.735971931684837 11.813674173853155 0.7999999999999999
vertex 36.72288472545626 3.306775480182777 0.7999999999999999
endloop
endfacet
facet normal -1.9853132030242745e-33 1.1548850502627034e-34 -1.0
outer loop
vertex 36.72288472545626 3.306775480182777 0.7999999999999999
vertex 30.735971931684837 11.813674173853155 0.7999999999999999
vertex 41.4589084074241 9.290267735276624 0.7999999999999999
endloop
endfacet
facet normal -1.9853132030242745e-33 1.1548850502627034e-34 -1.0
outer loop
vertex 36.72288472545626 3.306775480182777 0.7999999999999999
vertex 41.4589084074241 9.290267735276624 0.7999999999999999
vertex 47.18819051197445 1.2798895161566244 0.7999999999999999
endloop
endfacet
facet normal -1.9853132030242745e-33 1.1548850502627034e-34 -1.0
outer loop
vertex 47.18819051197445 1.2798895161566244 0.7999999999999999
vertex 41.4589084074241 9.290267735276624 0.7999999999999999
vertex 49.18070909109322 7.969870533400911 0.7999999999999999
endloop
endfacet
facet normal -1.9853132030242745e-33 1.1548850502627034e-34 -1.0
outer loop
vertex 47.18819051197445 1.2798895161566244 0.7999999999999999
vertex 49.18070909109322 7.969870533400911 0.7999999999999999
vertex 53.48143790406684 0.8000000000000098 0.7999999999999999
endloop
endfacet
facet normal -1.9853132030242745e-33 1.1548850502627034e-34 -1.0
outer loop
vertex 53.48143790406684 0.8000000000000098 0.7999999999999999
vertex 49.18070909109322 7.969870533400911 0.7999999999999999
vertex 52.147832263774966 8.297419595612453 0.7999999999999999
endloop
endfacet
facet normal -1.9853132030242745e-33 1.1548850502627034e-34 -1.0
outer loop
vertex 53.48143790406684 0.8000000000000098 0.7999999999999999
vertex 52.147832263774966 8.297419595612453 0.7999999999999999
vertex 54.609678674722716 9.435412087707544 0.7999999999999999
endloop
endfacet
facet normal -1.9853132030242745e-33 1.1548850502627034e-34 -1.0
outer loop
vertex 53.48143790406684 0.8000000000000098 0.7999999999999999
vertex 54.609678674722716 9.435412087707544 0.7999999999999999
vertex 56.07932431928852 1.4412871108917933 0.7999999999999999
endloop
endfacet
facet normal -1.9853132030242745e-33 1.1548850502627034e-34 -1.0
outer loop
vertex 56.07932431928852 1.4412871108917933 0.7999999999999999
vertex 54.609678674722716 9.435412087707544 0.7999999999999999
vertex 56.57742639996666 11.36594082413308 0.7999999999999999
endloop
endfacet
facet normal -1.9853132030242745e-33 1.1548850502627034e-34 -1.0
outer loop
vertex 56.07932431928852 1.4412871108917933 0.7999999999999999
vertex 56.57742639996666 11.36594082413308 0.7999999999999999
vertex 58.04102865889069 2.9145443026487947 0.7999999999999999
endloop
endfacet
facet normal -1.9853132030242745e-33 1.1548850502627034e-34 -1.0
outer loop
vertex 58.04102865889069 2.9145443026487947 0.7999999999999999
vertex 56.57742639996666 11.36594082413308 0.7999999999999999
vertex 58.63759878733791 14.85807691550074 0.7999999999999999
endloop
endfacet
facet normal -1.9853132030242745e-33 1.1548850502627034e-34 -1.0
outer loop
vertex 58.04102865889069 2.9145443026487947 0.7999999999999999
vertex 58.63759878733791 14.85807691550074 0.7999999999999999
vertex 59.54488324835442 5.0239992639674576 0.7999999999999999
endloop
endfacet
facet normal -1.9853132030242745e-33 1.1548850502627034e-34 -1.0
outer loop
vertex 59.54488324835442 5.0239992639674576 0.7999999999999999
vertex 58.63759878733791 14.85807691550074 0.7999999999999999
vertex 60.985755154982854 19.028115178023246 0.7999999999999999
endloop
endfacet
facet normal -1.9853132030242745e-33 1.1548850502627034e-34 -1.0
outer loop
vertex 59.54488324835442 5.0239992639674576 0.7999999999999999
vertex 60.985755154982854 19.028115178023246 0.7999999999999999
vertex 61.427848712853546 8.85254057050831 0.7999999999999999
endloop
endfacet
facet normal -1.9853132030242745e-33 1.1548850502627034e-34 -1.0
outer loop
vertex 61.427848712853546 8.85254057050831 0.7999999999999999
vertex 60.985755154982854 19.028115178023246 0.7999999999999999
vertex 63.333897248506325 23.198136635806605 0.7999999999999999
endloop
endfacet
facet normal -1.9853132030242745e-33 1.1548850502627034e-34 -1.0
outer loop
vertex 61.427848712853546 8.85254057050831 0.7999999999999999
vertex 63.333897248506325 23.198136635806605 0.7999999999999999
vertex 63.643071702126846 13.319596825854925 0.7999999999999999
endloop
endfacet
facet normal -1.9853132030242745e-33 1.1548850502627034e-34 -1.0
outer loop
vertex 63.643071702126846 13.319596825854925 0.7999999999999999
vertex 63.333897248506325 23.198136635806605 0.7999999999999999
vertex 65.68206608389244 27.368131255402478 0.7999999999999999
endloop
endfacet
facet normal -1.9853132030242745e-33 1.1548850502627034e-34 -1.0
outer loop
vertex 63.643071702126846 13.319596825854925 0.7999999999999999
vertex 65.68206608389244 27.368131255402478 0.7999999999999999
vertex 65.87194106169132 17.77930173232819 0.7999999999999999
endloop
endfacet
facet normal -1.9853132030242745e-33 1.1548850502627034e-34 -1.0
outer loop
vertex 65.87194106169132 17.77930173232819 0.7999999999999999
vertex 65.68206608389244 27.368131255402478 0.7999999999999999
vertex 67.3125853118948 29.9002067990865 0.7999999999999999
endloop
endfacet
facet normal -1.9853132030242745e-33 1.1548850502627034e-34 -1.0
outer loop
vertex 65.87194106169132 17.77930173232819 0.7999999999999999
vertex 67.3125853118948 29.9002067990865 0.7999999999999999
vertex 68.06157783023795 22.260143133575706 0.7999999999999999
endloop
endfacet
facet normal -1.9853132030242745e-33 1.1548850502627034e-34 -1.0
outer loop
vertex 68.06157783023795 22.260143133575706 0.7999999999999999
vertex 67.3125853118948 29.9002067990865 0.7999999999999999
vertex 68.86951538224919 31.466187715088978 0.7999999999999999
endloop
endfacet
facet normal -1.9853132030242745e-33 1.1548850502627034e-34 -1.0
outer loop
vertex 68.06157783023795 22.260143133575706 0.7999999999999999
vertex 68.86951538224919 31.466187715088978 0.7999999999999999
vertex 69.57450045425426 24.352924648818547 0.7999999999999999
endloop
endfacet
facet normal -1.9853132030242745e-33 1.1548850502627034e-34 -1.0
outer loop
vertex 69.57450045425426 24.352924648818547 0.7999999999999999
vertex 68.86951538224919 31.466187715088978 0.7999999999999999
vertex 70.75126294635142 32.542884368231796 0.7999999999999999
endloop
endfacet
facet normal -1.9853132030242745e-33 1.1548850502627034e-34 -1.0
outer loop
vertex 69.57450045425426 24.352924648818547 0.7999999999999999
vertex 70.75126294635142 32.542884368231796 0.7999999999999999
vertex 71.2442576844248 25.493126644331316 0.7999999999999999
endloop
endfacet
facet normal -1.9853132030242745e-33 1.1548850502627034e-34 -1.0
outer loop
vertex 71.2442576844248 25.493126644331316 0.7999999999999999
vertex 70.75126294635142 32.542884368231796 0.7999999999999999
vertex 73.04155467480537 32.9904559161761 0.7999999999999999
endloop
endfacet
facet normal -1.9853132030242745e-33 1.1548850502627034e-34 -1.0
outer loop
vertex 71.2442576844248 25.493126644331316 0.7999999999999999
vertex 73.04155467480537 32.9904559161761 0.7999999999999999
vertex 73.25982566584509 26.214231146390485 0.7999999999999999
endloop
endfacet
facet normal -1.9853132030242745e-33 1.1548850502627034e-34 -1.0
outer loop
vertex 73.25982566584509 26.214231146390485 0.7999999999999999
vertex 73.04155467480537 32.9904559161761 0.7999999999999999
vertex 73.7515659822711 32.99959558041142 0.7999999999999999
endloop
endfacet
facet normal -1.9853132030242745e-33 1.1548850502627034e-34 -1.0
outer loop
vertex 73.25982566584509 26.214231146390485 0.7999999999999999
vertex 73.7515659822711 32.99959558041142 0.7999999999999999
vertex 75.62624211014281 26.510197167999916 0.7999999999999999
endloop
endfacet
facet normal -1.9853132030242745e-33 1.1548850502627034e-34 -1.0
outer loop
vertex 75.62624211014281 26.510197167999916 0.7999999999999999
vertex 73.7515659822711 32.99959558041142 0.7999999999999999
vertex 74.53439593079842 33.01623639367345 0.7999999999999999
endloop
endfacet
facet normal -1.9853132030242745e-33 1.1548850502627034e-34 -1.0
outer loop
vertex 75.62624211014281 26.510197167999916 0.7999999999999999
vertex 74.53439593079842 33.01623639367345 0.7999999999999999
vertex 75.37121843862705 33.03402494035906 0.7999999999999999
endloop
endfacet
facet normal -1.9853132030242745e-33 1.1548850502627034e-34 -1.0
outer loop
vertex 75.62624211014281 26.510197167999916 0.7999999999999999
vertex 75.37121843862705 33.03402494035906 0.7999999999999999
vertex 75.78959720637184 33.042918523135164 0.7999999999999999
endloop
endfacet
facet normal -1.9853132030242745e-33 1.1548850502627034e-34 -1.0
outer loop
vertex 75.62624211014281 26.510197167999916 0.7999999999999999
vertex 75.78959720637184 33.042918523135164 0.7999999999999999
vertex 78.03681224536325 26.276437528631487 0.7999999999999999
endloop
endfacet
facet normal -1.9853132030242745e-33 1.1548850502627034e-34 -1.0
outer loop
vertex 78.03681224536325 26.276437528631487 0.7999999999999999
vertex 75.78959720637184 33.042918523135164 0.7999999999999999
vertex 76.13306976726791 33.035680325434946 0.7999999999999999
endloop
endfacet
facet normal -1.9853132030242745e-33 1.1548850502627034e-34 -1.0
outer loop
vertex 78.03681224536325 26.276437528631487 0.7999999999999999
vertex 76.13306976726791 33.035680325434946 0.7999999999999999
vertex 76.94598135568427 33.01840005918191 0.7999999999999999
endloop
endfacet
facet normal -1.9853132030242745e-33 1.1548850502627034e-34 -1.0
outer loop
vertex 78.03681224536325 26.276437528631487 0.7999999999999999
vertex 76.94598135568427 33.01840005918191 0.7999999999999999
vertex 77.75889278347219 33.00111979634341 0.7999999999999999
endloop
endfacet
facet normal -1.9853132030242745e-33 1.1548850502627034e-34 -1.0
outer loop
vertex 78.03681224536325 26.276437528631487 0.7999999999999999
vertex 77.75889278347219 33.00111979634341 0.7999999999999999
vertex 78.24909038990307 32.995273056775204 0.7999999999999999
endloop
endfacet
facet normal -1.9853132030242745e-33 1.1548850502627034e-34 -1.0
outer loop
vertex 78.03681224536325 26.276437528631487 0.7999999999999999
vertex 78.24909038990307 32.995273056775204 0.7999999999999999
vertex 80.09736795883802 25.60985045346339 0.7999999999999999
endloop
endfacet
facet normal -1.9853132030242745e-33 1.1548850502627034e-34 -1.0
outer loop
vertex 80.09736795883802 25.60985045346339 0.7999999999999999
vertex 78.24909038990307 32.995273056775204 0.7999999999999999
vertex 80.5914043432011 32.62850513341108 0.7999999999999999
endloop
endfacet
facet normal -1.9853132030242745e-33 1.1548850502627034e-34 -1.0
outer loop
vertex 80.09736795883802 25.60985045346339 0.7999999999999999
vertex 80.5914043432011 32.62850513341108 0.7999999999999999
vertex 81.81146319439715 24.52338626028488 0.7999999999999999
endloop
endfacet
facet normal -1.9853132030242745e-33 1.1548850502627034e-34 -1.0
outer loop
vertex 81.81146319439715 24.52338626028488 0.7999999999999999
vertex 80.5914043432011 32.62850513341108 0.7999999999999999
vertex 82.5156049675087 31.616630396930944 0.7999999999999999
endloop
endfacet
facet normal -1.9853132030242745e-33 1.1548850502627034e-34 -1.0
outer loop
vertex 81.81146319439715 24.52338626028488 0.7999999999999999
vertex 82.5156049675087 31.616630396930944 0.7999999999999999
vertex 83.24364082859947 22.841330342970835 0.7999999999999999
endloop
endfacet
facet normal -1.9853132030242745e-33 1.1548850502627034e-34 -1.0
outer loop
vertex 83.24364082859947 22.841330342970835 0.7999999999999999
vertex 82.5156049675087 31.616630396930944 0.7999999999999999
vertex 84.10541905735478 30.099489877476245 0.7999999999999999
endloop
endfacet
facet normal -1.9853132030242745e-33 1.1548850502627034e-34 -1.0
outer loop
vertex 83.24364082859947 22.841330342970835 0.7999999999999999
vertex 84.10541905735478 30.099489877476245 0.7999999999999999
vertex 85.42436306998168 18.355687542131022 0.7999999999999999
endloop
endfacet
facet normal -1.9853132030242745e-33 1.1548850502627034e-34 -1.0
outer loop
vertex 85.42436306998168 18.355687542131022 0.7999999999999999
vertex 84.10541905735478 30.099489877476245 0.7999999999999999
vertex 85.63173152440709 27.844697780392078 0.7999999999999999
endloop
endfacet
facet normal -1.9853132030242745e-33 1.1548850502627034e-34 -1.0
outer loop
vertex 85.42436306998168 18.355687542131022 0.7999999999999999
vertex 85.63173152440709 27.844697780392078 0.7999999999999999
vertex 87.65114136761869 13.894856381432433 0.7999999999999999
endloop
endfacet
facet normal -1.9853132030242745e-33 1.1548850502627034e-34 -1.0
outer loop
vertex 87.65114136761869 13.894856381432433 0.7999999999999999
vertex 85.63173152440709 27.844697780392078 0.7999999999999999
vertex 87.97990656544619 23.674705911750294 0.7999999999999999
endloop
endfacet
facet normal -1.9853132030242745e-33 1.1548850502627034e-34 -1.0
outer loop
vertex 87.65114136761869 13.894856381432433 0.7999999999999999
vertex 87.97990656544619 23.674705911750294 0.7999999999999999
vertex 89.87109676020147 9.430349017227451 0.7999999999999999
endloop
endfacet
facet normal -1.9853132030242745e-33 1.1548850502627034e-34 -1.0
outer loop
vertex 89.87109676020147 9.430349017227451 0.7999999999999999
vertex 87.97990656544619 23.674705911750294 0.7999999999999999
vertex 90.32804975408487 19.504686809457084 0.7999999999999999
endloop
endfacet
facet normal -1.9853132030242745e-33 1.1548850502627034e-34 -1.0
outer loop
vertex 89.87109676020147 9.430349017227451 0.7999999999999999
vertex 90.32804975408487 19.504686809457084 0.7999999999999999
vertex 91.86736402166864 5.332409090291516 0.7999999999999999
endloop
endfacet
facet normal -1.9853132030242745e-33 1.1548850502627034e-34 -1.0
outer loop
vertex 91.86736402166864 5.332409090291516 0.7999999999999999
vertex 90.32804975408487 19.504686809457084 0.7999999999999999
vertex 92.67620210630733 15.334650506968064 0.7999999999999999
endloop
endfacet
facet normal -1.9853132030242745e-33 1.1548850502627034e-34 -1.0
outer loop
vertex 91.86736402166864 5.332409090291516 0.7999999999999999
vertex 92.67620210630733 15.334650506968064 0.7999999999999999
vertex 93.32513056422243 3.1551243982464126 0.7999999999999999
endloop
endfacet
facet normal -1.9853132030242745e-33 1.1548850502627034e-34 -1.0
outer loop
vertex 93.32513056422243 3.1551243982464126 0.7999999999999999
vertex 92.67620210630733 15.334650506968064 0.7999999999999999
vertex 94.81081055245134 11.636231358015 0.7999999999999999
endloop
endfacet
facet normal -1.9853132030242745e-33 1.1548850502627034e-34 -1.0
outer loop
vertex 93.32513056422243 3.1551243982464126 0.7999999999999999
vertex 94.81081055245134 11.636231358015 0.7999999999999999
vertex 95.21773636906296 1.5887760701179015 0.7999999999999999
endloop
endfacet
facet normal -1.9853132030242745e-33 1.1548850502627034e-34 -1.0
outer loop
vertex 95.21773636906296 1.5887760701179015 0.7999999999999999
vertex 94.81081055245134 11.636231358015 0.7999999999999999
vertex 96.72280232846988 9.616267366158212 0.7999999999999999
endloop
endfacet
facet normal -1.9853132030242745e-33 1.1548850502627034e-34 -1.0
outer loop
vertex 95.21773636906296 1.5887760701179015 0.7999999999999999
vertex 96.72280232846988 9.616267366158212 0.7999999999999999
vertex 97.72351394334852 0.8291366594416355 0.7999999999999999
endloop
endfacet
facet normal -1.9853132030242745e-33 1.1548850502627034e-34 -1.0
outer loop
vertex 97.72351394334852 0.8291366594416355 0.7999999999999999
vertex 96.72280232846988 9.616267366158212 0.7999999999999999
vertex 99.12761497074075 8.386793478124392 0.7999999999999999
endloop
endfacet
facet normal -1.9853132030242745e-33 1.1548850502627034e-34 -1.0
outer loop
vertex 97.72351394334852 0.8291366594416355 0.7999999999999999
vertex 99.12761497074075 8.386793478124392 0.7999999999999999
vertex 103.08629983794654 1.1311924288604187 0.7999999999999999
endloop
endfacet
facet normal -1.9853132030242745e-33 1.1548850502627034e-34 -1.0
outer loop
vertex 103.08629983794654 1.1311924288604187 0.7999999999999999
vertex 99.12761497074075 8.386793478124392 0.7999999999999999
vertex 102.03642637508698 7.965716590417758 0.7999999999999999
endloop
endfacet
facet normal -1.9853132030242745e-33 1.1548850502627034e-34 -1.0
outer loop
vertex 103.08629983794654 1.1311924288604187 0.7999999999999999
vertex 102.03642637508698 7.965716590417758 0.7999999999999999
vertex 108.80309840596311 9.02081176477735 0.7999999999999999
endloop
endfacet
facet normal -1.9853132030242745e-33 1.1548850502627034e-34 -1.0
outer loop
vertex 103.08629983794654 1.1311924288604187 0.7999999999999999
vertex 108.80309840596311 9.02081176477735 0.7999999999999999
vertex 113.47594408538497 2.9581203372325953 0.7999999999999999
endloop
endfacet
facet normal -1.9853132030242745e-33 1.1548850502627034e-34 -1.0
outer loop
vertex 113.47594408538497 2.9581203372325953 0.7999999999999999
vertex 108.80309840596311 9.02081176477735 0.7999999999999999
vertex 119.69555845865426 11.510321924903533 0.7999999999999999
endloop
endfacet
facet normal -1.9853132030242745e-33 1.1548850502627034e-34 -1.0
outer loop
vertex 113.47594408538497 2.9581203372325953 0.7999999999999999
vertex 119.69555845865426 11.510321924903533 0.7999999999999999
vertex 124.45259422172327 6.33643010793723 0.7999999999999999
endloop
endfacet
facet normal -1.9853132030242745e-33 1.1548850502627034e-34 -1.0
outer loop
vertex 124.45259422172327 6.33643010793723 0.7999999999999999
vertex 119.69555845865426 11.510321924903533 0.7999999999999999
vertex 129.11577711232712 14.294237926324197 0.7999999999999999
endloop
endfacet
facet normal -1.9853132030242745e-33 1.1548850502627034e-34 -1.0
outer loop
vertex 124.45259422172327 6.33643010793723 0.7999999999999999
vertex 129.11577711232712 14.294237926324197 0.7999999999999999
vertex 136.01773000474864 11.270063240053783 0.7999999999999999
endloop
endfacet
facet normal -1.9853132030242745e-33 1.1548850502627034e-34 -1.0
outer loop
vertex 136.01773000474864 11.270063240053783 0.7999999999999999
vertex 129.11577711232712 14.294237926324197 0.7999999999999999
vertex 137.0887799948287 17.367610084498555 0.7999999999999999
endloop
endfacet
facet normal -1.9853132030242745e-33 1.1548850502627034e-34 -1.0
outer loop
vertex 136.01773000474864 11.270063240053783 0.7999999999999999
vertex 137.0887799948287 17.367610084498555 0.7999999999999999
vertex 143.78313355468842 15.356299462425252 0.7999999999999999
endloop
endfacet
facet normal -1.9853132030242745e-33 1.1548850502627034e-34 -1.0
outer loop
vertex 143.78313355468842 15.356299462425252 0.7999999999999999
vertex 137.0887799948287 17.367610084498555 0.7999999999999999
vertex 141.42199210158245 19.493016068181785 0.7999999999999999
endloop
endfacet
facet normal -1.9853132030242745e-33 1.1548850502627034e-34 -1.0
outer loop
vertex 143.78313355468842 15.356299462425252 0.7999999999999999
vertex 141.42199210158245 19.493016068181785 0.7999999999999999
vertex 142.9428287269111 20.65291095635384 0.7999999999999999
endloop
endfacet
facet normal -1.9853132030242745e-33 1.1548850502627034e-34 -1.0
outer loop
vertex 143.78313355468842 15.356299462425252 0.7999999999999999
vertex 142.9428287269111 20.65291095635384 0.7999999999999999
vertex 143.9373665857438 21.994997217119785 0.7999999999999999
endloop
endfacet
facet normal -1.9853132030242745e-33 1.1548850502627034e-34 -1.0
outer loop
vertex 143.78313355468842 15.356299462425252 0.7999999999999999
vertex 143.9373665857438 21.994997217119785 0.7999999999999999
vertex 145.81119209241868 17.282997605490745 0.7999999999999999
endloop
endfacet
facet normal -1.9853132030242745e-33 1.1548850502627034e-34 -1.0
outer loop
vertex 145.81119209241868 17.282997605490745 0.7999999999999999
vertex 143.9373665857438 21.994997217119785 0.7999999999999999
vertex 144.36954619646784 23.531812910858832 0.7999999999999999
endloop
endfacet
facet normal -1.9853132030242745e-33 1.1548850502627034e-34 -1.0
outer loop
vertex 145.81119209241868 17.282997605490745 0.7999999999999999
vertex 144.36954619646784 23.531812910858832 0.7999999999999999
vertex 144.38319403543832 24.51173210108656 0.7999999999999999
endloop
endfacet
facet normal -1.9853132030242745e-33 1.1548850502627034e-34 -1.0
outer loop
vertex 145.81119209241868 17.282997605490745 0.7999999999999999
vertex 144.38319403543832 24.51173210108656 0.7999999999999999
vertex 144.39048175991076 25.07965173394615 0.7999999999999999
endloop
endfacet
facet normal -1.9853132030242745e-33 1.1548850502627034e-34 -1.0
outer loop
vertex 145.81119209241868 17.282997605490745 0.7999999999999999
vertex 144.39048175991076 25.07965173394615 0.7999999999999999
vertex 144.3965869755611 25.647554652337693 0.7999999999999999
endloop
endfacet
facet normal -1.9853132030242745e-33 1.1548850502627034e-34 -1.0
outer loop
vertex 145.81119209241868 17.282997605490745 0.7999999999999999
vertex 144.3965869755611 25.647554652337693 0.7999999999999999
vertex 144.39800189748524 26.215430655813513 0.7999999999999999
endloop
endfacet
facet normal -1.9853132030242745e-33 1.1548850502627034e-34 -1.0
outer loop
vertex 145.81119209241868 17.282997605490745 0.7999999999999999
vertex 144.39800189748524 26.215430655813513 0.7999999999999999
vertex 144.40486700242275 26.42208168437824 0.7999999999999999
endloop
endfacet
facet normal -1.9853132030242745e-33 1.1548850502627034e-34 -1.0
outer loop
vertex 145.81119209241868 17.282997605490745 0.7999999999999999
vertex 144.40486700242275 26.42208168437824 0.7999999999999999
vertex 144.44275431724114 26.51205900050298 0.7999999999999999
endloop
endfacet
facet normal -1.9853132030242745e-33 1.1548850502627034e-34 -1.0
outer loop
vertex 145.81119209241868 17.282997605490745 0.7999999999999999
vertex 144.44275431724114 26.51205900050298 0.7999999999999999
vertex 144.51585505258788 26.5906828286122 0.7999999999999999
endloop
endfacet
facet normal -1.9853132030242745e-33 1.1548850502627034e-34 -1.0
outer loop
vertex 145.81119209241868 17.282997605490745 0.7999999999999999
vertex 144.51585505258788 26.5906828286122 0.7999999999999999
vertex 144.6281167420286 26.635045187761047 0.7999999999999999
endloop
endfacet
facet normal -1.9853132030242745e-33 1.1548850502627034e-34 -1.0
outer loop
vertex 145.81119209241868 17.282997605490745 0.7999999999999999
vertex 144.6281167420286 26.635045187761047 0.7999999999999999
vertex 144.6774012616582 26.640176056919323 0.7999999999999999
endloop
endfacet
facet normal -1.9853132030242745e-33 1.1548850502627034e-34 -1.0
outer loop
vertex 145.81119209241868 17.282997605490745 0.7999999999999999
vertex 144.6774012616582 26.640176056919323 0.7999999999999999
vertex 144.75941159157273 26.648222999520556 0.7999999999999999
endloop
endfacet
facet normal -1.9853132030242745e-33 1.1548850502627034e-34 -1.0
outer loop
vertex 145.81119209241868 17.282997605490745 0.7999999999999999
vertex 144.75941159157273 26.648222999520556 0.7999999999999999
vertex 144.84562072824409 26.656681933598946 0.7999999999999999
endloop
endfacet
facet normal -1.9853132030242745e-33 1.1548850502627034e-34 -1.0
outer loop
vertex 145.81119209241868 17.282997605490745 0.7999999999999999
vertex 144.84562072824409 26.656681933598946 0.7999999999999999
vertex 144.8870423985305 26.66074627285461 0.7999999999999999
endloop
endfacet
facet normal -1.9853132030242745e-33 1.1548850502627034e-34 -1.0
outer loop
vertex 145.81119209241868 17.282997605490745 0.7999999999999999
vertex 144.8870423985305 26.66074627285461 0.7999999999999999
vertex 144.88767480270985 26.763875098110685 0.7999999999999999
endloop
endfacet
facet normal -1.9853132030242745e-33 1.1548850502627034e-34 -1.0
outer loop
vertex 145.81119209241868 17.282997605490745 0.7999999999999999
vertex 144.88767480270985 26.763875098110685 0.7999999999999999
vertex 144.88902296177218 26.99802904051516 0.7999999999999999
endloop
endfacet
facet normal -1.9853132030242745e-33 1.1548850502627034e-34 -1.0
outer loop
vertex 145.81119209241868 17.282997605490745 0.7999999999999999
vertex 144.88902296177218 26.99802904051516 0.7999999999999999
vertex 144.89034891384938 27.22832598023407 0.7999999999999999
endloop
endfacet
facet normal -1.9853132030242745e-33 1.1548850502627034e-34 -1.0
outer loop
vertex 145.81119209241868 17.282997605490745 0.7999999999999999
vertex 144.89034891384938 27.22832598023407 0.7999999999999999
vertex 144.95923547126284 55.48405825295224 0.7999999999999999
endloop
endfacet
facet normal -1.9853132030242745e-33 1.1548850502627034e-34 -1.0
outer loop
vertex 145.81119209241868 17.282997605490745 0.7999999999999999
vertex 144.95923547126284 55.48405825295224 0.7999999999999999
vertex 145.33012882447005 61.52110227919991 0.7999999999999999
endloop
endfacet
facet normal -1.9853132030242745e-33 1.1548850502627034e-34 -1.0
outer loop
vertex 145.81119209241868 17.282997605490745 0.7999999999999999
vertex 145.33012882447005 61.52110227919991 0.7999999999999999
vertex 145.47692499480783 61.596995678295755 0.7999999999999999
endloop
endfacet
facet normal -1.9853132030242745e-33 1.1548850502627034e-34 -1.0
outer loop
vertex 145.81119209241868 17.282997605490745 0.7999999999999999
vertex 145.47692499480783 61.596995678295755 0.7999999999999999
vertex 145.6236954346081 61.672889068343956 0.7999999999999999
endloop
endfacet
facet normal -1.9853132030242745e-33 1.1548850502627034e-34 -1.0
outer loop
vertex 145.81119209241868 17.282997605490745 0.7999999999999999
vertex 145.6236954346081 61.672889068343956 0.7999999999999999
vertex 145.77048105779616 61.74878245286305 0.7999999999999999
endloop
endfacet
facet normal -1.9853132030242745e-33 1.1548850502627034e-34 -1.0
outer loop
vertex 145.81119209241868 17.282997605490745 0.7999999999999999
vertex 145.77048105779616 61.74878245286305 0.7999999999999999
vertex 145.85219722831033 62.03723808221414 0.7999999999999999
endloop
endfacet
facet normal -1.9853132030242745e-33 1.1548850502627034e-34 -1.0
outer loop
vertex 145.81119209241868 17.282997605490745 0.7999999999999999
vertex 145.85219722831033 62.03723808221414 0.7999999999999999
vertex 147.0992955355178 19.64498895914334 0.7999999999999999
endloop
endfacet
facet normal -1.9853132030242745e-33 1.1548850502627034e-34 -1.0
outer loop
vertex 147.0992955355178 19.64498895914334 0.7999999999999999
vertex 145.85219722831033 62.03723808221414 0.7999999999999999
vertex 146.5947428112626 71.18476921910955 0.7999999999999999
endloop
endfacet
facet normal -1.9853132030242745e-33 1.1548850502627034e-34 -1.0
outer loop
vertex 147.0992955355178 19.64498895914334 0.7999999999999999
vertex 146.5947428112626 71.18476921910955 0.7999999999999999
vertex 147.90979940857918 69.54129993711884 0.7999999999999999
endloop
endfacet
facet normal -1.9853132030242745e-33 1.1548850502627034e-34 -1.0
outer loop
vertex 147.0992955355178 19.64498895914334 0.7999999999999999
vertex 147.90979940857918 69.54129993711884 0.7999999999999999
vertex 147.68967605421668 27.2482491278711 0.7999999999999999
endloop
endfacet
facet normal -1.9853132030242745e-33 1.1548850502627034e-34 -1.0
outer loop
vertex 147.68967605421668 27.2482491278711 0.7999999999999999
vertex 147.90979940857918 69.54129993711884 0.7999999999999999
vertex 148.0189735470118 27.57772432697696 0.7999999999999999
endloop
endfacet
facet normal -1.9853132030242745e-33 1.1548850502627034e-34 -1.0
outer loop
vertex 148.0189735470118 27.57772432697696 0.7999999999999999
vertex 147.90979940857918 69.54129993711884 0.7999999999999999
vertex 148.31298105252284 66.32210731037114 0.7999999999999999
endloop
endfacet
facet normal -1.9853132030242745e-33 1.1548850502627034e-34 -1.0
outer loop
vertex 148.31298105252284 66.32210731037114 0.7999999999999999
vertex 147.90979940857918 69.54129993711884 0.7999999999999999
vertex 148.3612610976065 67.66614961218208 0.7999999999999999
endloop
endfacet
facet normal -1.9853132030242745e-33 1.1548850502627034e-34 -1.0
outer loop
vertex 148.0189735470118 27.57772432697696 0.7999999999999999
vertex 148.31298105252284 63.426411198468436 0.7999999999999999
vertex 148.49176687979414 27.59940352602098 0.7999999999999999
endloop
endfacet
facet normal -1.9853132030242745e-33 1.1548850502627034e-34 -1.0
outer loop
vertex 148.31298105252284 63.426411198468436 0.7999999999999999
vertex 148.0189735470118 27.57772432697696 0.7999999999999999
vertex 148.31298105252284 66.32210731037114 0.7999999999999999
endloop
endfacet
facet normal -1.9853132030242745e-33 1.1548850502627034e-34 -1.0
outer loop
vertex 148.31298105252284 63.426411198468436 0.7999999999999999
vertex 148.31298105252284 66.32210731037114 0.7999999999999999
vertex 148.31298105252284 65.35687608730804 0.7999999999999999
endloop
endfacet
facet normal -1.9853132030242745e-33 1.1548850502627034e-34 -1.0
outer loop
vertex 148.31298105252284 63.426411198468436 0.7999999999999999
vertex 148.31298105252284 65.35687608730804 0.7999999999999999
vertex 148.31298105252284 64.39165095938819 0.7999999999999999
endloop
endfacet
facet normal -1.9853132030242745e-33 1.1548850502627034e-34 -1.0
outer loop
vertex 148.49176687979414 27.59940352602098 0.7999999999999999
vertex 148.31298105252284 63.426411198468436 0.7999999999999999
vertex 149.17369646648467 63.2394684714119 0.7999999999999999
endloop
endfacet
facet normal -1.9853132030242745e-33 1.1548850502627034e-34 -1.0
outer loop
vertex 148.49176687979414 27.59940352602098 0.7999999999999999
vertex 149.17369646648467 63.2394684714119 0.7999999999999999
vertex 148.96412712876204 27.607350759522344 0.7999999999999999
endloop
endfacet
facet normal -1.9853132030242745e-33 1.1548850502627034e-34 -1.0
outer loop
vertex 148.96412712876204 27.607350759522344 0.7999999999999999
vertex 149.17369646648467 63.2394684714119 0.7999999999999999
vertex 149.43495783846194 27.631967344917026 0.7999999999999999
endloop
endfacet
facet normal -1.9853132030242745e-33 1.1548850502627034e-34 -1.0
outer loop
vertex 149.43495783846194 27.631967344917026 0.7999999999999999
vertex 149.17369646648467 63.2394684714119 0.7999999999999999
vertex 150.03184982757165 63.11049090307773 0.7999999999999999
endloop
endfacet
facet normal -1.9853132030242745e-33 1.1548850502627034e-34 -1.0
outer loop
vertex 149.43495783846194 27.631967344917026 0.7999999999999999
vertex 150.03184982757165 63.11049090307773 0.7999999999999999
vertex 149.94242131778827 27.751386026313067 0.7999999999999999
endloop
endfacet
facet normal -1.9853132030242745e-33 1.1548850502627034e-34 -1.0
outer loop
vertex 149.94242131778827 27.751386026313067 0.7999999999999999
vertex 150.03184982757165 63.11049090307773 0.7999999999999999
vertex 150.37885848884102 28.030228750852938 0.7999999999999999
endloop
endfacet
facet normal -1.9853132030242745e-33 1.1548850502627034e-34 -1.0
outer loop
vertex 150.37885848884102 28.030228750852938 0.7999999999999999
vertex 150.03184982757165 63.11049090307773 0.7999999999999999
vertex 150.57933808497924 62.77443613837842 0.7999999999999999
endloop
endfacet
facet normal -1.9853132030242745e-33 1.1548850502627034e-34 -1.0
outer loop
vertex 150.37885848884102 28.030228750852938 0.7999999999999999
vertex 150.57933808497924 62.77443613837842 0.7999999999999999
vertex 150.6795393912835 28.435895516738693 0.7999999999999999
endloop
endfacet
facet normal -1.9853132030242745e-33 1.1548850502627034e-34 -1.0
outer loop
vertex 150.6795393912835 28.435895516738693 0.7999999999999999
vertex 150.57933808497924 62.77443613837842 0.7999999999999999
vertex 150.72517365674057 45.8346090947026 0.7999999999999999
endloop
endfacet
facet normal -1.9853132030242745e-33 1.1548850502627034e-34 -1.0
outer loop
vertex 150.72517365674057 45.8346090947026 0.7999999999999999
vertex 150.57933808497924 62.77443613837842 0.7999999999999999
vertex 150.78935974589277 62.21343993445914 0.7999999999999999
endloop
endfacet
facet normal -1.9853132030242745e-33 1.1548850502627034e-34 -1.0
outer loop
vertex 150.6795393912835 28.435895516738693 0.7999999999999999
vertex 150.72517365674057 45.8346090947026 0.7999999999999999
vertex 150.7157294900359 37.22980761755245 0.7999999999999999
endloop
endfacet
facet normal -1.9853132030242745e-33 1.1548850502627034e-34 -1.0
outer loop
vertex 150.72517365674057 45.8346090947026 0.7999999999999999
vertex 150.78935974589277 62.21343993445914 0.7999999999999999
vertex 150.76849276112932 54.43361024311675 0.7999999999999999
endloop
endfacet
facet normal -1.9853132030242745e-33 1.1548850502627034e-34 -1.0
outer loop
vertex 150.79103672647096 28.935161100357607 0.7999999999999999
vertex 150.6795393912835 28.435895516738693 0.7999999999999999
vertex 150.7157294900359 37.22980761755245 0.7999999999999999
endloop
endfacet
facet normal -1.9853132030242745e-33 1.1548850502627034e-34 -1.0
outer loop
vertex 147.68967605421668 27.2482491278711 0.7999999999999999
vertex 147.7012435021586 22.410579357068443 0.7999999999999999
vertex 147.0992955355178 19.64498895914334 0.7999999999999999
endloop
endfacet
facet normal -1.9853132030242745e-33 1.1548850502627034e-34 -1.0
outer loop
vertex 147.7012435021586 22.410579357068443 0.7999999999999999
vertex 147.68967605421668 27.2482491278711 0.7999999999999999
vertex 147.70998105823833 26.25247941496536 0.7999999999999999
endloop
endfacet
facet normal -1.9853132030242745e-33 1.1548850502627034e-34 -1.0
outer loop
vertex 147.7012435021586 22.410579357068443 0.7999999999999999
vertex 147.70998105823833 26.25247941496536 0.7999999999999999
vertex 147.73028606009188 25.2567365028373 0.7999999999999999
endloop
endfacet
facet normal -1.9853132030242745e-33 1.1548850502627034e-34 -1.0
outer loop
vertex 147.7012435021586 22.410579357068443 0.7999999999999999
vertex 147.73028606009188 25.2567365028373 0.7999999999999999
vertex 147.75059106061744 24.261010006180733 0.7999999999999999
endloop
endfacet
facet normal 0.0 0.0 1.0
outer loop
vertex 3.850446792530779 22.795191258001136 17.97
vertex 3.854496059231195 25.385219010161048 17.97
vertex 3.834191056221012 24.38949086318218 17.97
endloop
endfacet
facet normal 0.0 0.0 1.0
outer loop
vertex 3.854496059231195 25.385219010161048 17.97
vertex 3.850446792530779 22.795191258001136 17.97
vertex 4.367776887047828 19.979832477137723 17.97
endloop
endfacet
facet normal 0.0 0.0 1.0
outer loop
vertex 3.854496059231195 25.385219010161048 17.97
vertex 4.367776887047828 19.979832477137723 17.97
vertex 3.8748010604255456 26.380964753171167 17.97
endloop
endfacet
facet normal 0.0 0.0 1.0
outer loop
vertex 3.8748010604255456 26.380964753171167 17.97
vertex 4.367776887047828 19.979832477137723 17.97
vertex 3.8951060606442662 27.3767384775123 17.97
endloop
endfacet
facet normal 0.0 0.0 1.0
outer loop
vertex 3.8951060606442662 27.3767384775123 17.97
vertex 4.367776887047828 19.979832477137723 17.97
vertex 6.691697946611969 27.248342144884372 17.97
endloop
endfacet
facet normal 0.0 0.0 1.0
outer loop
vertex 6.691697946611969 27.248342144884372 17.97
vertex 4.367776887047828 19.979832477137723 17.97
vertex 5.564320615918614 17.563982696960533 17.97
endloop
endfacet
facet normal 0.0 0.0 1.0
outer loop
vertex 6.691697946611969 27.248342144884372 17.97
vertex 5.564320615918614 17.563982696960533 17.97
vertex 6.6929718718240085 27.02708145015938 17.97
endloop
endfacet
facet normal 0.0 0.0 1.0
outer loop
vertex 6.6929718718240085 27.02708145015938 17.97
vertex 5.564320615918614 17.563982696960533 17.97
vertex 6.695075587037356 26.661699334158424 17.97
endloop
endfacet
facet normal 0.0 0.0 1.0
outer loop
vertex 6.695075587037356 26.661699334158424 17.97
vertex 5.564320615918614 17.563982696960533 17.97
vertex 7.493877826009529 15.579336218310582 17.97
endloop
endfacet
facet normal 0.0 0.0 1.0
outer loop
vertex 6.6929718718240085 27.02708145015938 17.97
vertex 6.695075587037356 26.661699334158424 17.97
vertex 6.69435683037631 26.78653601739336 17.97
endloop
endfacet
facet normal 0.0 0.0 1.0
outer loop
vertex 6.695075587037356 26.661699334158424 17.97
vertex 7.493877826009529 15.579336218310582 17.97
vertex 6.728619837848896 26.65745920360056 17.97
endloop
endfacet
facet normal 0.0 0.0 1.0
outer loop
vertex 6.728619837848896 26.65745920360056 17.97
vertex 7.493877826009529 15.579336218310582 17.97
vertex 6.81218972979336 26.649259235079928 17.97
endloop
endfacet
facet normal 0.0 0.0 1.0
outer loop
vertex 6.81218972979336 26.649259235079928 17.97
vertex 7.493877826009529 15.579336218310582 17.97
vertex 6.8971592128865336 26.640921937156374 17.97
endloop
endfacet
facet normal 0.0 0.0 1.0
outer loop
vertex 6.8971592128865336 26.640921937156374 17.97
vertex 7.493877826009529 15.579336218310582 17.97
vertex 6.938544861416419 26.63690563141591 17.97
endloop
endfacet
facet normal 0.0 0.0 1.0
outer loop
vertex 6.938544861416419 26.63690563141591 17.97
vertex 7.493877826009529 15.579336218310582 17.97
vertex 7.055533444544362 26.597917461717355 17.97
endloop
endfacet
facet normal 0.0 0.0 1.0
outer loop
vertex 7.055533444544362 26.597917461717355 17.97
vertex 7.493877826009529 15.579336218310582 17.97
vertex 7.200649475649049 23.720409846123527 17.97
endloop
endfacet
facet normal 0.0 0.0 1.0
outer loop
vertex 7.055533444544362 26.597917461717355 17.97
vertex 7.200649475649049 23.720409846123527 17.97
vertex 7.132909905205991 26.522049786015543 17.97
endloop
endfacet
facet normal 0.0 0.0 1.0
outer loop
vertex 7.132909905205991 26.522049786015543 17.97
vertex 7.200649475649049 23.720409846123527 17.97
vertex 7.174621789938483 26.432210590996586 17.97
endloop
endfacet
facet normal 0.0 0.0 1.0
outer loop
vertex 7.174621789938483 26.432210590996586 17.97
vertex 7.200649475649049 23.720409846123527 17.97
vertex 7.185110098212651 25.71245590321325 17.97
endloop
endfacet
facet normal 0.0 0.0 1.0
outer loop
vertex 7.174621789938483 26.432210590996586 17.97
vertex 7.185110098212651 25.71245590321325 17.97
vertex 7.184454558740087 26.280328314211406 17.97
endloop
endfacet
facet normal 0.0 0.0 1.0
outer loop
vertex 7.185110098212651 25.71245590321325 17.97
vertex 7.200649475649049 23.720409846123527 17.97
vertex 7.1908568193671325 25.14455551383852 17.97
endloop
endfacet
facet normal 0.0 0.0 1.0
outer loop
vertex 7.1908568193671325 25.14455551383852 17.97
vertex 7.200649475649049 23.720409846123527 17.97
vertex 7.198186936476271 24.57663734654209 17.97
endloop
endfacet
facet normal 0.0 0.0 1.0
outer loop
vertex 7.200649475649049 23.720409846123527 17.97
vertex 7.493877826009529 15.579336218310582 17.97
vertex 7.566263998632987 22.16054081682557 17.97
endloop
endfacet
facet normal 0.0 0.0 1.0
outer loop
vertex 7.566263998632987 22.16054081682557 17.97
vertex 7.493877826009529 15.579336218310582 17.97
vertex 14.029208138226192 12.020158756739802 17.97
endloop
endfacet
facet normal 0.0 0.0 1.0
outer loop
vertex 7.566263998632987 22.16054081682557 17.97
vertex 14.029208138226192 12.020158756739802 17.97
vertex 8.498357788501515 20.796834423023146 17.97
endloop
endfacet
facet normal 0.0 0.0 1.0
outer loop
vertex 8.498357788501515 20.796834423023146 17.97
vertex 14.029208138226192 12.020158756739802 17.97
vertex 9.96087116845158 19.616752536758458 17.97
endloop
endfacet
facet normal 0.0 0.0 1.0
outer loop
vertex 9.96087116845158 19.616752536758458 17.97
vertex 14.029208138226192 12.020158756739802 17.97
vertex 13.673212152807384 17.737059342081842 17.97
endloop
endfacet
facet normal 0.0 0.0 1.0
outer loop
vertex 13.673212152807384 17.737059342081842 17.97
vertex 14.029208138226192 12.020158756739802 17.97
vertex 21.48241488091321 14.630921235933565 17.97
endloop
endfacet
facet normal 0.0 0.0 1.0
outer loop
vertex 21.48241488091321 14.630921235933565 17.97
vertex 14.029208138226192 12.020158756739802 17.97
vertex 25.670383790693304 6.88555155992842 17.97
endloop
endfacet
facet normal 0.0 0.0 1.0
outer loop
vertex 21.48241488091321 14.630921235933565 17.97
vertex 25.670383790693304 6.88555155992842 17.97
vertex 30.735971931684837 11.813674173853155 17.97
endloop
endfacet
facet normal 0.0 0.0 1.0
outer loop
vertex 30.735971931684837 11.813674173853155 17.97
vertex 25.670383790693304 6.88555155992842 17.97
vertex 36.72288472545626 3.306775480182777 17.97
endloop
endfacet
facet normal 0.0 0.0 1.0
outer loop
vertex 30.735971931684837 11.813674173853155 17.97
vertex 36.72288472545626 3.306775480182777 17.97
vertex 41.4589084074241 9.290267735276624 17.97
endloop
endfacet
facet normal 0.0 0.0 1.0
outer loop
vertex 41.4589084074241 9.290267735276624 17.97
vertex 36.72288472545626 3.306775480182777 17.97
vertex 47.18819051197445 1.2798895161566244 17.97
endloop
endfacet
facet normal 0.0 0.0 1.0
outer loop
vertex 41.4589084074241 9.290267735276624 17.97
vertex 47.18819051197445 1.2798895161566244 17.97
vertex 49.18070909109322 7.969870533400911 17.97
endloop
endfacet
facet normal 0.0 0.0 1.0
outer loop
vertex 49.18070909109322 7.969870533400911 17.97
vertex 47.18819051197445 1.2798895161566244 17.97
vertex 53.48143790406684 0.8000000000000098 17.97
endloop
endfacet
facet normal 0.0 0.0 1.0
outer loop
vertex 49.18070909109322 7.969870533400911 17.97
vertex 53.48143790406684 0.8000000000000098 17.97
vertex 52.147832263774966 8.297419595612453 17.97
endloop
endfacet
facet normal 0.0 0.0 1.0
outer loop
vertex 52.147832263774966 8.297419595612453 17.97
vertex 53.48143790406684 0.8000000000000098 17.97
vertex 54.609678674722716 9.435412087707544 17.97
endloop
endfacet
facet normal 0.0 0.0 1.0
outer loop
vertex 54.609678674722716 9.435412087707544 17.97
vertex 53.48143790406684 0.8000000000000098 17.97
vertex 56.07932431928852 1.4412871108917933 17.97
endloop
endfacet
facet normal 0.0 0.0 1.0
outer loop
vertex 54.609678674722716 9.435412087707544 17.97
vertex 56.07932431928852 1.4412871108917933 17.97
vertex 56.57742639996666 11.36594082413308 17.97
endloop
endfacet
facet normal 0.0 0.0 1.0
outer loop
vertex 56.57742639996666 11.36594082413308 17.97
vertex 56.07932431928852 1.4412871108917933 17.97
vertex 58.04102865889069 2.9145443026487947 17.97
endloop
endfacet
facet normal 0.0 0.0 1.0
outer loop
vertex 56.57742639996666 11.36594082413308 17.97
vertex 58.04102865889069 2.9145443026487947 17.97
vertex 58.63759878733791 14.85807691550074 17.97
endloop
endfacet
facet normal 0.0 0.0 1.0
outer loop
vertex 58.63759878733791 14.85807691550074 17.97
vertex 58.04102865889069 2.9145443026487947 17.97
vertex 59.54488324835442 5.0239992639674576 17.97
endloop
endfacet
facet normal 0.0 0.0 1.0
outer loop
vertex 58.63759878733791 14.85807691550074 17.97
vertex 59.54488324835442 5.0239992639674576 17.97
vertex 60.985755154982854 19.028115178023246 17.97
endloop
endfacet
facet normal 0.0 0.0 1.0
outer loop
vertex 60.985755154982854 19.028115178023246 17.97
vertex 59.54488324835442 5.0239992639674576 17.97
vertex 61.427848712853546 8.85254057050831 17.97
endloop
endfacet
facet normal 0.0 0.0 1.0
outer loop
vertex 60.985755154982854 19.028115178023246 17.97
vertex 61.427848712853546 8.85254057050831 17.97
vertex 63.333897248506325 23.198136635806605 17.97
endloop
endfacet
facet normal 0.0 0.0 1.0
outer loop
vertex 63.333897248506325 23.198136635806605 17.97
vertex 61.427848712853546 8.85254057050831 17.97
vertex 63.643071702126846 13.319596825854925 17.97
endloop
endfacet
facet normal 0.0 0.0 1.0
outer loop
vertex 63.333897248506325 23.198136635806605 17.97
vertex 63.643071702126846 13.319596825854925 17.97
vertex 65.68206608389244 27.368131255402478 17.97
endloop
endfacet
facet normal 0.0 0.0 1.0
outer loop
vertex 65.68206608389244 27.368131255402478 17.97
vertex 63.643071702126846 13.319596825854925 17.97
vertex 65.87194106169132 17.77930173232819 17.97
endloop
endfacet
facet normal 0.0 0.0 1.0
outer loop
vertex 65.68206608389244 27.368131255402478 17.97
vertex 65.87194106169132 17.77930173232819 17.97
vertex 67.3125853118948 29.9002067990865 17.97
endloop
endfacet
facet normal 0.0 0.0 1.0
outer loop
vertex 67.3125853118948 29.9002067990865 17.97
vertex 65.87194106169132 17.77930173232819 17.97
vertex 68.06157783023795 22.260143133575706 17.97
endloop
endfacet
facet normal 0.0 0.0 1.0
outer loop
vertex 67.3125853118948 29.9002067990865 17.97
vertex 68.06157783023795 22.260143133575706 17.97
vertex 68.86951538224919 31.466187715088978 17.97
endloop
endfacet
facet normal 0.0 0.0 1.0
outer loop
vertex 68.86951538224919 31.466187715088978 17.97
vertex 68.06157783023795 22.260143133575706 17.97
vertex 69.57450045425426 24.352924648818547 17.97
endloop
endfacet
facet normal 0.0 0.0 1.0
outer loop
vertex 68.86951538224919 31.466187715088978 17.97
vertex 69.57450045425426 24.352924648818547 17.97
vertex 70.75126294635142 32.542884368231796 17.97
endloop
endfacet
facet normal 0.0 0.0 1.0
outer loop
vertex 70.75126294635142 32.542884368231796 17.97
vertex 69.57450045425426 24.352924648818547 17.97
vertex 71.2442576844248 25.493126644331316 17.97
endloop
endfacet
facet normal 0.0 0.0 1.0
outer loop
vertex 70.75126294635142 32.542884368231796 17.97
vertex 71.2442576844248 25.493126644331316 17.97
vertex 73.04155467480537 32.9904559161761 17.97
endloop
endfacet
facet normal 0.0 0.0 1.0
outer loop
vertex 73.04155467480537 32.9904559161761 17.97
vertex 71.2442576844248 25.493126644331316 17.97
vertex 73.25982566584509 26.214231146390485 17.97
endloop
endfacet
facet normal 0.0 0.0 1.0
outer loop
vertex 73.04155467480537 32.9904559161761 17.97
vertex 73.25982566584509 26.214231146390485 17.97
vertex 73.7515659822711 32.99959558041142 17.97
endloop
endfacet
facet normal 0.0 0.0 1.0
outer loop
vertex 73.7515659822711 32.99959558041142 17.97
vertex 73.25982566584509 26.214231146390485 17.97
vertex 75.62624211014281 26.510197167999916 17.97
endloop
endfacet
facet normal 0.0 0.0 1.0
outer loop
vertex 73.7515659822711 32.99959558041142 17.97
vertex 75.62624211014281 26.510197167999916 17.97
vertex 74.53439593079842 33.01623639367345 17.97
endloop
endfacet
facet normal 0.0 0.0 1.0
outer loop
vertex 74.53439593079842 33.01623639367345 17.97
vertex 75.62624211014281 26.510197167999916 17.97
vertex 75.37121843862705 33.03402494035906 17.97
endloop
endfacet
facet normal 0.0 0.0 1.0
outer loop
vertex 75.37121843862705 33.03402494035906 17.97
vertex 75.62624211014281 26.510197167999916 17.97
vertex 75.78959720637184 33.042918523135164 17.97
endloop
endfacet
facet normal 0.0 0.0 1.0
outer loop
vertex 75.78959720637184 33.042918523135164 17.97
vertex 75.62624211014281 26.510197167999916 17.97
vertex 78.03681224536325 26.276437528631487 17.97
endloop
endfacet
facet normal 0.0 0.0 1.0
outer loop
vertex 75.78959720637184 33.042918523135164 17.97
vertex 78.03681224536325 26.276437528631487 17.97
vertex 76.13306976726791 33.035680325434946 17.97
endloop
endfacet
facet normal 0.0 0.0 1.0
outer loop
vertex 76.13306976726791 33.035680325434946 17.97
vertex 78.03681224536325 26.276437528631487 17.97
vertex 76.94598135568427 33.01840005918191 17.97
endloop
endfacet
facet normal 0.0 0.0 1.0
outer loop
vertex 76.94598135568427 33.01840005918191 17.97
vertex 78.03681224536325 26.276437528631487 17.97
vertex 77.75889278347219 33.00111979634341 17.97
endloop
endfacet
facet normal 0.0 0.0 1.0
outer loop
vertex 77.75889278347219 33.00111979634341 17.97
vertex 78.03681224536325 26.276437528631487 17.97
vertex 78.24909038990307 32.995273056775204 17.97
endloop
endfacet
facet normal 0.0 0.0 1.0
outer loop
vertex 78.24909038990307 32.995273056775204 17.97
vertex 78.03681224536325 26.276437528631487 17.97
vertex 80.09736795883802 25.60985045346339 17.97
endloop
endfacet
facet normal 0.0 0.0 1.0
outer loop
vertex 78.24909038990307 32.995273056775204 17.97
vertex 80.09736795883802 25.60985045346339 17.97
vertex 80.5914043432011 32.62850513341108 17.97
endloop
endfacet
facet normal 0.0 0.0 1.0
outer loop
vertex 80.5914043432011 32.62850513341108 17.97
vertex 80.09736795883802 25.60985045346339 17.97
vertex 81.81146319439715 24.52338626028488 17.97
endloop
endfacet
facet normal 0.0 0.0 1.0
outer loop
vertex 80.5914043432011 32.62850513341108 17.97
vertex 81.81146319439715 24.52338626028488 17.97
vertex 82.5156049675087 31.616630396930944 17.97
endloop
endfacet
facet normal 0.0 0.0 1.0
outer loop
vertex 82.5156049675087 31.616630396930944 17.97
vertex 81.81146319439715 24.52338626028488 17.97
vertex 83.24364082859947 22.841330342970835 17.97
endloop
endfacet
facet normal 0.0 0.0 1.0
outer loop
vertex 82.5156049675087 31.616630396930944 17.97
vertex 83.24364082859947 22.841330342970835 17.97
vertex 84.10541905735478 30.099489877476245 17.97
endloop
endfacet
facet normal 0.0 0.0 1.0
outer loop
vertex 84.10541905735478 30.099489877476245 17.97
vertex 83.24364082859947 22.841330342970835 17.97
vertex 85.42436306998168 18.355687542131022 17.97
endloop
endfacet
facet normal 0.0 0.0 1.0
outer loop
vertex 84.10541905735478 30.099489877476245 17.97
vertex 85.42436306998168 18.355687542131022 17.97
vertex 85.63173152440709 27.844697780392078 17.97
endloop
endfacet
facet normal 0.0 0.0 1.0
outer loop
vertex 85.63173152440709 27.844697780392078 17.97
vertex 85.42436306998168 18.355687542131022 17.97
vertex 87.65114136761869 13.894856381432433 17.97
endloop
endfacet
facet normal 0.0 0.0 1.0
outer loop
vertex 85.63173152440709 27.844697780392078 17.97
vertex 87.65114136761869 13.894856381432433 17.97
vertex 87.97990656544619 23.674705911750294 17.97
endloop
endfacet
facet normal 0.0 0.0 1.0
outer loop
vertex 87.97990656544619 23.674705911750294 17.97
vertex 87.65114136761869 13.894856381432433 17.97
vertex 89.87109676020147 9.430349017227451 17.97
endloop
endfacet
facet normal 0.0 0.0 1.0
outer loop
vertex 87.97990656544619 23.674705911750294 17.97
vertex 89.87109676020147 9.430349017227451 17.97
vertex 90.32804975408487 19.504686809457084 17.97
endloop
endfacet
facet normal 0.0 0.0 1.0
outer loop
vertex 90.32804975408487 19.504686809457084 17.97
vertex 89.87109676020147 9.430349017227451 17.97
vertex 91.86736402166864 5.332409090291516 17.97
endloop
endfacet
facet normal 0.0 0.0 1.0
outer loop
vertex 90.32804975408487 19.504686809457084 17.97
vertex 91.86736402166864 5.332409090291516 17.97
vertex 92.67620210630733 15.334650506968064 17.97
endloop
endfacet
facet normal 0.0 0.0 1.0
outer loop
vertex 92.67620210630733 15.334650506968064 17.97
vertex 91.86736402166864 5.332409090291516 17.97
vertex 93.32513056422243 3.1551243982464126 17.97
endloop
endfacet
facet normal 0.0 0.0 1.0
outer loop
vertex 92.67620210630733 15.334650506968064 17.97
vertex 93.32513056422243 3.1551243982464126 17.97
vertex 94.81081055245134 11.636231358015 17.97
endloop
endfacet
facet normal 0.0 0.0 1.0
outer loop
vertex 94.81081055245134 11.636231358015 17.97
vertex 93.32513056422243 3.1551243982464126 17.97
vertex 95.21773636906296 1.5887760701179015 17.97
endloop
endfacet
facet normal 0.0 0.0 1.0
outer loop
vertex 94.81081055245134 11.636231358015 17.97
vertex 95.21773636906296 1.5887760701179015 17.97
vertex 96.72280232846988 9.616267366158212 17.97
endloop
endfacet
facet normal 0.0 0.0 1.0
outer loop
vertex 96.72280232846988 9.616267366158212 17.97
vertex 95.21773636906296 1.5887760701179015 17.97
vertex 97.72351394334852 0.8291366594416355 17.97
endloop
endfacet
facet normal 0.0 0.0 1.0
outer loop
vertex 96.72280232846988 9.616267366158212 17.97
vertex 97.72351394334852 0.8291366594416355 17.97
vertex 99.12761497074075 8.386793478124392 17.97
endloop
endfacet
facet normal 0.0 0.0 1.0
outer loop
vertex 99.12761497074075 8.386793478124392 17.97
vertex 97.72351394334852 0.8291366594416355 17.97
vertex 103.08629983794654 1.1311924288604187 17.97
endloop
endfacet
facet normal 0.0 0.0 1.0
outer loop
vertex 99.12761497074075 8.386793478124392 17.97
vertex 103.08629983794654 1.1311924288604187 17.97
vertex 102.03642637508698 7.965716590417758 17.97
endloop
endfacet
facet normal 0.0 0.0 1.0
outer loop
vertex 102.03642637508698 7.965716590417758 17.97
vertex 103.08629983794654 1.1311924288604187 17.97
vertex 108.80309840596311 9.02081176477735 17.97
endloop
endfacet
facet normal 0.0 0.0 1.0
outer loop
vertex 108.80309840596311 9.02081176477735 17.97
vertex 103.08629983794654 1.1311924288604187 17.97
vertex 113.47594408538497 2.9581203372325953 17.97
endloop
endfacet
facet normal 0.0 0.0 1.0
outer loop
vertex 108.80309840596311 9.02081176477735 17.97
vertex 113.47594408538497 2.9581203372325953 17.97
vertex 119.69555845865426 11.510321924903533 17.97
endloop
endfacet
facet normal 0.0 0.0 1.0
outer loop
vertex 119.69555845865426 11.510321924903533 17.97
vertex 113.47594408538497 2.9581203372325953 17.97
vertex 124.45259422172327 6.33643010793723 17.97
endloop
endfacet
facet normal 0.0 0.0 1.0
outer loop
vertex 119.69555845865426 11.510321924903533 17.97
vertex 124.45259422172327 6.33643010793723 17.97
vertex 129.11577711232712 14.294237926324197 17.97
endloop
endfacet
facet normal 0.0 0.0 1.0
outer loop
vertex 129.11577711232712 14.294237926324197 17.97
vertex 124.45259422172327 6.33643010793723 17.97
vertex 136.01773000474864 11.270063240053783 17.97
endloop
endfacet
facet normal 0.0 0.0 1.0
outer loop
vertex 129.11577711232712 14.294237926324197 17.97
vertex 136.01773000474864 11.270063240053783 17.97
vertex 137.0887799948287 17.367610084498555 17.97
endloop
endfacet
facet normal 0.0 0.0 1.0
outer loop
vertex 137.0887799948287 17.367610084498555 17.97
vertex 136.01773000474864 11.270063240053783 17.97
vertex 143.78313355468842 15.356299462425252 17.97
endloop
endfacet
facet normal 0.0 0.0 1.0
outer loop
vertex 137.0887799948287 17.367610084498555 17.97
vertex 143.78313355468842 15.356299462425252 17.97
vertex 141.42199210158245 19.493016068181785 17.97
endloop
endfacet
facet normal 0.0 0.0 1.0
outer loop
vertex 141.42199210158245 19.493016068181785 17.97
vertex 143.78313355468842 15.356299462425252 17.97
vertex 142.9428287269111 20.65291095635384 17.97
endloop
endfacet
facet normal 0.0 0.0 1.0
outer loop
vertex 142.9428287269111 20.65291095635384 17.97
vertex 143.78313355468842 15.356299462425252 17.97
vertex 143.9373665857438 21.994997217119785 17.97
endloop
endfacet
facet normal 0.0 0.0 1.0
outer loop
vertex 143.9373665857438 21.994997217119785 17.97
vertex 143.78313355468842 15.356299462425252 17.97
vertex 145.81119209241868 17.282997605490745 17.97
endloop
endfacet
facet normal 0.0 0.0 1.0
outer loop
vertex 143.9373665857438 21.994997217119785 17.97
vertex 145.81119209241868 17.282997605490745 17.97
vertex 144.36954619646784 23.531812910858832 17.97
endloop
endfacet
facet normal 0.0 0.0 1.0
outer loop
vertex 144.36954619646784 23.531812910858832 17.97
vertex 145.81119209241868 17.282997605490745 17.97
vertex 144.38319403543832 24.51173210108656 17.97
endloop
endfacet
facet normal 0.0 0.0 1.0
outer loop
vertex 144.38319403543832 24.51173210108656 17.97
vertex 145.81119209241868 17.282997605490745 17.97
vertex 144.39048175991076 25.07965173394615 17.97
endloop
endfacet
facet normal 0.0 0.0 1.0
outer loop
vertex 144.39048175991076 25.07965173394615 17.97
vertex 145.81119209241868 17.282997605490745 17.97
vertex 144.3965869755611 25.647554652337693 17.97
endloop
endfacet
facet normal 0.0 0.0 1.0
outer loop
vertex 144.3965869755611 25.647554652337693 17.97
vertex 145.81119209241868 17.282997605490745 17.97
vertex 144.39800189748524 26.215430655813513 17.97
endloop
endfacet
facet normal 0.0 0.0 1.0
outer loop
vertex 144.39800189748524 26.215430655813513 17.97
vertex 145.81119209241868 17.282997605490745 17.97
vertex 144.40486700242275 26.42208168437824 17.97
endloop
endfacet
facet normal 0.0 0.0 1.0
outer loop
vertex 144.40486700242275 26.42208168437824 17.97
vertex 145.81119209241868 17.282997605490745 17.97
vertex 144.44275431724114 26.51205900050298 17.97
endloop
endfacet
facet normal 0.0 0.0 1.0
outer loop
vertex 144.44275431724114 26.51205900050298 17.97
vertex 145.81119209241868 17.282997605490745 17.97
vertex 144.51585505258788 26.5906828286122 17.97
endloop
endfacet
facet normal 0.0 0.0 1.0
outer loop
vertex 144.51585505258788 26.5906828286122 17.97
vertex 145.81119209241868 17.282997605490745 17.97
vertex 144.6281167420286 26.635045187761047 17.97
endloop
endfacet
facet normal 0.0 0.0 1.0
outer loop
vertex 144.6281167420286 26.635045187761047 17.97
vertex 145.81119209241868 17.282997605490745 17.97
vertex 144.6774012616582 26.640176056919323 17.97
endloop
endfacet
facet normal 0.0 0.0 1.0
outer loop
vertex 144.6774012616582 26.640176056919323 17.97
vertex 145.81119209241868 17.282997605490745 17.97
vertex 144.75941159157273 26.648222999520556 17.97
endloop
endfacet
facet normal 0.0 0.0 1.0
outer loop
vertex 144.75941159157273 26.648222999520556 17.97
vertex 145.81119209241868 17.282997605490745 17.97
vertex 144.84562072824409 26.656681933598946 17.97
endloop
endfacet
facet normal 0.0 0.0 1.0
outer loop
vertex 144.84562072824409 26.656681933598946 17.97
vertex 145.81119209241868 17.282997605490745 17.97
vertex 144.8870423985305 26.66074627285461 17.97
endloop
endfacet
facet normal 0.0 0.0 1.0
outer loop
vertex 144.8870423985305 26.66074627285461 17.97
vertex 145.81119209241868 17.282997605490745 17.97
vertex 144.88767480270985 26.763875098110685 17.97
endloop
endfacet
facet normal 0.0 0.0 1.0
outer loop
vertex 144.88767480270985 26.763875098110685 17.97
vertex 145.81119209241868 17.282997605490745 17.97
vertex 144.88902296177218 26.99802904051516 17.97
endloop
endfacet
facet normal 0.0 0.0 1.0
outer loop
vertex 144.88902296177218 26.99802904051516 17.97
vertex 145.81119209241868 17.282997605490745 17.97
vertex 144.89034891384938 27.22832598023407 17.97
endloop
endfacet
facet normal 0.0 0.0 1.0
outer loop
vertex 147.7012435021586 22.410579357068443 17.97
vertex 147.68967605421668 27.2482491278711 17.97
vertex 147.0992955355178 19.64498895914334 17.97
endloop
endfacet
facet normal 0.0 0.0 1.0
outer loop
vertex 147.68967605421668 27.2482491278711 17.97
vertex 147.7012435021586 22.410579357068443 17.97
vertex 147.70998105823833 26.25247941496536 17.97
endloop
endfacet
facet normal 0.0 0.0 1.0
outer loop
vertex 147.70998105823833 26.25247941496536 17.97
vertex 147.7012435021586 22.410579357068443 17.97
vertex 147.73028606009188 25.2567365028373 17.97
endloop
endfacet
facet normal 0.0 0.0 1.0
outer loop
vertex 147.73028606009188 25.2567365028373 17.97
vertex 147.7012435021586 22.410579357068443 17.97
vertex 147.75059106061744 24.261010006180733 17.97
endloop
endfacet
facet normal 0.0 0.0 1.0
outer loop
vertex 144.89034891384938 27.22832598023407 17.97
vertex 148.0189735470118 27.57772432697696 17.97
vertex 144.86542572735635 27.313522429398247 17.97
endloop
endfacet
facet normal 0.0 0.0 1.0
outer loop
vertex 148.0189735470118 27.57772432697696 17.97
vertex 144.89034891384938 27.22832598023407 17.97
vertex 147.68967605421668 27.2482491278711 17.97
endloop
endfacet
facet normal 0.0 0.0 1.0
outer loop
vertex 147.68967605421668 27.2482491278711 17.97
vertex 144.89034891384938 27.22832598023407 17.97
vertex 145.81119209241868 17.282997605490745 17.97
endloop
endfacet
facet normal 0.0 0.0 1.0
outer loop
vertex 147.68967605421668 27.2482491278711 17.97
vertex 145.81119209241868 17.282997605490745 17.97
vertex 147.0992955355178 19.64498895914334 17.97
endloop
endfacet
endsolid Modelo Óculos Goggles 1
