solid Modelo Óculos Mirrored
facet normal -0.9877913000980619 0.1557830139988973 1.8724921029966218e-33
outer loop
vertex 79.92765763920322 43.50674453042467 2.550000000000002
vertex 79.45970964826654 40.539572805599235 1.9999999999999998
vertex 79.45970964826654 40.539572805599235 2.550000000000002
endloop
endfacet
facet normal -0.9877913000980619 0.1557830139988973 1.8724921029966218e-33
outer loop
vertex 79.45970964826654 40.539572805599235 1.9999999999999998
vertex 79.92765763920322 43.50674453042467 2.550000000000002
vertex 79.92765763920322 43.50674453042467 1.9999999999999998
endloop
endfacet
facet normal 0.500523522875975 -0.8657229366534213 -2.8227644590764636e-33
outer loop
vertex 81.35420480894082 41.88002282087395 2.550000000000002
vertex 79.45970964826654 40.539572805599235 0.7999999999999999
vertex 81.35420480894082 41.88002282087395 0.7999999999999999
endloop
endfacet
facet normal 0.6996406845867476 -0.7144948652516596 1.5468837019784297e-33
outer loop
vertex 79.45970964826654 40.539572805599235 0.7999999999999999
vertex 81.35420480894082 41.88002282087395 2.550000000000002
vertex 79.45970964826654 40.539572805599235 1.9999999999999998
endloop
endfacet
facet normal 0.6604766535161825 -0.7508465823056432 7.835557026599627e-35
outer loop
vertex 79.45970964826654 40.539572805599235 1.9999999999999998
vertex 81.35420480894082 41.88002282087395 2.550000000000002
vertex 79.45970964826654 40.539572805599235 2.550000000000002
endloop
endfacet
facet normal 0.36050612819635075 -0.9327568448062317 -2.769597163624472e-33
outer loop
vertex 84.3255204861757 43.252206355015645 2.550000000000002
vertex 81.35420480894082 41.88002282087395 0.7999999999999999
vertex 84.3255204861757 43.252206355015645 0.7999999999999999
endloop
endfacet
facet normal 0.500523522875975 -0.8657229366534213 -2.8227644590764636e-33
outer loop
vertex 81.35420480894082 41.88002282087395 0.7999999999999999
vertex 84.3255204861757 43.252206355015645 2.550000000000002
vertex 81.35420480894082 41.88002282087395 2.550000000000002
endloop
endfacet
facet normal 0.27428737287749666 -0.961647771837465 -2.707355902771943e-33
outer loop
vertex 87.62113248778651 44.289702550325515 2.550000000000002
vertex 84.3255204861757 43.252206355015645 0.7999999999999999
vertex 87.62113248778651 44.289702550325515 0.7999999999999999
endloop
endfacet
facet normal 0.36050612819635075 -0.9327568448062317 -2.769597163624472e-33
outer loop
vertex 84.3255204861757 43.252206355015645 0.7999999999999999
vertex 87.62113248778651 44.289702550325515 2.550000000000002
vertex 84.3255204861757 43.252206355015645 2.550000000000002
endloop
endfacet
facet normal -0.3321260831087129 0.9432349998377204 2.751415966134606e-33
outer loop
vertex 91.0960739106393 49.34124482534625 2.550000000000002
vertex 95.33673256751354 50.72624685147296 0.7999999999999999
vertex 91.0960739106393 49.34124482534625 0.7999999999999999
endloop
endfacet
facet normal -0.28733134832697543 0.9578312462373539 2.7180927116105123e-33
outer loop
vertex 95.33673256751354 50.72624685147296 0.7999999999999999
vertex 91.0960739106393 49.34124482534625 2.550000000000002
vertex 95.33673256751354 50.72624685147296 2.550000000000002
endloop
endfacet
facet normal -0.3706196086643546 0.9287847466843331 2.775509056579846e-33
outer loop
vertex 86.75723155326429 47.70098270184726 2.550000000000002
vertex 91.0960739106393 49.34124482534625 0.7999999999999999
vertex 86.75723155326429 47.70098270184726 0.7999999999999999
endloop
endfacet
facet normal -0.3321260831087129 0.9432349998377204 2.751415966134606e-33
outer loop
vertex 91.0960739106393 49.34124482534625 0.7999999999999999
vertex 86.75723155326429 47.70098270184726 2.550000000000002
vertex 91.0960739106393 49.34124482534625 2.550000000000002
endloop
endfacet
facet normal -0.4582038689060338 0.8888471266306386 2.81351506342809e-33
outer loop
vertex 83.66727953376406 46.40214981543747 2.550000000000002
vertex 86.75723155326429 47.70098270184726 0.7999999999999999
vertex 83.66727953376406 46.40214981543747 0.7999999999999999
endloop
endfacet
facet normal -0.3706196086643546 0.9287847466843331 2.775509056579846e-33
outer loop
vertex 86.75723155326429 47.70098270184726 0.7999999999999999
vertex 83.66727953376406 46.40214981543747 2.550000000000002
vertex 86.75723155326429 47.70098270184726 2.550000000000002
endloop
endfacet
facet normal -0.7459871577126133 0.6659603295451288 1.940604934698274e-34
outer loop
vertex 79.92765763920322 43.50674453042467 1.9999999999999998
vertex 81.62722993413443 45.14004727091735 0.7999999999999999
vertex 79.92765763920322 43.50674453042467 0.7999999999999999
endloop
endfacet
facet normal -0.612937640848558 0.7901312855665217 2.8135918613796867e-33
outer loop
vertex 81.62722993413443 45.14004727091735 0.7999999999999999
vertex 79.92765763920322 43.50674453042467 1.9999999999999998
vertex 81.62722993413443 45.14004727091735 2.550000000000002
endloop
endfacet
facet normal -0.612937640848558 0.7901312855665217 2.8135918613796867e-33
outer loop
vertex 81.62722993413443 45.14004727091735 2.550000000000002
vertex 79.92765763920322 43.50674453042467 1.9999999999999998
vertex 79.92765763920322 43.50674453042467 2.550000000000002
endloop
endfacet
facet normal 0.2191645316986969 -0.9756879152912017 -2.6570093270708942e-33
outer loop
vertex 91.12453322070489 45.186909937288 2.550000000000002
vertex 87.62113248778651 44.289702550325515 0.7999999999999999
vertex 91.12453322070489 45.186909937288 0.7999999999999999
endloop
endfacet
facet normal 0.27428737287749666 -0.961647771837465 -2.707355902771943e-33
outer loop
vertex 87.62113248778651 44.289702550325515 0.7999999999999999
vertex 91.12453322070489 45.186909937288 2.550000000000002
vertex 87.62113248778651 44.289702550325515 2.550000000000002
endloop
endfacet
facet normal -0.612937640848558 0.7901312855665217 2.8135918613796867e-33
outer loop
vertex 81.62722993413443 45.14004727091735 2.550000000000002
vertex 83.66727953376406 46.40214981543747 0.7999999999999999
vertex 81.62722993413443 45.14004727091735 0.7999999999999999
endloop
endfacet
facet normal -0.4582038689060338 0.8888471266306386 2.81351506342809e-33
outer loop
vertex 83.66727953376406 46.40214981543747 0.7999999999999999
vertex 81.62722993413443 45.14004727091735 2.550000000000002
vertex 83.66727953376406 46.40214981543747 2.550000000000002
endloop
endfacet
facet normal -0.9475028582122116 -0.3197472965948109 8.711105681001292e-33
outer loop
vertex 64.0838971611038 37.00645990989392 1.9999999999999998
vertex 64.2641225940234 36.34410731758497 0.7999999999999999
vertex 64.2641225940234 36.34410731758497 1.9999999999999998
endloop
endfacet
facet normal -0.9797207392835128 -0.20036784427089938 7.011446531448597e-33
outer loop
vertex 64.2641225940234 36.34410731758497 0.7999999999999999
vertex 64.0838971611038 37.00645990989392 1.9999999999999998
vertex 64.0838971611038 37.00645990989392 0.7999999999999999
endloop
endfacet
facet normal 0.9089204504373071 -0.41696956097159316 2.732894003012611e-33
outer loop
vertex 77.75927714990513 37.64741124007413 0.7999999999999999
vertex 77.49935669749307 37.00645990989392 1.9999999999999998
vertex 77.49935669749307 37.00645990989392 0.7999999999999999
endloop
endfacet
facet normal 0.9475028582122115 -0.3197472965948112 1.087938743878e-33
outer loop
vertex 77.49935669749307 37.00645990989392 1.9999999999999998
vertex 77.75927714990513 37.64741124007413 0.7999999999999999
vertex 77.75927714990513 37.64741124007413 1.9999999999999998
endloop
endfacet
facet normal 0.8768226995969665 0.4808138449249232 -1.0894815895314313e-32
outer loop
vertex 63.093155692764526 41.227067832676035 0.7999999999999999
vertex 63.62364821479824 40.136842127975385 1.9999999999999998
vertex 63.62364821479824 40.136842127975385 0.7999999999999999
endloop
endfacet
facet normal 0.8859845489516013 0.46371476040668314 -1.0669660771892802e-32
outer loop
vertex 63.62364821479824 40.136842127975385 1.9999999999999998
vertex 63.093155692764526 41.227067832676035 0.7999999999999999
vertex 63.093155692764526 41.227067832676035 1.9999999999999998
endloop
endfacet
facet normal 0.2646842033196918 0.9643351453270903 -1.584137408480513e-32
outer loop
vertex 75.3883136289792 37.641571181073246 1.9999999999999998
vertex 76.46490473887252 37.355504359937214 0.7999999999999999
vertex 75.3883136289792 37.641571181073246 0.7999999999999999
endloop
endfacet
facet normal 0.2568042074427228 0.9664634494070198 -1.5842286927752465e-32
outer loop
vertex 76.46490473887252 37.355504359937214 0.7999999999999999
vertex 75.3883136289792 37.641571181073246 1.9999999999999998
vertex 76.46490473887252 37.355504359937214 1.9999999999999998
endloop
endfacet
facet normal 0.6996406845867476 -0.7144948652516596 1.5468837019784297e-33
outer loop
vertex 79.45970964826654 40.539572805599235 0.7999999999999999
vertex 78.98021032218388 39.89121052117992 1.9999999999999998
vertex 78.98021032218388 39.89121052117992 0.7999999999999999
endloop
endfacet
facet normal 0.8355458706360082 -0.5494206931515367 5.0576258023585087e-33
outer loop
vertex 78.98021032218388 39.89121052117992 1.9999999999999998
vertex 79.45970964826654 40.539572805599235 0.7999999999999999
vertex 79.45970964826654 40.539572805599235 1.9999999999999998
endloop
endfacet
facet normal -0.9797207392835128 -0.20036784427089938 7.011446531448597e-33
outer loop
vertex 64.2641225940234 36.34410731758497 1.9999999999999998
vertex 64.36187407210127 35.639228942433455 0.7999999999999999
vertex 64.36187407210127 35.639228942433455 1.9999999999999998
endloop
endfacet
facet normal -0.9962321600730677 -0.08672648520578752 5.336529367938864e-33
outer loop
vertex 64.36187407210127 35.639228942433455 0.7999999999999999
vertex 64.2641225940234 36.34410731758497 1.9999999999999998
vertex 64.2641225940234 36.34410731758497 0.7999999999999999
endloop
endfacet
facet normal 0.10089049214277307 0.9948975367318934 -1.5650780917787977e-32
outer loop
vertex 72.51671271311488 38.25886705104591 1.9999999999999998
vertex 74.02697222619533 38.02719897211451 0.7999999999999999
vertex 72.51671271311488 38.25886705104591 0.7999999999999999
endloop
endfacet
facet normal 0.21249178960874587 0.9771628520102842 -1.5827976481202658e-32
outer loop
vertex 74.02697222619533 38.02719897211451 0.7999999999999999
vertex 72.51671271311488 38.25886705104591 1.9999999999999998
vertex 74.02697222619533 38.02719897211451 1.9999999999999998
endloop
endfacet
facet normal -0.35287956898584255 0.935668750035164 -1.2917800508023673e-32
outer loop
vertex 65.16487537196622 37.24981612372622 1.9999999999999998
vertex 66.3341608609396 37.6908022733169 0.7999999999999999
vertex 65.16487537196622 37.24981612372622 0.7999999999999999
endloop
endfacet
facet normal -0.3060242629723723 0.9520237131879734 -1.3356897357865052e-32
outer loop
vertex 66.3341608609396 37.6908022733169 0.7999999999999999
vertex 65.16487537196622 37.24981612372622 1.9999999999999998
vertex 66.3341608609396 37.6908022733169 1.9999999999999998
endloop
endfacet
facet normal -0.9962321600730677 -0.08672648520578752 5.336529367938864e-33
outer loop
vertex 64.36187407210127 35.639228942433455 1.9999999999999998
vertex 64.41845422739621 34.06260593148583 0.7999999999999999
vertex 64.41845422739621 34.06260593148583 1.9999999999999998
endloop
endfacet
facet normal -0.9999981385202278 0.001929496327894839 3.9931938832973825e-33
outer loop
vertex 64.41845422739621 34.06260593148583 0.7999999999999999
vertex 64.36187407210127 35.639228942433455 1.9999999999999998
vertex 64.36187407210127 35.639228942433455 0.7999999999999999
endloop
endfacet
facet normal -0.9095702499552735 -0.4155501899846773 1.0026509665131181e-32
outer loop
vertex 63.82397670869174 37.64741124007413 1.9999999999999998
vertex 64.0838971611038 37.00645990989392 0.7999999999999999
vertex 64.0838971611038 37.00645990989392 1.9999999999999998
endloop
endfacet
facet normal -0.9475028582122116 -0.3197472965948109 8.711105681001292e-33
outer loop
vertex 64.0838971611038 37.00645990989392 0.7999999999999999
vertex 63.82397670869174 37.64741124007413 1.9999999999999998
vertex 63.82397670869174 37.64741124007413 0.7999999999999999
endloop
endfacet
facet normal -0.7459871577126133 0.6659603295451288 1.940604934698274e-34
outer loop
vertex 79.92765763920322 43.50674453042467 1.9999999999999998
vertex 78.60828798423874 41.472297301553866 0.7999999999999999
vertex 78.60828798423874 41.472297301553866 1.9999999999999998
endloop
endfacet
facet normal -0.871736829678607 0.48997438686312106 -4.00113585321117e-33
outer loop
vertex 78.60828798423874 41.472297301553866 0.7999999999999999
vertex 79.92765763920322 43.50674453042467 1.9999999999999998
vertex 79.92765763920322 43.50674453042467 0.7999999999999999
endloop
endfacet
facet normal -0.873194229834583 0.48737238020182255 -3.955402243691853e-33
outer loop
vertex 77.49755706733913 39.31243773016987 1.9999999999999998
vertex 76.9552954841186 38.340629551435356 0.7999999999999999
vertex 76.9552954841186 38.340629551435356 1.9999999999999998
endloop
endfacet
facet normal -0.8844788214829766 0.46658034072181487 -3.5914083009648524e-33
outer loop
vertex 76.9552954841186 38.340629551435356 0.7999999999999999
vertex 77.49755706733913 39.31243773016987 1.9999999999999998
vertex 77.49755706733913 39.31243773016987 0.7999999999999999
endloop
endfacet
facet normal 0.005023748797612893 0.9999873808943883 -1.5343123551648154e-32
outer loop
vertex 70.88296003179002 38.340483815933744 1.9999999999999998
vertex 72.51671271311488 38.25886705104591 0.7999999999999999
vertex 70.88296003179002 38.340483815933744 0.7999999999999999
endloop
endfacet
facet normal 0.10089049214277307 0.9948975367318934 -1.5650780917787977e-32
outer loop
vertex 72.51671271311488 38.25886705104591 0.7999999999999999
vertex 70.88296003179002 38.340483815933744 1.9999999999999998
vertex 72.51671271311488 38.25886705104591 1.9999999999999998
endloop
endfacet
facet normal -0.3060242629723723 0.9520237131879734 -1.3356897357865052e-32
outer loop
vertex 66.3341608609396 37.6908022733169 1.9999999999999998
vertex 67.71282750379308 38.05959727201195 0.7999999999999999
vertex 66.3341608609396 37.6908022733169 0.7999999999999999
endloop
endfacet
facet normal -0.19946434751229894 0.9799050842155544 -1.4212792342796355e-32
outer loop
vertex 67.71282750379308 38.05959727201195 0.7999999999999999
vertex 66.3341608609396 37.6908022733169 1.9999999999999998
vertex 67.71282750379308 38.05959727201195 1.9999999999999998
endloop
endfacet
facet normal 0.8859845489516013 0.46371476040668314 -1.0669660771892802e-32
outer loop
vertex 63.62364821479824 40.136842127975385 0.7999999999999999
vertex 64.1443777412779 39.20918150537349 1.9999999999999998
vertex 64.1443777412779 39.20918150537349 0.7999999999999999
endloop
endfacet
facet normal 0.8733124954114889 0.48716043082146804 -1.0977944579097779e-32
outer loop
vertex 64.1443777412779 39.20918150537349 1.9999999999999998
vertex 63.62364821479824 40.136842127975385 0.7999999999999999
vertex 63.62364821479824 40.136842127975385 1.9999999999999998
endloop
endfacet
facet normal 0.8742419629989613 -0.48549046348174846 3.922350644740601e-33
outer loop
vertex 78.50516956597626 39.074012067131406 0.7999999999999999
vertex 78.08958949341616 38.28976717394265 1.9999999999999998
vertex 78.08958949341616 38.28976717394265 0.7999999999999999
endloop
endfacet
facet normal 0.8864753113093331 -0.46277588791878627 3.525080847629096e-33
outer loop
vertex 78.08958949341616 38.28976717394265 1.9999999999999998
vertex 78.50516956597626 39.074012067131406 0.7999999999999999
vertex 78.50516956597626 39.074012067131406 1.9999999999999998
endloop
endfacet
facet normal -0.8844788214829766 0.46658034072181487 -3.5914083009648524e-33
outer loop
vertex 76.9552954841186 38.340629551435356 1.9999999999999998
vertex 76.46490473887252 37.355504359937214 0.7999999999999999
vertex 76.46490473887252 37.355504359937214 1.9999999999999998
endloop
endfacet
facet normal -0.8952152498326621 0.44563399384140817 -3.22725502271322e-33
outer loop
vertex 76.46490473887252 37.355504359937214 0.7999999999999999
vertex 76.9552954841186 38.340629551435356 1.9999999999999998
vertex 76.9552954841186 38.340629551435356 0.7999999999999999
endloop
endfacet
facet normal 0.8864753113093331 -0.46277588791878627 3.525080847629096e-33
outer loop
vertex 78.08958949341616 38.28976717394265 0.7999999999999999
vertex 77.75927714990513 37.64741124007413 1.9999999999999998
vertex 77.75927714990513 37.64741124007413 0.7999999999999999
endloop
endfacet
facet normal 0.9089204504373071 -0.41696956097159316 2.732894003012611e-33
outer loop
vertex 77.75927714990513 37.64741124007413 1.9999999999999998
vertex 78.08958949341616 38.28976717394265 0.7999999999999999
vertex 78.08958949341616 38.28976717394265 1.9999999999999998
endloop
endfacet
facet normal 0.21249178960874587 0.9771628520102842 -1.5827976481202658e-32
outer loop
vertex 74.02697222619533 38.02719897211451 1.9999999999999998
vertex 75.3883136289792 37.641571181073246 0.7999999999999999
vertex 74.02697222619533 38.02719897211451 0.7999999999999999
endloop
endfacet
facet normal 0.2646842033196918 0.9643351453270903 -1.584137408480513e-32
outer loop
vertex 75.3883136289792 37.641571181073246 0.7999999999999999
vertex 74.02697222619533 38.02719897211451 1.9999999999999998
vertex 75.3883136289792 37.641571181073246 1.9999999999999998
endloop
endfacet
facet normal 0.8355458706360082 -0.5494206931515367 5.0576258023585087e-33
outer loop
vertex 78.98021032218388 39.89121052117992 0.7999999999999999
vertex 78.50516956597626 39.074012067131406 1.9999999999999998
vertex 78.50516956597626 39.074012067131406 0.7999999999999999
endloop
endfacet
facet normal 0.8742419629989613 -0.48549046348174846 3.922350644740601e-33
outer loop
vertex 78.50516956597626 39.074012067131406 1.9999999999999998
vertex 78.98021032218388 39.89121052117992 0.7999999999999999
vertex 78.98021032218388 39.89121052117992 1.9999999999999998
endloop
endfacet
facet normal -0.6149040214727927 -0.7886019556002809 2.967315457205632e-33
outer loop
vertex 62.134274575568156 40.5543909290229 1.9999999999999998
vertex 62.62443001728801 39.92074423286448 0.7999999999999999
vertex 62.62443001728801 39.92074423286448 1.9999999999999998
endloop
endfacet
facet normal -0.8334947668087469 -0.55252735108991 1.1819391473507557e-32
outer loop
vertex 62.62443001728801 39.92074423286448 0.7999999999999999
vertex 62.134274575568156 40.5543909290229 1.9999999999999998
vertex 62.134274575568156 40.5543909290229 0.7999999999999999
endloop
endfacet
facet normal -0.8334947668087469 -0.55252735108991 1.1819391473507557e-32
outer loop
vertex 62.62443001728801 39.92074423286448 1.9999999999999998
vertex 63.09081964571134 39.09159898330434 0.7999999999999999
vertex 63.09081964571134 39.09159898330434 1.9999999999999998
endloop
endfacet
facet normal -0.882223722371654 -0.47083044048224304 1.0763566172931407e-32
outer loop
vertex 63.09081964571134 39.09159898330434 0.7999999999999999
vertex 62.62443001728801 39.92074423286448 1.9999999999999998
vertex 62.62443001728801 39.92074423286448 0.7999999999999999
endloop
endfacet
facet normal 0.8870237219530853 0.4617238532851597 -1.0643334239079581e-32
outer loop
vertex 64.68490564037077 38.23408967648525 0.7999999999999999
vertex 65.16487537196622 37.24981612372622 1.9999999999999998
vertex 65.16487537196622 37.24981612372622 0.7999999999999999
endloop
endfacet
facet normal 0.8988273455191859 0.43830286668801766 -1.0331935173007393e-32
outer loop
vertex 65.16487537196622 37.24981612372622 1.9999999999999998
vertex 64.68490564037077 38.23408967648525 0.7999999999999999
vertex 64.68490564037077 38.23408967648525 1.9999999999999998
endloop
endfacet
facet normal -0.882223722371654 -0.47083044048224304 1.0763566172931407e-32
outer loop
vertex 63.09081964571134 39.09159898330434 1.9999999999999998
vertex 63.49514953758846 38.29181812631524 0.7999999999999999
vertex 63.49514953758846 38.29181812631524 1.9999999999999998
endloop
endfacet
facet normal -0.891587486342289 -0.4528484892299398 1.0525695043102148e-32
outer loop
vertex 63.49514953758846 38.29181812631524 0.7999999999999999
vertex 63.09081964571134 39.09159898330434 1.9999999999999998
vertex 63.09081964571134 39.09159898330434 0.7999999999999999
endloop
endfacet
facet normal -0.891587486342289 -0.4528484892299398 1.0525695043102148e-32
outer loop
vertex 63.49514953758846 38.29181812631524 1.9999999999999998
vertex 63.82397670869174 37.64741124007413 0.7999999999999999
vertex 63.82397670869174 37.64741124007413 1.9999999999999998
endloop
endfacet
facet normal -0.9095702499552735 -0.4155501899846773 1.0026509665131181e-32
outer loop
vertex 63.82397670869174 37.64741124007413 0.7999999999999999
vertex 63.49514953758846 38.29181812631524 1.9999999999999998
vertex 63.49514953758846 38.29181812631524 0.7999999999999999
endloop
endfacet
facet normal -0.8874591493256366 0.4608863832640506 -3.49217001324819e-33
outer loop
vertex 78.01133295264883 40.23267943018977 1.9999999999999998
vertex 77.49755706733913 39.31243773016987 0.7999999999999999
vertex 77.49755706733913 39.31243773016987 1.9999999999999998
endloop
endfacet
facet normal -0.873194229834583 0.48737238020182255 -3.955402243691853e-33
outer loop
vertex 77.49755706733913 39.31243773016987 0.7999999999999999
vertex 78.01133295264883 40.23267943018977 1.9999999999999998
vertex 78.01133295264883 40.23267943018977 0.7999999999999999
endloop
endfacet
facet normal 0.8733124954114889 0.48716043082146804 -1.0977944579097779e-32
outer loop
vertex 64.1443777412779 39.20918150537349 0.7999999999999999
vertex 64.68490564037077 38.23408967648525 1.9999999999999998
vertex 64.68490564037077 38.23408967648525 0.7999999999999999
endloop
endfacet
facet normal 0.8870237219530853 0.4617238532851597 -1.0643334239079581e-32
outer loop
vertex 64.68490564037077 38.23408967648525 1.9999999999999998
vertex 64.1443777412779 39.20918150537349 0.7999999999999999
vertex 64.1443777412779 39.20918150537349 1.9999999999999998
endloop
endfacet
facet normal 0.7865303446467696 0.6175516309992501 -6.473013301751469e-33
outer loop
vertex 61.817269070548164 43.30667540933311 0.7999999999999999
vertex 63.093155692764526 41.227067832676035 1.9999999999999998
vertex 63.093155692764526 41.227067832676035 0.7999999999999999
endloop
endfacet
facet normal 0.8768226995969665 0.4808138449249232 -1.0894815895314313e-32
outer loop
vertex 63.093155692764526 41.227067832676035 1.9999999999999998
vertex 61.817269070548164 43.30667540933311 0.7999999999999999
vertex 61.817269070548164 43.30667540933311 1.9999999999999998
endloop
endfacet
facet normal -0.08993269012444866 0.9959478456460358 -1.489923766581323e-32
outer loop
vertex 69.23766332856594 38.27485503412311 1.9999999999999998
vertex 70.88296003179002 38.340483815933744 0.7999999999999999
vertex 69.23766332856594 38.27485503412311 0.7999999999999999
endloop
endfacet
facet normal 0.005023748797612893 0.9999873808943883 -1.5343123551648154e-32
outer loop
vertex 70.88296003179002 38.340483815933744 0.7999999999999999
vertex 69.23766332856594 38.27485503412311 1.9999999999999998
vertex 70.88296003179002 38.340483815933744 1.9999999999999998
endloop
endfacet
facet normal -0.871736829678607 0.48997438686312106 -4.00113585321117e-33
outer loop
vertex 78.60828798423874 41.472297301553866 1.9999999999999998
vertex 78.01133295264883 40.23267943018977 0.7999999999999999
vertex 78.01133295264883 40.23267943018977 1.9999999999999998
endloop
endfacet
facet normal -0.8874591493256366 0.4608863832640506 -3.49217001324819e-33
outer loop
vertex 78.01133295264883 40.23267943018977 0.7999999999999999
vertex 78.60828798423874 41.472297301553866 1.9999999999999998
vertex 78.60828798423874 41.472297301553866 0.7999999999999999
endloop
endfacet
facet normal -0.19946434751229894 0.9799050842155544 -1.4212792342796355e-32
outer loop
vertex 67.71282750379308 38.05959727201195 1.9999999999999998
vertex 69.23766332856594 38.27485503412311 0.7999999999999999
vertex 67.71282750379308 38.05959727201195 0.7999999999999999
endloop
endfacet
facet normal -0.08993269012444866 0.9959478456460358 -1.489923766581323e-32
outer loop
vertex 69.23766332856594 38.27485503412311 0.7999999999999999
vertex 67.71282750379308 38.05959727201195 1.9999999999999998
vertex 69.23766332856594 38.27485503412311 1.9999999999999998
endloop
endfacet
facet normal -0.915273800897811 0.40283230926785735 -2.4907093246191232e-33
outer loop
vertex 59.83988558511515 19.006150872127414 1.9999999999999998
vertex 57.575420135229656 14.399348867488786 0.7999999999999999
vertex 57.575420135229656 14.399348867488786 1.9999999999999998
endloop
endfacet
facet normal -0.8652362300609838 0.5013644045899712 -4.2018167190169494e-33
outer loop
vertex 57.575420135229656 14.399348867488786 0.7999999999999999
vertex 59.83988558511515 19.006150872127414 1.9999999999999998
vertex 59.83988558511515 19.006150872127414 0.7999999999999999
endloop
endfacet
facet normal 0.1995166204265896 0.9798944423628252 -1.5817636848272712e-32
outer loop
vertex 30.206761284762475 2.5921608105891 1.9999999999999998
vertex 34.89965210070185 2.0748230420915776 0.7999999999999999
vertex 30.206761284762475 2.5921608105891 0.7999999999999999
endloop
endfacet
facet normal 0.04351286648440708 0.999052866694406 -1.5483636652224156e-32
outer loop
vertex 34.89965210070185 2.0748230420915776 0.7999999999999999
vertex 30.206761284762475 2.5921608105891 1.9999999999999998
vertex 34.89965210070185 2.0748230420915776 1.9999999999999998
endloop
endfacet
facet normal -0.8234562322776454 -0.5673797965411745 4.989176412908608e-33
outer loop
vertex 9.727192870557602 21.66326151052318 1.9999999999999998
vertex 10.209027231603896 20.563324609874343 0.7999999999999999
vertex 10.209027231603896 20.563324609874343 1.9999999999999998
endloop
endfacet
facet normal -0.9138403082007774 -0.4060737508230597 9.898478619200355e-33
outer loop
vertex 10.209027231603896 20.563324609874343 0.7999999999999999
vertex 9.727192870557602 21.66326151052318 1.9999999999999998
vertex 9.727192870557602 21.66326151052318 0.7999999999999999
endloop
endfacet
facet normal -0.910687465127925 -0.41309604314114956 9.9933988057297e-33
outer loop
vertex 10.691115267374165 19.493664051134147 1.9999999999999998
vertex 11.135828340910017 18.519552333781313 0.7999999999999999
vertex 11.135828340910017 18.519552333781313 1.9999999999999998
endloop
endfacet
facet normal -0.9100026456372678 -0.4146024420250962 1.0013726648411611e-32
outer loop
vertex 11.135828340910017 18.519552333781313 0.7999999999999999
vertex 10.691115267374165 19.493664051134147 1.9999999999999998
vertex 10.691115267374165 19.493664051134147 0.7999999999999999
endloop
endfacet
facet normal 0.9196348504871986 0.3927744158793799 -9.718001574548692e-33
outer loop
vertex 10.81079134623994 22.353607537266218 0.7999999999999999
vertex 11.243592316477438 21.3559606300839 1.9999999999999998
vertex 11.243592316477438 21.3559606300839 0.7999999999999999
endloop
endfacet
facet normal 0.9159484341976387 0.4012959828990241 -9.833748867704722e-33
outer loop
vertex 11.243592316477438 21.3559606300839 1.9999999999999998
vertex 10.81079134623994 22.353607537266218 0.7999999999999999
vertex 10.81079134623994 22.353607537266218 1.9999999999999998
endloop
endfacet
facet normal 0.9255390423359745 0.3786521901584715 -9.525356380689632e-33
outer loop
vertex 10.417415564197704 23.289309435678994 0.7999999999999999
vertex 10.81079134623994 22.353607537266218 1.9999999999999998
vertex 10.81079134623994 22.353607537266218 0.7999999999999999
endloop
endfacet
facet normal 0.9196348504871986 0.3927744158793799 -9.718001574548692e-33
outer loop
vertex 10.81079134623994 22.353607537266218 1.9999999999999998
vertex 10.417415564197704 23.289309435678994 0.7999999999999999
vertex 10.417415564197704 23.289309435678994 1.9999999999999998
endloop
endfacet
facet normal 0.04351286648440708 0.999052866694406 -1.5483636652224156e-32
outer loop
vertex 34.89965210070185 2.0748230420915776 1.9999999999999998
vertex 39.63803267138298 2.182602165389061 0.7999999999999999
vertex 34.89965210070185 2.0748230420915776 0.7999999999999999
endloop
endfacet
facet normal -0.0750736405723237 0.9971779923821111 -1.497786183446854e-32
outer loop
vertex 39.63803267138298 2.182602165389061 0.7999999999999999
vertex 34.89965210070185 2.0748230420915776 1.9999999999999998
vertex 39.63803267138298 2.182602165389061 1.9999999999999998
endloop
endfacet
facet normal 0.5359000870756208 0.8442814084606757 -1.50928161390268e-32
outer loop
vertex 21.692440049539 6.0063372785232545 1.9999999999999998
vertex 25.708799853662402 3.9438888012744737 0.7999999999999999
vertex 21.692440049539 6.0063372785232545 0.7999999999999999
endloop
endfacet
facet normal 0.3738589933185297 0.9274855541273167 -1.5715908605798607e-32
outer loop
vertex 25.708799853662402 3.9438888012744737 0.7999999999999999
vertex 21.692440049539 6.0063372785232545 1.9999999999999998
vertex 25.708799853662402 3.9438888012744737 1.9999999999999998
endloop
endfacet
facet normal -0.25754645339830873 0.9662659180277203 -1.377014713905085e-32
outer loop
vertex 44.18791194550244 2.7660914126284637 1.9999999999999998
vertex 48.249652338636054 4.451939803255539 0.7999999999999999
vertex 44.18791194550244 2.7660914126284637 0.7999999999999999
endloop
endfacet
facet normal -0.49466430544236056 0.8690841299444073 -1.1327150219079004e-32
outer loop
vertex 48.249652338636054 4.451939803255539 0.7999999999999999
vertex 44.18791194550244 2.7660914126284637 1.9999999999999998
vertex 48.249652338636054 4.451939803255539 1.9999999999999998
endloop
endfacet
facet normal 0.9120849257945784 0.4100013269957778 -9.951599796422655e-33
outer loop
vertex 12.10068245693889 19.430412882269255 0.7999999999999999
vertex 12.461577944863155 18.63030258806618 1.9999999999999998
vertex 12.461577944863155 18.63030258806618 0.7999999999999999
endloop
endfacet
facet normal 0.9114037245226888 0.4115133666433822 -9.972028628384686e-33
outer loop
vertex 12.461577944863155 18.63030258806618 1.9999999999999998
vertex 12.10068245693889 19.430412882269255 0.7999999999999999
vertex 12.10068245693889 19.430412882269255 1.9999999999999998
endloop
endfacet
facet normal -0.9475789180940961 0.3195218208254675 -1.0841777832139253e-33
outer loop
vertex 63.454780334276734 28.646596063363408 1.9999999999999998
vertex 61.71757269318729 23.813644647788383 0.7999999999999999
vertex 61.71757269318729 23.813644647788383 1.9999999999999998
endloop
endfacet
facet normal -0.9363497238319115 0.3510686466774028 -1.6127456233334118e-33
outer loop
vertex 61.71757269318729 23.813644647788383 0.7999999999999999
vertex 63.454780334276734 28.646596063363408 1.9999999999999998
vertex 63.454780334276734 28.646596063363408 0.7999999999999999
endloop
endfacet
facet normal -0.9363497238319115 0.3510686466774028 -1.6127456233334118e-33
outer loop
vertex 61.71757269318729 23.813644647788383 1.9999999999999998
vertex 59.83988558511515 19.006150872127414 0.7999999999999999
vertex 59.83988558511515 19.006150872127414 1.9999999999999998
endloop
endfacet
facet normal -0.915273800897811 0.40283230926785735 -2.4907093246191232e-33
outer loop
vertex 59.83988558511515 19.006150872127414 0.7999999999999999
vertex 61.71757269318729 23.813644647788383 1.9999999999999998
vertex 61.71757269318729 23.813644647788383 0.7999999999999999
endloop
endfacet
facet normal 0.9114037245226888 0.4115133666433822 -9.972028628384686e-33
outer loop
vertex 12.461577944863155 18.63030258806618 0.7999999999999999
vertex 12.811184682354922 17.856793554858875 1.9999999999999998
vertex 12.811184682354922 17.856793554858875 0.7999999999999999
endloop
endfacet
facet normal 0.9112433575549528 0.41186835677431743 -9.976823061351855e-33
outer loop
vertex 12.811184682354922 17.856793554858875 1.9999999999999998
vertex 12.461577944863155 18.63030258806618 0.7999999999999999
vertex 12.461577944863155 18.63030258806618 1.9999999999999998
endloop
endfacet
facet normal 0.9038767114578841 0.42779304632506737 -1.0191204489262094e-32
outer loop
vertex 13.969933290052094 15.246269695056107 0.7999999999999999
vertex 15.738931436670297 11.806096508644208 1.9999999999999998
vertex 15.738931436670297 11.806096508644208 0.7999999999999999
endloop
endfacet
facet normal 0.8368427185683589 0.5474433892003069 -1.1754957409424139e-32
outer loop
vertex 15.738931436670297 11.806096508644208 1.9999999999999998
vertex 13.969933290052094 15.246269695056107 0.7999999999999999
vertex 13.969933290052094 15.246269695056107 1.9999999999999998
endloop
endfacet
facet normal 0.9153712262704197 0.40261087679816626 -9.851575155182634e-33
outer loop
vertex 13.591241849776576 16.119611424292938 0.7999999999999999
vertex 13.969933290052094 15.246269695056107 1.9999999999999998
vertex 13.969933290052094 15.246269695056107 0.7999999999999999
endloop
endfacet
facet normal 0.9038767114578841 0.42779304632506737 -1.0191204489262094e-32
outer loop
vertex 13.969933290052094 15.246269695056107 1.9999999999999998
vertex 13.591241849776576 16.119611424292938 0.7999999999999999
vertex 13.591241849776576 16.119611424292938 1.9999999999999998
endloop
endfacet
facet normal -0.9999981385202278 0.001929496327894839 3.9931938832973825e-33
outer loop
vertex 64.41845422739621 34.06260593148583 1.9999999999999998
vertex 64.35078947225655 32.360409885981184 0.7999999999999999
vertex 64.35078947225655 32.360409885981184 1.9999999999999998
endloop
endfacet
facet normal -0.9955112999321124 0.09464275834672106 2.5544890913474708e-33
outer loop
vertex 64.35078947225655 32.360409885981184 0.7999999999999999
vertex 64.41845422739621 34.06260593148583 1.9999999999999998
vertex 64.41845422739621 34.06260593148583 0.7999999999999999
endloop
endfacet
facet normal 0.9135527976221619 0.4067201568114391 -9.907226979536933e-33
outer loop
vertex 11.684121633760375 20.360263987346716 0.7999999999999999
vertex 12.10068245693889 19.430412882269255 1.9999999999999998
vertex 12.10068245693889 19.430412882269255 0.7999999999999999
endloop
endfacet
facet normal 0.9120849257945784 0.4100013269957778 -9.951599796422655e-33
outer loop
vertex 12.10068245693889 19.430412882269255 1.9999999999999998
vertex 11.684121633760375 20.360263987346716 0.7999999999999999
vertex 11.684121633760375 20.360263987346716 1.9999999999999998
endloop
endfacet
facet normal 0.9122502874784423 0.4096332664658711 -9.946625176906882e-33
outer loop
vertex 13.203331875429736 16.989201808680313 0.7999999999999999
vertex 13.591241849776576 16.119611424292938 1.9999999999999998
vertex 13.591241849776576 16.119611424292938 0.7999999999999999
endloop
endfacet
facet normal 0.9153712262704197 0.40261087679816626 -9.851575155182634e-33
outer loop
vertex 13.591241849776576 16.119611424292938 1.9999999999999998
vertex 13.203331875429736 16.989201808680313 0.7999999999999999
vertex 13.203331875429736 16.989201808680313 1.9999999999999998
endloop
endfacet
facet normal -0.8652362300609838 0.5013644045899712 -4.2018167190169494e-33
outer loop
vertex 57.575420135229656 14.399348867488786 1.9999999999999998
vertex 54.89090286157817 10.420028915822252 0.7999999999999999
vertex 54.89090286157817 10.420028915822252 1.9999999999999998
endloop
endfacet
facet normal -0.7834491030232108 0.6214559541690194 -6.371003024500754e-33
outer loop
vertex 54.89090286157817 10.420028915822252 0.7999999999999999
vertex 57.575420135229656 14.399348867488786 1.9999999999999998
vertex 57.575420135229656 14.399348867488786 0.7999999999999999
endloop
endfacet
facet normal 0.8368427185683589 0.5474433892003069 -1.1754957409424139e-32
outer loop
vertex 15.738931436670297 11.806096508644208 0.7999999999999999
vertex 18.38986572529647 8.552317626475292 1.9999999999999998
vertex 18.38986572529647 8.552317626475292 0.7999999999999999
endloop
endfacet
facet normal 0.6975300804003998 0.7165555016442285 -1.378585817677801e-32
outer loop
vertex 18.38986572529647 8.552317626475292 1.9999999999999998
vertex 15.738931436670297 11.806096508644208 0.7999999999999999
vertex 15.738931436670297 11.806096508644208 1.9999999999999998
endloop
endfacet
facet normal 0.9112433575549528 0.41186835677431743 -9.976823061351855e-33
outer loop
vertex 12.811184682354922 17.856793554858875 0.7999999999999999
vertex 13.203331875429736 16.989201808680313 1.9999999999999998
vertex 13.203331875429736 16.989201808680313 0.7999999999999999
endloop
endfacet
facet normal 0.9122502874784423 0.4096332664658711 -9.946625176906882e-33
outer loop
vertex 13.203331875429736 16.989201808680313 1.9999999999999998
vertex 12.811184682354922 17.856793554858875 0.7999999999999999
vertex 12.811184682354922 17.856793554858875 1.9999999999999998
endloop
endfacet
facet normal 0.9159484341976387 0.4012959828990241 -9.833748867704722e-33
outer loop
vertex 11.243592316477438 21.3559606300839 0.7999999999999999
vertex 11.684121633760375 20.360263987346716 1.9999999999999998
vertex 11.684121633760375 20.360263987346716 0.7999999999999999
endloop
endfacet
facet normal 0.9135527976221619 0.4067201568114391 -9.907226979536933e-33
outer loop
vertex 11.684121633760375 20.360263987346716 1.9999999999999998
vertex 11.243592316477438 21.3559606300839 0.7999999999999999
vertex 11.243592316477438 21.3559606300839 1.9999999999999998
endloop
endfacet
facet normal -0.9742085766072507 0.22564939455907002 4.613644180086454e-34
outer loop
vertex 64.09829608370647 30.687938743170182 1.9999999999999998
vertex 63.454780334276734 28.646596063363408 0.7999999999999999
vertex 63.454780334276734 28.646596063363408 1.9999999999999998
endloop
endfacet
facet normal -0.9475789180940961 0.3195218208254675 -1.0841777832139253e-33
outer loop
vertex 63.454780334276734 28.646596063363408 0.7999999999999999
vertex 64.09829608370647 30.687938743170182 1.9999999999999998
vertex 64.09829608370647 30.687938743170182 0.7999999999999999
endloop
endfacet
facet normal 0.3738589933185297 0.9274855541273167 -1.5715908605798607e-32
outer loop
vertex 25.708799853662402 3.9438888012744737 1.9999999999999998
vertex 30.206761284762475 2.5921608105891 0.7999999999999999
vertex 25.708799853662402 3.9438888012744737 0.7999999999999999
endloop
endfacet
facet normal 0.1995166204265896 0.9798944423628252 -1.5817636848272712e-32
outer loop
vertex 30.206761284762475 2.5921608105891 0.7999999999999999
vertex 25.708799853662402 3.9438888012744737 1.9999999999999998
vertex 30.206761284762475 2.5921608105891 1.9999999999999998
endloop
endfacet
facet normal 0.9361061877429127 0.35171750776643307 -9.155142512231717e-33
outer loop
vertex 10.095161811500573 24.099171052107614 0.7999999999999999
vertex 10.417415564197704 23.289309435678994 1.9999999999999998
vertex 10.417415564197704 23.289309435678994 0.7999999999999999
endloop
endfacet
facet normal 0.9255390423359745 0.3786521901584715 -9.525356380689632e-33
outer loop
vertex 10.417415564197704 23.289309435678994 1.9999999999999998
vertex 10.095161811500573 24.099171052107614 0.7999999999999999
vertex 10.095161811500573 24.099171052107614 1.9999999999999998
endloop
endfacet
facet normal 0.9616513929355331 0.27427467703954883 -8.584864147917569e-33
outer loop
vertex 9.875726929298436 24.7192971133374 0.7999999999999999
vertex 10.095161811500573 24.099171052107614 1.9999999999999998
vertex 10.095161811500573 24.099171052107614 0.7999999999999999
endloop
endfacet
facet normal 0.9361061877429127 0.35171750776643307 -9.155142512231717e-33
outer loop
vertex 10.095161811500573 24.099171052107614 1.9999999999999998
vertex 9.875726929298436 24.7192971133374 0.7999999999999999
vertex 9.875726929298436 24.7192971133374 1.9999999999999998
endloop
endfacet
facet normal -0.0750736405723237 0.9971779923821111 -1.497786183446854e-32
outer loop
vertex 39.63803267138298 2.182602165389061 1.9999999999999998
vertex 44.18791194550244 2.7660914126284637 0.7999999999999999
vertex 39.63803267138298 2.182602165389061 0.7999999999999999
endloop
endfacet
facet normal -0.25754645339830873 0.9662659180277203 -1.377014713905085e-32
outer loop
vertex 44.18791194550244 2.7660914126284637 0.7999999999999999
vertex 39.63803267138298 2.182602165389061 1.9999999999999998
vertex 44.18791194550244 2.7660914126284637 1.9999999999999998
endloop
endfacet
facet normal 0.6975300804003998 0.7165555016442285 -1.378585817677801e-32
outer loop
vertex 18.38986572529647 8.552317626475292 1.9999999999999998
vertex 21.692440049539 6.0063372785232545 0.7999999999999999
vertex 18.38986572529647 8.552317626475292 0.7999999999999999
endloop
endfacet
facet normal 0.5359000870756208 0.8442814084606757 -1.50928161390268e-32
outer loop
vertex 21.692440049539 6.0063372785232545 0.7999999999999999
vertex 18.38986572529647 8.552317626475292 1.9999999999999998
vertex 21.692440049539 6.0063372785232545 1.9999999999999998
endloop
endfacet
facet normal -0.9138403082007774 -0.4060737508230597 9.898478619200355e-33
outer loop
vertex 10.209027231603896 20.563324609874343 1.9999999999999998
vertex 10.691115267374165 19.493664051134147 0.7999999999999999
vertex 10.691115267374165 19.493664051134147 1.9999999999999998
endloop
endfacet
facet normal -0.910687465127925 -0.41309604314114956 9.9933988057297e-33
outer loop
vertex 10.691115267374165 19.493664051134147 0.7999999999999999
vertex 10.209027231603896 20.563324609874343 1.9999999999999998
vertex 10.209027231603896 20.563324609874343 0.7999999999999999
endloop
endfacet
facet normal -0.7834491030232108 0.6214559541690194 -6.371003024500754e-33
outer loop
vertex 54.89090286157817 10.420028915822252 1.9999999999999998
vertex 51.8500174086951 7.140857542928097 0.7999999999999999
vertex 51.8500174086951 7.140857542928097 1.9999999999999998
endloop
endfacet
facet normal -0.6685679547316008 0.743651053859271 -8.70555179947639e-33
outer loop
vertex 51.8500174086951 7.140857542928097 0.7999999999999999
vertex 54.89090286157817 10.420028915822252 1.9999999999999998
vertex 54.89090286157817 10.420028915822252 0.7999999999999999
endloop
endfacet
facet normal -0.49466430544236056 0.8690841299444073 -1.1327150219079004e-32
outer loop
vertex 48.249652338636054 4.451939803255539 1.9999999999999998
vertex 51.8500174086951 7.140857542928097 0.7999999999999999
vertex 48.249652338636054 4.451939803255539 0.7999999999999999
endloop
endfacet
facet normal -0.6685679547316008 0.743651053859271 -8.70555179947639e-33
outer loop
vertex 51.8500174086951 7.140857542928097 0.7999999999999999
vertex 48.249652338636054 4.451939803255539 1.9999999999999998
vertex 51.8500174086951 7.140857542928097 1.9999999999999998
endloop
endfacet
facet normal -0.9955112999321124 0.09464275834672106 2.5544890913474708e-33
outer loop
vertex 64.35078947225655 32.360409885981184 1.9999999999999998
vertex 64.09829608370647 30.687938743170182 0.7999999999999999
vertex 64.09829608370647 30.687938743170182 1.9999999999999998
endloop
endfacet
facet normal -0.9742085766072507 0.22564939455907002 4.613644180086454e-34
outer loop
vertex 64.09829608370647 30.687938743170182 0.7999999999999999
vertex 64.35078947225655 32.360409885981184 1.9999999999999998
vertex 64.35078947225655 32.360409885981184 0.7999999999999999
endloop
endfacet
facet normal -0.9120849257945832 0.410001326995767 -2.6133890565784186e-33
outer loop
vertex 129.48257140165796 19.430412882269255 1.9999999999999998
vertex 129.12167591373372 18.63030258806618 0.7999999999999999
vertex 129.12167591373372 18.63030258806618 1.9999999999999998
endloop
endfacet
facet normal -0.9114037245226914 0.41151336664337707 -2.6392985168767946e-33
outer loop
vertex 129.12167591373372 18.63030258806618 0.7999999999999999
vertex 129.48257140165796 19.430412882269255 1.9999999999999998
vertex 129.48257140165796 19.430412882269255 0.7999999999999999
endloop
endfacet
facet normal -0.5359000870756204 0.8442814084606758 -1.0781213498476883e-32
outer loop
vertex 119.89081380905786 6.0063372785232545 1.9999999999999998
vertex 123.1933881333004 8.552317626475292 0.7999999999999999
vertex 119.89081380905786 6.0063372785232545 0.7999999999999999
endloop
endfacet
facet normal -0.6975300804003991 0.7165555016442291 -8.173855848267522e-33
outer loop
vertex 123.1933881333004 8.552317626475292 0.7999999999999999
vertex 119.89081380905786 6.0063372785232545 1.9999999999999998
vertex 123.1933881333004 8.552317626475292 1.9999999999999998
endloop
endfacet
facet normal 0.07507364057232381 0.9971779923821111 -1.5581869399934097e-32
outer loop
vertex 101.94522118721387 2.182602165389061 1.9999999999999998
vertex 106.68360175789499 2.0748230420915776 0.7999999999999999
vertex 101.94522118721387 2.182602165389061 0.7999999999999999
endloop
endfacet
facet normal -0.04351286648440673 0.999052866694406 -1.5133552383613857e-32
outer loop
vertex 106.68360175789499 2.0748230420915776 0.7999999999999999
vertex 101.94522118721387 2.182602165389061 1.9999999999999998
vertex 106.68360175789499 2.0748230420915776 1.9999999999999998
endloop
endfacet
facet normal 0.2575464533983088 0.9662659180277203 -1.5842246015906823e-32
outer loop
vertex 97.39534191309443 2.7660914126284637 1.9999999999999998
vertex 101.94522118721387 2.182602165389061 0.7999999999999999
vertex 97.39534191309443 2.7660914126284637 0.7999999999999999
endloop
endfacet
facet normal 0.07507364057232381 0.9971779923821111 -1.5581869399934097e-32
outer loop
vertex 101.94522118721387 2.182602165389061 0.7999999999999999
vertex 97.39534191309443 2.7660914126284637 1.9999999999999998
vertex 101.94522118721387 2.182602165389061 1.9999999999999998
endloop
endfacet
facet normal 0.8652362300609838 0.5013644045899712 -1.1163104660931353e-32
outer loop
vertex 84.00783372336721 14.399348867488786 0.7999999999999999
vertex 86.69235099701869 10.420028915822252 1.9999999999999998
vertex 86.69235099701869 10.420028915822252 0.7999999999999999
endloop
endfacet
facet normal 0.7834491030232108 0.6214559541690194 -1.267426981395863e-32
outer loop
vertex 86.69235099701869 10.420028915822252 1.9999999999999998
vertex 84.00783372336721 14.399348867488786 0.7999999999999999
vertex 84.00783372336721 14.399348867488786 1.9999999999999998
endloop
endfacet
facet normal 0.9363497238319115 0.3510686466774028 -9.146179632987111e-33
outer loop
vertex 79.86568116540957 23.813644647788383 0.7999999999999999
vertex 81.74336827348172 19.006150872127414 1.9999999999999998
vertex 81.74336827348172 19.006150872127414 0.7999999999999999
endloop
endfacet
facet normal 0.915273800897811 0.40283230926785735 -9.854576269130936e-33
outer loop
vertex 81.74336827348172 19.006150872127414 1.9999999999999998
vertex 79.86568116540957 23.813644647788383 0.7999999999999999
vertex 79.86568116540957 23.813644647788383 1.9999999999999998
endloop
endfacet
facet normal 0.9475789180940961 0.3195218208254675 -8.707956662741195e-33
outer loop
vertex 78.12847352432013 28.646596063363408 0.7999999999999999
vertex 79.86568116540957 23.813644647788383 1.9999999999999998
vertex 79.86568116540957 23.813644647788383 0.7999999999999999
endloop
endfacet
facet normal 0.9363497238319115 0.3510686466774028 -9.146179632987111e-33
outer loop
vertex 79.86568116540957 23.813644647788383 1.9999999999999998
vertex 78.12847352432013 28.646596063363408 0.7999999999999999
vertex 78.12847352432013 28.646596063363408 1.9999999999999998
endloop
endfacet
facet normal 0.9742085766072507 0.22564939455907002 -7.376664297880486e-33
outer loop
vertex 77.48495777489039 30.687938743170182 0.7999999999999999
vertex 78.12847352432013 28.646596063363408 1.9999999999999998
vertex 78.12847352432013 28.646596063363408 0.7999999999999999
endloop
endfacet
facet normal 0.9475789180940961 0.3195218208254675 -8.707956662741195e-33
outer loop
vertex 78.12847352432013 28.646596063363408 1.9999999999999998
vertex 77.48495777489039 30.687938743170182 0.7999999999999999
vertex 77.48495777489039 30.687938743170182 1.9999999999999998
endloop
endfacet
facet normal -0.9122502874784445 0.40963326646586623 -2.6070840139297985e-33
outer loop
vertex 128.37992198316712 16.989201808680313 1.9999999999999998
vertex 127.9920120088203 16.119611424292938 0.7999999999999999
vertex 127.9920120088203 16.119611424292938 1.9999999999999998
endloop
endfacet
facet normal -0.9153712262704152 0.4026108767981762 -2.486924371474234e-33
outer loop
vertex 127.9920120088203 16.119611424292938 0.7999999999999999
vertex 128.37992198316712 16.989201808680313 1.9999999999999998
vertex 128.37992198316712 16.989201808680313 0.7999999999999999
endloop
endfacet
facet normal 0.9955112999321124 0.09464275834672106 -5.454931420052637e-33
outer loop
vertex 77.2324643863403 32.360409885981184 0.7999999999999999
vertex 77.48495777489039 30.687938743170182 1.9999999999999998
vertex 77.48495777489039 30.687938743170182 0.7999999999999999
endloop
endfacet
facet normal 0.9742085766072507 0.22564939455907002 -7.376664297880486e-33
outer loop
vertex 77.48495777489039 30.687938743170182 1.9999999999999998
vertex 77.2324643863403 32.360409885981184 0.7999999999999999
vertex 77.2324643863403 32.360409885981184 1.9999999999999998
endloop
endfacet
facet normal -0.04351286648440673 0.999052866694406 -1.5133552383613857e-32
outer loop
vertex 106.68360175789499 2.0748230420915776 1.9999999999999998
vertex 111.3764925738344 2.5921608105891 0.7999999999999999
vertex 106.68360175789499 2.0748230420915776 0.7999999999999999
endloop
endfacet
facet normal -0.19951662042658924 0.9798944423628253 -1.4212418994774787e-32
outer loop
vertex 111.3764925738344 2.5921608105891 0.7999999999999999
vertex 106.68360175789499 2.0748230420915776 1.9999999999999998
vertex 111.3764925738344 2.5921608105891 1.9999999999999998
endloop
endfacet
facet normal 0.915273800897811 0.40283230926785735 -9.854576269130936e-33
outer loop
vertex 81.74336827348172 19.006150872127414 0.7999999999999999
vertex 84.00783372336721 14.399348867488786 1.9999999999999998
vertex 84.00783372336721 14.399348867488786 0.7999999999999999
endloop
endfacet
facet normal 0.8652362300609838 0.5013644045899712 -1.1163104660931353e-32
outer loop
vertex 84.00783372336721 14.399348867488786 1.9999999999999998
vertex 81.74336827348172 19.006150872127414 0.7999999999999999
vertex 81.74336827348172 19.006150872127414 1.9999999999999998
endloop
endfacet
facet normal 0.9999981385202278 0.001929496327894839 -4.0523256427713106e-33
outer loop
vertex 77.16479963120065 34.06260593148583 0.7999999999999999
vertex 77.2324643863403 32.360409885981184 1.9999999999999998
vertex 77.2324643863403 32.360409885981184 0.7999999999999999
endloop
endfacet
facet normal 0.9955112999321124 0.09464275834672106 -5.454931420052637e-33
outer loop
vertex 77.2324643863403 32.360409885981184 1.9999999999999998
vertex 77.16479963120065 34.06260593148583 0.7999999999999999
vertex 77.16479963120065 34.06260593148583 1.9999999999999998
endloop
endfacet
facet normal 0.49466430544236056 0.8690841299444073 -1.530698895575403e-32
outer loop
vertex 93.33360151996081 4.451939803255539 1.9999999999999998
vertex 97.39534191309443 2.7660914126284637 0.7999999999999999
vertex 93.33360151996081 4.451939803255539 0.7999999999999999
endloop
endfacet
facet normal 0.2575464533983088 0.9662659180277203 -1.5842246015906823e-32
outer loop
vertex 97.39534191309443 2.7660914126284637 0.7999999999999999
vertex 93.33360151996081 4.451939803255539 1.9999999999999998
vertex 97.39534191309443 2.7660914126284637 1.9999999999999998
endloop
endfacet
facet normal -0.836842718568361 0.5474433892003036 -5.022110443875507e-33
outer loop
vertex 125.84432242192658 11.806096508644208 1.9999999999999998
vertex 123.1933881333004 8.552317626475292 0.7999999999999999
vertex 123.1933881333004 8.552317626475292 1.9999999999999998
endloop
endfacet
facet normal -0.6975300804003991 0.7165555016442291 -8.173855848267522e-33
outer loop
vertex 123.1933881333004 8.552317626475292 0.7999999999999999
vertex 125.84432242192658 11.806096508644208 1.9999999999999998
vertex 125.84432242192658 11.806096508644208 0.7999999999999999
endloop
endfacet
facet normal -0.9159484341976349 0.4012959828990328 -2.4644541377026452e-33
outer loop
vertex 130.33966154211944 21.3559606300839 1.9999999999999998
vertex 129.89913222483648 20.360263987346716 0.7999999999999999
vertex 129.89913222483648 20.360263987346716 1.9999999999999998
endloop
endfacet
facet normal -0.913552797622158 0.4067201568114476 -2.5572064262587096e-33
outer loop
vertex 129.89913222483648 20.360263987346716 0.7999999999999999
vertex 130.33966154211944 21.3559606300839 1.9999999999999998
vertex 130.33966154211944 21.3559606300839 0.7999999999999999
endloop
endfacet
facet normal -0.9038767114578787 0.4277930463250786 -2.9190332210694054e-33
outer loop
vertex 127.61332056854475 15.246269695056107 1.9999999999999998
vertex 125.84432242192658 11.806096508644208 0.7999999999999999
vertex 125.84432242192658 11.806096508644208 1.9999999999999998
endloop
endfacet
facet normal -0.836842718568361 0.5474433892003036 -5.022110443875507e-33
outer loop
vertex 125.84432242192658 11.806096508644208 0.7999999999999999
vertex 127.61332056854475 15.246269695056107 1.9999999999999998
vertex 127.61332056854475 15.246269695056107 0.7999999999999999
endloop
endfacet
facet normal -0.9112433575549502 0.41186835677432293 -2.6453831878161553e-33
outer loop
vertex 128.77206917624193 17.856793554858875 1.9999999999999998
vertex 128.37992198316712 16.989201808680313 0.7999999999999999
vertex 128.37992198316712 16.989201808680313 1.9999999999999998
endloop
endfacet
facet normal -0.9122502874784445 0.40963326646586623 -2.6070840139297985e-33
outer loop
vertex 128.37992198316712 16.989201808680313 0.7999999999999999
vertex 128.77206917624193 17.856793554858875 1.9999999999999998
vertex 128.77206917624193 17.856793554858875 0.7999999999999999
endloop
endfacet
facet normal 0.6685679547316008 0.743651053859271 -1.4084538346647948e-32
outer loop
vertex 89.73323644990175 7.140857542928097 1.9999999999999998
vertex 93.33360151996081 4.451939803255539 0.7999999999999999
vertex 89.73323644990175 7.140857542928097 0.7999999999999999
endloop
endfacet
facet normal 0.49466430544236056 0.8690841299444073 -1.530698895575403e-32
outer loop
vertex 93.33360151996081 4.451939803255539 0.7999999999999999
vertex 89.73323644990175 7.140857542928097 1.9999999999999998
vertex 93.33360151996081 4.451939803255539 1.9999999999999998
endloop
endfacet
facet normal -0.913552797622158 0.4067201568114476 -2.5572064262587096e-33
outer loop
vertex 129.89913222483648 20.360263987346716 1.9999999999999998
vertex 129.48257140165796 19.430412882269255 0.7999999999999999
vertex 129.48257140165796 19.430412882269255 1.9999999999999998
endloop
endfacet
facet normal -0.9120849257945832 0.410001326995767 -2.6133890565784186e-33
outer loop
vertex 129.48257140165796 19.430412882269255 0.7999999999999999
vertex 129.89913222483648 20.360263987346716 1.9999999999999998
vertex 129.89913222483648 20.360263987346716 0.7999999999999999
endloop
endfacet
facet normal 0.7834491030232108 0.6214559541690194 -1.267426981395863e-32
outer loop
vertex 86.69235099701869 10.420028915822252 0.7999999999999999
vertex 89.73323644990175 7.140857542928097 1.9999999999999998
vertex 89.73323644990175 7.140857542928097 0.7999999999999999
endloop
endfacet
facet normal 0.6685679547316008 0.743651053859271 -1.4084538346647948e-32
outer loop
vertex 89.73323644990175 7.140857542928097 1.9999999999999998
vertex 86.69235099701869 10.420028915822252 0.7999999999999999
vertex 86.69235099701869 10.420028915822252 1.9999999999999998
endloop
endfacet
facet normal 0.9962321600730677 -0.08672648520578752 -2.6786908485968985e-33
outer loop
vertex 77.22137978649559 35.639228942433455 0.7999999999999999
vertex 77.16479963120065 34.06260593148583 1.9999999999999998
vertex 77.16479963120065 34.06260593148583 0.7999999999999999
endloop
endfacet
facet normal 0.9999981385202278 0.001929496327894839 -4.0523256427713106e-33
outer loop
vertex 77.16479963120065 34.06260593148583 1.9999999999999998
vertex 77.22137978649559 35.639228942433455 0.7999999999999999
vertex 77.22137978649559 35.639228942433455 1.9999999999999998
endloop
endfacet
facet normal 0.9797207392835112 -0.20036784427090715 -8.709304794365983e-34
outer loop
vertex 77.31913126457346 36.34410731758497 0.7999999999999999
vertex 77.22137978649559 35.639228942433455 1.9999999999999998
vertex 77.22137978649559 35.639228942433455 0.7999999999999999
endloop
endfacet
facet normal 0.9962321600730677 -0.08672648520578752 -2.6786908485968985e-33
outer loop
vertex 77.22137978649559 35.639228942433455 1.9999999999999998
vertex 77.31913126457346 36.34410731758497 0.7999999999999999
vertex 77.31913126457346 36.34410731758497 1.9999999999999998
endloop
endfacet
facet normal 0.9475028582122115 -0.3197472965948112 1.087938743878e-33
outer loop
vertex 77.49935669749307 37.00645990989392 0.7999999999999999
vertex 77.31913126457346 36.34410731758497 1.9999999999999998
vertex 77.31913126457346 36.34410731758497 0.7999999999999999
endloop
endfacet
facet normal 0.9797207392835112 -0.20036784427090715 -8.709304794365983e-34
outer loop
vertex 77.31913126457346 36.34410731758497 1.9999999999999998
vertex 77.49935669749307 37.00645990989392 0.7999999999999999
vertex 77.49935669749307 37.00645990989392 1.9999999999999998
endloop
endfacet
facet normal -0.37385899331853023 0.9274855541273165 -1.2708013175921484e-32
outer loop
vertex 115.87445400493448 3.9438888012744737 1.9999999999999998
vertex 119.89081380905786 6.0063372785232545 0.7999999999999999
vertex 115.87445400493448 3.9438888012744737 0.7999999999999999
endloop
endfacet
facet normal -0.5359000870756204 0.8442814084606758 -1.0781213498476883e-32
outer loop
vertex 119.89081380905786 6.0063372785232545 0.7999999999999999
vertex 115.87445400493448 3.9438888012744737 1.9999999999999998
vertex 119.89081380905786 6.0063372785232545 1.9999999999999998
endloop
endfacet
facet normal -0.9114037245226914 0.41151336664337707 -2.6392985168767946e-33
outer loop
vertex 129.12167591373372 18.63030258806618 1.9999999999999998
vertex 128.77206917624193 17.856793554858875 0.7999999999999999
vertex 128.77206917624193 17.856793554858875 1.9999999999999998
endloop
endfacet
facet normal -0.9112433575549502 0.41186835677432293 -2.6453831878161553e-33
outer loop
vertex 128.77206917624193 17.856793554858875 0.7999999999999999
vertex 129.12167591373372 18.63030258806618 1.9999999999999998
vertex 129.12167591373372 18.63030258806618 0.7999999999999999
endloop
endfacet
facet normal -0.19951662042658924 0.9798944423628253 -1.4212418994774787e-32
outer loop
vertex 111.3764925738344 2.5921608105891 1.9999999999999998
vertex 115.87445400493448 3.9438888012744737 0.7999999999999999
vertex 111.3764925738344 2.5921608105891 0.7999999999999999
endloop
endfacet
facet normal -0.37385899331853023 0.9274855541273165 -1.2708013175921484e-32
outer loop
vertex 115.87445400493448 3.9438888012744737 0.7999999999999999
vertex 111.3764925738344 2.5921608105891 1.9999999999999998
vertex 115.87445400493448 3.9438888012744737 1.9999999999999998
endloop
endfacet
facet normal -0.9153712262704152 0.4026108767981762 -2.486924371474234e-33
outer loop
vertex 127.9920120088203 16.119611424292938 1.9999999999999998
vertex 127.61332056854475 15.246269695056107 0.7999999999999999
vertex 127.61332056854475 15.246269695056107 1.9999999999999998
endloop
endfacet
facet normal -0.9038767114578787 0.4277930463250786 -2.9190332210694054e-33
outer loop
vertex 127.61332056854475 15.246269695056107 0.7999999999999999
vertex 127.9920120088203 16.119611424292938 1.9999999999999998
vertex 127.9920120088203 16.119611424292938 0.7999999999999999
endloop
endfacet
facet normal 0.013560142091599366 0.9999080570464747 8.188776224031655e-33
outer loop
vertex 31.26775295775137 53.551386061416224 2.5500000000000007
vertex 34.95791799160105 53.30028612947803 0.7999999999999999
vertex 31.26775295775137 53.551386061416224 0.7999999999999999
endloop
endfacet
facet normal 0.11799591332241426 0.9930140806852688 7.060760478181594e-33
outer loop
vertex 34.95791799160105 53.30028612947803 0.7999999999999999
vertex 31.26775295775137 53.551386061416224 2.5500000000000007
vertex 34.95791799160105 53.30028612947803 2.5500000000000007
endloop
endfacet
facet normal -0.09764917133036752 0.9952208997697408 9.289775297937398e-33
outer loop
vertex 27.565672998756124 53.400183641342544 2.5500000000000007
vertex 31.26775295775137 53.551386061416224 0.7999999999999999
vertex 27.565672998756124 53.400183641342544 0.7999999999999999
endloop
endfacet
facet normal 0.013560142091599366 0.9999080570464747 8.188776224031655e-33
outer loop
vertex 31.26775295775137 53.551386061416224 0.7999999999999999
vertex 27.565672998756124 53.400183641342544 2.5500000000000007
vertex 31.26775295775137 53.551386061416224 2.5500000000000007
endloop
endfacet
facet normal -0.36988298378978507 -0.9290783488504969 -3.946107032559456e-33
outer loop
vertex 57.07657729368329 43.14656617679379 2.5500000000000007
vertex 53.8849085601949 44.24467632138937 0.7999999999999999
vertex 57.07657729368329 43.14656617679379 0.7999999999999999
endloop
endfacet
facet normal -0.29535172506563734 -0.9553885903132571 -4.929272999944457e-33
outer loop
vertex 53.8849085601949 44.24467632138937 0.7999999999999999
vertex 57.07657729368329 43.14656617679379 2.5500000000000007
vertex 53.8849085601949 44.24467632138937 2.5500000000000007
endloop
endfacet
facet normal 0.9920355908242882 0.12595787604554864 -9.120574596755469e-33
outer loop
vertex 9.140899601492313 28.07516691164735 0.7999999999999999
vertex 9.875726929298436 24.7192971133374 1.9999999999999998
vertex 9.875726929298436 24.7192971133374 0.7999999999999999
endloop
endfacet
facet normal 0.9836642700581147 0.18001278790973788 -9.094198162482173e-33
outer loop
vertex 9.875726929298436 24.7192971133374 1.9999999999999998
vertex 9.140899601492313 28.07516691164735 0.7999999999999999
vertex 9.875726929298436 24.7192971133374 2.5500000000000007
endloop
endfacet
facet normal 0.9965158907298303 0.08340311458772345 -9.520922829016648e-33
outer loop
vertex 9.875726929298436 24.7192971133374 2.5500000000000007
vertex 9.140899601492313 28.07516691164735 0.7999999999999999
vertex 9.140899601492313 28.07516691164735 2.5500000000000007
endloop
endfacet
facet normal 0.8230824034869089 -0.5679219638913547 -1.3167603821156506e-32
outer loop
vertex 12.092132493026625 40.77180229698632 0.7999999999999999
vertex 11.31099058126201 39.33595019877618 2.5500000000000007
vertex 11.31099058126201 39.33595019877618 0.7999999999999999
endloop
endfacet
facet normal 0.8736334649912437 -0.48658459577692525 -1.3008393834135936e-32
outer loop
vertex 11.31099058126201 39.33595019877618 2.5500000000000007
vertex 12.092132493026625 40.77180229698632 0.7999999999999999
vertex 12.092132493026625 40.77180229698632 2.5500000000000007
endloop
endfacet
facet normal 0.49750678082213184 -0.8674600872870173 -1.2324759791553927e-32
outer loop
vertex 15.676031496135664 44.02173788809208 2.5500000000000007
vertex 13.647084733987867 42.581931169764395 0.7999999999999999
vertex 15.676031496135664 44.02173788809208 0.7999999999999999
endloop
endfacet
facet normal 0.6736398798903688 -0.7390597487492399 -1.306095839861146e-32
outer loop
vertex 13.647084733987867 42.581931169764395 0.7999999999999999
vertex 15.676031496135664 44.02173788809208 2.5500000000000007
vertex 13.647084733987867 42.581931169764395 2.5500000000000007
endloop
endfacet
facet normal 0.01264958013328218 -0.9999199908604947 -8.4575584607752e-33
outer loop
vertex 32.56545243043624 47.49648986275361 2.5500000000000007
vertex 24.51837783427317 46.78659235781328 0.7999999999999999
vertex 32.56545243043624 47.49648986275361 0.7999999999999999
endloop
endfacet
facet normal 0.1695067394893891 -0.9855290281202662 -9.945687130072176e-33
outer loop
vertex 24.51837783427317 46.78659235781328 0.7999999999999999
vertex 32.56545243043624 47.49648986275361 2.5500000000000007
vertex 24.51837783427317 46.78659235781328 2.5500000000000007
endloop
endfacet
facet normal 0.9836642700581147 0.18001278790973788 -9.094198162482173e-33
outer loop
vertex 9.875726929298436 24.7192971133374 1.9999999999999998
vertex 9.727192870557602 21.66326151052318 2.5500000000000007
vertex 9.727192870557602 21.66326151052318 1.9999999999999998
endloop
endfacet
facet normal 0.9988209379439338 -0.048546204020503 -1.06434990594303e-32
outer loop
vertex 9.727192870557602 21.66326151052318 2.5500000000000007
vertex 9.875726929298436 24.7192971133374 1.9999999999999998
vertex 9.875726929298436 24.7192971133374 2.5500000000000007
endloop
endfacet
facet normal 0.3320494291608908 -0.9432619872516472 -1.1259932358024028e-32
outer loop
vertex 18.16596606826204 45.146489786576346 2.5500000000000007
vertex 15.676031496135664 44.02173788809208 0.7999999999999999
vertex 18.16596606826204 45.146489786576346 0.7999999999999999
endloop
endfacet
facet normal 0.49750678082213184 -0.8674600872870173 -1.2324759791553927e-32
outer loop
vertex 15.676031496135664 44.02173788809208 0.7999999999999999
vertex 18.16596606826204 45.146489786576346 2.5500000000000007
vertex 15.676031496135664 44.02173788809208 2.5500000000000007
endloop
endfacet
facet normal -0.2277442418574623 -0.9737209868852421 -5.7750176149795984e-33
outer loop
vertex 50.45830592391334 45.186668099095655 2.5500000000000007
vertex 41.38863372638382 46.94263479680383 0.7999999999999999
vertex 50.45830592391334 45.186668099095655 0.7999999999999999
endloop
endfacet
facet normal -0.1266256360630617 -0.9919505775448821 -6.96343745149749e-33
outer loop
vertex 41.38863372638382 46.94263479680383 0.7999999999999999
vertex 50.45830592391334 45.186668099095655 2.5500000000000007
vertex 41.38863372638382 46.94263479680383 2.5500000000000007
endloop
endfacet
facet normal 0.8827561903050389 -0.46983136174390705 -1.2962383164381623e-32
outer loop
vertex 10.592374340453434 38.08627355906768 0.7999999999999999
vertex 10.2789313224598 37.441639118840904 2.5500000000000007
vertex 10.2789313224598 37.441639118840904 0.7999999999999999
endloop
endfacet
facet normal 0.9315633316637117 -0.36357909607072536 -1.2577790802196202e-32
outer loop
vertex 10.2789313224598 37.441639118840904 2.5500000000000007
vertex 10.592374340453434 38.08627355906768 0.7999999999999999
vertex 10.592374340453434 38.08627355906768 2.5500000000000007
endloop
endfacet
facet normal 0.8668905274916051 -0.49849855902031137 -1.3038496231138475e-32
outer loop
vertex 10.954005531260343 38.70971586359278 0.7999999999999999
vertex 10.592374340453434 38.08627355906768 2.5500000000000007
vertex 10.592374340453434 38.08627355906768 0.7999999999999999
endloop
endfacet
facet normal 0.8827561903050389 -0.46983136174390705 -1.2962383164381623e-32
outer loop
vertex 10.592374340453434 38.08627355906768 2.5500000000000007
vertex 10.954005531260343 38.70971586359278 0.7999999999999999
vertex 10.954005531260343 38.70971586359278 2.5500000000000007
endloop
endfacet
facet normal -0.7639609272322584 -0.645262506010095 2.457465566199071e-33
outer loop
vertex 8.791714122001343 22.778172474767878 2.5500000000000007
vertex 9.727192870557602 21.66326151052318 1.9999999999999998
vertex 9.727192870557602 21.66326151052318 2.5500000000000007
endloop
endfacet
facet normal -0.8234562322776454 -0.5673797965411745 4.989176412908608e-33
outer loop
vertex 9.727192870557602 21.66326151052318 1.9999999999999998
vertex 8.791714122001343 22.778172474767878 2.5500000000000007
vertex 9.727192870557602 21.66326151052318 0.7999999999999999
endloop
endfacet
facet normal -0.8496403982005993 -0.5273624879961859 6.229649002415934e-33
outer loop
vertex 9.727192870557602 21.66326151052318 0.7999999999999999
vertex 8.791714122001343 22.778172474767878 2.5500000000000007
vertex 8.791714122001343 22.778172474767878 0.7999999999999999
endloop
endfacet
facet normal 0.9986805445725448 -0.05135338248144409 -1.0665439577445186e-32
outer loop
vertex 9.016026036441305 31.44665792328638 0.7999999999999999
vertex 9.140899601492313 28.07516691164735 2.5500000000000007
vertex 9.140899601492313 28.07516691164735 0.7999999999999999
endloop
endfacet
facet normal 0.9920355908242882 0.12595787604554864 -9.120574596755469e-33
outer loop
vertex 9.140899601492313 28.07516691164735 2.5500000000000007
vertex 9.016026036441305 31.44665792328638 0.7999999999999999
vertex 9.016026036441305 31.44665792328638 2.5500000000000007
endloop
endfacet
facet normal 0.1695067394893891 -0.9855290281202662 -9.945687130072176e-33
outer loop
vertex 24.51837783427317 46.78659235781328 2.5500000000000007
vertex 18.16596606826204 45.146489786576346 0.7999999999999999
vertex 24.51837783427317 46.78659235781328 0.7999999999999999
endloop
endfacet
facet normal 0.3320494291608908 -0.9432619872516472 -1.1259932358024028e-32
outer loop
vertex 18.16596606826204 45.146489786576346 0.7999999999999999
vertex 24.51837783427317 46.78659235781328 2.5500000000000007
vertex 18.16596606826204 45.146489786576346 2.5500000000000007
endloop
endfacet
facet normal 0.9768254032851559 -0.21403768709456877 -1.1796321165010084e-32
outer loop
vertex 9.489483147410686 34.81189614474684 0.7999999999999999
vertex 9.016026036441305 31.44665792328638 2.5500000000000007
vertex 9.016026036441305 31.44665792328638 0.7999999999999999
endloop
endfacet
facet normal 0.9986805445725448 -0.05135338248144409 -1.0665439577445186e-32
outer loop
vertex 9.016026036441305 31.44665792328638 2.5500000000000007
vertex 9.489483147410686 34.81189614474684 0.7999999999999999
vertex 9.489483147410686 34.81189614474684 2.5500000000000007
endloop
endfacet
facet normal -0.1266256360630617 -0.9919505775448821 -6.96343745149749e-33
outer loop
vertex 41.38863372638382 46.94263479680383 2.5500000000000007
vertex 32.56545243043624 47.49648986275361 0.7999999999999999
vertex 41.38863372638382 46.94263479680383 0.7999999999999999
endloop
endfacet
facet normal 0.01264958013328218 -0.9999199908604947 -8.4575584607752e-33
outer loop
vertex 32.56545243043624 47.49648986275361 0.7999999999999999
vertex 41.38863372638382 46.94263479680383 2.5500000000000007
vertex 32.56545243043624 47.49648986275361 2.5500000000000007
endloop
endfacet
facet normal -0.29535172506563734 -0.9553885903132571 -4.929272999944457e-33
outer loop
vertex 53.8849085601949 44.24467632138937 2.5500000000000007
vertex 50.45830592391334 45.186668099095655 0.7999999999999999
vertex 53.8849085601949 44.24467632138937 0.7999999999999999
endloop
endfacet
facet normal -0.2277442418574623 -0.9737209868852421 -5.7750176149795984e-33
outer loop
vertex 50.45830592391334 45.186668099095655 0.7999999999999999
vertex 53.8849085601949 44.24467632138937 2.5500000000000007
vertex 50.45830592391334 45.186668099095655 2.5500000000000007
endloop
endfacet
facet normal -0.4638083225763749 -0.8859355732269079 -2.6239365708812533e-33
outer loop
vertex 60.069495960590615 41.78698030812941 2.5500000000000007
vertex 57.07657729368329 43.14656617679379 0.7999999999999999
vertex 60.069495960590615 41.78698030812941 0.7999999999999999
endloop
endfacet
facet normal -0.36988298378978507 -0.9290783488504969 -3.946107032559456e-33
outer loop
vertex 57.07657729368329 43.14656617679379 0.7999999999999999
vertex 60.069495960590615 41.78698030812941 2.5500000000000007
vertex 57.07657729368329 43.14656617679379 2.5500000000000007
endloop
endfacet
facet normal 0.9934321694149307 0.114422571075573 -9.230963667152249e-33
outer loop
vertex 61.817269070548164 43.30667540933311 1.9999999999999998
vertex 62.134274575568156 40.5543909290229 2.5500000000000007
vertex 62.134274575568156 40.5543909290229 1.9999999999999998
endloop
endfacet
facet normal 0.9934321694149307 0.114422571075573 -9.230963667152249e-33
outer loop
vertex 62.134274575568156 40.5543909290229 2.5500000000000007
vertex 61.817269070548164 43.30667540933311 1.9999999999999998
vertex 61.817269070548164 43.30667540933311 2.5500000000000007
endloop
endfacet
facet normal -0.6149040214727927 -0.7886019556002809 2.967315457205632e-33
outer loop
vertex 62.134274575568156 40.5543909290229 1.9999999999999998
vertex 60.069495960590615 41.78698030812941 0.7999999999999999
vertex 62.134274575568156 40.5543909290229 0.7999999999999999
endloop
endfacet
facet normal -0.4638083225763749 -0.8859355732269079 -2.6239365708812533e-33
outer loop
vertex 60.069495960590615 41.78698030812941 0.7999999999999999
vertex 62.134274575568156 40.5543909290229 1.9999999999999998
vertex 60.069495960590615 41.78698030812941 2.5500000000000007
endloop
endfacet
facet normal -0.4638083225763749 -0.8859355732269079 -2.6239365708812533e-33
outer loop
vertex 60.069495960590615 41.78698030812941 2.5500000000000007
vertex 62.134274575568156 40.5543909290229 1.9999999999999998
vertex 62.134274575568156 40.5543909290229 2.5500000000000007
endloop
endfacet
facet normal 0.6308606969460013 0.77589611485611 -5.031022755901551e-36
outer loop
vertex 60.15688493315608 44.981901677070354 0.7999999999999999
vertex 61.817269070548164 43.30667540933311 1.9999999999999998
vertex 61.817269070548164 43.30667540933311 0.7999999999999999
endloop
endfacet
facet normal 0.7621174182647361 0.6474388316879778 -4.787605146902266e-33
outer loop
vertex 61.817269070548164 43.30667540933311 1.9999999999999998
vertex 60.15688493315608 44.981901677070354 0.7999999999999999
vertex 61.817269070548164 43.30667540933311 2.5500000000000007
endloop
endfacet
facet normal 0.7102460921333604 0.7039534704860047 -1.4180098131089523e-33
outer loop
vertex 61.817269070548164 43.30667540933311 2.5500000000000007
vertex 60.15688493315608 44.981901677070354 0.7999999999999999
vertex 60.15688493315608 44.981901677070354 2.5500000000000007
endloop
endfacet
facet normal 0.47127888447117827 0.8819842476210117 2.5144450353117776e-33
outer loop
vertex 58.151728481481065 46.28269078344097 2.5500000000000007
vertex 60.15688493315608 44.981901677070354 0.7999999999999999
vertex 58.151728481481065 46.28269078344097 0.7999999999999999
endloop
endfacet
facet normal 0.6308606969460013 0.77589611485611 -5.031022755901551e-36
outer loop
vertex 60.15688493315608 44.981901677070354 0.7999999999999999
vertex 58.151728481481065 46.28269078344097 2.5500000000000007
vertex 60.15688493315608 44.981901677070354 2.5500000000000007
endloop
endfacet
facet normal 0.376588918045253 0.9263804762652903 3.85489334554795e-33
outer loop
vertex 55.30104653459822 47.50816690833987 2.5500000000000007
vertex 58.151728481481065 46.28269078344097 0.7999999999999999
vertex 55.30104653459822 47.50816690833987 0.7999999999999999
endloop
endfacet
facet normal 0.47127888447117827 0.8819842476210117 2.5144450353117776e-33
outer loop
vertex 58.151728481481065 46.28269078344097 0.7999999999999999
vertex 55.30104653459822 47.50816690833987 2.5500000000000007
vertex 58.151728481481065 46.28269078344097 2.5500000000000007
endloop
endfacet
facet normal 0.33677307769843057 0.9415858400260312 4.389694774299316e-33
outer loop
vertex 50.95148148533807 49.17630862893319 2.5500000000000007
vertex 55.30104653459822 47.50816690833987 0.7999999999999999
vertex 50.95148148533807 49.17630862893319 0.7999999999999999
endloop
endfacet
facet normal 0.376588918045253 0.9263804762652903 3.85489334554795e-33
outer loop
vertex 55.30104653459822 47.50816690833987 0.7999999999999999
vertex 50.95148148533807 49.17630862893319 2.5500000000000007
vertex 55.30104653459822 47.50816690833987 2.5500000000000007
endloop
endfacet
facet normal 0.2496220421888611 0.9683433461605767 5.505954502148508e-33
outer loop
vertex 42.54566887788735 51.75001747392694 2.5500000000000007
vertex 46.70029629271046 50.58867780384442 0.7999999999999999
vertex 42.54566887788735 51.75001747392694 0.7999999999999999
endloop
endfacet
facet normal 0.29233197700732755 0.956316901042216 4.96796072470019e-33
outer loop
vertex 46.70029629271046 50.58867780384442 0.7999999999999999
vertex 42.54566887788735 51.75001747392694 2.5500000000000007
vertex 46.70029629271046 50.58867780384442 2.5500000000000007
endloop
endfacet
facet normal 0.1989680887037677 0.9800059692050705 6.122354420855085e-33
outer loop
vertex 38.62863644594043 52.6754641788716 2.5500000000000007
vertex 42.54566887788735 51.75001747392694 0.7999999999999999
vertex 38.62863644594043 52.6754641788716 0.7999999999999999
endloop
endfacet
facet normal 0.2496220421888611 0.9683433461605767 5.505954502148508e-33
outer loop
vertex 42.54566887788735 51.75001747392694 0.7999999999999999
vertex 38.62863644594043 52.6754641788716 2.5500000000000007
vertex 42.54566887788735 51.75001747392694 2.5500000000000007
endloop
endfacet
facet normal 0.6736398798903688 -0.7390597487492399 -1.306095839861146e-32
outer loop
vertex 13.647084733987867 42.581931169764395 0.7999999999999999
vertex 12.092132493026625 40.77180229698632 2.5500000000000007
vertex 12.092132493026625 40.77180229698632 0.7999999999999999
endloop
endfacet
facet normal 0.8230824034869089 -0.5679219638913547 -1.3167603821156506e-32
outer loop
vertex 12.092132493026625 40.77180229698632 2.5500000000000007
vertex 13.647084733987867 42.581931169764395 0.7999999999999999
vertex 13.647084733987867 42.581931169764395 2.5500000000000007
endloop
endfacet
facet normal 0.8736334649912437 -0.48658459577692525 -1.3008393834135936e-32
outer loop
vertex 11.31099058126201 39.33595019877618 0.7999999999999999
vertex 10.954005531260343 38.70971586359278 2.5500000000000007
vertex 10.954005531260343 38.70971586359278 0.7999999999999999
endloop
endfacet
facet normal 0.8668905274916051 -0.49849855902031137 -1.3038496231138475e-32
outer loop
vertex 10.954005531260343 38.70971586359278 2.5500000000000007
vertex 11.31099058126201 39.33595019877618 0.7999999999999999
vertex 11.31099058126201 39.33595019877618 2.5500000000000007
endloop
endfacet
facet normal 0.29233197700732755 0.956316901042216 4.96796072470019e-33
outer loop
vertex 46.70029629271046 50.58867780384442 2.5500000000000007
vertex 50.95148148533807 49.17630862893319 0.7999999999999999
vertex 46.70029629271046 50.58867780384442 0.7999999999999999
endloop
endfacet
facet normal 0.33677307769843057 0.9415858400260312 4.389694774299316e-33
outer loop
vertex 50.95148148533807 49.17630862893319 0.7999999999999999
vertex 46.70029629271046 50.58867780384442 2.5500000000000007
vertex 50.95148148533807 49.17630862893319 2.5500000000000007
endloop
endfacet
facet normal 0.11799591332241426 0.9930140806852688 7.060760478181594e-33
outer loop
vertex 34.95791799160105 53.30028612947803 2.5500000000000007
vertex 38.62863644594043 52.6754641788716 0.7999999999999999
vertex 34.95791799160105 53.30028612947803 0.7999999999999999
endloop
endfacet
facet normal 0.1989680887037677 0.9800059692050705 6.122354420855085e-33
outer loop
vertex 38.62863644594043 52.6754641788716 0.7999999999999999
vertex 34.95791799160105 53.30028612947803 2.5500000000000007
vertex 38.62863644594043 52.6754641788716 2.5500000000000007
endloop
endfacet
facet normal 0.9315633316637117 -0.36357909607072536 -1.2577790802196202e-32
outer loop
vertex 10.2789313224598 37.441639118840904 0.7999999999999999
vertex 9.489483147410686 34.81189614474684 2.5500000000000007
vertex 9.489483147410686 34.81189614474684 0.7999999999999999
endloop
endfacet
facet normal 0.9768254032851559 -0.21403768709456877 -1.1796321165010084e-32
outer loop
vertex 9.489483147410686 34.81189614474684 2.5500000000000007
vertex 10.2789313224598 37.441639118840904 0.7999999999999999
vertex 10.2789313224598 37.441639118840904 2.5500000000000007
endloop
endfacet
facet normal -0.9912219915449375 -0.13220803106350262 9.060179441426908e-33
outer loop
vertex 1.3770468864800258 36.75519199255394 2.5500000000000007
vertex 1.8594826890969982 33.7156561850416 0.7999999999999999
vertex 1.8594826890969982 33.7156561850416 2.5500000000000007
endloop
endfacet
facet normal -0.9859744118371592 -0.16689655239808995 8.717479998429368e-33
outer loop
vertex 1.8594826890969982 33.7156561850416 0.7999999999999999
vertex 1.3770468864800258 36.75519199255394 2.5500000000000007
vertex 1.3770468864800258 36.75519199255394 0.7999999999999999
endloop
endfacet
facet normal -0.474331887610023 0.8803461026189148 1.2194509617725867e-32
outer loop
vertex 1.7227404747179136 46.90636648366104 2.5500000000000007
vertex 4.411284424420418 47.833233911784525 0.7999999999999999
vertex 1.7227404747179136 46.90636648366104 0.7999999999999999
endloop
endfacet
facet normal -0.31035751805986384 0.9506199087877981 1.1098843619989133e-32
outer loop
vertex 4.411284424420418 47.833233911784525 0.7999999999999999
vertex 1.7227404747179136 46.90636648366104 2.5500000000000007
vertex 4.411284424420418 47.833233911784525 2.5500000000000007
endloop
endfacet
facet normal -0.7437576626464187 0.6684493542930056 1.319167222709342e-32
outer loop
vertex 1.2699633649926558 46.55755226798305 2.5500000000000007
vertex 0.951723277970349 46.03833809927046 0.7999999999999999
vertex 0.951723277970349 46.03833809927046 2.5500000000000007
endloop
endfacet
facet normal -0.9296334336864658 0.3684856563996918 1.2598871439860142e-32
outer loop
vertex 0.951723277970349 46.03833809927046 0.7999999999999999
vertex 1.2699633649926558 46.55755226798305 2.5500000000000007
vertex 1.2699633649926558 46.55755226798305 0.7999999999999999
endloop
endfacet
facet normal -0.9958174294926523 0.09136545911145473 1.0969331626983883e-32
outer loop
vertex 0.7999999999999985 45.308214846002485 2.5500000000000007
vertex 0.8531960182908755 42.87988214445002 0.7999999999999999
vertex 0.8531960182908755 42.87988214445002 2.5500000000000007
endloop
endfacet
facet normal -0.9991016307027295 -0.042378432334703973 9.88910608056949e-33
outer loop
vertex 0.8531960182908755 42.87988214445002 0.7999999999999999
vertex 0.7999999999999985 45.308214846002485 2.5500000000000007
vertex 0.7999999999999985 45.308214846002485 0.7999999999999999
endloop
endfacet
facet normal -0.2766730241560335 0.960964118843339 1.0839687175611265e-32
outer loop
vertex 10.33249812562841 49.65937172315066 2.5500000000000007
vertex 16.3829318758303 51.2787023838246 0.7999999999999999
vertex 10.33249812562841 49.65937172315066 0.7999999999999999
endloop
endfacet
facet normal -0.23525645150411761 0.9719333320890332 1.0506472502689552e-32
outer loop
vertex 16.3829318758303 51.2787023838246 0.7999999999999999
vertex 10.33249812562841 49.65937172315066 2.5500000000000007
vertex 16.3829318758303 51.2787023838246 2.5500000000000007
endloop
endfacet
facet normal -0.9859744118371592 -0.16689655239808995 8.717479998429368e-33
outer loop
vertex 1.8594826890969982 33.7156561850416 2.5500000000000007
vertex 2.151604848860059 32.09147295537955 0.7999999999999999
vertex 2.151604848860059 32.09147295537955 2.5500000000000007
endloop
endfacet
facet normal -0.9711296800395176 -0.23855218411564488 7.968515142927335e-33
outer loop
vertex 2.151604848860059 32.09147295537955 0.7999999999999999
vertex 1.8594826890969982 33.7156561850416 2.5500000000000007
vertex 1.8594826890969982 33.7156561850416 0.7999999999999999
endloop
endfacet
facet normal -0.9711296800395176 -0.23855218411564488 7.968515142927335e-33
outer loop
vertex 2.151604848860059 32.09147295537955 2.5500000000000007
vertex 2.5308252142309473 30.881832343079267 0.7999999999999999
vertex 2.5308252142309473 30.881832343079267 2.5500000000000007
endloop
endfacet
facet normal -0.9304842663420773 -0.3663318578691273 6.487628699159257e-33
outer loop
vertex 2.5308252142309473 30.881832343079267 0.7999999999999999
vertex 2.151604848860059 32.09147295537955 2.5500000000000007
vertex 2.151604848860059 32.09147295537955 0.7999999999999999
endloop
endfacet
facet normal -0.31035751805986384 0.9506199087877981 1.1098843619989133e-32
outer loop
vertex 4.411284424420418 47.833233911784525 2.5500000000000007
vertex 10.33249812562841 49.65937172315066 0.7999999999999999
vertex 4.411284424420418 47.833233911784525 0.7999999999999999
endloop
endfacet
facet normal -0.2766730241560335 0.960964118843339 1.0839687175611265e-32
outer loop
vertex 10.33249812562841 49.65937172315066 0.7999999999999999
vertex 4.411284424420418 47.833233911784525 2.5500000000000007
vertex 10.33249812562841 49.65937172315066 2.5500000000000007
endloop
endfacet
facet normal -0.23525645150411761 0.9719333320890332 1.0506472502689552e-32
outer loop
vertex 16.3829318758303 51.2787023838246 2.5500000000000007
vertex 22.584377382289112 52.622910216263726 0.7999999999999999
vertex 16.3829318758303 51.2787023838246 0.7999999999999999
endloop
endfacet
facet normal -0.1830840727253156 0.9830972598447784 1.0064618885229984e-32
outer loop
vertex 22.584377382289112 52.622910216263726 0.7999999999999999
vertex 16.3829318758303 51.2787023838246 2.5500000000000007
vertex 22.584377382289112 52.622910216263726 2.5500000000000007
endloop
endfacet
facet normal -0.7437576626464187 0.6684493542930056 1.319167222709342e-32
outer loop
vertex 1.2699633649926558 46.55755226798305 2.5500000000000007
vertex 1.7227404747179136 46.90636648366104 0.7999999999999999
vertex 1.2699633649926558 46.55755226798305 0.7999999999999999
endloop
endfacet
facet normal -0.474331887610023 0.8803461026189148 1.2194509617725867e-32
outer loop
vertex 1.7227404747179136 46.90636648366104 0.7999999999999999
vertex 1.2699633649926558 46.55755226798305 2.5500000000000007
vertex 1.7227404747179136 46.90636648366104 2.5500000000000007
endloop
endfacet
facet normal -0.9991016307027295 -0.042378432334703973 9.88910608056949e-33
outer loop
vertex 0.8531960182908755 42.87988214445002 2.5500000000000007
vertex 1.0464560281218236 39.81042926719718 0.7999999999999999
vertex 1.0464560281218236 39.81042926719718 2.5500000000000007
endloop
endfacet
facet normal -0.9963614058066323 -0.08522880392819807 9.504133816849874e-33
outer loop
vertex 1.0464560281218236 39.81042926719718 0.7999999999999999
vertex 0.8531960182908755 42.87988214445002 2.5500000000000007
vertex 0.8531960182908755 42.87988214445002 0.7999999999999999
endloop
endfacet
facet normal -0.9304842663420773 -0.3663318578691273 6.487628699159257e-33
outer loop
vertex 2.5308252142309473 30.881832343079267 2.5500000000000007
vertex 3.0673539751251755 29.76065575967111 0.7999999999999999
vertex 3.0673539751251755 29.76065575967111 2.5500000000000007
endloop
endfacet
facet normal -0.8714409832243356 -0.4905003697827386 4.848216538495277e-33
outer loop
vertex 3.0673539751251755 29.76065575967111 0.7999999999999999
vertex 2.5308252142309473 30.881832343079267 2.5500000000000007
vertex 2.5308252142309473 30.881832343079267 0.7999999999999999
endloop
endfacet
facet normal -0.7632569386779354 -0.6460950747064914 2.4433147014508144e-33
outer loop
vertex 4.640797834634969 27.660313500599557 2.5500000000000007
vertex 6.700009221100658 25.238351771011786 0.7999999999999999
vertex 6.700009221100658 25.238351771011786 2.5500000000000007
endloop
endfacet
facet normal -0.7618548812906782 -0.6477477439972809 2.415177497813882e-33
outer loop
vertex 6.700009221100658 25.238351771011786 0.7999999999999999
vertex 4.640797834634969 27.660313500599557 2.5500000000000007
vertex 4.640797834634969 27.660313500599557 0.7999999999999999
endloop
endfacet
facet normal -0.7618548812906761 -0.6477477439972833 2.4151774978138398e-33
outer loop
vertex 6.700009221100658 25.238351771011786 2.5500000000000007
vertex 8.791714122001343 22.778172474767878 0.7999999999999999
vertex 8.791714122001343 22.778172474767878 2.5500000000000007
endloop
endfacet
facet normal -0.7639609272322584 -0.645262506010095 2.457465566199071e-33
outer loop
vertex 8.791714122001343 22.778172474767878 0.7999999999999999
vertex 6.700009221100658 25.238351771011786 2.5500000000000007
vertex 6.700009221100658 25.238351771011786 0.7999999999999999
endloop
endfacet
facet normal -0.8714409832243356 -0.4905003697827386 4.848216538495277e-33
outer loop
vertex 3.0673539751251755 29.76065575967111 2.5500000000000007
vertex 3.7475015608701843 28.720248477342835 0.7999999999999999
vertex 3.7475015608701843 28.720248477342835 2.5500000000000007
endloop
endfacet
facet normal -0.802309439485029 -0.5969083374465622 3.25330652202114e-33
outer loop
vertex 3.7475015608701843 28.720248477342835 0.7999999999999999
vertex 3.0673539751251755 29.76065575967111 2.5500000000000007
vertex 3.0673539751251755 29.76065575967111 0.7999999999999999
endloop
endfacet
facet normal -0.9963614058066323 -0.08522880392819807 9.504133816849874e-33
outer loop
vertex 1.0464560281218236 39.81042926719718 2.5500000000000007
vertex 1.3770468864800258 36.75519199255394 0.7999999999999999
vertex 1.3770468864800258 36.75519199255394 2.5500000000000007
endloop
endfacet
facet normal -0.9912219915449375 -0.13220803106350262 9.060179441426908e-33
outer loop
vertex 1.3770468864800258 36.75519199255394 0.7999999999999999
vertex 1.0464560281218236 39.81042926719718 2.5500000000000007
vertex 1.0464560281218236 39.81042926719718 0.7999999999999999
endloop
endfacet
facet normal -0.802309439485029 -0.5969083374465622 3.25330652202114e-33
outer loop
vertex 3.7475015608701843 28.720248477342835 2.5500000000000007
vertex 4.640797834634969 27.660313500599557 0.7999999999999999
vertex 4.640797834634969 27.660313500599557 2.5500000000000007
endloop
endfacet
facet normal -0.7632569386779354 -0.6460950747064914 2.4433147014508144e-33
outer loop
vertex 4.640797834634969 27.660313500599557 0.7999999999999999
vertex 3.7475015608701843 28.720248477342835 2.5500000000000007
vertex 3.7475015608701843 28.720248477342835 0.7999999999999999
endloop
endfacet
facet normal -0.1830840727253156 0.9830972598447784 1.0064618885229984e-32
outer loop
vertex 22.584377382289112 52.622910216263726 2.5500000000000007
vertex 27.565672998756124 53.400183641342544 0.7999999999999999
vertex 22.584377382289112 52.622910216263726 0.7999999999999999
endloop
endfacet
facet normal -0.09764917133036752 0.9952208997697408 9.289775297937398e-33
outer loop
vertex 27.565672998756124 53.400183641342544 0.7999999999999999
vertex 22.584377382289112 52.622910216263726 2.5500000000000007
vertex 27.565672998756124 53.400183641342544 2.5500000000000007
endloop
endfacet
facet normal -0.9296334336864658 0.3684856563996918 1.2598871439860142e-32
outer loop
vertex 0.951723277970349 46.03833809927046 2.5500000000000007
vertex 0.7999999999999985 45.308214846002485 0.7999999999999999
vertex 0.7999999999999985 45.308214846002485 2.5500000000000007
endloop
endfacet
facet normal -0.9958174294926523 0.09136545911145473 1.0969331626983883e-32
outer loop
vertex 0.7999999999999985 45.308214846002485 0.7999999999999999
vertex 0.951723277970349 46.03833809927046 2.5500000000000007
vertex 0.951723277970349 46.03833809927046 0.7999999999999999
endloop
endfacet
facet normal 1.0251266421835723e-32 -8.328550604871787e-33 1.0
outer loop
vertex 8.791714122001343 22.778172474767878 2.5500000000000007
vertex 9.140899601492313 28.07516691164735 2.5500000000000007
vertex 9.016026036441305 31.44665792328638 2.5500000000000007
endloop
endfacet
facet normal 1.0251266421835723e-32 -8.328550604871787e-33 1.0
outer loop
vertex 9.140899601492313 28.07516691164735 2.5500000000000007
vertex 8.791714122001343 22.778172474767878 2.5500000000000007
vertex 9.727192870557602 21.66326151052318 2.5500000000000007
endloop
endfacet
facet normal 1.0251266421835723e-32 -8.328550604871787e-33 1.0
outer loop
vertex 9.140899601492313 28.07516691164735 2.5500000000000007
vertex 9.727192870557602 21.66326151052318 2.5500000000000007
vertex 9.875726929298436 24.7192971133374 2.5500000000000007
endloop
endfacet
facet normal 1.0251266421835723e-32 -8.328550604871787e-33 1.0
outer loop
vertex 0.8531960182908755 42.87988214445002 2.5500000000000007
vertex 0.951723277970349 46.03833809927046 2.5500000000000007
vertex 0.7999999999999985 45.308214846002485 2.5500000000000007
endloop
endfacet
facet normal 1.0251266421835723e-32 -8.328550604871787e-33 1.0
outer loop
vertex 0.951723277970349 46.03833809927046 2.5500000000000007
vertex 0.8531960182908755 42.87988214445002 2.5500000000000007
vertex 1.0464560281218236 39.81042926719718 2.5500000000000007
endloop
endfacet
facet normal 1.0251266421835723e-32 -8.328550604871787e-33 1.0
outer loop
vertex 0.951723277970349 46.03833809927046 2.5500000000000007
vertex 1.0464560281218236 39.81042926719718 2.5500000000000007
vertex 1.2699633649926558 46.55755226798305 2.5500000000000007
endloop
endfacet
facet normal 1.0251266421835723e-32 -8.328550604871787e-33 1.0
outer loop
vertex 1.2699633649926558 46.55755226798305 2.5500000000000007
vertex 1.0464560281218236 39.81042926719718 2.5500000000000007
vertex 1.3770468864800258 36.75519199255394 2.5500000000000007
endloop
endfacet
facet normal 1.0251266421835723e-32 -8.328550604871787e-33 1.0
outer loop
vertex 1.2699633649926558 46.55755226798305 2.5500000000000007
vertex 1.3770468864800258 36.75519199255394 2.5500000000000007
vertex 1.7227404747179136 46.90636648366104 2.5500000000000007
endloop
endfacet
facet normal 1.0251266421835723e-32 -8.328550604871787e-33 1.0
outer loop
vertex 1.7227404747179136 46.90636648366104 2.5500000000000007
vertex 1.3770468864800258 36.75519199255394 2.5500000000000007
vertex 1.8594826890969982 33.7156561850416 2.5500000000000007
endloop
endfacet
facet normal 1.0251266421835723e-32 -8.328550604871787e-33 1.0
outer loop
vertex 1.7227404747179136 46.90636648366104 2.5500000000000007
vertex 1.8594826890969982 33.7156561850416 2.5500000000000007
vertex 4.411284424420418 47.833233911784525 2.5500000000000007
endloop
endfacet
facet normal 1.0251266421835723e-32 -8.328550604871787e-33 1.0
outer loop
vertex 4.411284424420418 47.833233911784525 2.5500000000000007
vertex 1.8594826890969982 33.7156561850416 2.5500000000000007
vertex 2.151604848860059 32.09147295537955 2.5500000000000007
endloop
endfacet
facet normal 1.0251266421835723e-32 -8.328550604871787e-33 1.0
outer loop
vertex 4.411284424420418 47.833233911784525 2.5500000000000007
vertex 2.151604848860059 32.09147295537955 2.5500000000000007
vertex 2.5308252142309473 30.881832343079267 2.5500000000000007
endloop
endfacet
facet normal 1.0251266421835723e-32 -8.328550604871787e-33 1.0
outer loop
vertex 4.411284424420418 47.833233911784525 2.5500000000000007
vertex 2.5308252142309473 30.881832343079267 2.5500000000000007
vertex 3.0673539751251755 29.76065575967111 2.5500000000000007
endloop
endfacet
facet normal 1.0251266421835723e-32 -8.328550604871787e-33 1.0
outer loop
vertex 4.411284424420418 47.833233911784525 2.5500000000000007
vertex 3.0673539751251755 29.76065575967111 2.5500000000000007
vertex 3.7475015608701843 28.720248477342835 2.5500000000000007
endloop
endfacet
facet normal 1.0251266421835723e-32 -8.328550604871787e-33 1.0
outer loop
vertex 4.411284424420418 47.833233911784525 2.5500000000000007
vertex 3.7475015608701843 28.720248477342835 2.5500000000000007
vertex 4.640797834634969 27.660313500599557 2.5500000000000007
endloop
endfacet
facet normal 1.0251266421835723e-32 -8.328550604871787e-33 1.0
outer loop
vertex 4.411284424420418 47.833233911784525 2.5500000000000007
vertex 4.640797834634969 27.660313500599557 2.5500000000000007
vertex 10.33249812562841 49.65937172315066 2.5500000000000007
endloop
endfacet
facet normal 1.0251266421835723e-32 -8.328550604871787e-33 1.0
outer loop
vertex 10.33249812562841 49.65937172315066 2.5500000000000007
vertex 4.640797834634969 27.660313500599557 2.5500000000000007
vertex 6.700009221100658 25.238351771011786 2.5500000000000007
endloop
endfacet
facet normal 1.0251266421835723e-32 -8.328550604871787e-33 1.0
outer loop
vertex 10.33249812562841 49.65937172315066 2.5500000000000007
vertex 6.700009221100658 25.238351771011786 2.5500000000000007
vertex 9.016026036441305 31.44665792328638 2.5500000000000007
endloop
endfacet
facet normal 1.0251266421835723e-32 -8.328550604871787e-33 1.0
outer loop
vertex 9.016026036441305 31.44665792328638 2.5500000000000007
vertex 6.700009221100658 25.238351771011786 2.5500000000000007
vertex 8.791714122001343 22.778172474767878 2.5500000000000007
endloop
endfacet
facet normal 1.0251266421835723e-32 -8.328550604871787e-33 1.0
outer loop
vertex 10.33249812562841 49.65937172315066 2.5500000000000007
vertex 9.016026036441305 31.44665792328638 2.5500000000000007
vertex 9.489483147410686 34.81189614474684 2.5500000000000007
endloop
endfacet
facet normal 1.0251266421835723e-32 -8.328550604871787e-33 1.0
outer loop
vertex 10.33249812562841 49.65937172315066 2.5500000000000007
vertex 9.489483147410686 34.81189614474684 2.5500000000000007
vertex 10.2789313224598 37.441639118840904 2.5500000000000007
endloop
endfacet
facet normal 1.0251266421835723e-32 -8.328550604871787e-33 1.0
outer loop
vertex 10.33249812562841 49.65937172315066 2.5500000000000007
vertex 10.2789313224598 37.441639118840904 2.5500000000000007
vertex 10.592374340453434 38.08627355906768 2.5500000000000007
endloop
endfacet
facet normal 1.0251266421835723e-32 -8.328550604871787e-33 1.0
outer loop
vertex 10.33249812562841 49.65937172315066 2.5500000000000007
vertex 10.592374340453434 38.08627355906768 2.5500000000000007
vertex 16.3829318758303 51.2787023838246 2.5500000000000007
endloop
endfacet
facet normal 1.0251266421835723e-32 -8.328550604871787e-33 1.0
outer loop
vertex 16.3829318758303 51.2787023838246 2.5500000000000007
vertex 10.592374340453434 38.08627355906768 2.5500000000000007
vertex 10.954005531260343 38.70971586359278 2.5500000000000007
endloop
endfacet
facet normal 1.0251266421835723e-32 -8.328550604871787e-33 1.0
outer loop
vertex 16.3829318758303 51.2787023838246 2.5500000000000007
vertex 10.954005531260343 38.70971586359278 2.5500000000000007
vertex 11.31099058126201 39.33595019877618 2.5500000000000007
endloop
endfacet
facet normal 1.0251266421835723e-32 -8.328550604871787e-33 1.0
outer loop
vertex 16.3829318758303 51.2787023838246 2.5500000000000007
vertex 11.31099058126201 39.33595019877618 2.5500000000000007
vertex 12.092132493026625 40.77180229698632 2.5500000000000007
endloop
endfacet
facet normal 1.0251266421835723e-32 -8.328550604871787e-33 1.0
outer loop
vertex 16.3829318758303 51.2787023838246 2.5500000000000007
vertex 12.092132493026625 40.77180229698632 2.5500000000000007
vertex 13.647084733987867 42.581931169764395 2.5500000000000007
endloop
endfacet
facet normal 1.0251266421835723e-32 -8.328550604871787e-33 1.0
outer loop
vertex 16.3829318758303 51.2787023838246 2.5500000000000007
vertex 13.647084733987867 42.581931169764395 2.5500000000000007
vertex 15.676031496135664 44.02173788809208 2.5500000000000007
endloop
endfacet
facet normal 1.0251266421835723e-32 -8.328550604871787e-33 1.0
outer loop
vertex 16.3829318758303 51.2787023838246 2.5500000000000007
vertex 15.676031496135664 44.02173788809208 2.5500000000000007
vertex 18.16596606826204 45.146489786576346 2.5500000000000007
endloop
endfacet
facet normal 1.0251266421835723e-32 -8.328550604871787e-33 1.0
outer loop
vertex 16.3829318758303 51.2787023838246 2.5500000000000007
vertex 18.16596606826204 45.146489786576346 2.5500000000000007
vertex 22.584377382289112 52.622910216263726 2.5500000000000007
endloop
endfacet
facet normal 1.0251266421835723e-32 -8.328550604871787e-33 1.0
outer loop
vertex 22.584377382289112 52.622910216263726 2.5500000000000007
vertex 18.16596606826204 45.146489786576346 2.5500000000000007
vertex 24.51837783427317 46.78659235781328 2.5500000000000007
endloop
endfacet
facet normal 1.0251266421835723e-32 -8.328550604871787e-33 1.0
outer loop
vertex 22.584377382289112 52.622910216263726 2.5500000000000007
vertex 24.51837783427317 46.78659235781328 2.5500000000000007
vertex 27.565672998756124 53.400183641342544 2.5500000000000007
endloop
endfacet
facet normal 1.0251266421835723e-32 -8.328550604871787e-33 1.0
outer loop
vertex 27.565672998756124 53.400183641342544 2.5500000000000007
vertex 24.51837783427317 46.78659235781328 2.5500000000000007
vertex 32.56545243043624 47.49648986275361 2.5500000000000007
endloop
endfacet
facet normal 1.0251266421835723e-32 -8.328550604871787e-33 1.0
outer loop
vertex 27.565672998756124 53.400183641342544 2.5500000000000007
vertex 32.56545243043624 47.49648986275361 2.5500000000000007
vertex 31.26775295775137 53.551386061416224 2.5500000000000007
endloop
endfacet
facet normal 1.0251266421835723e-32 -8.328550604871787e-33 1.0
outer loop
vertex 31.26775295775137 53.551386061416224 2.5500000000000007
vertex 32.56545243043624 47.49648986275361 2.5500000000000007
vertex 34.95791799160105 53.30028612947803 2.5500000000000007
endloop
endfacet
facet normal 1.0251266421835723e-32 -8.328550604871787e-33 1.0
outer loop
vertex 34.95791799160105 53.30028612947803 2.5500000000000007
vertex 32.56545243043624 47.49648986275361 2.5500000000000007
vertex 41.38863372638382 46.94263479680383 2.5500000000000007
endloop
endfacet
facet normal 1.0251266421835723e-32 -8.328550604871787e-33 1.0
outer loop
vertex 34.95791799160105 53.30028612947803 2.5500000000000007
vertex 41.38863372638382 46.94263479680383 2.5500000000000007
vertex 38.62863644594043 52.6754641788716 2.5500000000000007
endloop
endfacet
facet normal 1.0251266421835723e-32 -8.328550604871787e-33 1.0
outer loop
vertex 38.62863644594043 52.6754641788716 2.5500000000000007
vertex 41.38863372638382 46.94263479680383 2.5500000000000007
vertex 42.54566887788735 51.75001747392694 2.5500000000000007
endloop
endfacet
facet normal 1.0251266421835723e-32 -8.328550604871787e-33 1.0
outer loop
vertex 42.54566887788735 51.75001747392694 2.5500000000000007
vertex 41.38863372638382 46.94263479680383 2.5500000000000007
vertex 50.45830592391334 45.186668099095655 2.5500000000000007
endloop
endfacet
facet normal 1.0251266421835723e-32 -8.328550604871787e-33 1.0
outer loop
vertex 42.54566887788735 51.75001747392694 2.5500000000000007
vertex 50.45830592391334 45.186668099095655 2.5500000000000007
vertex 46.70029629271046 50.58867780384442 2.5500000000000007
endloop
endfacet
facet normal 1.0251266421835723e-32 -8.328550604871787e-33 1.0
outer loop
vertex 46.70029629271046 50.58867780384442 2.5500000000000007
vertex 50.45830592391334 45.186668099095655 2.5500000000000007
vertex 50.95148148533807 49.17630862893319 2.5500000000000007
endloop
endfacet
facet normal 1.0251266421835723e-32 -8.328550604871787e-33 1.0
outer loop
vertex 50.95148148533807 49.17630862893319 2.5500000000000007
vertex 50.45830592391334 45.186668099095655 2.5500000000000007
vertex 53.8849085601949 44.24467632138937 2.5500000000000007
endloop
endfacet
facet normal 1.0251266421835723e-32 -8.328550604871787e-33 1.0
outer loop
vertex 50.95148148533807 49.17630862893319 2.5500000000000007
vertex 53.8849085601949 44.24467632138937 2.5500000000000007
vertex 55.30104653459822 47.50816690833987 2.5500000000000007
endloop
endfacet
facet normal 1.0251266421835723e-32 -8.328550604871787e-33 1.0
outer loop
vertex 55.30104653459822 47.50816690833987 2.5500000000000007
vertex 53.8849085601949 44.24467632138937 2.5500000000000007
vertex 57.07657729368329 43.14656617679379 2.5500000000000007
endloop
endfacet
facet normal 1.0251266421835723e-32 -8.328550604871787e-33 1.0
outer loop
vertex 55.30104653459822 47.50816690833987 2.5500000000000007
vertex 57.07657729368329 43.14656617679379 2.5500000000000007
vertex 58.151728481481065 46.28269078344097 2.5500000000000007
endloop
endfacet
facet normal 1.0251266421835723e-32 -8.328550604871787e-33 1.0
outer loop
vertex 58.151728481481065 46.28269078344097 2.5500000000000007
vertex 57.07657729368329 43.14656617679379 2.5500000000000007
vertex 60.069495960590615 41.78698030812941 2.5500000000000007
endloop
endfacet
facet normal 1.0251266421835723e-32 -8.328550604871787e-33 1.0
outer loop
vertex 58.151728481481065 46.28269078344097 2.5500000000000007
vertex 60.069495960590615 41.78698030812941 2.5500000000000007
vertex 60.15688493315608 44.981901677070354 2.5500000000000007
endloop
endfacet
facet normal 1.0251266421835723e-32 -8.328550604871787e-33 1.0
outer loop
vertex 60.15688493315608 44.981901677070354 2.5500000000000007
vertex 60.069495960590615 41.78698030812941 2.5500000000000007
vertex 62.134274575568156 40.5543909290229 2.5500000000000007
endloop
endfacet
facet normal 1.0251266421835723e-32 -8.328550604871787e-33 1.0
outer loop
vertex 60.15688493315608 44.981901677070354 2.5500000000000007
vertex 62.134274575568156 40.5543909290229 2.5500000000000007
vertex 61.817269070548164 43.30667540933311 2.5500000000000007
endloop
endfacet
facet normal 0.0122153589171492 -0.9999253897199156 1.5272824736257798e-32
outer loop
vertex 67.11843505922698 35.808424408307815 1.9999999999999998
vertex 66.2945694805223 35.79835984364446 0.7999999999999999
vertex 67.11843505922698 35.808424408307815 0.7999999999999999
endloop
endfacet
facet normal 0.0122153589171492 -0.9999253897199156 1.5272824736257798e-32
outer loop
vertex 66.2945694805223 35.79835984364446 0.7999999999999999
vertex 67.11843505922698 35.808424408307815 1.9999999999999998
vertex 66.2945694805223 35.79835984364446 1.9999999999999998
endloop
endfacet
facet normal 0.012215358917159634 -0.9999253897199155 1.5272824736257755e-32
outer loop
vertex 68.088633535063 35.820276615207504 1.9999999999999998
vertex 67.11843505922698 35.808424408307815 0.7999999999999999
vertex 68.088633535063 35.820276615207504 0.7999999999999999
endloop
endfacet
facet normal 0.012215358917159634 -0.9999253897199155 1.5272824736257755e-32
outer loop
vertex 67.11843505922698 35.808424408307815 0.7999999999999999
vertex 68.088633535063 35.820276615207504 1.9999999999999998
vertex 67.11843505922698 35.808424408307815 1.9999999999999998
endloop
endfacet
facet normal 0.012215358917157453 -0.9999253897199155 1.5272824736257763e-32
outer loop
vertex 69.07310843400921 35.832303226751925 1.9999999999999998
vertex 68.088633535063 35.820276615207504 0.7999999999999999
vertex 69.07310843400921 35.832303226751925 0.7999999999999999
endloop
endfacet
facet normal 0.012215358917157453 -0.9999253897199155 1.5272824736257763e-32
outer loop
vertex 68.088633535063 35.820276615207504 0.7999999999999999
vertex 69.07310843400921 35.832303226751925 1.9999999999999998
vertex 68.088633535063 35.820276615207504 1.9999999999999998
endloop
endfacet
facet normal 0.012215358917148153 -0.9999253897199158 1.5272824736257804e-32
outer loop
vertex 69.9398032820446 35.84289100534944 1.9999999999999998
vertex 69.07310843400921 35.832303226751925 0.7999999999999999
vertex 69.9398032820446 35.84289100534944 0.7999999999999999
endloop
endfacet
facet normal 0.012215358917148153 -0.9999253897199158 1.5272824736257804e-32
outer loop
vertex 69.07310843400921 35.832303226751925 0.7999999999999999
vertex 69.9398032820446 35.84289100534944 1.9999999999999998
vertex 69.07310843400921 35.832303226751925 1.9999999999999998
endloop
endfacet
facet normal -0.1616559415978931 -0.9868471799352211 1.5771869694910336e-32
outer loop
vertex 30.99428396025963 1.1839529472269357 1.9999999999999998
vertex 26.45242913854261 2.314041444624857 0.7999999999999999
vertex 30.99428396025963 1.1839529472269357 0.7999999999999999
endloop
endfacet
facet normal -0.33006795983423204 -0.9439571716401481 1.5792143836959062e-32
outer loop
vertex 26.45242913854261 2.314041444624857 0.7999999999999999
vertex 30.99428396025963 1.1839529472269357 1.9999999999999998
vertex 26.45242913854261 2.314041444624857 1.9999999999999998
endloop
endfacet
facet normal 0.6692531580496256 -0.7430344611393223 8.693347269449872e-33
outer loop
vertex 52.69417997653966 6.216790416578674 1.9999999999999998
vertex 49.04321492736972 3.4679007525946983 0.7999999999999999
vertex 52.69417997653966 6.216790416578674 0.7999999999999999
endloop
endfacet
facet normal 0.504653231637798 -0.8633221390637026 1.1198675487974771e-32
outer loop
vertex 49.04321492736972 3.4679007525946983 0.7999999999999999
vertex 52.69417997653966 6.216790416578674 1.9999999999999998
vertex 49.04321492736972 3.4679007525946983 1.9999999999999998
endloop
endfacet
facet normal 0.504653231637798 -0.8633221390637026 1.1198675487974771e-32
outer loop
vertex 49.04321492736972 3.4679007525946983 1.9999999999999998
vertex 44.928405230681946 1.6667797667597253 0.7999999999999999
vertex 49.04321492736972 3.4679007525946983 0.7999999999999999
endloop
endfacet
facet normal 0.27690556974510033 -0.9608971357248087 1.361000349119149e-32
outer loop
vertex 44.928405230681946 1.6667797667597253 0.7999999999999999
vertex 49.04321492736972 3.4679007525946983 1.9999999999999998
vertex 44.928405230681946 1.6667797667597253 1.9999999999999998
endloop
endfacet
facet normal 0.012215358917158461 -0.9999253897199155 1.527282473625776e-32
outer loop
vertex 70.55666160514804 35.85042671340848 1.9999999999999998
vertex 69.9398032820446 35.84289100534944 0.7999999999999999
vertex 70.55666160514804 35.85042671340848 0.7999999999999999
endloop
endfacet
facet normal 0.012215358917158461 -0.9999253897199155 1.527282473625776e-32
outer loop
vertex 69.9398032820446 35.84289100534944 0.7999999999999999
vertex 70.55666160514804 35.85042671340848 1.9999999999999998
vertex 69.9398032820446 35.84289100534944 1.9999999999999998
endloop
endfacet
facet normal -0.9135116869552056 -0.4068124848087321 9.908476352724009e-33
outer loop
vertex 12.256230749067576 16.042858195081198 1.9999999999999998
vertex 12.621364701227012 15.214600525291427 0.7999999999999999
vertex 12.621364701227012 15.214600525291427 1.9999999999999998
endloop
endfacet
facet normal -0.9150524108643698 -0.40333495431378696 9.861387752649581e-33
outer loop
vertex 12.621364701227012 15.214600525291427 0.7999999999999999
vertex 12.256230749067576 16.042858195081198 1.9999999999999998
vertex 12.256230749067576 16.042858195081198 0.7999999999999999
endloop
endfacet
facet normal 0.9347509896594659 -0.3553035143798174 1.6840682920421668e-33
outer loop
vertex 62.60469310459375 22.606823570380847 0.7999999999999999
vertex 60.74041926850543 17.944105172359798 1.9999999999999998
vertex 60.74041926850543 17.944105172359798 0.7999999999999999
endloop
endfacet
facet normal 0.9115651213799532 -0.4111557241284029 2.633169060165886e-33
outer loop
vertex 60.74041926850543 17.944105172359798 1.9999999999999998
vertex 62.60469310459375 22.606823570380847 0.7999999999999999
vertex 62.60469310459375 22.606823570380847 1.9999999999999998
endloop
endfacet
facet normal -2.2420165842113224e-15 -1.0 1.5323107543418585e-32
outer loop
vertex 70.79162692929843 35.853297113337405 1.9999999999999998
vertex 70.55666160514804 35.85042671340848 0.7999999999999999
vertex 70.79162692929843 35.853297113337405 0.7999999999999999
endloop
endfacet
facet normal 0.012215358917149508 -0.9999253897199156 1.5272824736257796e-32
outer loop
vertex 70.55666160514804 35.85042671340848 0.7999999999999999
vertex 70.79162692929843 35.853297113337405 1.9999999999999998
vertex 70.55666160514804 35.85042671340848 1.9999999999999998
endloop
endfacet
facet normal -0.9100026456372678 -0.4146024420250962 1.0013726648411611e-32
outer loop
vertex 11.135828340910017 18.519552333781313 1.9999999999999998
vertex 11.511656309577782 17.69297593396551 0.7999999999999999
vertex 11.511656309577782 17.69297593396551 1.9999999999999998
endloop
endfacet
facet normal -0.9106724080655121 -0.4131292354556399 9.993846844076674e-33
outer loop
vertex 11.511656309577782 17.69297593396551 0.7999999999999999
vertex 11.135828340910017 18.519552333781313 1.9999999999999998
vertex 11.135828340910017 18.519552333781313 0.7999999999999999
endloop
endfacet
facet normal 0.09366677854688224 -0.9956036031456743 1.4878941432339825e-32
outer loop
vertex 40.3931303661737 0.9880547982387156 1.9999999999999998
vertex 35.682466900882176 0.8039796706912836 0.7999999999999999
vertex 40.3931303661737 0.9880547982387156 0.7999999999999999
endloop
endfacet
facet normal -0.020906472305517735 -0.9997814358227196 1.5403860333156533e-32
outer loop
vertex 35.682466900882176 0.8039796706912836 0.7999999999999999
vertex 40.3931303661737 0.9880547982387156 1.9999999999999998
vertex 35.682466900882176 0.8039796706912836 1.9999999999999998
endloop
endfacet
facet normal 0.7806219033821609 -0.6250035551578984 6.436736462103485e-33
outer loop
vertex 55.79825686257386 9.55040428941952 0.7999999999999999
vertex 52.69417997653966 6.216790416578674 1.9999999999999998
vertex 52.69417997653966 6.216790416578674 0.7999999999999999
endloop
endfacet
facet normal 0.6692531580496256 -0.7430344611393223 8.693347269449872e-33
outer loop
vertex 52.69417997653966 6.216790416578674 1.9999999999999998
vertex 55.79825686257386 9.55040428941952 0.7999999999999999
vertex 55.79825686257386 9.55040428941952 1.9999999999999998
endloop
endfacet
facet normal 0.9672857127401071 -0.253689475400268 -3.8541737026282604e-36
outer loop
vertex 65.19886891900525 29.94678334248997 0.7999999999999999
vertex 64.3073234420096 27.327966561391197 1.9999999999999998
vertex 64.3073234420096 27.327966561391197 0.7999999999999999
endloop
endfacet
facet normal 0.9437090712728495 -0.33077664487889075 1.2722041556269751e-33
outer loop
vertex 64.3073234420096 27.327966561391197 1.9999999999999998
vertex 65.19886891900525 29.94678334248997 0.7999999999999999
vertex 65.19886891900525 29.94678334248997 1.9999999999999998
endloop
endfacet
facet normal -0.020906472305517735 -0.9997814358227196 1.5403860333156533e-32
outer loop
vertex 35.682466900882176 0.8039796706912836 1.9999999999999998
vertex 30.99428396025963 1.1839529472269357 0.7999999999999999
vertex 35.682466900882176 0.8039796706912836 0.7999999999999999
endloop
endfacet
facet normal -0.1616559415978931 -0.9868471799352211 1.5771869694910336e-32
outer loop
vertex 30.99428396025963 1.1839529472269357 0.7999999999999999
vertex 35.682466900882176 0.8039796706912836 1.9999999999999998
vertex 30.99428396025963 1.1839529472269357 1.9999999999999998
endloop
endfacet
facet normal 0.9437090712728495 -0.33077664487889075 1.2722041556269751e-33
outer loop
vertex 64.3073234420096 27.327966561391197 0.7999999999999999
vertex 62.60469310459375 22.606823570380847 1.9999999999999998
vertex 62.60469310459375 22.606823570380847 0.7999999999999999
endloop
endfacet
facet normal 0.9347509896594659 -0.3553035143798174 1.6840682920421668e-33
outer loop
vertex 62.60469310459375 22.606823570380847 1.9999999999999998
vertex 64.3073234420096 27.327966561391197 0.7999999999999999
vertex 64.3073234420096 27.327966561391197 1.9999999999999998
endloop
endfacet
facet normal 0.9905940453629601 -0.13683361170211655 -1.8882131373868832e-33
outer loop
vertex 65.63847841668031 35.43616669114399 0.7999999999999999
vertex 65.6867851943322 33.654403004042855 1.9999999999999998
vertex 65.6867851943322 33.654403004042855 0.7999999999999999
endloop
endfacet
facet normal 0.9996745180391134 -0.025511918455227937 -3.630536043032677e-33
outer loop
vertex 65.6867851943322 33.654403004042855 1.9999999999999998
vertex 65.63847841668031 35.43616669114399 0.7999999999999999
vertex 65.63847841668031 35.43616669114399 1.9999999999999998
endloop
endfacet
facet normal 0.012215358917148497 -0.9999253897199156 1.52728247362578e-32
outer loop
vertex 66.2945694805223 35.79835984364446 1.9999999999999998
vertex 65.74909327297 35.79169615880905 0.7999999999999999
vertex 66.2945694805223 35.79835984364446 0.7999999999999999
endloop
endfacet
facet normal 0.012215358917148497 -0.9999253897199156 1.52728247362578e-32
outer loop
vertex 65.74909327297 35.79169615880905 0.7999999999999999
vertex 66.2945694805223 35.79835984364446 1.9999999999999998
vertex 65.74909327297 35.79169615880905 1.9999999999999998
endloop
endfacet
facet normal 0.9548524425587003 -0.2970804822597471 7.110470429351367e-34
outer loop
vertex 65.74909327297 35.79169615880905 0.7999999999999999
vertex 65.63847841668031 35.43616669114399 1.9999999999999998
vertex 65.63847841668031 35.43616669114399 0.7999999999999999
endloop
endfacet
facet normal 0.9905940453629601 -0.13683361170211655 -1.8882131373868832e-33
outer loop
vertex 65.63847841668031 35.43616669114399 1.9999999999999998
vertex 65.74909327297 35.79169615880905 0.7999999999999999
vertex 65.74909327297 35.79169615880905 1.9999999999999998
endloop
endfacet
facet normal 0.8608795085078554 -0.5088088755429423 4.333415224820288e-33
outer loop
vertex 58.48784447798961 13.477429999411921 0.7999999999999999
vertex 55.79825686257386 9.55040428941952 1.9999999999999998
vertex 55.79825686257386 9.55040428941952 0.7999999999999999
endloop
endfacet
facet normal 0.7806219033821609 -0.6250035551578984 6.436736462103485e-33
outer loop
vertex 55.79825686257386 9.55040428941952 1.9999999999999998
vertex 58.48784447798961 13.477429999411921 0.7999999999999999
vertex 58.48784447798961 13.477429999411921 1.9999999999999998
endloop
endfacet
facet normal -0.790944049402973 -0.611888478984551 1.2557816787635044e-32
outer loop
vertex 15.703595327441713 9.67915822791066 1.9999999999999998
vertex 18.633544155911018 6.658910888979292 0.7999999999999999
vertex 18.633544155911018 6.658910888979292 1.9999999999999998
endloop
endfacet
facet normal -0.641266415096761 -0.7673183073985324 1.433736647833337e-32
outer loop
vertex 18.633544155911018 6.658910888979292 0.7999999999999999
vertex 15.703595327441713 9.67915822791066 1.9999999999999998
vertex 15.703595327441713 9.67915822791066 0.7999999999999999
endloop
endfacet
facet normal -0.9106724080655121 -0.4131292354556399 9.993846844076674e-33
outer loop
vertex 11.511656309577782 17.69297593396551 1.9999999999999998
vertex 11.884852124492404 16.868464231597002 0.7999999999999999
vertex 11.884852124492404 16.868464231597002 1.9999999999999998
endloop
endfacet
facet normal -0.9115031020645357 -0.41129319825001853 9.969054737136372e-33
outer loop
vertex 11.884852124492404 16.868464231597002 0.7999999999999999
vertex 11.511656309577782 17.69297593396551 1.9999999999999998
vertex 11.511656309577782 17.69297593396551 0.7999999999999999
endloop
endfacet
facet normal 0.27690556974510033 -0.9608971357248087 1.361000349119149e-32
outer loop
vertex 44.928405230681946 1.6667797667597253 1.9999999999999998
vertex 40.3931303661737 0.9880547982387156 0.7999999999999999
vertex 44.928405230681946 1.6667797667597253 0.7999999999999999
endloop
endfacet
facet normal 0.09366677854688224 -0.9956036031456743 1.4878941432339825e-32
outer loop
vertex 40.3931303661737 0.9880547982387156 0.7999999999999999
vertex 44.928405230681946 1.6667797667597253 1.9999999999999998
vertex 40.3931303661737 0.9880547982387156 1.9999999999999998
endloop
endfacet
facet normal 0.9115651213799532 -0.4111557241284029 2.633169060165886e-33
outer loop
vertex 60.74041926850543 17.944105172359798 0.7999999999999999
vertex 58.48784447798961 13.477429999411921 1.9999999999999998
vertex 58.48784447798961 13.477429999411921 0.7999999999999999
endloop
endfacet
facet normal 0.8608795085078554 -0.5088088755429423 4.333415224820288e-33
outer loop
vertex 58.48784447798961 13.477429999411921 1.9999999999999998
vertex 60.74041926850543 17.944105172359798 0.7999999999999999
vertex 60.74041926850543 17.944105172359798 1.9999999999999998
endloop
endfacet
facet normal -0.33006795983423204 -0.9439571716401481 1.5792143836959062e-32
outer loop
vertex 26.45242913854261 2.314041444624857 1.9999999999999998
vertex 22.216275167928615 4.251125307725131 0.7999999999999999
vertex 26.45242913854261 2.314041444624857 0.7999999999999999
endloop
endfacet
facet normal -0.48844300881222336 -0.8725957982608341 1.53357717986789e-32
outer loop
vertex 22.216275167928615 4.251125307725131 0.7999999999999999
vertex 26.45242913854261 2.314041444624857 1.9999999999999998
vertex 22.216275167928615 4.251125307725131 1.9999999999999998
endloop
endfacet
facet normal 0.9996745180391134 -0.025511918455227937 -3.630536043032677e-33
outer loop
vertex 65.6867851943322 33.654403004042855 0.7999999999999999
vertex 65.53885767094718 31.7650154663553 1.9999999999999998
vertex 65.53885767094718 31.7650154663553 0.7999999999999999
endloop
endfacet
facet normal 0.9913670862098458 -0.13111559930000874 -1.978940619761778e-33
outer loop
vertex 65.53885767094718 31.7650154663553 1.9999999999999998
vertex 65.6867851943322 33.654403004042855 0.7999999999999999
vertex 65.6867851943322 33.654403004042855 1.9999999999999998
endloop
endfacet
facet normal -0.8865858804955274 -0.46256402422364223 1.0654446934448062e-32
outer loop
vertex 13.373094859397122 13.508875781257947 1.9999999999999998
vertex 15.703595327441713 9.67915822791066 0.7999999999999999
vertex 15.703595327441713 9.67915822791066 1.9999999999999998
endloop
endfacet
facet normal -0.790944049402973 -0.611888478984551 1.2557816787635044e-32
outer loop
vertex 15.703595327441713 9.67915822791066 0.7999999999999999
vertex 13.373094859397122 13.508875781257947 1.9999999999999998
vertex 13.373094859397122 13.508875781257947 0.7999999999999999
endloop
endfacet
facet normal -0.9115031020645357 -0.41129319825001853 9.969054737136372e-33
outer loop
vertex 11.884852124492404 16.868464231597002 1.9999999999999998
vertex 12.256230749067576 16.042858195081198 0.7999999999999999
vertex 12.256230749067576 16.042858195081198 1.9999999999999998
endloop
endfacet
facet normal -0.9135116869552056 -0.4068124848087321 9.908476352724009e-33
outer loop
vertex 12.256230749067576 16.042858195081198 0.7999999999999999
vertex 11.884852124492404 16.868464231597002 1.9999999999999998
vertex 11.884852124492404 16.868464231597002 0.7999999999999999
endloop
endfacet
facet normal -0.48844300881222336 -0.8725957982608341 1.53357717986789e-32
outer loop
vertex 22.216275167928615 4.251125307725131 1.9999999999999998
vertex 18.633544155911018 6.658910888979292 0.7999999999999999
vertex 22.216275167928615 4.251125307725131 0.7999999999999999
endloop
endfacet
facet normal -0.641266415096761 -0.7673183073985324 1.433736647833337e-32
outer loop
vertex 18.633544155911018 6.658910888979292 0.7999999999999999
vertex 22.216275167928615 4.251125307725131 1.9999999999999998
vertex 18.633544155911018 6.658910888979292 1.9999999999999998
endloop
endfacet
facet normal -0.9150524108643698 -0.40333495431378696 9.861387752649581e-33
outer loop
vertex 12.621364701227012 15.214600525291427 1.9999999999999998
vertex 13.373094859397122 13.508875781257947 0.7999999999999999
vertex 13.373094859397122 13.508875781257947 1.9999999999999998
endloop
endfacet
facet normal -0.8865858804955274 -0.46256402422364223 1.0654446934448062e-32
outer loop
vertex 13.373094859397122 13.508875781257947 0.7999999999999999
vertex 12.621364701227012 15.214600525291427 1.9999999999999998
vertex 12.621364701227012 15.214600525291427 0.7999999999999999
endloop
endfacet
facet normal 0.9913670862098458 -0.13111559930000874 -1.978940619761778e-33
outer loop
vertex 65.53885767094718 31.7650154663553 0.7999999999999999
vertex 65.19886891900525 29.94678334248997 1.9999999999999998
vertex 65.19886891900525 29.94678334248997 0.7999999999999999
endloop
endfacet
facet normal 0.9672857127401071 -0.253689475400268 -3.8541737026282604e-36
outer loop
vertex 65.19886891900525 29.94678334248997 1.9999999999999998
vertex 65.53885767094718 31.7650154663553 0.7999999999999999
vertex 65.53885767094718 31.7650154663553 1.9999999999999998
endloop
endfacet
facet normal 0.3122714637259146 -0.9499929120485452 1.3300648139002437e-32
outer loop
vertex 114.65063043068473 2.150048539692247 1.9999999999999998
vertex 110.08698465077553 1.1100242699701668 0.7999999999999999
vertex 114.65063043068473 2.150048539692247 0.7999999999999999
endloop
endfacet
facet normal 0.1444833103469826 -0.9895072374829695 1.4581103085714367e-32
outer loop
vertex 110.08698465077553 1.1100242699701668 0.7999999999999999
vertex 114.65063043068473 2.150048539692247 1.9999999999999998
vertex 110.08698465077553 1.1100242699701668 1.9999999999999998
endloop
endfacet
facet normal 0.9134055731366838 -0.40705068353074425 2.562863372563226e-33
outer loop
vertex 128.9229753673686 15.124834217051122 0.7999999999999999
vertex 127.98548982944375 13.049835314457995 1.9999999999999998
vertex 127.98548982944375 13.049835314457995 0.7999999999999999
endloop
endfacet
facet normal 0.8789249666876352 -0.4769600642958898 3.772799786750725e-33
outer loop
vertex 127.98548982944375 13.049835314457995 1.9999999999999998
vertex 128.9229753673686 15.124834217051122 0.7999999999999999
vertex 128.9229753673686 15.124834217051122 1.9999999999999998
endloop
endfacet
facet normal 0.9104873624155818 -0.41353689422047624 2.6739915590326023e-33
outer loop
vertex 130.84158918993032 19.382585052457365 0.7999999999999999
vertex 130.40317061533185 18.422712822413228 1.9999999999999998
vertex 130.40317061533185 18.422712822413228 0.7999999999999999
endloop
endfacet
facet normal 0.9100605109633897 -0.4144754110741121 2.690089677755238e-33
outer loop
vertex 130.40317061533185 18.422712822413228 1.9999999999999998
vertex 130.84158918993032 19.382585052457365 0.7999999999999999
vertex 130.84158918993032 19.382585052457365 1.9999999999999998
endloop
endfacet
facet normal 0.910767319310372 -0.4129199560159316 2.6634119471485742e-33
outer loop
vertex 130.03129884605914 17.603844480197754 0.7999999999999999
vertex 129.65808594936334 16.779289360133227 1.9999999999999998
vertex 129.65808594936334 16.779289360133227 0.7999999999999999
endloop
endfacet
facet normal 0.9116189541015493 -0.41103635182645026 2.6311233490358722e-33
outer loop
vertex 129.65808594936334 16.779289360133227 1.9999999999999998
vertex 130.03129884605914 17.603844480197754 0.7999999999999999
vertex 130.03129884605914 17.603844480197754 1.9999999999999998
endloop
endfacet
facet normal -0.8678116566035999 -0.4968932769347113 1.1104953432583306e-32
outer loop
vertex 82.82627494311136 13.946681484104936 1.9999999999999998
vertex 85.48567215607316 9.93054004581782 0.7999999999999999
vertex 85.48567215607316 9.93054004581782 1.9999999999999998
endloop
endfacet
facet normal -0.7905753235212035 -0.6123648078060534 1.2563632326991052e-32
outer loop
vertex 85.48567215607316 9.93054004581782 0.7999999999999999
vertex 82.82627494311136 13.946681484104936 1.9999999999999998
vertex 82.82627494311136 13.946681484104936 0.7999999999999999
endloop
endfacet
facet normal -0.3007651887947503 -0.9536982233438722 1.5823528792090258e-32
outer loop
vertex 96.19016419634964 1.8047666213159714 1.9999999999999998
vertex 92.12149595149076 3.725852599558047 0.7999999999999999
vertex 96.19016419634964 1.8047666213159714 0.7999999999999999
endloop
endfacet
facet normal -0.5260256885710082 -0.8504686795899054 1.5147901953009296e-32
outer loop
vertex 92.12149595149076 3.725852599558047 0.7999999999999999
vertex 96.19016419634964 1.8047666213159714 1.9999999999999998
vertex 92.12149595149076 3.725852599558047 1.9999999999999998
endloop
endfacet
facet normal -0.10954141170687857 -0.993982232799593 1.567155625311483e-32
outer loop
vertex 100.6847259182528 1.0339086698221494 1.9999999999999998
vertex 96.19016419634964 1.8047666213159714 0.7999999999999999
vertex 100.6847259182528 1.0339086698221494 0.7999999999999999
endloop
endfacet
facet normal -0.3007651887947503 -0.9536982233438722 1.5823528792090258e-32
outer loop
vertex 96.19016419634964 1.8047666213159714 0.7999999999999999
vertex 100.6847259182528 1.0339086698221494 1.9999999999999998
vertex 96.19016419634964 1.8047666213159714 1.9999999999999998
endloop
endfacet
facet normal 0.4719367895991096 -0.8816323874625329 1.1610856024950166e-32
outer loop
vertex 118.93830885128781 4.0192156640228776 1.9999999999999998
vertex 114.65063043068473 2.150048539692247 0.7999999999999999
vertex 118.93830885128781 4.0192156640228776 0.7999999999999999
endloop
endfacet
facet normal 0.3122714637259146 -0.9499929120485452 1.3300648139002437e-32
outer loop
vertex 114.65063043068473 2.150048539692247 0.7999999999999999
vertex 118.93830885128781 4.0192156640228776 1.9999999999999998
vertex 114.65063043068473 2.150048539692247 1.9999999999999998
endloop
endfacet
facet normal -0.012215358917153996 -0.9999253897199157 1.537110382788822e-32
outer loop
vertex 71.64345043525158 35.842891007075615 1.9999999999999998
vertex 70.79162692929843 35.853297113337405 0.7999999999999999
vertex 71.64345043525158 35.842891007075615 0.7999999999999999
endloop
endfacet
facet normal -2.2420165842113224e-15 -1.0 1.5323107543418585e-32
outer loop
vertex 70.79162692929843 35.853297113337405 0.7999999999999999
vertex 71.64345043525158 35.842891007075615 1.9999999999999998
vertex 70.79162692929843 35.853297113337405 1.9999999999999998
endloop
endfacet
facet normal -0.9359550741278515 -0.3521194388475708 9.160693450511135e-33
outer loop
vertex 78.79073449042009 23.11685507046753 1.9999999999999998
vertex 80.62660583949196 18.44118596935949 0.7999999999999999
vertex 80.62660583949196 18.44118596935949 1.9999999999999998
endloop
endfacet
facet normal -0.9152592339773994 -0.4028654050909609 9.855024800657205e-33
outer loop
vertex 80.62660583949196 18.44118596935949 0.7999999999999999
vertex 78.79073449042009 23.11685507046753 1.9999999999999998
vertex 78.79073449042009 23.11685507046753 0.7999999999999999
endloop
endfacet
facet normal -0.9152592339773994 -0.4028654050909609 9.855024800657205e-33
outer loop
vertex 80.62660583949196 18.44118596935949 1.9999999999999998
vertex 82.82627494311136 13.946681484104936 0.7999999999999999
vertex 82.82627494311136 13.946681484104936 1.9999999999999998
endloop
endfacet
facet normal -0.8678116566035999 -0.4968932769347113 1.1104953432583306e-32
outer loop
vertex 82.82627494311136 13.946681484104936 0.7999999999999999
vertex 80.62660583949196 18.44118596935949 1.9999999999999998
vertex 80.62660583949196 18.44118596935949 0.7999999999999999
endloop
endfacet
facet normal 0.7761807459368895 -0.6305104675077597 6.538985215001448e-33
outer loop
vertex 125.59275445837224 9.317125705197189 1.9999999999999998
vertex 122.59480532595846 6.372588725691298 0.7999999999999999
vertex 125.59275445837224 9.317125705197189 0.7999999999999999
endloop
endfacet
facet normal 0.6242269272641535 -0.7812430756674604 9.459952025604371e-33
outer loop
vertex 122.59480532595846 6.372588725691298 0.7999999999999999
vertex 125.59275445837224 9.317125705197189 1.9999999999999998
vertex 122.59480532595846 6.372588725691298 1.9999999999999998
endloop
endfacet
facet normal -0.9928344931653752 -0.11949756977048805 5.825016197871027e-33
outer loop
vertex 76.01907018503215 31.969028293675233 1.9999999999999998
vertex 76.3384966516061 30.134484382156995 0.7999999999999999
vertex 76.3384966516061 30.134484382156995 1.9999999999999998
endloop
endfacet
facet normal -0.9702360025783279 -0.24216130843061456 7.613697389174777e-33
outer loop
vertex 76.3384966516061 30.134484382156995 0.7999999999999999
vertex 76.01907018503215 31.969028293675233 1.9999999999999998
vertex 76.01907018503215 31.969028293675233 0.7999999999999999
endloop
endfacet
facet normal 0.9138532589666865 -0.40604460478618154 2.5456461838673238e-33
outer loop
vertex 129.28716896312645 15.953471705161153 0.7999999999999999
vertex 128.9229753673686 15.124834217051122 1.9999999999999998
vertex 128.9229753673686 15.124834217051122 0.7999999999999999
endloop
endfacet
facet normal 0.9134055731366838 -0.40705068353074425 2.562863372563226e-33
outer loop
vertex 128.9229753673686 15.124834217051122 1.9999999999999998
vertex 129.28716896312645 15.953471705161153 0.7999999999999999
vertex 129.28716896312645 15.953471705161153 1.9999999999999998
endloop
endfacet
facet normal 0.9116189541015493 -0.41103635182645026 2.6311233490358722e-33
outer loop
vertex 129.65808594936334 16.779289360133227 0.7999999999999999
vertex 129.28716896312645 15.953471705161153 1.9999999999999998
vertex 129.28716896312645 15.953471705161153 0.7999999999999999
endloop
endfacet
facet normal 0.9138532589666865 -0.40604460478618154 2.5456461838673238e-33
outer loop
vertex 129.28716896312645 15.953471705161153 1.9999999999999998
vertex 129.65808594936334 16.779289360133227 0.7999999999999999
vertex 129.65808594936334 16.779289360133227 1.9999999999999998
endloop
endfacet
facet normal 0.9100605109633897 -0.4144754110741121 2.690089677755238e-33
outer loop
vertex 130.40317061533185 18.422712822413228 0.7999999999999999
vertex 130.03129884605914 17.603844480197754 1.9999999999999998
vertex 130.03129884605914 17.603844480197754 0.7999999999999999
endloop
endfacet
facet normal 0.910767319310372 -0.4129199560159316 2.6634119471485742e-33
outer loop
vertex 130.03129884605914 17.603844480197754 1.9999999999999998
vertex 130.40317061533185 18.422712822413228 0.7999999999999999
vertex 130.40317061533185 18.422712822413228 1.9999999999999998
endloop
endfacet
facet normal -0.9999051738245908 -0.01377110594015789 4.233401925014057e-33
outer loop
vertex 75.89215614002092 33.85539970745711 1.9999999999999998
vertex 76.01907018503215 31.969028293675233 0.7999999999999999
vertex 76.01907018503215 31.969028293675233 1.9999999999999998
endloop
endfacet
facet normal -0.9928344931653752 -0.11949756977048805 5.825016197871027e-33
outer loop
vertex 76.01907018503215 31.969028293675233 0.7999999999999999
vertex 75.89215614002092 33.85539970745711 1.9999999999999998
vertex 75.89215614002092 33.85539970745711 0.7999999999999999
endloop
endfacet
facet normal 0.913385630797015 -0.407095430401201 2.5636292570624005e-33
outer loop
vertex 131.321450788448 20.445062825124744 0.7999999999999999
vertex 130.84158918993032 19.382585052457365 1.9999999999999998
vertex 130.84158918993032 19.382585052457365 0.7999999999999999
endloop
endfacet
facet normal 0.9104873624155818 -0.41353689422047624 2.6739915590326023e-33
outer loop
vertex 130.84158918993032 19.382585052457365 1.9999999999999998
vertex 131.321450788448 20.445062825124744 0.7999999999999999
vertex 131.321450788448 20.445062825124744 1.9999999999999998
endloop
endfacet
facet normal 0.6242269272641535 -0.7812430756674604 9.459952025604371e-33
outer loop
vertex 122.59480532595846 6.372588725691298 1.9999999999999998
vertex 118.93830885128781 4.0192156640228776 0.7999999999999999
vertex 122.59480532595846 6.372588725691298 0.7999999999999999
endloop
endfacet
facet normal 0.4719367895991096 -0.8816323874625329 1.1610856024950166e-32
outer loop
vertex 118.93830885128781 4.0192156640228776 0.7999999999999999
vertex 122.59480532595846 6.372588725691298 1.9999999999999998
vertex 118.93830885128781 4.0192156640228776 1.9999999999999998
endloop
endfacet
facet normal 0.8789249666876352 -0.4769600642958898 3.772799786750725e-33
outer loop
vertex 127.98548982944375 13.049835314457995 0.7999999999999999
vertex 125.59275445837224 9.317125705197189 1.9999999999999998
vertex 125.59275445837224 9.317125705197189 0.7999999999999999
endloop
endfacet
facet normal 0.7761807459368895 -0.6305104675077597 6.538985215001448e-33
outer loop
vertex 125.59275445837224 9.317125705197189 1.9999999999999998
vertex 127.98548982944375 13.049835314457995 0.7999999999999999
vertex 127.98548982944375 13.049835314457995 1.9999999999999998
endloop
endfacet
facet normal 0.008123937008620331 -0.9999670002792493 1.528992117739843e-32
outer loop
vertex 105.39040060600541 0.8000000000000211 1.9999999999999998
vertex 100.6847259182528 1.0339086698221494 0.7999999999999999
vertex 105.39040060600541 0.8000000000000211 0.7999999999999999
endloop
endfacet
facet normal -0.10954141170687857 -0.993982232799593 1.567155625311483e-32
outer loop
vertex 100.6847259182528 1.0339086698221494 0.7999999999999999
vertex 105.39040060600541 0.8000000000000211 1.9999999999999998
vertex 100.6847259182528 1.0339086698221494 1.9999999999999998
endloop
endfacet
facet normal -0.9702360025783279 -0.24216130843061456 7.613697389174777e-33
outer loop
vertex 76.3384966516061 30.134484382156995 1.9999999999999998
vertex 77.09200332509192 27.83607010059623 0.7999999999999999
vertex 77.09200332509192 27.83607010059623 1.9999999999999998
endloop
endfacet
facet normal -0.9456663163589665 -0.32513876745793197 8.786331788431165e-33
outer loop
vertex 77.09200332509192 27.83607010059623 0.7999999999999999
vertex 76.3384966516061 30.134484382156995 1.9999999999999998
vertex 76.3384966516061 30.134484382156995 0.7999999999999999
endloop
endfacet
facet normal 0.1444833103469826 -0.9895072374829695 1.4581103085714367e-32
outer loop
vertex 110.08698465077553 1.1100242699701668 1.9999999999999998
vertex 105.39040060600541 0.8000000000000211 0.7999999999999999
vertex 110.08698465077553 1.1100242699701668 0.7999999999999999
endloop
endfacet
facet normal 0.008123937008620331 -0.9999670002792493 1.528992117739843e-32
outer loop
vertex 105.39040060600541 0.8000000000000211 0.7999999999999999
vertex 110.08698465077553 1.1100242699701668 1.9999999999999998
vertex 105.39040060600541 0.8000000000000211 1.9999999999999998
endloop
endfacet
facet normal -0.012215358917154747 -0.9999253897199156 1.5371103827888223e-32
outer loop
vertex 73.49461995377546 35.820276619724574 1.9999999999999998
vertex 71.64345043525158 35.842891007075615 0.7999999999999999
vertex 73.49461995377546 35.820276619724574 0.7999999999999999
endloop
endfacet
facet normal -0.012215358917154747 -0.9999253897199156 1.5371103827888223e-32
outer loop
vertex 71.64345043525158 35.842891007075615 0.7999999999999999
vertex 73.49461995377546 35.820276619724574 1.9999999999999998
vertex 71.64345043525158 35.842891007075615 1.9999999999999998
endloop
endfacet
facet normal -0.26302220365982354 -0.9647897804091471 1.584165466925705e-32
outer loop
vertex 75.96192751558686 35.61481935040976 1.9999999999999998
vertex 75.28868398586671 35.79835984843578 0.7999999999999999
vertex 75.96192751558686 35.61481935040976 0.7999999999999999
endloop
endfacet
facet normal -0.1387355640192464 -0.9903294619853849 1.5733025732949917e-32
outer loop
vertex 75.28868398586671 35.79835984843578 0.7999999999999999
vertex 75.96192751558686 35.61481935040976 1.9999999999999998
vertex 75.28868398586671 35.79835984843578 1.9999999999999998
endloop
endfacet
facet normal -0.7905753235212035 -0.6123648078060534 1.2563632326991052e-32
outer loop
vertex 85.48567215607316 9.93054004581782 1.9999999999999998
vertex 88.52565083011034 6.555458661906791 0.7999999999999999
vertex 88.52565083011034 6.555458661906791 1.9999999999999998
endloop
endfacet
facet normal -0.6832087254207397 -0.7302231422715719 1.393767742616868e-32
outer loop
vertex 88.52565083011034 6.555458661906791 0.7999999999999999
vertex 85.48567215607316 9.93054004581782 1.9999999999999998
vertex 85.48567215607316 9.93054004581782 0.7999999999999999
endloop
endfacet
facet normal -0.9992146308359238 0.03962475896997833 3.412433450901742e-33
outer loop
vertex 75.96192751558686 35.61481935040976 1.9999999999999998
vertex 75.89215614002092 33.85539970745711 0.7999999999999999
vertex 75.89215614002092 33.85539970745711 1.9999999999999998
endloop
endfacet
facet normal -0.9999051738245908 -0.01377110594015789 4.233401925014057e-33
outer loop
vertex 75.89215614002092 33.85539970745711 0.7999999999999999
vertex 75.96192751558686 35.61481935040976 1.9999999999999998
vertex 75.96192751558686 35.61481935040976 0.7999999999999999
endloop
endfacet
facet normal -0.9456663163589665 -0.32513876745793197 8.786331788431165e-33
outer loop
vertex 77.09200332509192 27.83607010059623 1.9999999999999998
vertex 78.79073449042009 23.11685507046753 0.7999999999999999
vertex 78.79073449042009 23.11685507046753 1.9999999999999998
endloop
endfacet
facet normal -0.9359550741278515 -0.3521194388475708 9.160693450511135e-33
outer loop
vertex 78.79073449042009 23.11685507046753 0.7999999999999999
vertex 77.09200332509192 27.83607010059623 1.9999999999999998
vertex 77.09200332509192 27.83607010059623 0.7999999999999999
endloop
endfacet
facet normal -0.5260256885710082 -0.8504686795899054 1.5147901953009296e-32
outer loop
vertex 92.12149595149076 3.725852599558047 1.9999999999999998
vertex 88.52565083011034 6.555458661906791 0.7999999999999999
vertex 92.12149595149076 3.725852599558047 0.7999999999999999
endloop
endfacet
facet normal -0.6832087254207397 -0.7302231422715719 1.393767742616868e-32
outer loop
vertex 88.52565083011034 6.555458661906791 0.7999999999999999
vertex 92.12149595149076 3.725852599558047 1.9999999999999998
vertex 88.52565083011034 6.555458661906791 1.9999999999999998
endloop
endfacet
facet normal -0.1387355640192464 -0.9903294619853849 1.5733025732949917e-32
outer loop
vertex 75.28868398586671 35.79835984843578 1.9999999999999998
vertex 73.49461995377546 35.820276619724574 0.7999999999999999
vertex 75.28868398586671 35.79835984843578 0.7999999999999999
endloop
endfacet
facet normal -0.012215358917152268 -0.9999253897199157 1.5371103827888215e-32
outer loop
vertex 73.49461995377546 35.820276619724574 0.7999999999999999
vertex 75.28868398586671 35.79835984843578 1.9999999999999998
vertex 73.49461995377546 35.820276619724574 1.9999999999999998
endloop
endfacet
facet normal 4.0227672513342136e-33 1.5323107543418577e-32 1.0
outer loop
vertex 65.6867851943322 33.654403004042855 1.9999999999999998
vertex 65.63847841668031 35.43616669114399 1.9999999999999998
vertex 65.53885767094718 31.7650154663553 1.9999999999999998
endloop
endfacet
facet normal 4.0227672513342136e-33 1.5323107543418577e-32 1.0
outer loop
vertex 76.01907018503215 31.969028293675233 1.9999999999999998
vertex 75.96192751558686 35.61481935040976 1.9999999999999998
vertex 75.89215614002092 33.85539970745711 1.9999999999999998
endloop
endfacet
facet normal 4.0227672513342136e-33 1.5323107543418577e-32 1.0
outer loop
vertex 77.09200332509192 27.83607010059623 1.9999999999999998
vertex 77.2324643863403 32.360409885981184 1.9999999999999998
vertex 77.16479963120065 34.06260593148583 1.9999999999999998
endloop
endfacet
facet normal 4.0227672513342136e-33 1.5323107543418577e-32 1.0
outer loop
vertex 77.2324643863403 32.360409885981184 1.9999999999999998
vertex 77.09200332509192 27.83607010059623 1.9999999999999998
vertex 77.48495777489039 30.687938743170182 1.9999999999999998
endloop
endfacet
facet normal 4.0227672513342136e-33 1.5323107543418577e-32 1.0
outer loop
vertex 77.48495777489039 30.687938743170182 1.9999999999999998
vertex 77.09200332509192 27.83607010059623 1.9999999999999998
vertex 78.79073449042009 23.11685507046753 1.9999999999999998
endloop
endfacet
facet normal 4.0227672513342136e-33 1.5323107543418577e-32 1.0
outer loop
vertex 77.48495777489039 30.687938743170182 1.9999999999999998
vertex 78.79073449042009 23.11685507046753 1.9999999999999998
vertex 78.12847352432013 28.646596063363408 1.9999999999999998
endloop
endfacet
facet normal 4.0227672513342136e-33 1.5323107543418577e-32 1.0
outer loop
vertex 78.12847352432013 28.646596063363408 1.9999999999999998
vertex 78.79073449042009 23.11685507046753 1.9999999999999998
vertex 79.86568116540957 23.813644647788383 1.9999999999999998
endloop
endfacet
facet normal 4.0227672513342136e-33 1.5323107543418577e-32 1.0
outer loop
vertex 79.86568116540957 23.813644647788383 1.9999999999999998
vertex 78.79073449042009 23.11685507046753 1.9999999999999998
vertex 80.62660583949196 18.44118596935949 1.9999999999999998
endloop
endfacet
facet normal 4.0227672513342136e-33 1.5323107543418577e-32 1.0
outer loop
vertex 79.86568116540957 23.813644647788383 1.9999999999999998
vertex 80.62660583949196 18.44118596935949 1.9999999999999998
vertex 81.74336827348172 19.006150872127414 1.9999999999999998
endloop
endfacet
facet normal 4.0227672513342136e-33 1.5323107543418577e-32 1.0
outer loop
vertex 81.74336827348172 19.006150872127414 1.9999999999999998
vertex 80.62660583949196 18.44118596935949 1.9999999999999998
vertex 82.82627494311136 13.946681484104936 1.9999999999999998
endloop
endfacet
facet normal 4.0227672513342136e-33 1.5323107543418577e-32 1.0
outer loop
vertex 81.74336827348172 19.006150872127414 1.9999999999999998
vertex 82.82627494311136 13.946681484104936 1.9999999999999998
vertex 84.00783372336721 14.399348867488786 1.9999999999999998
endloop
endfacet
facet normal 4.0227672513342136e-33 1.5323107543418577e-32 1.0
outer loop
vertex 84.00783372336721 14.399348867488786 1.9999999999999998
vertex 82.82627494311136 13.946681484104936 1.9999999999999998
vertex 85.48567215607316 9.93054004581782 1.9999999999999998
endloop
endfacet
facet normal 4.0227672513342136e-33 1.5323107543418577e-32 1.0
outer loop
vertex 84.00783372336721 14.399348867488786 1.9999999999999998
vertex 85.48567215607316 9.93054004581782 1.9999999999999998
vertex 86.69235099701869 10.420028915822252 1.9999999999999998
endloop
endfacet
facet normal 4.0227672513342136e-33 1.5323107543418577e-32 1.0
outer loop
vertex 86.69235099701869 10.420028915822252 1.9999999999999998
vertex 85.48567215607316 9.93054004581782 1.9999999999999998
vertex 88.52565083011034 6.555458661906791 1.9999999999999998
endloop
endfacet
facet normal 4.0227672513342136e-33 1.5323107543418577e-32 1.0
outer loop
vertex 86.69235099701869 10.420028915822252 1.9999999999999998
vertex 88.52565083011034 6.555458661906791 1.9999999999999998
vertex 89.73323644990175 7.140857542928097 1.9999999999999998
endloop
endfacet
facet normal 4.0227672513342136e-33 1.5323107543418577e-32 1.0
outer loop
vertex 89.73323644990175 7.140857542928097 1.9999999999999998
vertex 88.52565083011034 6.555458661906791 1.9999999999999998
vertex 92.12149595149076 3.725852599558047 1.9999999999999998
endloop
endfacet
facet normal 4.0227672513342136e-33 1.5323107543418577e-32 1.0
outer loop
vertex 89.73323644990175 7.140857542928097 1.9999999999999998
vertex 92.12149595149076 3.725852599558047 1.9999999999999998
vertex 93.33360151996081 4.451939803255539 1.9999999999999998
endloop
endfacet
facet normal 4.0227672513342136e-33 1.5323107543418577e-32 1.0
outer loop
vertex 93.33360151996081 4.451939803255539 1.9999999999999998
vertex 92.12149595149076 3.725852599558047 1.9999999999999998
vertex 96.19016419634964 1.8047666213159714 1.9999999999999998
endloop
endfacet
facet normal 4.0227672513342136e-33 1.5323107543418577e-32 1.0
outer loop
vertex 93.33360151996081 4.451939803255539 1.9999999999999998
vertex 96.19016419634964 1.8047666213159714 1.9999999999999998
vertex 97.39534191309443 2.7660914126284637 1.9999999999999998
endloop
endfacet
facet normal 4.0227672513342136e-33 1.5323107543418577e-32 1.0
outer loop
vertex 97.39534191309443 2.7660914126284637 1.9999999999999998
vertex 96.19016419634964 1.8047666213159714 1.9999999999999998
vertex 100.6847259182528 1.0339086698221494 1.9999999999999998
endloop
endfacet
facet normal 4.0227672513342136e-33 1.5323107543418577e-32 1.0
outer loop
vertex 97.39534191309443 2.7660914126284637 1.9999999999999998
vertex 100.6847259182528 1.0339086698221494 1.9999999999999998
vertex 101.94522118721387 2.182602165389061 1.9999999999999998
endloop
endfacet
facet normal 4.0227672513342136e-33 1.5323107543418577e-32 1.0
outer loop
vertex 101.94522118721387 2.182602165389061 1.9999999999999998
vertex 100.6847259182528 1.0339086698221494 1.9999999999999998
vertex 105.39040060600541 0.8000000000000211 1.9999999999999998
endloop
endfacet
facet normal 4.0227672513342136e-33 1.5323107543418577e-32 1.0
outer loop
vertex 101.94522118721387 2.182602165389061 1.9999999999999998
vertex 105.39040060600541 0.8000000000000211 1.9999999999999998
vertex 106.68360175789499 2.0748230420915776 1.9999999999999998
endloop
endfacet
facet normal 4.0227672513342136e-33 1.5323107543418577e-32 1.0
outer loop
vertex 106.68360175789499 2.0748230420915776 1.9999999999999998
vertex 105.39040060600541 0.8000000000000211 1.9999999999999998
vertex 110.08698465077553 1.1100242699701668 1.9999999999999998
endloop
endfacet
facet normal 4.0227672513342136e-33 1.5323107543418577e-32 1.0
outer loop
vertex 106.68360175789499 2.0748230420915776 1.9999999999999998
vertex 110.08698465077553 1.1100242699701668 1.9999999999999998
vertex 111.3764925738344 2.5921608105891 1.9999999999999998
endloop
endfacet
facet normal 4.0227672513342136e-33 1.5323107543418577e-32 1.0
outer loop
vertex 111.3764925738344 2.5921608105891 1.9999999999999998
vertex 110.08698465077553 1.1100242699701668 1.9999999999999998
vertex 114.65063043068473 2.150048539692247 1.9999999999999998
endloop
endfacet
facet normal 4.0227672513342136e-33 1.5323107543418577e-32 1.0
outer loop
vertex 111.3764925738344 2.5921608105891 1.9999999999999998
vertex 114.65063043068473 2.150048539692247 1.9999999999999998
vertex 115.87445400493448 3.9438888012744737 1.9999999999999998
endloop
endfacet
facet normal 4.0227672513342136e-33 1.5323107543418577e-32 1.0
outer loop
vertex 115.87445400493448 3.9438888012744737 1.9999999999999998
vertex 114.65063043068473 2.150048539692247 1.9999999999999998
vertex 118.93830885128781 4.0192156640228776 1.9999999999999998
endloop
endfacet
facet normal 4.0227672513342136e-33 1.5323107543418577e-32 1.0
outer loop
vertex 115.87445400493448 3.9438888012744737 1.9999999999999998
vertex 118.93830885128781 4.0192156640228776 1.9999999999999998
vertex 119.89081380905786 6.0063372785232545 1.9999999999999998
endloop
endfacet
facet normal 4.0227672513342136e-33 1.5323107543418577e-32 1.0
outer loop
vertex 119.89081380905786 6.0063372785232545 1.9999999999999998
vertex 118.93830885128781 4.0192156640228776 1.9999999999999998
vertex 122.59480532595846 6.372588725691298 1.9999999999999998
endloop
endfacet
facet normal 4.0227672513342136e-33 1.5323107543418577e-32 1.0
outer loop
vertex 119.89081380905786 6.0063372785232545 1.9999999999999998
vertex 122.59480532595846 6.372588725691298 1.9999999999999998
vertex 123.1933881333004 8.552317626475292 1.9999999999999998
endloop
endfacet
facet normal 4.0227672513342136e-33 1.5323107543418577e-32 1.0
outer loop
vertex 123.1933881333004 8.552317626475292 1.9999999999999998
vertex 122.59480532595846 6.372588725691298 1.9999999999999998
vertex 125.59275445837224 9.317125705197189 1.9999999999999998
endloop
endfacet
facet normal 4.0227672513342136e-33 1.5323107543418577e-32 1.0
outer loop
vertex 123.1933881333004 8.552317626475292 1.9999999999999998
vertex 125.59275445837224 9.317125705197189 1.9999999999999998
vertex 125.84432242192658 11.806096508644208 1.9999999999999998
endloop
endfacet
facet normal 4.0227672513342136e-33 1.5323107543418577e-32 1.0
outer loop
vertex 125.84432242192658 11.806096508644208 1.9999999999999998
vertex 125.59275445837224 9.317125705197189 1.9999999999999998
vertex 127.98548982944375 13.049835314457995 1.9999999999999998
endloop
endfacet
facet normal 4.0227672513342136e-33 1.5323107543418577e-32 1.0
outer loop
vertex 125.84432242192658 11.806096508644208 1.9999999999999998
vertex 127.98548982944375 13.049835314457995 1.9999999999999998
vertex 127.61332056854475 15.246269695056107 1.9999999999999998
endloop
endfacet
facet normal 4.0227672513342136e-33 1.5323107543418577e-32 1.0
outer loop
vertex 127.61332056854475 15.246269695056107 1.9999999999999998
vertex 127.98548982944375 13.049835314457995 1.9999999999999998
vertex 127.9920120088203 16.119611424292938 1.9999999999999998
endloop
endfacet
facet normal 4.0227672513342136e-33 1.5323107543418577e-32 1.0
outer loop
vertex 127.9920120088203 16.119611424292938 1.9999999999999998
vertex 127.98548982944375 13.049835314457995 1.9999999999999998
vertex 128.9229753673686 15.124834217051122 1.9999999999999998
endloop
endfacet
facet normal 4.0227672513342136e-33 1.5323107543418577e-32 1.0
outer loop
vertex 127.9920120088203 16.119611424292938 1.9999999999999998
vertex 128.9229753673686 15.124834217051122 1.9999999999999998
vertex 128.37992198316712 16.989201808680313 1.9999999999999998
endloop
endfacet
facet normal 4.0227672513342136e-33 1.5323107543418577e-32 1.0
outer loop
vertex 128.37992198316712 16.989201808680313 1.9999999999999998
vertex 128.9229753673686 15.124834217051122 1.9999999999999998
vertex 128.77206917624193 17.856793554858875 1.9999999999999998
endloop
endfacet
facet normal 4.0227672513342136e-33 1.5323107543418577e-32 1.0
outer loop
vertex 128.77206917624193 17.856793554858875 1.9999999999999998
vertex 128.9229753673686 15.124834217051122 1.9999999999999998
vertex 129.12167591373372 18.63030258806618 1.9999999999999998
endloop
endfacet
facet normal 4.0227672513342136e-33 1.5323107543418577e-32 1.0
outer loop
vertex 129.12167591373372 18.63030258806618 1.9999999999999998
vertex 128.9229753673686 15.124834217051122 1.9999999999999998
vertex 129.28716896312645 15.953471705161153 1.9999999999999998
endloop
endfacet
facet normal 4.0227672513342136e-33 1.5323107543418577e-32 1.0
outer loop
vertex 129.12167591373372 18.63030258806618 1.9999999999999998
vertex 129.28716896312645 15.953471705161153 1.9999999999999998
vertex 129.48257140165796 19.430412882269255 1.9999999999999998
endloop
endfacet
facet normal 4.0227672513342136e-33 1.5323107543418577e-32 1.0
outer loop
vertex 129.48257140165796 19.430412882269255 1.9999999999999998
vertex 129.28716896312645 15.953471705161153 1.9999999999999998
vertex 129.65808594936334 16.779289360133227 1.9999999999999998
endloop
endfacet
facet normal 4.0227672513342136e-33 1.5323107543418577e-32 1.0
outer loop
vertex 129.48257140165796 19.430412882269255 1.9999999999999998
vertex 129.65808594936334 16.779289360133227 1.9999999999999998
vertex 129.89913222483648 20.360263987346716 1.9999999999999998
endloop
endfacet
facet normal 4.0227672513342136e-33 1.5323107543418577e-32 1.0
outer loop
vertex 129.89913222483648 20.360263987346716 1.9999999999999998
vertex 129.65808594936334 16.779289360133227 1.9999999999999998
vertex 130.03129884605914 17.603844480197754 1.9999999999999998
endloop
endfacet
facet normal 4.0227672513342136e-33 1.5323107543418577e-32 1.0
outer loop
vertex 129.89913222483648 20.360263987346716 1.9999999999999998
vertex 130.03129884605914 17.603844480197754 1.9999999999999998
vertex 130.33966154211944 21.3559606300839 1.9999999999999998
endloop
endfacet
facet normal 4.0227672513342136e-33 1.5323107543418577e-32 1.0
outer loop
vertex 130.33966154211944 21.3559606300839 1.9999999999999998
vertex 130.03129884605914 17.603844480197754 1.9999999999999998
vertex 130.40317061533185 18.422712822413228 1.9999999999999998
endloop
endfacet
facet normal 4.0227672513342136e-33 1.5323107543418577e-32 1.0
outer loop
vertex 130.33966154211944 21.3559606300839 1.9999999999999998
vertex 130.40317061533185 18.422712822413228 1.9999999999999998
vertex 130.77246251235692 22.353607537266218 1.9999999999999998
endloop
endfacet
facet normal 4.0227672513342136e-33 1.5323107543418577e-32 1.0
outer loop
vertex 130.77246251235692 22.353607537266218 1.9999999999999998
vertex 130.40317061533185 18.422712822413228 1.9999999999999998
vertex 130.84158918993032 19.382585052457365 1.9999999999999998
endloop
endfacet
facet normal 4.0227672513342136e-33 1.5323107543418577e-32 1.0
outer loop
vertex 130.77246251235692 22.353607537266218 1.9999999999999998
vertex 130.84158918993032 19.382585052457365 1.9999999999999998
vertex 131.16583829439915 23.289309435678994 1.9999999999999998
endloop
endfacet
facet normal 4.0227672513342136e-33 1.5323107543418577e-32 1.0
outer loop
vertex 131.16583829439915 23.289309435678994 1.9999999999999998
vertex 130.84158918993032 19.382585052457365 1.9999999999999998
vertex 131.321450788448 20.445062825124744 1.9999999999999998
endloop
endfacet
facet normal 4.0227672513342136e-33 1.5323107543418577e-32 1.0
outer loop
vertex 131.16583829439915 23.289309435678994 1.9999999999999998
vertex 131.321450788448 20.445062825124744 1.9999999999999998
vertex 131.48809204709627 24.099171052107614 1.9999999999999998
endloop
endfacet
facet normal 4.0227672513342136e-33 1.5323107543418577e-32 1.0
outer loop
vertex 131.48809204709627 24.099171052107614 1.9999999999999998
vertex 131.321450788448 20.445062825124744 1.9999999999999998
vertex 131.80512678697914 21.54487367525924 1.9999999999999998
endloop
endfacet
facet normal 4.0227672513342136e-33 1.5323107543418577e-32 1.0
outer loop
vertex 131.48809204709627 24.099171052107614 1.9999999999999998
vertex 131.80512678697914 21.54487367525924 1.9999999999999998
vertex 131.70752692929844 24.7192971133374 1.9999999999999998
endloop
endfacet
facet normal 4.0227672513342136e-33 1.5323107543418577e-32 1.0
outer loop
vertex 10.209027231603896 20.563324609874343 1.9999999999999998
vertex 9.875726929298436 24.7192971133374 1.9999999999999998
vertex 9.727192870557602 21.66326151052318 1.9999999999999998
endloop
endfacet
facet normal 4.0227672513342136e-33 1.5323107543418577e-32 1.0
outer loop
vertex 9.875726929298436 24.7192971133374 1.9999999999999998
vertex 10.209027231603896 20.563324609874343 1.9999999999999998
vertex 10.095161811500573 24.099171052107614 1.9999999999999998
endloop
endfacet
facet normal 4.0227672513342136e-33 1.5323107543418577e-32 1.0
outer loop
vertex 10.095161811500573 24.099171052107614 1.9999999999999998
vertex 10.209027231603896 20.563324609874343 1.9999999999999998
vertex 10.417415564197704 23.289309435678994 1.9999999999999998
endloop
endfacet
facet normal 4.0227672513342136e-33 1.5323107543418577e-32 1.0
outer loop
vertex 10.417415564197704 23.289309435678994 1.9999999999999998
vertex 10.209027231603896 20.563324609874343 1.9999999999999998
vertex 10.691115267374165 19.493664051134147 1.9999999999999998
endloop
endfacet
facet normal 4.0227672513342136e-33 1.5323107543418577e-32 1.0
outer loop
vertex 10.417415564197704 23.289309435678994 1.9999999999999998
vertex 10.691115267374165 19.493664051134147 1.9999999999999998
vertex 10.81079134623994 22.353607537266218 1.9999999999999998
endloop
endfacet
facet normal 4.0227672513342136e-33 1.5323107543418577e-32 1.0
outer loop
vertex 10.81079134623994 22.353607537266218 1.9999999999999998
vertex 10.691115267374165 19.493664051134147 1.9999999999999998
vertex 11.135828340910017 18.519552333781313 1.9999999999999998
endloop
endfacet
facet normal 4.0227672513342136e-33 1.5323107543418577e-32 1.0
outer loop
vertex 10.81079134623994 22.353607537266218 1.9999999999999998
vertex 11.135828340910017 18.519552333781313 1.9999999999999998
vertex 11.243592316477438 21.3559606300839 1.9999999999999998
endloop
endfacet
facet normal 4.0227672513342136e-33 1.5323107543418577e-32 1.0
outer loop
vertex 11.243592316477438 21.3559606300839 1.9999999999999998
vertex 11.135828340910017 18.519552333781313 1.9999999999999998
vertex 11.511656309577782 17.69297593396551 1.9999999999999998
endloop
endfacet
facet normal 4.0227672513342136e-33 1.5323107543418577e-32 1.0
outer loop
vertex 11.243592316477438 21.3559606300839 1.9999999999999998
vertex 11.511656309577782 17.69297593396551 1.9999999999999998
vertex 11.684121633760375 20.360263987346716 1.9999999999999998
endloop
endfacet
facet normal 4.0227672513342136e-33 1.5323107543418577e-32 1.0
outer loop
vertex 11.684121633760375 20.360263987346716 1.9999999999999998
vertex 11.511656309577782 17.69297593396551 1.9999999999999998
vertex 11.884852124492404 16.868464231597002 1.9999999999999998
endloop
endfacet
facet normal 4.0227672513342136e-33 1.5323107543418577e-32 1.0
outer loop
vertex 11.684121633760375 20.360263987346716 1.9999999999999998
vertex 11.884852124492404 16.868464231597002 1.9999999999999998
vertex 12.10068245693889 19.430412882269255 1.9999999999999998
endloop
endfacet
facet normal 4.0227672513342136e-33 1.5323107543418577e-32 1.0
outer loop
vertex 12.10068245693889 19.430412882269255 1.9999999999999998
vertex 11.884852124492404 16.868464231597002 1.9999999999999998
vertex 12.256230749067576 16.042858195081198 1.9999999999999998
endloop
endfacet
facet normal 4.0227672513342136e-33 1.5323107543418577e-32 1.0
outer loop
vertex 12.10068245693889 19.430412882269255 1.9999999999999998
vertex 12.256230749067576 16.042858195081198 1.9999999999999998
vertex 12.461577944863155 18.63030258806618 1.9999999999999998
endloop
endfacet
facet normal 4.0227672513342136e-33 1.5323107543418577e-32 1.0
outer loop
vertex 12.461577944863155 18.63030258806618 1.9999999999999998
vertex 12.256230749067576 16.042858195081198 1.9999999999999998
vertex 12.621364701227012 15.214600525291427 1.9999999999999998
endloop
endfacet
facet normal 4.0227672513342136e-33 1.5323107543418577e-32 1.0
outer loop
vertex 12.461577944863155 18.63030258806618 1.9999999999999998
vertex 12.621364701227012 15.214600525291427 1.9999999999999998
vertex 12.811184682354922 17.856793554858875 1.9999999999999998
endloop
endfacet
facet normal 4.0227672513342136e-33 1.5323107543418577e-32 1.0
outer loop
vertex 12.811184682354922 17.856793554858875 1.9999999999999998
vertex 12.621364701227012 15.214600525291427 1.9999999999999998
vertex 13.373094859397122 13.508875781257947 1.9999999999999998
endloop
endfacet
facet normal 4.0227672513342136e-33 1.5323107543418577e-32 1.0
outer loop
vertex 12.811184682354922 17.856793554858875 1.9999999999999998
vertex 13.373094859397122 13.508875781257947 1.9999999999999998
vertex 13.203331875429736 16.989201808680313 1.9999999999999998
endloop
endfacet
facet normal 4.0227672513342136e-33 1.5323107543418577e-32 1.0
outer loop
vertex 13.203331875429736 16.989201808680313 1.9999999999999998
vertex 13.373094859397122 13.508875781257947 1.9999999999999998
vertex 13.591241849776576 16.119611424292938 1.9999999999999998
endloop
endfacet
facet normal 4.0227672513342136e-33 1.5323107543418577e-32 1.0
outer loop
vertex 13.591241849776576 16.119611424292938 1.9999999999999998
vertex 13.373094859397122 13.508875781257947 1.9999999999999998
vertex 15.703595327441713 9.67915822791066 1.9999999999999998
endloop
endfacet
facet normal 4.0227672513342136e-33 1.5323107543418577e-32 1.0
outer loop
vertex 13.591241849776576 16.119611424292938 1.9999999999999998
vertex 15.703595327441713 9.67915822791066 1.9999999999999998
vertex 13.969933290052094 15.246269695056107 1.9999999999999998
endloop
endfacet
facet normal 4.0227672513342136e-33 1.5323107543418577e-32 1.0
outer loop
vertex 13.969933290052094 15.246269695056107 1.9999999999999998
vertex 15.703595327441713 9.67915822791066 1.9999999999999998
vertex 15.738931436670297 11.806096508644208 1.9999999999999998
endloop
endfacet
facet normal 4.0227672513342136e-33 1.5323107543418577e-32 1.0
outer loop
vertex 15.738931436670297 11.806096508644208 1.9999999999999998
vertex 15.703595327441713 9.67915822791066 1.9999999999999998
vertex 18.633544155911018 6.658910888979292 1.9999999999999998
endloop
endfacet
facet normal 4.0227672513342136e-33 1.5323107543418577e-32 1.0
outer loop
vertex 15.738931436670297 11.806096508644208 1.9999999999999998
vertex 18.633544155911018 6.658910888979292 1.9999999999999998
vertex 18.38986572529647 8.552317626475292 1.9999999999999998
endloop
endfacet
facet normal 4.0227672513342136e-33 1.5323107543418577e-32 1.0
outer loop
vertex 18.38986572529647 8.552317626475292 1.9999999999999998
vertex 18.633544155911018 6.658910888979292 1.9999999999999998
vertex 21.692440049539 6.0063372785232545 1.9999999999999998
endloop
endfacet
facet normal 4.0227672513342136e-33 1.5323107543418577e-32 1.0
outer loop
vertex 21.692440049539 6.0063372785232545 1.9999999999999998
vertex 18.633544155911018 6.658910888979292 1.9999999999999998
vertex 22.216275167928615 4.251125307725131 1.9999999999999998
endloop
endfacet
facet normal 4.0227672513342136e-33 1.5323107543418577e-32 1.0
outer loop
vertex 21.692440049539 6.0063372785232545 1.9999999999999998
vertex 22.216275167928615 4.251125307725131 1.9999999999999998
vertex 25.708799853662402 3.9438888012744737 1.9999999999999998
endloop
endfacet
facet normal 4.0227672513342136e-33 1.5323107543418577e-32 1.0
outer loop
vertex 25.708799853662402 3.9438888012744737 1.9999999999999998
vertex 22.216275167928615 4.251125307725131 1.9999999999999998
vertex 26.45242913854261 2.314041444624857 1.9999999999999998
endloop
endfacet
facet normal 4.0227672513342136e-33 1.5323107543418577e-32 1.0
outer loop
vertex 25.708799853662402 3.9438888012744737 1.9999999999999998
vertex 26.45242913854261 2.314041444624857 1.9999999999999998
vertex 30.206761284762475 2.5921608105891 1.9999999999999998
endloop
endfacet
facet normal 4.0227672513342136e-33 1.5323107543418577e-32 1.0
outer loop
vertex 30.206761284762475 2.5921608105891 1.9999999999999998
vertex 26.45242913854261 2.314041444624857 1.9999999999999998
vertex 30.99428396025963 1.1839529472269357 1.9999999999999998
endloop
endfacet
facet normal 4.0227672513342136e-33 1.5323107543418577e-32 1.0
outer loop
vertex 30.206761284762475 2.5921608105891 1.9999999999999998
vertex 30.99428396025963 1.1839529472269357 1.9999999999999998
vertex 34.89965210070185 2.0748230420915776 1.9999999999999998
endloop
endfacet
facet normal 4.0227672513342136e-33 1.5323107543418577e-32 1.0
outer loop
vertex 34.89965210070185 2.0748230420915776 1.9999999999999998
vertex 30.99428396025963 1.1839529472269357 1.9999999999999998
vertex 35.682466900882176 0.8039796706912836 1.9999999999999998
endloop
endfacet
facet normal 4.0227672513342136e-33 1.5323107543418577e-32 1.0
outer loop
vertex 34.89965210070185 2.0748230420915776 1.9999999999999998
vertex 35.682466900882176 0.8039796706912836 1.9999999999999998
vertex 39.63803267138298 2.182602165389061 1.9999999999999998
endloop
endfacet
facet normal 4.0227672513342136e-33 1.5323107543418577e-32 1.0
outer loop
vertex 39.63803267138298 2.182602165389061 1.9999999999999998
vertex 35.682466900882176 0.8039796706912836 1.9999999999999998
vertex 40.3931303661737 0.9880547982387156 1.9999999999999998
endloop
endfacet
facet normal 4.0227672513342136e-33 1.5323107543418577e-32 1.0
outer loop
vertex 39.63803267138298 2.182602165389061 1.9999999999999998
vertex 40.3931303661737 0.9880547982387156 1.9999999999999998
vertex 44.18791194550244 2.7660914126284637 1.9999999999999998
endloop
endfacet
facet normal 4.0227672513342136e-33 1.5323107543418577e-32 1.0
outer loop
vertex 44.18791194550244 2.7660914126284637 1.9999999999999998
vertex 40.3931303661737 0.9880547982387156 1.9999999999999998
vertex 44.928405230681946 1.6667797667597253 1.9999999999999998
endloop
endfacet
facet normal 4.0227672513342136e-33 1.5323107543418577e-32 1.0
outer loop
vertex 44.18791194550244 2.7660914126284637 1.9999999999999998
vertex 44.928405230681946 1.6667797667597253 1.9999999999999998
vertex 48.249652338636054 4.451939803255539 1.9999999999999998
endloop
endfacet
facet normal 4.0227672513342136e-33 1.5323107543418577e-32 1.0
outer loop
vertex 48.249652338636054 4.451939803255539 1.9999999999999998
vertex 44.928405230681946 1.6667797667597253 1.9999999999999998
vertex 49.04321492736972 3.4679007525946983 1.9999999999999998
endloop
endfacet
facet normal 4.0227672513342136e-33 1.5323107543418577e-32 1.0
outer loop
vertex 48.249652338636054 4.451939803255539 1.9999999999999998
vertex 49.04321492736972 3.4679007525946983 1.9999999999999998
vertex 51.8500174086951 7.140857542928097 1.9999999999999998
endloop
endfacet
facet normal 4.0227672513342136e-33 1.5323107543418577e-32 1.0
outer loop
vertex 51.8500174086951 7.140857542928097 1.9999999999999998
vertex 49.04321492736972 3.4679007525946983 1.9999999999999998
vertex 52.69417997653966 6.216790416578674 1.9999999999999998
endloop
endfacet
facet normal 4.0227672513342136e-33 1.5323107543418577e-32 1.0
outer loop
vertex 51.8500174086951 7.140857542928097 1.9999999999999998
vertex 52.69417997653966 6.216790416578674 1.9999999999999998
vertex 54.89090286157817 10.420028915822252 1.9999999999999998
endloop
endfacet
facet normal 4.0227672513342136e-33 1.5323107543418577e-32 1.0
outer loop
vertex 54.89090286157817 10.420028915822252 1.9999999999999998
vertex 52.69417997653966 6.216790416578674 1.9999999999999998
vertex 55.79825686257386 9.55040428941952 1.9999999999999998
endloop
endfacet
facet normal 4.0227672513342136e-33 1.5323107543418577e-32 1.0
outer loop
vertex 54.89090286157817 10.420028915822252 1.9999999999999998
vertex 55.79825686257386 9.55040428941952 1.9999999999999998
vertex 57.575420135229656 14.399348867488786 1.9999999999999998
endloop
endfacet
facet normal 4.0227672513342136e-33 1.5323107543418577e-32 1.0
outer loop
vertex 57.575420135229656 14.399348867488786 1.9999999999999998
vertex 55.79825686257386 9.55040428941952 1.9999999999999998
vertex 58.48784447798961 13.477429999411921 1.9999999999999998
endloop
endfacet
facet normal 4.0227672513342136e-33 1.5323107543418577e-32 1.0
outer loop
vertex 57.575420135229656 14.399348867488786 1.9999999999999998
vertex 58.48784447798961 13.477429999411921 1.9999999999999998
vertex 59.83988558511515 19.006150872127414 1.9999999999999998
endloop
endfacet
facet normal 4.0227672513342136e-33 1.5323107543418577e-32 1.0
outer loop
vertex 59.83988558511515 19.006150872127414 1.9999999999999998
vertex 58.48784447798961 13.477429999411921 1.9999999999999998
vertex 60.74041926850543 17.944105172359798 1.9999999999999998
endloop
endfacet
facet normal 4.0227672513342136e-33 1.5323107543418577e-32 1.0
outer loop
vertex 59.83988558511515 19.006150872127414 1.9999999999999998
vertex 60.74041926850543 17.944105172359798 1.9999999999999998
vertex 61.71757269318729 23.813644647788383 1.9999999999999998
endloop
endfacet
facet normal 4.0227672513342136e-33 1.5323107543418577e-32 1.0
outer loop
vertex 61.71757269318729 23.813644647788383 1.9999999999999998
vertex 60.74041926850543 17.944105172359798 1.9999999999999998
vertex 62.60469310459375 22.606823570380847 1.9999999999999998
endloop
endfacet
facet normal 4.0227672513342136e-33 1.5323107543418577e-32 1.0
outer loop
vertex 61.71757269318729 23.813644647788383 1.9999999999999998
vertex 62.60469310459375 22.606823570380847 1.9999999999999998
vertex 63.454780334276734 28.646596063363408 1.9999999999999998
endloop
endfacet
facet normal 4.0227672513342136e-33 1.5323107543418577e-32 1.0
outer loop
vertex 63.454780334276734 28.646596063363408 1.9999999999999998
vertex 62.60469310459375 22.606823570380847 1.9999999999999998
vertex 64.3073234420096 27.327966561391197 1.9999999999999998
endloop
endfacet
facet normal 4.0227672513342136e-33 1.5323107543418577e-32 1.0
outer loop
vertex 63.454780334276734 28.646596063363408 1.9999999999999998
vertex 64.3073234420096 27.327966561391197 1.9999999999999998
vertex 64.09829608370647 30.687938743170182 1.9999999999999998
endloop
endfacet
facet normal 4.0227672513342136e-33 1.5323107543418577e-32 1.0
outer loop
vertex 64.09829608370647 30.687938743170182 1.9999999999999998
vertex 64.3073234420096 27.327966561391197 1.9999999999999998
vertex 64.35078947225655 32.360409885981184 1.9999999999999998
endloop
endfacet
facet normal 4.0227672513342136e-33 1.5323107543418577e-32 1.0
outer loop
vertex 64.35078947225655 32.360409885981184 1.9999999999999998
vertex 64.3073234420096 27.327966561391197 1.9999999999999998
vertex 65.19886891900525 29.94678334248997 1.9999999999999998
endloop
endfacet
facet normal 4.0227672513342136e-33 1.5323107543418577e-32 1.0
outer loop
vertex 64.35078947225655 32.360409885981184 1.9999999999999998
vertex 65.19886891900525 29.94678334248997 1.9999999999999998
vertex 64.41845422739621 34.06260593148583 1.9999999999999998
endloop
endfacet
facet normal 4.0227672513342136e-33 1.5323107543418577e-32 1.0
outer loop
vertex 64.41845422739621 34.06260593148583 1.9999999999999998
vertex 65.19886891900525 29.94678334248997 1.9999999999999998
vertex 64.68490564037077 38.23408967648525 1.9999999999999998
endloop
endfacet
facet normal 4.0227672513342136e-33 1.5323107543418577e-32 1.0
outer loop
vertex 64.68490564037077 38.23408967648525 1.9999999999999998
vertex 65.19886891900525 29.94678334248997 1.9999999999999998
vertex 65.16487537196622 37.24981612372622 1.9999999999999998
endloop
endfacet
facet normal 4.0227672513342136e-33 1.5323107543418577e-32 1.0
outer loop
vertex 65.16487537196622 37.24981612372622 1.9999999999999998
vertex 65.19886891900525 29.94678334248997 1.9999999999999998
vertex 65.63847841668031 35.43616669114399 1.9999999999999998
endloop
endfacet
facet normal 4.0227672513342136e-33 1.5323107543418577e-32 1.0
outer loop
vertex 65.16487537196622 37.24981612372622 1.9999999999999998
vertex 65.63847841668031 35.43616669114399 1.9999999999999998
vertex 66.3341608609396 37.6908022733169 1.9999999999999998
endloop
endfacet
facet normal 4.0227672513342136e-33 1.5323107543418577e-32 1.0
outer loop
vertex 65.63847841668031 35.43616669114399 1.9999999999999998
vertex 65.19886891900525 29.94678334248997 1.9999999999999998
vertex 65.53885767094718 31.7650154663553 1.9999999999999998
endloop
endfacet
facet normal 4.0227672513342136e-33 1.5323107543418577e-32 1.0
outer loop
vertex 66.3341608609396 37.6908022733169 1.9999999999999998
vertex 65.63847841668031 35.43616669114399 1.9999999999999998
vertex 65.74909327297 35.79169615880905 1.9999999999999998
endloop
endfacet
facet normal 4.0227672513342136e-33 1.5323107543418577e-32 1.0
outer loop
vertex 66.3341608609396 37.6908022733169 1.9999999999999998
vertex 65.74909327297 35.79169615880905 1.9999999999999998
vertex 66.2945694805223 35.79835984364446 1.9999999999999998
endloop
endfacet
facet normal 4.0227672513342136e-33 1.5323107543418577e-32 1.0
outer loop
vertex 66.3341608609396 37.6908022733169 1.9999999999999998
vertex 66.2945694805223 35.79835984364446 1.9999999999999998
vertex 67.11843505922698 35.808424408307815 1.9999999999999998
endloop
endfacet
facet normal 4.0227672513342136e-33 1.5323107543418577e-32 1.0
outer loop
vertex 66.3341608609396 37.6908022733169 1.9999999999999998
vertex 67.11843505922698 35.808424408307815 1.9999999999999998
vertex 67.71282750379308 38.05959727201195 1.9999999999999998
endloop
endfacet
facet normal 4.0227672513342136e-33 1.5323107543418577e-32 1.0
outer loop
vertex 67.71282750379308 38.05959727201195 1.9999999999999998
vertex 67.11843505922698 35.808424408307815 1.9999999999999998
vertex 68.088633535063 35.820276615207504 1.9999999999999998
endloop
endfacet
facet normal 4.0227672513342136e-33 1.5323107543418577e-32 1.0
outer loop
vertex 67.71282750379308 38.05959727201195 1.9999999999999998
vertex 68.088633535063 35.820276615207504 1.9999999999999998
vertex 69.23766332856594 38.27485503412311 1.9999999999999998
endloop
endfacet
facet normal 4.0227672513342136e-33 1.5323107543418577e-32 1.0
outer loop
vertex 69.23766332856594 38.27485503412311 1.9999999999999998
vertex 68.088633535063 35.820276615207504 1.9999999999999998
vertex 69.07310843400921 35.832303226751925 1.9999999999999998
endloop
endfacet
facet normal 4.0227672513342136e-33 1.5323107543418577e-32 1.0
outer loop
vertex 69.23766332856594 38.27485503412311 1.9999999999999998
vertex 69.07310843400921 35.832303226751925 1.9999999999999998
vertex 69.9398032820446 35.84289100534944 1.9999999999999998
endloop
endfacet
facet normal 4.0227672513342136e-33 1.5323107543418577e-32 1.0
outer loop
vertex 69.23766332856594 38.27485503412311 1.9999999999999998
vertex 69.9398032820446 35.84289100534944 1.9999999999999998
vertex 70.88296003179002 38.340483815933744 1.9999999999999998
endloop
endfacet
facet normal 4.0227672513342136e-33 1.5323107543418577e-32 1.0
outer loop
vertex 70.88296003179002 38.340483815933744 1.9999999999999998
vertex 69.9398032820446 35.84289100534944 1.9999999999999998
vertex 70.55666160514804 35.85042671340848 1.9999999999999998
endloop
endfacet
facet normal 4.0227672513342136e-33 1.5323107543418577e-32 1.0
outer loop
vertex 70.88296003179002 38.340483815933744 1.9999999999999998
vertex 70.55666160514804 35.85042671340848 1.9999999999999998
vertex 70.79162692929843 35.853297113337405 1.9999999999999998
endloop
endfacet
facet normal 4.0227672513342136e-33 1.5323107543418577e-32 1.0
outer loop
vertex 70.88296003179002 38.340483815933744 1.9999999999999998
vertex 70.79162692929843 35.853297113337405 1.9999999999999998
vertex 71.64345043525158 35.842891007075615 1.9999999999999998
endloop
endfacet
facet normal 4.0227672513342136e-33 1.5323107543418577e-32 1.0
outer loop
vertex 70.88296003179002 38.340483815933744 1.9999999999999998
vertex 71.64345043525158 35.842891007075615 1.9999999999999998
vertex 72.51671271311488 38.25886705104591 1.9999999999999998
endloop
endfacet
facet normal 4.0227672513342136e-33 1.5323107543418577e-32 1.0
outer loop
vertex 72.51671271311488 38.25886705104591 1.9999999999999998
vertex 71.64345043525158 35.842891007075615 1.9999999999999998
vertex 73.49461995377546 35.820276619724574 1.9999999999999998
endloop
endfacet
facet normal 4.0227672513342136e-33 1.5323107543418577e-32 1.0
outer loop
vertex 72.51671271311488 38.25886705104591 1.9999999999999998
vertex 73.49461995377546 35.820276619724574 1.9999999999999998
vertex 74.02697222619533 38.02719897211451 1.9999999999999998
endloop
endfacet
facet normal 4.0227672513342136e-33 1.5323107543418577e-32 1.0
outer loop
vertex 74.02697222619533 38.02719897211451 1.9999999999999998
vertex 73.49461995377546 35.820276619724574 1.9999999999999998
vertex 75.28868398586671 35.79835984843578 1.9999999999999998
endloop
endfacet
facet normal 4.0227672513342136e-33 1.5323107543418577e-32 1.0
outer loop
vertex 74.02697222619533 38.02719897211451 1.9999999999999998
vertex 75.28868398586671 35.79835984843578 1.9999999999999998
vertex 75.3883136289792 37.641571181073246 1.9999999999999998
endloop
endfacet
facet normal 4.0227672513342136e-33 1.5323107543418577e-32 1.0
outer loop
vertex 75.3883136289792 37.641571181073246 1.9999999999999998
vertex 75.28868398586671 35.79835984843578 1.9999999999999998
vertex 75.96192751558686 35.61481935040976 1.9999999999999998
endloop
endfacet
facet normal 4.0227672513342136e-33 1.5323107543418577e-32 1.0
outer loop
vertex 75.3883136289792 37.641571181073246 1.9999999999999998
vertex 75.96192751558686 35.61481935040976 1.9999999999999998
vertex 76.46490473887252 37.355504359937214 1.9999999999999998
endloop
endfacet
facet normal 4.0227672513342136e-33 1.5323107543418577e-32 1.0
outer loop
vertex 76.46490473887252 37.355504359937214 1.9999999999999998
vertex 75.96192751558686 35.61481935040976 1.9999999999999998
vertex 76.01907018503215 31.969028293675233 1.9999999999999998
endloop
endfacet
facet normal 4.0227672513342136e-33 1.5323107543418577e-32 1.0
outer loop
vertex 76.46490473887252 37.355504359937214 1.9999999999999998
vertex 76.01907018503215 31.969028293675233 1.9999999999999998
vertex 76.3384966516061 30.134484382156995 1.9999999999999998
endloop
endfacet
facet normal 4.0227672513342136e-33 1.5323107543418577e-32 1.0
outer loop
vertex 76.46490473887252 37.355504359937214 1.9999999999999998
vertex 76.3384966516061 30.134484382156995 1.9999999999999998
vertex 77.09200332509192 27.83607010059623 1.9999999999999998
endloop
endfacet
facet normal 4.0227672513342136e-33 1.5323107543418577e-32 1.0
outer loop
vertex 76.46490473887252 37.355504359937214 1.9999999999999998
vertex 77.09200332509192 27.83607010059623 1.9999999999999998
vertex 76.9552954841186 38.340629551435356 1.9999999999999998
endloop
endfacet
facet normal 4.0227672513342136e-33 1.5323107543418577e-32 1.0
outer loop
vertex 76.9552954841186 38.340629551435356 1.9999999999999998
vertex 77.09200332509192 27.83607010059623 1.9999999999999998
vertex 77.16479963120065 34.06260593148583 1.9999999999999998
endloop
endfacet
facet normal 4.0227672513342136e-33 1.5323107543418577e-32 1.0
outer loop
vertex 76.9552954841186 38.340629551435356 1.9999999999999998
vertex 77.16479963120065 34.06260593148583 1.9999999999999998
vertex 77.22137978649559 35.639228942433455 1.9999999999999998
endloop
endfacet
facet normal 4.0227672513342136e-33 1.5323107543418577e-32 1.0
outer loop
vertex 76.9552954841186 38.340629551435356 1.9999999999999998
vertex 77.22137978649559 35.639228942433455 1.9999999999999998
vertex 77.49755706733913 39.31243773016987 1.9999999999999998
endloop
endfacet
facet normal 4.0227672513342136e-33 1.5323107543418577e-32 1.0
outer loop
vertex 77.49755706733913 39.31243773016987 1.9999999999999998
vertex 77.22137978649559 35.639228942433455 1.9999999999999998
vertex 77.31913126457346 36.34410731758497 1.9999999999999998
endloop
endfacet
facet normal 4.0227672513342136e-33 1.5323107543418577e-32 1.0
outer loop
vertex 77.49755706733913 39.31243773016987 1.9999999999999998
vertex 77.31913126457346 36.34410731758497 1.9999999999999998
vertex 77.49935669749307 37.00645990989392 1.9999999999999998
endloop
endfacet
facet normal 4.0227672513342136e-33 1.5323107543418577e-32 1.0
outer loop
vertex 77.49755706733913 39.31243773016987 1.9999999999999998
vertex 77.49935669749307 37.00645990989392 1.9999999999999998
vertex 78.01133295264883 40.23267943018977 1.9999999999999998
endloop
endfacet
facet normal 4.0227672513342136e-33 1.5323107543418577e-32 1.0
outer loop
vertex 78.01133295264883 40.23267943018977 1.9999999999999998
vertex 77.49935669749307 37.00645990989392 1.9999999999999998
vertex 77.75927714990513 37.64741124007413 1.9999999999999998
endloop
endfacet
facet normal 4.0227672513342136e-33 1.5323107543418577e-32 1.0
outer loop
vertex 78.01133295264883 40.23267943018977 1.9999999999999998
vertex 77.75927714990513 37.64741124007413 1.9999999999999998
vertex 78.08958949341616 38.28976717394265 1.9999999999999998
endloop
endfacet
facet normal 4.0227672513342136e-33 1.5323107543418577e-32 1.0
outer loop
vertex 78.01133295264883 40.23267943018977 1.9999999999999998
vertex 78.08958949341616 38.28976717394265 1.9999999999999998
vertex 78.60828798423874 41.472297301553866 1.9999999999999998
endloop
endfacet
facet normal 4.0227672513342136e-33 1.5323107543418577e-32 1.0
outer loop
vertex 78.60828798423874 41.472297301553866 1.9999999999999998
vertex 78.08958949341616 38.28976717394265 1.9999999999999998
vertex 78.50516956597626 39.074012067131406 1.9999999999999998
endloop
endfacet
facet normal 4.0227672513342136e-33 1.5323107543418577e-32 1.0
outer loop
vertex 78.60828798423874 41.472297301553866 1.9999999999999998
vertex 78.50516956597626 39.074012067131406 1.9999999999999998
vertex 78.98021032218388 39.89121052117992 1.9999999999999998
endloop
endfacet
facet normal 4.0227672513342136e-33 1.5323107543418577e-32 1.0
outer loop
vertex 78.60828798423874 41.472297301553866 1.9999999999999998
vertex 78.98021032218388 39.89121052117992 1.9999999999999998
vertex 79.92765763920322 43.50674453042467 1.9999999999999998
endloop
endfacet
facet normal 4.0227672513342136e-33 1.5323107543418577e-32 1.0
outer loop
vertex 79.92765763920322 43.50674453042467 1.9999999999999998
vertex 78.98021032218388 39.89121052117992 1.9999999999999998
vertex 79.45970964826654 40.539572805599235 1.9999999999999998
endloop
endfacet
facet normal 4.0227672513342136e-33 1.5323107543418577e-32 1.0
outer loop
vertex 62.134274575568156 40.5543909290229 1.9999999999999998
vertex 63.093155692764526 41.227067832676035 1.9999999999999998
vertex 61.817269070548164 43.30667540933311 1.9999999999999998
endloop
endfacet
facet normal 4.0227672513342136e-33 1.5323107543418577e-32 1.0
outer loop
vertex 63.093155692764526 41.227067832676035 1.9999999999999998
vertex 62.134274575568156 40.5543909290229 1.9999999999999998
vertex 62.62443001728801 39.92074423286448 1.9999999999999998
endloop
endfacet
facet normal 4.0227672513342136e-33 1.5323107543418577e-32 1.0
outer loop
vertex 63.093155692764526 41.227067832676035 1.9999999999999998
vertex 62.62443001728801 39.92074423286448 1.9999999999999998
vertex 63.09081964571134 39.09159898330434 1.9999999999999998
endloop
endfacet
facet normal 4.0227672513342136e-33 1.5323107543418577e-32 1.0
outer loop
vertex 63.093155692764526 41.227067832676035 1.9999999999999998
vertex 63.09081964571134 39.09159898330434 1.9999999999999998
vertex 63.49514953758846 38.29181812631524 1.9999999999999998
endloop
endfacet
facet normal 4.0227672513342136e-33 1.5323107543418577e-32 1.0
outer loop
vertex 63.093155692764526 41.227067832676035 1.9999999999999998
vertex 63.49514953758846 38.29181812631524 1.9999999999999998
vertex 63.62364821479824 40.136842127975385 1.9999999999999998
endloop
endfacet
facet normal 4.0227672513342136e-33 1.5323107543418577e-32 1.0
outer loop
vertex 63.62364821479824 40.136842127975385 1.9999999999999998
vertex 63.49514953758846 38.29181812631524 1.9999999999999998
vertex 63.82397670869174 37.64741124007413 1.9999999999999998
endloop
endfacet
facet normal 4.0227672513342136e-33 1.5323107543418577e-32 1.0
outer loop
vertex 63.62364821479824 40.136842127975385 1.9999999999999998
vertex 63.82397670869174 37.64741124007413 1.9999999999999998
vertex 64.1443777412779 39.20918150537349 1.9999999999999998
endloop
endfacet
facet normal 4.0227672513342136e-33 1.5323107543418577e-32 1.0
outer loop
vertex 64.1443777412779 39.20918150537349 1.9999999999999998
vertex 63.82397670869174 37.64741124007413 1.9999999999999998
vertex 64.0838971611038 37.00645990989392 1.9999999999999998
endloop
endfacet
facet normal 4.0227672513342136e-33 1.5323107543418577e-32 1.0
outer loop
vertex 64.1443777412779 39.20918150537349 1.9999999999999998
vertex 64.0838971611038 37.00645990989392 1.9999999999999998
vertex 64.2641225940234 36.34410731758497 1.9999999999999998
endloop
endfacet
facet normal 4.0227672513342136e-33 1.5323107543418577e-32 1.0
outer loop
vertex 64.1443777412779 39.20918150537349 1.9999999999999998
vertex 64.2641225940234 36.34410731758497 1.9999999999999998
vertex 64.68490564037077 38.23408967648525 1.9999999999999998
endloop
endfacet
facet normal 4.0227672513342136e-33 1.5323107543418577e-32 1.0
outer loop
vertex 64.68490564037077 38.23408967648525 1.9999999999999998
vertex 64.2641225940234 36.34410731758497 1.9999999999999998
vertex 64.36187407210127 35.639228942433455 1.9999999999999998
endloop
endfacet
facet normal 4.0227672513342136e-33 1.5323107543418577e-32 1.0
outer loop
vertex 64.68490564037077 38.23408967648525 1.9999999999999998
vertex 64.36187407210127 35.639228942433455 1.9999999999999998
vertex 64.41845422739621 34.06260593148583 1.9999999999999998
endloop
endfacet
facet normal 0.8570246586904637 -0.5152753966535704 -9.208701791399965e-35
outer loop
vertex 131.80512678697914 21.54487367525924 0.7999999999999999
vertex 131.321450788448 20.445062825124744 1.9999999999999998
vertex 131.321450788448 20.445062825124744 0.7999999999999999
endloop
endfacet
facet normal 0.913385630797015 -0.407095430401201 2.5636292570624005e-33
outer loop
vertex 131.321450788448 20.445062825124744 1.9999999999999998
vertex 131.80512678697914 21.54487367525924 0.7999999999999999
vertex 131.80512678697914 21.54487367525924 1.9999999999999998
endloop
endfacet
facet normal -0.9828647515119034 0.18432818622078465 1.038235348026213e-33
outer loop
vertex 131.70752692929844 24.7192971133374 1.9999999999999998
vertex 131.48809204709627 24.099171052107614 0.7999999999999999
vertex 131.48809204709627 24.099171052107614 1.9999999999999998
endloop
endfacet
facet normal -0.9361061877429069 0.3517175077664483 -1.6236678805849614e-33
outer loop
vertex 131.48809204709627 24.099171052107614 0.7999999999999999
vertex 131.70752692929844 24.7192971133374 1.9999999999999998
vertex 131.70752692929844 24.7192971133374 0.7999999999999999
endloop
endfacet
facet normal -0.9361061877429069 0.3517175077664483 -1.6236678805849614e-33
outer loop
vertex 131.48809204709627 24.099171052107614 1.9999999999999998
vertex 131.16583829439915 23.289309435678994 0.7999999999999999
vertex 131.16583829439915 23.289309435678994 1.9999999999999998
endloop
endfacet
facet normal -0.9255390423359785 0.378652190158462 -2.0789000820086898e-33
outer loop
vertex 131.16583829439915 23.289309435678994 0.7999999999999999
vertex 131.48809204709627 24.099171052107614 1.9999999999999998
vertex 131.48809204709627 24.099171052107614 0.7999999999999999
endloop
endfacet
facet normal -0.9255390423359785 0.378652190158462 -2.0789000820086898e-33
outer loop
vertex 131.16583829439915 23.289309435678994 1.9999999999999998
vertex 130.77246251235692 22.353607537266218 0.7999999999999999
vertex 130.77246251235692 22.353607537266218 1.9999999999999998
endloop
endfacet
facet normal -0.9196348504872025 0.3927744158793705 -2.3190476550974523e-33
outer loop
vertex 130.77246251235692 22.353607537266218 0.7999999999999999
vertex 131.16583829439915 23.289309435678994 1.9999999999999998
vertex 131.16583829439915 23.289309435678994 0.7999999999999999
endloop
endfacet
facet normal -0.9196348504872025 0.3927744158793705 -2.3190476550974523e-33
outer loop
vertex 130.77246251235692 22.353607537266218 1.9999999999999998
vertex 130.33966154211944 21.3559606300839 0.7999999999999999
vertex 130.33966154211944 21.3559606300839 1.9999999999999998
endloop
endfacet
facet normal -0.9159484341976349 0.4012959828990328 -2.4644541377026452e-33
outer loop
vertex 130.33966154211944 21.3559606300839 0.7999999999999999
vertex 130.77246251235692 22.353607537266218 1.9999999999999998
vertex 130.77246251235692 22.353607537266218 0.7999999999999999
endloop
endfacet
facet normal 0.985169881535174 -0.1715817720970716 -1.9061367489461446e-33
outer loop
vertex 139.66190958358465 33.38805919879927 0.7999999999999999
vertex 139.39865206696567 31.956201256981796 2.550000000000002
vertex 139.39865206696567 31.956201256981796 0.7999999999999999
endloop
endfacet
facet normal 0.9687497250748728 -0.24804025916644792 -2.063285551325098e-33
outer loop
vertex 139.39865206696567 31.956201256981796 2.550000000000002
vertex 139.66190958358465 33.38805919879927 0.7999999999999999
vertex 139.66190958358465 33.38805919879927 2.550000000000002
endloop
endfacet
facet normal 0.7618548812906782 -0.6477477439972807 -2.7008204715274613e-33
outer loop
vertex 134.63727038418094 24.9490467332148 0.7999999999999999
vertex 132.61406486831814 22.5694336625427 2.550000000000002
vertex 132.61406486831814 22.5694336625427 0.7999999999999999
endloop
endfacet
facet normal 0.7734821915372807 -0.6338180333302972 -2.685316519477926e-33
outer loop
vertex 132.61406486831814 22.5694336625427 2.550000000000002
vertex 134.63727038418094 24.9490467332148 0.7999999999999999
vertex 134.63727038418094 24.9490467332148 2.550000000000002
endloop
endfacet
facet normal 0.9988754755763949 -0.047410803537073595 -1.6312209835024316e-33
outer loop
vertex 140.7153442514223 42.54740703133316 0.7999999999999999
vertex 140.5079372728441 39.47941898128094 2.550000000000002
vertex 140.5079372728441 39.47941898128094 0.7999999999999999
endloop
endfacet
facet normal 0.9959335056610824 -0.09009135531019098 -1.728405004460298e-33
outer loop
vertex 140.5079372728441 39.47941898128094 2.550000000000002
vertex 140.7153442514223 42.54740703133316 0.7999999999999999
vertex 140.7153442514223 42.54740703133316 2.550000000000002
endloop
endfacet
facet normal 1.5200079947367999e-33 -2.3817836116506053e-33 1.0
outer loop
vertex 131.80512678697914 21.54487367525924 2.550000000000002
vertex 132.44235425710457 28.07516691164735 2.550000000000002
vertex 131.70752692929844 24.7192971133374 2.550000000000002
endloop
endfacet
facet normal 1.5200079947367999e-33 -2.3817836116506053e-33 1.0
outer loop
vertex 132.44235425710457 28.07516691164735 2.550000000000002
vertex 131.80512678697914 21.54487367525924 2.550000000000002
vertex 132.61406486831814 22.5694336625427 2.550000000000002
endloop
endfacet
facet normal 1.5200079947367999e-33 -2.3817836116506053e-33 1.0
outer loop
vertex 132.44235425710457 28.07516691164735 2.550000000000002
vertex 132.61406486831814 22.5694336625427 2.550000000000002
vertex 132.56722782215556 31.44665792328638 2.550000000000002
endloop
endfacet
facet normal 1.5200079947367999e-33 -2.3817836116506053e-33 1.0
outer loop
vertex 81.35420480894082 41.88002282087395 2.550000000000002
vertex 79.92765763920322 43.50674453042467 2.550000000000002
vertex 79.45970964826654 40.539572805599235 2.550000000000002
endloop
endfacet
facet normal 1.5200079947367999e-33 -2.3817836116506053e-33 1.0
outer loop
vertex 79.92765763920322 43.50674453042467 2.550000000000002
vertex 81.35420480894082 41.88002282087395 2.550000000000002
vertex 81.62722993413443 45.14004727091735 2.550000000000002
endloop
endfacet
facet normal 1.5200079947367999e-33 -2.3817836116506053e-33 1.0
outer loop
vertex 81.62722993413443 45.14004727091735 2.550000000000002
vertex 81.35420480894082 41.88002282087395 2.550000000000002
vertex 84.3255204861757 43.252206355015645 2.550000000000002
endloop
endfacet
facet normal 1.5200079947367999e-33 -2.3817836116506053e-33 1.0
outer loop
vertex 81.62722993413443 45.14004727091735 2.550000000000002
vertex 84.3255204861757 43.252206355015645 2.550000000000002
vertex 83.66727953376406 46.40214981543747 2.550000000000002
endloop
endfacet
facet normal 1.5200079947367999e-33 -2.3817836116506053e-33 1.0
outer loop
vertex 83.66727953376406 46.40214981543747 2.550000000000002
vertex 84.3255204861757 43.252206355015645 2.550000000000002
vertex 86.75723155326429 47.70098270184726 2.550000000000002
endloop
endfacet
facet normal 1.5200079947367999e-33 -2.3817836116506053e-33 1.0
outer loop
vertex 86.75723155326429 47.70098270184726 2.550000000000002
vertex 84.3255204861757 43.252206355015645 2.550000000000002
vertex 87.62113248778651 44.289702550325515 2.550000000000002
endloop
endfacet
facet normal 1.5200079947367999e-33 -2.3817836116506053e-33 1.0
outer loop
vertex 86.75723155326429 47.70098270184726 2.550000000000002
vertex 87.62113248778651 44.289702550325515 2.550000000000002
vertex 91.0960739106393 49.34124482534625 2.550000000000002
endloop
endfacet
facet normal 1.5200079947367999e-33 -2.3817836116506053e-33 1.0
outer loop
vertex 91.0960739106393 49.34124482534625 2.550000000000002
vertex 87.62113248778651 44.289702550325515 2.550000000000002
vertex 91.12453322070489 45.186909937288 2.550000000000002
endloop
endfacet
facet normal 1.5200079947367999e-33 -2.3817836116506053e-33 1.0
outer loop
vertex 91.0960739106393 49.34124482534625 2.550000000000002
vertex 91.12453322070489 45.186909937288 2.550000000000002
vertex 95.33673256751354 50.72624685147296 2.550000000000002
endloop
endfacet
facet normal 1.5200079947367999e-33 -2.3817836116506053e-33 1.0
outer loop
vertex 95.33673256751354 50.72624685147296 2.550000000000002
vertex 91.12453322070489 45.186909937288 2.550000000000002
vertex 100.19462013221303 46.94263479680383 2.550000000000002
endloop
endfacet
facet normal 1.5200079947367999e-33 -2.3817836116506053e-33 1.0
outer loop
vertex 95.33673256751354 50.72624685147296 2.550000000000002
vertex 100.19462013221303 46.94263479680383 2.550000000000002
vertex 99.4810296396587 51.860731917126785 2.550000000000002
endloop
endfacet
facet normal 1.5200079947367999e-33 -2.3817836116506053e-33 1.0
outer loop
vertex 99.4810296396587 51.860731917126785 2.550000000000002
vertex 100.19462013221303 46.94263479680383 2.550000000000002
vertex 103.35028766468533 52.76016130906481 2.550000000000002
endloop
endfacet
facet normal 1.5200079947367999e-33 -2.3817836116506053e-33 1.0
outer loop
vertex 103.35028766468533 52.76016130906481 2.550000000000002
vertex 100.19462013221303 46.94263479680383 2.550000000000002
vertex 109.01780142816062 47.49648986275361 2.550000000000002
endloop
endfacet
facet normal 1.5200079947367999e-33 -2.3817836116506053e-33 1.0
outer loop
vertex 103.35028766468533 52.76016130906481 2.550000000000002
vertex 109.01780142816062 47.49648986275361 2.550000000000002
vertex 107.023472239883 53.34595859256791 2.550000000000002
endloop
endfacet
facet normal 1.5200079947367999e-33 -2.3817836116506053e-33 1.0
outer loop
vertex 107.023472239883 53.34595859256791 2.550000000000002
vertex 109.01780142816062 47.49648986275361 2.550000000000002
vertex 110.71528845972409 53.554943970242185 2.550000000000002
endloop
endfacet
facet normal 1.5200079947367999e-33 -2.3817836116506053e-33 1.0
outer loop
vertex 110.71528845972409 53.554943970242185 2.550000000000002
vertex 109.01780142816062 47.49648986275361 2.550000000000002
vertex 117.06487602432371 46.78659235781328 2.550000000000002
endloop
endfacet
facet normal 1.5200079947367999e-33 -2.3817836116506053e-33 1.0
outer loop
vertex 110.71528845972409 53.554943970242185 2.550000000000002
vertex 117.06487602432371 46.78659235781328 2.550000000000002
vertex 114.41820466407447 53.3585372570309 2.550000000000002
endloop
endfacet
facet normal 1.5200079947367999e-33 -2.3817836116506053e-33 1.0
outer loop
vertex 114.41820466407447 53.3585372570309 2.550000000000002
vertex 117.06487602432371 46.78659235781328 2.550000000000002
vertex 119.67725004487501 52.49293038446928 2.550000000000002
endloop
endfacet
facet normal 1.5200079947367999e-33 -2.3817836116506053e-33 1.0
outer loop
vertex 119.67725004487501 52.49293038446928 2.550000000000002
vertex 117.06487602432371 46.78659235781328 2.550000000000002
vertex 123.41728779033484 45.146489786576346 2.550000000000002
endloop
endfacet
facet normal 1.5200079947367999e-33 -2.3817836116506053e-33 1.0
outer loop
vertex 119.67725004487501 52.49293038446928 2.550000000000002
vertex 123.41728779033484 45.146489786576346 2.550000000000002
vertex 125.86132026339403 51.115685599333354 2.550000000000002
endloop
endfacet
facet normal 1.5200079947367999e-33 -2.3817836116506053e-33 1.0
outer loop
vertex 125.86132026339403 51.115685599333354 2.550000000000002
vertex 123.41728779033484 45.146489786576346 2.550000000000002
vertex 125.9072223624612 44.02173788809208 2.550000000000002
endloop
endfacet
facet normal 1.5200079947367999e-33 -2.3817836116506053e-33 1.0
outer loop
vertex 125.86132026339403 51.115685599333354 2.550000000000002
vertex 125.9072223624612 44.02173788809208 2.550000000000002
vertex 131.89673342357273 49.47070376321486 2.550000000000002
endloop
endfacet
facet normal 1.5200079947367999e-33 -2.3817836116506053e-33 1.0
outer loop
vertex 131.89673342357273 49.47070376321486 2.550000000000002
vertex 125.9072223624612 44.02173788809208 2.550000000000002
vertex 127.93616912460901 42.581931169764395 2.550000000000002
endloop
endfacet
facet normal 1.5200079947367999e-33 -2.3817836116506053e-33 1.0
outer loop
vertex 131.89673342357273 49.47070376321486 2.550000000000002
vertex 127.93616912460901 42.581931169764395 2.550000000000002
vertex 129.49112136557025 40.77180229698632 2.550000000000002
endloop
endfacet
facet normal 1.5200079947367999e-33 -2.3817836116506053e-33 1.0
outer loop
vertex 131.89673342357273 49.47070376321486 2.550000000000002
vertex 129.49112136557025 40.77180229698632 2.550000000000002
vertex 130.27226327733484 39.33595019877618 2.550000000000002
endloop
endfacet
facet normal 1.5200079947367999e-33 -2.3817836116506053e-33 1.0
outer loop
vertex 131.89673342357273 49.47070376321486 2.550000000000002
vertex 130.27226327733484 39.33595019877618 2.550000000000002
vertex 130.62924832733654 38.70971586359278 2.550000000000002
endloop
endfacet
facet normal 1.5200079947367999e-33 -2.3817836116506053e-33 1.0
outer loop
vertex 131.89673342357273 49.47070376321486 2.550000000000002
vertex 130.62924832733654 38.70971586359278 2.550000000000002
vertex 130.99087951814343 38.08627355906768 2.550000000000002
endloop
endfacet
facet normal 1.5200079947367999e-33 -2.3817836116506053e-33 1.0
outer loop
vertex 131.89673342357273 49.47070376321486 2.550000000000002
vertex 130.99087951814343 38.08627355906768 2.550000000000002
vertex 131.30432253613705 37.441639118840904 2.550000000000002
endloop
endfacet
facet normal 1.5200079947367999e-33 -2.3817836116506053e-33 1.0
outer loop
vertex 131.89673342357273 49.47070376321486 2.550000000000002
vertex 131.30432253613705 37.441639118840904 2.550000000000002
vertex 132.09377071118618 34.81189614474684 2.550000000000002
endloop
endfacet
facet normal 1.5200079947367999e-33 -2.3817836116506053e-33 1.0
outer loop
vertex 131.89673342357273 49.47070376321486 2.550000000000002
vertex 132.09377071118618 34.81189614474684 2.550000000000002
vertex 137.80528128629317 47.62630064634329 2.550000000000002
endloop
endfacet
facet normal 1.5200079947367999e-33 -2.3817836116506053e-33 1.0
outer loop
vertex 137.80528128629317 47.62630064634329 2.550000000000002
vertex 132.09377071118618 34.81189614474684 2.550000000000002
vertex 132.56722782215556 31.44665792328638 2.550000000000002
endloop
endfacet
facet normal 1.5200079947367999e-33 -2.3817836116506053e-33 1.0
outer loop
vertex 137.80528128629317 47.62630064634329 2.550000000000002
vertex 132.56722782215556 31.44665792328638 2.550000000000002
vertex 132.61406486831814 22.5694336625427 2.550000000000002
endloop
endfacet
facet normal 1.5200079947367999e-33 -2.3817836116506053e-33 1.0
outer loop
vertex 137.80528128629317 47.62630064634329 2.550000000000002
vertex 132.61406486831814 22.5694336625427 2.550000000000002
vertex 134.63727038418094 24.9490467332148 2.550000000000002
endloop
endfacet
facet normal 1.5200079947367999e-33 -2.3817836116506053e-33 1.0
outer loop
vertex 137.80528128629317 47.62630064634329 2.550000000000002
vertex 134.63727038418094 24.9490467332148 2.550000000000002
vertex 136.757955577732 27.443311485751693 2.550000000000002
endloop
endfacet
facet normal 1.5200079947367999e-33 -2.3817836116506053e-33 1.0
outer loop
vertex 137.80528128629317 47.62630064634329 2.550000000000002
vertex 136.757955577732 27.443311485751693 2.550000000000002
vertex 137.77387642878085 28.6381967887869 2.550000000000002
endloop
endfacet
facet normal 1.5200079947367999e-33 -2.3817836116506053e-33 1.0
outer loop
vertex 137.80528128629317 47.62630064634329 2.550000000000002
vertex 137.77387642878085 28.6381967887869 2.550000000000002
vertex 138.44905010029953 29.64442159088641 2.550000000000002
endloop
endfacet
facet normal 1.5200079947367999e-33 -2.3817836116506053e-33 1.0
outer loop
vertex 137.80528128629317 47.62630064634329 2.550000000000002
vertex 138.44905010029953 29.64442159088641 2.550000000000002
vertex 139.91497639445413 46.875640070306616 2.550000000000002
endloop
endfacet
facet normal 1.5200079947367999e-33 -2.3817836116506053e-33 1.0
outer loop
vertex 139.91497639445413 46.875640070306616 2.550000000000002
vertex 138.44905010029953 29.64442159088641 2.550000000000002
vertex 139.00176525718 30.7564952321139 2.550000000000002
endloop
endfacet
facet normal 1.5200079947367999e-33 -2.3817836116506053e-33 1.0
outer loop
vertex 139.91497639445413 46.875640070306616 2.550000000000002
vertex 139.00176525718 30.7564952321139 2.550000000000002
vertex 139.39865206696567 31.956201256981796 2.550000000000002
endloop
endfacet
facet normal 1.5200079947367999e-33 -2.3817836116506053e-33 1.0
outer loop
vertex 139.91497639445413 46.875640070306616 2.550000000000002
vertex 139.39865206696567 31.956201256981796 2.550000000000002
vertex 139.66190958358465 33.38805919879927 2.550000000000002
endloop
endfacet
facet normal 1.5200079947367999e-33 -2.3817836116506053e-33 1.0
outer loop
vertex 139.91497639445413 46.875640070306616 2.550000000000002
vertex 139.66190958358465 33.38805919879927 2.550000000000002
vertex 140.16163039761992 36.425807750777025 2.550000000000002
endloop
endfacet
facet normal 1.5200079947367999e-33 -2.3817836116506053e-33 1.0
outer loop
vertex 139.91497639445413 46.875640070306616 2.550000000000002
vertex 140.16163039761992 36.425807750777025 2.550000000000002
vertex 140.354750688093 46.51035702943286 2.550000000000002
endloop
endfacet
facet normal 1.5200079947367999e-33 -2.3817836116506053e-33 1.0
outer loop
vertex 140.354750688093 46.51035702943286 2.550000000000002
vertex 140.16163039761992 36.425807750777025 2.550000000000002
vertex 140.5079372728441 39.47941898128094 2.550000000000002
endloop
endfacet
facet normal 1.5200079947367999e-33 -2.3817836116506053e-33 1.0
outer loop
vertex 140.354750688093 46.51035702943286 2.550000000000002
vertex 140.5079372728441 39.47941898128094 2.550000000000002
vertex 140.65653059488173 45.97029473139123 2.550000000000002
endloop
endfacet
facet normal 1.5200079947367999e-33 -2.3817836116506053e-33 1.0
outer loop
vertex 140.65653059488173 45.97029473139123 2.550000000000002
vertex 140.5079372728441 39.47941898128094 2.550000000000002
vertex 140.7153442514223 42.54740703133316 2.550000000000002
endloop
endfacet
facet normal 1.5200079947367999e-33 -2.3817836116506053e-33 1.0
outer loop
vertex 140.65653059488173 45.97029473139123 2.550000000000002
vertex 140.7153442514223 42.54740703133316 2.550000000000002
vertex 140.78833638390572 45.21494411487274 2.550000000000002
endloop
endfacet
facet normal 0.9687497250748728 -0.24804025916644792 -2.063285551325098e-33
outer loop
vertex 139.39865206696567 31.956201256981796 0.7999999999999999
vertex 139.00176525718 30.7564952321139 2.550000000000002
vertex 139.00176525718 30.7564952321139 0.7999999999999999
endloop
endfacet
facet normal 0.9247679223659591 -0.3805315883904353 -2.311998536216111e-33
outer loop
vertex 139.00176525718 30.7564952321139 2.550000000000002
vertex 139.39865206696567 31.956201256981796 0.7999999999999999
vertex 139.39865206696567 31.956201256981796 2.550000000000002
endloop
endfacet
facet normal 0.9973585015353681 0.0726362128357829 -1.3429891546078412e-33
outer loop
vertex 140.78833638390572 45.21494411487274 0.7999999999999999
vertex 140.7153442514223 42.54740703133316 2.550000000000002
vertex 140.7153442514223 42.54740703133316 0.7999999999999999
endloop
endfacet
facet normal 0.9988754755763949 -0.047410803537073595 -1.6312209835024316e-33
outer loop
vertex 140.7153442514223 42.54740703133316 2.550000000000002
vertex 140.78833638390572 45.21494411487274 0.7999999999999999
vertex 140.78833638390572 45.21494411487274 2.550000000000002
endloop
endfacet
facet normal -0.9920355908242882 0.12595787604554864 1.807906434039969e-33
outer loop
vertex 132.44235425710457 28.07516691164735 2.550000000000002
vertex 131.70752692929844 24.7192971133374 1.9999999999999998
vertex 131.70752692929844 24.7192971133374 2.550000000000002
endloop
endfacet
facet normal -0.9828647515119034 0.18432818622078465 1.038235348026213e-33
outer loop
vertex 131.70752692929844 24.7192971133374 1.9999999999999998
vertex 132.44235425710457 28.07516691164735 2.550000000000002
vertex 131.70752692929844 24.7192971133374 0.7999999999999999
endloop
endfacet
facet normal -0.9616513929355287 0.27427467703956443 3.38182562581651e-34
outer loop
vertex 131.70752692929844 24.7192971133374 0.7999999999999999
vertex 132.44235425710457 28.07516691164735 2.550000000000002
vertex 132.44235425710457 28.07516691164735 0.7999999999999999
endloop
endfacet
facet normal 0.7689401662673284 0.6393207494683505 3.5392848347131643e-34
outer loop
vertex 140.354750688093 46.51035702943286 0.7999999999999999
vertex 140.65653059488173 45.97029473139123 2.550000000000002
vertex 140.65653059488173 45.97029473139123 0.7999999999999999
endloop
endfacet
facet normal 0.9423669594566865 0.3345811018637482 -6.35505527162896e-34
outer loop
vertex 140.65653059488173 45.97029473139123 2.550000000000002
vertex 140.354750688093 46.51035702943286 0.7999999999999999
vertex 140.354750688093 46.51035702943286 2.550000000000002
endloop
endfacet
facet normal 0.49469917784051715 0.8690642803866215 1.3179763551884739e-33
outer loop
vertex 139.91497639445413 46.875640070306616 2.550000000000002
vertex 140.354750688093 46.51035702943286 0.7999999999999999
vertex 139.91497639445413 46.875640070306616 0.7999999999999999
endloop
endfacet
facet normal 0.7689401662673284 0.6393207494683505 3.5392848347131643e-34
outer loop
vertex 140.354750688093 46.51035702943286 0.7999999999999999
vertex 139.91497639445413 46.875640070306616 2.550000000000002
vertex 140.354750688093 46.51035702943286 2.550000000000002
endloop
endfacet
facet normal 0.9959335056610824 -0.09009135531019098 -1.728405004460298e-33
outer loop
vertex 140.5079372728441 39.47941898128094 0.7999999999999999
vertex 140.16163039761992 36.425807750777025 2.550000000000002
vertex 140.16163039761992 36.425807750777025 0.7999999999999999
endloop
endfacet
facet normal 0.9904951730083416 -0.13754749087924434 -1.833168941320734e-33
outer loop
vertex 140.16163039761992 36.425807750777025 2.550000000000002
vertex 140.5079372728441 39.47941898128094 0.7999999999999999
vertex 140.5079372728441 39.47941898128094 2.550000000000002
endloop
endfacet
facet normal 0.7618548812906755 -0.647747743997284 -2.700820471527465e-33
outer loop
vertex 136.757955577732 27.443311485751693 0.7999999999999999
vertex 134.63727038418094 24.9490467332148 2.550000000000002
vertex 134.63727038418094 24.9490467332148 0.7999999999999999
endloop
endfacet
facet normal 0.7618548812906755 -0.647747743997284 -2.700820471527465e-33
outer loop
vertex 134.63727038418094 24.9490467332148 2.550000000000002
vertex 136.757955577732 27.443311485751693 0.7999999999999999
vertex 136.757955577732 27.443311485751693 2.550000000000002
endloop
endfacet
facet normal 0.7734821915372807 -0.6338180333302972 -2.685316519477926e-33
outer loop
vertex 132.61406486831814 22.5694336625427 0.7999999999999999
vertex 131.80512678697914 21.54487367525924 1.9999999999999998
vertex 131.80512678697914 21.54487367525924 0.7999999999999999
endloop
endfacet
facet normal 0.8343368842821455 -0.5512548988683562 -9.57390992630153e-34
outer loop
vertex 131.80512678697914 21.54487367525924 1.9999999999999998
vertex 132.61406486831814 22.5694336625427 0.7999999999999999
vertex 131.80512678697914 21.54487367525924 2.550000000000002
endloop
endfacet
facet normal 0.7848548473270602 -0.6196796500024969 -2.668928477494392e-33
outer loop
vertex 131.80512678697914 21.54487367525924 2.550000000000002
vertex 132.61406486831814 22.5694336625427 0.7999999999999999
vertex 132.61406486831814 22.5694336625427 2.550000000000002
endloop
endfacet
facet normal 0.9904951730083416 -0.13754749087924434 -1.833168941320734e-33
outer loop
vertex 140.16163039761992 36.425807750777025 0.7999999999999999
vertex 139.66190958358465 33.38805919879927 2.550000000000002
vertex 139.66190958358465 33.38805919879927 0.7999999999999999
endloop
endfacet
facet normal 0.985169881535174 -0.1715817720970716 -1.9061367489461446e-33
outer loop
vertex 139.66190958358465 33.38805919879927 2.550000000000002
vertex 140.16163039761992 36.425807750777025 0.7999999999999999
vertex 140.16163039761992 36.425807750777025 2.550000000000002
endloop
endfacet
facet normal 0.9247679223659591 -0.3805315883904353 -2.311998536216111e-33
outer loop
vertex 139.00176525718 30.7564952321139 0.7999999999999999
vertex 138.44905010029953 29.64442159088641 2.550000000000002
vertex 138.44905010029953 29.64442159088641 0.7999999999999999
endloop
endfacet
facet normal 0.8647596146158785 -0.5021860302013564 -2.5105399844751166e-33
outer loop
vertex 138.44905010029953 29.64442159088641 2.550000000000002
vertex 139.00176525718 30.7564952321139 0.7999999999999999
vertex 139.00176525718 30.7564952321139 2.550000000000002
endloop
endfacet
facet normal 0.9423669594566865 0.3345811018637482 -6.35505527162896e-34
outer loop
vertex 140.65653059488173 45.97029473139123 0.7999999999999999
vertex 140.78833638390572 45.21494411487274 2.550000000000002
vertex 140.78833638390572 45.21494411487274 0.7999999999999999
endloop
endfacet
facet normal 0.9973585015353681 0.0726362128357829 -1.3429891546078412e-33
outer loop
vertex 140.78833638390572 45.21494411487274 2.550000000000002
vertex 140.65653059488173 45.97029473139123 0.7999999999999999
vertex 140.65653059488173 45.97029473139123 2.550000000000002
endloop
endfacet
facet normal -0.9957327951727416 0.09228326293255534 1.7333205725665918e-33
outer loop
vertex 131.70752692929844 24.7192971133374 2.550000000000002
vertex 131.80512678697914 21.54487367525924 1.9999999999999998
vertex 131.80512678697914 21.54487367525924 2.550000000000002
endloop
endfacet
facet normal -0.9995276859235869 -0.030731174273687194 1.4460950663127784e-33
outer loop
vertex 131.80512678697914 21.54487367525924 1.9999999999999998
vertex 131.70752692929844 24.7192971133374 2.550000000000002
vertex 131.70752692929844 24.7192971133374 1.9999999999999998
endloop
endfacet
facet normal 0.7974075900421321 -0.6034410786010502 -2.6493319835365914e-33
outer loop
vertex 137.77387642878085 28.6381967887869 0.7999999999999999
vertex 136.757955577732 27.443311485751693 2.550000000000002
vertex 136.757955577732 27.443311485751693 0.7999999999999999
endloop
endfacet
facet normal 0.761854881290677 -0.6477477439972821 -2.700820471527463e-33
outer loop
vertex 136.757955577732 27.443311485751693 2.550000000000002
vertex 137.77387642878085 28.6381967887869 0.7999999999999999
vertex 137.77387642878085 28.6381967887869 2.550000000000002
endloop
endfacet
facet normal 0.8647596146158785 -0.5021860302013564 -2.5105399844751166e-33
outer loop
vertex 138.44905010029953 29.64442159088641 0.7999999999999999
vertex 137.77387642878085 28.6381967887869 2.550000000000002
vertex 137.77387642878085 28.6381967887869 0.7999999999999999
endloop
endfacet
facet normal 0.7974075900421321 -0.6034410786010502 -2.6493319835365914e-33
outer loop
vertex 137.77387642878085 28.6381967887869 2.550000000000002
vertex 138.44905010029953 29.64442159088641 0.7999999999999999
vertex 138.44905010029953 29.64442159088641 2.550000000000002
endloop
endfacet
facet normal -0.8230824034869126 -0.5679219638913497 -1.0157539266555642e-34
outer loop
vertex 129.49112136557025 40.77180229698632 2.550000000000002
vertex 130.27226327733484 39.33595019877618 0.7999999999999999
vertex 130.27226327733484 39.33595019877618 2.550000000000002
endloop
endfacet
facet normal -0.8736334649912366 -0.48658459577693763 1.689906353531474e-34
outer loop
vertex 130.27226327733484 39.33595019877618 0.7999999999999999
vertex 129.49112136557025 40.77180229698632 2.550000000000002
vertex 129.49112136557025 40.77180229698632 0.7999999999999999
endloop
endfacet
facet normal -0.9768254032851555 -0.2140376870945704 9.749909670579867e-34
outer loop
vertex 132.09377071118618 34.81189614474684 2.550000000000002
vertex 132.56722782215556 31.44665792328638 0.7999999999999999
vertex 132.56722782215556 31.44665792328638 2.550000000000002
endloop
endfacet
facet normal -0.9986805445725446 -0.051353382481445733 1.3956897671412361e-33
outer loop
vertex 132.56722782215556 31.44665792328638 0.7999999999999999
vertex 132.09377071118618 34.81189614474684 2.550000000000002
vertex 132.09377071118618 34.81189614474684 0.7999999999999999
endloop
endfacet
facet normal -0.012649580133282086 -0.9999199908604948 -2.362365584260697e-33
outer loop
vertex 109.01780142816062 47.49648986275361 2.550000000000002
vertex 100.19462013221303 46.94263479680383 0.7999999999999999
vertex 109.01780142816062 47.49648986275361 0.7999999999999999
endloop
endfacet
facet normal 0.1266086574538405 -0.9919527447705038 -2.5550629625589518e-33
outer loop
vertex 100.19462013221303 46.94263479680383 0.7999999999999999
vertex 109.01780142816062 47.49648986275361 2.550000000000002
vertex 100.19462013221303 46.94263479680383 2.550000000000002
endloop
endfacet
facet normal 0.1266086574538405 -0.9919527447705038 -2.5550629625589518e-33
outer loop
vertex 100.19462013221303 46.94263479680383 2.550000000000002
vertex 91.12453322070489 45.186909937288 0.7999999999999999
vertex 100.19462013221303 46.94263479680383 0.7999999999999999
endloop
endfacet
facet normal 0.2191645316986969 -0.9756879152912017 -2.6570093270708942e-33
outer loop
vertex 91.12453322070489 45.186909937288 0.7999999999999999
vertex 100.19462013221303 46.94263479680383 2.550000000000002
vertex 91.12453322070489 45.186909937288 2.550000000000002
endloop
endfacet
facet normal -0.6736398798903679 -0.7390597487492406 -7.363423945946585e-34
outer loop
vertex 127.93616912460901 42.581931169764395 2.550000000000002
vertex 125.9072223624612 44.02173788809208 0.7999999999999999
vertex 127.93616912460901 42.581931169764395 0.7999999999999999
endloop
endfacet
facet normal -0.4975067808221322 -0.867460087287017 -1.309887935375811e-33
outer loop
vertex 125.9072223624612 44.02173788809208 0.7999999999999999
vertex 127.93616912460901 42.581931169764395 2.550000000000002
vertex 125.9072223624612 44.02173788809208 2.550000000000002
endloop
endfacet
facet normal -0.9986805445725446 -0.051353382481445733 1.3956897671412361e-33
outer loop
vertex 132.56722782215556 31.44665792328638 2.550000000000002
vertex 132.44235425710457 28.07516691164735 0.7999999999999999
vertex 132.44235425710457 28.07516691164735 2.550000000000002
endloop
endfacet
facet normal -0.9920355908242882 0.12595787604554864 1.807906434039969e-33
outer loop
vertex 132.44235425710457 28.07516691164735 0.7999999999999999
vertex 132.56722782215556 31.44665792328638 2.550000000000002
vertex 132.56722782215556 31.44665792328638 0.7999999999999999
endloop
endfacet
facet normal -0.33204942916089236 -0.9432619872516468 -1.7419281557566075e-33
outer loop
vertex 123.41728779033484 45.146489786576346 2.550000000000002
vertex 117.06487602432371 46.78659235781328 0.7999999999999999
vertex 123.41728779033484 45.146489786576346 0.7999999999999999
endloop
endfacet
facet normal -0.1695067394893889 -0.9855290281202662 -2.0896652887971594e-33
outer loop
vertex 117.06487602432371 46.78659235781328 0.7999999999999999
vertex 123.41728779033484 45.146489786576346 2.550000000000002
vertex 117.06487602432371 46.78659235781328 2.550000000000002
endloop
endfacet
facet normal -0.8736334649912366 -0.48658459577693763 1.689906353531474e-34
outer loop
vertex 130.27226327733484 39.33595019877618 2.550000000000002
vertex 130.62924832733654 38.70971586359278 0.7999999999999999
vertex 130.62924832733654 38.70971586359278 2.550000000000002
endloop
endfacet
facet normal -0.8668905274915982 -0.49849855902032314 1.3036483404278323e-34
outer loop
vertex 130.62924832733654 38.70971586359278 0.7999999999999999
vertex 130.27226327733484 39.33595019877618 2.550000000000002
vertex 130.27226327733484 39.33595019877618 0.7999999999999999
endloop
endfacet
facet normal -0.1695067394893889 -0.9855290281202662 -2.0896652887971594e-33
outer loop
vertex 117.06487602432371 46.78659235781328 2.550000000000002
vertex 109.01780142816062 47.49648986275361 0.7999999999999999
vertex 117.06487602432371 46.78659235781328 0.7999999999999999
endloop
endfacet
facet normal -0.012649580133282086 -0.9999199908604948 -2.362365584260697e-33
outer loop
vertex 109.01780142816062 47.49648986275361 0.7999999999999999
vertex 117.06487602432371 46.78659235781328 2.550000000000002
vertex 109.01780142816062 47.49648986275361 2.550000000000002
endloop
endfacet
facet normal -0.6736398798903679 -0.7390597487492406 -7.363423945946585e-34
outer loop
vertex 127.93616912460901 42.581931169764395 2.550000000000002
vertex 129.49112136557025 40.77180229698632 0.7999999999999999
vertex 129.49112136557025 40.77180229698632 2.550000000000002
endloop
endfacet
facet normal -0.8230824034869126 -0.5679219638913497 -1.0157539266555642e-34
outer loop
vertex 129.49112136557025 40.77180229698632 0.7999999999999999
vertex 127.93616912460901 42.581931169764395 2.550000000000002
vertex 127.93616912460901 42.581931169764395 0.7999999999999999
endloop
endfacet
facet normal -0.8827561903050455 -0.4698313617438949 2.227598290259732e-34
outer loop
vertex 130.99087951814343 38.08627355906768 2.550000000000002
vertex 131.30432253613705 37.441639118840904 0.7999999999999999
vertex 131.30432253613705 37.441639118840904 2.550000000000002
endloop
endfacet
facet normal -0.9315633316637142 -0.36357909607071864 5.500169791725158e-34
outer loop
vertex 131.30432253613705 37.441639118840904 0.7999999999999999
vertex 130.99087951814343 38.08627355906768 2.550000000000002
vertex 130.99087951814343 38.08627355906768 0.7999999999999999
endloop
endfacet
facet normal -0.4975067808221322 -0.867460087287017 -1.309887935375811e-33
outer loop
vertex 125.9072223624612 44.02173788809208 2.550000000000002
vertex 123.41728779033484 45.146489786576346 0.7999999999999999
vertex 125.9072223624612 44.02173788809208 0.7999999999999999
endloop
endfacet
facet normal -0.33204942916089236 -0.9432619872516468 -1.7419281557566075e-33
outer loop
vertex 123.41728779033484 45.146489786576346 0.7999999999999999
vertex 125.9072223624612 44.02173788809208 2.550000000000002
vertex 123.41728779033484 45.146489786576346 2.550000000000002
endloop
endfacet
facet normal -0.9315633316637142 -0.36357909607071864 5.500169791725158e-34
outer loop
vertex 131.30432253613705 37.441639118840904 2.550000000000002
vertex 132.09377071118618 34.81189614474684 0.7999999999999999
vertex 132.09377071118618 34.81189614474684 2.550000000000002
endloop
endfacet
facet normal -0.9768254032851555 -0.2140376870945704 9.749909670579867e-34
outer loop
vertex 132.09377071118618 34.81189614474684 0.7999999999999999
vertex 131.30432253613705 37.441639118840904 2.550000000000002
vertex 131.30432253613705 37.441639118840904 0.7999999999999999
endloop
endfacet
facet normal -0.8668905274915982 -0.49849855902032314 1.3036483404278323e-34
outer loop
vertex 130.62924832733654 38.70971586359278 2.550000000000002
vertex 130.99087951814343 38.08627355906768 0.7999999999999999
vertex 130.99087951814343 38.08627355906768 2.550000000000002
endloop
endfacet
facet normal -0.8827561903050455 -0.4698313617438949 2.227598290259732e-34
outer loop
vertex 130.99087951814343 38.08627355906768 0.7999999999999999
vertex 130.62924832733654 38.70971586359278 2.550000000000002
vertex 130.62924832733654 38.70971586359278 0.7999999999999999
endloop
endfacet
facet normal 0.3166632319219814 0.9485380316828237 1.777881694728867e-33
outer loop
vertex 137.80528128629317 47.62630064634329 2.550000000000002
vertex 139.91497639445413 46.875640070306616 0.7999999999999999
vertex 137.80528128629317 47.62630064634329 0.7999999999999999
endloop
endfacet
facet normal 0.49469917784051715 0.8690642803866215 1.3179763551884739e-33
outer loop
vertex 139.91497639445413 46.875640070306616 0.7999999999999999
vertex 137.80528128629317 47.62630064634329 2.550000000000002
vertex 139.91497639445413 46.875640070306616 2.550000000000002
endloop
endfacet
facet normal 0.28051697612422555 0.9598490642315181 1.859764724476584e-33
outer loop
vertex 131.89673342357273 49.47070376321486 2.550000000000002
vertex 137.80528128629317 47.62630064634329 0.7999999999999999
vertex 131.89673342357273 49.47070376321486 0.7999999999999999
endloop
endfacet
facet normal 0.3166632319219814 0.9485380316828237 1.777881694728867e-33
outer loop
vertex 137.80528128629317 47.62630064634329 0.7999999999999999
vertex 131.89673342357273 49.47070376321486 2.550000000000002
vertex 137.80528128629317 47.62630064634329 2.550000000000002
endloop
endfacet
facet normal 0.10785116500499231 0.9941670514591933 2.203956157359244e-33
outer loop
vertex 114.41820466407447 53.3585372570309 2.550000000000002
vertex 119.67725004487501 52.49293038446928 0.7999999999999999
vertex 114.41820466407447 53.3585372570309 0.7999999999999999
endloop
endfacet
facet normal 0.1899701719413548 0.981789862329293 2.0496548240682304e-33
outer loop
vertex 119.67725004487501 52.49293038446928 0.7999999999999999
vertex 114.41820466407447 53.3585372570309 2.550000000000002
vertex 119.67725004487501 52.49293038446928 2.550000000000002
endloop
endfacet
facet normal 0.1899701719413548 0.981789862329293 2.0496548240682304e-33
outer loop
vertex 119.67725004487501 52.49293038446928 2.550000000000002
vertex 125.86132026339403 51.115685599333354 0.7999999999999999
vertex 119.67725004487501 52.49293038446928 0.7999999999999999
endloop
endfacet
facet normal 0.2402389107132306 0.9707137918971382 1.9468651362128496e-33
outer loop
vertex 125.86132026339403 51.115685599333354 0.7999999999999999
vertex 119.67725004487501 52.49293038446928 2.550000000000002
vertex 125.86132026339403 51.115685599333354 2.550000000000002
endloop
endfacet
facet normal -0.10714145453498293 0.9942437873681325 2.5309294261997505e-33
outer loop
vertex 107.023472239883 53.34595859256791 2.550000000000002
vertex 110.71528845972409 53.554943970242185 0.7999999999999999
vertex 107.023472239883 53.34595859256791 0.7999999999999999
endloop
endfacet
facet normal -0.0017779785623705372 0.9999984193948669 2.3844823886204763e-33
outer loop
vertex 110.71528845972409 53.554943970242185 0.7999999999999999
vertex 107.023472239883 53.34595859256791 2.550000000000002
vertex 110.71528845972409 53.554943970242185 2.550000000000002
endloop
endfacet
facet normal 0.2402389107132306 0.9707137918971382 1.9468651362128496e-33
outer loop
vertex 125.86132026339403 51.115685599333354 2.550000000000002
vertex 131.89673342357273 49.47070376321486 0.7999999999999999
vertex 125.86132026339403 51.115685599333354 0.7999999999999999
endloop
endfacet
facet normal 0.28051697612422555 0.9598490642315181 1.859764724476584e-33
outer loop
vertex 131.89673342357273 49.47070376321486 0.7999999999999999
vertex 125.86132026339403 51.115685599333354 2.550000000000002
vertex 131.89673342357273 49.47070376321486 2.550000000000002
endloop
endfacet
facet normal -0.0017779785623705372 0.9999984193948669 2.3844823886204763e-33
outer loop
vertex 110.71528845972409 53.554943970242185 2.550000000000002
vertex 114.41820466407447 53.3585372570309 0.7999999999999999
vertex 110.71528845972409 53.554943970242185 0.7999999999999999
endloop
endfacet
facet normal 0.10785116500499231 0.9941670514591933 2.203956157359244e-33
outer loop
vertex 114.41820466407447 53.3585372570309 0.7999999999999999
vertex 110.71528845972409 53.554943970242185 2.550000000000002
vertex 114.41820466407447 53.3585372570309 2.550000000000002
endloop
endfacet
facet normal -0.28733134832697543 0.9578312462373539 2.7180927116105123e-33
outer loop
vertex 95.33673256751354 50.72624685147296 2.550000000000002
vertex 99.4810296396587 51.860731917126785 0.7999999999999999
vertex 95.33673256751354 50.72624685147296 0.7999999999999999
endloop
endfacet
facet normal -0.2452713256578569 0.969454473820219 2.681845153865994e-33
outer loop
vertex 99.4810296396587 51.860731917126785 0.7999999999999999
vertex 95.33673256751354 50.72624685147296 2.550000000000002
vertex 99.4810296396587 51.860731917126785 2.550000000000002
endloop
endfacet
facet normal -0.19207230025405236 0.981380778024064 2.6293880858402828e-33
outer loop
vertex 103.35028766468533 52.76016130906481 2.550000000000002
vertex 107.023472239883 53.34595859256791 0.7999999999999999
vertex 103.35028766468533 52.76016130906481 0.7999999999999999
endloop
endfacet
facet normal -0.10714145453498293 0.9942437873681325 2.5309294261997505e-33
outer loop
vertex 107.023472239883 53.34595859256791 0.7999999999999999
vertex 103.35028766468533 52.76016130906481 2.550000000000002
vertex 107.023472239883 53.34595859256791 2.550000000000002
endloop
endfacet
facet normal -0.2452713256578569 0.969454473820219 2.681845153865994e-33
outer loop
vertex 99.4810296396587 51.860731917126785 2.550000000000002
vertex 103.35028766468533 52.76016130906481 0.7999999999999999
vertex 99.4810296396587 51.860731917126785 0.7999999999999999
endloop
endfacet
facet normal -0.19207230025405236 0.981380778024064 2.6293880858402828e-33
outer loop
vertex 103.35028766468533 52.76016130906481 0.7999999999999999
vertex 99.4810296396587 51.860731917126785 2.550000000000002
vertex 103.35028766468533 52.76016130906481 2.550000000000002
endloop
endfacet
endsolid Modelo Óculos Mirrored
