solid Modelo Óculos Pantos
facet normal 0.0 0.0 -1.0
outer loop
vertex 0.7259334495810258 43.57789223248834 0.8000000000000002
vertex 0.7259334495810258 42.77181377647501 0.8000000000000002
vertex 0.7008698670760009 43.17485300448166 0.8000000000000002
endloop
endfacet
facet normal 0.0 0.0 -1.0
outer loop
vertex 0.7259334495810258 42.77181377647501 0.8000000000000002
vertex 0.7259334495810258 43.57789223248834 0.8000000000000002
vertex 0.8007379915109817 43.97472101545009 0.8000000000000002
endloop
endfacet
facet normal 0.0 0.0 -1.0
outer loop
vertex 0.7259334495810258 42.77181377647501 0.8000000000000002
vertex 0.8007379915109817 43.97472101545009 0.8000000000000002
vertex 0.8007379915109817 42.37498499351326 0.8000000000000002
endloop
endfacet
facet normal 0.0 0.0 -1.0
outer loop
vertex 0.8007379915109817 42.37498499351326 0.8000000000000002
vertex 0.8007379915109817 43.97472101545009 0.8000000000000002
vertex 0.9241308271575035 44.35922460527899 0.8000000000000002
endloop
endfacet
facet normal 0.0 0.0 -1.0
outer loop
vertex 0.8007379915109817 42.37498499351326 0.8000000000000002
vertex 0.9241308271575035 44.35922460527899 0.8000000000000002
vertex 0.9241308271575035 41.99048140368436 0.8000000000000002
endloop
endfacet
facet normal 0.0 0.0 -1.0
outer loop
vertex 0.9241308271575035 41.99048140368436 0.8000000000000002
vertex 0.9241308271575035 44.35922460527899 0.8000000000000002
vertex 1.0942105921587235 44.72547817320338 0.8000000000000002
endloop
endfacet
facet normal 0.0 0.0 -1.0
outer loop
vertex 0.9241308271575035 41.99048140368436 0.8000000000000002
vertex 1.0942105921587235 44.72547817320338 0.8000000000000002
vertex 1.0942105921587235 41.62422783575999 0.8000000000000002
endloop
endfacet
facet normal 0.0 0.0 -1.0
outer loop
vertex 1.0942105921587235 41.62422783575999 0.8000000000000002
vertex 1.0942105921587235 44.72547817320338 0.8000000000000002
vertex 1.308356521685103 45.06783810565405 0.8000000000000002
endloop
endfacet
facet normal 0.0 0.0 -1.0
outer loop
vertex 1.0942105921587235 41.62422783575999 0.8000000000000002
vertex 1.308356521685103 45.06783810565405 0.8000000000000002
vertex 1.308356521685103 41.281867903309326 0.8000000000000002
endloop
endfacet
facet normal 0.0 0.0 -1.0
outer loop
vertex 1.308356521685103 41.281867903309326 0.8000000000000002
vertex 1.308356521685103 45.06783810565405 0.8000000000000002
vertex 1.5632688338920013 45.381028966895926 0.8000000000000002
endloop
endfacet
facet normal 0.0 0.0 -1.0
outer loop
vertex 1.308356521685103 41.281867903309326 0.8000000000000002
vertex 1.5632688338920013 45.381028966895926 0.8000000000000002
vertex 1.5632688338920013 40.968677042067426 0.8000000000000002
endloop
endfacet
facet normal 0.0 0.0 -1.0
outer loop
vertex 1.5632688338920013 40.968677042067426 0.8000000000000002
vertex 1.5632688338920013 45.381028966895926 0.8000000000000002
vertex 3.030994225982206 45.726438945608756 0.8000000000000002
endloop
endfacet
facet normal 0.0 0.0 -1.0
outer loop
vertex 1.5632688338920013 40.968677042067426 0.8000000000000002
vertex 3.030994225982206 45.726438945608756 0.8000000000000002
vertex 2.043394175760838 40.961037175344124 0.8000000000000002
endloop
endfacet
facet normal 0.0 0.0 -1.0
outer loop
vertex 2.043394175760838 40.961037175344124 0.8000000000000002
vertex 3.030994225982206 45.726438945608756 0.8000000000000002
vertex 2.518710307243811 40.89282217245355 0.8000000000000002
endloop
endfacet
facet normal 0.0 0.0 -1.0
outer loop
vertex 2.518710307243811 40.89282217245355 0.8000000000000002
vertex 3.030994225982206 45.726438945608756 0.8000000000000002
vertex 2.98160554025939 40.765124424943515 0.8000000000000002
endloop
endfacet
facet normal 0.0 0.0 -1.0
outer loop
vertex 2.98160554025939 40.765124424943515 0.8000000000000002
vertex 3.030994225982206 45.726438945608756 0.8000000000000002
vertex 3.4246670943540787 40.579988877974856 0.8000000000000002
endloop
endfacet
facet normal 0.0 0.0 -1.0
outer loop
vertex 3.4246670943540787 40.579988877974856 0.8000000000000002
vertex 3.030994225982206 45.726438945608756 0.8000000000000002
vertex 4.495283626245488 46.08613664126057 0.8000000000000002
endloop
endfacet
facet normal 0.0 0.0 -1.0
outer loop
vertex 3.4246670943540787 40.579988877974856 0.8000000000000002
vertex 4.495283626245488 46.08613664126057 0.8000000000000002
vertex 3.8407998045873897 40.34038028267473 0.8000000000000002
endloop
endfacet
facet normal 0.0 0.0 -1.0
outer loop
vertex 3.8407998045873897 40.34038028267473 0.8000000000000002
vertex 4.495283626245488 46.08613664126057 0.8000000000000002
vertex 4.223339743140851 40.05013571876462 0.8000000000000002
endloop
endfacet
facet normal 0.0 0.0 -1.0
outer loop
vertex 4.223339743140851 40.05013571876462 0.8000000000000002
vertex 4.495283626245488 46.08613664126057 0.8000000000000002
vertex 4.566160935112885 39.713903147762984 0.8000000000000002
endloop
endfacet
facet normal 0.0 0.0 -1.0
outer loop
vertex 4.566160935112885 39.713903147762984 0.8000000000000002
vertex 4.495283626245488 46.08613664126057 0.8000000000000002
vertex 5.9559979529927185 46.46008788890876 0.8000000000000002
endloop
endfacet
facet normal 0.0 0.0 -1.0
outer loop
vertex 4.566160935112885 39.713903147762984 0.8000000000000002
vertex 5.9559979529927185 46.46008788890876 0.8000000000000002
vertex 4.86377345956818 39.337066980768554 0.8000000000000002
endloop
endfacet
facet normal 0.0 0.0 -1.0
outer loop
vertex 4.86377345956818 39.337066980768554 0.8000000000000002
vertex 5.9559979529927185 46.46008788890876 0.8000000000000002
vertex 5.111411364846911 38.92566185277797 0.8000000000000002
endloop
endfacet
facet normal 0.0 0.0 -1.0
outer loop
vertex 5.111411364846911 38.92566185277797 0.8000000000000002
vertex 5.9559979529927185 46.46008788890876 0.8000000000000002
vertex 5.305108990270783 38.48627598435128 0.8000000000000002
endloop
endfacet
facet normal 0.0 0.0 -1.0
outer loop
vertex 5.305108990270783 38.48627598435128 0.8000000000000002
vertex 5.9559979529927185 46.46008788890876 0.8000000000000002
vertex 5.441764472027839 38.02594567818677 0.8000000000000002
endloop
endfacet
facet normal 0.0 0.0 -1.0
outer loop
vertex 5.441764472027839 38.02594567818677 0.8000000000000002
vertex 5.9559979529927185 46.46008788890876 0.8000000000000002
vertex 5.519189416262398 37.55204264013144 0.8000000000000002
endloop
endfacet
facet normal 0.0 0.0 -1.0
outer loop
vertex 5.519189416262398 37.55204264013144 0.8000000000000002
vertex 5.9559979529927185 46.46008788890876 0.8000000000000002
vertex 5.64320601167854 36.36428157202955 0.8000000000000002
endloop
endfacet
facet normal 0.0 0.0 -1.0
outer loop
vertex 5.64320601167854 36.36428157202955 0.8000000000000002
vertex 5.9559979529927185 46.46008788890876 0.8000000000000002
vertex 5.780052705486235 35.1779302525499 0.8000000000000002
endloop
endfacet
facet normal 0.0 0.0 -1.0
outer loop
vertex 5.780052705486235 35.1779302525499 0.8000000000000002
vertex 5.9559979529927185 46.46008788890876 0.8000000000000002
vertex 5.929713511713717 33.99312726727489 0.8000000000000002
endloop
endfacet
facet normal 0.0 0.0 -1.0
outer loop
vertex 5.929713511713717 33.99312726727489 0.8000000000000002
vertex 5.9559979529927185 46.46008788890876 0.8000000000000002
vertex 6.092170947487294 32.81001102091571 0.8000000000000002
endloop
endfacet
facet normal 0.0 0.0 -1.0
outer loop
vertex 6.092170947487294 32.81001102091571 0.8000000000000002
vertex 5.9559979529927185 46.46008788890876 0.8000000000000002
vertex 7.412998464101861 46.84825716977442 0.8000000000000002
endloop
endfacet
facet normal 0.0 0.0 -1.0
outer loop
vertex 6.092170947487294 32.81001102091571 0.8000000000000002
vertex 7.412998464101861 46.84825716977442 0.8000000000000002
vertex 6.267406035074237 31.62871972114431 0.8000000000000002
endloop
endfacet
facet normal 0.0 0.0 -1.0
outer loop
vertex 6.267406035074237 31.62871972114431 0.8000000000000002
vertex 7.412998464101861 46.84825716977442 0.8000000000000002
vertex 6.455398304099726 30.449391362448583 0.8000000000000002
endloop
endfacet
facet normal 0.0 0.0 -1.0
outer loop
vertex 6.455398304099726 30.449391362448583 0.8000000000000002
vertex 7.412998464101861 46.84825716977442 0.8000000000000002
vertex 6.656125793936971 29.27216371001215 0.8000000000000002
endloop
endfacet
facet normal 0.0 0.0 -1.0
outer loop
vertex 6.656125793936971 29.27216371001215 0.8000000000000002
vertex 7.412998464101861 46.84825716977442 0.8000000000000002
vertex 6.869565056272952 28.097174283621243 0.8000000000000002
endloop
endfacet
facet normal 0.0 0.0 -1.0
outer loop
vertex 6.869565056272952 28.097174283621243 0.8000000000000002
vertex 7.412998464101861 46.84825716977442 0.8000000000000002
vertex 7.0956911578502435 26.9245603416 0.8000000000000002
endloop
endfacet
facet normal 0.0 0.0 -1.0
outer loop
vertex 7.0956911578502435 26.9245603416 0.8000000000000002
vertex 7.412998464101861 46.84825716977442 0.8000000000000002
vertex 7.334477683375692 25.754458864776407 0.8000000000000002
endloop
endfacet
facet normal 0.0 0.0 -1.0
outer loop
vertex 7.334477683375692 25.754458864776407 0.8000000000000002
vertex 7.412998464101861 46.84825716977442 0.8000000000000002
vertex 7.585896738608078 24.587006540480772 0.8000000000000002
endloop
endfacet
facet normal 0.0 0.0 -1.0
outer loop
vertex 7.585896738608078 24.587006540480772 0.8000000000000002
vertex 7.412998464101861 46.84825716977442 0.8000000000000002
vertex 8.866146770199657 47.25060761461613 0.8000000000000002
endloop
endfacet
facet normal 0.0 0.0 -1.0
outer loop
vertex 7.585896738608078 24.587006540480772 0.8000000000000002
vertex 8.866146770199657 47.25060761461613 0.8000000000000002
vertex 8.256394617254896 34.63185563901996 0.8000000000000002
endloop
endfacet
facet normal 0.0 0.0 -1.0
outer loop
vertex 7.585896738608078 24.587006540480772 0.8000000000000002
vertex 8.256394617254896 34.63185563901996 0.8000000000000002
vertex 7.936259539008521 23.17187816862962 0.8000000000000002
endloop
endfacet
facet normal 0.0 0.0 -1.0
outer loop
vertex 8.256394617254896 34.63185563901996 0.8000000000000002
vertex 8.866146770199657 47.25060761461613 0.8000000000000002
vertex 8.37278232042821 36.17586264257997 0.8000000000000002
endloop
endfacet
facet normal 0.0 0.0 -1.0
outer loop
vertex 8.37278232042821 36.17586264257997 0.8000000000000002
vertex 8.866146770199657 47.25060761461613 0.8000000000000002
vertex 8.65045487746681 37.69914911450832 0.8000000000000002
endloop
endfacet
facet normal 0.0 0.0 -1.0
outer loop
vertex 8.65045487746681 37.69914911450832 0.8000000000000002
vertex 8.866146770199657 47.25060761461613 0.8000000000000002
vertex 9.086349828944519 39.18491468005669 0.8000000000000002
endloop
endfacet
facet normal 0.0 0.0 -1.0
outer loop
vertex 9.086349828944519 39.18491468005669 0.8000000000000002
vertex 8.866146770199657 47.25060761461613 0.8000000000000002
vertex 10.31530484780501 47.66710100723172 0.8000000000000002
endloop
endfacet
facet normal 0.0 0.0 -1.0
outer loop
vertex 9.086349828944519 39.18491468005669 0.8000000000000002
vertex 10.31530484780501 47.66710100723172 0.8000000000000002
vertex 9.675659675632703 40.616772783741666 0.8000000000000002
endloop
endfacet
facet normal 0.0 0.0 -1.0
outer loop
vertex 9.675659675632703 40.616772783741666 0.8000000000000002
vertex 10.31530484780501 47.66710100723172 0.8000000000000002
vertex 10.411884900567603 41.97893141718423 0.8000000000000002
endloop
endfacet
facet normal 0.0 0.0 -1.0
outer loop
vertex 10.411884900567603 41.97893141718423 0.8000000000000002
vertex 10.31530484780501 47.66710100723172 0.8000000000000002
vertex 11.760335052436139 48.09769778808819 0.8000000000000002
endloop
endfacet
facet normal 0.0 0.0 -1.0
outer loop
vertex 10.411884900567603 41.97893141718423 0.8000000000000002
vertex 11.760335052436139 48.09769778808819 0.8000000000000002
vertex 11.286905652423169 43.2563672896703 0.8000000000000002
endloop
endfacet
facet normal 0.0 0.0 -1.0
outer loop
vertex 11.286905652423169 43.2563672896703 0.8000000000000002
vertex 11.760335052436139 48.09769778808819 0.8000000000000002
vertex 12.291071299611497 44.43499152050007 0.8000000000000002
endloop
endfacet
facet normal 0.0 0.0 -1.0
outer loop
vertex 12.291071299611497 44.43499152050007 0.8000000000000002
vertex 11.760335052436139 48.09769778808819 0.8000000000000002
vertex 13.201100131688053 48.542357058079254 0.8000000000000002
endloop
endfacet
facet normal 0.0 0.0 -1.0
outer loop
vertex 12.291071299611497 44.43499152050007 0.8000000000000002
vertex 13.201100131688053 48.542357058079254 0.8000000000000002
vertex 13.413306867403644 45.501805025699284 0.8000000000000002
endloop
endfacet
facet normal 0.0 0.0 -1.0
outer loop
vertex 13.413306867403644 45.501805025699284 0.8000000000000002
vertex 13.201100131688053 48.542357058079254 0.8000000000000002
vertex 14.637463238266925 49.001036582409924 0.8000000000000002
endloop
endfacet
facet normal 0.0 0.0 -1.0
outer loop
vertex 13.413306867403644 45.501805025699284 0.8000000000000002
vertex 14.637463238266925 49.001036582409924 0.8000000000000002
vertex 14.641235184175246 46.44504188532824 0.8000000000000002
endloop
endfacet
facet normal 0.0 0.0 -1.0
outer loop
vertex 14.641235184175246 46.44504188532824 0.8000000000000002
vertex 14.637463238266925 49.001036582409924 0.8000000000000002
vertex 16.06928794298812 49.473692794608084 0.8000000000000002
endloop
endfacet
facet normal 0.0 0.0 -1.0
outer loop
vertex 14.641235184175246 46.44504188532824 0.8000000000000002
vertex 16.06928794298812 49.473692794608084 0.8000000000000002
vertex 15.961313389626735 47.254299110185464 0.8000000000000002
endloop
endfacet
facet normal 0.0 0.0 -1.0
outer loop
vertex 15.961313389626735 47.254299110185464 0.8000000000000002
vertex 16.06928794298812 49.473692794608084 0.8000000000000002
vertex 17.358982299418035 47.92065137670512 0.8000000000000002
endloop
endfacet
facet normal 0.0 0.0 -1.0
outer loop
vertex 17.358982299418035 47.92065137670512 0.8000000000000002
vertex 16.06928794298812 49.473692794608084 0.8000000000000002
vertex 16.78286309536321 49.71698679763533 0.8000000000000002
endloop
endfacet
facet normal 0.0 0.0 -1.0
outer loop
vertex 17.358982299418035 47.92065137670512 0.8000000000000002
vertex 16.78286309536321 49.71698679763533 0.8000000000000002
vertex 19.736595557959177 50.61605339551048 0.8000000000000002
endloop
endfacet
facet normal 0.0 0.0 -1.0
outer loop
vertex 17.358982299418035 47.92065137670512 0.8000000000000002
vertex 19.736595557959177 50.61605339551048 0.8000000000000002
vertex 18.818826978871307 48.43674946463335 0.8000000000000002
endloop
endfacet
facet normal 0.0 0.0 -1.0
outer loop
vertex 18.818826978871307 48.43674946463335 0.8000000000000002
vertex 19.736595557959177 50.61605339551048 0.8000000000000002
vertex 21.30018647129623 49.09623052394256 0.8000000000000002
endloop
endfacet
facet normal 0.0 0.0 -1.0
outer loop
vertex 21.30018647129623 49.09623052394256 0.8000000000000002
vertex 19.736595557959177 50.61605339551048 0.8000000000000002
vertex 22.74335710978205 51.31765241097089 0.8000000000000002
endloop
endfacet
facet normal 0.0 0.0 -1.0
outer loop
vertex 21.30018647129623 49.09623052394256 0.8000000000000002
vertex 22.74335710978205 51.31765241097089 0.8000000000000002
vertex 23.81406058329542 49.61824311694104 0.8000000000000002
endloop
endfacet
facet normal 0.0 0.0 -1.0
outer loop
vertex 23.81406058329542 49.61824311694104 0.8000000000000002
vertex 22.74335710978205 51.31765241097089 0.8000000000000002
vertex 25.78996185368239 51.81870704118482 0.8000000000000002
endloop
endfacet
facet normal 0.0 0.0 -1.0
outer loop
vertex 23.81406058329542 49.61824311694104 0.8000000000000002
vertex 25.78996185368239 51.81870704118482 0.8000000000000002
vertex 26.352839583978056 50.00120706292828 0.8000000000000002
endloop
endfacet
facet normal 0.0 0.0 -1.0
outer loop
vertex 26.352839583978056 50.00120706292828 0.8000000000000002
vertex 25.78996185368239 51.81870704118482 0.8000000000000002
vertex 28.863049163580882 52.117019953671566 0.8000000000000002
endloop
endfacet
facet normal 0.0 0.0 -1.0
outer loop
vertex 26.352839583978056 50.00120706292828 0.8000000000000002
vertex 28.863049163580882 52.117019953671566 0.8000000000000002
vertex 28.90883835303399 50.24396309439885 0.8000000000000002
endloop
endfacet
facet normal 0.0 0.0 -1.0
outer loop
vertex 28.90883835303399 50.24396309439885 0.8000000000000002
vertex 28.863049163580882 52.117019953671566 0.8000000000000002
vertex 31.949142276356074 52.21128292251619 0.8000000000000002
endloop
endfacet
facet normal 0.0 0.0 -1.0
outer loop
vertex 28.90883835303399 50.24396309439885 0.8000000000000002
vertex 31.949142276356074 52.21128292251619 0.8000000000000002
vertex 31.474319644313486 50.34577636625321 0.8000000000000002
endloop
endfacet
facet normal 0.0 0.0 -1.0
outer loop
vertex 31.474319644313486 50.34577636625321 0.8000000000000002
vertex 31.949142276356074 52.21128292251619 0.8000000000000002
vertex 34.041517507188935 50.3063386802421 0.8000000000000002
endloop
endfacet
facet normal 0.0 0.0 -1.0
outer loop
vertex 34.041517507188935 50.3063386802421 0.8000000000000002
vertex 31.949142276356074 52.21128292251619 0.8000000000000002
vertex 35.0347073930442 52.10108256548316 0.8000000000000002
endloop
endfacet
facet normal 0.0 0.0 -1.0
outer loop
vertex 34.041517507188935 50.3063386802421 0.8000000000000002
vertex 35.0347073930442 52.10108256548316 0.8000000000000002
vertex 36.60266079481149 50.12576941791137 0.8000000000000002
endloop
endfacet
facet normal 0.0 0.0 -1.0
outer loop
vertex 36.60266079481149 50.12576941791137 0.8000000000000002
vertex 35.0347073930442 52.10108256548316 0.8000000000000002
vertex 38.10621303016403 51.786902156868905 0.8000000000000002
endloop
endfacet
facet normal 0.0 0.0 -1.0
outer loop
vertex 36.60266079481149 50.12576941791137 0.8000000000000002
vertex 38.10621303016403 51.786902156868905 0.8000000000000002
vertex 39.149996688094035 49.804615179222985 0.8000000000000002
endloop
endfacet
facet normal 0.0 0.0 -1.0
outer loop
vertex 39.149996688094035 49.804615179222985 0.8000000000000002
vertex 38.10621303016403 51.786902156868905 0.8000000000000002
vertex 41.15018936088484 51.270119508143566 0.8000000000000002
endloop
endfacet
facet normal 0.0 0.0 -1.0
outer loop
vertex 39.149996688094035 49.804615179222985 0.8000000000000002
vertex 41.15018936088484 51.270119508143566 0.8000000000000002
vertex 41.67581416421696 49.34384812794592 0.8000000000000002
endloop
endfacet
facet normal 0.0 0.0 -1.0
outer loop
vertex 41.67581416421696 49.34384812794592 0.8000000000000002
vertex 41.15018936088484 51.270119508143566 0.8000000000000002
vertex 44.15328728581057 50.553000925675775 0.8000000000000002
endloop
endfacet
facet normal 0.0 0.0 -1.0
outer loop
vertex 41.67581416421696 49.34384812794592 0.8000000000000002
vertex 44.15328728581057 50.553000925675775 0.8000000000000002
vertex 44.172467338613195 48.74486304882605 0.8000000000000002
endloop
endfacet
facet normal 0.0 0.0 -1.0
outer loop
vertex 44.172467338613195 48.74486304882605 0.8000000000000002
vertex 44.15328728581057 50.553000925675775 0.8000000000000002
vertex 47.10233697431736 49.63869127203895 0.8000000000000002
endloop
endfacet
facet normal 0.0 0.0 -1.0
outer loop
vertex 44.172467338613195 48.74486304882605 0.8000000000000002
vertex 47.10233697431736 49.63869127203895 0.8000000000000002
vertex 46.632398609770625 48.00947312544302 0.8000000000000002
endloop
endfacet
facet normal 0.0 0.0 -1.0
outer loop
vertex 46.632398609770625 48.00947312544302 0.8000000000000002
vertex 47.10233697431736 49.63869127203895 0.8000000000000002
vertex 49.04816153679586 47.13990445153456 0.8000000000000002
endloop
endfacet
facet normal 0.0 0.0 -1.0
outer loop
vertex 49.04816153679586 47.13990445153456 0.8000000000000002
vertex 47.10233697431736 49.63869127203895 0.8000000000000002
vertex 49.984405619726324 48.53120017448374 0.8000000000000002
endloop
endfacet
facet normal 0.0 0.0 -1.0
outer loop
vertex 49.04816153679586 47.13990445153456 0.8000000000000002
vertex 49.984405619726324 48.53120017448374 0.8000000000000002
vertex 49.86197455406024 46.80175962494422 0.8000000000000002
endloop
endfacet
facet normal 0.0 0.0 -1.0
outer loop
vertex 49.86197455406024 46.80175962494422 0.8000000000000002
vertex 49.984405619726324 48.53120017448374 0.8000000000000002
vertex 50.66104103647484 46.43010614722393 0.8000000000000002
endloop
endfacet
facet normal 0.0 0.0 -1.0
outer loop
vertex 50.66104103647484 46.43010614722393 0.8000000000000002
vertex 49.984405619726324 48.53120017448374 0.8000000000000002
vertex 52.78685415502998 47.23538444105865 0.8000000000000002
endloop
endfacet
facet normal 0.0 0.0 -1.0
outer loop
vertex 50.66104103647484 46.43010614722393 0.8000000000000002
vertex 52.78685415502998 47.23538444105865 0.8000000000000002
vertex 51.443981979993005 46.025585406368954 0.8000000000000002
endloop
endfacet
facet normal 0.0 0.0 -1.0
outer loop
vertex 51.443981979993005 46.025585406368954 0.8000000000000002
vertex 52.78685415502998 47.23538444105865 0.8000000000000002
vertex 52.20944620952252 45.588895511673414 0.8000000000000002
endloop
endfacet
facet normal 0.0 0.0 -1.0
outer loop
vertex 52.20944620952252 45.588895511673414 0.8000000000000002
vertex 52.78685415502998 47.23538444105865 0.8000000000000002
vertex 52.956112710740456 45.12079008895514 0.8000000000000002
endloop
endfacet
facet normal 0.0 0.0 -1.0
outer loop
vertex 52.956112710740456 45.12079008895514 0.8000000000000002
vertex 52.78685415502998 47.23538444105865 0.8000000000000002
vertex 56.04717246146729 45.090987867010526 0.8000000000000002
endloop
endfacet
facet normal 0.0 0.0 -1.0
outer loop
vertex 52.956112710740456 45.12079008895514 0.8000000000000002
vertex 56.04717246146729 45.090987867010526 0.8000000000000002
vertex 53.682692909856705 44.62207697997161 0.8000000000000002
endloop
endfacet
facet normal 0.0 0.0 -1.0
outer loop
vertex 53.682692909856705 44.62207697997161 0.8000000000000002
vertex 56.04717246146729 45.090987867010526 0.8000000000000002
vertex 54.387932897394975 44.09361684827192 0.8000000000000002
endloop
endfacet
facet normal 0.0 0.0 -1.0
outer loop
vertex 54.387932897394975 44.09361684827192 0.8000000000000002
vertex 56.04717246146729 45.090987867010526 0.8000000000000002
vertex 55.0706155921529 43.53632169389036 0.8000000000000002
endloop
endfacet
facet normal 0.0 0.0 -1.0
outer loop
vertex 55.0706155921529 43.53632169389036 0.8000000000000002
vertex 56.04717246146729 45.090987867010526 0.8000000000000002
vertex 55.7295628416011 42.95115327944515 0.8000000000000002
endloop
endfacet
facet normal 0.0 0.0 -1.0
outer loop
vertex 55.7295628416011 42.95115327944515 0.8000000000000002
vertex 56.04717246146729 45.090987867010526 0.8000000000000002
vertex 56.36363745510087 42.339121470358556 0.8000000000000002
endloop
endfacet
facet normal 0.0 0.0 -1.0
outer loop
vertex 56.36363745510087 42.339121470358556 0.8000000000000002
vertex 56.04717246146729 45.090987867010526 0.8000000000000002
vertex 59.08358213925762 42.63979868730334 0.8000000000000002
endloop
endfacet
facet normal 0.0 0.0 -1.0
outer loop
vertex 56.36363745510087 42.339121470358556 0.8000000000000002
vertex 59.08358213925762 42.63979868730334 0.8000000000000002
vertex 56.971745166436605 41.7012824920625 0.8000000000000002
endloop
endfacet
facet normal 0.0 0.0 -1.0
outer loop
vertex 56.971745166436605 41.7012824920625 0.8000000000000002
vertex 59.08358213925762 42.63979868730334 0.8000000000000002
vertex 57.5528365222607 41.038737107197655 0.8000000000000002
endloop
endfacet
facet normal 0.0 0.0 -1.0
outer loop
vertex 57.5528365222607 41.038737107197655 0.8000000000000002
vertex 59.08358213925762 42.63979868730334 0.8000000000000002
vertex 58.326212197579316 40.04032059260011 0.8000000000000002
endloop
endfacet
facet normal 0.0 0.0 -1.0
outer loop
vertex 58.326212197579316 40.04032059260011 0.8000000000000002
vertex 59.08358213925762 42.63979868730334 0.8000000000000002
vertex 59.016986400728 38.983071108296244 0.8000000000000002
endloop
endfacet
facet normal 0.0 0.0 -1.0
outer loop
vertex 59.016986400728 38.983071108296244 0.8000000000000002
vertex 59.08358213925762 42.63979868730334 0.8000000000000002
vertex 59.620704970648426 37.87380587394998 0.8000000000000002
endloop
endfacet
facet normal 0.0 0.0 -1.0
outer loop
vertex 59.620704970648426 37.87380587394998 0.8000000000000002
vertex 59.08358213925762 42.63979868730334 0.8000000000000002
vertex 61.867319105905985 39.90503715718845 0.8000000000000002
endloop
endfacet
facet normal 0.0 0.0 -1.0
outer loop
vertex 59.620704970648426 37.87380587394998 0.8000000000000002
vertex 61.867319105905985 39.90503715718845 0.8000000000000002
vertex 60.13347508718097 36.719677510470845 0.8000000000000002
endloop
endfacet
facet normal 0.0 0.0 -1.0
outer loop
vertex 60.13347508718097 36.719677510470845 0.8000000000000002
vertex 61.867319105905985 39.90503715718845 0.8000000000000002
vertex 60.551990372245236 35.528127919407126 0.8000000000000002
endloop
endfacet
facet normal 0.0 0.0 -1.0
outer loop
vertex 60.551990372245236 35.528127919407126 0.8000000000000002
vertex 61.867319105905985 39.90503715718845 0.8000000000000002
vertex 60.87355220959674 34.30684029703682 0.8000000000000002
endloop
endfacet
facet normal 0.0 0.0 -1.0
outer loop
vertex 60.87355220959674 34.30684029703682 0.8000000000000002
vertex 61.867319105905985 39.90503715718845 0.8000000000000002
vertex 61.096087145701354 33.063689592573034 0.8000000000000002
endloop
endfacet
facet normal 0.0 0.0 -1.0
outer loop
vertex 61.096087145701354 33.063689592573034 0.8000000000000002
vertex 61.867319105905985 39.90503715718845 0.8000000000000002
vertex 61.218160259507634 31.806691729932957 0.8000000000000002
endloop
endfacet
facet normal 0.0 0.0 -1.0
outer loop
vertex 61.218160259507634 31.806691729932957 0.8000000000000002
vertex 61.867319105905985 39.90503715718845 0.8000000000000002
vertex 61.83862882305783 22.72277062503622 0.8000000000000002
endloop
endfacet
facet normal 0.0 0.0 -1.0
outer loop
vertex 61.83862882305783 22.72277062503622 0.8000000000000002
vertex 61.867319105905985 39.90503715718845 0.8000000000000002
vertex 62.44170664000731 24.675559509875814 0.8000000000000002
endloop
endfacet
facet normal 0.0 0.0 -1.0
outer loop
vertex 62.44170664000731 24.675559509875814 0.8000000000000002
vertex 61.867319105905985 39.90503715718845 0.8000000000000002
vertex 62.035745557623095 39.80724408193284 0.8000000000000002
endloop
endfacet
facet normal 0.0 0.0 -1.0
outer loop
vertex 62.44170664000731 24.675559509875814 0.8000000000000002
vertex 62.035745557623095 39.80724408193284 0.8000000000000002
vertex 62.21274146849779 39.72598275817121 0.8000000000000002
endloop
endfacet
facet normal 0.0 0.0 -1.0
outer loop
vertex 62.44170664000731 24.675559509875814 0.8000000000000002
vertex 62.21274146849779 39.72598275817121 0.8000000000000002
vertex 62.39668888355555 39.66199601189486 0.8000000000000002
endloop
endfacet
facet normal 0.0 0.0 -1.0
outer loop
vertex 62.44170664000731 24.675559509875814 0.8000000000000002
vertex 62.39668888355555 39.66199601189486 0.8000000000000002
vertex 62.585906302736774 39.615868758731935 0.8000000000000002
endloop
endfacet
facet normal 0.0 0.0 -1.0
outer loop
vertex 62.44170664000731 24.675559509875814 0.8000000000000002
vertex 62.585906302736774 39.615868758731935 0.8000000000000002
vertex 62.9631853355266 26.651704052202966 0.8000000000000002
endloop
endfacet
facet normal 0.0 0.0 -1.0
outer loop
vertex 62.9631853355266 26.651704052202966 0.8000000000000002
vertex 62.585906302736774 39.615868758731935 0.8000000000000002
vertex 62.77866405181708 39.58802265711693 0.8000000000000002
endloop
endfacet
facet normal 0.0 0.0 -1.0
outer loop
vertex 62.9631853355266 26.651704052202966 0.8000000000000002
vertex 62.77866405181708 39.58802265711693 0.8000000000000002
vertex 62.97320009371302 39.57871225382657 0.8000000000000002
endloop
endfacet
facet normal 0.0 0.0 -1.0
outer loop
vertex 62.9631853355266 26.651704052202966 0.8000000000000002
vertex 62.97320009371302 39.57871225382657 0.8000000000000002
vertex 63.402165555144826 28.647796146479813 0.8000000000000002
endloop
endfacet
facet normal 0.0 0.0 -1.0
outer loop
vertex 63.402165555144826 28.647796146479813 0.8000000000000002
vertex 62.97320009371302 39.57871225382657 0.8000000000000002
vertex 63.1677361356073 39.58802265711693 0.8000000000000002
endloop
endfacet
facet normal 0.0 0.0 -1.0
outer loop
vertex 63.402165555144826 28.647796146479813 0.8000000000000002
vertex 63.1677361356073 39.58802265711693 0.8000000000000002
vertex 63.360493884688154 39.61586875873196 0.8000000000000002
endloop
endfacet
facet normal 0.0 0.0 -1.0
outer loop
vertex 63.402165555144826 28.647796146479813 0.8000000000000002
vertex 63.360493884688154 39.61586875873196 0.8000000000000002
vertex 63.549711303868946 39.66199601189486 0.8000000000000002
endloop
endfacet
facet normal 0.0 0.0 -1.0
outer loop
vertex 63.402165555144826 28.647796146479813 0.8000000000000002
vertex 63.549711303868946 39.66199601189486 0.8000000000000002
vertex 63.75789022320813 30.660393285149336 0.8000000000000002
endloop
endfacet
facet normal 0.0 0.0 -1.0
outer loop
vertex 63.75789022320813 30.660393285149336 0.8000000000000002
vertex 63.549711303868946 39.66199601189486 0.8000000000000002
vertex 63.73365871892725 39.72598275817121 0.8000000000000002
endloop
endfacet
facet normal 0.0 0.0 -1.0
outer loop
vertex 63.75789022320813 30.660393285149336 0.8000000000000002
vertex 63.73365871892725 39.72598275817121 0.8000000000000002
vertex 63.9106546298018 39.807244081932865 0.8000000000000002
endloop
endfacet
facet normal 0.0 0.0 -1.0
outer loop
vertex 63.75789022320813 30.660393285149336 0.8000000000000002
vertex 63.9106546298018 39.807244081932865 0.8000000000000002
vertex 64.02974584855653 32.68602449566532 0.8000000000000002
endloop
endfacet
facet normal 0.0 0.0 -1.0
outer loop
vertex 64.02974584855653 32.68602449566532 0.8000000000000002
vertex 63.9106546298018 39.807244081932865 0.8000000000000002
vertex 64.07908108151842 39.90503715718845 0.8000000000000002
endloop
endfacet
facet normal 0.0 0.0 -1.0
outer loop
vertex 64.02974584855653 32.68602449566532 0.8000000000000002
vertex 64.07908108151842 39.90503715718845 0.8000000000000002
vertex 64.2172635825592 34.72119632661338 0.8000000000000002
endloop
endfacet
facet normal 0.0 0.0 -1.0
outer loop
vertex 64.2172635825592 34.72119632661338 0.8000000000000002
vertex 64.07908108151842 39.90503715718845 0.8000000000000002
vertex 64.395685267963 40.099133558744 0.8000000000000002
endloop
endfacet
facet normal 0.0 0.0 -1.0
outer loop
vertex 64.2172635825592 34.72119632661338 0.8000000000000002
vertex 64.395685267963 40.099133558744 0.8000000000000002
vertex 64.48733180567925 34.98939364537648 0.8000000000000002
endloop
endfacet
facet normal 0.0 0.0 -1.0
outer loop
vertex 64.48733180567925 34.98939364537648 0.8000000000000002
vertex 64.395685267963 40.099133558744 0.8000000000000002
vertex 64.72120622147067 40.27787284597066 0.8000000000000002
endloop
endfacet
facet normal 0.0 0.0 -1.0
outer loop
vertex 64.48733180567925 34.98939364537648 0.8000000000000002
vertex 64.72120622147067 40.27787284597066 0.8000000000000002
vertex 64.77499755531052 35.23862258314297 0.8000000000000002
endloop
endfacet
facet normal 0.0 0.0 -1.0
outer loop
vertex 64.77499755531052 35.23862258314297 0.8000000000000002
vertex 64.72120622147067 40.27787284597066 0.8000000000000002
vertex 65.05489960352547 40.44084631234931 0.8000000000000002
endloop
endfacet
facet normal 0.0 0.0 -1.0
outer loop
vertex 64.77499755531052 35.23862258314297 0.8000000000000002
vertex 65.05489960352547 40.44084631234931 0.8000000000000002
vertex 65.0789314413632 35.46773137791052 0.8000000000000002
endloop
endfacet
facet normal 0.0 0.0 -1.0
outer loop
vertex 65.0789314413632 35.46773137791052 0.8000000000000002
vertex 65.05489960352547 40.44084631234931 0.8000000000000002
vertex 65.39600238847983 40.5876813015984 0.8000000000000002
endloop
endfacet
facet normal 0.0 0.0 -1.0
outer loop
vertex 65.0789314413632 35.46773137791052 0.8000000000000002
vertex 65.39600238847983 40.5876813015984 0.8000000000000002
vertex 65.39772889378926 35.67566124891891 0.8000000000000002
endloop
endfacet
facet normal 0.0 0.0 -1.0
outer loop
vertex 65.39772889378926 35.67566124891891 0.8000000000000002
vertex 65.39600238847983 40.5876813015984 0.8000000000000002
vertex 65.74373460828946 40.71804205979234 0.8000000000000002
endloop
endfacet
facet normal 0.0 0.0 -1.0
outer loop
vertex 65.39772889378926 35.67566124891891 0.8000000000000002
vertex 65.74373460828946 40.71804205979234 0.8000000000000002
vertex 65.72991665352275 35.86145128959476 0.8000000000000002
endloop
endfacet
facet normal 0.0 0.0 -1.0
outer loop
vertex 65.72991665352275 35.86145128959476 0.8000000000000002
vertex 65.74373460828946 40.71804205979234 0.8000000000000002
vertex 66.07395958085311 36.024242908190345 0.8000000000000002
endloop
endfacet
facet normal 0.0 0.0 -1.0
outer loop
vertex 66.07395958085311 36.024242908190345 0.8000000000000002
vertex 65.74373460828946 40.71804205979234 0.8000000000000002
vertex 66.09730113600071 40.83163050309887 0.8000000000000002
endloop
endfacet
facet normal 0.0 0.0 -1.0
outer loop
vertex 66.07395958085311 36.024242908190345 0.8000000000000002
vertex 66.09730113600071 40.83163050309887 0.8000000000000002
vertex 66.42826774976996 36.16328379559478 0.8000000000000002
endloop
endfacet
facet normal 0.0 0.0 -1.0
outer loop
vertex 66.42826774976996 36.16328379559478 0.8000000000000002
vertex 66.09730113600071 40.83163050309887 0.8000000000000002
vertex 66.45589350389002 40.92818689937967 0.8000000000000002
endloop
endfacet
facet normal 0.0 0.0 -1.0
outer loop
vertex 66.42826774976996 36.16328379559478 0.8000000000000002
vertex 66.45589350389002 40.92818689937967 0.8000000000000002
vertex 66.79120379548709 36.27793140198085 0.8000000000000002
endloop
endfacet
facet normal 0.0 0.0 -1.0
outer loop
vertex 66.79120379548709 36.27793140198085 0.8000000000000002
vertex 66.45589350389002 40.92818689937967 0.8000000000000002
vertex 66.81869175210988 41.00749046209566 0.8000000000000002
endloop
endfacet
facet normal 0.0 0.0 -1.0
outer loop
vertex 66.79120379548709 36.27793140198085 0.8000000000000002
vertex 66.81869175210988 41.00749046209566 0.8000000000000002
vertex 67.16109048120254 36.36765590622161 0.8000000000000002
endloop
endfacet
facet normal 0.0 0.0 -1.0
outer loop
vertex 67.16109048120254 36.36765590622161 0.8000000000000002
vertex 66.81869175210988 41.00749046209566 0.8000000000000002
vertex 67.18486630361942 41.06935985515912 0.8000000000000002
endloop
endfacet
facet normal 0.0 0.0 -1.0
outer loop
vertex 67.16109048120254 36.36765590622161 0.8000000000000002
vertex 67.18486630361942 41.06935985515912 0.8000000000000002
vertex 67.53621844911261 36.43204266435319 0.8000000000000002
endloop
endfacet
facet normal 0.0 0.0 -1.0
outer loop
vertex 67.53621844911261 36.43204266435319 0.8000000000000002
vertex 67.18486630361942 41.06935985515912 0.8000000000000002
vertex 67.55357986109607 41.11365360757802 0.8000000000000002
endloop
endfacet
facet normal 0.0 0.0 -1.0
outer loop
vertex 67.53621844911261 36.43204266435319 0.8000000000000002
vertex 67.55357986109607 41.11365360757802 0.8000000000000002
vertex 67.91485411986923 36.47079412576958 0.8000000000000002
endloop
endfacet
facet normal 0.0 0.0 -1.0
outer loop
vertex 67.91485411986923 36.47079412576958 0.8000000000000002
vertex 67.55357986109607 41.11365360757802 0.8000000000000002
vertex 67.92398932151163 41.14027043694461 0.8000000000000002
endloop
endfacet
facet normal 0.0 0.0 -1.0
outer loop
vertex 67.91485411986923 36.47079412576958 0.8000000000000002
vertex 67.92398932151163 41.14027043694461 0.8000000000000002
vertex 68.29524770397222 36.48373120829361 0.8000000000000002
endloop
endfacet
facet normal 0.0 0.0 -1.0
outer loop
vertex 68.29524770397222 36.48373120829361 0.8000000000000002
vertex 67.92398932151163 41.14027043694461 0.8000000000000002
vertex 68.29524770397222 41.14914948102849 0.8000000000000002
endloop
endfacet
facet normal 0.0 0.0 -1.0
outer loop
vertex 68.29524770397222 36.48373120829361 0.8000000000000002
vertex 68.29524770397222 41.14914948102849 0.8000000000000002
vertex 72.56675229602803 41.14914948102849 0.8000000000000002
endloop
endfacet
facet normal 0.0 0.0 -1.0
outer loop
vertex 68.29524770397222 36.48373120829361 0.8000000000000002
vertex 72.56675229602803 41.14914948102849 0.8000000000000002
vertex 72.56675229602803 36.48373120829361 0.8000000000000002
endloop
endfacet
facet normal 0.0 0.0 -1.0
outer loop
vertex 72.56675229602803 36.48373120829361 0.8000000000000002
vertex 72.56675229602803 41.14914948102849 0.8000000000000002
vertex 72.93801067848833 41.14027043694461 0.8000000000000002
endloop
endfacet
facet normal 0.0 0.0 -1.0
outer loop
vertex 72.56675229602803 36.48373120829361 0.8000000000000002
vertex 72.93801067848833 41.14027043694461 0.8000000000000002
vertex 72.94714588013112 36.47079412576958 0.8000000000000002
endloop
endfacet
facet normal 0.0 0.0 -1.0
outer loop
vertex 72.94714588013112 36.47079412576958 0.8000000000000002
vertex 72.93801067848833 41.14027043694461 0.8000000000000002
vertex 73.30842013890395 41.11365360757802 0.8000000000000002
endloop
endfacet
facet normal 0.0 0.0 -1.0
outer loop
vertex 72.94714588013112 36.47079412576958 0.8000000000000002
vertex 73.30842013890395 41.11365360757802 0.8000000000000002
vertex 73.32578155088747 36.43204266435319 0.8000000000000002
endloop
endfacet
facet normal 0.0 0.0 -1.0
outer loop
vertex 73.32578155088747 36.43204266435319 0.8000000000000002
vertex 73.30842013890395 41.11365360757802 0.8000000000000002
vertex 73.67713369638123 41.06935985515912 0.8000000000000002
endloop
endfacet
facet normal 0.0 0.0 -1.0
outer loop
vertex 73.32578155088747 36.43204266435319 0.8000000000000002
vertex 73.67713369638123 41.06935985515912 0.8000000000000002
vertex 73.70090951879754 36.36765590622161 0.8000000000000002
endloop
endfacet
facet normal 0.0 0.0 -1.0
outer loop
vertex 73.70090951879754 36.36765590622161 0.8000000000000002
vertex 73.67713369638123 41.06935985515912 0.8000000000000002
vertex 74.0433082478903 41.007490462095674 0.8000000000000002
endloop
endfacet
facet normal 0.0 0.0 -1.0
outer loop
vertex 73.70090951879754 36.36765590622161 0.8000000000000002
vertex 74.0433082478903 41.007490462095674 0.8000000000000002
vertex 74.07079620451329 36.27793140198085 0.8000000000000002
endloop
endfacet
facet normal 0.0 0.0 -1.0
outer loop
vertex 74.07079620451329 36.27793140198085 0.8000000000000002
vertex 74.0433082478903 41.007490462095674 0.8000000000000002
vertex 74.40610649611023 40.92818689937967 0.8000000000000002
endloop
endfacet
facet normal 0.0 0.0 -1.0
outer loop
vertex 74.07079620451329 36.27793140198085 0.8000000000000002
vertex 74.40610649611023 40.92818689937967 0.8000000000000002
vertex 74.43373225023065 36.163283795594765 0.8000000000000002
endloop
endfacet
facet normal 0.0 0.0 -1.0
outer loop
vertex 74.43373225023065 36.163283795594765 0.8000000000000002
vertex 74.40610649611023 40.92818689937967 0.8000000000000002
vertex 74.76469886399913 40.83163050309887 0.8000000000000002
endloop
endfacet
facet normal 0.0 0.0 -1.0
outer loop
vertex 74.43373225023065 36.163283795594765 0.8000000000000002
vertex 74.76469886399913 40.83163050309887 0.8000000000000002
vertex 74.78804041914697 36.02424290819035 0.8000000000000002
endloop
endfacet
facet normal 0.0 0.0 -1.0
outer loop
vertex 74.78804041914697 36.02424290819035 0.8000000000000002
vertex 74.76469886399913 40.83163050309887 0.8000000000000002
vertex 75.11826539171082 40.71804205979234 0.8000000000000002
endloop
endfacet
facet normal 0.0 0.0 -1.0
outer loop
vertex 74.78804041914697 36.02424290819035 0.8000000000000002
vertex 75.11826539171082 40.71804205979234 0.8000000000000002
vertex 75.13208334647736 35.86145128959476 0.8000000000000002
endloop
endfacet
facet normal 0.0 0.0 -1.0
outer loop
vertex 75.13208334647736 35.86145128959476 0.8000000000000002
vertex 75.11826539171082 40.71804205979234 0.8000000000000002
vertex 75.46599761152085 40.5876813015984 0.8000000000000002
endloop
endfacet
facet normal 0.0 0.0 -1.0
outer loop
vertex 75.13208334647736 35.86145128959476 0.8000000000000002
vertex 75.46599761152085 40.5876813015984 0.8000000000000002
vertex 75.46427110621073 35.67566124891891 0.8000000000000002
endloop
endfacet
facet normal 0.0 0.0 -1.0
outer loop
vertex 75.46427110621073 35.67566124891891 0.8000000000000002
vertex 75.46599761152085 40.5876813015984 0.8000000000000002
vertex 75.78306855863701 35.46773137791052 0.8000000000000002
endloop
endfacet
facet normal 0.0 0.0 -1.0
outer loop
vertex 75.78306855863701 35.46773137791052 0.8000000000000002
vertex 75.46599761152085 40.5876813015984 0.8000000000000002
vertex 75.80710039647448 40.440846312349336 0.8000000000000002
endloop
endfacet
facet normal 0.0 0.0 -1.0
outer loop
vertex 75.78306855863701 35.46773137791052 0.8000000000000002
vertex 75.80710039647448 40.440846312349336 0.8000000000000002
vertex 76.08700244468984 35.23862258314297 0.8000000000000002
endloop
endfacet
facet normal 0.0 0.0 -1.0
outer loop
vertex 76.08700244468984 35.23862258314297 0.8000000000000002
vertex 75.80710039647448 40.440846312349336 0.8000000000000002
vertex 76.14079377852967 40.27787284597066 0.8000000000000002
endloop
endfacet
facet normal 0.0 0.0 -1.0
outer loop
vertex 76.08700244468984 35.23862258314297 0.8000000000000002
vertex 76.14079377852967 40.27787284597066 0.8000000000000002
vertex 76.37466819432095 34.98939364537648 0.8000000000000002
endloop
endfacet
facet normal 0.0 0.0 -1.0
outer loop
vertex 76.37466819432095 34.98939364537648 0.8000000000000002
vertex 76.14079377852967 40.27787284597066 0.8000000000000002
vertex 76.46631473203743 40.099133558744 0.8000000000000002
endloop
endfacet
facet normal 0.0 0.0 -1.0
outer loop
vertex 76.37466819432095 34.98939364537648 0.8000000000000002
vertex 76.46631473203743 40.099133558744 0.8000000000000002
vertex 76.64473641744117 34.72119632661338 0.8000000000000002
endloop
endfacet
facet normal 0.0 0.0 -1.0
outer loop
vertex 76.64473641744117 34.72119632661338 0.8000000000000002
vertex 76.46631473203743 40.099133558744 0.8000000000000002
vertex 76.7829189184818 39.90503715718845 0.8000000000000002
endloop
endfacet
facet normal 0.0 0.0 -1.0
outer loop
vertex 76.64473641744117 34.72119632661338 0.8000000000000002
vertex 76.7829189184818 39.90503715718845 0.8000000000000002
vertex 76.83225415144368 32.68602449566532 0.8000000000000002
endloop
endfacet
facet normal 0.0 0.0 -1.0
outer loop
vertex 76.83225415144368 32.68602449566532 0.8000000000000002
vertex 76.7829189184818 39.90503715718845 0.8000000000000002
vertex 76.95134537019828 39.80724408193286 0.8000000000000002
endloop
endfacet
facet normal 0.0 0.0 -1.0
outer loop
vertex 76.83225415144368 32.68602449566532 0.8000000000000002
vertex 76.95134537019828 39.80724408193286 0.8000000000000002
vertex 77.10410977679211 30.660393285149343 0.8000000000000002
endloop
endfacet
facet normal 0.0 0.0 -1.0
outer loop
vertex 77.10410977679211 30.660393285149343 0.8000000000000002
vertex 76.95134537019828 39.80724408193286 0.8000000000000002
vertex 77.12834128107266 39.72598275817121 0.8000000000000002
endloop
endfacet
facet normal 0.0 0.0 -1.0
outer loop
vertex 77.10410977679211 30.660393285149343 0.8000000000000002
vertex 77.12834128107266 39.72598275817121 0.8000000000000002
vertex 77.45983444485597 28.647796146479813 0.8000000000000002
endloop
endfacet
facet normal 0.0 0.0 -1.0
outer loop
vertex 77.45983444485597 28.647796146479813 0.8000000000000002
vertex 77.12834128107266 39.72598275817121 0.8000000000000002
vertex 77.3122886961312 39.66199601189486 0.8000000000000002
endloop
endfacet
facet normal 0.0 0.0 -1.0
outer loop
vertex 77.45983444485597 28.647796146479813 0.8000000000000002
vertex 77.3122886961312 39.66199601189486 0.8000000000000002
vertex 77.50150611531188 39.61586875873194 0.8000000000000002
endloop
endfacet
facet normal 0.0 0.0 -1.0
outer loop
vertex 77.45983444485597 28.647796146479813 0.8000000000000002
vertex 77.50150611531188 39.61586875873194 0.8000000000000002
vertex 77.8988146644735 26.651704052202966 0.8000000000000002
endloop
endfacet
facet normal 0.0 0.0 -1.0
outer loop
vertex 77.8988146644735 26.651704052202966 0.8000000000000002
vertex 77.50150611531188 39.61586875873194 0.8000000000000002
vertex 77.69426386439243 39.58802265711693 0.8000000000000002
endloop
endfacet
facet normal 0.0 0.0 -1.0
outer loop
vertex 77.8988146644735 26.651704052202966 0.8000000000000002
vertex 77.69426386439243 39.58802265711693 0.8000000000000002
vertex 77.8887999062878 39.57871225382657 0.8000000000000002
endloop
endfacet
facet normal 0.0 0.0 -1.0
outer loop
vertex 77.8988146644735 26.651704052202966 0.8000000000000002
vertex 77.8887999062878 39.57871225382657 0.8000000000000002
vertex 78.0833359481832 39.58802265711693 0.8000000000000002
endloop
endfacet
facet normal 0.0 0.0 -1.0
outer loop
vertex 77.8988146644735 26.651704052202966 0.8000000000000002
vertex 78.0833359481832 39.58802265711693 0.8000000000000002
vertex 78.42029335999281 24.6755595098758 0.8000000000000002
endloop
endfacet
facet normal 0.0 0.0 -1.0
outer loop
vertex 78.42029335999281 24.6755595098758 0.8000000000000002
vertex 78.0833359481832 39.58802265711693 0.8000000000000002
vertex 78.27609369726373 39.615868758731935 0.8000000000000002
endloop
endfacet
facet normal 0.0 0.0 -1.0
outer loop
vertex 78.42029335999281 24.6755595098758 0.8000000000000002
vertex 78.27609369726373 39.615868758731935 0.8000000000000002
vertex 78.46531111644443 39.66199601189486 0.8000000000000002
endloop
endfacet
facet normal 0.0 0.0 -1.0
outer loop
vertex 78.42029335999281 24.6755595098758 0.8000000000000002
vertex 78.46531111644443 39.66199601189486 0.8000000000000002
vertex 79.02337117694262 22.72277062503622 0.8000000000000002
endloop
endfacet
facet normal 0.0 0.0 -1.0
outer loop
vertex 79.02337117694262 22.72277062503622 0.8000000000000002
vertex 78.46531111644443 39.66199601189486 0.8000000000000002
vertex 78.64925853150295 39.72598275817121 0.8000000000000002
endloop
endfacet
facet normal 0.0 0.0 -1.0
outer loop
vertex 79.02337117694262 22.72277062503622 0.8000000000000002
vertex 78.64925853150295 39.72598275817121 0.8000000000000002
vertex 78.82625444237735 39.80724408193284 0.8000000000000002
endloop
endfacet
facet normal 0.0 0.0 -1.0
outer loop
vertex 79.02337117694262 22.72277062503622 0.8000000000000002
vertex 78.82625444237735 39.80724408193284 0.8000000000000002
vertex 78.99468089409383 39.90503715718845 0.8000000000000002
endloop
endfacet
facet normal 0.0 0.0 -1.0
outer loop
vertex 79.02337117694262 22.72277062503622 0.8000000000000002
vertex 78.99468089409383 39.90503715718845 0.8000000000000002
vertex 79.64383974049257 31.806691729932957 0.8000000000000002
endloop
endfacet
facet normal 0.0 0.0 -1.0
outer loop
vertex 79.64383974049257 31.806691729932957 0.8000000000000002
vertex 78.99468089409383 39.90503715718845 0.8000000000000002
vertex 79.76591285429852 33.063689592573034 0.8000000000000002
endloop
endfacet
facet normal 0.0 0.0 -1.0
outer loop
vertex 79.76591285429852 33.063689592573034 0.8000000000000002
vertex 78.99468089409383 39.90503715718845 0.8000000000000002
vertex 79.98844779040351 34.30684029703682 0.8000000000000002
endloop
endfacet
facet normal 0.0 0.0 -1.0
outer loop
vertex 79.98844779040351 34.30684029703682 0.8000000000000002
vertex 78.99468089409383 39.90503715718845 0.8000000000000002
vertex 81.77841786074316 42.63979868730334 0.8000000000000002
endloop
endfacet
facet normal 0.0 0.0 -1.0
outer loop
vertex 79.98844779040351 34.30684029703682 0.8000000000000002
vertex 81.77841786074316 42.63979868730334 0.8000000000000002
vertex 80.31000962775539 35.528127919407126 0.8000000000000002
endloop
endfacet
facet normal 0.0 0.0 -1.0
outer loop
vertex 80.31000962775539 35.528127919407126 0.8000000000000002
vertex 81.77841786074316 42.63979868730334 0.8000000000000002
vertex 80.72852491281911 36.719677510470845 0.8000000000000002
endloop
endfacet
facet normal 0.0 0.0 -1.0
outer loop
vertex 80.72852491281911 36.719677510470845 0.8000000000000002
vertex 81.77841786074316 42.63979868730334 0.8000000000000002
vertex 81.24129502935186 37.87380587394997 0.8000000000000002
endloop
endfacet
facet normal 0.0 0.0 -1.0
outer loop
vertex 81.24129502935186 37.87380587394997 0.8000000000000002
vertex 81.77841786074316 42.63979868730334 0.8000000000000002
vertex 81.84501359927228 38.98307110829625 0.8000000000000002
endloop
endfacet
facet normal 0.0 0.0 -1.0
outer loop
vertex 81.84501359927228 38.98307110829625 0.8000000000000002
vertex 81.77841786074316 42.63979868730334 0.8000000000000002
vertex 84.8148275385325 45.090987867010526 0.8000000000000002
endloop
endfacet
facet normal 0.0 0.0 -1.0
outer loop
vertex 81.84501359927228 38.98307110829625 0.8000000000000002
vertex 84.8148275385325 45.090987867010526 0.8000000000000002
vertex 82.53578780242063 40.04032059260011 0.8000000000000002
endloop
endfacet
facet normal 0.0 0.0 -1.0
outer loop
vertex 82.53578780242063 40.04032059260011 0.8000000000000002
vertex 84.8148275385325 45.090987867010526 0.8000000000000002
vertex 83.30916347773952 41.038737107197676 0.8000000000000002
endloop
endfacet
facet normal 0.0 0.0 -1.0
outer loop
vertex 83.30916347773952 41.038737107197676 0.8000000000000002
vertex 84.8148275385325 45.090987867010526 0.8000000000000002
vertex 83.89025483356372 41.7012824920625 0.8000000000000002
endloop
endfacet
facet normal 0.0 0.0 -1.0
outer loop
vertex 83.89025483356372 41.7012824920625 0.8000000000000002
vertex 84.8148275385325 45.090987867010526 0.8000000000000002
vertex 84.49836254489901 42.339121470358556 0.8000000000000002
endloop
endfacet
facet normal 0.0 0.0 -1.0
outer loop
vertex 84.49836254489901 42.339121470358556 0.8000000000000002
vertex 84.8148275385325 45.090987867010526 0.8000000000000002
vertex 85.13243715839921 42.95115327944515 0.8000000000000002
endloop
endfacet
facet normal 0.0 0.0 -1.0
outer loop
vertex 85.13243715839921 42.95115327944515 0.8000000000000002
vertex 84.8148275385325 45.090987867010526 0.8000000000000002
vertex 88.07514584497083 47.235384441058656 0.8000000000000002
endloop
endfacet
facet normal 0.0 0.0 -1.0
outer loop
vertex 85.13243715839921 42.95115327944515 0.8000000000000002
vertex 88.07514584497083 47.235384441058656 0.8000000000000002
vertex 85.79138440784713 43.53632169389036 0.8000000000000002
endloop
endfacet
facet normal 0.0 0.0 -1.0
outer loop
vertex 85.79138440784713 43.53632169389036 0.8000000000000002
vertex 88.07514584497083 47.235384441058656 0.8000000000000002
vertex 86.47406710260513 44.09361684827193 0.8000000000000002
endloop
endfacet
facet normal 0.0 0.0 -1.0
outer loop
vertex 86.47406710260513 44.09361684827193 0.8000000000000002
vertex 88.07514584497083 47.235384441058656 0.8000000000000002
vertex 87.1793070901436 44.62207697997161 0.8000000000000002
endloop
endfacet
facet normal 0.0 0.0 -1.0
outer loop
vertex 87.1793070901436 44.62207697997161 0.8000000000000002
vertex 88.07514584497083 47.235384441058656 0.8000000000000002
vertex 87.90588728925944 45.12079008895514 0.8000000000000002
endloop
endfacet
facet normal 0.0 0.0 -1.0
outer loop
vertex 87.90588728925944 45.12079008895514 0.8000000000000002
vertex 88.07514584497083 47.235384441058656 0.8000000000000002
vertex 88.65255379047733 45.588895511673414 0.8000000000000002
endloop
endfacet
facet normal 0.0 0.0 -1.0
outer loop
vertex 88.65255379047733 45.588895511673414 0.8000000000000002
vertex 88.07514584497083 47.235384441058656 0.8000000000000002
vertex 90.87759438027385 48.53120017448374 0.8000000000000002
endloop
endfacet
facet normal 0.0 0.0 -1.0
outer loop
vertex 88.65255379047733 45.588895511673414 0.8000000000000002
vertex 90.87759438027385 48.53120017448374 0.8000000000000002
vertex 89.41801802000744 46.025585406368954 0.8000000000000002
endloop
endfacet
facet normal 0.0 0.0 -1.0
outer loop
vertex 89.41801802000744 46.025585406368954 0.8000000000000002
vertex 90.87759438027385 48.53120017448374 0.8000000000000002
vertex 90.20095896352575 46.430106147223945 0.8000000000000002
endloop
endfacet
facet normal 0.0 0.0 -1.0
outer loop
vertex 90.20095896352575 46.430106147223945 0.8000000000000002
vertex 90.87759438027385 48.53120017448374 0.8000000000000002
vertex 91.00002544593987 46.80175962494422 0.8000000000000002
endloop
endfacet
facet normal 0.0 0.0 -1.0
outer loop
vertex 91.00002544593987 46.80175962494422 0.8000000000000002
vertex 90.87759438027385 48.53120017448374 0.8000000000000002
vertex 93.75966302568293 49.638691272038955 0.8000000000000002
endloop
endfacet
facet normal 0.0 0.0 -1.0
outer loop
vertex 91.00002544593987 46.80175962494422 0.8000000000000002
vertex 93.75966302568293 49.638691272038955 0.8000000000000002
vertex 91.81383846320456 47.13990445153456 0.8000000000000002
endloop
endfacet
facet normal 0.0 0.0 -1.0
outer loop
vertex 91.81383846320456 47.13990445153456 0.8000000000000002
vertex 93.75966302568293 49.638691272038955 0.8000000000000002
vertex 94.22960139022959 48.00947312544302 0.8000000000000002
endloop
endfacet
facet normal 0.0 0.0 -1.0
outer loop
vertex 94.22960139022959 48.00947312544302 0.8000000000000002
vertex 93.75966302568293 49.638691272038955 0.8000000000000002
vertex 96.70871271418952 50.553000925675775 0.8000000000000002
endloop
endfacet
facet normal 0.0 0.0 -1.0
outer loop
vertex 94.22960139022959 48.00947312544302 0.8000000000000002
vertex 96.70871271418952 50.553000925675775 0.8000000000000002
vertex 96.68953266138702 48.744863048826055 0.8000000000000002
endloop
endfacet
facet normal 0.0 0.0 -1.0
outer loop
vertex 96.68953266138702 48.744863048826055 0.8000000000000002
vertex 96.70871271418952 50.553000925675775 0.8000000000000002
vertex 99.18618583578332 49.34384812794592 0.8000000000000002
endloop
endfacet
facet normal 0.0 0.0 -1.0
outer loop
vertex 99.18618583578332 49.34384812794592 0.8000000000000002
vertex 96.70871271418952 50.553000925675775 0.8000000000000002
vertex 99.71181063911527 51.270119508143566 0.8000000000000002
endloop
endfacet
facet normal 0.0 0.0 -1.0
outer loop
vertex 99.18618583578332 49.34384812794592 0.8000000000000002
vertex 99.71181063911527 51.270119508143566 0.8000000000000002
vertex 101.71200331190647 49.804615179222985 0.8000000000000002
endloop
endfacet
facet normal 0.0 0.0 -1.0
outer loop
vertex 101.71200331190647 49.804615179222985 0.8000000000000002
vertex 99.71181063911527 51.270119508143566 0.8000000000000002
vertex 102.75578696983648 51.78690215686891 0.8000000000000002
endloop
endfacet
facet normal 0.0 0.0 -1.0
outer loop
vertex 101.71200331190647 49.804615179222985 0.8000000000000002
vertex 102.75578696983648 51.78690215686891 0.8000000000000002
vertex 104.25933920518867 50.12576941791137 0.8000000000000002
endloop
endfacet
facet normal 0.0 0.0 -1.0
outer loop
vertex 104.25933920518867 50.12576941791137 0.8000000000000002
vertex 102.75578696983648 51.78690215686891 0.8000000000000002
vertex 105.82729260695601 52.10108256548316 0.8000000000000002
endloop
endfacet
facet normal 0.0 0.0 -1.0
outer loop
vertex 104.25933920518867 50.12576941791137 0.8000000000000002
vertex 105.82729260695601 52.10108256548316 0.8000000000000002
vertex 106.820482492811 50.3063386802421 0.8000000000000002
endloop
endfacet
facet normal 0.0 0.0 -1.0
outer loop
vertex 106.820482492811 50.3063386802421 0.8000000000000002
vertex 105.82729260695601 52.10108256548316 0.8000000000000002
vertex 108.91285772364431 52.21128292251619 0.8000000000000002
endloop
endfacet
facet normal 0.0 0.0 -1.0
outer loop
vertex 106.820482492811 50.3063386802421 0.8000000000000002
vertex 108.91285772364431 52.21128292251619 0.8000000000000002
vertex 109.38768035568668 50.34577636625321 0.8000000000000002
endloop
endfacet
facet normal 0.0 0.0 -1.0
outer loop
vertex 109.38768035568668 50.34577636625321 0.8000000000000002
vertex 108.91285772364431 52.21128292251619 0.8000000000000002
vertex 111.9989508364196 52.117019953671566 0.8000000000000002
endloop
endfacet
facet normal 0.0 0.0 -1.0
outer loop
vertex 109.38768035568668 50.34577636625321 0.8000000000000002
vertex 111.9989508364196 52.117019953671566 0.8000000000000002
vertex 111.9531616469663 50.24396309439885 0.8000000000000002
endloop
endfacet
facet normal 0.0 0.0 -1.0
outer loop
vertex 111.9531616469663 50.24396309439885 0.8000000000000002
vertex 111.9989508364196 52.117019953671566 0.8000000000000002
vertex 114.50916041602235 50.00120706292828 0.8000000000000002
endloop
endfacet
facet normal 0.0 0.0 -1.0
outer loop
vertex 114.50916041602235 50.00120706292828 0.8000000000000002
vertex 111.9989508364196 52.117019953671566 0.8000000000000002
vertex 115.07203814631775 51.818707041184844 0.8000000000000002
endloop
endfacet
facet normal 0.0 0.0 -1.0
outer loop
vertex 114.50916041602235 50.00120706292828 0.8000000000000002
vertex 115.07203814631775 51.818707041184844 0.8000000000000002
vertex 117.0479394167047 49.61824311694105 0.8000000000000002
endloop
endfacet
facet normal 0.0 0.0 -1.0
outer loop
vertex 117.0479394167047 49.61824311694105 0.8000000000000002
vertex 115.07203814631775 51.818707041184844 0.8000000000000002
vertex 118.11864289021803 51.31765241097091 0.8000000000000002
endloop
endfacet
facet normal 0.0 0.0 -1.0
outer loop
vertex 117.0479394167047 49.61824311694105 0.8000000000000002
vertex 118.11864289021803 51.31765241097091 0.8000000000000002
vertex 119.56181352870442 49.09623052394256 0.8000000000000002
endloop
endfacet
facet normal 0.0 0.0 -1.0
outer loop
vertex 119.56181352870442 49.09623052394256 0.8000000000000002
vertex 118.11864289021803 51.31765241097091 0.8000000000000002
vertex 121.12540444204068 50.61605339551048 0.8000000000000002
endloop
endfacet
facet normal 0.0 0.0 -1.0
outer loop
vertex 119.56181352870442 49.09623052394256 0.8000000000000002
vertex 121.12540444204068 50.61605339551048 0.8000000000000002
vertex 122.04317302112867 48.43674946463336 0.8000000000000002
endloop
endfacet
facet normal 0.0 0.0 -1.0
outer loop
vertex 122.04317302112867 48.43674946463336 0.8000000000000002
vertex 121.12540444204068 50.61605339551048 0.8000000000000002
vertex 124.07913690463765 49.71698679763534 0.8000000000000002
endloop
endfacet
facet normal 0.0 0.0 -1.0
outer loop
vertex 122.04317302112867 48.43674946463336 0.8000000000000002
vertex 124.07913690463765 49.71698679763534 0.8000000000000002
vertex 123.50301770058229 47.92065137670512 0.8000000000000002
endloop
endfacet
facet normal 0.0 0.0 -1.0
outer loop
vertex 123.50301770058229 47.92065137670512 0.8000000000000002
vertex 124.07913690463765 49.71698679763534 0.8000000000000002
vertex 124.90068661037331 47.254299110185464 0.8000000000000002
endloop
endfacet
facet normal 0.0 0.0 -1.0
outer loop
vertex 124.90068661037331 47.254299110185464 0.8000000000000002
vertex 124.07913690463765 49.71698679763534 0.8000000000000002
vertex 124.79271205701205 49.473692794608084 0.8000000000000002
endloop
endfacet
facet normal 0.0 0.0 -1.0
outer loop
vertex 124.90068661037331 47.254299110185464 0.8000000000000002
vertex 124.79271205701205 49.473692794608084 0.8000000000000002
vertex 126.22453676173363 49.001036582409924 0.8000000000000002
endloop
endfacet
facet normal 0.0 0.0 -1.0
outer loop
vertex 124.90068661037331 47.254299110185464 0.8000000000000002
vertex 126.22453676173363 49.001036582409924 0.8000000000000002
vertex 126.22076481582508 46.44504188532824 0.8000000000000002
endloop
endfacet
facet normal 0.0 0.0 -1.0
outer loop
vertex 126.22076481582508 46.44504188532824 0.8000000000000002
vertex 126.22453676173363 49.001036582409924 0.8000000000000002
vertex 127.4486931325968 45.50180502569929 0.8000000000000002
endloop
endfacet
facet normal 0.0 0.0 -1.0
outer loop
vertex 127.4486931325968 45.50180502569929 0.8000000000000002
vertex 126.22453676173363 49.001036582409924 0.8000000000000002
vertex 127.66089986831227 48.542357058079254 0.8000000000000002
endloop
endfacet
facet normal 0.0 0.0 -1.0
outer loop
vertex 127.4486931325968 45.50180502569929 0.8000000000000002
vertex 127.66089986831227 48.542357058079254 0.8000000000000002
vertex 128.5709287003886 44.43499152050008 0.8000000000000002
endloop
endfacet
facet normal 0.0 0.0 -1.0
outer loop
vertex 128.5709287003886 44.43499152050008 0.8000000000000002
vertex 127.66089986831227 48.542357058079254 0.8000000000000002
vertex 129.10166494756416 48.09769778808819 0.8000000000000002
endloop
endfacet
facet normal 0.0 0.0 -1.0
outer loop
vertex 128.5709287003886 44.43499152050008 0.8000000000000002
vertex 129.10166494756416 48.09769778808819 0.8000000000000002
vertex 129.57509434757705 43.25636728967031 0.8000000000000002
endloop
endfacet
facet normal 0.0 0.0 -1.0
outer loop
vertex 129.57509434757705 43.25636728967031 0.8000000000000002
vertex 129.10166494756416 48.09769778808819 0.8000000000000002
vertex 130.54669515219544 47.66710100723172 0.8000000000000002
endloop
endfacet
facet normal 0.0 0.0 -1.0
outer loop
vertex 129.57509434757705 43.25636728967031 0.8000000000000002
vertex 130.54669515219544 47.66710100723172 0.8000000000000002
vertex 130.45011509943268 41.97893141718421 0.8000000000000002
endloop
endfacet
facet normal 0.0 0.0 -1.0
outer loop
vertex 130.45011509943268 41.97893141718421 0.8000000000000002
vertex 130.54669515219544 47.66710100723172 0.8000000000000002
vertex 131.18634032436754 40.616772783741666 0.8000000000000002
endloop
endfacet
facet normal 0.0 0.0 -1.0
outer loop
vertex 131.18634032436754 40.616772783741666 0.8000000000000002
vertex 130.54669515219544 47.66710100723172 0.8000000000000002
vertex 131.9958532298005 47.25060761461613 0.8000000000000002
endloop
endfacet
facet normal 0.0 0.0 -1.0
outer loop
vertex 131.18634032436754 40.616772783741666 0.8000000000000002
vertex 131.9958532298005 47.25060761461613 0.8000000000000002
vertex 131.7756501710561 39.18491468005669 0.8000000000000002
endloop
endfacet
facet normal 0.0 0.0 -1.0
outer loop
vertex 131.7756501710561 39.18491468005669 0.8000000000000002
vertex 131.9958532298005 47.25060761461613 0.8000000000000002
vertex 132.21154512253307 37.69914911450832 0.8000000000000002
endloop
endfacet
facet normal 0.0 0.0 -1.0
outer loop
vertex 132.21154512253307 37.69914911450832 0.8000000000000002
vertex 131.9958532298005 47.25060761461613 0.8000000000000002
vertex 133.44900153589876 46.84825716977442 0.8000000000000002
endloop
endfacet
facet normal 0.0 0.0 -1.0
outer loop
vertex 132.21154512253307 37.69914911450832 0.8000000000000002
vertex 133.44900153589876 46.84825716977442 0.8000000000000002
vertex 132.48921767957194 36.17586264257997 0.8000000000000002
endloop
endfacet
facet normal 0.0 0.0 -1.0
outer loop
vertex 132.48921767957194 36.17586264257997 0.8000000000000002
vertex 133.44900153589876 46.84825716977442 0.8000000000000002
vertex 132.60560538274584 34.63185563901998 0.8000000000000002
endloop
endfacet
facet normal 0.0 0.0 -1.0
outer loop
vertex 132.60560538274584 34.63185563901998 0.8000000000000002
vertex 133.44900153589876 46.84825716977442 0.8000000000000002
vertex 132.92574046099148 23.17187816862962 0.8000000000000002
endloop
endfacet
facet normal 0.0 0.0 -1.0
outer loop
vertex 132.92574046099148 23.17187816862962 0.8000000000000002
vertex 133.44900153589876 46.84825716977442 0.8000000000000002
vertex 133.27610326139194 24.587006540480772 0.8000000000000002
endloop
endfacet
facet normal 0.0 0.0 -1.0
outer loop
vertex 133.27610326139194 24.587006540480772 0.8000000000000002
vertex 133.44900153589876 46.84825716977442 0.8000000000000002
vertex 133.52752231662421 25.754458864776417 0.8000000000000002
endloop
endfacet
facet normal 0.0 0.0 -1.0
outer loop
vertex 133.52752231662421 25.754458864776417 0.8000000000000002
vertex 133.44900153589876 46.84825716977442 0.8000000000000002
vertex 134.90600204700812 46.46008788890876 0.8000000000000002
endloop
endfacet
facet normal 0.0 0.0 -1.0
outer loop
vertex 133.52752231662421 25.754458864776417 0.8000000000000002
vertex 134.90600204700812 46.46008788890876 0.8000000000000002
vertex 133.76630884214964 26.9245603416 0.8000000000000002
endloop
endfacet
facet normal 0.0 0.0 -1.0
outer loop
vertex 133.76630884214964 26.9245603416 0.8000000000000002
vertex 134.90600204700812 46.46008788890876 0.8000000000000002
vertex 133.99243494372706 28.097174283621243 0.8000000000000002
endloop
endfacet
facet normal 0.0 0.0 -1.0
outer loop
vertex 133.99243494372706 28.097174283621243 0.8000000000000002
vertex 134.90600204700812 46.46008788890876 0.8000000000000002
vertex 134.20587420606364 29.27216371001215 0.8000000000000002
endloop
endfacet
facet normal 0.0 0.0 -1.0
outer loop
vertex 134.20587420606364 29.27216371001215 0.8000000000000002
vertex 134.90600204700812 46.46008788890876 0.8000000000000002
vertex 134.40660169590063 30.449391362448583 0.8000000000000002
endloop
endfacet
facet normal 0.0 0.0 -1.0
outer loop
vertex 134.40660169590063 30.449391362448583 0.8000000000000002
vertex 134.90600204700812 46.46008788890876 0.8000000000000002
vertex 134.5945939649258 31.62871972114431 0.8000000000000002
endloop
endfacet
facet normal 0.0 0.0 -1.0
outer loop
vertex 134.5945939649258 31.62871972114431 0.8000000000000002
vertex 134.90600204700812 46.46008788890876 0.8000000000000002
vertex 134.76982905251288 32.8100110209157 0.8000000000000002
endloop
endfacet
facet normal 0.0 0.0 -1.0
outer loop
vertex 134.76982905251288 32.8100110209157 0.8000000000000002
vertex 134.90600204700812 46.46008788890876 0.8000000000000002
vertex 134.9322864882865 33.99312726727489 0.8000000000000002
endloop
endfacet
facet normal 0.0 0.0 -1.0
outer loop
vertex 134.9322864882865 33.99312726727489 0.8000000000000002
vertex 134.90600204700812 46.46008788890876 0.8000000000000002
vertex 135.34281058373813 37.55204264013144 0.8000000000000002
endloop
endfacet
facet normal 0.0 0.0 -1.0
outer loop
vertex 135.34281058373813 37.55204264013144 0.8000000000000002
vertex 134.90600204700812 46.46008788890876 0.8000000000000002
vertex 136.36671637375477 46.08613664126057 0.8000000000000002
endloop
endfacet
facet normal 0.0 0.0 -1.0
outer loop
vertex 134.9322864882865 33.99312726727489 0.8000000000000002
vertex 135.34281058373813 37.55204264013144 0.8000000000000002
vertex 135.08194729451395 35.1779302525499 0.8000000000000002
endloop
endfacet
facet normal 0.0 0.0 -1.0
outer loop
vertex 135.08194729451395 35.1779302525499 0.8000000000000002
vertex 135.34281058373813 37.55204264013144 0.8000000000000002
vertex 135.21879398832178 36.36428157202955 0.8000000000000002
endloop
endfacet
facet normal 0.0 0.0 -1.0
outer loop
vertex 135.34281058373813 37.55204264013144 0.8000000000000002
vertex 136.36671637375477 46.08613664126057 0.8000000000000002
vertex 135.4202355279725 38.02594567818677 0.8000000000000002
endloop
endfacet
facet normal 0.0 0.0 -1.0
outer loop
vertex 135.4202355279725 38.02594567818677 0.8000000000000002
vertex 136.36671637375477 46.08613664126057 0.8000000000000002
vertex 135.5568910097297 38.48627598435128 0.8000000000000002
endloop
endfacet
facet normal 0.0 0.0 -1.0
outer loop
vertex 135.5568910097297 38.48627598435128 0.8000000000000002
vertex 136.36671637375477 46.08613664126057 0.8000000000000002
vertex 135.75058863515315 38.92566185277797 0.8000000000000002
endloop
endfacet
facet normal 0.0 0.0 -1.0
outer loop
vertex 135.75058863515315 38.92566185277797 0.8000000000000002
vertex 136.36671637375477 46.08613664126057 0.8000000000000002
vertex 135.9982265404319 39.337066980768554 0.8000000000000002
endloop
endfacet
facet normal 0.0 0.0 -1.0
outer loop
vertex 135.9982265404319 39.337066980768554 0.8000000000000002
vertex 136.36671637375477 46.08613664126057 0.8000000000000002
vertex 136.29583906488725 39.713903147762984 0.8000000000000002
endloop
endfacet
facet normal 0.0 0.0 -1.0
outer loop
vertex 136.29583906488725 39.713903147762984 0.8000000000000002
vertex 136.36671637375477 46.08613664126057 0.8000000000000002
vertex 136.63866025685968 40.05013571876462 0.8000000000000002
endloop
endfacet
facet normal 0.0 0.0 -1.0
outer loop
vertex 136.63866025685968 40.05013571876462 0.8000000000000002
vertex 136.36671637375477 46.08613664126057 0.8000000000000002
vertex 137.83100577401797 45.726438945608756 0.8000000000000002
endloop
endfacet
facet normal 0.0 0.0 -1.0
outer loop
vertex 136.63866025685968 40.05013571876462 0.8000000000000002
vertex 137.83100577401797 45.726438945608756 0.8000000000000002
vertex 137.0212001954131 40.34038028267473 0.8000000000000002
endloop
endfacet
facet normal 0.0 0.0 -1.0
outer loop
vertex 137.0212001954131 40.34038028267473 0.8000000000000002
vertex 137.83100577401797 45.726438945608756 0.8000000000000002
vertex 137.4373329056464 40.579988877974856 0.8000000000000002
endloop
endfacet
facet normal 0.0 0.0 -1.0
outer loop
vertex 137.4373329056464 40.579988877974856 0.8000000000000002
vertex 137.83100577401797 45.726438945608756 0.8000000000000002
vertex 137.88039445974056 40.765124424943515 0.8000000000000002
endloop
endfacet
facet normal 0.0 0.0 -1.0
outer loop
vertex 137.88039445974056 40.765124424943515 0.8000000000000002
vertex 137.83100577401797 45.726438945608756 0.8000000000000002
vertex 139.29873116610807 45.38102896689593 0.8000000000000002
endloop
endfacet
facet normal 0.0 0.0 -1.0
outer loop
vertex 137.88039445974056 40.765124424943515 0.8000000000000002
vertex 139.29873116610807 45.38102896689593 0.8000000000000002
vertex 138.3432896927563 40.89282217245355 0.8000000000000002
endloop
endfacet
facet normal 0.0 0.0 -1.0
outer loop
vertex 138.3432896927563 40.89282217245355 0.8000000000000002
vertex 139.29873116610807 45.38102896689593 0.8000000000000002
vertex 138.81860582423977 40.961037175344124 0.8000000000000002
endloop
endfacet
facet normal 0.0 0.0 -1.0
outer loop
vertex 138.81860582423977 40.961037175344124 0.8000000000000002
vertex 139.29873116610807 45.38102896689593 0.8000000000000002
vertex 139.29873116610807 40.968677042067426 0.8000000000000002
endloop
endfacet
facet normal 0.0 0.0 -1.0
outer loop
vertex 139.29873116610807 40.968677042067426 0.8000000000000002
vertex 139.29873116610807 45.38102896689593 0.8000000000000002
vertex 139.55364347831525 45.06783810565405 0.8000000000000002
endloop
endfacet
facet normal 0.0 0.0 -1.0
outer loop
vertex 139.29873116610807 40.968677042067426 0.8000000000000002
vertex 139.55364347831525 45.06783810565405 0.8000000000000002
vertex 139.55364347831525 41.281867903309305 0.8000000000000002
endloop
endfacet
facet normal 0.0 0.0 -1.0
outer loop
vertex 139.55364347831525 41.281867903309305 0.8000000000000002
vertex 139.55364347831525 45.06783810565405 0.8000000000000002
vertex 139.76778940784138 44.72547817320338 0.8000000000000002
endloop
endfacet
facet normal 0.0 0.0 -1.0
outer loop
vertex 139.55364347831525 41.281867903309305 0.8000000000000002
vertex 139.76778940784138 44.72547817320338 0.8000000000000002
vertex 139.76778940784138 41.624227835759974 0.8000000000000002
endloop
endfacet
facet normal 0.0 0.0 -1.0
outer loop
vertex 139.76778940784138 41.624227835759974 0.8000000000000002
vertex 139.76778940784138 44.72547817320338 0.8000000000000002
vertex 139.93786917284265 44.35922460527899 0.8000000000000002
endloop
endfacet
facet normal 0.0 0.0 -1.0
outer loop
vertex 139.76778940784138 41.624227835759974 0.8000000000000002
vertex 139.93786917284265 44.35922460527899 0.8000000000000002
vertex 139.93786917284265 41.99048140368436 0.8000000000000002
endloop
endfacet
facet normal 0.0 0.0 -1.0
outer loop
vertex 139.93786917284265 41.99048140368436 0.8000000000000002
vertex 139.93786917284265 44.35922460527899 0.8000000000000002
vertex 140.0612620084893 43.97472101545009 0.8000000000000002
endloop
endfacet
facet normal 0.0 0.0 -1.0
outer loop
vertex 139.93786917284265 41.99048140368436 0.8000000000000002
vertex 140.0612620084893 43.97472101545009 0.8000000000000002
vertex 140.0612620084893 42.37498499351326 0.8000000000000002
endloop
endfacet
facet normal 0.0 0.0 -1.0
outer loop
vertex 140.0612620084893 42.37498499351326 0.8000000000000002
vertex 140.0612620084893 43.97472101545009 0.8000000000000002
vertex 140.13606655041906 43.57789223248834 0.8000000000000002
endloop
endfacet
facet normal 0.0 0.0 -1.0
outer loop
vertex 140.0612620084893 42.37498499351326 0.8000000000000002
vertex 140.13606655041906 43.57789223248834 0.8000000000000002
vertex 140.13606655041906 42.77181377647501 0.8000000000000002
endloop
endfacet
facet normal 0.0 0.0 -1.0
outer loop
vertex 140.13606655041906 42.77181377647501 0.8000000000000002
vertex 140.13606655041906 43.57789223248834 0.8000000000000002
vertex 140.16113013292474 43.174853004481676 0.8000000000000002
endloop
endfacet
facet normal 0.0 0.0 -1.0
outer loop
vertex 79.64383974049257 31.806691729932957 0.8000000000000002
vertex 79.7070080330801 20.79670522350375 0.8000000000000002
vertex 79.02337117694262 22.72277062503622 0.8000000000000002
endloop
endfacet
facet normal 0.0 0.0 -1.0
outer loop
vertex 79.7070080330801 20.79670522350375 0.8000000000000002
vertex 79.64383974049257 31.806691729932957 0.8000000000000002
vertex 79.70068986098624 30.62926113009772 0.8000000000000002
endloop
endfacet
facet normal 0.0 0.0 -1.0
outer loop
vertex 79.7070080330801 20.79670522350375 0.8000000000000002
vertex 79.70068986098624 30.62926113009772 0.8000000000000002
vertex 79.7912035671671 29.453939036958182 0.8000000000000002
endloop
endfacet
facet normal 0.0 0.0 -1.0
outer loop
vertex 79.7070080330801 20.79670522350375 0.8000000000000002
vertex 79.7912035671671 29.453939036958182 0.8000000000000002
vertex 80.47002491214127 18.900685043147615 0.8000000000000002
endloop
endfacet
facet normal 0.0 0.0 -1.0
outer loop
vertex 80.47002491214127 18.900685043147615 0.8000000000000002
vertex 79.7912035671671 29.453939036958182 0.8000000000000002
vertex 79.91530675299182 28.281687718811504 0.8000000000000002
endloop
endfacet
facet normal 0.0 0.0 -1.0
outer loop
vertex 80.47002491214127 18.900685043147615 0.8000000000000002
vertex 79.91530675299182 28.281687718811504 0.8000000000000002
vertex 80.04079554168638 27.35144070573368 0.8000000000000002
endloop
endfacet
facet normal 0.0 0.0 -1.0
outer loop
vertex 80.47002491214127 18.900685043147615 0.8000000000000002
vertex 80.04079554168638 27.35144070573368 0.8000000000000002
vertex 80.07289781179283 27.113466929827474 0.8000000000000002
endloop
endfacet
facet normal 0.0 0.0 -1.0
outer loop
vertex 80.47002491214127 18.900685043147615 0.8000000000000002
vertex 80.07289781179283 27.113466929827474 0.8000000000000002
vertex 80.26384771946621 25.950233124271595 0.8000000000000002
endloop
endfacet
facet normal 0.0 0.0 -1.0
outer loop
vertex 80.47002491214127 18.900685043147615 0.8000000000000002
vertex 80.26384771946621 25.950233124271595 0.8000000000000002
vertex 80.48800014010749 24.792938673429838 0.8000000000000002
endloop
endfacet
facet normal 0.0 0.0 -1.0
outer loop
vertex 80.47002491214127 18.900685043147615 0.8000000000000002
vertex 80.48800014010749 24.792938673429838 0.8000000000000002
vertex 81.3111058972004 17.037980005139197 0.8000000000000002
endloop
endfacet
facet normal 0.0 0.0 -1.0
outer loop
vertex 81.3111058972004 17.037980005139197 0.8000000000000002
vertex 80.48800014010749 24.792938673429838 0.8000000000000002
vertex 80.745171554008 23.642531085876232 0.8000000000000002
endloop
endfacet
facet normal 0.0 0.0 -1.0
outer loop
vertex 81.3111058972004 17.037980005139197 0.8000000000000002
vertex 80.745171554008 23.642531085876232 0.8000000000000002
vertex 81.03515140790755 22.499952231721796 0.8000000000000002
endloop
endfacet
facet normal 0.0 0.0 -1.0
outer loop
vertex 81.3111058972004 17.037980005139197 0.8000000000000002
vertex 81.03515140790755 22.499952231721796 0.8000000000000002
vertex 81.35770228738 21.36613757147963 0.8000000000000002
endloop
endfacet
facet normal 0.0 0.0 -1.0
outer loop
vertex 81.3111058972004 17.037980005139197 0.8000000000000002
vertex 81.35770228738 21.36613757147963 0.8000000000000002
vertex 82.22880044013121 15.211802574568734 0.8000000000000002
endloop
endfacet
facet normal 0.0 0.0 -1.0
outer loop
vertex 82.22880044013121 15.211802574568734 0.8000000000000002
vertex 81.35770228738 21.36613757147963 0.8000000000000002
vertex 81.71256011121108 20.242015390177986 0.8000000000000002
endloop
endfacet
facet normal 0.0 0.0 -1.0
outer loop
vertex 82.22880044013121 15.211802574568734 0.8000000000000002
vertex 81.71256011121108 20.242015390177986 0.8000000000000002
vertex 82.09943434760879 19.128506037347872 0.8000000000000002
endloop
endfacet
facet normal 0.0 0.0 -1.0
outer loop
vertex 82.22880044013121 15.211802574568734 0.8000000000000002
vertex 82.09943434760879 19.128506037347872 0.8000000000000002
vertex 82.51800825206982 18.02652117350775 0.8000000000000002
endloop
endfacet
facet normal 0.0 0.0 -1.0
outer loop
vertex 82.22880044013121 15.211802574568734 0.8000000000000002
vertex 82.51800825206982 18.02652117350775 0.8000000000000002
vertex 83.2215258632567 13.425302220152211 0.8000000000000002
endloop
endfacet
facet normal 0.0 0.0 -1.0
outer loop
vertex 83.2215258632567 13.425302220152211 0.8000000000000002
vertex 82.51800825206982 18.02652117350775 0.8000000000000002
vertex 82.98932513327635 16.711085537589245 0.8000000000000002
endloop
endfacet
facet normal 0.0 0.0 -1.0
outer loop
vertex 83.2215258632567 13.425302220152211 0.8000000000000002
vertex 82.98932513327635 16.711085537589245 0.8000000000000002
vertex 83.55072110461111 15.431497682800192 0.8000000000000002
endloop
endfacet
facet normal 0.0 0.0 -1.0
outer loop
vertex 83.2215258632567 13.425302220152211 0.8000000000000002
vertex 83.55072110461111 15.431497682800192 0.8000000000000002
vertex 84.28757008887207 11.681559982583234 0.8000000000000002
endloop
endfacet
facet normal 0.0 0.0 -1.0
outer loop
vertex 84.28757008887207 11.681559982583234 0.8000000000000002
vertex 83.55072110461111 15.431497682800192 0.8000000000000002
vertex 84.19949362879181 14.193917492823498 0.8000000000000002
endloop
endfacet
facet normal 0.0 0.0 -1.0
outer loop
vertex 84.28757008887207 11.681559982583234 0.8000000000000002
vertex 84.19949362879181 14.193917492823498 0.8000000000000002
vertex 84.93251954137874 13.004302628159015 0.8000000000000002
endloop
endfacet
facet normal 0.0 0.0 -1.0
outer loop
vertex 84.28757008887207 11.681559982583234 0.8000000000000002
vertex 84.93251954137874 13.004302628159015 0.8000000000000002
vertex 84.68997896107602 11.080735192106317 0.8000000000000002
endloop
endfacet
facet normal 0.0 0.0 -1.0
outer loop
vertex 84.68997896107602 11.080735192106317 0.8000000000000002
vertex 84.93251954137874 13.004302628159015 0.8000000000000002
vertex 85.11685102180685 10.497037005499996 0.8000000000000002
endloop
endfacet
facet normal 0.0 0.0 -1.0
outer loop
vertex 85.11685102180685 10.497037005499996 0.8000000000000002
vertex 84.93251954137874 13.004302628159015 0.8000000000000002
vertex 85.74627008556062 11.868379846189121 0.8000000000000002
endloop
endfacet
facet normal 0.0 0.0 -1.0
outer loop
vertex 85.11685102180685 10.497037005499996 0.8000000000000002
vertex 85.74627008556062 11.868379846189121 0.8000000000000002
vertex 85.56745830409909 9.931460833419443 0.8000000000000002
endloop
endfacet
facet normal 0.0 0.0 -1.0
outer loop
vertex 85.56745830409909 9.931460833419443 0.8000000000000002
vertex 85.74627008556062 11.868379846189121 0.8000000000000002
vertex 86.04103236408844 9.38497118211278 0.8000000000000002
endloop
endfacet
facet normal 0.0 0.0 -1.0
outer loop
vertex 86.04103236408844 9.38497118211278 0.8000000000000002
vertex 85.74627008556062 11.868379846189121 0.8000000000000002
vertex 86.6368278994461 10.791617432802543 0.8000000000000002
endloop
endfacet
facet normal 0.0 0.0 -1.0
outer loop
vertex 86.04103236408844 9.38497118211278 0.8000000000000002
vertex 86.6368278994461 10.791617432802543 0.8000000000000002
vertex 86.53676559147885 8.858500008598785 0.8000000000000002
endloop
endfacet
facet normal 0.0 0.0 -1.0
outer loop
vertex 86.53676559147885 8.858500008598785 0.8000000000000002
vertex 86.6368278994461 10.791617432802543 0.8000000000000002
vertex 87.05381258680184 8.352945131352447 0.8000000000000002
endloop
endfacet
facet normal 0.0 0.0 -1.0
outer loop
vertex 87.05381258680184 8.352945131352447 0.8000000000000002
vertex 86.6368278994461 10.791617432802543 0.8000000000000002
vertex 87.59990587408367 9.779198878289364 0.8000000000000002
endloop
endfacet
facet normal 0.0 0.0 -1.0
outer loop
vertex 87.05381258680184 8.352945131352447 0.8000000000000002
vertex 87.59990587408367 9.779198878289364 0.8000000000000002
vertex 87.5912916031201 7.86916869920879 0.8000000000000002
endloop
endfacet
facet normal 0.0 0.0 -1.0
outer loop
vertex 87.5912916031201 7.86916869920879 0.8000000000000002
vertex 87.59990587408367 9.779198878289364 0.8000000000000002
vertex 88.14828604971594 7.407995721095934 0.8000000000000002
endloop
endfacet
facet normal 0.0 0.0 -1.0
outer loop
vertex 88.14828604971594 7.407995721095934 0.8000000000000002
vertex 87.59990587408367 9.779198878289364 0.8000000000000002
vertex 88.63086779142925 8.835997924230439 0.8000000000000002
endloop
endfacet
facet normal 0.0 0.0 -1.0
outer loop
vertex 88.14828604971594 7.407995721095934 0.8000000000000002
vertex 88.63086779142925 8.835997924230439 0.8000000000000002
vertex 88.7238460552008 6.970212659104766 0.8000000000000002
endloop
endfacet
facet normal 0.0 0.0 -1.0
outer loop
vertex 88.7238460552008 6.970212659104766 0.8000000000000002
vertex 88.63086779142925 8.835997924230439 0.8000000000000002
vertex 89.72475064291054 7.966555101504432 0.8000000000000002
endloop
endfacet
facet normal 0.0 0.0 -1.0
outer loop
vertex 88.7238460552008 6.970212659104766 0.8000000000000002
vertex 89.72475064291054 7.966555101504432 0.8000000000000002
vertex 89.31699008737993 6.556566087294563 0.8000000000000002
endloop
endfacet
facet normal 0.0 0.0 -1.0
outer loop
vertex 89.31699008737993 6.556566087294563 0.8000000000000002
vertex 89.72475064291054 7.966555101504432 0.8000000000000002
vertex 89.9267066271101 6.1677614185216605 0.8000000000000002
endloop
endfacet
facet normal 0.0 0.0 -1.0
outer loop
vertex 89.9267066271101 6.1677614185216605 0.8000000000000002
vertex 89.72475064291054 7.966555101504432 0.8000000000000002
vertex 90.87628852114752 7.175055872357573 0.8000000000000002
endloop
endfacet
facet normal 0.0 0.0 -1.0
outer loop
vertex 89.9267066271101 6.1677614185216605 0.8000000000000002
vertex 90.87628852114752 7.175055872357573 0.8000000000000002
vertex 90.55195589329506 5.804461701462513 0.8000000000000002
endloop
endfacet
facet normal 0.0 0.0 -1.0
outer loop
vertex 90.55195589329506 5.804461701462513 0.8000000000000002
vertex 90.87628852114752 7.175055872357573 0.8000000000000002
vertex 91.68643908994316 5.207121064537456 0.8000000000000002
endloop
endfacet
facet normal 0.0 0.0 -1.0
outer loop
vertex 91.68643908994316 5.207121064537456 0.8000000000000002
vertex 90.87628852114752 7.175055872357573 0.8000000000000002
vertex 92.07993796981563 6.465310481759304 0.8000000000000002
endloop
endfacet
facet normal 0.0 0.0 -1.0
outer loop
vertex 91.68643908994316 5.207121064537456 0.8000000000000002
vertex 92.07993796981563 6.465310481759304 0.8000000000000002
vertex 92.8450813665779 4.658107371817907 0.8000000000000002
endloop
endfacet
facet normal 0.0 0.0 -1.0
outer loop
vertex 92.8450813665779 4.658107371817907 0.8000000000000002
vertex 92.07993796981563 6.465310481759304 0.8000000000000002
vertex 93.3299046696182 5.840735615038591 0.8000000000000002
endloop
endfacet
facet normal 0.0 0.0 -1.0
outer loop
vertex 92.8450813665779 4.658107371817907 0.8000000000000002
vertex 93.3299046696182 5.840735615038591 0.8000000000000002
vertex 94.02582522459907 4.158395553122185 0.8000000000000002
endloop
endfacet
facet normal 0.0 0.0 -1.0
outer loop
vertex 94.02582522459907 4.158395553122185 0.8000000000000002
vertex 93.3299046696182 5.840735615038591 0.8000000000000002
vertex 95.22169141355918 5.056545021747143 0.8000000000000002
endloop
endfacet
facet normal 0.0 0.0 -1.0
outer loop
vertex 94.02582522459907 4.158395553122185 0.8000000000000002
vertex 95.22169141355918 5.056545021747143 0.8000000000000002
vertex 95.22657391776836 3.708872988781764 0.8000000000000002
endloop
endfacet
facet normal 0.0 0.0 -1.0
outer loop
vertex 95.22657391776836 3.708872988781764 0.8000000000000002
vertex 95.22169141355918 5.056545021747143 0.8000000000000002
vertex 97.16463277237304 4.409404505809339 0.8000000000000002
endloop
endfacet
facet normal 0.0 0.0 -1.0
outer loop
vertex 95.22657391776836 3.708872988781764 0.8000000000000002
vertex 97.16463277237304 4.409404505809339 0.8000000000000002
vertex 96.44519517557804 3.310337933845284 0.8000000000000002
endloop
endfacet
facet normal 0.0 0.0 -1.0
outer loop
vertex 96.44519517557804 3.310337933845284 0.8000000000000002
vertex 97.16463277237304 4.409404505809339 0.8000000000000002
vertex 97.67952498970331 2.9634981005499133 0.8000000000000002
endloop
endfacet
facet normal 0.0 0.0 -1.0
outer loop
vertex 97.67952498970331 2.9634981005499133 0.8000000000000002
vertex 97.16463277237304 4.409404505809339 0.8000000000000002
vertex 99.14881461316604 3.9026161931729124 0.8000000000000002
endloop
endfacet
facet normal 0.0 0.0 -1.0
outer loop
vertex 97.67952498970331 2.9634981005499133 0.8000000000000002
vertex 99.14881461316604 3.9026161931729124 0.8000000000000002
vertex 98.92737145681387 2.6689694015771535 0.8000000000000002
endloop
endfacet
facet normal 0.0 0.0 -1.0
outer loop
vertex 98.92737145681387 2.6689694015771535 0.8000000000000002
vertex 99.14881461316604 3.9026161931729124 0.8000000000000002
vertex 100.18651867092119 2.427274856324868 0.8000000000000002
endloop
endfacet
facet normal 0.0 0.0 -1.0
outer loop
vertex 100.18651867092119 2.427274856324868 0.8000000000000002
vertex 99.14881461316604 3.9026161931729124 0.8000000000000002
vertex 101.16411236765644 3.538766042831261 0.8000000000000002
endloop
endfacet
facet normal 0.0 0.0 -1.0
outer loop
vertex 100.18651867092119 2.427274856324868 0.8000000000000002
vertex 101.16411236765644 3.538766042831261 0.8000000000000002
vertex 101.45473065834922 2.238843662137711 0.8000000000000002
endloop
endfacet
facet normal 0.0 0.0 -1.0
outer loop
vertex 101.45473065834922 2.238843662137711 0.8000000000000002
vertex 101.16411236765644 3.538766042831261 0.8000000000000002
vertex 103.20024269421498 3.3197106516021417 0.8000000000000002
endloop
endfacet
facet normal 0.0 0.0 -1.0
outer loop
vertex 101.45473065834922 2.238843662137711 0.8000000000000002
vertex 103.20024269421498 3.3197106516021417 0.8000000000000002
vertex 102.72975534834102 2.104010432145291 0.8000000000000002
endloop
endfacet
facet normal 0.0 0.0 -1.0
outer loop
vertex 102.72975534834102 2.104010432145291 0.8000000000000002
vertex 103.20024269421498 3.3197106516021417 0.8000000000000002
vertex 104.00932857225054 2.0230146010614805 0.8000000000000002
endloop
endfacet
facet normal 0.0 0.0 -1.0
outer loop
vertex 104.00932857225054 2.0230146010614805 0.8000000000000002
vertex 103.20024269421498 3.3197106516021417 0.8000000000000002
vertex 105.24681595006886 3.2465677805800297 0.8000000000000002
endloop
endfacet
facet normal 0.0 0.0 -1.0
outer loop
vertex 104.00932857225054 2.0230146010614805 0.8000000000000002
vertex 105.24681595006886 3.2465677805800297 0.8000000000000002
vertex 105.29117808421688 1.9960000000000013 0.8000000000000002
endloop
endfacet
facet normal 0.0 0.0 -1.0
outer loop
vertex 105.29117808421688 1.9960000000000013 0.8000000000000002
vertex 105.24681595006886 3.2465677805800297 0.8000000000000002
vertex 107.2933892059227 3.3197106516021417 0.8000000000000002
endloop
endfacet
facet normal 0.0 0.0 -1.0
outer loop
vertex 105.29117808421688 1.9960000000000013 0.8000000000000002
vertex 107.2933892059227 3.3197106516021417 0.8000000000000002
vertex 107.07085149432628 2.0515521785218547 0.8000000000000002
endloop
endfacet
facet normal 0.0 0.0 -1.0
outer loop
vertex 107.07085149432628 2.0515521785218547 0.8000000000000002
vertex 107.2933892059227 3.3197106516021417 0.8000000000000002
vertex 108.84359545206547 2.217992412504815 0.8000000000000002
endloop
endfacet
facet normal 0.0 0.0 -1.0
outer loop
vertex 108.84359545206547 2.217992412504815 0.8000000000000002
vertex 107.2933892059227 3.3197106516021417 0.8000000000000002
vertex 109.3295195324812 3.538766042831261 0.8000000000000002
endloop
endfacet
facet normal 0.0 0.0 -1.0
outer loop
vertex 108.84359545206547 2.217992412504815 0.8000000000000002
vertex 109.3295195324812 3.538766042831261 0.8000000000000002
vertex 110.60250748603147 2.494672639406996 0.8000000000000002
endloop
endfacet
facet normal 0.0 0.0 -1.0
outer loop
vertex 110.60250748603147 2.494672639406996 0.8000000000000002
vertex 109.3295195324812 3.538766042831261 0.8000000000000002
vertex 111.34481728697158 3.902616193172908 0.8000000000000002
endloop
endfacet
facet normal 0.0 0.0 -1.0
outer loop
vertex 110.60250748603147 2.494672639406996 0.8000000000000002
vertex 111.34481728697158 3.902616193172908 0.8000000000000002
vertex 112.3407389817012 2.880515559065775 0.8000000000000002
endloop
endfacet
facet normal 0.0 0.0 -1.0
outer loop
vertex 112.3407389817012 2.880515559065775 0.8000000000000002
vertex 111.34481728697158 3.902616193172908 0.8000000000000002
vertex 113.32899912776458 4.409404505809329 0.8000000000000002
endloop
endfacet
facet normal 0.0 0.0 -1.0
outer loop
vertex 112.3407389817012 2.880515559065775 0.8000000000000002
vertex 113.32899912776458 4.409404505809329 0.8000000000000002
vertex 114.05152184764327 3.3740188283439356 0.8000000000000002
endloop
endfacet
facet normal 0.0 0.0 -1.0
outer loop
vertex 114.05152184764327 3.3740188283439356 0.8000000000000002
vertex 113.32899912776458 4.409404505809329 0.8000000000000002
vertex 115.2719404865784 5.056545021747143 0.8000000000000002
endloop
endfacet
facet normal 0.0 0.0 -1.0
outer loop
vertex 114.05152184764327 3.3740188283439356 0.8000000000000002
vertex 115.2719404865784 5.056545021747143 0.8000000000000002
vertex 115.72819486819962 3.9732609107507937 0.8000000000000002
endloop
endfacet
facet normal 0.0 0.0 -1.0
outer loop
vertex 115.72819486819962 3.9732609107507937 0.8000000000000002
vertex 115.2719404865784 5.056545021747143 0.8000000000000002
vertex 117.1637272305194 5.840735615038588 0.8000000000000002
endloop
endfacet
facet normal 0.0 0.0 -1.0
outer loop
vertex 115.72819486819962 3.9732609107507937 0.8000000000000002
vertex 117.1637272305194 5.840735615038588 0.8000000000000002
vertex 117.36422964002944 4.675908558261906 0.8000000000000002
endloop
endfacet
facet normal 0.0 0.0 -1.0
outer loop
vertex 117.36422964002944 4.675908558261906 0.8000000000000002
vertex 117.1637272305194 5.840735615038588 0.8000000000000002
vertex 117.94380712204855 6.21641740081163 0.8000000000000002
endloop
endfacet
facet normal 0.0 0.0 -1.0
outer loop
vertex 117.36422964002944 4.675908558261906 0.8000000000000002
vertex 117.94380712204855 6.21641740081163 0.8000000000000002
vertex 118.9532559915252 5.479225896205634 0.8000000000000002
endloop
endfacet
facet normal 0.0 0.0 -1.0
outer loop
vertex 118.9532559915252 5.479225896205634 0.8000000000000002
vertex 117.94380712204855 6.21641740081163 0.8000000000000002
vertex 118.70813659780954 6.623187475685381 0.8000000000000002
endloop
endfacet
facet normal 0.0 0.0 -1.0
outer loop
vertex 118.9532559915252 5.479225896205634 0.8000000000000002
vertex 118.70813659780954 6.623187475685381 0.8000000000000002
vertex 119.45547733620062 7.0603868147411655 0.8000000000000002
endloop
endfacet
facet normal 0.0 0.0 -1.0
outer loop
vertex 118.9532559915252 5.479225896205634 0.8000000000000002
vertex 119.45547733620062 7.0603868147411655 0.8000000000000002
vertex 120.48908678612857 6.380085075843067 0.8000000000000002
endloop
endfacet
facet normal 0.0 0.0 -1.0
outer loop
vertex 120.48908678612857 6.380085075843067 0.8000000000000002
vertex 119.45547733620062 7.0603868147411655 0.8000000000000002
vertex 120.18461853977206 7.527307093358622 0.8000000000000002
endloop
endfacet
facet normal 0.0 0.0 -1.0
outer loop
vertex 120.48908678612857 6.380085075843067 0.8000000000000002
vertex 120.18461853977206 7.527307093358622 0.8000000000000002
vertex 120.8943788968884 8.02319183480151 0.8000000000000002
endloop
endfacet
facet normal 0.0 0.0 -1.0
outer loop
vertex 120.48908678612857 6.380085075843067 0.8000000000000002
vertex 120.8943788968884 8.02319183480151 0.8000000000000002
vertex 121.96574201296822 7.37497845316372 0.8000000000000002
endloop
endfacet
facet normal 0.0 0.0 -1.0
outer loop
vertex 121.96574201296822 7.37497845316372 0.8000000000000002
vertex 120.8943788968884 8.02319183480151 0.8000000000000002
vertex 121.58360849562027 8.547237635816769 0.8000000000000002
endloop
endfacet
facet normal 0.0 0.0 -1.0
outer loop
vertex 121.96574201296822 7.37497845316372 0.8000000000000002
vertex 121.58360849562027 8.547237635816769 0.8000000000000002
vertex 122.25119068676379 9.098595468261177 0.8000000000000002
endloop
endfacet
facet normal 0.0 0.0 -1.0
outer loop
vertex 121.96574201296822 7.37497845316372 0.8000000000000002
vertex 122.25119068676379 9.098595468261177 0.8000000000000002
vertex 123.37747207101957 8.46003224647682 0.8000000000000002
endloop
endfacet
facet normal 0.0 0.0 -1.0
outer loop
vertex 123.37747207101957 8.46003224647682 0.8000000000000002
vertex 122.25119068676379 9.098595468261177 0.8000000000000002
vertex 122.89604389296996 9.676372054646711 0.8000000000000002
endloop
endfacet
facet normal 0.0 0.0 -1.0
outer loop
vertex 123.37747207101957 8.46003224647682 0.8000000000000002
vertex 122.89604389296996 9.676372054646711 0.8000000000000002
vertex 123.5171233610527 10.27963131537615 0.8000000000000002
endloop
endfacet
facet normal 0.0 0.0 -1.0
outer loop
vertex 123.37747207101957 8.46003224647682 0.8000000000000002
vertex 123.5171233610527 10.27963131537615 0.8000000000000002
vertex 124.71878015612702 9.631021619620167 0.8000000000000002
endloop
endfacet
facet normal 0.0 0.0 -1.0
outer loop
vertex 124.71878015612702 9.631021619620167 0.8000000000000002
vertex 123.5171233610527 10.27963131537615 0.8000000000000002
vertex 124.11342285463614 10.907395885324092 0.8000000000000002
endloop
endfacet
facet normal 0.0 0.0 -1.0
outer loop
vertex 124.71878015612702 9.631021619620167 0.8000000000000002
vertex 124.11342285463614 10.907395885324092 0.8000000000000002
vertex 124.68397628439972 11.558648697306374 0.8000000000000002
endloop
endfacet
facet normal 0.0 0.0 -1.0
outer loop
vertex 124.71878015612702 9.631021619620167 0.8000000000000002
vertex 124.68397628439972 11.558648697306374 0.8000000000000002
vertex 125.22785927327915 12.232334629872431 0.8000000000000002
endloop
endfacet
facet normal 0.0 0.0 -1.0
outer loop
vertex 124.71878015612702 9.631021619620167 0.8000000000000002
vertex 125.22785927327915 12.232334629872431 0.8000000000000002
vertex 125.76122630943705 10.650162639387128 0.8000000000000002
endloop
endfacet
facet normal 0.0 0.0 -1.0
outer loop
vertex 125.76122630943705 10.650162639387128 0.8000000000000002
vertex 125.22785927327915 12.232334629872431 0.8000000000000002
vertex 126.40932460409464 13.85051048706477 0.8000000000000002
endloop
endfacet
facet normal 0.0 0.0 -1.0
outer loop
vertex 125.76122630943705 10.650162639387128 0.8000000000000002
vertex 126.40932460409464 13.85051048706477 0.8000000000000002
vertex 126.75104481918969 11.720490494987263 0.8000000000000002
endloop
endfacet
facet normal 0.0 0.0 -1.0
outer loop
vertex 126.75104481918969 11.720490494987263 0.8000000000000002
vertex 126.40932460409464 13.85051048706477 0.8000000000000002
vertex 127.49699801161249 15.533163152143835 0.8000000000000002
endloop
endfacet
facet normal 0.0 0.0 -1.0
outer loop
vertex 126.75104481918969 11.720490494987263 0.8000000000000002
vertex 127.49699801161249 15.533163152143835 0.8000000000000002
vertex 127.6857255556158 12.839290889014904 0.8000000000000002
endloop
endfacet
facet normal 0.0 0.0 -1.0
outer loop
vertex 127.6857255556158 12.839290889014904 0.8000000000000002
vertex 127.49699801161249 15.533163152143835 0.8000000000000002
vertex 128.4873696102962 17.274862761502398 0.8000000000000002
endloop
endfacet
facet normal 0.0 0.0 -1.0
outer loop
vertex 127.6857255556158 12.839290889014904 0.8000000000000002
vertex 128.4873696102962 17.274862761502398 0.8000000000000002
vertex 128.5628982155558 14.00372660015414 0.8000000000000002
endloop
endfacet
facet normal 0.0 0.0 -1.0
outer loop
vertex 128.5628982155558 14.00372660015414 0.8000000000000002
vertex 128.4873696102962 17.274862761502398 0.8000000000000002
vertex 129.37724350427686 19.069988909028226 0.8000000000000002
endloop
endfacet
facet normal 0.0 0.0 -1.0
outer loop
vertex 128.5628982155558 14.00372660015414 0.8000000000000002
vertex 129.37724350427686 19.069988909028226 0.8000000000000002
vertex 129.38033833342863 15.210844678228757 0.8000000000000002
endloop
endfacet
facet normal 0.0 0.0 -1.0
outer loop
vertex 129.38033833342863 15.210844678228757 0.8000000000000002
vertex 129.37724350427686 19.069988909028226 0.8000000000000002
vertex 130.16374810040134 20.91274878296574 0.8000000000000002
endloop
endfacet
facet normal 0.0 0.0 -1.0
outer loop
vertex 129.38033833342863 15.210844678228757 0.8000000000000002
vertex 130.16374810040134 20.91274878296574 0.8000000000000002
vertex 130.13597292236432 16.457583932734877 0.8000000000000002
endloop
endfacet
facet normal 0.0 0.0 -1.0
outer loop
vertex 130.13597292236432 16.457583932734877 0.8000000000000002
vertex 130.16374810040134 20.91274878296574 0.8000000000000002
vertex 130.82788573119404 17.740782695865466 0.8000000000000002
endloop
endfacet
facet normal 0.0 0.0 -1.0
outer loop
vertex 130.82788573119404 17.740782695865466 0.8000000000000002
vertex 130.16374810040134 20.91274878296574 0.8000000000000002
vertex 130.84434537476724 22.797195859124905 0.8000000000000002
endloop
endfacet
facet normal 0.0 0.0 -1.0
outer loop
vertex 130.82788573119404 17.740782695865466 0.8000000000000002
vertex 130.84434537476724 22.797195859124905 0.8000000000000002
vertex 131.45432210396618 19.057186840340297 0.8000000000000002
endloop
endfacet
facet normal 0.0 0.0 -1.0
outer loop
vertex 131.45432210396618 19.057186840340297 0.8000000000000002
vertex 130.84434537476724 22.797195859124905 0.8000000000000002
vertex 131.4168390628407 24.71724909011491 0.8000000000000002
endloop
endfacet
facet normal 0.0 0.0 -1.0
outer loop
vertex 131.45432210396618 19.057186840340297 0.8000000000000002
vertex 131.4168390628407 24.71724909011491 0.8000000000000002
vertex 131.8793817467281 26.666712528679838 0.8000000000000002
endloop
endfacet
facet normal 0.0 0.0 -1.0
outer loop
vertex 131.45432210396618 19.057186840340297 0.8000000000000002
vertex 131.8793817467281 26.666712528679838 0.8000000000000002
vertex 132.01369342966558 20.40345803170847 0.8000000000000002
endloop
endfacet
facet normal 0.0 0.0 -1.0
outer loop
vertex 132.01369342966558 20.40345803170847 0.8000000000000002
vertex 131.8793817467281 26.666712528679838 0.8000000000000002
vertex 132.2304808167315 28.639295321812202 0.8000000000000002
endloop
endfacet
facet normal 0.0 0.0 -1.0
outer loop
vertex 132.01369342966558 20.40345803170847 0.8000000000000002
vertex 132.2304808167315 28.639295321812202 0.8000000000000002
vertex 132.50458117085026 21.776182194195986 0.8000000000000002
endloop
endfacet
facet normal 0.0 0.0 -1.0
outer loop
vertex 132.50458117085026 21.776182194195986 0.8000000000000002
vertex 132.2304808167315 28.639295321812202 0.8000000000000002
vertex 132.46900328795013 30.628632011124207 0.8000000000000002
endloop
endfacet
facet normal 0.0 0.0 -1.0
outer loop
vertex 132.50458117085026 21.776182194195986 0.8000000000000002
vertex 132.46900328795013 30.628632011124207 0.8000000000000002
vertex 132.5941794563847 32.6283030739681 0.8000000000000002
endloop
endfacet
facet normal 0.0 0.0 -1.0
outer loop
vertex 132.50458117085026 21.776182194195986 0.8000000000000002
vertex 132.5941794563847 32.6283030739681 0.8000000000000002
vertex 132.92574046099148 23.17187816862962 0.8000000000000002
endloop
endfacet
facet normal 0.0 0.0 -1.0
outer loop
vertex 132.92574046099148 23.17187816862962 0.8000000000000002
vertex 132.5941794563847 32.6283030739681 0.8000000000000002
vertex 132.60560538274584 34.63185563901998 0.8000000000000002
endloop
endfacet
facet normal 0.0 0.0 -1.0
outer loop
vertex 7.936259539008521 23.17187816862962 0.8000000000000002
vertex 8.267820543615597 32.6283030739681 0.8000000000000002
vertex 8.35741882914994 21.776182194195986 0.8000000000000002
endloop
endfacet
facet normal 0.0 0.0 -1.0
outer loop
vertex 8.267820543615597 32.6283030739681 0.8000000000000002
vertex 7.936259539008521 23.17187816862962 0.8000000000000002
vertex 8.256394617254896 34.63185563901996 0.8000000000000002
endloop
endfacet
facet normal 0.0 0.0 -1.0
outer loop
vertex 8.35741882914994 21.776182194195986 0.8000000000000002
vertex 8.267820543615597 32.6283030739681 0.8000000000000002
vertex 8.392996712050005 30.628632011124207 0.8000000000000002
endloop
endfacet
facet normal 0.0 0.0 -1.0
outer loop
vertex 8.35741882914994 21.776182194195986 0.8000000000000002
vertex 8.392996712050005 30.628632011124207 0.8000000000000002
vertex 8.848306570334378 20.40345803170847 0.8000000000000002
endloop
endfacet
facet normal 0.0 0.0 -1.0
outer loop
vertex 8.848306570334378 20.40345803170847 0.8000000000000002
vertex 8.392996712050005 30.628632011124207 0.8000000000000002
vertex 8.63151918326893 28.639295321812202 0.8000000000000002
endloop
endfacet
facet normal 0.0 0.0 -1.0
outer loop
vertex 8.848306570334378 20.40345803170847 0.8000000000000002
vertex 8.63151918326893 28.639295321812202 0.8000000000000002
vertex 8.98261825327208 26.666712528679838 0.8000000000000002
endloop
endfacet
facet normal 0.0 0.0 -1.0
outer loop
vertex 8.848306570334378 20.40345803170847 0.8000000000000002
vertex 8.98261825327208 26.666712528679838 0.8000000000000002
vertex 9.407677896034688 19.057186840340297 0.8000000000000002
endloop
endfacet
facet normal 0.0 0.0 -1.0
outer loop
vertex 9.407677896034688 19.057186840340297 0.8000000000000002
vertex 8.98261825327208 26.666712528679838 0.8000000000000002
vertex 9.445160937159697 24.71724909011491 0.8000000000000002
endloop
endfacet
facet normal 0.0 0.0 -1.0
outer loop
vertex 9.407677896034688 19.057186840340297 0.8000000000000002
vertex 9.445160937159697 24.71724909011491 0.8000000000000002
vertex 10.034114268806283 17.740782695865466 0.8000000000000002
endloop
endfacet
facet normal 0.0 0.0 -1.0
outer loop
vertex 10.034114268806283 17.740782695865466 0.8000000000000002
vertex 9.445160937159697 24.71724909011491 0.8000000000000002
vertex 10.017654625233037 22.797195859124905 0.8000000000000002
endloop
endfacet
facet normal 0.0 0.0 -1.0
outer loop
vertex 10.034114268806283 17.740782695865466 0.8000000000000002
vertex 10.017654625233037 22.797195859124905 0.8000000000000002
vertex 10.698251899598832 20.912748782965732 0.8000000000000002
endloop
endfacet
facet normal 0.0 0.0 -1.0
outer loop
vertex 10.034114268806283 17.740782695865466 0.8000000000000002
vertex 10.698251899598832 20.912748782965732 0.8000000000000002
vertex 10.726027077636378 16.457583932734877 0.8000000000000002
endloop
endfacet
facet normal 0.0 0.0 -1.0
outer loop
vertex 10.726027077636378 16.457583932734877 0.8000000000000002
vertex 10.698251899598832 20.912748782965732 0.8000000000000002
vertex 11.484756495723513 19.069988909028226 0.8000000000000002
endloop
endfacet
facet normal 0.0 0.0 -1.0
outer loop
vertex 10.726027077636378 16.457583932734877 0.8000000000000002
vertex 11.484756495723513 19.069988909028226 0.8000000000000002
vertex 11.481661666571494 15.210844678228757 0.8000000000000002
endloop
endfacet
facet normal 0.0 0.0 -1.0
outer loop
vertex 11.481661666571494 15.210844678228757 0.8000000000000002
vertex 11.484756495723513 19.069988909028226 0.8000000000000002
vertex 12.299101784444714 14.00372660015414 0.8000000000000002
endloop
endfacet
facet normal 0.0 0.0 -1.0
outer loop
vertex 12.299101784444714 14.00372660015414 0.8000000000000002
vertex 11.484756495723513 19.069988909028226 0.8000000000000002
vertex 12.374630389704047 17.274862761502398 0.8000000000000002
endloop
endfacet
facet normal 0.0 0.0 -1.0
outer loop
vertex 12.299101784444714 14.00372660015414 0.8000000000000002
vertex 12.374630389704047 17.274862761502398 0.8000000000000002
vertex 13.176274444384703 12.839290889014904 0.8000000000000002
endloop
endfacet
facet normal 0.0 0.0 -1.0
outer loop
vertex 13.176274444384703 12.839290889014904 0.8000000000000002
vertex 12.374630389704047 17.274862761502398 0.8000000000000002
vertex 13.365001988387514 15.533163152143835 0.8000000000000002
endloop
endfacet
facet normal 0.0 0.0 -1.0
outer loop
vertex 13.176274444384703 12.839290889014904 0.8000000000000002
vertex 13.365001988387514 15.533163152143835 0.8000000000000002
vertex 14.110955180810617 11.720490494987263 0.8000000000000002
endloop
endfacet
facet normal 0.0 0.0 -1.0
outer loop
vertex 14.110955180810617 11.720490494987263 0.8000000000000002
vertex 13.365001988387514 15.533163152143835 0.8000000000000002
vertex 14.45267539590576 13.850510487064776 0.8000000000000002
endloop
endfacet
facet normal 0.0 0.0 -1.0
outer loop
vertex 14.110955180810617 11.720490494987263 0.8000000000000002
vertex 14.45267539590576 13.850510487064776 0.8000000000000002
vertex 15.100773690562947 10.650162639387128 0.8000000000000002
endloop
endfacet
facet normal 0.0 0.0 -1.0
outer loop
vertex 15.100773690562947 10.650162639387128 0.8000000000000002
vertex 14.45267539590576 13.850510487064776 0.8000000000000002
vertex 15.63414072672077 12.232334629872431 0.8000000000000002
endloop
endfacet
facet normal 0.0 0.0 -1.0
outer loop
vertex 15.100773690562947 10.650162639387128 0.8000000000000002
vertex 15.63414072672077 12.232334629872431 0.8000000000000002
vertex 16.14321984387349 9.631021619620167 0.8000000000000002
endloop
endfacet
facet normal 0.0 0.0 -1.0
outer loop
vertex 16.14321984387349 9.631021619620167 0.8000000000000002
vertex 15.63414072672077 12.232334629872431 0.8000000000000002
vertex 16.17802371560096 11.558648697306374 0.8000000000000002
endloop
endfacet
facet normal 0.0 0.0 -1.0
outer loop
vertex 16.14321984387349 9.631021619620167 0.8000000000000002
vertex 16.17802371560096 11.558648697306374 0.8000000000000002
vertex 17.484527928980608 8.46003224647682 0.8000000000000002
endloop
endfacet
facet normal 0.0 0.0 -1.0
outer loop
vertex 17.484527928980608 8.46003224647682 0.8000000000000002
vertex 16.17802371560096 11.558648697306374 0.8000000000000002
vertex 16.74857714536404 10.907395885324092 0.8000000000000002
endloop
endfacet
facet normal 0.0 0.0 -1.0
outer loop
vertex 17.484527928980608 8.46003224647682 0.8000000000000002
vertex 16.74857714536404 10.907395885324092 0.8000000000000002
vertex 17.34487663894799 10.27963131537615 0.8000000000000002
endloop
endfacet
facet normal 0.0 0.0 -1.0
outer loop
vertex 17.484527928980608 8.46003224647682 0.8000000000000002
vertex 17.34487663894799 10.27963131537615 0.8000000000000002
vertex 17.965956107030213 9.676372054646711 0.8000000000000002
endloop
endfacet
facet normal 0.0 0.0 -1.0
outer loop
vertex 17.484527928980608 8.46003224647682 0.8000000000000002
vertex 17.965956107030213 9.676372054646711 0.8000000000000002
vertex 18.89625798703197 7.37497845316372 0.8000000000000002
endloop
endfacet
facet normal 0.0 0.0 -1.0
outer loop
vertex 18.89625798703197 7.37497845316372 0.8000000000000002
vertex 17.965956107030213 9.676372054646711 0.8000000000000002
vertex 18.610809313236683 9.098595468261179 0.8000000000000002
endloop
endfacet
facet normal 0.0 0.0 -1.0
outer loop
vertex 18.89625798703197 7.37497845316372 0.8000000000000002
vertex 18.610809313236683 9.098595468261179 0.8000000000000002
vertex 19.27839150438049 8.547237635816769 0.8000000000000002
endloop
endfacet
facet normal 0.0 0.0 -1.0
outer loop
vertex 18.89625798703197 7.37497845316372 0.8000000000000002
vertex 19.27839150438049 8.547237635816769 0.8000000000000002
vertex 20.372913213871865 6.380085075843067 0.8000000000000002
endloop
endfacet
facet normal 0.0 0.0 -1.0
outer loop
vertex 20.372913213871865 6.380085075843067 0.8000000000000002
vertex 19.27839150438049 8.547237635816769 0.8000000000000002
vertex 19.967621103112094 8.02319183480151 0.8000000000000002
endloop
endfacet
facet normal 0.0 0.0 -1.0
outer loop
vertex 20.372913213871865 6.380085075843067 0.8000000000000002
vertex 19.967621103112094 8.02319183480151 0.8000000000000002
vertex 20.677381460228123 7.527307093358624 0.8000000000000002
endloop
endfacet
facet normal 0.0 0.0 -1.0
outer loop
vertex 20.372913213871865 6.380085075843067 0.8000000000000002
vertex 20.677381460228123 7.527307093358624 0.8000000000000002
vertex 21.90874400847539 5.479225896205634 0.8000000000000002
endloop
endfacet
facet normal 0.0 0.0 -1.0
outer loop
vertex 21.90874400847539 5.479225896205634 0.8000000000000002
vertex 20.677381460228123 7.527307093358624 0.8000000000000002
vertex 21.40652266379936 7.0603868147411655 0.8000000000000002
endloop
endfacet
facet normal 0.0 0.0 -1.0
outer loop
vertex 21.90874400847539 5.479225896205634 0.8000000000000002
vertex 21.40652266379936 7.0603868147411655 0.8000000000000002
vertex 22.153863402191067 6.623187475685377 0.8000000000000002
endloop
endfacet
facet normal 0.0 0.0 -1.0
outer loop
vertex 21.90874400847539 5.479225896205634 0.8000000000000002
vertex 22.153863402191067 6.623187475685377 0.8000000000000002
vertex 23.49777035997035 4.675908558261906 0.8000000000000002
endloop
endfacet
facet normal 0.0 0.0 -1.0
outer loop
vertex 23.49777035997035 4.675908558261906 0.8000000000000002
vertex 22.153863402191067 6.623187475685377 0.8000000000000002
vertex 22.918192877951846 6.2164174008116335 0.8000000000000002
endloop
endfacet
facet normal 0.0 0.0 -1.0
outer loop
vertex 23.49777035997035 4.675908558261906 0.8000000000000002
vertex 22.918192877951846 6.2164174008116335 0.8000000000000002
vertex 23.69827276948083 5.840735615038588 0.8000000000000002
endloop
endfacet
facet normal 0.0 0.0 -1.0
outer loop
vertex 23.49777035997035 4.675908558261906 0.8000000000000002
vertex 23.69827276948083 5.840735615038588 0.8000000000000002
vertex 25.13380513180032 3.9732609107507937 0.8000000000000002
endloop
endfacet
facet normal 0.0 0.0 -1.0
outer loop
vertex 25.13380513180032 3.9732609107507937 0.8000000000000002
vertex 23.69827276948083 5.840735615038588 0.8000000000000002
vertex 25.590059513421654 5.056545021747143 0.8000000000000002
endloop
endfacet
facet normal 0.0 0.0 -1.0
outer loop
vertex 25.13380513180032 3.9732609107507937 0.8000000000000002
vertex 25.590059513421654 5.056545021747143 0.8000000000000002
vertex 26.810478152357234 3.3740188283439356 0.8000000000000002
endloop
endfacet
facet normal 0.0 0.0 -1.0
outer loop
vertex 26.810478152357234 3.3740188283439356 0.8000000000000002
vertex 25.590059513421654 5.056545021747143 0.8000000000000002
vertex 27.533000872235707 4.409404505809329 0.8000000000000002
endloop
endfacet
facet normal 0.0 0.0 -1.0
outer loop
vertex 26.810478152357234 3.3740188283439356 0.8000000000000002
vertex 27.533000872235707 4.409404505809329 0.8000000000000002
vertex 28.52126101829949 2.880515559065775 0.8000000000000002
endloop
endfacet
facet normal 0.0 0.0 -1.0
outer loop
vertex 28.52126101829949 2.880515559065775 0.8000000000000002
vertex 27.533000872235707 4.409404505809329 0.8000000000000002
vertex 29.517182713028888 3.902616193172908 0.8000000000000002
endloop
endfacet
facet normal 0.0 0.0 -1.0
outer loop
vertex 28.52126101829949 2.880515559065775 0.8000000000000002
vertex 29.517182713028888 3.902616193172908 0.8000000000000002
vertex 30.259492513968944 2.494672639406996 0.8000000000000002
endloop
endfacet
facet normal 0.0 0.0 -1.0
outer loop
vertex 30.259492513968944 2.494672639406996 0.8000000000000002
vertex 29.517182713028888 3.902616193172908 0.8000000000000002
vertex 31.53248046751918 3.538766042831261 0.8000000000000002
endloop
endfacet
facet normal 0.0 0.0 -1.0
outer loop
vertex 30.259492513968944 2.494672639406996 0.8000000000000002
vertex 31.53248046751918 3.538766042831261 0.8000000000000002
vertex 32.018404547934594 2.217992412504815 0.8000000000000002
endloop
endfacet
facet normal 0.0 0.0 -1.0
outer loop
vertex 32.018404547934594 2.217992412504815 0.8000000000000002
vertex 31.53248046751918 3.538766042831261 0.8000000000000002
vertex 33.568610794077486 3.3197106516021417 0.8000000000000002
endloop
endfacet
facet normal 0.0 0.0 -1.0
outer loop
vertex 32.018404547934594 2.217992412504815 0.8000000000000002
vertex 33.568610794077486 3.3197106516021417 0.8000000000000002
vertex 33.79114850567369 2.0515521785218547 0.8000000000000002
endloop
endfacet
facet normal 0.0 0.0 -1.0
outer loop
vertex 33.79114850567369 2.0515521785218547 0.8000000000000002
vertex 33.568610794077486 3.3197106516021417 0.8000000000000002
vertex 35.61518404993181 3.2465677805800297 0.8000000000000002
endloop
endfacet
facet normal 0.0 0.0 -1.0
outer loop
vertex 33.79114850567369 2.0515521785218547 0.8000000000000002
vertex 35.61518404993181 3.2465677805800297 0.8000000000000002
vertex 35.57082191578315 1.9960000000000013 0.8000000000000002
endloop
endfacet
facet normal 0.0 0.0 -1.0
outer loop
vertex 35.57082191578315 1.9960000000000013 0.8000000000000002
vertex 35.61518404993181 3.2465677805800297 0.8000000000000002
vertex 36.8526714277499 2.0230146010614805 0.8000000000000002
endloop
endfacet
facet normal 0.0 0.0 -1.0
outer loop
vertex 36.8526714277499 2.0230146010614805 0.8000000000000002
vertex 35.61518404993181 3.2465677805800297 0.8000000000000002
vertex 37.66175730578521 3.3197106516021417 0.8000000000000002
endloop
endfacet
facet normal 0.0 0.0 -1.0
outer loop
vertex 36.8526714277499 2.0230146010614805 0.8000000000000002
vertex 37.66175730578521 3.3197106516021417 0.8000000000000002
vertex 38.132244651659235 2.104010432145291 0.8000000000000002
endloop
endfacet
facet normal 0.0 0.0 -1.0
outer loop
vertex 38.132244651659235 2.104010432145291 0.8000000000000002
vertex 37.66175730578521 3.3197106516021417 0.8000000000000002
vertex 39.697887632343736 3.538766042831261 0.8000000000000002
endloop
endfacet
facet normal 0.0 0.0 -1.0
outer loop
vertex 38.132244651659235 2.104010432145291 0.8000000000000002
vertex 39.697887632343736 3.538766042831261 0.8000000000000002
vertex 39.40726934165057 2.238843662137711 0.8000000000000002
endloop
endfacet
facet normal 0.0 0.0 -1.0
outer loop
vertex 39.40726934165057 2.238843662137711 0.8000000000000002
vertex 39.697887632343736 3.538766042831261 0.8000000000000002
vertex 40.67548132907899 2.427274856324868 0.8000000000000002
endloop
endfacet
facet normal 0.0 0.0 -1.0
outer loop
vertex 40.67548132907899 2.427274856324868 0.8000000000000002
vertex 39.697887632343736 3.538766042831261 0.8000000000000002
vertex 41.71318538683384 3.9026161931729124 0.8000000000000002
endloop
endfacet
facet normal 0.0 0.0 -1.0
outer loop
vertex 40.67548132907899 2.427274856324868 0.8000000000000002
vertex 41.71318538683384 3.9026161931729124 0.8000000000000002
vertex 41.934628543186555 2.6689694015771535 0.8000000000000002
endloop
endfacet
facet normal 0.0 0.0 -1.0
outer loop
vertex 41.934628543186555 2.6689694015771535 0.8000000000000002
vertex 41.71318538683384 3.9026161931729124 0.8000000000000002
vertex 43.69736722762713 4.409404505809339 0.8000000000000002
endloop
endfacet
facet normal 0.0 0.0 -1.0
outer loop
vertex 41.934628543186555 2.6689694015771535 0.8000000000000002
vertex 43.69736722762713 4.409404505809339 0.8000000000000002
vertex 43.182475010296756 2.9634981005499133 0.8000000000000002
endloop
endfacet
facet normal 0.0 0.0 -1.0
outer loop
vertex 43.182475010296756 2.9634981005499133 0.8000000000000002
vertex 43.69736722762713 4.409404505809339 0.8000000000000002
vertex 44.41680482442217 3.310337933845284 0.8000000000000002
endloop
endfacet
facet normal 0.0 0.0 -1.0
outer loop
vertex 44.41680482442217 3.310337933845284 0.8000000000000002
vertex 43.69736722762713 4.409404505809339 0.8000000000000002
vertex 45.64030858644108 5.056545021747143 0.8000000000000002
endloop
endfacet
facet normal 0.0 0.0 -1.0
outer loop
vertex 44.41680482442217 3.310337933845284 0.8000000000000002
vertex 45.64030858644108 5.056545021747143 0.8000000000000002
vertex 45.6354260822325 3.708872988781764 0.8000000000000002
endloop
endfacet
facet normal 0.0 0.0 -1.0
outer loop
vertex 45.6354260822325 3.708872988781764 0.8000000000000002
vertex 45.64030858644108 5.056545021747143 0.8000000000000002
vertex 46.83617477540077 4.158395553122185 0.8000000000000002
endloop
endfacet
facet normal 0.0 0.0 -1.0
outer loop
vertex 46.83617477540077 4.158395553122185 0.8000000000000002
vertex 45.64030858644108 5.056545021747143 0.8000000000000002
vertex 47.532095330382084 5.840735615038591 0.8000000000000002
endloop
endfacet
facet normal 0.0 0.0 -1.0
outer loop
vertex 46.83617477540077 4.158395553122185 0.8000000000000002
vertex 47.532095330382084 5.840735615038591 0.8000000000000002
vertex 48.01691863342234 4.658107371817907 0.8000000000000002
endloop
endfacet
facet normal 0.0 0.0 -1.0
outer loop
vertex 48.01691863342234 4.658107371817907 0.8000000000000002
vertex 47.532095330382084 5.840735615038591 0.8000000000000002
vertex 48.78206203018463 6.4653104817593015 0.8000000000000002
endloop
endfacet
facet normal 0.0 0.0 -1.0
outer loop
vertex 48.01691863342234 4.658107371817907 0.8000000000000002
vertex 48.78206203018463 6.4653104817593015 0.8000000000000002
vertex 49.17556091005669 5.207121064537456 0.8000000000000002
endloop
endfacet
facet normal 0.0 0.0 -1.0
outer loop
vertex 49.17556091005669 5.207121064537456 0.8000000000000002
vertex 48.78206203018463 6.4653104817593015 0.8000000000000002
vertex 49.98571147885261 7.1750558723575715 0.8000000000000002
endloop
endfacet
facet normal 0.0 0.0 -1.0
outer loop
vertex 49.17556091005669 5.207121064537456 0.8000000000000002
vertex 49.98571147885261 7.1750558723575715 0.8000000000000002
vertex 50.31004410670476 5.804461701462513 0.8000000000000002
endloop
endfacet
facet normal 0.0 0.0 -1.0
outer loop
vertex 50.31004410670476 5.804461701462513 0.8000000000000002
vertex 49.98571147885261 7.1750558723575715 0.8000000000000002
vertex 51.13724935708935 7.966555101504432 0.8000000000000002
endloop
endfacet
facet normal 0.0 0.0 -1.0
outer loop
vertex 50.31004410670476 5.804461701462513 0.8000000000000002
vertex 51.13724935708935 7.966555101504432 0.8000000000000002
vertex 50.93529337288997 6.1677614185216605 0.8000000000000002
endloop
endfacet
facet normal 0.0 0.0 -1.0
outer loop
vertex 50.93529337288997 6.1677614185216605 0.8000000000000002
vertex 51.13724935708935 7.966555101504432 0.8000000000000002
vertex 51.54500991262016 6.556566087294565 0.8000000000000002
endloop
endfacet
facet normal 0.0 0.0 -1.0
outer loop
vertex 51.54500991262016 6.556566087294565 0.8000000000000002
vertex 51.13724935708935 7.966555101504432 0.8000000000000002
vertex 52.231132208571076 8.835997924230439 0.8000000000000002
endloop
endfacet
facet normal 0.0 0.0 -1.0
outer loop
vertex 51.54500991262016 6.556566087294565 0.8000000000000002
vertex 52.231132208571076 8.835997924230439 0.8000000000000002
vertex 52.13815394479902 6.970212659104766 0.8000000000000002
endloop
endfacet
facet normal 0.0 0.0 -1.0
outer loop
vertex 52.13815394479902 6.970212659104766 0.8000000000000002
vertex 52.231132208571076 8.835997924230439 0.8000000000000002
vertex 52.71371395028403 7.407995721095934 0.8000000000000002
endloop
endfacet
facet normal 0.0 0.0 -1.0
outer loop
vertex 52.71371395028403 7.407995721095934 0.8000000000000002
vertex 52.231132208571076 8.835997924230439 0.8000000000000002
vertex 53.262094125916484 9.779198878289364 0.8000000000000002
endloop
endfacet
facet normal 0.0 0.0 -1.0
outer loop
vertex 52.71371395028403 7.407995721095934 0.8000000000000002
vertex 53.262094125916484 9.779198878289364 0.8000000000000002
vertex 53.270708396880416 7.86916869920879 0.8000000000000002
endloop
endfacet
facet normal 0.0 0.0 -1.0
outer loop
vertex 53.270708396880416 7.86916869920879 0.8000000000000002
vertex 53.262094125916484 9.779198878289364 0.8000000000000002
vertex 54.22517210055451 10.791617432802541 0.8000000000000002
endloop
endfacet
facet normal 0.0 0.0 -1.0
outer loop
vertex 53.270708396880416 7.86916869920879 0.8000000000000002
vertex 54.22517210055451 10.791617432802541 0.8000000000000002
vertex 53.808187413198944 8.352945131352449 0.8000000000000002
endloop
endfacet
facet normal 0.0 0.0 -1.0
outer loop
vertex 53.808187413198944 8.352945131352449 0.8000000000000002
vertex 54.22517210055451 10.791617432802541 0.8000000000000002
vertex 54.32523440852205 8.858500008598783 0.8000000000000002
endloop
endfacet
facet normal 0.0 0.0 -1.0
outer loop
vertex 54.32523440852205 8.858500008598783 0.8000000000000002
vertex 54.22517210055451 10.791617432802541 0.8000000000000002
vertex 55.11572991444008 11.86837984618912 0.8000000000000002
endloop
endfacet
facet normal 0.0 0.0 -1.0
outer loop
vertex 54.32523440852205 8.858500008598783 0.8000000000000002
vertex 55.11572991444008 11.86837984618912 0.8000000000000002
vertex 54.82096763591217 9.384971182112778 0.8000000000000002
endloop
endfacet
facet normal 0.0 0.0 -1.0
outer loop
vertex 54.82096763591217 9.384971182112778 0.8000000000000002
vertex 55.11572991444008 11.86837984618912 0.8000000000000002
vertex 55.29454169590073 9.931460833419445 0.8000000000000002
endloop
endfacet
facet normal 0.0 0.0 -1.0
outer loop
vertex 55.29454169590073 9.931460833419445 0.8000000000000002
vertex 55.11572991444008 11.86837984618912 0.8000000000000002
vertex 55.92948045862126 13.004302628159015 0.8000000000000002
endloop
endfacet
facet normal 0.0 0.0 -1.0
outer loop
vertex 55.29454169590073 9.931460833419445 0.8000000000000002
vertex 55.92948045862126 13.004302628159015 0.8000000000000002
vertex 55.74514897819354 10.497037005499998 0.8000000000000002
endloop
endfacet
facet normal 0.0 0.0 -1.0
outer loop
vertex 55.74514897819354 10.497037005499998 0.8000000000000002
vertex 55.92948045862126 13.004302628159015 0.8000000000000002
vertex 56.1720210389239 11.080735192106316 0.8000000000000002
endloop
endfacet
facet normal 0.0 0.0 -1.0
outer loop
vertex 56.1720210389239 11.080735192106316 0.8000000000000002
vertex 55.92948045862126 13.004302628159015 0.8000000000000002
vertex 56.66250637120882 14.193917492823502 0.8000000000000002
endloop
endfacet
facet normal 0.0 0.0 -1.0
outer loop
vertex 56.1720210389239 11.080735192106316 0.8000000000000002
vertex 56.66250637120882 14.193917492823502 0.8000000000000002
vertex 56.574429911127844 11.681559982583234 0.8000000000000002
endloop
endfacet
facet normal 0.0 0.0 -1.0
outer loop
vertex 56.574429911127844 11.681559982583234 0.8000000000000002
vertex 56.66250637120882 14.193917492823502 0.8000000000000002
vertex 57.64047413674341 13.425302220152211 0.8000000000000002
endloop
endfacet
facet normal 0.0 0.0 -1.0
outer loop
vertex 57.64047413674341 13.425302220152211 0.8000000000000002
vertex 56.66250637120882 14.193917492823502 0.8000000000000002
vertex 57.311278895388924 15.431497682800194 0.8000000000000002
endloop
endfacet
facet normal 0.0 0.0 -1.0
outer loop
vertex 57.64047413674341 13.425302220152211 0.8000000000000002
vertex 57.311278895388924 15.431497682800194 0.8000000000000002
vertex 57.87267486672429 16.711085537589245 0.8000000000000002
endloop
endfacet
facet normal 0.0 0.0 -1.0
outer loop
vertex 57.64047413674341 13.425302220152211 0.8000000000000002
vertex 57.87267486672429 16.711085537589245 0.8000000000000002
vertex 58.633199559868935 15.211802574568734 0.8000000000000002
endloop
endfacet
facet normal 0.0 0.0 -1.0
outer loop
vertex 58.633199559868935 15.211802574568734 0.8000000000000002
vertex 57.87267486672429 16.711085537589245 0.8000000000000002
vertex 58.34399174793103 18.026521173507746 0.8000000000000002
endloop
endfacet
facet normal 0.0 0.0 -1.0
outer loop
vertex 58.633199559868935 15.211802574568734 0.8000000000000002
vertex 58.34399174793103 18.026521173507746 0.8000000000000002
vertex 58.7625656523913 19.128506037347872 0.8000000000000002
endloop
endfacet
facet normal 0.0 0.0 -1.0
outer loop
vertex 58.633199559868935 15.211802574568734 0.8000000000000002
vertex 58.7625656523913 19.128506037347872 0.8000000000000002
vertex 59.55089410279952 17.037980005139197 0.8000000000000002
endloop
endfacet
facet normal 0.0 0.0 -1.0
outer loop
vertex 59.55089410279952 17.037980005139197 0.8000000000000002
vertex 58.7625656523913 19.128506037347872 0.8000000000000002
vertex 59.14943988878901 20.24201539017799 0.8000000000000002
endloop
endfacet
facet normal 0.0 0.0 -1.0
outer loop
vertex 59.55089410279952 17.037980005139197 0.8000000000000002
vertex 59.14943988878901 20.24201539017799 0.8000000000000002
vertex 59.504297712619895 21.36613757147963 0.8000000000000002
endloop
endfacet
facet normal 0.0 0.0 -1.0
outer loop
vertex 59.55089410279952 17.037980005139197 0.8000000000000002
vertex 59.504297712619895 21.36613757147963 0.8000000000000002
vertex 59.82684859209286 22.499952231721796 0.8000000000000002
endloop
endfacet
facet normal 0.0 0.0 -1.0
outer loop
vertex 59.55089410279952 17.037980005139197 0.8000000000000002
vertex 59.82684859209286 22.499952231721796 0.8000000000000002
vertex 60.39197508785871 18.900685043147615 0.8000000000000002
endloop
endfacet
facet normal 0.0 0.0 -1.0
outer loop
vertex 60.39197508785871 18.900685043147615 0.8000000000000002
vertex 59.82684859209286 22.499952231721796 0.8000000000000002
vertex 60.11682844599219 23.642531085876232 0.8000000000000002
endloop
endfacet
facet normal 0.0 0.0 -1.0
outer loop
vertex 60.39197508785871 18.900685043147615 0.8000000000000002
vertex 60.11682844599219 23.642531085876232 0.8000000000000002
vertex 60.373999859892926 24.792938673429827 0.8000000000000002
endloop
endfacet
facet normal 0.0 0.0 -1.0
outer loop
vertex 60.39197508785871 18.900685043147615 0.8000000000000002
vertex 60.373999859892926 24.792938673429827 0.8000000000000002
vertex 60.59815228053423 25.950233124271605 0.8000000000000002
endloop
endfacet
facet normal 0.0 0.0 -1.0
outer loop
vertex 60.39197508785871 18.900685043147615 0.8000000000000002
vertex 60.59815228053423 25.950233124271605 0.8000000000000002
vertex 61.1549919669203 20.79670522350375 0.8000000000000002
endloop
endfacet
facet normal 0.0 0.0 -1.0
outer loop
vertex 61.1549919669203 20.79670522350375 0.8000000000000002
vertex 60.59815228053423 25.950233124271605 0.8000000000000002
vertex 60.78910218820739 27.113466929827464 0.8000000000000002
endloop
endfacet
facet normal 0.0 0.0 -1.0
outer loop
vertex 61.1549919669203 20.79670522350375 0.8000000000000002
vertex 60.78910218820739 27.113466929827464 0.8000000000000002
vertex 60.82120445831371 27.35144070573368 0.8000000000000002
endloop
endfacet
facet normal 0.0 0.0 -1.0
outer loop
vertex 61.1549919669203 20.79670522350375 0.8000000000000002
vertex 60.82120445831371 27.35144070573368 0.8000000000000002
vertex 60.94669324700878 28.281687718811504 0.8000000000000002
endloop
endfacet
facet normal 0.0 0.0 -1.0
outer loop
vertex 61.1549919669203 20.79670522350375 0.8000000000000002
vertex 60.94669324700878 28.281687718811504 0.8000000000000002
vertex 61.07079643283298 29.453939036958182 0.8000000000000002
endloop
endfacet
facet normal 0.0 0.0 -1.0
outer loop
vertex 61.1549919669203 20.79670522350375 0.8000000000000002
vertex 61.07079643283298 29.453939036958182 0.8000000000000002
vertex 61.16131013901444 30.62926113009772 0.8000000000000002
endloop
endfacet
facet normal 0.0 0.0 -1.0
outer loop
vertex 61.1549919669203 20.79670522350375 0.8000000000000002
vertex 61.16131013901444 30.62926113009772 0.8000000000000002
vertex 61.83862882305783 22.72277062503622 0.8000000000000002
endloop
endfacet
facet normal 0.0 0.0 -1.0
outer loop
vertex 61.83862882305783 22.72277062503622 0.8000000000000002
vertex 61.16131013901444 30.62926113009772 0.8000000000000002
vertex 61.218160259507634 31.806691729932957 0.8000000000000002
endloop
endfacet
facet normal 0.0 0.0 1.0
outer loop
vertex 7.936259539008521 23.17187816862962 3.667
vertex 8.267820543615597 32.6283030739681 3.667
vertex 8.256394617254896 34.63185563901996 3.667
endloop
endfacet
facet normal 0.0 0.0 1.0
outer loop
vertex 8.267820543615597 32.6283030739681 3.667
vertex 7.936259539008521 23.17187816862962 3.667
vertex 8.35741882914994 21.776182194195986 3.667
endloop
endfacet
facet normal 0.0 0.0 1.0
outer loop
vertex 8.267820543615597 32.6283030739681 3.667
vertex 8.35741882914994 21.776182194195986 3.667
vertex 8.392996712050005 30.628632011124207 3.667
endloop
endfacet
facet normal 0.0 0.0 1.0
outer loop
vertex 8.392996712050005 30.628632011124207 3.667
vertex 8.35741882914994 21.776182194195986 3.667
vertex 8.848306570334378 20.40345803170847 3.667
endloop
endfacet
facet normal 0.0 0.0 1.0
outer loop
vertex 8.392996712050005 30.628632011124207 3.667
vertex 8.848306570334378 20.40345803170847 3.667
vertex 8.63151918326893 28.639295321812202 3.667
endloop
endfacet
facet normal 0.0 0.0 1.0
outer loop
vertex 8.63151918326893 28.639295321812202 3.667
vertex 8.848306570334378 20.40345803170847 3.667
vertex 8.98261825327208 26.666712528679838 3.667
endloop
endfacet
facet normal 0.0 0.0 1.0
outer loop
vertex 8.98261825327208 26.666712528679838 3.667
vertex 8.848306570334378 20.40345803170847 3.667
vertex 9.407677896034688 19.057186840340297 3.667
endloop
endfacet
facet normal 0.0 0.0 1.0
outer loop
vertex 8.98261825327208 26.666712528679838 3.667
vertex 9.407677896034688 19.057186840340297 3.667
vertex 9.445160937159697 24.71724909011491 3.667
endloop
endfacet
facet normal 0.0 0.0 1.0
outer loop
vertex 9.445160937159697 24.71724909011491 3.667
vertex 9.407677896034688 19.057186840340297 3.667
vertex 10.034114268806283 17.740782695865466 3.667
endloop
endfacet
facet normal 0.0 0.0 1.0
outer loop
vertex 9.445160937159697 24.71724909011491 3.667
vertex 10.034114268806283 17.740782695865466 3.667
vertex 10.017654625233037 22.797195859124905 3.667
endloop
endfacet
facet normal 0.0 0.0 1.0
outer loop
vertex 10.017654625233037 22.797195859124905 3.667
vertex 10.034114268806283 17.740782695865466 3.667
vertex 10.698251899598832 20.912748782965732 3.667
endloop
endfacet
facet normal 0.0 0.0 1.0
outer loop
vertex 10.698251899598832 20.912748782965732 3.667
vertex 10.034114268806283 17.740782695865466 3.667
vertex 10.726027077636378 16.457583932734877 3.667
endloop
endfacet
facet normal 0.0 0.0 1.0
outer loop
vertex 10.698251899598832 20.912748782965732 3.667
vertex 10.726027077636378 16.457583932734877 3.667
vertex 11.484756495723513 19.069988909028226 3.667
endloop
endfacet
facet normal 0.0 0.0 1.0
outer loop
vertex 11.484756495723513 19.069988909028226 3.667
vertex 10.726027077636378 16.457583932734877 3.667
vertex 11.481661666571494 15.210844678228757 3.667
endloop
endfacet
facet normal 0.0 0.0 1.0
outer loop
vertex 11.484756495723513 19.069988909028226 3.667
vertex 11.481661666571494 15.210844678228757 3.667
vertex 12.299101784444714 14.00372660015414 3.667
endloop
endfacet
facet normal 0.0 0.0 1.0
outer loop
vertex 11.484756495723513 19.069988909028226 3.667
vertex 12.299101784444714 14.00372660015414 3.667
vertex 12.374630389704047 17.274862761502398 3.667
endloop
endfacet
facet normal 0.0 0.0 1.0
outer loop
vertex 12.374630389704047 17.274862761502398 3.667
vertex 12.299101784444714 14.00372660015414 3.667
vertex 13.176274444384703 12.839290889014904 3.667
endloop
endfacet
facet normal 0.0 0.0 1.0
outer loop
vertex 12.374630389704047 17.274862761502398 3.667
vertex 13.176274444384703 12.839290889014904 3.667
vertex 13.365001988387514 15.533163152143835 3.667
endloop
endfacet
facet normal 0.0 0.0 1.0
outer loop
vertex 13.365001988387514 15.533163152143835 3.667
vertex 13.176274444384703 12.839290889014904 3.667
vertex 14.110955180810617 11.720490494987263 3.667
endloop
endfacet
facet normal 0.0 0.0 1.0
outer loop
vertex 13.365001988387514 15.533163152143835 3.667
vertex 14.110955180810617 11.720490494987263 3.667
vertex 14.45267539590576 13.850510487064776 3.667
endloop
endfacet
facet normal 0.0 0.0 1.0
outer loop
vertex 14.45267539590576 13.850510487064776 3.667
vertex 14.110955180810617 11.720490494987263 3.667
vertex 15.100773690562947 10.650162639387128 3.667
endloop
endfacet
facet normal 0.0 0.0 1.0
outer loop
vertex 14.45267539590576 13.850510487064776 3.667
vertex 15.100773690562947 10.650162639387128 3.667
vertex 15.63414072672077 12.232334629872431 3.667
endloop
endfacet
facet normal 0.0 0.0 1.0
outer loop
vertex 15.63414072672077 12.232334629872431 3.667
vertex 15.100773690562947 10.650162639387128 3.667
vertex 16.14321984387349 9.631021619620167 3.667
endloop
endfacet
facet normal 0.0 0.0 1.0
outer loop
vertex 15.63414072672077 12.232334629872431 3.667
vertex 16.14321984387349 9.631021619620167 3.667
vertex 16.17802371560096 11.558648697306374 3.667
endloop
endfacet
facet normal 0.0 0.0 1.0
outer loop
vertex 16.17802371560096 11.558648697306374 3.667
vertex 16.14321984387349 9.631021619620167 3.667
vertex 17.484527928980608 8.46003224647682 3.667
endloop
endfacet
facet normal 0.0 0.0 1.0
outer loop
vertex 16.17802371560096 11.558648697306374 3.667
vertex 17.484527928980608 8.46003224647682 3.667
vertex 16.74857714536404 10.907395885324092 3.667
endloop
endfacet
facet normal 0.0 0.0 1.0
outer loop
vertex 16.74857714536404 10.907395885324092 3.667
vertex 17.484527928980608 8.46003224647682 3.667
vertex 17.34487663894799 10.27963131537615 3.667
endloop
endfacet
facet normal 0.0 0.0 1.0
outer loop
vertex 17.34487663894799 10.27963131537615 3.667
vertex 17.484527928980608 8.46003224647682 3.667
vertex 17.965956107030213 9.676372054646711 3.667
endloop
endfacet
facet normal 0.0 0.0 1.0
outer loop
vertex 17.965956107030213 9.676372054646711 3.667
vertex 17.484527928980608 8.46003224647682 3.667
vertex 18.89625798703197 7.37497845316372 3.667
endloop
endfacet
facet normal 0.0 0.0 1.0
outer loop
vertex 17.965956107030213 9.676372054646711 3.667
vertex 18.89625798703197 7.37497845316372 3.667
vertex 18.610809313236683 9.098595468261179 3.667
endloop
endfacet
facet normal 0.0 0.0 1.0
outer loop
vertex 18.610809313236683 9.098595468261179 3.667
vertex 18.89625798703197 7.37497845316372 3.667
vertex 19.27839150438049 8.547237635816769 3.667
endloop
endfacet
facet normal 0.0 0.0 1.0
outer loop
vertex 19.27839150438049 8.547237635816769 3.667
vertex 18.89625798703197 7.37497845316372 3.667
vertex 20.372913213871865 6.380085075843067 3.667
endloop
endfacet
facet normal 0.0 0.0 1.0
outer loop
vertex 19.27839150438049 8.547237635816769 3.667
vertex 20.372913213871865 6.380085075843067 3.667
vertex 19.967621103112094 8.02319183480151 3.667
endloop
endfacet
facet normal 0.0 0.0 1.0
outer loop
vertex 19.967621103112094 8.02319183480151 3.667
vertex 20.372913213871865 6.380085075843067 3.667
vertex 20.677381460228123 7.527307093358624 3.667
endloop
endfacet
facet normal 0.0 0.0 1.0
outer loop
vertex 20.677381460228123 7.527307093358624 3.667
vertex 20.372913213871865 6.380085075843067 3.667
vertex 21.90874400847539 5.479225896205634 3.667
endloop
endfacet
facet normal 0.0 0.0 1.0
outer loop
vertex 20.677381460228123 7.527307093358624 3.667
vertex 21.90874400847539 5.479225896205634 3.667
vertex 21.40652266379936 7.0603868147411655 3.667
endloop
endfacet
facet normal 0.0 0.0 1.0
outer loop
vertex 21.40652266379936 7.0603868147411655 3.667
vertex 21.90874400847539 5.479225896205634 3.667
vertex 22.153863402191067 6.623187475685377 3.667
endloop
endfacet
facet normal 0.0 0.0 1.0
outer loop
vertex 22.153863402191067 6.623187475685377 3.667
vertex 21.90874400847539 5.479225896205634 3.667
vertex 23.49777035997035 4.675908558261906 3.667
endloop
endfacet
facet normal 0.0 0.0 1.0
outer loop
vertex 22.153863402191067 6.623187475685377 3.667
vertex 23.49777035997035 4.675908558261906 3.667
vertex 22.918192877951846 6.2164174008116335 3.667
endloop
endfacet
facet normal 0.0 0.0 1.0
outer loop
vertex 22.918192877951846 6.2164174008116335 3.667
vertex 23.49777035997035 4.675908558261906 3.667
vertex 23.69827276948083 5.840735615038588 3.667
endloop
endfacet
facet normal 0.0 0.0 1.0
outer loop
vertex 23.69827276948083 5.840735615038588 3.667
vertex 23.49777035997035 4.675908558261906 3.667
vertex 25.13380513180032 3.9732609107507937 3.667
endloop
endfacet
facet normal 0.0 0.0 1.0
outer loop
vertex 23.69827276948083 5.840735615038588 3.667
vertex 25.13380513180032 3.9732609107507937 3.667
vertex 25.590059513421654 5.056545021747143 3.667
endloop
endfacet
facet normal 0.0 0.0 1.0
outer loop
vertex 25.590059513421654 5.056545021747143 3.667
vertex 25.13380513180032 3.9732609107507937 3.667
vertex 26.810478152357234 3.3740188283439356 3.667
endloop
endfacet
facet normal 0.0 0.0 1.0
outer loop
vertex 25.590059513421654 5.056545021747143 3.667
vertex 26.810478152357234 3.3740188283439356 3.667
vertex 27.533000872235707 4.409404505809329 3.667
endloop
endfacet
facet normal 0.0 0.0 1.0
outer loop
vertex 27.533000872235707 4.409404505809329 3.667
vertex 26.810478152357234 3.3740188283439356 3.667
vertex 28.52126101829949 2.880515559065775 3.667
endloop
endfacet
facet normal 0.0 0.0 1.0
outer loop
vertex 27.533000872235707 4.409404505809329 3.667
vertex 28.52126101829949 2.880515559065775 3.667
vertex 29.517182713028888 3.902616193172908 3.667
endloop
endfacet
facet normal 0.0 0.0 1.0
outer loop
vertex 29.517182713028888 3.902616193172908 3.667
vertex 28.52126101829949 2.880515559065775 3.667
vertex 30.259492513968944 2.494672639406996 3.667
endloop
endfacet
facet normal 0.0 0.0 1.0
outer loop
vertex 29.517182713028888 3.902616193172908 3.667
vertex 30.259492513968944 2.494672639406996 3.667
vertex 31.53248046751918 3.538766042831261 3.667
endloop
endfacet
facet normal 0.0 0.0 1.0
outer loop
vertex 31.53248046751918 3.538766042831261 3.667
vertex 30.259492513968944 2.494672639406996 3.667
vertex 32.018404547934594 2.217992412504815 3.667
endloop
endfacet
facet normal 0.0 0.0 1.0
outer loop
vertex 31.53248046751918 3.538766042831261 3.667
vertex 32.018404547934594 2.217992412504815 3.667
vertex 33.568610794077486 3.3197106516021417 3.667
endloop
endfacet
facet normal 0.0 0.0 1.0
outer loop
vertex 33.568610794077486 3.3197106516021417 3.667
vertex 32.018404547934594 2.217992412504815 3.667
vertex 33.79114850567369 2.0515521785218547 3.667
endloop
endfacet
facet normal 0.0 0.0 1.0
outer loop
vertex 33.568610794077486 3.3197106516021417 3.667
vertex 33.79114850567369 2.0515521785218547 3.667
vertex 35.61518404993181 3.2465677805800297 3.667
endloop
endfacet
facet normal 0.0 0.0 1.0
outer loop
vertex 35.61518404993181 3.2465677805800297 3.667
vertex 33.79114850567369 2.0515521785218547 3.667
vertex 35.57082191578315 1.9960000000000013 3.667
endloop
endfacet
facet normal 0.0 0.0 1.0
outer loop
vertex 35.61518404993181 3.2465677805800297 3.667
vertex 35.57082191578315 1.9960000000000013 3.667
vertex 36.8526714277499 2.0230146010614805 3.667
endloop
endfacet
facet normal 0.0 0.0 1.0
outer loop
vertex 35.61518404993181 3.2465677805800297 3.667
vertex 36.8526714277499 2.0230146010614805 3.667
vertex 37.66175730578521 3.3197106516021417 3.667
endloop
endfacet
facet normal 0.0 0.0 1.0
outer loop
vertex 37.66175730578521 3.3197106516021417 3.667
vertex 36.8526714277499 2.0230146010614805 3.667
vertex 38.132244651659235 2.104010432145291 3.667
endloop
endfacet
facet normal 0.0 0.0 1.0
outer loop
vertex 37.66175730578521 3.3197106516021417 3.667
vertex 38.132244651659235 2.104010432145291 3.667
vertex 39.697887632343736 3.538766042831261 3.667
endloop
endfacet
facet normal 0.0 0.0 1.0
outer loop
vertex 39.697887632343736 3.538766042831261 3.667
vertex 38.132244651659235 2.104010432145291 3.667
vertex 39.40726934165057 2.238843662137711 3.667
endloop
endfacet
facet normal 0.0 0.0 1.0
outer loop
vertex 39.697887632343736 3.538766042831261 3.667
vertex 39.40726934165057 2.238843662137711 3.667
vertex 40.67548132907899 2.427274856324868 3.667
endloop
endfacet
facet normal 0.0 0.0 1.0
outer loop
vertex 39.697887632343736 3.538766042831261 3.667
vertex 40.67548132907899 2.427274856324868 3.667
vertex 41.71318538683384 3.9026161931729124 3.667
endloop
endfacet
facet normal 0.0 0.0 1.0
outer loop
vertex 41.71318538683384 3.9026161931729124 3.667
vertex 40.67548132907899 2.427274856324868 3.667
vertex 41.934628543186555 2.6689694015771535 3.667
endloop
endfacet
facet normal 0.0 0.0 1.0
outer loop
vertex 41.71318538683384 3.9026161931729124 3.667
vertex 41.934628543186555 2.6689694015771535 3.667
vertex 43.69736722762713 4.409404505809339 3.667
endloop
endfacet
facet normal 0.0 0.0 1.0
outer loop
vertex 43.69736722762713 4.409404505809339 3.667
vertex 41.934628543186555 2.6689694015771535 3.667
vertex 43.182475010296756 2.9634981005499133 3.667
endloop
endfacet
facet normal 0.0 0.0 1.0
outer loop
vertex 43.69736722762713 4.409404505809339 3.667
vertex 43.182475010296756 2.9634981005499133 3.667
vertex 44.41680482442217 3.310337933845284 3.667
endloop
endfacet
facet normal 0.0 0.0 1.0
outer loop
vertex 43.69736722762713 4.409404505809339 3.667
vertex 44.41680482442217 3.310337933845284 3.667
vertex 45.64030858644108 5.056545021747143 3.667
endloop
endfacet
facet normal 0.0 0.0 1.0
outer loop
vertex 45.64030858644108 5.056545021747143 3.667
vertex 44.41680482442217 3.310337933845284 3.667
vertex 45.6354260822325 3.708872988781764 3.667
endloop
endfacet
facet normal 0.0 0.0 1.0
outer loop
vertex 45.64030858644108 5.056545021747143 3.667
vertex 45.6354260822325 3.708872988781764 3.667
vertex 46.83617477540077 4.158395553122185 3.667
endloop
endfacet
facet normal 0.0 0.0 1.0
outer loop
vertex 45.64030858644108 5.056545021747143 3.667
vertex 46.83617477540077 4.158395553122185 3.667
vertex 47.532095330382084 5.840735615038591 3.667
endloop
endfacet
facet normal 0.0 0.0 1.0
outer loop
vertex 47.532095330382084 5.840735615038591 3.667
vertex 46.83617477540077 4.158395553122185 3.667
vertex 48.01691863342234 4.658107371817907 3.667
endloop
endfacet
facet normal 0.0 0.0 1.0
outer loop
vertex 47.532095330382084 5.840735615038591 3.667
vertex 48.01691863342234 4.658107371817907 3.667
vertex 48.78206203018463 6.4653104817593015 3.667
endloop
endfacet
facet normal 0.0 0.0 1.0
outer loop
vertex 48.78206203018463 6.4653104817593015 3.667
vertex 48.01691863342234 4.658107371817907 3.667
vertex 49.17556091005669 5.207121064537456 3.667
endloop
endfacet
facet normal 0.0 0.0 1.0
outer loop
vertex 48.78206203018463 6.4653104817593015 3.667
vertex 49.17556091005669 5.207121064537456 3.667
vertex 49.98571147885261 7.1750558723575715 3.667
endloop
endfacet
facet normal 0.0 0.0 1.0
outer loop
vertex 49.98571147885261 7.1750558723575715 3.667
vertex 49.17556091005669 5.207121064537456 3.667
vertex 50.31004410670476 5.804461701462513 3.667
endloop
endfacet
facet normal 0.0 0.0 1.0
outer loop
vertex 49.98571147885261 7.1750558723575715 3.667
vertex 50.31004410670476 5.804461701462513 3.667
vertex 51.13724935708935 7.966555101504432 3.667
endloop
endfacet
facet normal 0.0 0.0 1.0
outer loop
vertex 51.13724935708935 7.966555101504432 3.667
vertex 50.31004410670476 5.804461701462513 3.667
vertex 50.93529337288997 6.1677614185216605 3.667
endloop
endfacet
facet normal 0.0 0.0 1.0
outer loop
vertex 51.13724935708935 7.966555101504432 3.667
vertex 50.93529337288997 6.1677614185216605 3.667
vertex 51.54500991262016 6.556566087294565 3.667
endloop
endfacet
facet normal 0.0 0.0 1.0
outer loop
vertex 51.13724935708935 7.966555101504432 3.667
vertex 51.54500991262016 6.556566087294565 3.667
vertex 52.231132208571076 8.835997924230439 3.667
endloop
endfacet
facet normal 0.0 0.0 1.0
outer loop
vertex 52.231132208571076 8.835997924230439 3.667
vertex 51.54500991262016 6.556566087294565 3.667
vertex 52.13815394479902 6.970212659104766 3.667
endloop
endfacet
facet normal 0.0 0.0 1.0
outer loop
vertex 52.231132208571076 8.835997924230439 3.667
vertex 52.13815394479902 6.970212659104766 3.667
vertex 52.71371395028403 7.407995721095934 3.667
endloop
endfacet
facet normal 0.0 0.0 1.0
outer loop
vertex 52.231132208571076 8.835997924230439 3.667
vertex 52.71371395028403 7.407995721095934 3.667
vertex 53.262094125916484 9.779198878289364 3.667
endloop
endfacet
facet normal 0.0 0.0 1.0
outer loop
vertex 53.262094125916484 9.779198878289364 3.667
vertex 52.71371395028403 7.407995721095934 3.667
vertex 53.270708396880416 7.86916869920879 3.667
endloop
endfacet
facet normal 0.0 0.0 1.0
outer loop
vertex 53.262094125916484 9.779198878289364 3.667
vertex 53.270708396880416 7.86916869920879 3.667
vertex 54.22517210055451 10.791617432802541 3.667
endloop
endfacet
facet normal 0.0 0.0 1.0
outer loop
vertex 54.22517210055451 10.791617432802541 3.667
vertex 53.270708396880416 7.86916869920879 3.667
vertex 53.808187413198944 8.352945131352449 3.667
endloop
endfacet
facet normal 0.0 0.0 1.0
outer loop
vertex 54.22517210055451 10.791617432802541 3.667
vertex 53.808187413198944 8.352945131352449 3.667
vertex 54.32523440852205 8.858500008598783 3.667
endloop
endfacet
facet normal 0.0 0.0 1.0
outer loop
vertex 54.22517210055451 10.791617432802541 3.667
vertex 54.32523440852205 8.858500008598783 3.667
vertex 55.11572991444008 11.86837984618912 3.667
endloop
endfacet
facet normal 0.0 0.0 1.0
outer loop
vertex 55.11572991444008 11.86837984618912 3.667
vertex 54.32523440852205 8.858500008598783 3.667
vertex 54.82096763591217 9.384971182112778 3.667
endloop
endfacet
facet normal 0.0 0.0 1.0
outer loop
vertex 55.11572991444008 11.86837984618912 3.667
vertex 54.82096763591217 9.384971182112778 3.667
vertex 55.29454169590073 9.931460833419445 3.667
endloop
endfacet
facet normal 0.0 0.0 1.0
outer loop
vertex 55.11572991444008 11.86837984618912 3.667
vertex 55.29454169590073 9.931460833419445 3.667
vertex 55.92948045862126 13.004302628159015 3.667
endloop
endfacet
facet normal 0.0 0.0 1.0
outer loop
vertex 55.92948045862126 13.004302628159015 3.667
vertex 55.29454169590073 9.931460833419445 3.667
vertex 55.74514897819354 10.497037005499998 3.667
endloop
endfacet
facet normal 0.0 0.0 1.0
outer loop
vertex 55.92948045862126 13.004302628159015 3.667
vertex 55.74514897819354 10.497037005499998 3.667
vertex 56.1720210389239 11.080735192106316 3.667
endloop
endfacet
facet normal 0.0 0.0 1.0
outer loop
vertex 55.92948045862126 13.004302628159015 3.667
vertex 56.1720210389239 11.080735192106316 3.667
vertex 56.66250637120882 14.193917492823502 3.667
endloop
endfacet
facet normal 0.0 0.0 1.0
outer loop
vertex 56.66250637120882 14.193917492823502 3.667
vertex 56.1720210389239 11.080735192106316 3.667
vertex 56.574429911127844 11.681559982583234 3.667
endloop
endfacet
facet normal 0.0 0.0 1.0
outer loop
vertex 56.66250637120882 14.193917492823502 3.667
vertex 56.574429911127844 11.681559982583234 3.667
vertex 57.64047413674341 13.425302220152211 3.667
endloop
endfacet
facet normal 0.0 0.0 1.0
outer loop
vertex 56.66250637120882 14.193917492823502 3.667
vertex 57.64047413674341 13.425302220152211 3.667
vertex 57.311278895388924 15.431497682800194 3.667
endloop
endfacet
facet normal 0.0 0.0 1.0
outer loop
vertex 57.311278895388924 15.431497682800194 3.667
vertex 57.64047413674341 13.425302220152211 3.667
vertex 57.87267486672429 16.711085537589245 3.667
endloop
endfacet
facet normal 0.0 0.0 1.0
outer loop
vertex 57.87267486672429 16.711085537589245 3.667
vertex 57.64047413674341 13.425302220152211 3.667
vertex 58.633199559868935 15.211802574568734 3.667
endloop
endfacet
facet normal 0.0 0.0 1.0
outer loop
vertex 57.87267486672429 16.711085537589245 3.667
vertex 58.633199559868935 15.211802574568734 3.667
vertex 58.34399174793103 18.026521173507746 3.667
endloop
endfacet
facet normal 0.0 0.0 1.0
outer loop
vertex 58.34399174793103 18.026521173507746 3.667
vertex 58.633199559868935 15.211802574568734 3.667
vertex 58.7625656523913 19.128506037347872 3.667
endloop
endfacet
facet normal 0.0 0.0 1.0
outer loop
vertex 58.7625656523913 19.128506037347872 3.667
vertex 58.633199559868935 15.211802574568734 3.667
vertex 59.55089410279952 17.037980005139197 3.667
endloop
endfacet
facet normal 0.0 0.0 1.0
outer loop
vertex 58.7625656523913 19.128506037347872 3.667
vertex 59.55089410279952 17.037980005139197 3.667
vertex 59.14943988878901 20.24201539017799 3.667
endloop
endfacet
facet normal 0.0 0.0 1.0
outer loop
vertex 59.14943988878901 20.24201539017799 3.667
vertex 59.55089410279952 17.037980005139197 3.667
vertex 59.504297712619895 21.36613757147963 3.667
endloop
endfacet
facet normal 0.0 0.0 1.0
outer loop
vertex 59.504297712619895 21.36613757147963 3.667
vertex 59.55089410279952 17.037980005139197 3.667
vertex 59.82684859209286 22.499952231721796 3.667
endloop
endfacet
facet normal 0.0 0.0 1.0
outer loop
vertex 59.82684859209286 22.499952231721796 3.667
vertex 59.55089410279952 17.037980005139197 3.667
vertex 60.39197508785871 18.900685043147615 3.667
endloop
endfacet
facet normal 0.0 0.0 1.0
outer loop
vertex 59.82684859209286 22.499952231721796 3.667
vertex 60.39197508785871 18.900685043147615 3.667
vertex 60.11682844599219 23.642531085876232 3.667
endloop
endfacet
facet normal 0.0 0.0 1.0
outer loop
vertex 60.11682844599219 23.642531085876232 3.667
vertex 60.39197508785871 18.900685043147615 3.667
vertex 60.373999859892926 24.792938673429827 3.667
endloop
endfacet
facet normal 0.0 0.0 1.0
outer loop
vertex 60.373999859892926 24.792938673429827 3.667
vertex 60.39197508785871 18.900685043147615 3.667
vertex 60.59815228053423 25.950233124271605 3.667
endloop
endfacet
facet normal 0.0 0.0 1.0
outer loop
vertex 60.59815228053423 25.950233124271605 3.667
vertex 60.39197508785871 18.900685043147615 3.667
vertex 61.1549919669203 20.79670522350375 3.667
endloop
endfacet
facet normal 0.0 0.0 1.0
outer loop
vertex 60.59815228053423 25.950233124271605 3.667
vertex 61.1549919669203 20.79670522350375 3.667
vertex 60.78910218820739 27.113466929827464 3.667
endloop
endfacet
facet normal 0.0 0.0 1.0
outer loop
vertex 60.78910218820739 27.113466929827464 3.667
vertex 61.1549919669203 20.79670522350375 3.667
vertex 60.82120445831371 27.35144070573368 3.667
endloop
endfacet
facet normal 0.0 0.0 1.0
outer loop
vertex 60.82120445831371 27.35144070573368 3.667
vertex 61.1549919669203 20.79670522350375 3.667
vertex 60.94669324700878 28.281687718811504 3.667
endloop
endfacet
facet normal 0.0 0.0 1.0
outer loop
vertex 60.94669324700878 28.281687718811504 3.667
vertex 61.1549919669203 20.79670522350375 3.667
vertex 61.07079643283298 29.453939036958182 3.667
endloop
endfacet
facet normal 0.0 0.0 1.0
outer loop
vertex 61.07079643283298 29.453939036958182 3.667
vertex 61.1549919669203 20.79670522350375 3.667
vertex 61.16131013901444 30.62926113009772 3.667
endloop
endfacet
facet normal 0.0 0.0 1.0
outer loop
vertex 61.16131013901444 30.62926113009772 3.667
vertex 61.1549919669203 20.79670522350375 3.667
vertex 61.83862882305783 22.72277062503622 3.667
endloop
endfacet
facet normal 0.0 0.0 1.0
outer loop
vertex 61.16131013901444 30.62926113009772 3.667
vertex 61.83862882305783 22.72277062503622 3.667
vertex 61.218160259507634 31.806691729932957 3.667
endloop
endfacet
facet normal 0.0 0.0 1.0
outer loop
vertex 79.7070080330801 20.79670522350375 3.667
vertex 79.64383974049257 31.806691729932957 3.667
vertex 79.02337117694262 22.72277062503622 3.667
endloop
endfacet
facet normal 0.0 0.0 1.0
outer loop
vertex 79.64383974049257 31.806691729932957 3.667
vertex 79.7070080330801 20.79670522350375 3.667
vertex 79.70068986098624 30.62926113009772 3.667
endloop
endfacet
facet normal 0.0 0.0 1.0
outer loop
vertex 79.70068986098624 30.62926113009772 3.667
vertex 79.7070080330801 20.79670522350375 3.667
vertex 79.7912035671671 29.453939036958182 3.667
endloop
endfacet
facet normal 0.0 0.0 1.0
outer loop
vertex 79.7912035671671 29.453939036958182 3.667
vertex 79.7070080330801 20.79670522350375 3.667
vertex 80.47002491214127 18.900685043147615 3.667
endloop
endfacet
facet normal 0.0 0.0 1.0
outer loop
vertex 79.7912035671671 29.453939036958182 3.667
vertex 80.47002491214127 18.900685043147615 3.667
vertex 79.91530675299182 28.281687718811504 3.667
endloop
endfacet
facet normal 0.0 0.0 1.0
outer loop
vertex 79.91530675299182 28.281687718811504 3.667
vertex 80.47002491214127 18.900685043147615 3.667
vertex 80.04079554168638 27.35144070573368 3.667
endloop
endfacet
facet normal 0.0 0.0 1.0
outer loop
vertex 80.04079554168638 27.35144070573368 3.667
vertex 80.47002491214127 18.900685043147615 3.667
vertex 80.07289781179283 27.113466929827474 3.667
endloop
endfacet
facet normal 0.0 0.0 1.0
outer loop
vertex 80.07289781179283 27.113466929827474 3.667
vertex 80.47002491214127 18.900685043147615 3.667
vertex 80.26384771946621 25.950233124271595 3.667
endloop
endfacet
facet normal 0.0 0.0 1.0
outer loop
vertex 80.26384771946621 25.950233124271595 3.667
vertex 80.47002491214127 18.900685043147615 3.667
vertex 80.48800014010749 24.792938673429838 3.667
endloop
endfacet
facet normal 0.0 0.0 1.0
outer loop
vertex 80.48800014010749 24.792938673429838 3.667
vertex 80.47002491214127 18.900685043147615 3.667
vertex 81.3111058972004 17.037980005139197 3.667
endloop
endfacet
facet normal 0.0 0.0 1.0
outer loop
vertex 80.48800014010749 24.792938673429838 3.667
vertex 81.3111058972004 17.037980005139197 3.667
vertex 80.745171554008 23.642531085876232 3.667
endloop
endfacet
facet normal 0.0 0.0 1.0
outer loop
vertex 80.745171554008 23.642531085876232 3.667
vertex 81.3111058972004 17.037980005139197 3.667
vertex 81.03515140790755 22.499952231721796 3.667
endloop
endfacet
facet normal 0.0 0.0 1.0
outer loop
vertex 81.03515140790755 22.499952231721796 3.667
vertex 81.3111058972004 17.037980005139197 3.667
vertex 81.35770228738 21.36613757147963 3.667
endloop
endfacet
facet normal 0.0 0.0 1.0
outer loop
vertex 81.35770228738 21.36613757147963 3.667
vertex 81.3111058972004 17.037980005139197 3.667
vertex 82.22880044013121 15.211802574568734 3.667
endloop
endfacet
facet normal 0.0 0.0 1.0
outer loop
vertex 81.35770228738 21.36613757147963 3.667
vertex 82.22880044013121 15.211802574568734 3.667
vertex 81.71256011121108 20.242015390177986 3.667
endloop
endfacet
facet normal 0.0 0.0 1.0
outer loop
vertex 81.71256011121108 20.242015390177986 3.667
vertex 82.22880044013121 15.211802574568734 3.667
vertex 82.09943434760879 19.128506037347872 3.667
endloop
endfacet
facet normal 0.0 0.0 1.0
outer loop
vertex 82.09943434760879 19.128506037347872 3.667
vertex 82.22880044013121 15.211802574568734 3.667
vertex 82.51800825206982 18.02652117350775 3.667
endloop
endfacet
facet normal 0.0 0.0 1.0
outer loop
vertex 82.51800825206982 18.02652117350775 3.667
vertex 82.22880044013121 15.211802574568734 3.667
vertex 83.2215258632567 13.425302220152211 3.667
endloop
endfacet
facet normal 0.0 0.0 1.0
outer loop
vertex 82.51800825206982 18.02652117350775 3.667
vertex 83.2215258632567 13.425302220152211 3.667
vertex 82.98932513327635 16.711085537589245 3.667
endloop
endfacet
facet normal 0.0 0.0 1.0
outer loop
vertex 82.98932513327635 16.711085537589245 3.667
vertex 83.2215258632567 13.425302220152211 3.667
vertex 83.55072110461111 15.431497682800192 3.667
endloop
endfacet
facet normal 0.0 0.0 1.0
outer loop
vertex 83.55072110461111 15.431497682800192 3.667
vertex 83.2215258632567 13.425302220152211 3.667
vertex 84.28757008887207 11.681559982583234 3.667
endloop
endfacet
facet normal 0.0 0.0 1.0
outer loop
vertex 83.55072110461111 15.431497682800192 3.667
vertex 84.28757008887207 11.681559982583234 3.667
vertex 84.19949362879181 14.193917492823498 3.667
endloop
endfacet
facet normal 0.0 0.0 1.0
outer loop
vertex 84.19949362879181 14.193917492823498 3.667
vertex 84.28757008887207 11.681559982583234 3.667
vertex 84.93251954137874 13.004302628159015 3.667
endloop
endfacet
facet normal 0.0 0.0 1.0
outer loop
vertex 84.93251954137874 13.004302628159015 3.667
vertex 84.28757008887207 11.681559982583234 3.667
vertex 84.68997896107602 11.080735192106317 3.667
endloop
endfacet
facet normal 0.0 0.0 1.0
outer loop
vertex 84.93251954137874 13.004302628159015 3.667
vertex 84.68997896107602 11.080735192106317 3.667
vertex 85.11685102180685 10.497037005499996 3.667
endloop
endfacet
facet normal 0.0 0.0 1.0
outer loop
vertex 84.93251954137874 13.004302628159015 3.667
vertex 85.11685102180685 10.497037005499996 3.667
vertex 85.74627008556062 11.868379846189121 3.667
endloop
endfacet
facet normal 0.0 0.0 1.0
outer loop
vertex 85.74627008556062 11.868379846189121 3.667
vertex 85.11685102180685 10.497037005499996 3.667
vertex 85.56745830409909 9.931460833419443 3.667
endloop
endfacet
facet normal 0.0 0.0 1.0
outer loop
vertex 85.74627008556062 11.868379846189121 3.667
vertex 85.56745830409909 9.931460833419443 3.667
vertex 86.04103236408844 9.38497118211278 3.667
endloop
endfacet
facet normal 0.0 0.0 1.0
outer loop
vertex 85.74627008556062 11.868379846189121 3.667
vertex 86.04103236408844 9.38497118211278 3.667
vertex 86.6368278994461 10.791617432802543 3.667
endloop
endfacet
facet normal 0.0 0.0 1.0
outer loop
vertex 86.6368278994461 10.791617432802543 3.667
vertex 86.04103236408844 9.38497118211278 3.667
vertex 86.53676559147885 8.858500008598785 3.667
endloop
endfacet
facet normal 0.0 0.0 1.0
outer loop
vertex 86.6368278994461 10.791617432802543 3.667
vertex 86.53676559147885 8.858500008598785 3.667
vertex 87.05381258680184 8.352945131352447 3.667
endloop
endfacet
facet normal 0.0 0.0 1.0
outer loop
vertex 86.6368278994461 10.791617432802543 3.667
vertex 87.05381258680184 8.352945131352447 3.667
vertex 87.59990587408367 9.779198878289364 3.667
endloop
endfacet
facet normal 0.0 0.0 1.0
outer loop
vertex 87.59990587408367 9.779198878289364 3.667
vertex 87.05381258680184 8.352945131352447 3.667
vertex 87.5912916031201 7.86916869920879 3.667
endloop
endfacet
facet normal 0.0 0.0 1.0
outer loop
vertex 87.59990587408367 9.779198878289364 3.667
vertex 87.5912916031201 7.86916869920879 3.667
vertex 88.14828604971594 7.407995721095934 3.667
endloop
endfacet
facet normal 0.0 0.0 1.0
outer loop
vertex 87.59990587408367 9.779198878289364 3.667
vertex 88.14828604971594 7.407995721095934 3.667
vertex 88.63086779142925 8.835997924230439 3.667
endloop
endfacet
facet normal 0.0 0.0 1.0
outer loop
vertex 88.63086779142925 8.835997924230439 3.667
vertex 88.14828604971594 7.407995721095934 3.667
vertex 88.7238460552008 6.970212659104766 3.667
endloop
endfacet
facet normal 0.0 0.0 1.0
outer loop
vertex 88.63086779142925 8.835997924230439 3.667
vertex 88.7238460552008 6.970212659104766 3.667
vertex 89.72475064291054 7.966555101504432 3.667
endloop
endfacet
facet normal 0.0 0.0 1.0
outer loop
vertex 89.72475064291054 7.966555101504432 3.667
vertex 88.7238460552008 6.970212659104766 3.667
vertex 89.31699008737993 6.556566087294563 3.667
endloop
endfacet
facet normal 0.0 0.0 1.0
outer loop
vertex 89.72475064291054 7.966555101504432 3.667
vertex 89.31699008737993 6.556566087294563 3.667
vertex 89.9267066271101 6.1677614185216605 3.667
endloop
endfacet
facet normal 0.0 0.0 1.0
outer loop
vertex 89.72475064291054 7.966555101504432 3.667
vertex 89.9267066271101 6.1677614185216605 3.667
vertex 90.87628852114752 7.175055872357573 3.667
endloop
endfacet
facet normal 0.0 0.0 1.0
outer loop
vertex 90.87628852114752 7.175055872357573 3.667
vertex 89.9267066271101 6.1677614185216605 3.667
vertex 90.55195589329506 5.804461701462513 3.667
endloop
endfacet
facet normal 0.0 0.0 1.0
outer loop
vertex 90.87628852114752 7.175055872357573 3.667
vertex 90.55195589329506 5.804461701462513 3.667
vertex 91.68643908994316 5.207121064537456 3.667
endloop
endfacet
facet normal 0.0 0.0 1.0
outer loop
vertex 90.87628852114752 7.175055872357573 3.667
vertex 91.68643908994316 5.207121064537456 3.667
vertex 92.07993796981563 6.465310481759304 3.667
endloop
endfacet
facet normal 0.0 0.0 1.0
outer loop
vertex 92.07993796981563 6.465310481759304 3.667
vertex 91.68643908994316 5.207121064537456 3.667
vertex 92.8450813665779 4.658107371817907 3.667
endloop
endfacet
facet normal 0.0 0.0 1.0
outer loop
vertex 92.07993796981563 6.465310481759304 3.667
vertex 92.8450813665779 4.658107371817907 3.667
vertex 93.3299046696182 5.840735615038591 3.667
endloop
endfacet
facet normal 0.0 0.0 1.0
outer loop
vertex 93.3299046696182 5.840735615038591 3.667
vertex 92.8450813665779 4.658107371817907 3.667
vertex 94.02582522459907 4.158395553122185 3.667
endloop
endfacet
facet normal 0.0 0.0 1.0
outer loop
vertex 93.3299046696182 5.840735615038591 3.667
vertex 94.02582522459907 4.158395553122185 3.667
vertex 95.22169141355918 5.056545021747143 3.667
endloop
endfacet
facet normal 0.0 0.0 1.0
outer loop
vertex 95.22169141355918 5.056545021747143 3.667
vertex 94.02582522459907 4.158395553122185 3.667
vertex 95.22657391776836 3.708872988781764 3.667
endloop
endfacet
facet normal 0.0 0.0 1.0
outer loop
vertex 95.22169141355918 5.056545021747143 3.667
vertex 95.22657391776836 3.708872988781764 3.667
vertex 97.16463277237304 4.409404505809339 3.667
endloop
endfacet
facet normal 0.0 0.0 1.0
outer loop
vertex 97.16463277237304 4.409404505809339 3.667
vertex 95.22657391776836 3.708872988781764 3.667
vertex 96.44519517557804 3.310337933845284 3.667
endloop
endfacet
facet normal 0.0 0.0 1.0
outer loop
vertex 97.16463277237304 4.409404505809339 3.667
vertex 96.44519517557804 3.310337933845284 3.667
vertex 97.67952498970331 2.9634981005499133 3.667
endloop
endfacet
facet normal 0.0 0.0 1.0
outer loop
vertex 97.16463277237304 4.409404505809339 3.667
vertex 97.67952498970331 2.9634981005499133 3.667
vertex 99.14881461316604 3.9026161931729124 3.667
endloop
endfacet
facet normal 0.0 0.0 1.0
outer loop
vertex 99.14881461316604 3.9026161931729124 3.667
vertex 97.67952498970331 2.9634981005499133 3.667
vertex 98.92737145681387 2.6689694015771535 3.667
endloop
endfacet
facet normal 0.0 0.0 1.0
outer loop
vertex 99.14881461316604 3.9026161931729124 3.667
vertex 98.92737145681387 2.6689694015771535 3.667
vertex 100.18651867092119 2.427274856324868 3.667
endloop
endfacet
facet normal 0.0 0.0 1.0
outer loop
vertex 99.14881461316604 3.9026161931729124 3.667
vertex 100.18651867092119 2.427274856324868 3.667
vertex 101.16411236765644 3.538766042831261 3.667
endloop
endfacet
facet normal 0.0 0.0 1.0
outer loop
vertex 101.16411236765644 3.538766042831261 3.667
vertex 100.18651867092119 2.427274856324868 3.667
vertex 101.45473065834922 2.238843662137711 3.667
endloop
endfacet
facet normal 0.0 0.0 1.0
outer loop
vertex 101.16411236765644 3.538766042831261 3.667
vertex 101.45473065834922 2.238843662137711 3.667
vertex 103.20024269421498 3.3197106516021417 3.667
endloop
endfacet
facet normal 0.0 0.0 1.0
outer loop
vertex 103.20024269421498 3.3197106516021417 3.667
vertex 101.45473065834922 2.238843662137711 3.667
vertex 102.72975534834102 2.104010432145291 3.667
endloop
endfacet
facet normal 0.0 0.0 1.0
outer loop
vertex 103.20024269421498 3.3197106516021417 3.667
vertex 102.72975534834102 2.104010432145291 3.667
vertex 104.00932857225054 2.0230146010614805 3.667
endloop
endfacet
facet normal 0.0 0.0 1.0
outer loop
vertex 103.20024269421498 3.3197106516021417 3.667
vertex 104.00932857225054 2.0230146010614805 3.667
vertex 105.24681595006886 3.2465677805800297 3.667
endloop
endfacet
facet normal 0.0 0.0 1.0
outer loop
vertex 105.24681595006886 3.2465677805800297 3.667
vertex 104.00932857225054 2.0230146010614805 3.667
vertex 105.29117808421688 1.9960000000000013 3.667
endloop
endfacet
facet normal 0.0 0.0 1.0
outer loop
vertex 105.24681595006886 3.2465677805800297 3.667
vertex 105.29117808421688 1.9960000000000013 3.667
vertex 107.2933892059227 3.3197106516021417 3.667
endloop
endfacet
facet normal 0.0 0.0 1.0
outer loop
vertex 107.2933892059227 3.3197106516021417 3.667
vertex 105.29117808421688 1.9960000000000013 3.667
vertex 107.07085149432628 2.0515521785218547 3.667
endloop
endfacet
facet normal 0.0 0.0 1.0
outer loop
vertex 107.2933892059227 3.3197106516021417 3.667
vertex 107.07085149432628 2.0515521785218547 3.667
vertex 108.84359545206547 2.217992412504815 3.667
endloop
endfacet
facet normal 0.0 0.0 1.0
outer loop
vertex 107.2933892059227 3.3197106516021417 3.667
vertex 108.84359545206547 2.217992412504815 3.667
vertex 109.3295195324812 3.538766042831261 3.667
endloop
endfacet
facet normal 0.0 0.0 1.0
outer loop
vertex 109.3295195324812 3.538766042831261 3.667
vertex 108.84359545206547 2.217992412504815 3.667
vertex 110.60250748603147 2.494672639406996 3.667
endloop
endfacet
facet normal 0.0 0.0 1.0
outer loop
vertex 109.3295195324812 3.538766042831261 3.667
vertex 110.60250748603147 2.494672639406996 3.667
vertex 111.34481728697158 3.902616193172908 3.667
endloop
endfacet
facet normal 0.0 0.0 1.0
outer loop
vertex 111.34481728697158 3.902616193172908 3.667
vertex 110.60250748603147 2.494672639406996 3.667
vertex 112.3407389817012 2.880515559065775 3.667
endloop
endfacet
facet normal 0.0 0.0 1.0
outer loop
vertex 111.34481728697158 3.902616193172908 3.667
vertex 112.3407389817012 2.880515559065775 3.667
vertex 113.32899912776458 4.409404505809329 3.667
endloop
endfacet
facet normal 0.0 0.0 1.0
outer loop
vertex 113.32899912776458 4.409404505809329 3.667
vertex 112.3407389817012 2.880515559065775 3.667
vertex 114.05152184764327 3.3740188283439356 3.667
endloop
endfacet
facet normal 0.0 0.0 1.0
outer loop
vertex 113.32899912776458 4.409404505809329 3.667
vertex 114.05152184764327 3.3740188283439356 3.667
vertex 115.2719404865784 5.056545021747143 3.667
endloop
endfacet
facet normal 0.0 0.0 1.0
outer loop
vertex 115.2719404865784 5.056545021747143 3.667
vertex 114.05152184764327 3.3740188283439356 3.667
vertex 115.72819486819962 3.9732609107507937 3.667
endloop
endfacet
facet normal 0.0 0.0 1.0
outer loop
vertex 115.2719404865784 5.056545021747143 3.667
vertex 115.72819486819962 3.9732609107507937 3.667
vertex 117.1637272305194 5.840735615038588 3.667
endloop
endfacet
facet normal 0.0 0.0 1.0
outer loop
vertex 117.1637272305194 5.840735615038588 3.667
vertex 115.72819486819962 3.9732609107507937 3.667
vertex 117.36422964002944 4.675908558261906 3.667
endloop
endfacet
facet normal 0.0 0.0 1.0
outer loop
vertex 117.1637272305194 5.840735615038588 3.667
vertex 117.36422964002944 4.675908558261906 3.667
vertex 117.94380712204855 6.21641740081163 3.667
endloop
endfacet
facet normal 0.0 0.0 1.0
outer loop
vertex 117.94380712204855 6.21641740081163 3.667
vertex 117.36422964002944 4.675908558261906 3.667
vertex 118.9532559915252 5.479225896205634 3.667
endloop
endfacet
facet normal 0.0 0.0 1.0
outer loop
vertex 117.94380712204855 6.21641740081163 3.667
vertex 118.9532559915252 5.479225896205634 3.667
vertex 118.70813659780954 6.623187475685381 3.667
endloop
endfacet
facet normal 0.0 0.0 1.0
outer loop
vertex 118.70813659780954 6.623187475685381 3.667
vertex 118.9532559915252 5.479225896205634 3.667
vertex 119.45547733620062 7.0603868147411655 3.667
endloop
endfacet
facet normal 0.0 0.0 1.0
outer loop
vertex 119.45547733620062 7.0603868147411655 3.667
vertex 118.9532559915252 5.479225896205634 3.667
vertex 120.48908678612857 6.380085075843067 3.667
endloop
endfacet
facet normal 0.0 0.0 1.0
outer loop
vertex 119.45547733620062 7.0603868147411655 3.667
vertex 120.48908678612857 6.380085075843067 3.667
vertex 120.18461853977206 7.527307093358622 3.667
endloop
endfacet
facet normal 0.0 0.0 1.0
outer loop
vertex 120.18461853977206 7.527307093358622 3.667
vertex 120.48908678612857 6.380085075843067 3.667
vertex 120.8943788968884 8.02319183480151 3.667
endloop
endfacet
facet normal 0.0 0.0 1.0
outer loop
vertex 120.8943788968884 8.02319183480151 3.667
vertex 120.48908678612857 6.380085075843067 3.667
vertex 121.96574201296822 7.37497845316372 3.667
endloop
endfacet
facet normal 0.0 0.0 1.0
outer loop
vertex 120.8943788968884 8.02319183480151 3.667
vertex 121.96574201296822 7.37497845316372 3.667
vertex 121.58360849562027 8.547237635816769 3.667
endloop
endfacet
facet normal 0.0 0.0 1.0
outer loop
vertex 121.58360849562027 8.547237635816769 3.667
vertex 121.96574201296822 7.37497845316372 3.667
vertex 122.25119068676379 9.098595468261177 3.667
endloop
endfacet
facet normal 0.0 0.0 1.0
outer loop
vertex 122.25119068676379 9.098595468261177 3.667
vertex 121.96574201296822 7.37497845316372 3.667
vertex 123.37747207101957 8.46003224647682 3.667
endloop
endfacet
facet normal 0.0 0.0 1.0
outer loop
vertex 122.25119068676379 9.098595468261177 3.667
vertex 123.37747207101957 8.46003224647682 3.667
vertex 122.89604389296996 9.676372054646711 3.667
endloop
endfacet
facet normal 0.0 0.0 1.0
outer loop
vertex 122.89604389296996 9.676372054646711 3.667
vertex 123.37747207101957 8.46003224647682 3.667
vertex 123.5171233610527 10.27963131537615 3.667
endloop
endfacet
facet normal 0.0 0.0 1.0
outer loop
vertex 123.5171233610527 10.27963131537615 3.667
vertex 123.37747207101957 8.46003224647682 3.667
vertex 124.71878015612702 9.631021619620167 3.667
endloop
endfacet
facet normal 0.0 0.0 1.0
outer loop
vertex 123.5171233610527 10.27963131537615 3.667
vertex 124.71878015612702 9.631021619620167 3.667
vertex 124.11342285463614 10.907395885324092 3.667
endloop
endfacet
facet normal 0.0 0.0 1.0
outer loop
vertex 124.11342285463614 10.907395885324092 3.667
vertex 124.71878015612702 9.631021619620167 3.667
vertex 124.68397628439972 11.558648697306374 3.667
endloop
endfacet
facet normal 0.0 0.0 1.0
outer loop
vertex 124.68397628439972 11.558648697306374 3.667
vertex 124.71878015612702 9.631021619620167 3.667
vertex 125.22785927327915 12.232334629872431 3.667
endloop
endfacet
facet normal 0.0 0.0 1.0
outer loop
vertex 125.22785927327915 12.232334629872431 3.667
vertex 124.71878015612702 9.631021619620167 3.667
vertex 125.76122630943705 10.650162639387128 3.667
endloop
endfacet
facet normal 0.0 0.0 1.0
outer loop
vertex 125.22785927327915 12.232334629872431 3.667
vertex 125.76122630943705 10.650162639387128 3.667
vertex 126.40932460409464 13.85051048706477 3.667
endloop
endfacet
facet normal 0.0 0.0 1.0
outer loop
vertex 126.40932460409464 13.85051048706477 3.667
vertex 125.76122630943705 10.650162639387128 3.667
vertex 126.75104481918969 11.720490494987263 3.667
endloop
endfacet
facet normal 0.0 0.0 1.0
outer loop
vertex 126.40932460409464 13.85051048706477 3.667
vertex 126.75104481918969 11.720490494987263 3.667
vertex 127.49699801161249 15.533163152143835 3.667
endloop
endfacet
facet normal 0.0 0.0 1.0
outer loop
vertex 127.49699801161249 15.533163152143835 3.667
vertex 126.75104481918969 11.720490494987263 3.667
vertex 127.6857255556158 12.839290889014904 3.667
endloop
endfacet
facet normal 0.0 0.0 1.0
outer loop
vertex 127.49699801161249 15.533163152143835 3.667
vertex 127.6857255556158 12.839290889014904 3.667
vertex 128.4873696102962 17.274862761502398 3.667
endloop
endfacet
facet normal 0.0 0.0 1.0
outer loop
vertex 128.4873696102962 17.274862761502398 3.667
vertex 127.6857255556158 12.839290889014904 3.667
vertex 128.5628982155558 14.00372660015414 3.667
endloop
endfacet
facet normal 0.0 0.0 1.0
outer loop
vertex 128.4873696102962 17.274862761502398 3.667
vertex 128.5628982155558 14.00372660015414 3.667
vertex 129.37724350427686 19.069988909028226 3.667
endloop
endfacet
facet normal 0.0 0.0 1.0
outer loop
vertex 129.37724350427686 19.069988909028226 3.667
vertex 128.5628982155558 14.00372660015414 3.667
vertex 129.38033833342863 15.210844678228757 3.667
endloop
endfacet
facet normal 0.0 0.0 1.0
outer loop
vertex 129.37724350427686 19.069988909028226 3.667
vertex 129.38033833342863 15.210844678228757 3.667
vertex 130.16374810040134 20.91274878296574 3.667
endloop
endfacet
facet normal 0.0 0.0 1.0
outer loop
vertex 130.16374810040134 20.91274878296574 3.667
vertex 129.38033833342863 15.210844678228757 3.667
vertex 130.13597292236432 16.457583932734877 3.667
endloop
endfacet
facet normal 0.0 0.0 1.0
outer loop
vertex 130.16374810040134 20.91274878296574 3.667
vertex 130.13597292236432 16.457583932734877 3.667
vertex 130.82788573119404 17.740782695865466 3.667
endloop
endfacet
facet normal 0.0 0.0 1.0
outer loop
vertex 130.16374810040134 20.91274878296574 3.667
vertex 130.82788573119404 17.740782695865466 3.667
vertex 130.84434537476724 22.797195859124905 3.667
endloop
endfacet
facet normal 0.0 0.0 1.0
outer loop
vertex 130.84434537476724 22.797195859124905 3.667
vertex 130.82788573119404 17.740782695865466 3.667
vertex 131.45432210396618 19.057186840340297 3.667
endloop
endfacet
facet normal 0.0 0.0 1.0
outer loop
vertex 130.84434537476724 22.797195859124905 3.667
vertex 131.45432210396618 19.057186840340297 3.667
vertex 131.4168390628407 24.71724909011491 3.667
endloop
endfacet
facet normal 0.0 0.0 1.0
outer loop
vertex 131.4168390628407 24.71724909011491 3.667
vertex 131.45432210396618 19.057186840340297 3.667
vertex 131.8793817467281 26.666712528679838 3.667
endloop
endfacet
facet normal 0.0 0.0 1.0
outer loop
vertex 131.8793817467281 26.666712528679838 3.667
vertex 131.45432210396618 19.057186840340297 3.667
vertex 132.01369342966558 20.40345803170847 3.667
endloop
endfacet
facet normal 0.0 0.0 1.0
outer loop
vertex 131.8793817467281 26.666712528679838 3.667
vertex 132.01369342966558 20.40345803170847 3.667
vertex 132.2304808167315 28.639295321812202 3.667
endloop
endfacet
facet normal 0.0 0.0 1.0
outer loop
vertex 132.2304808167315 28.639295321812202 3.667
vertex 132.01369342966558 20.40345803170847 3.667
vertex 132.50458117085026 21.776182194195986 3.667
endloop
endfacet
facet normal 0.0 0.0 1.0
outer loop
vertex 132.2304808167315 28.639295321812202 3.667
vertex 132.50458117085026 21.776182194195986 3.667
vertex 132.46900328795013 30.628632011124207 3.667
endloop
endfacet
facet normal 0.0 0.0 1.0
outer loop
vertex 132.46900328795013 30.628632011124207 3.667
vertex 132.50458117085026 21.776182194195986 3.667
vertex 132.5941794563847 32.6283030739681 3.667
endloop
endfacet
facet normal 0.0 0.0 1.0
outer loop
vertex 132.5941794563847 32.6283030739681 3.667
vertex 132.50458117085026 21.776182194195986 3.667
vertex 132.92574046099148 23.17187816862962 3.667
endloop
endfacet
facet normal 0.0 0.0 1.0
outer loop
vertex 132.5941794563847 32.6283030739681 3.667
vertex 132.92574046099148 23.17187816862962 3.667
vertex 132.60560538274584 34.63185563901998 3.667
endloop
endfacet
facet normal 0.0 0.0 1.0
outer loop
vertex 0.7259334495810258 42.77181377647501 3.667
vertex 0.7259334495810258 43.57789223248834 3.667
vertex 0.7008698670760009 43.17485300448166 3.667
endloop
endfacet
facet normal 0.0 0.0 1.0
outer loop
vertex 0.7259334495810258 43.57789223248834 3.667
vertex 0.7259334495810258 42.77181377647501 3.667
vertex 0.8007379915109817 42.37498499351326 3.667
endloop
endfacet
facet normal 0.0 0.0 1.0
outer loop
vertex 0.7259334495810258 43.57789223248834 3.667
vertex 0.8007379915109817 42.37498499351326 3.667
vertex 0.8007379915109817 43.97472101545009 3.667
endloop
endfacet
facet normal 0.0 0.0 1.0
outer loop
vertex 0.8007379915109817 43.97472101545009 3.667
vertex 0.8007379915109817 42.37498499351326 3.667
vertex 0.9241308271575035 41.99048140368436 3.667
endloop
endfacet
facet normal 0.0 0.0 1.0
outer loop
vertex 0.8007379915109817 43.97472101545009 3.667
vertex 0.9241308271575035 41.99048140368436 3.667
vertex 0.9241308271575035 44.35922460527899 3.667
endloop
endfacet
facet normal 0.0 0.0 1.0
outer loop
vertex 0.9241308271575035 44.35922460527899 3.667
vertex 0.9241308271575035 41.99048140368436 3.667
vertex 1.0942105921587235 41.62422783575999 3.667
endloop
endfacet
facet normal 0.0 0.0 1.0
outer loop
vertex 0.9241308271575035 44.35922460527899 3.667
vertex 1.0942105921587235 41.62422783575999 3.667
vertex 1.0942105921587235 44.72547817320338 3.667
endloop
endfacet
facet normal 0.0 0.0 1.0
outer loop
vertex 1.0942105921587235 44.72547817320338 3.667
vertex 1.0942105921587235 41.62422783575999 3.667
vertex 1.308356521685103 41.281867903309326 3.667
endloop
endfacet
facet normal 0.0 0.0 1.0
outer loop
vertex 1.0942105921587235 44.72547817320338 3.667
vertex 1.308356521685103 41.281867903309326 3.667
vertex 1.308356521685103 45.06783810565405 3.667
endloop
endfacet
facet normal 0.0 0.0 1.0
outer loop
vertex 1.308356521685103 45.06783810565405 3.667
vertex 1.308356521685103 41.281867903309326 3.667
vertex 1.5632688338920013 40.968677042067426 3.667
endloop
endfacet
facet normal 0.0 0.0 1.0
outer loop
vertex 1.308356521685103 45.06783810565405 3.667
vertex 1.5632688338920013 40.968677042067426 3.667
vertex 1.5632688338920013 45.381028966895926 3.667
endloop
endfacet
facet normal 0.0 0.0 1.0
outer loop
vertex 1.5632688338920013 45.381028966895926 3.667
vertex 1.5632688338920013 40.968677042067426 3.667
vertex 2.043394175760838 40.961037175344124 3.667
endloop
endfacet
facet normal 0.0 0.0 1.0
outer loop
vertex 1.5632688338920013 45.381028966895926 3.667
vertex 2.043394175760838 40.961037175344124 3.667
vertex 3.030994225982206 45.726438945608756 3.667
endloop
endfacet
facet normal 0.0 0.0 1.0
outer loop
vertex 3.030994225982206 45.726438945608756 3.667
vertex 2.043394175760838 40.961037175344124 3.667
vertex 2.518710307243811 40.89282217245355 3.667
endloop
endfacet
facet normal 0.0 0.0 1.0
outer loop
vertex 3.030994225982206 45.726438945608756 3.667
vertex 2.518710307243811 40.89282217245355 3.667
vertex 2.98160554025939 40.765124424943515 3.667
endloop
endfacet
facet normal 0.0 0.0 1.0
outer loop
vertex 3.030994225982206 45.726438945608756 3.667
vertex 2.98160554025939 40.765124424943515 3.667
vertex 3.4246670943540787 40.579988877974856 3.667
endloop
endfacet
facet normal 0.0 0.0 1.0
outer loop
vertex 3.030994225982206 45.726438945608756 3.667
vertex 3.4246670943540787 40.579988877974856 3.667
vertex 4.495283626245488 46.08613664126057 3.667
endloop
endfacet
facet normal 0.0 0.0 1.0
outer loop
vertex 4.495283626245488 46.08613664126057 3.667
vertex 3.4246670943540787 40.579988877974856 3.667
vertex 3.8407998045873897 40.34038028267473 3.667
endloop
endfacet
facet normal 0.0 0.0 1.0
outer loop
vertex 4.495283626245488 46.08613664126057 3.667
vertex 3.8407998045873897 40.34038028267473 3.667
vertex 4.223339743140851 40.05013571876462 3.667
endloop
endfacet
facet normal 0.0 0.0 1.0
outer loop
vertex 4.495283626245488 46.08613664126057 3.667
vertex 4.223339743140851 40.05013571876462 3.667
vertex 4.566160935112885 39.713903147762984 3.667
endloop
endfacet
facet normal 0.0 0.0 1.0
outer loop
vertex 4.495283626245488 46.08613664126057 3.667
vertex 4.566160935112885 39.713903147762984 3.667
vertex 5.9559979529927185 46.46008788890876 3.667
endloop
endfacet
facet normal 0.0 0.0 1.0
outer loop
vertex 5.9559979529927185 46.46008788890876 3.667
vertex 4.566160935112885 39.713903147762984 3.667
vertex 4.86377345956818 39.337066980768554 3.667
endloop
endfacet
facet normal 0.0 0.0 1.0
outer loop
vertex 5.9559979529927185 46.46008788890876 3.667
vertex 4.86377345956818 39.337066980768554 3.667
vertex 5.111411364846911 38.92566185277797 3.667
endloop
endfacet
facet normal 0.0 0.0 1.0
outer loop
vertex 5.9559979529927185 46.46008788890876 3.667
vertex 5.111411364846911 38.92566185277797 3.667
vertex 5.305108990270783 38.48627598435128 3.667
endloop
endfacet
facet normal 0.0 0.0 1.0
outer loop
vertex 5.9559979529927185 46.46008788890876 3.667
vertex 5.305108990270783 38.48627598435128 3.667
vertex 5.441764472027839 38.02594567818677 3.667
endloop
endfacet
facet normal 0.0 0.0 1.0
outer loop
vertex 5.9559979529927185 46.46008788890876 3.667
vertex 5.441764472027839 38.02594567818677 3.667
vertex 5.519189416262398 37.55204264013144 3.667
endloop
endfacet
facet normal 0.0 0.0 1.0
outer loop
vertex 5.9559979529927185 46.46008788890876 3.667
vertex 5.519189416262398 37.55204264013144 3.667
vertex 5.64320601167854 36.36428157202955 3.667
endloop
endfacet
facet normal 0.0 0.0 1.0
outer loop
vertex 5.9559979529927185 46.46008788890876 3.667
vertex 5.64320601167854 36.36428157202955 3.667
vertex 5.780052705486235 35.1779302525499 3.667
endloop
endfacet
facet normal 0.0 0.0 1.0
outer loop
vertex 5.9559979529927185 46.46008788890876 3.667
vertex 5.780052705486235 35.1779302525499 3.667
vertex 5.929713511713717 33.99312726727489 3.667
endloop
endfacet
facet normal 0.0 0.0 1.0
outer loop
vertex 5.9559979529927185 46.46008788890876 3.667
vertex 5.929713511713717 33.99312726727489 3.667
vertex 6.092170947487294 32.81001102091571 3.667
endloop
endfacet
facet normal 0.0 0.0 1.0
outer loop
vertex 5.9559979529927185 46.46008788890876 3.667
vertex 6.092170947487294 32.81001102091571 3.667
vertex 7.412998464101861 46.84825716977442 3.667
endloop
endfacet
facet normal 0.0 0.0 1.0
outer loop
vertex 7.412998464101861 46.84825716977442 3.667
vertex 6.092170947487294 32.81001102091571 3.667
vertex 6.267406035074237 31.62871972114431 3.667
endloop
endfacet
facet normal 0.0 0.0 1.0
outer loop
vertex 7.412998464101861 46.84825716977442 3.667
vertex 6.267406035074237 31.62871972114431 3.667
vertex 6.455398304099726 30.449391362448583 3.667
endloop
endfacet
facet normal 0.0 0.0 1.0
outer loop
vertex 7.412998464101861 46.84825716977442 3.667
vertex 6.455398304099726 30.449391362448583 3.667
vertex 6.656125793936971 29.27216371001215 3.667
endloop
endfacet
facet normal 0.0 0.0 1.0
outer loop
vertex 7.412998464101861 46.84825716977442 3.667
vertex 6.656125793936971 29.27216371001215 3.667
vertex 6.869565056272952 28.097174283621243 3.667
endloop
endfacet
facet normal 0.0 0.0 1.0
outer loop
vertex 7.412998464101861 46.84825716977442 3.667
vertex 6.869565056272952 28.097174283621243 3.667
vertex 7.0956911578502435 26.9245603416 3.667
endloop
endfacet
facet normal 0.0 0.0 1.0
outer loop
vertex 7.412998464101861 46.84825716977442 3.667
vertex 7.0956911578502435 26.9245603416 3.667
vertex 7.334477683375692 25.754458864776407 3.667
endloop
endfacet
facet normal 0.0 0.0 1.0
outer loop
vertex 7.412998464101861 46.84825716977442 3.667
vertex 7.334477683375692 25.754458864776407 3.667
vertex 7.585896738608078 24.587006540480772 3.667
endloop
endfacet
facet normal 0.0 0.0 1.0
outer loop
vertex 7.412998464101861 46.84825716977442 3.667
vertex 7.585896738608078 24.587006540480772 3.667
vertex 8.866146770199657 47.25060761461613 3.667
endloop
endfacet
facet normal 0.0 0.0 1.0
outer loop
vertex 8.866146770199657 47.25060761461613 3.667
vertex 7.585896738608078 24.587006540480772 3.667
vertex 8.256394617254896 34.63185563901996 3.667
endloop
endfacet
facet normal 0.0 0.0 1.0
outer loop
vertex 8.256394617254896 34.63185563901996 3.667
vertex 7.585896738608078 24.587006540480772 3.667
vertex 7.936259539008521 23.17187816862962 3.667
endloop
endfacet
facet normal 0.0 0.0 1.0
outer loop
vertex 8.866146770199657 47.25060761461613 3.667
vertex 8.256394617254896 34.63185563901996 3.667
vertex 8.37278232042821 36.17586264257997 3.667
endloop
endfacet
facet normal 0.0 0.0 1.0
outer loop
vertex 8.866146770199657 47.25060761461613 3.667
vertex 8.37278232042821 36.17586264257997 3.667
vertex 8.65045487746681 37.69914911450832 3.667
endloop
endfacet
facet normal 0.0 0.0 1.0
outer loop
vertex 8.866146770199657 47.25060761461613 3.667
vertex 8.65045487746681 37.69914911450832 3.667
vertex 9.086349828944519 39.18491468005669 3.667
endloop
endfacet
facet normal 0.0 0.0 1.0
outer loop
vertex 8.866146770199657 47.25060761461613 3.667
vertex 9.086349828944519 39.18491468005669 3.667
vertex 10.31530484780501 47.66710100723172 3.667
endloop
endfacet
facet normal 0.0 0.0 1.0
outer loop
vertex 10.31530484780501 47.66710100723172 3.667
vertex 9.086349828944519 39.18491468005669 3.667
vertex 9.675659675632703 40.616772783741666 3.667
endloop
endfacet
facet normal 0.0 0.0 1.0
outer loop
vertex 10.31530484780501 47.66710100723172 3.667
vertex 9.675659675632703 40.616772783741666 3.667
vertex 10.411884900567603 41.97893141718423 3.667
endloop
endfacet
facet normal 0.0 0.0 1.0
outer loop
vertex 10.31530484780501 47.66710100723172 3.667
vertex 10.411884900567603 41.97893141718423 3.667
vertex 11.760335052436139 48.09769778808819 3.667
endloop
endfacet
facet normal 0.0 0.0 1.0
outer loop
vertex 11.760335052436139 48.09769778808819 3.667
vertex 10.411884900567603 41.97893141718423 3.667
vertex 11.286905652423169 43.2563672896703 3.667
endloop
endfacet
facet normal 0.0 0.0 1.0
outer loop
vertex 11.760335052436139 48.09769778808819 3.667
vertex 11.286905652423169 43.2563672896703 3.667
vertex 12.291071299611497 44.43499152050007 3.667
endloop
endfacet
facet normal 0.0 0.0 1.0
outer loop
vertex 11.760335052436139 48.09769778808819 3.667
vertex 12.291071299611497 44.43499152050007 3.667
vertex 13.201100131688053 48.542357058079254 3.667
endloop
endfacet
facet normal 0.0 0.0 1.0
outer loop
vertex 13.201100131688053 48.542357058079254 3.667
vertex 12.291071299611497 44.43499152050007 3.667
vertex 13.413306867403644 45.501805025699284 3.667
endloop
endfacet
facet normal 0.0 0.0 1.0
outer loop
vertex 13.201100131688053 48.542357058079254 3.667
vertex 13.413306867403644 45.501805025699284 3.667
vertex 14.637463238266925 49.001036582409924 3.667
endloop
endfacet
facet normal 0.0 0.0 1.0
outer loop
vertex 14.637463238266925 49.001036582409924 3.667
vertex 13.413306867403644 45.501805025699284 3.667
vertex 14.641235184175246 46.44504188532824 3.667
endloop
endfacet
facet normal 0.0 0.0 1.0
outer loop
vertex 14.637463238266925 49.001036582409924 3.667
vertex 14.641235184175246 46.44504188532824 3.667
vertex 16.06928794298812 49.473692794608084 3.667
endloop
endfacet
facet normal 0.0 0.0 1.0
outer loop
vertex 16.06928794298812 49.473692794608084 3.667
vertex 14.641235184175246 46.44504188532824 3.667
vertex 15.961313389626735 47.254299110185464 3.667
endloop
endfacet
facet normal 0.0 0.0 1.0
outer loop
vertex 16.06928794298812 49.473692794608084 3.667
vertex 15.961313389626735 47.254299110185464 3.667
vertex 17.358982299418035 47.92065137670512 3.667
endloop
endfacet
facet normal 0.0 0.0 1.0
outer loop
vertex 16.06928794298812 49.473692794608084 3.667
vertex 17.358982299418035 47.92065137670512 3.667
vertex 16.78286309536321 49.71698679763533 3.667
endloop
endfacet
facet normal 0.0 0.0 1.0
outer loop
vertex 16.78286309536321 49.71698679763533 3.667
vertex 17.358982299418035 47.92065137670512 3.667
vertex 19.736595557959177 50.61605339551048 3.667
endloop
endfacet
facet normal 0.0 0.0 1.0
outer loop
vertex 19.736595557959177 50.61605339551048 3.667
vertex 17.358982299418035 47.92065137670512 3.667
vertex 18.818826978871307 48.43674946463335 3.667
endloop
endfacet
facet normal 0.0 0.0 1.0
outer loop
vertex 19.736595557959177 50.61605339551048 3.667
vertex 18.818826978871307 48.43674946463335 3.667
vertex 21.30018647129623 49.09623052394256 3.667
endloop
endfacet
facet normal 0.0 0.0 1.0
outer loop
vertex 19.736595557959177 50.61605339551048 3.667
vertex 21.30018647129623 49.09623052394256 3.667
vertex 22.74335710978205 51.31765241097089 3.667
endloop
endfacet
facet normal 0.0 0.0 1.0
outer loop
vertex 22.74335710978205 51.31765241097089 3.667
vertex 21.30018647129623 49.09623052394256 3.667
vertex 23.81406058329542 49.61824311694104 3.667
endloop
endfacet
facet normal 0.0 0.0 1.0
outer loop
vertex 22.74335710978205 51.31765241097089 3.667
vertex 23.81406058329542 49.61824311694104 3.667
vertex 25.78996185368239 51.81870704118482 3.667
endloop
endfacet
facet normal 0.0 0.0 1.0
outer loop
vertex 25.78996185368239 51.81870704118482 3.667
vertex 23.81406058329542 49.61824311694104 3.667
vertex 26.352839583978056 50.00120706292828 3.667
endloop
endfacet
facet normal 0.0 0.0 1.0
outer loop
vertex 25.78996185368239 51.81870704118482 3.667
vertex 26.352839583978056 50.00120706292828 3.667
vertex 28.863049163580882 52.117019953671566 3.667
endloop
endfacet
facet normal 0.0 0.0 1.0
outer loop
vertex 28.863049163580882 52.117019953671566 3.667
vertex 26.352839583978056 50.00120706292828 3.667
vertex 28.90883835303399 50.24396309439885 3.667
endloop
endfacet
facet normal 0.0 0.0 1.0
outer loop
vertex 28.863049163580882 52.117019953671566 3.667
vertex 28.90883835303399 50.24396309439885 3.667
vertex 31.949142276356074 52.21128292251619 3.667
endloop
endfacet
facet normal 0.0 0.0 1.0
outer loop
vertex 31.949142276356074 52.21128292251619 3.667
vertex 28.90883835303399 50.24396309439885 3.667
vertex 31.474319644313486 50.34577636625321 3.667
endloop
endfacet
facet normal 0.0 0.0 1.0
outer loop
vertex 31.949142276356074 52.21128292251619 3.667
vertex 31.474319644313486 50.34577636625321 3.667
vertex 34.041517507188935 50.3063386802421 3.667
endloop
endfacet
facet normal 0.0 0.0 1.0
outer loop
vertex 31.949142276356074 52.21128292251619 3.667
vertex 34.041517507188935 50.3063386802421 3.667
vertex 35.0347073930442 52.10108256548316 3.667
endloop
endfacet
facet normal 0.0 0.0 1.0
outer loop
vertex 35.0347073930442 52.10108256548316 3.667
vertex 34.041517507188935 50.3063386802421 3.667
vertex 36.60266079481149 50.12576941791137 3.667
endloop
endfacet
facet normal 0.0 0.0 1.0
outer loop
vertex 35.0347073930442 52.10108256548316 3.667
vertex 36.60266079481149 50.12576941791137 3.667
vertex 38.10621303016403 51.786902156868905 3.667
endloop
endfacet
facet normal 0.0 0.0 1.0
outer loop
vertex 38.10621303016403 51.786902156868905 3.667
vertex 36.60266079481149 50.12576941791137 3.667
vertex 39.149996688094035 49.804615179222985 3.667
endloop
endfacet
facet normal 0.0 0.0 1.0
outer loop
vertex 38.10621303016403 51.786902156868905 3.667
vertex 39.149996688094035 49.804615179222985 3.667
vertex 41.15018936088484 51.270119508143566 3.667
endloop
endfacet
facet normal 0.0 0.0 1.0
outer loop
vertex 41.15018936088484 51.270119508143566 3.667
vertex 39.149996688094035 49.804615179222985 3.667
vertex 41.67581416421696 49.34384812794592 3.667
endloop
endfacet
facet normal 0.0 0.0 1.0
outer loop
vertex 41.15018936088484 51.270119508143566 3.667
vertex 41.67581416421696 49.34384812794592 3.667
vertex 44.15328728581057 50.553000925675775 3.667
endloop
endfacet
facet normal 0.0 0.0 1.0
outer loop
vertex 44.15328728581057 50.553000925675775 3.667
vertex 41.67581416421696 49.34384812794592 3.667
vertex 44.172467338613195 48.74486304882605 3.667
endloop
endfacet
facet normal 0.0 0.0 1.0
outer loop
vertex 44.15328728581057 50.553000925675775 3.667
vertex 44.172467338613195 48.74486304882605 3.667
vertex 47.10233697431736 49.63869127203895 3.667
endloop
endfacet
facet normal 0.0 0.0 1.0
outer loop
vertex 47.10233697431736 49.63869127203895 3.667
vertex 44.172467338613195 48.74486304882605 3.667
vertex 46.632398609770625 48.00947312544302 3.667
endloop
endfacet
facet normal 0.0 0.0 1.0
outer loop
vertex 47.10233697431736 49.63869127203895 3.667
vertex 46.632398609770625 48.00947312544302 3.667
vertex 49.04816153679586 47.13990445153456 3.667
endloop
endfacet
facet normal 0.0 0.0 1.0
outer loop
vertex 47.10233697431736 49.63869127203895 3.667
vertex 49.04816153679586 47.13990445153456 3.667
vertex 49.984405619726324 48.53120017448374 3.667
endloop
endfacet
facet normal 0.0 0.0 1.0
outer loop
vertex 49.984405619726324 48.53120017448374 3.667
vertex 49.04816153679586 47.13990445153456 3.667
vertex 49.86197455406024 46.80175962494422 3.667
endloop
endfacet
facet normal 0.0 0.0 1.0
outer loop
vertex 49.984405619726324 48.53120017448374 3.667
vertex 49.86197455406024 46.80175962494422 3.667
vertex 50.66104103647484 46.43010614722393 3.667
endloop
endfacet
facet normal 0.0 0.0 1.0
outer loop
vertex 49.984405619726324 48.53120017448374 3.667
vertex 50.66104103647484 46.43010614722393 3.667
vertex 52.78685415502998 47.23538444105865 3.667
endloop
endfacet
facet normal 0.0 0.0 1.0
outer loop
vertex 52.78685415502998 47.23538444105865 3.667
vertex 50.66104103647484 46.43010614722393 3.667
vertex 51.443981979993005 46.025585406368954 3.667
endloop
endfacet
facet normal 0.0 0.0 1.0
outer loop
vertex 52.78685415502998 47.23538444105865 3.667
vertex 51.443981979993005 46.025585406368954 3.667
vertex 52.20944620952252 45.588895511673414 3.667
endloop
endfacet
facet normal 0.0 0.0 1.0
outer loop
vertex 52.78685415502998 47.23538444105865 3.667
vertex 52.20944620952252 45.588895511673414 3.667
vertex 52.956112710740456 45.12079008895514 3.667
endloop
endfacet
facet normal 0.0 0.0 1.0
outer loop
vertex 52.78685415502998 47.23538444105865 3.667
vertex 52.956112710740456 45.12079008895514 3.667
vertex 56.04717246146729 45.090987867010526 3.667
endloop
endfacet
facet normal 0.0 0.0 1.0
outer loop
vertex 56.04717246146729 45.090987867010526 3.667
vertex 52.956112710740456 45.12079008895514 3.667
vertex 53.682692909856705 44.62207697997161 3.667
endloop
endfacet
facet normal 0.0 0.0 1.0
outer loop
vertex 56.04717246146729 45.090987867010526 3.667
vertex 53.682692909856705 44.62207697997161 3.667
vertex 54.387932897394975 44.09361684827192 3.667
endloop
endfacet
facet normal 0.0 0.0 1.0
outer loop
vertex 56.04717246146729 45.090987867010526 3.667
vertex 54.387932897394975 44.09361684827192 3.667
vertex 55.0706155921529 43.53632169389036 3.667
endloop
endfacet
facet normal 0.0 0.0 1.0
outer loop
vertex 56.04717246146729 45.090987867010526 3.667
vertex 55.0706155921529 43.53632169389036 3.667
vertex 55.7295628416011 42.95115327944515 3.667
endloop
endfacet
facet normal 0.0 0.0 1.0
outer loop
vertex 56.04717246146729 45.090987867010526 3.667
vertex 55.7295628416011 42.95115327944515 3.667
vertex 56.36363745510087 42.339121470358556 3.667
endloop
endfacet
facet normal 0.0 0.0 1.0
outer loop
vertex 56.04717246146729 45.090987867010526 3.667
vertex 56.36363745510087 42.339121470358556 3.667
vertex 59.08358213925762 42.63979868730334 3.667
endloop
endfacet
facet normal 0.0 0.0 1.0
outer loop
vertex 59.08358213925762 42.63979868730334 3.667
vertex 56.36363745510087 42.339121470358556 3.667
vertex 56.971745166436605 41.7012824920625 3.667
endloop
endfacet
facet normal 0.0 0.0 1.0
outer loop
vertex 59.08358213925762 42.63979868730334 3.667
vertex 56.971745166436605 41.7012824920625 3.667
vertex 57.5528365222607 41.038737107197655 3.667
endloop
endfacet
facet normal 0.0 0.0 1.0
outer loop
vertex 59.08358213925762 42.63979868730334 3.667
vertex 57.5528365222607 41.038737107197655 3.667
vertex 58.326212197579316 40.04032059260011 3.667
endloop
endfacet
facet normal 0.0 0.0 1.0
outer loop
vertex 59.08358213925762 42.63979868730334 3.667
vertex 58.326212197579316 40.04032059260011 3.667
vertex 59.016986400728 38.983071108296244 3.667
endloop
endfacet
facet normal 0.0 0.0 1.0
outer loop
vertex 59.08358213925762 42.63979868730334 3.667
vertex 59.016986400728 38.983071108296244 3.667
vertex 59.620704970648426 37.87380587394998 3.667
endloop
endfacet
facet normal 0.0 0.0 1.0
outer loop
vertex 59.08358213925762 42.63979868730334 3.667
vertex 59.620704970648426 37.87380587394998 3.667
vertex 61.867319105905985 39.90503715718845 3.667
endloop
endfacet
facet normal 0.0 0.0 1.0
outer loop
vertex 61.867319105905985 39.90503715718845 3.667
vertex 59.620704970648426 37.87380587394998 3.667
vertex 60.13347508718097 36.719677510470845 3.667
endloop
endfacet
facet normal 0.0 0.0 1.0
outer loop
vertex 61.867319105905985 39.90503715718845 3.667
vertex 60.13347508718097 36.719677510470845 3.667
vertex 60.551990372245236 35.528127919407126 3.667
endloop
endfacet
facet normal 0.0 0.0 1.0
outer loop
vertex 61.867319105905985 39.90503715718845 3.667
vertex 60.551990372245236 35.528127919407126 3.667
vertex 60.87355220959674 34.30684029703682 3.667
endloop
endfacet
facet normal 0.0 0.0 1.0
outer loop
vertex 61.867319105905985 39.90503715718845 3.667
vertex 60.87355220959674 34.30684029703682 3.667
vertex 61.096087145701354 33.063689592573034 3.667
endloop
endfacet
facet normal 0.0 0.0 1.0
outer loop
vertex 61.867319105905985 39.90503715718845 3.667
vertex 61.096087145701354 33.063689592573034 3.667
vertex 61.218160259507634 31.806691729932957 3.667
endloop
endfacet
facet normal 0.0 0.0 1.0
outer loop
vertex 61.867319105905985 39.90503715718845 3.667
vertex 61.218160259507634 31.806691729932957 3.667
vertex 61.83862882305783 22.72277062503622 3.667
endloop
endfacet
facet normal 0.0 0.0 1.0
outer loop
vertex 61.867319105905985 39.90503715718845 3.667
vertex 61.83862882305783 22.72277062503622 3.667
vertex 62.44170664000731 24.675559509875814 3.667
endloop
endfacet
facet normal 0.0 0.0 1.0
outer loop
vertex 61.867319105905985 39.90503715718845 3.667
vertex 62.44170664000731 24.675559509875814 3.667
vertex 62.035745557623095 39.80724408193284 3.667
endloop
endfacet
facet normal 0.0 0.0 1.0
outer loop
vertex 62.035745557623095 39.80724408193284 3.667
vertex 62.44170664000731 24.675559509875814 3.667
vertex 62.21274146849779 39.72598275817121 3.667
endloop
endfacet
facet normal 0.0 0.0 1.0
outer loop
vertex 62.21274146849779 39.72598275817121 3.667
vertex 62.44170664000731 24.675559509875814 3.667
vertex 62.39668888355555 39.66199601189486 3.667
endloop
endfacet
facet normal 0.0 0.0 1.0
outer loop
vertex 62.39668888355555 39.66199601189486 3.667
vertex 62.44170664000731 24.675559509875814 3.667
vertex 62.585906302736774 39.615868758731935 3.667
endloop
endfacet
facet normal 0.0 0.0 1.0
outer loop
vertex 62.585906302736774 39.615868758731935 3.667
vertex 62.44170664000731 24.675559509875814 3.667
vertex 62.9631853355266 26.651704052202966 3.667
endloop
endfacet
facet normal 0.0 0.0 1.0
outer loop
vertex 62.585906302736774 39.615868758731935 3.667
vertex 62.9631853355266 26.651704052202966 3.667
vertex 62.77866405181708 39.58802265711693 3.667
endloop
endfacet
facet normal 0.0 0.0 1.0
outer loop
vertex 62.77866405181708 39.58802265711693 3.667
vertex 62.9631853355266 26.651704052202966 3.667
vertex 62.97320009371302 39.57871225382657 3.667
endloop
endfacet
facet normal 0.0 0.0 1.0
outer loop
vertex 62.97320009371302 39.57871225382657 3.667
vertex 62.9631853355266 26.651704052202966 3.667
vertex 63.402165555144826 28.647796146479813 3.667
endloop
endfacet
facet normal 0.0 0.0 1.0
outer loop
vertex 62.97320009371302 39.57871225382657 3.667
vertex 63.402165555144826 28.647796146479813 3.667
vertex 63.1677361356073 39.58802265711693 3.667
endloop
endfacet
facet normal 0.0 0.0 1.0
outer loop
vertex 63.1677361356073 39.58802265711693 3.667
vertex 63.402165555144826 28.647796146479813 3.667
vertex 63.360493884688154 39.61586875873196 3.667
endloop
endfacet
facet normal 0.0 0.0 1.0
outer loop
vertex 63.360493884688154 39.61586875873196 3.667
vertex 63.402165555144826 28.647796146479813 3.667
vertex 63.549711303868946 39.66199601189486 3.667
endloop
endfacet
facet normal 0.0 0.0 1.0
outer loop
vertex 63.549711303868946 39.66199601189486 3.667
vertex 63.402165555144826 28.647796146479813 3.667
vertex 63.75789022320813 30.660393285149336 3.667
endloop
endfacet
facet normal 0.0 0.0 1.0
outer loop
vertex 63.549711303868946 39.66199601189486 3.667
vertex 63.75789022320813 30.660393285149336 3.667
vertex 63.73365871892725 39.72598275817121 3.667
endloop
endfacet
facet normal 0.0 0.0 1.0
outer loop
vertex 63.73365871892725 39.72598275817121 3.667
vertex 63.75789022320813 30.660393285149336 3.667
vertex 63.9106546298018 39.807244081932865 3.667
endloop
endfacet
facet normal 0.0 0.0 1.0
outer loop
vertex 63.9106546298018 39.807244081932865 3.667
vertex 63.75789022320813 30.660393285149336 3.667
vertex 64.02974584855653 32.68602449566532 3.667
endloop
endfacet
facet normal 0.0 0.0 1.0
outer loop
vertex 63.9106546298018 39.807244081932865 3.667
vertex 64.02974584855653 32.68602449566532 3.667
vertex 64.07908108151842 39.90503715718845 3.667
endloop
endfacet
facet normal 0.0 0.0 1.0
outer loop
vertex 64.07908108151842 39.90503715718845 3.667
vertex 64.02974584855653 32.68602449566532 3.667
vertex 64.2172635825592 34.72119632661338 3.667
endloop
endfacet
facet normal 0.0 0.0 1.0
outer loop
vertex 64.07908108151842 39.90503715718845 3.667
vertex 64.2172635825592 34.72119632661338 3.667
vertex 64.395685267963 40.099133558744 3.667
endloop
endfacet
facet normal 0.0 0.0 1.0
outer loop
vertex 64.395685267963 40.099133558744 3.667
vertex 64.2172635825592 34.72119632661338 3.667
vertex 64.48733180567925 34.98939364537648 3.667
endloop
endfacet
facet normal 0.0 0.0 1.0
outer loop
vertex 64.395685267963 40.099133558744 3.667
vertex 64.48733180567925 34.98939364537648 3.667
vertex 64.72120622147067 40.27787284597066 3.667
endloop
endfacet
facet normal 0.0 0.0 1.0
outer loop
vertex 64.72120622147067 40.27787284597066 3.667
vertex 64.48733180567925 34.98939364537648 3.667
vertex 64.77499755531052 35.23862258314297 3.667
endloop
endfacet
facet normal 0.0 0.0 1.0
outer loop
vertex 64.72120622147067 40.27787284597066 3.667
vertex 64.77499755531052 35.23862258314297 3.667
vertex 65.05489960352547 40.44084631234931 3.667
endloop
endfacet
facet normal 0.0 0.0 1.0
outer loop
vertex 65.05489960352547 40.44084631234931 3.667
vertex 64.77499755531052 35.23862258314297 3.667
vertex 65.0789314413632 35.46773137791052 3.667
endloop
endfacet
facet normal 0.0 0.0 1.0
outer loop
vertex 65.05489960352547 40.44084631234931 3.667
vertex 65.0789314413632 35.46773137791052 3.667
vertex 65.39600238847983 40.5876813015984 3.667
endloop
endfacet
facet normal 0.0 0.0 1.0
outer loop
vertex 65.39600238847983 40.5876813015984 3.667
vertex 65.0789314413632 35.46773137791052 3.667
vertex 65.39772889378926 35.67566124891891 3.667
endloop
endfacet
facet normal 0.0 0.0 1.0
outer loop
vertex 65.39600238847983 40.5876813015984 3.667
vertex 65.39772889378926 35.67566124891891 3.667
vertex 65.74373460828946 40.71804205979234 3.667
endloop
endfacet
facet normal 0.0 0.0 1.0
outer loop
vertex 65.74373460828946 40.71804205979234 3.667
vertex 65.39772889378926 35.67566124891891 3.667
vertex 65.72991665352275 35.86145128959476 3.667
endloop
endfacet
facet normal 0.0 0.0 1.0
outer loop
vertex 65.74373460828946 40.71804205979234 3.667
vertex 65.72991665352275 35.86145128959476 3.667
vertex 66.07395958085311 36.024242908190345 3.667
endloop
endfacet
facet normal 0.0 0.0 1.0
outer loop
vertex 65.74373460828946 40.71804205979234 3.667
vertex 66.07395958085311 36.024242908190345 3.667
vertex 66.09730113600071 40.83163050309887 3.667
endloop
endfacet
facet normal 0.0 0.0 1.0
outer loop
vertex 66.09730113600071 40.83163050309887 3.667
vertex 66.07395958085311 36.024242908190345 3.667
vertex 66.42826774976996 36.16328379559478 3.667
endloop
endfacet
facet normal 0.0 0.0 1.0
outer loop
vertex 66.09730113600071 40.83163050309887 3.667
vertex 66.42826774976996 36.16328379559478 3.667
vertex 66.45589350389002 40.92818689937967 3.667
endloop
endfacet
facet normal 0.0 0.0 1.0
outer loop
vertex 66.45589350389002 40.92818689937967 3.667
vertex 66.42826774976996 36.16328379559478 3.667
vertex 66.79120379548709 36.27793140198085 3.667
endloop
endfacet
facet normal 0.0 0.0 1.0
outer loop
vertex 66.45589350389002 40.92818689937967 3.667
vertex 66.79120379548709 36.27793140198085 3.667
vertex 66.81869175210988 41.00749046209566 3.667
endloop
endfacet
facet normal 0.0 0.0 1.0
outer loop
vertex 66.81869175210988 41.00749046209566 3.667
vertex 66.79120379548709 36.27793140198085 3.667
vertex 67.16109048120254 36.36765590622161 3.667
endloop
endfacet
facet normal 0.0 0.0 1.0
outer loop
vertex 66.81869175210988 41.00749046209566 3.667
vertex 67.16109048120254 36.36765590622161 3.667
vertex 67.18486630361942 41.06935985515912 3.667
endloop
endfacet
facet normal 0.0 0.0 1.0
outer loop
vertex 67.18486630361942 41.06935985515912 3.667
vertex 67.16109048120254 36.36765590622161 3.667
vertex 67.53621844911261 36.43204266435319 3.667
endloop
endfacet
facet normal 0.0 0.0 1.0
outer loop
vertex 67.18486630361942 41.06935985515912 3.667
vertex 67.53621844911261 36.43204266435319 3.667
vertex 67.55357986109607 41.11365360757802 3.667
endloop
endfacet
facet normal 0.0 0.0 1.0
outer loop
vertex 67.55357986109607 41.11365360757802 3.667
vertex 67.53621844911261 36.43204266435319 3.667
vertex 67.91485411986923 36.47079412576958 3.667
endloop
endfacet
facet normal 0.0 0.0 1.0
outer loop
vertex 67.55357986109607 41.11365360757802 3.667
vertex 67.91485411986923 36.47079412576958 3.667
vertex 67.92398932151163 41.14027043694461 3.667
endloop
endfacet
facet normal 0.0 0.0 1.0
outer loop
vertex 67.92398932151163 41.14027043694461 3.667
vertex 67.91485411986923 36.47079412576958 3.667
vertex 68.29524770397222 36.48373120829361 3.667
endloop
endfacet
facet normal 0.0 0.0 1.0
outer loop
vertex 67.92398932151163 41.14027043694461 3.667
vertex 68.29524770397222 36.48373120829361 3.667
vertex 68.29524770397222 41.14914948102849 3.667
endloop
endfacet
facet normal 0.0 0.0 1.0
outer loop
vertex 68.29524770397222 41.14914948102849 3.667
vertex 68.29524770397222 36.48373120829361 3.667
vertex 72.56675229602803 36.48373120829361 3.667
endloop
endfacet
facet normal 0.0 0.0 1.0
outer loop
vertex 68.29524770397222 41.14914948102849 3.667
vertex 72.56675229602803 36.48373120829361 3.667
vertex 72.56675229602803 41.14914948102849 3.667
endloop
endfacet
facet normal 0.0 0.0 1.0
outer loop
vertex 72.56675229602803 41.14914948102849 3.667
vertex 72.56675229602803 36.48373120829361 3.667
vertex 72.94714588013112 36.47079412576958 3.667
endloop
endfacet
facet normal 0.0 0.0 1.0
outer loop
vertex 72.56675229602803 41.14914948102849 3.667
vertex 72.94714588013112 36.47079412576958 3.667
vertex 72.93801067848833 41.14027043694461 3.667
endloop
endfacet
facet normal 0.0 0.0 1.0
outer loop
vertex 72.93801067848833 41.14027043694461 3.667
vertex 72.94714588013112 36.47079412576958 3.667
vertex 73.30842013890395 41.11365360757802 3.667
endloop
endfacet
facet normal 0.0 0.0 1.0
outer loop
vertex 73.30842013890395 41.11365360757802 3.667
vertex 72.94714588013112 36.47079412576958 3.667
vertex 73.32578155088747 36.43204266435319 3.667
endloop
endfacet
facet normal 0.0 0.0 1.0
outer loop
vertex 73.30842013890395 41.11365360757802 3.667
vertex 73.32578155088747 36.43204266435319 3.667
vertex 73.67713369638123 41.06935985515912 3.667
endloop
endfacet
facet normal 0.0 0.0 1.0
outer loop
vertex 73.67713369638123 41.06935985515912 3.667
vertex 73.32578155088747 36.43204266435319 3.667
vertex 73.70090951879754 36.36765590622161 3.667
endloop
endfacet
facet normal 0.0 0.0 1.0
outer loop
vertex 73.67713369638123 41.06935985515912 3.667
vertex 73.70090951879754 36.36765590622161 3.667
vertex 74.0433082478903 41.007490462095674 3.667
endloop
endfacet
facet normal 0.0 0.0 1.0
outer loop
vertex 74.0433082478903 41.007490462095674 3.667
vertex 73.70090951879754 36.36765590622161 3.667
vertex 74.07079620451329 36.27793140198085 3.667
endloop
endfacet
facet normal 0.0 0.0 1.0
outer loop
vertex 74.0433082478903 41.007490462095674 3.667
vertex 74.07079620451329 36.27793140198085 3.667
vertex 74.40610649611023 40.92818689937967 3.667
endloop
endfacet
facet normal 0.0 0.0 1.0
outer loop
vertex 74.40610649611023 40.92818689937967 3.667
vertex 74.07079620451329 36.27793140198085 3.667
vertex 74.43373225023065 36.163283795594765 3.667
endloop
endfacet
facet normal 0.0 0.0 1.0
outer loop
vertex 74.40610649611023 40.92818689937967 3.667
vertex 74.43373225023065 36.163283795594765 3.667
vertex 74.76469886399913 40.83163050309887 3.667
endloop
endfacet
facet normal 0.0 0.0 1.0
outer loop
vertex 74.76469886399913 40.83163050309887 3.667
vertex 74.43373225023065 36.163283795594765 3.667
vertex 74.78804041914697 36.02424290819035 3.667
endloop
endfacet
facet normal 0.0 0.0 1.0
outer loop
vertex 74.76469886399913 40.83163050309887 3.667
vertex 74.78804041914697 36.02424290819035 3.667
vertex 75.11826539171082 40.71804205979234 3.667
endloop
endfacet
facet normal 0.0 0.0 1.0
outer loop
vertex 75.11826539171082 40.71804205979234 3.667
vertex 74.78804041914697 36.02424290819035 3.667
vertex 75.13208334647736 35.86145128959476 3.667
endloop
endfacet
facet normal 0.0 0.0 1.0
outer loop
vertex 75.11826539171082 40.71804205979234 3.667
vertex 75.13208334647736 35.86145128959476 3.667
vertex 75.46599761152085 40.5876813015984 3.667
endloop
endfacet
facet normal 0.0 0.0 1.0
outer loop
vertex 75.46599761152085 40.5876813015984 3.667
vertex 75.13208334647736 35.86145128959476 3.667
vertex 75.46427110621073 35.67566124891891 3.667
endloop
endfacet
facet normal 0.0 0.0 1.0
outer loop
vertex 75.46599761152085 40.5876813015984 3.667
vertex 75.46427110621073 35.67566124891891 3.667
vertex 75.78306855863701 35.46773137791052 3.667
endloop
endfacet
facet normal 0.0 0.0 1.0
outer loop
vertex 75.46599761152085 40.5876813015984 3.667
vertex 75.78306855863701 35.46773137791052 3.667
vertex 75.80710039647448 40.440846312349336 3.667
endloop
endfacet
facet normal 0.0 0.0 1.0
outer loop
vertex 75.80710039647448 40.440846312349336 3.667
vertex 75.78306855863701 35.46773137791052 3.667
vertex 76.08700244468984 35.23862258314297 3.667
endloop
endfacet
facet normal 0.0 0.0 1.0
outer loop
vertex 75.80710039647448 40.440846312349336 3.667
vertex 76.08700244468984 35.23862258314297 3.667
vertex 76.14079377852967 40.27787284597066 3.667
endloop
endfacet
facet normal 0.0 0.0 1.0
outer loop
vertex 76.14079377852967 40.27787284597066 3.667
vertex 76.08700244468984 35.23862258314297 3.667
vertex 76.37466819432095 34.98939364537648 3.667
endloop
endfacet
facet normal 0.0 0.0 1.0
outer loop
vertex 76.14079377852967 40.27787284597066 3.667
vertex 76.37466819432095 34.98939364537648 3.667
vertex 76.46631473203743 40.099133558744 3.667
endloop
endfacet
facet normal 0.0 0.0 1.0
outer loop
vertex 76.46631473203743 40.099133558744 3.667
vertex 76.37466819432095 34.98939364537648 3.667
vertex 76.64473641744117 34.72119632661338 3.667
endloop
endfacet
facet normal 0.0 0.0 1.0
outer loop
vertex 76.46631473203743 40.099133558744 3.667
vertex 76.64473641744117 34.72119632661338 3.667
vertex 76.7829189184818 39.90503715718845 3.667
endloop
endfacet
facet normal 0.0 0.0 1.0
outer loop
vertex 76.7829189184818 39.90503715718845 3.667
vertex 76.64473641744117 34.72119632661338 3.667
vertex 76.83225415144368 32.68602449566532 3.667
endloop
endfacet
facet normal 0.0 0.0 1.0
outer loop
vertex 76.7829189184818 39.90503715718845 3.667
vertex 76.83225415144368 32.68602449566532 3.667
vertex 76.95134537019828 39.80724408193286 3.667
endloop
endfacet
facet normal 0.0 0.0 1.0
outer loop
vertex 76.95134537019828 39.80724408193286 3.667
vertex 76.83225415144368 32.68602449566532 3.667
vertex 77.10410977679211 30.660393285149343 3.667
endloop
endfacet
facet normal 0.0 0.0 1.0
outer loop
vertex 76.95134537019828 39.80724408193286 3.667
vertex 77.10410977679211 30.660393285149343 3.667
vertex 77.12834128107266 39.72598275817121 3.667
endloop
endfacet
facet normal 0.0 0.0 1.0
outer loop
vertex 77.12834128107266 39.72598275817121 3.667
vertex 77.10410977679211 30.660393285149343 3.667
vertex 77.45983444485597 28.647796146479813 3.667
endloop
endfacet
facet normal 0.0 0.0 1.0
outer loop
vertex 77.12834128107266 39.72598275817121 3.667
vertex 77.45983444485597 28.647796146479813 3.667
vertex 77.3122886961312 39.66199601189486 3.667
endloop
endfacet
facet normal 0.0 0.0 1.0
outer loop
vertex 77.3122886961312 39.66199601189486 3.667
vertex 77.45983444485597 28.647796146479813 3.667
vertex 77.50150611531188 39.61586875873194 3.667
endloop
endfacet
facet normal 0.0 0.0 1.0
outer loop
vertex 77.50150611531188 39.61586875873194 3.667
vertex 77.45983444485597 28.647796146479813 3.667
vertex 77.8988146644735 26.651704052202966 3.667
endloop
endfacet
facet normal 0.0 0.0 1.0
outer loop
vertex 77.50150611531188 39.61586875873194 3.667
vertex 77.8988146644735 26.651704052202966 3.667
vertex 77.69426386439243 39.58802265711693 3.667
endloop
endfacet
facet normal 0.0 0.0 1.0
outer loop
vertex 77.69426386439243 39.58802265711693 3.667
vertex 77.8988146644735 26.651704052202966 3.667
vertex 77.8887999062878 39.57871225382657 3.667
endloop
endfacet
facet normal 0.0 0.0 1.0
outer loop
vertex 77.8887999062878 39.57871225382657 3.667
vertex 77.8988146644735 26.651704052202966 3.667
vertex 78.0833359481832 39.58802265711693 3.667
endloop
endfacet
facet normal 0.0 0.0 1.0
outer loop
vertex 78.0833359481832 39.58802265711693 3.667
vertex 77.8988146644735 26.651704052202966 3.667
vertex 78.42029335999281 24.6755595098758 3.667
endloop
endfacet
facet normal 0.0 0.0 1.0
outer loop
vertex 78.0833359481832 39.58802265711693 3.667
vertex 78.42029335999281 24.6755595098758 3.667
vertex 78.27609369726373 39.615868758731935 3.667
endloop
endfacet
facet normal 0.0 0.0 1.0
outer loop
vertex 78.27609369726373 39.615868758731935 3.667
vertex 78.42029335999281 24.6755595098758 3.667
vertex 78.46531111644443 39.66199601189486 3.667
endloop
endfacet
facet normal 0.0 0.0 1.0
outer loop
vertex 78.46531111644443 39.66199601189486 3.667
vertex 78.42029335999281 24.6755595098758 3.667
vertex 79.02337117694262 22.72277062503622 3.667
endloop
endfacet
facet normal 0.0 0.0 1.0
outer loop
vertex 78.46531111644443 39.66199601189486 3.667
vertex 79.02337117694262 22.72277062503622 3.667
vertex 78.64925853150295 39.72598275817121 3.667
endloop
endfacet
facet normal 0.0 0.0 1.0
outer loop
vertex 78.64925853150295 39.72598275817121 3.667
vertex 79.02337117694262 22.72277062503622 3.667
vertex 78.82625444237735 39.80724408193284 3.667
endloop
endfacet
facet normal 0.0 0.0 1.0
outer loop
vertex 78.82625444237735 39.80724408193284 3.667
vertex 79.02337117694262 22.72277062503622 3.667
vertex 78.99468089409383 39.90503715718845 3.667
endloop
endfacet
facet normal 0.0 0.0 1.0
outer loop
vertex 78.99468089409383 39.90503715718845 3.667
vertex 79.02337117694262 22.72277062503622 3.667
vertex 79.64383974049257 31.806691729932957 3.667
endloop
endfacet
facet normal 0.0 0.0 1.0
outer loop
vertex 78.99468089409383 39.90503715718845 3.667
vertex 79.64383974049257 31.806691729932957 3.667
vertex 79.76591285429852 33.063689592573034 3.667
endloop
endfacet
facet normal 0.0 0.0 1.0
outer loop
vertex 78.99468089409383 39.90503715718845 3.667
vertex 79.76591285429852 33.063689592573034 3.667
vertex 79.98844779040351 34.30684029703682 3.667
endloop
endfacet
facet normal 0.0 0.0 1.0
outer loop
vertex 78.99468089409383 39.90503715718845 3.667
vertex 79.98844779040351 34.30684029703682 3.667
vertex 81.77841786074316 42.63979868730334 3.667
endloop
endfacet
facet normal 0.0 0.0 1.0
outer loop
vertex 81.77841786074316 42.63979868730334 3.667
vertex 79.98844779040351 34.30684029703682 3.667
vertex 80.31000962775539 35.528127919407126 3.667
endloop
endfacet
facet normal 0.0 0.0 1.0
outer loop
vertex 81.77841786074316 42.63979868730334 3.667
vertex 80.31000962775539 35.528127919407126 3.667
vertex 80.72852491281911 36.719677510470845 3.667
endloop
endfacet
facet normal 0.0 0.0 1.0
outer loop
vertex 81.77841786074316 42.63979868730334 3.667
vertex 80.72852491281911 36.719677510470845 3.667
vertex 81.24129502935186 37.87380587394997 3.667
endloop
endfacet
facet normal 0.0 0.0 1.0
outer loop
vertex 81.77841786074316 42.63979868730334 3.667
vertex 81.24129502935186 37.87380587394997 3.667
vertex 81.84501359927228 38.98307110829625 3.667
endloop
endfacet
facet normal 0.0 0.0 1.0
outer loop
vertex 81.77841786074316 42.63979868730334 3.667
vertex 81.84501359927228 38.98307110829625 3.667
vertex 84.8148275385325 45.090987867010526 3.667
endloop
endfacet
facet normal 0.0 0.0 1.0
outer loop
vertex 84.8148275385325 45.090987867010526 3.667
vertex 81.84501359927228 38.98307110829625 3.667
vertex 82.53578780242063 40.04032059260011 3.667
endloop
endfacet
facet normal 0.0 0.0 1.0
outer loop
vertex 84.8148275385325 45.090987867010526 3.667
vertex 82.53578780242063 40.04032059260011 3.667
vertex 83.30916347773952 41.038737107197676 3.667
endloop
endfacet
facet normal 0.0 0.0 1.0
outer loop
vertex 84.8148275385325 45.090987867010526 3.667
vertex 83.30916347773952 41.038737107197676 3.667
vertex 83.89025483356372 41.7012824920625 3.667
endloop
endfacet
facet normal 0.0 0.0 1.0
outer loop
vertex 84.8148275385325 45.090987867010526 3.667
vertex 83.89025483356372 41.7012824920625 3.667
vertex 84.49836254489901 42.339121470358556 3.667
endloop
endfacet
facet normal 0.0 0.0 1.0
outer loop
vertex 84.8148275385325 45.090987867010526 3.667
vertex 84.49836254489901 42.339121470358556 3.667
vertex 85.13243715839921 42.95115327944515 3.667
endloop
endfacet
facet normal 0.0 0.0 1.0
outer loop
vertex 84.8148275385325 45.090987867010526 3.667
vertex 85.13243715839921 42.95115327944515 3.667
vertex 88.07514584497083 47.235384441058656 3.667
endloop
endfacet
facet normal 0.0 0.0 1.0
outer loop
vertex 88.07514584497083 47.235384441058656 3.667
vertex 85.13243715839921 42.95115327944515 3.667
vertex 85.79138440784713 43.53632169389036 3.667
endloop
endfacet
facet normal 0.0 0.0 1.0
outer loop
vertex 88.07514584497083 47.235384441058656 3.667
vertex 85.79138440784713 43.53632169389036 3.667
vertex 86.47406710260513 44.09361684827193 3.667
endloop
endfacet
facet normal 0.0 0.0 1.0
outer loop
vertex 88.07514584497083 47.235384441058656 3.667
vertex 86.47406710260513 44.09361684827193 3.667
vertex 87.1793070901436 44.62207697997161 3.667
endloop
endfacet
facet normal 0.0 0.0 1.0
outer loop
vertex 88.07514584497083 47.235384441058656 3.667
vertex 87.1793070901436 44.62207697997161 3.667
vertex 87.90588728925944 45.12079008895514 3.667
endloop
endfacet
facet normal 0.0 0.0 1.0
outer loop
vertex 88.07514584497083 47.235384441058656 3.667
vertex 87.90588728925944 45.12079008895514 3.667
vertex 88.65255379047733 45.588895511673414 3.667
endloop
endfacet
facet normal 0.0 0.0 1.0
outer loop
vertex 88.07514584497083 47.235384441058656 3.667
vertex 88.65255379047733 45.588895511673414 3.667
vertex 90.87759438027385 48.53120017448374 3.667
endloop
endfacet
facet normal 0.0 0.0 1.0
outer loop
vertex 90.87759438027385 48.53120017448374 3.667
vertex 88.65255379047733 45.588895511673414 3.667
vertex 89.41801802000744 46.025585406368954 3.667
endloop
endfacet
facet normal 0.0 0.0 1.0
outer loop
vertex 90.87759438027385 48.53120017448374 3.667
vertex 89.41801802000744 46.025585406368954 3.667
vertex 90.20095896352575 46.430106147223945 3.667
endloop
endfacet
facet normal 0.0 0.0 1.0
outer loop
vertex 90.87759438027385 48.53120017448374 3.667
vertex 90.20095896352575 46.430106147223945 3.667
vertex 91.00002544593987 46.80175962494422 3.667
endloop
endfacet
facet normal 0.0 0.0 1.0
outer loop
vertex 90.87759438027385 48.53120017448374 3.667
vertex 91.00002544593987 46.80175962494422 3.667
vertex 93.75966302568293 49.638691272038955 3.667
endloop
endfacet
facet normal 0.0 0.0 1.0
outer loop
vertex 93.75966302568293 49.638691272038955 3.667
vertex 91.00002544593987 46.80175962494422 3.667
vertex 91.81383846320456 47.13990445153456 3.667
endloop
endfacet
facet normal 0.0 0.0 1.0
outer loop
vertex 93.75966302568293 49.638691272038955 3.667
vertex 91.81383846320456 47.13990445153456 3.667
vertex 94.22960139022959 48.00947312544302 3.667
endloop
endfacet
facet normal 0.0 0.0 1.0
outer loop
vertex 93.75966302568293 49.638691272038955 3.667
vertex 94.22960139022959 48.00947312544302 3.667
vertex 96.70871271418952 50.553000925675775 3.667
endloop
endfacet
facet normal 0.0 0.0 1.0
outer loop
vertex 96.70871271418952 50.553000925675775 3.667
vertex 94.22960139022959 48.00947312544302 3.667
vertex 96.68953266138702 48.744863048826055 3.667
endloop
endfacet
facet normal 0.0 0.0 1.0
outer loop
vertex 96.70871271418952 50.553000925675775 3.667
vertex 96.68953266138702 48.744863048826055 3.667
vertex 99.18618583578332 49.34384812794592 3.667
endloop
endfacet
facet normal 0.0 0.0 1.0
outer loop
vertex 96.70871271418952 50.553000925675775 3.667
vertex 99.18618583578332 49.34384812794592 3.667
vertex 99.71181063911527 51.270119508143566 3.667
endloop
endfacet
facet normal 0.0 0.0 1.0
outer loop
vertex 99.71181063911527 51.270119508143566 3.667
vertex 99.18618583578332 49.34384812794592 3.667
vertex 101.71200331190647 49.804615179222985 3.667
endloop
endfacet
facet normal 0.0 0.0 1.0
outer loop
vertex 99.71181063911527 51.270119508143566 3.667
vertex 101.71200331190647 49.804615179222985 3.667
vertex 102.75578696983648 51.78690215686891 3.667
endloop
endfacet
facet normal 0.0 0.0 1.0
outer loop
vertex 102.75578696983648 51.78690215686891 3.667
vertex 101.71200331190647 49.804615179222985 3.667
vertex 104.25933920518867 50.12576941791137 3.667
endloop
endfacet
facet normal 0.0 0.0 1.0
outer loop
vertex 102.75578696983648 51.78690215686891 3.667
vertex 104.25933920518867 50.12576941791137 3.667
vertex 105.82729260695601 52.10108256548316 3.667
endloop
endfacet
facet normal 0.0 0.0 1.0
outer loop
vertex 105.82729260695601 52.10108256548316 3.667
vertex 104.25933920518867 50.12576941791137 3.667
vertex 106.820482492811 50.3063386802421 3.667
endloop
endfacet
facet normal 0.0 0.0 1.0
outer loop
vertex 105.82729260695601 52.10108256548316 3.667
vertex 106.820482492811 50.3063386802421 3.667
vertex 108.91285772364431 52.21128292251619 3.667
endloop
endfacet
facet normal 0.0 0.0 1.0
outer loop
vertex 108.91285772364431 52.21128292251619 3.667
vertex 106.820482492811 50.3063386802421 3.667
vertex 109.38768035568668 50.34577636625321 3.667
endloop
endfacet
facet normal 0.0 0.0 1.0
outer loop
vertex 108.91285772364431 52.21128292251619 3.667
vertex 109.38768035568668 50.34577636625321 3.667
vertex 111.9989508364196 52.117019953671566 3.667
endloop
endfacet
facet normal 0.0 0.0 1.0
outer loop
vertex 111.9989508364196 52.117019953671566 3.667
vertex 109.38768035568668 50.34577636625321 3.667
vertex 111.9531616469663 50.24396309439885 3.667
endloop
endfacet
facet normal 0.0 0.0 1.0
outer loop
vertex 111.9989508364196 52.117019953671566 3.667
vertex 111.9531616469663 50.24396309439885 3.667
vertex 114.50916041602235 50.00120706292828 3.667
endloop
endfacet
facet normal 0.0 0.0 1.0
outer loop
vertex 111.9989508364196 52.117019953671566 3.667
vertex 114.50916041602235 50.00120706292828 3.667
vertex 115.07203814631775 51.818707041184844 3.667
endloop
endfacet
facet normal 0.0 0.0 1.0
outer loop
vertex 115.07203814631775 51.818707041184844 3.667
vertex 114.50916041602235 50.00120706292828 3.667
vertex 117.0479394167047 49.61824311694105 3.667
endloop
endfacet
facet normal 0.0 0.0 1.0
outer loop
vertex 115.07203814631775 51.818707041184844 3.667
vertex 117.0479394167047 49.61824311694105 3.667
vertex 118.11864289021803 51.31765241097091 3.667
endloop
endfacet
facet normal 0.0 0.0 1.0
outer loop
vertex 118.11864289021803 51.31765241097091 3.667
vertex 117.0479394167047 49.61824311694105 3.667
vertex 119.56181352870442 49.09623052394256 3.667
endloop
endfacet
facet normal 0.0 0.0 1.0
outer loop
vertex 118.11864289021803 51.31765241097091 3.667
vertex 119.56181352870442 49.09623052394256 3.667
vertex 121.12540444204068 50.61605339551048 3.667
endloop
endfacet
facet normal 0.0 0.0 1.0
outer loop
vertex 121.12540444204068 50.61605339551048 3.667
vertex 119.56181352870442 49.09623052394256 3.667
vertex 122.04317302112867 48.43674946463336 3.667
endloop
endfacet
facet normal 0.0 0.0 1.0
outer loop
vertex 121.12540444204068 50.61605339551048 3.667
vertex 122.04317302112867 48.43674946463336 3.667
vertex 124.07913690463765 49.71698679763534 3.667
endloop
endfacet
facet normal 0.0 0.0 1.0
outer loop
vertex 124.07913690463765 49.71698679763534 3.667
vertex 122.04317302112867 48.43674946463336 3.667
vertex 123.50301770058229 47.92065137670512 3.667
endloop
endfacet
facet normal 0.0 0.0 1.0
outer loop
vertex 124.07913690463765 49.71698679763534 3.667
vertex 123.50301770058229 47.92065137670512 3.667
vertex 124.90068661037331 47.254299110185464 3.667
endloop
endfacet
facet normal 0.0 0.0 1.0
outer loop
vertex 124.07913690463765 49.71698679763534 3.667
vertex 124.90068661037331 47.254299110185464 3.667
vertex 124.79271205701205 49.473692794608084 3.667
endloop
endfacet
facet normal 0.0 0.0 1.0
outer loop
vertex 124.79271205701205 49.473692794608084 3.667
vertex 124.90068661037331 47.254299110185464 3.667
vertex 126.22453676173363 49.001036582409924 3.667
endloop
endfacet
facet normal 0.0 0.0 1.0
outer loop
vertex 126.22453676173363 49.001036582409924 3.667
vertex 124.90068661037331 47.254299110185464 3.667
vertex 126.22076481582508 46.44504188532824 3.667
endloop
endfacet
facet normal 0.0 0.0 1.0
outer loop
vertex 126.22453676173363 49.001036582409924 3.667
vertex 126.22076481582508 46.44504188532824 3.667
vertex 127.4486931325968 45.50180502569929 3.667
endloop
endfacet
facet normal 0.0 0.0 1.0
outer loop
vertex 126.22453676173363 49.001036582409924 3.667
vertex 127.4486931325968 45.50180502569929 3.667
vertex 127.66089986831227 48.542357058079254 3.667
endloop
endfacet
facet normal 0.0 0.0 1.0
outer loop
vertex 127.66089986831227 48.542357058079254 3.667
vertex 127.4486931325968 45.50180502569929 3.667
vertex 128.5709287003886 44.43499152050008 3.667
endloop
endfacet
facet normal 0.0 0.0 1.0
outer loop
vertex 127.66089986831227 48.542357058079254 3.667
vertex 128.5709287003886 44.43499152050008 3.667
vertex 129.10166494756416 48.09769778808819 3.667
endloop
endfacet
facet normal 0.0 0.0 1.0
outer loop
vertex 129.10166494756416 48.09769778808819 3.667
vertex 128.5709287003886 44.43499152050008 3.667
vertex 129.57509434757705 43.25636728967031 3.667
endloop
endfacet
facet normal 0.0 0.0 1.0
outer loop
vertex 129.10166494756416 48.09769778808819 3.667
vertex 129.57509434757705 43.25636728967031 3.667
vertex 130.54669515219544 47.66710100723172 3.667
endloop
endfacet
facet normal 0.0 0.0 1.0
outer loop
vertex 130.54669515219544 47.66710100723172 3.667
vertex 129.57509434757705 43.25636728967031 3.667
vertex 130.45011509943268 41.97893141718421 3.667
endloop
endfacet
facet normal 0.0 0.0 1.0
outer loop
vertex 130.54669515219544 47.66710100723172 3.667
vertex 130.45011509943268 41.97893141718421 3.667
vertex 131.18634032436754 40.616772783741666 3.667
endloop
endfacet
facet normal 0.0 0.0 1.0
outer loop
vertex 130.54669515219544 47.66710100723172 3.667
vertex 131.18634032436754 40.616772783741666 3.667
vertex 131.9958532298005 47.25060761461613 3.667
endloop
endfacet
facet normal 0.0 0.0 1.0
outer loop
vertex 131.9958532298005 47.25060761461613 3.667
vertex 131.18634032436754 40.616772783741666 3.667
vertex 131.7756501710561 39.18491468005669 3.667
endloop
endfacet
facet normal 0.0 0.0 1.0
outer loop
vertex 131.9958532298005 47.25060761461613 3.667
vertex 131.7756501710561 39.18491468005669 3.667
vertex 132.21154512253307 37.69914911450832 3.667
endloop
endfacet
facet normal 0.0 0.0 1.0
outer loop
vertex 131.9958532298005 47.25060761461613 3.667
vertex 132.21154512253307 37.69914911450832 3.667
vertex 133.44900153589876 46.84825716977442 3.667
endloop
endfacet
facet normal 0.0 0.0 1.0
outer loop
vertex 133.44900153589876 46.84825716977442 3.667
vertex 132.21154512253307 37.69914911450832 3.667
vertex 132.48921767957194 36.17586264257997 3.667
endloop
endfacet
facet normal 0.0 0.0 1.0
outer loop
vertex 133.44900153589876 46.84825716977442 3.667
vertex 132.48921767957194 36.17586264257997 3.667
vertex 132.60560538274584 34.63185563901998 3.667
endloop
endfacet
facet normal 0.0 0.0 1.0
outer loop
vertex 133.44900153589876 46.84825716977442 3.667
vertex 132.60560538274584 34.63185563901998 3.667
vertex 132.92574046099148 23.17187816862962 3.667
endloop
endfacet
facet normal 0.0 0.0 1.0
outer loop
vertex 133.44900153589876 46.84825716977442 3.667
vertex 132.92574046099148 23.17187816862962 3.667
vertex 133.27610326139194 24.587006540480772 3.667
endloop
endfacet
facet normal 0.0 0.0 1.0
outer loop
vertex 133.44900153589876 46.84825716977442 3.667
vertex 133.27610326139194 24.587006540480772 3.667
vertex 133.52752231662421 25.754458864776417 3.667
endloop
endfacet
facet normal 0.0 0.0 1.0
outer loop
vertex 133.44900153589876 46.84825716977442 3.667
vertex 133.52752231662421 25.754458864776417 3.667
vertex 134.90600204700812 46.46008788890876 3.667
endloop
endfacet
facet normal 0.0 0.0 1.0
outer loop
vertex 134.90600204700812 46.46008788890876 3.667
vertex 133.52752231662421 25.754458864776417 3.667
vertex 133.76630884214964 26.9245603416 3.667
endloop
endfacet
facet normal 0.0 0.0 1.0
outer loop
vertex 134.90600204700812 46.46008788890876 3.667
vertex 133.76630884214964 26.9245603416 3.667
vertex 133.99243494372706 28.097174283621243 3.667
endloop
endfacet
facet normal 0.0 0.0 1.0
outer loop
vertex 134.90600204700812 46.46008788890876 3.667
vertex 133.99243494372706 28.097174283621243 3.667
vertex 134.20587420606364 29.27216371001215 3.667
endloop
endfacet
facet normal 0.0 0.0 1.0
outer loop
vertex 134.90600204700812 46.46008788890876 3.667
vertex 134.20587420606364 29.27216371001215 3.667
vertex 134.40660169590063 30.449391362448583 3.667
endloop
endfacet
facet normal 0.0 0.0 1.0
outer loop
vertex 134.90600204700812 46.46008788890876 3.667
vertex 134.40660169590063 30.449391362448583 3.667
vertex 134.5945939649258 31.62871972114431 3.667
endloop
endfacet
facet normal 0.0 0.0 1.0
outer loop
vertex 134.90600204700812 46.46008788890876 3.667
vertex 134.5945939649258 31.62871972114431 3.667
vertex 134.76982905251288 32.8100110209157 3.667
endloop
endfacet
facet normal 0.0 0.0 1.0
outer loop
vertex 134.90600204700812 46.46008788890876 3.667
vertex 134.76982905251288 32.8100110209157 3.667
vertex 134.9322864882865 33.99312726727489 3.667
endloop
endfacet
facet normal 0.0 0.0 1.0
outer loop
vertex 134.90600204700812 46.46008788890876 3.667
vertex 134.9322864882865 33.99312726727489 3.667
vertex 135.34281058373813 37.55204264013144 3.667
endloop
endfacet
facet normal 0.0 0.0 1.0
outer loop
vertex 134.90600204700812 46.46008788890876 3.667
vertex 135.34281058373813 37.55204264013144 3.667
vertex 136.36671637375477 46.08613664126057 3.667
endloop
endfacet
facet normal 0.0 0.0 1.0
outer loop
vertex 135.34281058373813 37.55204264013144 3.667
vertex 134.9322864882865 33.99312726727489 3.667
vertex 135.08194729451395 35.1779302525499 3.667
endloop
endfacet
facet normal 0.0 0.0 1.0
outer loop
vertex 135.34281058373813 37.55204264013144 3.667
vertex 135.08194729451395 35.1779302525499 3.667
vertex 135.21879398832178 36.36428157202955 3.667
endloop
endfacet
facet normal 0.0 0.0 1.0
outer loop
vertex 136.36671637375477 46.08613664126057 3.667
vertex 135.34281058373813 37.55204264013144 3.667
vertex 135.4202355279725 38.02594567818677 3.667
endloop
endfacet
facet normal 0.0 0.0 1.0
outer loop
vertex 136.36671637375477 46.08613664126057 3.667
vertex 135.4202355279725 38.02594567818677 3.667
vertex 135.5568910097297 38.48627598435128 3.667
endloop
endfacet
facet normal 0.0 0.0 1.0
outer loop
vertex 136.36671637375477 46.08613664126057 3.667
vertex 135.5568910097297 38.48627598435128 3.667
vertex 135.75058863515315 38.92566185277797 3.667
endloop
endfacet
facet normal 0.0 0.0 1.0
outer loop
vertex 136.36671637375477 46.08613664126057 3.667
vertex 135.75058863515315 38.92566185277797 3.667
vertex 135.9982265404319 39.337066980768554 3.667
endloop
endfacet
facet normal 0.0 0.0 1.0
outer loop
vertex 136.36671637375477 46.08613664126057 3.667
vertex 135.9982265404319 39.337066980768554 3.667
vertex 136.29583906488725 39.713903147762984 3.667
endloop
endfacet
facet normal 0.0 0.0 1.0
outer loop
vertex 136.36671637375477 46.08613664126057 3.667
vertex 136.29583906488725 39.713903147762984 3.667
vertex 136.63866025685968 40.05013571876462 3.667
endloop
endfacet
facet normal 0.0 0.0 1.0
outer loop
vertex 136.36671637375477 46.08613664126057 3.667
vertex 136.63866025685968 40.05013571876462 3.667
vertex 137.83100577401797 45.726438945608756 3.667
endloop
endfacet
facet normal 0.0 0.0 1.0
outer loop
vertex 137.83100577401797 45.726438945608756 3.667
vertex 136.63866025685968 40.05013571876462 3.667
vertex 137.0212001954131 40.34038028267473 3.667
endloop
endfacet
facet normal 0.0 0.0 1.0
outer loop
vertex 137.83100577401797 45.726438945608756 3.667
vertex 137.0212001954131 40.34038028267473 3.667
vertex 137.4373329056464 40.579988877974856 3.667
endloop
endfacet
facet normal 0.0 0.0 1.0
outer loop
vertex 137.83100577401797 45.726438945608756 3.667
vertex 137.4373329056464 40.579988877974856 3.667
vertex 137.88039445974056 40.765124424943515 3.667
endloop
endfacet
facet normal 0.0 0.0 1.0
outer loop
vertex 137.83100577401797 45.726438945608756 3.667
vertex 137.88039445974056 40.765124424943515 3.667
vertex 139.29873116610807 45.38102896689593 3.667
endloop
endfacet
facet normal 0.0 0.0 1.0
outer loop
vertex 139.29873116610807 45.38102896689593 3.667
vertex 137.88039445974056 40.765124424943515 3.667
vertex 138.3432896927563 40.89282217245355 3.667
endloop
endfacet
facet normal 0.0 0.0 1.0
outer loop
vertex 139.29873116610807 45.38102896689593 3.667
vertex 138.3432896927563 40.89282217245355 3.667
vertex 138.81860582423977 40.961037175344124 3.667
endloop
endfacet
facet normal 0.0 0.0 1.0
outer loop
vertex 139.29873116610807 45.38102896689593 3.667
vertex 138.81860582423977 40.961037175344124 3.667
vertex 139.29873116610807 40.968677042067426 3.667
endloop
endfacet
facet normal 0.0 0.0 1.0
outer loop
vertex 139.29873116610807 45.38102896689593 3.667
vertex 139.29873116610807 40.968677042067426 3.667
vertex 139.55364347831525 41.281867903309305 3.667
endloop
endfacet
facet normal 0.0 0.0 1.0
outer loop
vertex 139.29873116610807 45.38102896689593 3.667
vertex 139.55364347831525 41.281867903309305 3.667
vertex 139.55364347831525 45.06783810565405 3.667
endloop
endfacet
facet normal 0.0 0.0 1.0
outer loop
vertex 139.55364347831525 45.06783810565405 3.667
vertex 139.55364347831525 41.281867903309305 3.667
vertex 139.76778940784138 41.624227835759974 3.667
endloop
endfacet
facet normal 0.0 0.0 1.0
outer loop
vertex 139.55364347831525 45.06783810565405 3.667
vertex 139.76778940784138 41.624227835759974 3.667
vertex 139.76778940784138 44.72547817320338 3.667
endloop
endfacet
facet normal 0.0 0.0 1.0
outer loop
vertex 139.76778940784138 44.72547817320338 3.667
vertex 139.76778940784138 41.624227835759974 3.667
vertex 139.93786917284265 41.99048140368436 3.667
endloop
endfacet
facet normal 0.0 0.0 1.0
outer loop
vertex 139.76778940784138 44.72547817320338 3.667
vertex 139.93786917284265 41.99048140368436 3.667
vertex 139.93786917284265 44.35922460527899 3.667
endloop
endfacet
facet normal 0.0 0.0 1.0
outer loop
vertex 139.93786917284265 44.35922460527899 3.667
vertex 139.93786917284265 41.99048140368436 3.667
vertex 140.0612620084893 42.37498499351326 3.667
endloop
endfacet
facet normal 0.0 0.0 1.0
outer loop
vertex 139.93786917284265 44.35922460527899 3.667
vertex 140.0612620084893 42.37498499351326 3.667
vertex 140.0612620084893 43.97472101545009 3.667
endloop
endfacet
facet normal 0.0 0.0 1.0
outer loop
vertex 140.0612620084893 43.97472101545009 3.667
vertex 140.0612620084893 42.37498499351326 3.667
vertex 140.13606655041906 42.77181377647501 3.667
endloop
endfacet
facet normal 0.0 0.0 1.0
outer loop
vertex 140.0612620084893 43.97472101545009 3.667
vertex 140.13606655041906 42.77181377647501 3.667
vertex 140.13606655041906 43.57789223248834 3.667
endloop
endfacet
facet normal 0.0 0.0 1.0
outer loop
vertex 140.13606655041906 43.57789223248834 3.667
vertex 140.13606655041906 42.77181377647501 3.667
vertex 140.16113013292474 43.174853004481676 3.667
endloop
endfacet
facet normal 0.016997493934525015 -0.9998555321644952 0.0
outer loop
vertex 68.29524770397222 36.48373120829361 3.667
vertex 67.91485411986923 36.47079412576958 0.8000000000000002
vertex 68.29524770397222 36.48373120829361 0.8000000000000002
endloop
endfacet
facet normal 0.06794087242857967 -0.9976893493736633 0.0
outer loop
vertex 67.91485411986923 36.47079412576958 0.8000000000000002
vertex 68.29524770397222 36.48373120829361 3.667
vertex 67.91485411986923 36.47079412576958 3.667
endloop
endfacet
facet normal -0.016997493934520987 -0.9998555321644953 0.0
outer loop
vertex 72.56675229602803 36.48373120829361 3.667
vertex 68.29524770397222 36.48373120829361 0.8000000000000002
vertex 72.56675229602803 36.48373120829361 0.8000000000000002
endloop
endfacet
facet normal 0.016997493934525015 -0.9998555321644952 0.0
outer loop
vertex 68.29524770397222 36.48373120829361 0.8000000000000002
vertex 72.56675229602803 36.48373120829361 3.667
vertex 68.29524770397222 36.48373120829361 3.667
endloop
endfacet
facet normal -0.06794087242860877 -0.9976893493736613 0.0
outer loop
vertex 72.94714588013112 36.47079412576958 3.667
vertex 72.56675229602803 36.48373120829361 0.8000000000000002
vertex 72.94714588013112 36.47079412576958 0.8000000000000002
endloop
endfacet
facet normal -0.016997493934520987 -0.9998555321644953 0.0
outer loop
vertex 72.56675229602803 36.48373120829361 0.8000000000000002
vertex 72.94714588013112 36.47079412576958 3.667
vertex 72.56675229602803 36.48373120829361 3.667
endloop
endfacet
facet normal -0.13556776961835199 -0.9907680757072795 0.0
outer loop
vertex 73.32578155088747 36.43204266435319 3.667
vertex 72.94714588013112 36.47079412576958 0.8000000000000002
vertex 73.32578155088747 36.43204266435319 0.8000000000000002
endloop
endfacet
facet normal -0.06794087242860877 -0.9976893493736613 0.0
outer loop
vertex 72.94714588013112 36.47079412576958 0.8000000000000002
vertex 73.32578155088747 36.43204266435319 3.667
vertex 72.94714588013112 36.47079412576958 3.667
endloop
endfacet
facet normal -0.20256816730454272 -0.9792681642915176 0.0
outer loop
vertex 73.70090951879754 36.36765590622161 3.667
vertex 73.32578155088747 36.43204266435319 0.8000000000000002
vertex 73.70090951879754 36.36765590622161 0.8000000000000002
endloop
endfacet
facet normal -0.13556776961835199 -0.9907680757072795 0.0
outer loop
vertex 73.32578155088747 36.43204266435319 0.8000000000000002
vertex 73.70090951879754 36.36765590622161 3.667
vertex 73.32578155088747 36.43204266435319 3.667
endloop
endfacet
facet normal -0.2686324364654111 -0.9632427596814092 0.0
outer loop
vertex 74.07079620451329 36.27793140198085 3.667
vertex 73.70090951879754 36.36765590622161 0.8000000000000002
vertex 74.07079620451329 36.27793140198085 0.8000000000000002
endloop
endfacet
facet normal -0.20256816730454272 -0.9792681642915176 0.0
outer loop
vertex 73.70090951879754 36.36765590622161 0.8000000000000002
vertex 74.07079620451329 36.27793140198085 3.667
vertex 73.70090951879754 36.36765590622161 3.667
endloop
endfacet
facet normal -0.333455274211125 -0.9427659200993551 0.0
outer loop
vertex 74.43373225023065 36.163283795594765 3.667
vertex 74.07079620451329 36.27793140198085 0.8000000000000002
vertex 74.43373225023065 36.163283795594765 0.8000000000000002
endloop
endfacet
facet normal -0.2686324364654111 -0.9632427596814092 0.0
outer loop
vertex 74.07079620451329 36.27793140198085 0.8000000000000002
vertex 74.43373225023065 36.163283795594765 3.667
vertex 74.07079620451329 36.27793140198085 3.667
endloop
endfacet
facet normal -0.39673711468041495 -0.9179322751897655 0.0
outer loop
vertex 74.78804041914697 36.02424290819035 3.667
vertex 74.43373225023065 36.163283795594765 0.8000000000000002
vertex 74.78804041914697 36.02424290819035 0.8000000000000002
endloop
endfacet
facet normal -0.333455274211125 -0.9427659200993551 0.0
outer loop
vertex 74.43373225023065 36.163283795594765 0.8000000000000002
vertex 74.78804041914697 36.02424290819035 3.667
vertex 74.43373225023065 36.163283795594765 3.667
endloop
endfacet
facet normal -0.45818551342466207 -0.8888565887069627 0.0
outer loop
vertex 75.13208334647736 35.86145128959476 3.667
vertex 74.78804041914697 36.02424290819035 0.8000000000000002
vertex 75.13208334647736 35.86145128959476 0.8000000000000002
endloop
endfacet
facet normal -0.39673711468041495 -0.9179322751897655 0.0
outer loop
vertex 74.78804041914697 36.02424290819035 0.8000000000000002
vertex 75.13208334647736 35.86145128959476 3.667
vertex 74.78804041914697 36.02424290819035 3.667
endloop
endfacet
facet normal -0.5175164988817658 -0.8556732281573143 0.0
outer loop
vertex 75.46427110621073 35.67566124891891 3.667
vertex 75.13208334647736 35.86145128959476 0.8000000000000002
vertex 75.46427110621073 35.67566124891891 0.8000000000000002
endloop
endfacet
facet normal -0.45818551342466207 -0.8888565887069627 0.0
outer loop
vertex 75.13208334647736 35.86145128959476 0.8000000000000002
vertex 75.46427110621073 35.67566124891891 3.667
vertex 75.13208334647736 35.86145128959476 3.667
endloop
endfacet
facet normal -0.5744558846942937 -0.8185355438465068 0.0
outer loop
vertex 75.78306855863701 35.46773137791052 3.667
vertex 75.46427110621073 35.67566124891891 0.8000000000000002
vertex 75.78306855863701 35.46773137791052 0.8000000000000002
endloop
endfacet
facet normal -0.5175164988817658 -0.8556732281573143 0.0
outer loop
vertex 75.46427110621073 35.67566124891891 0.8000000000000002
vertex 75.78306855863701 35.46773137791052 3.667
vertex 75.46427110621073 35.67566124891891 3.667
endloop
endfacet
facet normal -0.6287405368072714 -0.7776151602015641 0.0
outer loop
vertex 76.08700244468984 35.23862258314297 3.667
vertex 75.78306855863701 35.46773137791052 0.8000000000000002
vertex 76.08700244468984 35.23862258314297 0.8000000000000002
endloop
endfacet
facet normal -0.5744558846942937 -0.8185355438465068 0.0
outer loop
vertex 75.78306855863701 35.46773137791052 0.8000000000000002
vertex 76.08700244468984 35.23862258314297 3.667
vertex 75.78306855863701 35.46773137791052 3.667
endloop
endfacet
facet normal -0.6801195894899014 -0.7331011826426747 0.0
outer loop
vertex 76.37466819432095 34.98939364537648 3.667
vertex 76.08700244468984 35.23862258314297 0.8000000000000002
vertex 76.37466819432095 34.98939364537648 0.8000000000000002
endloop
endfacet
facet normal -0.6287405368072714 -0.7776151602015641 0.0
outer loop
vertex 76.08700244468984 35.23862258314297 0.8000000000000002
vertex 76.37466819432095 34.98939364537648 3.667
vertex 76.08700244468984 35.23862258314297 3.667
endloop
endfacet
facet normal -0.7046447616766397 -0.7095602580765581 0.0
outer loop
vertex 76.64473641744117 34.72119632661338 3.667
vertex 76.37466819432095 34.98939364537648 0.8000000000000002
vertex 76.64473641744117 34.72119632661338 0.8000000000000002
endloop
endfacet
facet normal -0.6801195894899014 -0.7331011826426747 0.0
outer loop
vertex 76.37466819432095 34.98939364537648 0.8000000000000002
vertex 76.64473641744117 34.72119632661338 3.667
vertex 76.37466819432095 34.98939364537648 3.667
endloop
endfacet
facet normal -0.9957820830631737 -0.09174989400738605 0.0
outer loop
vertex 76.64473641744117 34.72119632661338 3.667
vertex 76.83225415144368 32.68602449566532 0.8000000000000002
vertex 76.83225415144368 32.68602449566532 3.667
endloop
endfacet
facet normal -0.9936622694893242 -0.11240682449622667 0.0
outer loop
vertex 76.83225415144368 32.68602449566532 0.8000000000000002
vertex 76.64473641744117 34.72119632661338 3.667
vertex 76.64473641744117 34.72119632661338 0.8000000000000002
endloop
endfacet
facet normal -0.9936622694893242 -0.11240682449622667 0.0
outer loop
vertex 76.83225415144368 32.68602449566532 3.667
vertex 77.10410977679211 30.660393285149343 0.8000000000000002
vertex 77.10410977679211 30.660393285149343 3.667
endloop
endfacet
facet normal -0.9881383325405321 -0.15356638878353895 0.0
outer loop
vertex 77.10410977679211 30.660393285149343 0.8000000000000002
vertex 76.83225415144368 32.68602449566532 3.667
vertex 76.83225415144368 32.68602449566532 0.8000000000000002
endloop
endfacet
facet normal -0.9881383325405321 -0.15356638878353895 0.0
outer loop
vertex 77.10410977679211 30.660393285149343 3.667
vertex 77.45983444485597 28.647796146479813 0.8000000000000002
vertex 77.45983444485597 28.647796146479813 3.667
endloop
endfacet
facet normal -0.980910228891779 -0.19446110885078757 0.0
outer loop
vertex 77.45983444485597 28.647796146479813 0.8000000000000002
vertex 77.10410977679211 30.660393285149343 3.667
vertex 77.10410977679211 30.660393285149343 0.8000000000000002
endloop
endfacet
facet normal -0.980910228891779 -0.19446110885078757 0.0
outer loop
vertex 77.45983444485597 28.647796146479813 3.667
vertex 77.8988146644735 26.651704052202966 0.8000000000000002
vertex 77.8988146644735 26.651704052202966 3.667
endloop
endfacet
facet normal -0.9719904243012853 -0.2350204566981509 0.0
outer loop
vertex 77.8988146644735 26.651704052202966 0.8000000000000002
vertex 77.45983444485597 28.647796146479813 3.667
vertex 77.45983444485597 28.647796146479813 0.8000000000000002
endloop
endfacet
facet normal -0.9719904243012853 -0.2350204566981509 0.0
outer loop
vertex 77.8988146644735 26.651704052202966 3.667
vertex 78.42029335999281 24.6755595098758 0.8000000000000002
vertex 78.42029335999281 24.6755595098758 3.667
endloop
endfacet
facet normal -0.9613943020746606 -0.27517448271665046 0.0
outer loop
vertex 78.42029335999281 24.6755595098758 0.8000000000000002
vertex 77.8988146644735 26.651704052202966 3.667
vertex 77.8988146644735 26.651704052202966 0.8000000000000002
endloop
endfacet
facet normal -0.9613943020746606 -0.27517448271665046 0.0
outer loop
vertex 78.42029335999281 24.6755595098758 3.667
vertex 79.02337117694262 22.72277062503622 0.8000000000000002
vertex 79.02337117694262 22.72277062503622 3.667
endloop
endfacet
facet normal -0.949140136534489 -0.31485393632491165 0.0
outer loop
vertex 79.02337117694262 22.72277062503622 0.8000000000000002
vertex 78.42029335999281 24.6755595098758 3.667
vertex 78.42029335999281 24.6755595098758 0.8000000000000002
endloop
endfacet
facet normal -0.949140136534489 -0.31485393632491165 0.0
outer loop
vertex 79.02337117694262 22.72277062503622 3.667
vertex 79.7070080330801 20.79670522350375 0.8000000000000002
vertex 79.7070080330801 20.79670522350375 3.667
endloop
endfacet
facet normal -0.9352490615040063 -0.353990385400332 0.0
outer loop
vertex 79.7070080330801 20.79670522350375 0.8000000000000002
vertex 79.02337117694262 22.72277062503622 3.667
vertex 79.02337117694262 22.72277062503622 0.8000000000000002
endloop
endfacet
facet normal -0.9352490615040063 -0.353990385400332 0.0
outer loop
vertex 79.7070080330801 20.79670522350375 3.667
vertex 80.47002491214127 18.900685043147615 0.8000000000000002
vertex 80.47002491214127 18.900685043147615 3.667
endloop
endfacet
facet normal -0.9197450338591981 -0.3925163342987686 0.0
outer loop
vertex 80.47002491214127 18.900685043147615 0.8000000000000002
vertex 79.7070080330801 20.79670522350375 3.667
vertex 79.7070080330801 20.79670522350375 0.8000000000000002
endloop
endfacet
facet normal -0.9197450338591981 -0.3925163342987686 0.0
outer loop
vertex 80.47002491214127 18.900685043147615 3.667
vertex 81.3111058972004 17.037980005139197 0.8000000000000002
vertex 81.3111058972004 17.037980005139197 3.667
endloop
endfacet
facet normal -0.9026547922122206 -0.4303653402590792 0.0
outer loop
vertex 81.3111058972004 17.037980005139197 0.8000000000000002
vertex 80.47002491214127 18.900685043147615 3.667
vertex 80.47002491214127 18.900685043147615 0.8000000000000002
endloop
endfacet
facet normal -0.9026547922122206 -0.4303653402590792 0.0
outer loop
vertex 81.3111058972004 17.037980005139197 3.667
vertex 82.22880044013121 15.211802574568734 0.8000000000000002
vertex 82.22880044013121 15.211802574568734 3.667
endloop
endfacet
facet normal -0.8840078107973441 -0.4674721279919126 0.0
outer loop
vertex 82.22880044013121 15.211802574568734 0.8000000000000002
vertex 81.3111058972004 17.037980005139197 3.667
vertex 81.3111058972004 17.037980005139197 0.8000000000000002
endloop
endfacet
facet normal -0.8840078107973441 -0.4674721279919126 0.0
outer loop
vertex 82.22880044013121 15.211802574568734 3.667
vertex 83.2215258632567 13.425302220152211 0.8000000000000002
vertex 83.2215258632567 13.425302220152211 3.667
endloop
endfacet
facet normal -0.863836248639009 -0.5037727022549797 0.0
outer loop
vertex 83.2215258632567 13.425302220152211 0.8000000000000002
vertex 82.22880044013121 15.211802574568734 3.667
vertex 82.22880044013121 15.211802574568734 0.8000000000000002
endloop
endfacet
facet normal -0.863836248639009 -0.5037727022549797 0.0
outer loop
vertex 83.2215258632567 13.425302220152211 3.667
vertex 84.28757008887207 11.681559982583234 0.8000000000000002
vertex 84.28757008887207 11.681559982583234 3.667
endloop
endfacet
facet normal -0.8422062655272446 -0.5391554565305374 0.0
outer loop
vertex 84.28757008887207 11.681559982583234 0.8000000000000002
vertex 83.2215258632567 13.425302220152211 3.667
vertex 83.2215258632567 13.425302220152211 0.8000000000000002
endloop
endfacet
facet normal -0.8422062655272446 -0.5391554565305374 0.0
outer loop
vertex 84.28757008887207 11.681559982583234 3.667
vertex 84.68997896107602 11.080735192106317 0.8000000000000002
vertex 84.68997896107602 11.080735192106317 3.667
endloop
endfacet
facet normal -0.8191946038664769 -0.5735156501753427 0.0
outer loop
vertex 84.68997896107602 11.080735192106317 0.8000000000000002
vertex 84.28757008887207 11.681559982583234 3.667
vertex 84.28757008887207 11.681559982583234 0.8000000000000002
endloop
endfacet
facet normal -0.8191946038664769 -0.5735156501753427 0.0
outer loop
vertex 84.68997896107602 11.080735192106317 3.667
vertex 85.11685102180685 10.497037005499996 0.8000000000000002
vertex 85.11685102180685 10.497037005499996 3.667
endloop
endfacet
facet normal -0.7948172987886503 -0.6068487962798587 0.0
outer loop
vertex 85.11685102180685 10.497037005499996 0.8000000000000002
vertex 84.68997896107602 11.080735192106317 3.667
vertex 84.68997896107602 11.080735192106317 0.8000000000000002
endloop
endfacet
facet normal -0.7948172987886503 -0.6068487962798587 0.0
outer loop
vertex 85.11685102180685 10.497037005499996 3.667
vertex 85.56745830409909 9.931460833419443 0.8000000000000002
vertex 85.56745830409909 9.931460833419443 3.667
endloop
endfacet
facet normal -0.7690845507331384 -0.6391470517991981 0.0
outer loop
vertex 85.56745830409909 9.931460833419443 0.8000000000000002
vertex 85.11685102180685 10.497037005499996 3.667
vertex 85.11685102180685 10.497037005499996 0.8000000000000002
endloop
endfacet
facet normal -0.7690845507331384 -0.6391470517991981 0.0
outer loop
vertex 85.56745830409909 9.931460833419443 3.667
vertex 86.04103236408844 9.38497118211278 0.8000000000000002
vertex 86.04103236408844 9.38497118211278 3.667
endloop
endfacet
facet normal -0.7420402430838072 -0.6703553368506321 0.0
outer loop
vertex 86.04103236408844 9.38497118211278 0.8000000000000002
vertex 85.56745830409909 9.931460833419443 3.667
vertex 85.56745830409909 9.931460833419443 0.8000000000000002
endloop
endfacet
facet normal -0.7420402430838072 -0.6703553368506321 0.0
outer loop
vertex 86.04103236408844 9.38497118211278 3.667
vertex 86.53676559147885 8.858500008598785 0.8000000000000002
vertex 86.53676559147885 8.858500008598785 3.667
endloop
endfacet
facet normal -0.7137304958948658 -0.7004204303342879 0.0
outer loop
vertex 86.53676559147885 8.858500008598785 0.8000000000000002
vertex 86.04103236408844 9.38497118211278 3.667
vertex 86.04103236408844 9.38497118211278 0.8000000000000002
endloop
endfacet
facet normal -0.6842035872399025 -0.7292910606939107 0.0
outer loop
vertex 87.05381258680184 8.352945131352447 3.667
vertex 86.53676559147885 8.858500008598785 0.8000000000000002
vertex 87.05381258680184 8.352945131352447 0.8000000000000002
endloop
endfacet
facet normal -0.7137304958948658 -0.7004204303342879 0.0
outer loop
vertex 86.53676559147885 8.858500008598785 0.8000000000000002
vertex 87.05381258680184 8.352945131352447 3.667
vertex 86.53676559147885 8.858500008598785 3.667
endloop
endfacet
facet normal -0.6535098708807489 -0.7569179933529305 0.0
outer loop
vertex 87.5912916031201 7.86916869920879 3.667
vertex 87.05381258680184 8.352945131352447 0.8000000000000002
vertex 87.5912916031201 7.86916869920879 0.8000000000000002
endloop
endfacet
facet normal -0.6842035872399025 -0.7292910606939107 0.0
outer loop
vertex 87.05381258680184 8.352945131352447 0.8000000000000002
vertex 87.5912916031201 7.86916869920879 3.667
vertex 87.05381258680184 8.352945131352447 3.667
endloop
endfacet
facet normal -0.6217016903967069 -0.7832541146766338 0.0
outer loop
vertex 88.14828604971594 7.407995721095934 3.667
vertex 87.5912916031201 7.86916869920879 0.8000000000000002
vertex 88.14828604971594 7.407995721095934 0.8000000000000002
endloop
endfacet
facet normal -0.6535098708807489 -0.7569179933529305 0.0
outer loop
vertex 87.5912916031201 7.86916869920879 0.8000000000000002
vertex 88.14828604971594 7.407995721095934 3.667
vertex 87.5912916031201 7.86916869920879 3.667
endloop
endfacet
facet normal -0.5888332899202884 -0.8082545123175311 0.0
outer loop
vertex 88.7238460552008 6.970212659104766 3.667
vertex 88.14828604971594 7.407995721095934 0.8000000000000002
vertex 88.7238460552008 6.970212659104766 0.8000000000000002
endloop
endfacet
facet normal -0.6217016903967069 -0.7832541146766338 0.0
outer loop
vertex 88.14828604971594 7.407995721095934 0.8000000000000002
vertex 88.7238460552008 6.970212659104766 3.667
vertex 88.14828604971594 7.407995721095934 3.667
endloop
endfacet
facet normal -0.5549607216318643 -0.8318765518067212 0.0
outer loop
vertex 89.31699008737993 6.556566087294563 3.667
vertex 88.7238460552008 6.970212659104766 0.8000000000000002
vertex 89.31699008737993 6.556566087294563 0.8000000000000002
endloop
endfacet
facet normal -0.5888332899202884 -0.8082545123175311 0.0
outer loop
vertex 88.7238460552008 6.970212659104766 0.8000000000000002
vertex 89.31699008737993 6.556566087294563 3.667
vertex 88.7238460552008 6.970212659104766 3.667
endloop
endfacet
facet normal -0.5201417501710656 -0.8540799492605953 0.0
outer loop
vertex 89.9267066271101 6.1677614185216605 3.667
vertex 89.31699008737993 6.556566087294563 0.8000000000000002
vertex 89.9267066271101 6.1677614185216605 0.8000000000000002
endloop
endfacet
facet normal -0.5549607216318643 -0.8318765518067212 0.0
outer loop
vertex 89.31699008737993 6.556566087294563 0.8000000000000002
vertex 89.9267066271101 6.1677614185216605 3.667
vertex 89.31699008737993 6.556566087294563 3.667
endloop
endfacet
facet normal -0.48425108172379033 -0.8749290770395843 0.0
outer loop
vertex 90.55195589329506 5.804461701462513 3.667
vertex 89.9267066271101 6.1677614185216605 0.8000000000000002
vertex 90.55195589329506 5.804461701462513 0.8000000000000002
endloop
endfacet
facet normal -0.5201417501710656 -0.8540799492605953 0.0
outer loop
vertex 89.9267066271101 6.1677614185216605 0.8000000000000002
vertex 90.55195589329506 5.804461701462513 3.667
vertex 89.9267066271101 6.1677614185216605 3.667
endloop
endfacet
facet normal -0.447148561099848 -0.8944597052446441 0.0
outer loop
vertex 91.68643908994316 5.207121064537456 3.667
vertex 90.55195589329506 5.804461701462513 0.8000000000000002
vertex 91.68643908994316 5.207121064537456 0.8000000000000002
endloop
endfacet
facet normal -0.48425108172379033 -0.8749290770395843 0.0
outer loop
vertex 90.55195589329506 5.804461701462513 0.8000000000000002
vertex 91.68643908994316 5.207121064537456 3.667
vertex 90.55195589329506 5.804461701462513 3.667
endloop
endfacet
facet normal -0.40906732874069 -0.9125042030352277 0.0
outer loop
vertex 92.8450813665779 4.658107371817907 3.667
vertex 91.68643908994316 5.207121064537456 0.8000000000000002
vertex 92.8450813665779 4.658107371817907 0.8000000000000002
endloop
endfacet
facet normal -0.447148561099848 -0.8944597052446441 0.0
outer loop
vertex 91.68643908994316 5.207121064537456 0.8000000000000002
vertex 92.8450813665779 4.658107371817907 3.667
vertex 91.68643908994316 5.207121064537456 3.667
endloop
endfacet
facet normal -0.37025968109938745 -0.9289282903174927 0.0
outer loop
vertex 94.02582522459907 4.158395553122185 3.667
vertex 92.8450813665779 4.658107371817907 0.8000000000000002
vertex 94.02582522459907 4.158395553122185 0.8000000000000002
endloop
endfacet
facet normal -0.40906732874069 -0.9125042030352277 0.0
outer loop
vertex 92.8450813665779 4.658107371817907 0.8000000000000002
vertex 94.02582522459907 4.158395553122185 3.667
vertex 92.8450813665779 4.658107371817907 3.667
endloop
endfacet
facet normal -0.3307945321818551 -0.9437028014574227 0.0
outer loop
vertex 95.22657391776836 3.708872988781764 3.667
vertex 94.02582522459907 4.158395553122185 0.8000000000000002
vertex 95.22657391776836 3.708872988781764 0.8000000000000002
endloop
endfacet
facet normal -0.37025968109938745 -0.9289282903174927 0.0
outer loop
vertex 94.02582522459907 4.158395553122185 0.8000000000000002
vertex 95.22657391776836 3.708872988781764 3.667
vertex 94.02582522459907 4.158395553122185 3.667
endloop
endfacet
facet normal -0.29074196357435533 -0.9568015001121853 0.0
outer loop
vertex 96.44519517557804 3.310337933845284 3.667
vertex 95.22657391776836 3.708872988781764 0.8000000000000002
vertex 96.44519517557804 3.310337933845284 0.8000000000000002
endloop
endfacet
facet normal -0.3307945321818551 -0.9437028014574227 0.0
outer loop
vertex 95.22657391776836 3.708872988781764 0.8000000000000002
vertex 96.44519517557804 3.310337933845284 3.667
vertex 95.22657391776836 3.708872988781764 3.667
endloop
endfacet
facet normal -0.25017309999372417 -0.9682011258202141 0.0
outer loop
vertex 97.67952498970331 2.9634981005499133 3.667
vertex 96.44519517557804 3.310337933845284 0.8000000000000002
vertex 97.67952498970331 2.9634981005499133 0.8000000000000002
endloop
endfacet
facet normal -0.29074196357435533 -0.9568015001121853 0.0
outer loop
vertex 96.44519517557804 3.310337933845284 0.8000000000000002
vertex 97.67952498970331 2.9634981005499133 3.667
vertex 96.44519517557804 3.310337933845284 3.667
endloop
endfacet
facet normal -0.2091599829852405 -0.9778814353067625 0.0
outer loop
vertex 98.92737145681387 2.6689694015771535 3.667
vertex 97.67952498970331 2.9634981005499133 0.8000000000000002
vertex 98.92737145681387 2.6689694015771535 0.8000000000000002
endloop
endfacet
facet normal -0.25017309999372417 -0.9682011258202141 0.0
outer loop
vertex 97.67952498970331 2.9634981005499133 0.8000000000000002
vertex 98.92737145681387 2.6689694015771535 3.667
vertex 97.67952498970331 2.9634981005499133 3.667
endloop
endfacet
facet normal -0.16777544299237812 -0.9858252384315951 0.0
outer loop
vertex 100.18651867092119 2.427274856324868 3.667
vertex 98.92737145681387 2.6689694015771535 0.8000000000000002
vertex 100.18651867092119 2.427274856324868 0.8000000000000002
endloop
endfacet
facet normal -0.2091599829852405 -0.9778814353067625 0.0
outer loop
vertex 98.92737145681387 2.6689694015771535 0.8000000000000002
vertex 100.18651867092119 2.427274856324868 3.667
vertex 98.92737145681387 2.6689694015771535 3.667
endloop
endfacet
facet normal -0.12609297002566533 -0.9920184287149643 0.0
outer loop
vertex 101.45473065834922 2.238843662137711 3.667
vertex 100.18651867092119 2.427274856324868 0.8000000000000002
vertex 101.45473065834922 2.238843662137711 0.8000000000000002
endloop
endfacet
facet normal -0.16777544299237812 -0.9858252384315951 0.0
outer loop
vertex 100.18651867092119 2.427274856324868 0.8000000000000002
vertex 101.45473065834922 2.238843662137711 3.667
vertex 100.18651867092119 2.427274856324868 3.667
endloop
endfacet
facet normal -0.08418658316027582 -0.9964500083876753 0.0
outer loop
vertex 102.72975534834102 2.104010432145291 3.667
vertex 101.45473065834922 2.238843662137711 0.8000000000000002
vertex 102.72975534834102 2.104010432145291 0.8000000000000002
endloop
endfacet
facet normal -0.12609297002566533 -0.9920184287149643 0.0
outer loop
vertex 101.45473065834922 2.238843662137711 0.8000000000000002
vertex 102.72975534834102 2.104010432145291 3.667
vertex 101.45473065834922 2.238843662137711 3.667
endloop
endfacet
facet normal -0.04213069909415474 -0.9991121079207468 0.0
outer loop
vertex 104.00932857225054 2.0230146010614805 3.667
vertex 102.72975534834102 2.104010432145291 0.8000000000000002
vertex 104.00932857225054 2.0230146010614805 0.8000000000000002
endloop
endfacet
facet normal -0.08418658316027582 -0.9964500083876753 0.0
outer loop
vertex 102.72975534834102 2.104010432145291 0.8000000000000002
vertex 104.00932857225054 2.0230146010614805 3.667
vertex 102.72975534834102 2.104010432145291 3.667
endloop
endfacet
facet normal 0.0050665271447353335 -0.9999871650689781 0.0
outer loop
vertex 105.29117808421688 1.9960000000000013 3.667
vertex 104.00932857225054 2.0230146010614805 0.8000000000000002
vertex 105.29117808421688 1.9960000000000013 0.8000000000000002
endloop
endfacet
facet normal -0.04213069909415474 -0.9991121079207468 0.0
outer loop
vertex 104.00932857225054 2.0230146010614805 0.8000000000000002
vertex 105.29117808421688 1.9960000000000013 3.667
vertex 104.00932857225054 2.0230146010614805 3.667
endloop
endfacet
facet normal 0.062368862523816904 -0.998053167415186 0.0
outer loop
vertex 107.07085149432628 2.0515521785218547 3.667
vertex 105.29117808421688 1.9960000000000013 0.8000000000000002
vertex 107.07085149432628 2.0515521785218547 0.8000000000000002
endloop
endfacet
facet normal 0.0050665271447353335 -0.9999871650689781 0.0
outer loop
vertex 105.29117808421688 1.9960000000000013 0.8000000000000002
vertex 107.07085149432628 2.0515521785218547 3.667
vertex 105.29117808421688 1.9960000000000013 3.667
endloop
endfacet
facet normal 0.12449488157995607 -0.9922202499749704 0.0
outer loop
vertex 108.84359545206547 2.217992412504815 3.667
vertex 107.07085149432628 2.0515521785218547 0.8000000000000002
vertex 108.84359545206547 2.217992412504815 0.8000000000000002
endloop
endfacet
facet normal 0.062368862523816904 -0.998053167415186 0.0
outer loop
vertex 107.07085149432628 2.0515521785218547 0.8000000000000002
vertex 108.84359545206547 2.217992412504815 3.667
vertex 107.07085149432628 2.0515521785218547 3.667
endloop
endfacet
facet normal 0.18613615925188703 -0.9825239591068282 0.0
outer loop
vertex 110.60250748603147 2.494672639406996 3.667
vertex 108.84359545206547 2.217992412504815 0.8000000000000002
vertex 110.60250748603147 2.494672639406996 0.8000000000000002
endloop
endfacet
facet normal 0.12449488157995607 -0.9922202499749704 0.0
outer loop
vertex 108.84359545206547 2.217992412504815 0.8000000000000002
vertex 110.60250748603147 2.494672639406996 3.667
vertex 108.84359545206547 2.217992412504815 3.667
endloop
endfacet
facet normal 0.24705268504373118 -0.9690020489207869 0.0
outer loop
vertex 112.3407389817012 2.880515559065775 3.667
vertex 110.60250748603147 2.494672639406996 0.8000000000000002
vertex 112.3407389817012 2.880515559065775 0.8000000000000002
endloop
endfacet
facet normal 0.18613615925188703 -0.9825239591068282 0.0
outer loop
vertex 110.60250748603147 2.494672639406996 0.8000000000000002
vertex 112.3407389817012 2.880515559065775 3.667
vertex 110.60250748603147 2.494672639406996 3.667
endloop
endfacet
facet normal 0.3070072704007588 -0.9517071692075643 0.0
outer loop
vertex 114.05152184764327 3.3740188283439356 3.667
vertex 112.3407389817012 2.880515559065775 0.8000000000000002
vertex 114.05152184764327 3.3740188283439356 0.8000000000000002
endloop
endfacet
facet normal 0.24705268504373118 -0.9690020489207869 0.0
outer loop
vertex 112.3407389817012 2.880515559065775 0.8000000000000002
vertex 114.05152184764327 3.3740188283439356 3.667
vertex 112.3407389817012 2.880515559065775 3.667
endloop
endfacet
facet normal 0.3657664722422064 -0.9307066604379123 0.0
outer loop
vertex 115.72819486819962 3.9732609107507937 3.667
vertex 114.05152184764327 3.3740188283439356 0.8000000000000002
vertex 115.72819486819962 3.9732609107507937 0.8000000000000002
endloop
endfacet
facet normal 0.3070072704007588 -0.9517071692075643 0.0
outer loop
vertex 114.05152184764327 3.3740188283439356 0.8000000000000002
vertex 115.72819486819962 3.9732609107507937 3.667
vertex 114.05152184764327 3.3740188283439356 3.667
endloop
endfacet
facet normal 0.42310150191046675 -0.9060822915613722 0.0
outer loop
vertex 117.36422964002944 4.675908558261906 3.667
vertex 115.72819486819962 3.9732609107507937 0.8000000000000002
vertex 117.36422964002944 4.675908558261906 0.8000000000000002
endloop
endfacet
facet normal 0.3657664722422064 -0.9307066604379123 0.0
outer loop
vertex 115.72819486819962 3.9732609107507937 0.8000000000000002
vertex 117.36422964002944 4.675908558261906 3.667
vertex 115.72819486819962 3.9732609107507937 3.667
endloop
endfacet
facet normal 0.4787891159975186 -0.877929941625364 0.0
outer loop
vertex 118.9532559915252 5.479225896205634 3.667
vertex 117.36422964002944 4.675908558261906 0.8000000000000002
vertex 118.9532559915252 5.479225896205634 0.8000000000000002
endloop
endfacet
facet normal 0.42310150191046675 -0.9060822915613722 0.0
outer loop
vertex 117.36422964002944 4.675908558261906 0.8000000000000002
vertex 118.9532559915252 5.479225896205634 3.667
vertex 117.36422964002944 4.675908558261906 3.667
endloop
endfacet
facet normal 0.5326124855800107 -0.8463592264542775 0.0
outer loop
vertex 120.48908678612857 6.380085075843067 3.667
vertex 118.9532559915252 5.479225896205634 0.8000000000000002
vertex 120.48908678612857 6.380085075843067 0.8000000000000002
endloop
endfacet
facet normal 0.4787891159975186 -0.877929941625364 0.0
outer loop
vertex 118.9532559915252 5.479225896205634 0.8000000000000002
vertex 120.48908678612857 6.380085075843067 3.667
vertex 118.9532559915252 5.479225896205634 3.667
endloop
endfacet
facet normal 0.5843620404784973 -0.8114930718421491 0.0
outer loop
vertex 121.96574201296822 7.37497845316372 3.667
vertex 120.48908678612857 6.380085075843067 0.8000000000000002
vertex 121.96574201296822 7.37497845316372 0.8000000000000002
endloop
endfacet
facet normal 0.5326124855800107 -0.8463592264542775 0.0
outer loop
vertex 120.48908678612857 6.380085075843067 0.8000000000000002
vertex 121.96574201296822 7.37497845316372 3.667
vertex 120.48908678612857 6.380085075843067 3.667
endloop
endfacet
facet normal 0.6338362852535191 -0.7734672349207946 0.0
outer loop
vertex 123.37747207101957 8.46003224647682 3.667
vertex 121.96574201296822 7.37497845316372 0.8000000000000002
vertex 123.37747207101957 8.46003224647682 0.8000000000000002
endloop
endfacet
facet normal 0.5843620404784973 -0.8114930718421491 0.0
outer loop
vertex 121.96574201296822 7.37497845316372 0.8000000000000002
vertex 123.37747207101957 8.46003224647682 3.667
vertex 121.96574201296822 7.37497845316372 3.667
endloop
endfacet
facet normal 0.6786338180943641 -0.7344767803944966 0.0
outer loop
vertex 124.71878015612702 9.631021619620167 3.667
vertex 123.37747207101957 8.46003224647682 0.8000000000000002
vertex 124.71878015612702 9.631021619620167 0.8000000000000002
endloop
endfacet
facet normal 0.6338362852535191 -0.7734672349207946 0.0
outer loop
vertex 123.37747207101957 8.46003224647682 0.8000000000000002
vertex 124.71878015612702 9.631021619620167 3.667
vertex 123.37747207101957 8.46003224647682 3.667
endloop
endfacet
facet normal 0.7168514526514694 -0.697225928111884 0.0
outer loop
vertex 125.76122630943705 10.650162639387128 3.667
vertex 124.71878015612702 9.631021619620167 0.8000000000000002
vertex 125.76122630943705 10.650162639387128 0.8000000000000002
endloop
endfacet
facet normal 0.6786338180943641 -0.7344767803944966 0.0
outer loop
vertex 124.71878015612702 9.631021619620167 0.8000000000000002
vertex 125.76122630943705 10.650162639387128 3.667
vertex 124.71878015612702 9.631021619620167 3.667
endloop
endfacet
facet normal 0.7510424224483081 -0.6602539509029668 0.0
outer loop
vertex 126.75104481918969 11.720490494987263 0.8000000000000002
vertex 125.76122630943705 10.650162639387128 3.667
vertex 125.76122630943705 10.650162639387128 0.8000000000000002
endloop
endfacet
facet normal 0.7168514526514694 -0.697225928111884 0.0
outer loop
vertex 125.76122630943705 10.650162639387128 3.667
vertex 126.75104481918969 11.720490494987263 0.8000000000000002
vertex 126.75104481918969 11.720490494987263 3.667
endloop
endfacet
facet normal 0.7833287865786476 -0.6216076030078974 0.0
outer loop
vertex 127.6857255556158 12.839290889014904 0.8000000000000002
vertex 126.75104481918969 11.720490494987263 3.667
vertex 126.75104481918969 11.720490494987263 0.8000000000000002
endloop
endfacet
facet normal 0.7510424224483081 -0.6602539509029668 0.0
outer loop
vertex 126.75104481918969 11.720490494987263 3.667
vertex 127.6857255556158 12.839290889014904 0.8000000000000002
vertex 127.6857255556158 12.839290889014904 3.667
endloop
endfacet
facet normal 0.8136286684530616 -0.5813848896138409 0.0
outer loop
vertex 128.5628982155558 14.00372660015414 0.8000000000000002
vertex 127.6857255556158 12.839290889014904 3.667
vertex 127.6857255556158 12.839290889014904 0.8000000000000002
endloop
endfacet
facet normal 0.7833287865786476 -0.6216076030078974 0.0
outer loop
vertex 127.6857255556158 12.839290889014904 3.667
vertex 128.5628982155558 14.00372660015414 0.8000000000000002
vertex 128.5628982155558 14.00372660015414 3.667
endloop
endfacet
facet normal 0.8418652291008286 -0.53968781349129 0.0
outer loop
vertex 129.38033833342863 15.210844678228757 0.8000000000000002
vertex 128.5628982155558 14.00372660015414 3.667
vertex 128.5628982155558 14.00372660015414 0.8000000000000002
endloop
endfacet
facet normal 0.8136286684530616 -0.5813848896138409 0.0
outer loop
vertex 128.5628982155558 14.00372660015414 3.667
vertex 129.38033833342863 15.210844678228757 0.8000000000000002
vertex 129.38033833342863 15.210844678228757 3.667
endloop
endfacet
facet normal 0.8679668620296757 -0.49662211632020353 0.0
outer loop
vertex 130.13597292236432 16.457583932734877 0.8000000000000002
vertex 129.38033833342863 15.210844678228757 3.667
vertex 129.38033833342863 15.210844678228757 0.8000000000000002
endloop
endfacet
facet normal 0.8418652291008286 -0.53968781349129 0.0
outer loop
vertex 129.38033833342863 15.210844678228757 3.667
vertex 130.13597292236432 16.457583932734877 0.8000000000000002
vertex 130.13597292236432 16.457583932734877 3.667
endloop
endfacet
facet normal 0.8918673748162558 -0.4522970105344058 0.0
outer loop
vertex 130.82788573119404 17.740782695865466 0.8000000000000002
vertex 130.13597292236432 16.457583932734877 3.667
vertex 130.13597292236432 16.457583932734877 0.8000000000000002
endloop
endfacet
facet normal 0.8679668620296757 -0.49662211632020353 0.0
outer loop
vertex 130.13597292236432 16.457583932734877 3.667
vertex 130.82788573119404 17.740782695865466 0.8000000000000002
vertex 130.82788573119404 17.740782695865466 3.667
endloop
endfacet
facet normal 0.91350615696678 -0.40682490236437713 0.0
outer loop
vertex 131.45432210396618 19.057186840340297 0.8000000000000002
vertex 130.82788573119404 17.740782695865466 3.667
vertex 130.82788573119404 17.740782695865466 0.8000000000000002
endloop
endfacet
facet normal 0.8918673748162558 -0.4522970105344058 0.0
outer loop
vertex 130.82788573119404 17.740782695865466 3.667
vertex 131.45432210396618 19.057186840340297 0.8000000000000002
vertex 131.45432210396618 19.057186840340297 3.667
endloop
endfacet
facet normal 0.9328283336221547 -0.3603211067807631 0.0
outer loop
vertex 132.01369342966558 20.40345803170847 0.8000000000000002
vertex 131.45432210396618 19.057186840340297 3.667
vertex 131.45432210396618 19.057186840340297 0.8000000000000002
endloop
endfacet
facet normal 0.91350615696678 -0.40682490236437713 0.0
outer loop
vertex 131.45432210396618 19.057186840340297 3.667
vertex 132.01369342966558 20.40345803170847 0.8000000000000002
vertex 132.01369342966558 20.40345803170847 3.667
endloop
endfacet
facet normal 0.9497849047178778 -0.3129035550613825 0.0
outer loop
vertex 132.50458117085026 21.776182194195986 0.8000000000000002
vertex 132.01369342966558 20.40345803170847 3.667
vertex 132.01369342966558 20.40345803170847 0.8000000000000002
endloop
endfacet
facet normal 0.9328283336221547 -0.3603211067807631 0.0
outer loop
vertex 132.01369342966558 20.40345803170847 3.667
vertex 132.50458117085026 21.776182194195986 0.8000000000000002
vertex 132.50458117085026 21.776182194195986 3.667
endloop
endfacet
facet normal 0.9643328692457132 -0.26469249572349146 0.0
outer loop
vertex 132.92574046099148 23.17187816862962 0.8000000000000002
vertex 132.50458117085026 21.776182194195986 3.667
vertex 132.50458117085026 21.776182194195986 0.8000000000000002
endloop
endfacet
facet normal 0.9497849047178778 -0.3129035550613825 0.0
outer loop
vertex 132.50458117085026 21.776182194195986 3.667
vertex 132.92574046099148 23.17187816862962 0.8000000000000002
vertex 132.92574046099148 23.17187816862962 3.667
endloop
endfacet
facet normal 0.9742535176312591 -0.22545528022895808 0.0
outer loop
vertex 133.27610326139194 24.587006540480772 0.8000000000000002
vertex 132.92574046099148 23.17187816862962 3.667
vertex 132.92574046099148 23.17187816862962 0.8000000000000002
endloop
endfacet
facet normal 0.9643328692457132 -0.26469249572349146 0.0
outer loop
vertex 132.92574046099148 23.17187816862962 3.667
vertex 133.27610326139194 24.587006540480772 0.8000000000000002
vertex 133.27610326139194 24.587006540480772 3.667
endloop
endfacet
facet normal 0.9787107825814568 -0.20524425463040946 0.0
outer loop
vertex 133.52752231662421 25.754458864776417 0.8000000000000002
vertex 133.27610326139194 24.587006540480772 3.667
vertex 133.27610326139194 24.587006540480772 0.8000000000000002
endloop
endfacet
facet normal 0.9742535176312591 -0.22545528022895808 0.0
outer loop
vertex 133.27610326139194 24.587006540480772 3.667
vertex 133.52752231662421 25.754458864776417 0.8000000000000002
vertex 133.52752231662421 25.754458864776417 3.667
endloop
endfacet
facet normal 0.9808719011495941 -0.19465434373571236 0.0
outer loop
vertex 133.76630884214964 26.9245603416 0.8000000000000002
vertex 133.52752231662421 25.754458864776417 3.667
vertex 133.52752231662421 25.754458864776417 0.8000000000000002
endloop
endfacet
facet normal 0.9787107825814568 -0.20524425463040946 0.0
outer loop
vertex 133.52752231662421 25.754458864776417 3.667
vertex 133.76630884214964 26.9245603416 0.8000000000000002
vertex 133.76630884214964 26.9245603416 3.667
endloop
endfacet
facet normal 0.9829184375518666 -0.1840416939733965 0.0
outer loop
vertex 133.99243494372706 28.097174283621243 0.8000000000000002
vertex 133.76630884214964 26.9245603416 3.667
vertex 133.76630884214964 26.9245603416 0.8000000000000002
endloop
endfacet
facet normal 0.9808719011495941 -0.19465434373571236 0.0
outer loop
vertex 133.76630884214964 26.9245603416 3.667
vertex 133.99243494372706 28.097174283621243 0.8000000000000002
vertex 133.99243494372706 28.097174283621243 3.667
endloop
endfacet
facet normal 0.9848501527187505 -0.17340754507764017 0.0
outer loop
vertex 134.20587420606364 29.27216371001215 0.8000000000000002
vertex 133.99243494372706 28.097174283621243 3.667
vertex 133.99243494372706 28.097174283621243 0.8000000000000002
endloop
endfacet
facet normal 0.9829184375518666 -0.1840416939733965 0.0
outer loop
vertex 133.99243494372706 28.097174283621243 3.667
vertex 134.20587420606364 29.27216371001215 0.8000000000000002
vertex 134.20587420606364 29.27216371001215 3.667
endloop
endfacet
facet normal 0.9866668209937599 -0.16275313929404847 0.0
outer loop
vertex 134.40660169590063 30.449391362448583 0.8000000000000002
vertex 134.20587420606364 29.27216371001215 3.667
vertex 134.20587420606364 29.27216371001215 0.8000000000000002
endloop
endfacet
facet normal 0.9848501527187505 -0.17340754507764017 0.0
outer loop
vertex 134.20587420606364 29.27216371001215 3.667
vertex 134.40660169590063 30.449391362448583 0.8000000000000002
vertex 134.40660169590063 30.449391362448583 3.667
endloop
endfacet
facet normal 0.9883682301598032 -0.15207972123454894 0.0
outer loop
vertex 134.5945939649258 31.62871972114431 0.8000000000000002
vertex 134.40660169590063 30.449391362448583 3.667
vertex 134.40660169590063 30.449391362448583 0.8000000000000002
endloop
endfacet
facet normal 0.9866668209937599 -0.16275313929404847 0.0
outer loop
vertex 134.40660169590063 30.449391362448583 3.667
vertex 134.5945939649258 31.62871972114431 0.8000000000000002
vertex 134.5945939649258 31.62871972114431 3.667
endloop
endfacet
facet normal 0.9899541814639687 -0.14138853773203755 0.0
outer loop
vertex 134.76982905251288 32.8100110209157 0.8000000000000002
vertex 134.5945939649258 31.62871972114431 3.667
vertex 134.5945939649258 31.62871972114431 0.8000000000000002
endloop
endfacet
facet normal 0.9883682301598032 -0.15207972123454894 0.0
outer loop
vertex 134.5945939649258 31.62871972114431 3.667
vertex 134.76982905251288 32.8100110209157 0.8000000000000002
vertex 134.76982905251288 32.8100110209157 3.667
endloop
endfacet
facet normal 0.9914244896407364 -0.13068083769476496 0.0
outer loop
vertex 134.9322864882865 33.99312726727489 0.8000000000000002
vertex 134.76982905251288 32.8100110209157 3.667
vertex 134.76982905251288 32.8100110209157 0.8000000000000002
endloop
endfacet
facet normal 0.9899541814639687 -0.14138853773203755 0.0
outer loop
vertex 134.76982905251288 32.8100110209157 3.667
vertex 134.9322864882865 33.99312726727489 0.8000000000000002
vertex 134.9322864882865 33.99312726727489 3.667
endloop
endfacet
facet normal 0.9927789829336409 -0.1199578719603084 0.0
outer loop
vertex 135.08194729451395 35.1779302525499 0.8000000000000002
vertex 134.9322864882865 33.99312726727489 3.667
vertex 134.9322864882865 33.99312726727489 0.8000000000000002
endloop
endfacet
facet normal 0.9914244896407364 -0.13068083769476496 0.0
outer loop
vertex 134.9322864882865 33.99312726727489 3.667
vertex 135.08194729451395 35.1779302525499 0.8000000000000002
vertex 135.08194729451395 35.1779302525499 3.667
endloop
endfacet
facet normal 0.9940175031153203 -0.10922089314954349 0.0
outer loop
vertex 135.21879398832178 36.36428157202955 0.8000000000000002
vertex 135.08194729451395 35.1779302525499 3.667
vertex 135.08194729451395 35.1779302525499 0.8000000000000002
endloop
endfacet
facet normal 0.9927789829336409 -0.1199578719603084 0.0
outer loop
vertex 135.08194729451395 35.1779302525499 3.667
vertex 135.21879398832178 36.36428157202955 0.8000000000000002
vertex 135.21879398832178 36.36428157202955 3.667
endloop
endfacet
facet normal 0.9911697557864502 -0.13259907697351767 0.0
outer loop
vertex 135.34281058373813 37.55204264013144 0.8000000000000002
vertex 135.21879398832178 36.36428157202955 3.667
vertex 135.21879398832178 36.36428157202955 0.8000000000000002
endloop
endfacet
facet normal 0.9940175031153203 -0.10922089314954349 0.0
outer loop
vertex 135.21879398832178 36.36428157202955 3.667
vertex 135.34281058373813 37.55204264013144 0.8000000000000002
vertex 135.34281058373813 37.55204264013144 3.667
endloop
endfacet
facet normal 0.9747356613354912 -0.2233615690329533 0.0
outer loop
vertex 135.4202355279725 38.02594567818677 0.8000000000000002
vertex 135.34281058373813 37.55204264013144 3.667
vertex 135.34281058373813 37.55204264013144 0.8000000000000002
endloop
endfacet
facet normal 0.9911697557864502 -0.13259907697351767 0.0
outer loop
vertex 135.34281058373813 37.55204264013144 3.667
vertex 135.4202355279725 38.02594567818677 0.8000000000000002
vertex 135.4202355279725 38.02594567818677 3.667
endloop
endfacet
facet normal 0.9387220504174327 -0.34467508186709817 0.0
outer loop
vertex 135.5568910097297 38.48627598435128 0.8000000000000002
vertex 135.4202355279725 38.02594567818677 3.667
vertex 135.4202355279725 38.02594567818677 0.8000000000000002
endloop
endfacet
facet normal 0.9747356613354912 -0.2233615690329533 0.0
outer loop
vertex 135.4202355279725 38.02594567818677 3.667
vertex 135.5568910097297 38.48627598435128 0.8000000000000002
vertex 135.5568910097297 38.48627598435128 3.667
endloop
endfacet
facet normal 0.8876757928647961 -0.46046898566771644 0.0
outer loop
vertex 135.75058863515315 38.92566185277797 0.8000000000000002
vertex 135.5568910097297 38.48627598435128 3.667
vertex 135.5568910097297 38.48627598435128 0.8000000000000002
endloop
endfacet
facet normal 0.9387220504174327 -0.34467508186709817 0.0
outer loop
vertex 135.5568910097297 38.48627598435128 3.667
vertex 135.75058863515315 38.92566185277797 0.8000000000000002
vertex 135.75058863515315 38.92566185277797 3.667
endloop
endfacet
facet normal 0.8224143408205812 -0.5688889628149321 0.0
outer loop
vertex 135.9982265404319 39.337066980768554 0.8000000000000002
vertex 135.75058863515315 38.92566185277797 3.667
vertex 135.75058863515315 38.92566185277797 0.8000000000000002
endloop
endfacet
facet normal 0.8876757928647961 -0.46046898566771644 0.0
outer loop
vertex 135.75058863515315 38.92566185277797 3.667
vertex 135.9982265404319 39.337066980768554 0.8000000000000002
vertex 135.9982265404319 39.337066980768554 3.667
endloop
endfacet
facet normal 0.7439827878212626 -0.6681987813710095 0.0
outer loop
vertex 136.29583906488725 39.713903147762984 0.8000000000000002
vertex 135.9982265404319 39.337066980768554 3.667
vertex 135.9982265404319 39.337066980768554 0.8000000000000002
endloop
endfacet
facet normal 0.8224143408205812 -0.5688889628149321 0.0
outer loop
vertex 135.9982265404319 39.337066980768554 3.667
vertex 136.29583906488725 39.713903147762984 0.8000000000000002
vertex 136.29583906488725 39.713903147762984 3.667
endloop
endfacet
facet normal 0.6536371327226758 -0.7568080990093059 0.0
outer loop
vertex 136.63866025685968 40.05013571876462 3.667
vertex 136.29583906488725 39.713903147762984 0.8000000000000002
vertex 136.63866025685968 40.05013571876462 0.8000000000000002
endloop
endfacet
facet normal 0.7439827878212626 -0.6681987813710095 0.0
outer loop
vertex 136.29583906488725 39.713903147762984 0.8000000000000002
vertex 136.63866025685968 40.05013571876462 3.667
vertex 136.29583906488725 39.713903147762984 3.667
endloop
endfacet
facet normal 0.5528241661988258 -0.8332979306746017 0.0
outer loop
vertex 137.0212001954131 40.34038028267473 3.667
vertex 136.63866025685968 40.05013571876462 0.8000000000000002
vertex 137.0212001954131 40.34038028267473 0.8000000000000002
endloop
endfacet
facet normal 0.6536371327226758 -0.7568080990093059 0.0
outer loop
vertex 136.63866025685968 40.05013571876462 0.8000000000000002
vertex 137.0212001954131 40.34038028267473 3.667
vertex 136.63866025685968 40.05013571876462 3.667
endloop
endfacet
facet normal 0.44315830191060934 -0.8964433721366372 0.0
outer loop
vertex 137.4373329056464 40.579988877974856 3.667
vertex 137.0212001954131 40.34038028267473 0.8000000000000002
vertex 137.4373329056464 40.579988877974856 0.8000000000000002
endloop
endfacet
facet normal 0.5528241661988258 -0.8332979306746017 0.0
outer loop
vertex 137.0212001954131 40.34038028267473 0.8000000000000002
vertex 137.4373329056464 40.579988877974856 3.667
vertex 137.0212001954131 40.34038028267473 3.667
endloop
endfacet
facet normal 0.3263957233683321 -0.9452332155435839 0.0
outer loop
vertex 137.88039445974056 40.765124424943515 3.667
vertex 137.4373329056464 40.579988877974856 0.8000000000000002
vertex 137.88039445974056 40.765124424943515 0.8000000000000002
endloop
endfacet
facet normal 0.44315830191060934 -0.8964433721366372 0.0
outer loop
vertex 137.4373329056464 40.579988877974856 0.8000000000000002
vertex 137.88039445974056 40.765124424943515 3.667
vertex 137.4373329056464 40.579988877974856 3.667
endloop
endfacet
facet normal 0.2044062604993542 -0.978886142852513 0.0
outer loop
vertex 138.3432896927563 40.89282217245355 3.667
vertex 137.88039445974056 40.765124424943515 0.8000000000000002
vertex 138.3432896927563 40.89282217245355 0.8000000000000002
endloop
endfacet
facet normal 0.3263957233683321 -0.9452332155435839 0.0
outer loop
vertex 137.88039445974056 40.765124424943515 0.8000000000000002
vertex 138.3432896927563 40.89282217245355 3.667
vertex 137.88039445974056 40.765124424943515 3.667
endloop
endfacet
facet normal 0.0791434462878686 -0.9968632378163413 0.0
outer loop
vertex 138.81860582423977 40.961037175344124 3.667
vertex 138.3432896927563 40.89282217245355 0.8000000000000002
vertex 138.81860582423977 40.961037175344124 0.8000000000000002
endloop
endfacet
facet normal 0.2044062604993542 -0.978886142852513 0.0
outer loop
vertex 138.3432896927563 40.89282217245355 0.8000000000000002
vertex 138.81860582423977 40.961037175344124 3.667
vertex 138.3432896927563 40.89282217245355 3.667
endloop
endfacet
facet normal 0.4365568006309114 -0.8996766973879576 0.0
outer loop
vertex 139.29873116610807 40.968677042067426 3.667
vertex 138.81860582423977 40.961037175344124 0.8000000000000002
vertex 139.29873116610807 40.968677042067426 0.8000000000000002
endloop
endfacet
facet normal 0.0791434462878686 -0.9968632378163413 0.0
outer loop
vertex 138.81860582423977 40.961037175344124 0.8000000000000002
vertex 139.29873116610807 40.968677042067426 3.667
vertex 138.81860582423977 40.961037175344124 3.667
endloop
endfacet
facet normal 0.8132592910803409 -0.5819014740241697 0.0
outer loop
vertex 139.55364347831525 41.281867903309305 0.8000000000000002
vertex 139.29873116610807 40.968677042067426 3.667
vertex 139.29873116610807 40.968677042067426 0.8000000000000002
endloop
endfacet
facet normal 0.4365568006309114 -0.8996766973879576 0.0
outer loop
vertex 139.29873116610807 40.968677042067426 3.667
vertex 139.55364347831525 41.281867903309305 0.8000000000000002
vertex 139.55364347831525 41.281867903309305 3.667
endloop
endfacet
facet normal 0.8790875070395581 -0.4766604189220822 0.0
outer loop
vertex 139.76778940784138 41.624227835759974 0.8000000000000002
vertex 139.55364347831525 41.281867903309305 3.667
vertex 139.55364347831525 41.281867903309305 0.8000000000000002
endloop
endfacet
facet normal 0.8132592910803409 -0.5819014740241697 0.0
outer loop
vertex 139.55364347831525 41.281867903309305 3.667
vertex 139.76778940784138 41.624227835759974 0.8000000000000002
vertex 139.76778940784138 41.624227835759974 3.667
endloop
endfacet
facet normal 0.9313698339816162 -0.3640744873635841 0.0
outer loop
vertex 139.93786917284265 41.99048140368436 0.8000000000000002
vertex 139.76778940784138 41.624227835759974 3.667
vertex 139.76778940784138 41.624227835759974 0.8000000000000002
endloop
endfacet
facet normal 0.8790875070395581 -0.4766604189220822 0.0
outer loop
vertex 139.76778940784138 41.624227835759974 3.667
vertex 139.93786917284265 41.99048140368436 0.8000000000000002
vertex 139.93786917284265 41.99048140368436 3.667
endloop
endfacet
facet normal 0.9693006517689846 -0.2458785197617345 0.0
outer loop
vertex 140.0612620084893 42.37498499351326 0.8000000000000002
vertex 139.93786917284265 41.99048140368436 3.667
vertex 139.93786917284265 41.99048140368436 0.8000000000000002
endloop
endfacet
facet normal 0.9313698339816162 -0.3640744873635841 0.0
outer loop
vertex 139.93786917284265 41.99048140368436 3.667
vertex 140.0612620084893 42.37498499351326 0.8000000000000002
vertex 140.0612620084893 42.37498499351326 3.667
endloop
endfacet
facet normal 0.9922954831523189 -0.12389380176387471 0.0
outer loop
vertex 140.13606655041906 42.77181377647501 0.8000000000000002
vertex 140.0612620084893 42.37498499351326 3.667
vertex 140.0612620084893 42.37498499351326 0.8000000000000002
endloop
endfacet
facet normal 0.9693006517689846 -0.2458785197617345 0.0
outer loop
vertex 140.0612620084893 42.37498499351326 3.667
vertex 140.13606655041906 42.77181377647501 0.8000000000000002
vertex 140.13606655041906 42.77181377647501 3.667
endloop
endfacet
facet normal 1.0 4.1161523549995794e-16 0.0
outer loop
vertex 140.16113013292474 43.174853004481676 0.8000000000000002
vertex 140.13606655041906 42.77181377647501 3.667
vertex 140.13606655041906 42.77181377647501 0.8000000000000002
endloop
endfacet
facet normal 0.9922954831523189 -0.12389380176387471 0.0
outer loop
vertex 140.13606655041906 42.77181377647501 3.667
vertex 140.16113013292474 43.174853004481676 0.8000000000000002
vertex 140.16113013292474 43.174853004481676 3.667
endloop
endfacet
facet normal 0.9922954831523186 0.12389380176387513 0.0
outer loop
vertex 140.13606655041906 43.57789223248834 0.8000000000000002
vertex 140.16113013292474 43.174853004481676 3.667
vertex 140.16113013292474 43.174853004481676 0.8000000000000002
endloop
endfacet
facet normal 1.0 4.1161523549995794e-16 0.0
outer loop
vertex 140.16113013292474 43.174853004481676 3.667
vertex 140.13606655041906 43.57789223248834 0.8000000000000002
vertex 140.13606655041906 43.57789223248834 3.667
endloop
endfacet
facet normal 0.9693006517689846 0.2458785197617345 0.0
outer loop
vertex 140.0612620084893 43.97472101545009 0.8000000000000002
vertex 140.13606655041906 43.57789223248834 3.667
vertex 140.13606655041906 43.57789223248834 0.8000000000000002
endloop
endfacet
facet normal 0.9922954831523186 0.12389380176387513 0.0
outer loop
vertex 140.13606655041906 43.57789223248834 3.667
vertex 140.0612620084893 43.97472101545009 0.8000000000000002
vertex 140.0612620084893 43.97472101545009 3.667
endloop
endfacet
facet normal 0.9313698339816162 0.3640744873635841 0.0
outer loop
vertex 139.93786917284265 44.35922460527899 0.8000000000000002
vertex 140.0612620084893 43.97472101545009 3.667
vertex 140.0612620084893 43.97472101545009 0.8000000000000002
endloop
endfacet
facet normal 0.9693006517689846 0.2458785197617345 0.0
outer loop
vertex 140.0612620084893 43.97472101545009 3.667
vertex 139.93786917284265 44.35922460527899 0.8000000000000002
vertex 139.93786917284265 44.35922460527899 3.667
endloop
endfacet
facet normal 0.8790875070395581 0.4766604189220822 0.0
outer loop
vertex 139.76778940784138 44.72547817320338 0.8000000000000002
vertex 139.93786917284265 44.35922460527899 3.667
vertex 139.93786917284265 44.35922460527899 0.8000000000000002
endloop
endfacet
facet normal 0.9313698339816162 0.3640744873635841 0.0
outer loop
vertex 139.93786917284265 44.35922460527899 3.667
vertex 139.76778940784138 44.72547817320338 0.8000000000000002
vertex 139.76778940784138 44.72547817320338 3.667
endloop
endfacet
facet normal 0.8132592910803434 0.581901474024166 0.0
outer loop
vertex 139.55364347831525 45.06783810565405 0.8000000000000002
vertex 139.76778940784138 44.72547817320338 3.667
vertex 139.76778940784138 44.72547817320338 0.8000000000000002
endloop
endfacet
facet normal 0.8790875070395581 0.4766604189220822 0.0
outer loop
vertex 139.76778940784138 44.72547817320338 3.667
vertex 139.55364347831525 45.06783810565405 0.8000000000000002
vertex 139.55364347831525 45.06783810565405 3.667
endloop
endfacet
facet normal 0.7755747117581154 0.631255785305225 0.0
outer loop
vertex 139.29873116610807 45.38102896689593 0.8000000000000002
vertex 139.55364347831525 45.06783810565405 3.667
vertex 139.55364347831525 45.06783810565405 0.8000000000000002
endloop
endfacet
facet normal 0.8132592910803434 0.581901474024166 0.0
outer loop
vertex 139.55364347831525 45.06783810565405 3.667
vertex 139.29873116610807 45.38102896689593 0.8000000000000002
vertex 139.29873116610807 45.38102896689593 3.667
endloop
endfacet
facet normal 0.2338194588886634 0.972280032009818 0.0
outer loop
vertex 137.83100577401797 45.726438945608756 3.667
vertex 139.29873116610807 45.38102896689593 0.8000000000000002
vertex 137.83100577401797 45.726438945608756 0.8000000000000002
endloop
endfacet
facet normal 0.229078815501231 0.9734078776589765 0.0
outer loop
vertex 139.29873116610807 45.38102896689593 0.8000000000000002
vertex 137.83100577401797 45.726438945608756 3.667
vertex 139.29873116610807 45.38102896689593 3.667
endloop
endfacet
facet normal 0.2432839765801971 0.9699551055277383 0.0
outer loop
vertex 136.36671637375477 46.08613664126057 3.667
vertex 137.83100577401797 45.726438945608756 0.8000000000000002
vertex 136.36671637375477 46.08613664126057 0.8000000000000002
endloop
endfacet
facet normal 0.2338194588886634 0.972280032009818 0.0
outer loop
vertex 137.83100577401797 45.726438945608756 0.8000000000000002
vertex 136.36671637375477 46.08613664126057 3.667
vertex 137.83100577401797 45.726438945608756 3.667
endloop
endfacet
facet normal 0.25272538658102023 0.9675380504029152 0.0
outer loop
vertex 134.90600204700812 46.46008788890876 3.667
vertex 136.36671637375477 46.08613664126057 0.8000000000000002
vertex 134.90600204700812 46.46008788890876 0.8000000000000002
endloop
endfacet
facet normal 0.2432839765801971 0.9699551055277383 0.0
outer loop
vertex 136.36671637375477 46.08613664126057 0.8000000000000002
vertex 134.90600204700812 46.46008788890876 3.667
vertex 136.36671637375477 46.08613664126057 3.667
endloop
endfacet
facet normal 0.26214279212357844 0.965029096212987 0.0
outer loop
vertex 133.44900153589876 46.84825716977442 3.667
vertex 134.90600204700812 46.46008788890876 0.8000000000000002
vertex 133.44900153589876 46.84825716977442 0.8000000000000002
endloop
endfacet
facet normal 0.25272538658102023 0.9675380504029152 0.0
outer loop
vertex 134.90600204700812 46.46008788890876 0.8000000000000002
vertex 133.44900153589876 46.84825716977442 3.667
vertex 134.90600204700812 46.46008788890876 3.667
endloop
endfacet
facet normal 0.2715352987203007 0.9624284812643884 0.0
outer loop
vertex 131.9958532298005 47.25060761461613 3.667
vertex 133.44900153589876 46.84825716977442 0.8000000000000002
vertex 131.9958532298005 47.25060761461613 0.8000000000000002
endloop
endfacet
facet normal 0.26214279212357844 0.965029096212987 0.0
outer loop
vertex 133.44900153589876 46.84825716977442 0.8000000000000002
vertex 131.9958532298005 47.25060761461613 3.667
vertex 133.44900153589876 46.84825716977442 3.667
endloop
endfacet
facet normal 0.2809020142485505 0.9597364525697183 0.0
outer loop
vertex 130.54669515219544 47.66710100723172 3.667
vertex 131.9958532298005 47.25060761461613 0.8000000000000002
vertex 130.54669515219544 47.66710100723172 0.8000000000000002
endloop
endfacet
facet normal 0.2715352987203007 0.9624284812643884 0.0
outer loop
vertex 131.9958532298005 47.25060761461613 0.8000000000000002
vertex 130.54669515219544 47.66710100723172 3.667
vertex 131.9958532298005 47.25060761461613 3.667
endloop
endfacet
facet normal 0.2902420490354258 0.9569532658242604 0.0
outer loop
vertex 129.10166494756416 48.09769778808819 3.667
vertex 130.54669515219544 47.66710100723172 0.8000000000000002
vertex 129.10166494756416 48.09769778808819 0.8000000000000002
endloop
endfacet
facet normal 0.2809020142485505 0.9597364525697183 0.0
outer loop
vertex 130.54669515219544 47.66710100723172 0.8000000000000002
vertex 129.10166494756416 48.09769778808819 3.667
vertex 130.54669515219544 47.66710100723172 3.667
endloop
endfacet
facet normal 0.2995545159422166 0.9540791853817084 0.0
outer loop
vertex 127.66089986831227 48.542357058079254 3.667
vertex 129.10166494756416 48.09769778808819 0.8000000000000002
vertex 127.66089986831227 48.542357058079254 0.8000000000000002
endloop
endfacet
facet normal 0.2902420490354258 0.9569532658242604 0.0
outer loop
vertex 129.10166494756416 48.09769778808819 0.8000000000000002
vertex 127.66089986831227 48.542357058079254 3.667
vertex 129.10166494756416 48.09769778808819 3.667
endloop
endfacet
facet normal 0.30883853044865633 0.951114484229062 0.0
outer loop
vertex 126.22453676173363 49.001036582409924 3.667
vertex 127.66089986831227 48.542357058079254 0.8000000000000002
vertex 126.22453676173363 49.001036582409924 0.8000000000000002
endloop
endfacet
facet normal 0.2995545159422166 0.9540791853817084 0.0
outer loop
vertex 127.66089986831227 48.542357058079254 0.8000000000000002
vertex 126.22453676173363 49.001036582409924 3.667
vertex 127.66089986831227 48.542357058079254 3.667
endloop
endfacet
facet normal 0.31809321073695657 0.9480594439606909 0.0
outer loop
vertex 124.79271205701205 49.473692794608084 3.667
vertex 126.22453676173363 49.001036582409924 0.8000000000000002
vertex 124.79271205701205 49.473692794608084 0.8000000000000002
endloop
endfacet
facet normal 0.30883853044865633 0.951114484229062 0.0
outer loop
vertex 126.22453676173363 49.001036582409924 0.8000000000000002
vertex 124.79271205701205 49.473692794608084 3.667
vertex 126.22453676173363 49.001036582409924 3.667
endloop
endfacet
facet normal 0.3069930265138048 0.9517117639663252 0.0
outer loop
vertex 124.07913690463765 49.71698679763534 3.667
vertex 124.79271205701205 49.473692794608084 0.8000000000000002
vertex 124.07913690463765 49.71698679763534 0.8000000000000002
endloop
endfacet
facet normal 0.31809321073695657 0.9480594439606909 0.0
outer loop
vertex 124.79271205701205 49.473692794608084 0.8000000000000002
vertex 124.07913690463765 49.71698679763534 3.667
vertex 124.79271205701205 49.473692794608084 3.667
endloop
endfacet
facet normal 0.2593565970117645 0.9657816293482069 0.0
outer loop
vertex 121.12540444204068 50.61605339551048 3.667
vertex 124.07913690463765 49.71698679763534 0.8000000000000002
vertex 121.12540444204068 50.61605339551048 0.8000000000000002
endloop
endfacet
facet normal 0.3069930265138048 0.9517117639663252 0.0
outer loop
vertex 124.07913690463765 49.71698679763534 0.8000000000000002
vertex 121.12540444204068 50.61605339551048 3.667
vertex 124.07913690463765 49.71698679763534 3.667
endloop
endfacet
facet normal 0.19486653197722145 0.9808297684691113 0.0
outer loop
vertex 118.11864289021803 51.31765241097091 3.667
vertex 121.12540444204068 50.61605339551048 0.8000000000000002
vertex 118.11864289021803 51.31765241097091 0.8000000000000002
endloop
endfacet
facet normal 0.2593565970117645 0.9657816293482069 0.0
outer loop
vertex 121.12540444204068 50.61605339551048 0.8000000000000002
vertex 118.11864289021803 51.31765241097091 3.667
vertex 121.12540444204068 50.61605339551048 3.667
endloop
endfacet
facet normal 0.12952189633440586 0.9915765620313639 0.0
outer loop
vertex 115.07203814631775 51.818707041184844 3.667
vertex 118.11864289021803 51.31765241097091 0.8000000000000002
vertex 115.07203814631775 51.818707041184844 0.8000000000000002
endloop
endfacet
facet normal 0.19486653197722145 0.9808297684691113 0.0
outer loop
vertex 118.11864289021803 51.31765241097091 0.8000000000000002
vertex 115.07203814631775 51.818707041184844 3.667
vertex 118.11864289021803 51.31765241097091 3.667
endloop
endfacet
facet normal 0.06360925342727855 0.9979748808854982 0.0
outer loop
vertex 111.9989508364196 52.117019953671566 3.667
vertex 115.07203814631775 51.818707041184844 0.8000000000000002
vertex 111.9989508364196 52.117019953671566 0.8000000000000002
endloop
endfacet
facet normal 0.12952189633440586 0.9915765620313639 0.0
outer loop
vertex 115.07203814631775 51.818707041184844 0.8000000000000002
vertex 111.9989508364196 52.117019953671566 3.667
vertex 115.07203814631775 51.818707041184844 3.667
endloop
endfacet
facet normal -0.0025823424526392447 0.99999666574817 0.0
outer loop
vertex 108.91285772364431 52.21128292251619 3.667
vertex 111.9989508364196 52.117019953671566 0.8000000000000002
vertex 108.91285772364431 52.21128292251619 0.8000000000000002
endloop
endfacet
facet normal 0.06360925342727855 0.9979748808854982 0.0
outer loop
vertex 111.9989508364196 52.117019953671566 0.8000000000000002
vertex 108.91285772364431 52.21128292251619 3.667
vertex 111.9989508364196 52.117019953671566 3.667
endloop
endfacet
facet normal -0.06876261368928943 0.9976330502537583 0.0
outer loop
vertex 105.82729260695601 52.10108256548316 3.667
vertex 108.91285772364431 52.21128292251619 0.8000000000000002
vertex 105.82729260695601 52.10108256548316 0.8000000000000002
endloop
endfacet
facet normal -0.0025823424526392447 0.99999666574817 0.0
outer loop
vertex 108.91285772364431 52.21128292251619 0.8000000000000002
vertex 105.82729260695601 52.10108256548316 3.667
vertex 108.91285772364431 52.21128292251619 3.667
endloop
endfacet
facet normal -0.1346413323298591 0.9908943998370565 0.0
outer loop
vertex 102.75578696983648 51.78690215686891 3.667
vertex 105.82729260695601 52.10108256548316 0.8000000000000002
vertex 102.75578696983648 51.78690215686891 0.8000000000000002
endloop
endfacet
facet normal -0.06876261368928943 0.9976330502537583 0.0
outer loop
vertex 105.82729260695601 52.10108256548316 0.8000000000000002
vertex 102.75578696983648 51.78690215686891 3.667
vertex 105.82729260695601 52.10108256548316 3.667
endloop
endfacet
facet normal -0.19992959285481227 0.9798102662765424 0.0
outer loop
vertex 99.71181063911527 51.270119508143566 3.667
vertex 102.75578696983648 51.78690215686891 0.8000000000000002
vertex 99.71181063911527 51.270119508143566 0.8000000000000002
endloop
endfacet
facet normal -0.1346413323298591 0.9908943998370565 0.0
outer loop
vertex 102.75578696983648 51.78690215686891 0.8000000000000002
vertex 99.71181063911527 51.270119508143566 3.667
vertex 102.75578696983648 51.78690215686891 3.667
endloop
endfacet
facet normal -0.26434107914848476 0.9644292580975624 0.0
outer loop
vertex 96.70871271418952 50.553000925675775 3.667
vertex 99.71181063911527 51.270119508143566 0.8000000000000002
vertex 96.70871271418952 50.553000925675775 0.8000000000000002
endloop
endfacet
facet normal -0.19992959285481227 0.9798102662765424 0.0
outer loop
vertex 99.71181063911527 51.270119508143566 0.8000000000000002
vertex 96.70871271418952 50.553000925675775 3.667
vertex 99.71181063911527 51.270119508143566 3.667
endloop
endfacet
facet normal -0.32759332011404935 0.9448188274037801 0.0
outer loop
vertex 93.75966302568293 49.638691272038955 3.667
vertex 96.70871271418952 50.553000925675775 0.8000000000000002
vertex 93.75966302568293 49.638691272038955 0.8000000000000002
endloop
endfacet
facet normal -0.26434107914848476 0.9644292580975624 0.0
outer loop
vertex 96.70871271418952 50.553000925675775 0.8000000000000002
vertex 93.75966302568293 49.638691272038955 3.667
vertex 96.70871271418952 50.553000925675775 3.667
endloop
endfacet
facet normal -0.38940892842651653 0.9210649740717057 0.0
outer loop
vertex 90.87759438027385 48.53120017448374 3.667
vertex 93.75966302568293 49.638691272038955 0.8000000000000002
vertex 90.87759438027385 48.53120017448374 0.8000000000000002
endloop
endfacet
facet normal -0.32759332011404935 0.9448188274037801 0.0
outer loop
vertex 93.75966302568293 49.638691272038955 0.8000000000000002
vertex 90.87759438027385 48.53120017448374 3.667
vertex 93.75966302568293 49.638691272038955 3.667
endloop
endfacet
facet normal -0.4859477631901512 0.873987855436498 0.0
outer loop
vertex 88.07514584497083 47.235384441058656 3.667
vertex 90.87759438027385 48.53120017448374 0.8000000000000002
vertex 88.07514584497083 47.235384441058656 0.8000000000000002
endloop
endfacet
facet normal -0.38940892842651653 0.9210649740717057 0.0
outer loop
vertex 90.87759438027385 48.53120017448374 0.8000000000000002
vertex 88.07514584497083 47.235384441058656 3.667
vertex 90.87759438027385 48.53120017448374 3.667
endloop
endfacet
facet normal -0.5895256663117916 0.8077496448526846 0.0
outer loop
vertex 84.8148275385325 45.090987867010526 3.667
vertex 88.07514584497083 47.235384441058656 0.8000000000000002
vertex 84.8148275385325 45.090987867010526 0.8000000000000002
endloop
endfacet
facet normal -0.4859477631901512 0.873987855436498 0.0
outer loop
vertex 88.07514584497083 47.235384441058656 0.8000000000000002
vertex 84.8148275385325 45.090987867010526 3.667
vertex 88.07514584497083 47.235384441058656 3.667
endloop
endfacet
facet normal -0.6652581872005559 0.7466133834606973 0.0
outer loop
vertex 81.77841786074316 42.63979868730334 3.667
vertex 84.8148275385325 45.090987867010526 0.8000000000000002
vertex 81.77841786074316 42.63979868730334 0.8000000000000002
endloop
endfacet
facet normal -0.5895256663117916 0.8077496448526846 0.0
outer loop
vertex 84.8148275385325 45.090987867010526 0.8000000000000002
vertex 81.77841786074316 42.63979868730334 3.667
vertex 84.8148275385325 45.090987867010526 3.667
endloop
endfacet
facet normal -0.606211670623355 0.7953033448942868 0.0
outer loop
vertex 78.99468089409383 39.90503715718845 3.667
vertex 81.77841786074316 42.63979868730334 0.8000000000000002
vertex 78.99468089409383 39.90503715718845 0.8000000000000002
endloop
endfacet
facet normal -0.6652581872005559 0.7466133834606973 0.0
outer loop
vertex 81.77841786074316 42.63979868730334 0.8000000000000002
vertex 78.99468089409383 39.90503715718845 3.667
vertex 81.77841786074316 42.63979868730334 3.667
endloop
endfacet
facet normal -0.4602088057120532 0.8878107090732155 0.0
outer loop
vertex 78.82625444237735 39.80724408193284 3.667
vertex 78.99468089409383 39.90503715718845 0.8000000000000002
vertex 78.82625444237735 39.80724408193284 0.8000000000000002
endloop
endfacet
facet normal -0.606211670623355 0.7953033448942868 0.0
outer loop
vertex 78.99468089409383 39.90503715718845 0.8000000000000002
vertex 78.82625444237735 39.80724408193284 3.667
vertex 78.99468089409383 39.90503715718845 3.667
endloop
endfacet
facet normal -0.37331917680354093 0.9277029655179112 0.0
outer loop
vertex 78.64925853150295 39.72598275817121 3.667
vertex 78.82625444237735 39.80724408193284 0.8000000000000002
vertex 78.64925853150295 39.72598275817121 0.8000000000000002
endloop
endfacet
facet normal -0.4602088057120532 0.8878107090732155 0.0
outer loop
vertex 78.82625444237735 39.80724408193284 0.8000000000000002
vertex 78.64925853150295 39.72598275817121 3.667
vertex 78.82625444237735 39.80724408193284 3.667
endloop
endfacet
facet normal -0.28301696273455196 0.9591149038590264 0.0
outer loop
vertex 78.46531111644443 39.66199601189486 3.667
vertex 78.64925853150295 39.72598275817121 0.8000000000000002
vertex 78.46531111644443 39.66199601189486 0.8000000000000002
endloop
endfacet
facet normal -0.37331917680354093 0.9277029655179112 0.0
outer loop
vertex 78.64925853150295 39.72598275817121 0.8000000000000002
vertex 78.46531111644443 39.66199601189486 3.667
vertex 78.64925853150295 39.72598275817121 3.667
endloop
endfacet
facet normal -0.19012763408049663 0.9817593812940892 0.0
outer loop
vertex 78.27609369726373 39.615868758731935 3.667
vertex 78.46531111644443 39.66199601189486 0.8000000000000002
vertex 78.27609369726373 39.615868758731935 0.8000000000000002
endloop
endfacet
facet normal -0.28301696273455196 0.9591149038590264 0.0
outer loop
vertex 78.46531111644443 39.66199601189486 0.8000000000000002
vertex 78.27609369726373 39.615868758731935 3.667
vertex 78.46531111644443 39.66199601189486 3.667
endloop
endfacet
facet normal -0.09550031074794264 0.9954294001319463 0.0
outer loop
vertex 78.0833359481832 39.58802265711693 3.667
vertex 78.27609369726373 39.615868758731935 0.8000000000000002
vertex 78.0833359481832 39.58802265711693 0.8000000000000002
endloop
endfacet
facet normal -0.19012763408049663 0.9817593812940892 0.0
outer loop
vertex 78.27609369726373 39.615868758731935 0.8000000000000002
vertex 78.0833359481832 39.58802265711693 3.667
vertex 78.27609369726373 39.615868758731935 3.667
endloop
endfacet
facet normal 0.0 1.0 0.0
outer loop
vertex 77.8887999062878 39.57871225382657 3.667
vertex 78.0833359481832 39.58802265711693 0.8000000000000002
vertex 77.8887999062878 39.57871225382657 0.8000000000000002
endloop
endfacet
facet normal -0.09550031074794264 0.9954294001319463 0.0
outer loop
vertex 78.0833359481832 39.58802265711693 0.8000000000000002
vertex 77.8887999062878 39.57871225382657 3.667
vertex 78.0833359481832 39.58802265711693 3.667
endloop
endfacet
facet normal 0.09550031074795277 0.9954294001319454 0.0
outer loop
vertex 77.69426386439243 39.58802265711693 3.667
vertex 77.8887999062878 39.57871225382657 0.8000000000000002
vertex 77.69426386439243 39.58802265711693 0.8000000000000002
endloop
endfacet
facet normal 0.0 1.0 0.0
outer loop
vertex 77.8887999062878 39.57871225382657 0.8000000000000002
vertex 77.69426386439243 39.58802265711693 3.667
vertex 77.8887999062878 39.57871225382657 3.667
endloop
endfacet
facet normal 0.1901276340804995 0.9817593812940887 0.0
outer loop
vertex 77.50150611531188 39.61586875873194 3.667
vertex 77.69426386439243 39.58802265711693 0.8000000000000002
vertex 77.50150611531188 39.61586875873194 0.8000000000000002
endloop
endfacet
facet normal 0.09550031074795277 0.9954294001319454 0.0
outer loop
vertex 77.69426386439243 39.58802265711693 0.8000000000000002
vertex 77.50150611531188 39.61586875873194 3.667
vertex 77.69426386439243 39.58802265711693 3.667
endloop
endfacet
facet normal 0.28301696273455823 0.9591149038590244 0.0
outer loop
vertex 77.3122886961312 39.66199601189486 3.667
vertex 77.50150611531188 39.61586875873194 0.8000000000000002
vertex 77.3122886961312 39.66199601189486 0.8000000000000002
endloop
endfacet
facet normal 0.1901276340804995 0.9817593812940887 0.0
outer loop
vertex 77.50150611531188 39.61586875873194 0.8000000000000002
vertex 77.3122886961312 39.66199601189486 3.667
vertex 77.50150611531188 39.61586875873194 3.667
endloop
endfacet
facet normal 0.3733191768035423 0.9277029655179105 0.0
outer loop
vertex 77.12834128107266 39.72598275817121 3.667
vertex 77.3122886961312 39.66199601189486 0.8000000000000002
vertex 77.12834128107266 39.72598275817121 0.8000000000000002
endloop
endfacet
facet normal 0.28301696273455823 0.9591149038590244 0.0
outer loop
vertex 77.3122886961312 39.66199601189486 0.8000000000000002
vertex 77.12834128107266 39.72598275817121 3.667
vertex 77.3122886961312 39.66199601189486 3.667
endloop
endfacet
facet normal 0.4602088057120556 0.8878107090732144 0.0
outer loop
vertex 76.95134537019828 39.80724408193286 3.667
vertex 77.12834128107266 39.72598275817121 0.8000000000000002
vertex 76.95134537019828 39.80724408193286 0.8000000000000002
endloop
endfacet
facet normal 0.3733191768035423 0.9277029655179105 0.0
outer loop
vertex 77.12834128107266 39.72598275817121 0.8000000000000002
vertex 76.95134537019828 39.80724408193286 3.667
vertex 77.12834128107266 39.72598275817121 3.667
endloop
endfacet
facet normal 0.5124274242114815 0.8587305368484264 0.0
outer loop
vertex 76.7829189184818 39.90503715718845 3.667
vertex 76.95134537019828 39.80724408193286 0.8000000000000002
vertex 76.7829189184818 39.90503715718845 0.8000000000000002
endloop
endfacet
facet normal 0.4602088057120556 0.8878107090732144 0.0
outer loop
vertex 76.95134537019828 39.80724408193286 0.8000000000000002
vertex 76.7829189184818 39.90503715718845 3.667
vertex 76.95134537019828 39.80724408193286 3.667
endloop
endfacet
facet normal 0.5021242703146755 0.8647954770701306 0.0
outer loop
vertex 76.46631473203743 40.099133558744 3.667
vertex 76.7829189184818 39.90503715718845 0.8000000000000002
vertex 76.46631473203743 40.099133558744 0.8000000000000002
endloop
endfacet
facet normal 0.5124274242114815 0.8587305368484264 0.0
outer loop
vertex 76.7829189184818 39.90503715718845 0.8000000000000002
vertex 76.46631473203743 40.099133558744 3.667
vertex 76.7829189184818 39.90503715718845 3.667
endloop
endfacet
facet normal 0.4602088057120693 0.8878107090732072 0.0
outer loop
vertex 76.14079377852967 40.27787284597066 3.667
vertex 76.46631473203743 40.099133558744 0.8000000000000002
vertex 76.14079377852967 40.27787284597066 0.8000000000000002
endloop
endfacet
facet normal 0.5021242703146755 0.8647954770701306 0.0
outer loop
vertex 76.46631473203743 40.099133558744 0.8000000000000002
vertex 76.14079377852967 40.27787284597066 3.667
vertex 76.46631473203743 40.099133558744 3.667
endloop
endfacet
facet normal 0.41724102439740257 0.908795866825882 0.0
outer loop
vertex 75.80710039647448 40.440846312349336 3.667
vertex 76.14079377852967 40.27787284597066 0.8000000000000002
vertex 75.80710039647448 40.440846312349336 0.8000000000000002
endloop
endfacet
facet normal 0.4602088057120693 0.8878107090732072 0.0
outer loop
vertex 76.14079377852967 40.27787284597066 0.8000000000000002
vertex 75.80710039647448 40.440846312349336 3.667
vertex 76.14079377852967 40.27787284597066 3.667
endloop
endfacet
facet normal 0.37331917680354015 0.9277029655179115 0.0
outer loop
vertex 75.46599761152085 40.5876813015984 3.667
vertex 75.80710039647448 40.440846312349336 0.8000000000000002
vertex 75.46599761152085 40.5876813015984 0.8000000000000002
endloop
endfacet
facet normal 0.41724102439740257 0.908795866825882 0.0
outer loop
vertex 75.80710039647448 40.440846312349336 0.8000000000000002
vertex 75.46599761152085 40.5876813015984 3.667
vertex 75.80710039647448 40.440846312349336 3.667
endloop
endfacet
facet normal 0.3285436949380208 0.9444887720436241 0.0
outer loop
vertex 75.11826539171082 40.71804205979234 3.667
vertex 75.46599761152085 40.5876813015984 0.8000000000000002
vertex 75.11826539171082 40.71804205979234 0.8000000000000002
endloop
endfacet
facet normal 0.37331917680354015 0.9277029655179115 0.0
outer loop
vertex 75.46599761152085 40.5876813015984 0.8000000000000002
vertex 75.11826539171082 40.71804205979234 3.667
vertex 75.46599761152085 40.5876813015984 3.667
endloop
endfacet
facet normal 0.28301696273455823 0.9591149038590244 0.0
outer loop
vertex 74.76469886399913 40.83163050309887 3.667
vertex 75.11826539171082 40.71804205979234 0.8000000000000002
vertex 74.76469886399913 40.83163050309887 0.8000000000000002
endloop
endfacet
facet normal 0.3285436949380208 0.9444887720436241 0.0
outer loop
vertex 75.11826539171082 40.71804205979234 0.8000000000000002
vertex 74.76469886399913 40.83163050309887 3.667
vertex 75.11826539171082 40.71804205979234 3.667
endloop
endfacet
facet normal 0.23684308194118012 0.971547916747601 0.0
outer loop
vertex 74.40610649611023 40.92818689937967 3.667
vertex 74.76469886399913 40.83163050309887 0.8000000000000002
vertex 74.40610649611023 40.92818689937967 0.8000000000000002
endloop
endfacet
facet normal 0.28301696273455823 0.9591149038590244 0.0
outer loop
vertex 74.76469886399913 40.83163050309887 0.8000000000000002
vertex 74.40610649611023 40.92818689937967 3.667
vertex 74.76469886399913 40.83163050309887 3.667
endloop
endfacet
facet normal 0.190127634080482 0.981759381294092 0.0
outer loop
vertex 74.0433082478903 41.007490462095674 3.667
vertex 74.40610649611023 40.92818689937967 0.8000000000000002
vertex 74.0433082478903 41.007490462095674 0.8000000000000002
endloop
endfacet
facet normal 0.23684308194118012 0.971547916747601 0.0
outer loop
vertex 74.40610649611023 40.92818689937967 0.8000000000000002
vertex 74.0433082478903 41.007490462095674 3.667
vertex 74.40610649611023 40.92818689937967 3.667
endloop
endfacet
facet normal 0.14297743902617804 0.9897259478913926 0.0
outer loop
vertex 73.67713369638123 41.06935985515912 3.667
vertex 74.0433082478903 41.007490462095674 0.8000000000000002
vertex 73.67713369638123 41.06935985515912 0.8000000000000002
endloop
endfacet
facet normal 0.190127634080482 0.981759381294092 0.0
outer loop
vertex 74.0433082478903 41.007490462095674 0.8000000000000002
vertex 73.67713369638123 41.06935985515912 3.667
vertex 74.0433082478903 41.007490462095674 3.667
endloop
endfacet
facet normal 0.09550031074795633 0.995429400131945 0.0
outer loop
vertex 73.30842013890395 41.11365360757802 3.667
vertex 73.67713369638123 41.06935985515912 0.8000000000000002
vertex 73.30842013890395 41.11365360757802 0.8000000000000002
endloop
endfacet
facet normal 0.14297743902617804 0.9897259478913926 0.0
outer loop
vertex 73.67713369638123 41.06935985515912 0.8000000000000002
vertex 73.30842013890395 41.11365360757802 3.667
vertex 73.67713369638123 41.06935985515912 3.667
endloop
endfacet
facet normal 0.04780481078330765 0.9988566964614956 0.0
outer loop
vertex 72.93801067848833 41.14027043694461 3.667
vertex 73.30842013890395 41.11365360757802 0.8000000000000002
vertex 72.93801067848833 41.14027043694461 0.8000000000000002
endloop
endfacet
facet normal 0.09550031074795633 0.995429400131945 0.0
outer loop
vertex 73.30842013890395 41.11365360757802 0.8000000000000002
vertex 72.93801067848833 41.14027043694461 3.667
vertex 73.30842013890395 41.11365360757802 3.667
endloop
endfacet
facet normal 0.011955474572843837 0.9999285307599429 0.0
outer loop
vertex 72.56675229602803 41.14914948102849 3.667
vertex 72.93801067848833 41.14027043694461 0.8000000000000002
vertex 72.56675229602803 41.14914948102849 0.8000000000000002
endloop
endfacet
facet normal 0.04780481078330765 0.9988566964614956 0.0
outer loop
vertex 72.93801067848833 41.14027043694461 0.8000000000000002
vertex 72.56675229602803 41.14914948102849 3.667
vertex 72.93801067848833 41.14027043694461 3.667
endloop
endfacet
facet normal -0.011955474572834766 0.9999285307599431 0.0
outer loop
vertex 68.29524770397222 41.14914948102849 3.667
vertex 72.56675229602803 41.14914948102849 0.8000000000000002
vertex 68.29524770397222 41.14914948102849 0.8000000000000002
endloop
endfacet
facet normal 0.011955474572843837 0.9999285307599429 0.0
outer loop
vertex 72.56675229602803 41.14914948102849 0.8000000000000002
vertex 68.29524770397222 41.14914948102849 3.667
vertex 72.56675229602803 41.14914948102849 3.667
endloop
endfacet
facet normal -0.04780481078330294 0.9988566964614958 0.0
outer loop
vertex 67.92398932151163 41.14027043694461 3.667
vertex 68.29524770397222 41.14914948102849 0.8000000000000002
vertex 67.92398932151163 41.14027043694461 0.8000000000000002
endloop
endfacet
facet normal -0.011955474572834766 0.9999285307599431 0.0
outer loop
vertex 68.29524770397222 41.14914948102849 0.8000000000000002
vertex 67.92398932151163 41.14027043694461 3.667
vertex 68.29524770397222 41.14914948102849 3.667
endloop
endfacet
facet normal -0.09550031074806165 0.9954294001319349 0.0
outer loop
vertex 67.55357986109607 41.11365360757802 3.667
vertex 67.92398932151163 41.14027043694461 0.8000000000000002
vertex 67.55357986109607 41.11365360757802 0.8000000000000002
endloop
endfacet
facet normal -0.04780481078330294 0.9988566964614958 0.0
outer loop
vertex 67.92398932151163 41.14027043694461 0.8000000000000002
vertex 67.55357986109607 41.11365360757802 3.667
vertex 67.92398932151163 41.14027043694461 3.667
endloop
endfacet
facet normal -0.14297743902618323 0.9897259478913919 0.0
outer loop
vertex 67.18486630361942 41.06935985515912 3.667
vertex 67.55357986109607 41.11365360757802 0.8000000000000002
vertex 67.18486630361942 41.06935985515912 0.8000000000000002
endloop
endfacet
facet normal -0.09550031074806165 0.9954294001319349 0.0
outer loop
vertex 67.55357986109607 41.11365360757802 0.8000000000000002
vertex 67.18486630361942 41.06935985515912 3.667
vertex 67.55357986109607 41.11365360757802 3.667
endloop
endfacet
facet normal -0.19012763408039932 0.981759381294108 0.0
outer loop
vertex 66.81869175210988 41.00749046209566 3.667
vertex 67.18486630361942 41.06935985515912 0.8000000000000002
vertex 66.81869175210988 41.00749046209566 0.8000000000000002
endloop
endfacet
facet normal -0.14297743902618323 0.9897259478913919 0.0
outer loop
vertex 67.18486630361942 41.06935985515912 0.8000000000000002
vertex 66.81869175210988 41.00749046209566 3.667
vertex 67.18486630361942 41.06935985515912 3.667
endloop
endfacet
facet normal -0.23684308194104278 0.9715479167476344 0.0
outer loop
vertex 66.45589350389002 40.92818689937967 3.667
vertex 66.81869175210988 41.00749046209566 0.8000000000000002
vertex 66.45589350389002 40.92818689937967 0.8000000000000002
endloop
endfacet
facet normal -0.19012763408039932 0.981759381294108 0.0
outer loop
vertex 66.81869175210988 41.00749046209566 0.8000000000000002
vertex 66.45589350389002 40.92818689937967 3.667
vertex 66.81869175210988 41.00749046209566 3.667
endloop
endfacet
facet normal -0.2830169627345849 0.9591149038590167 0.0
outer loop
vertex 66.09730113600071 40.83163050309887 3.667
vertex 66.45589350389002 40.92818689937967 0.8000000000000002
vertex 66.09730113600071 40.83163050309887 0.8000000000000002
endloop
endfacet
facet normal -0.23684308194104278 0.9715479167476344 0.0
outer loop
vertex 66.45589350389002 40.92818689937967 0.8000000000000002
vertex 66.09730113600071 40.83163050309887 3.667
vertex 66.45589350389002 40.92818689937967 3.667
endloop
endfacet
facet normal -0.3285436949383748 0.9444887720435009 0.0
outer loop
vertex 65.74373460828946 40.71804205979234 3.667
vertex 66.09730113600071 40.83163050309887 0.8000000000000002
vertex 65.74373460828946 40.71804205979234 0.8000000000000002
endloop
endfacet
facet normal -0.2830169627345849 0.9591149038590167 0.0
outer loop
vertex 66.09730113600071 40.83163050309887 0.8000000000000002
vertex 65.74373460828946 40.71804205979234 3.667
vertex 66.09730113600071 40.83163050309887 3.667
endloop
endfacet
facet normal -0.37331917680337523 0.9277029655179778 0.0
outer loop
vertex 65.39600238847983 40.5876813015984 3.667
vertex 65.74373460828946 40.71804205979234 0.8000000000000002
vertex 65.39600238847983 40.5876813015984 0.8000000000000002
endloop
endfacet
facet normal -0.3285436949383748 0.9444887720435009 0.0
outer loop
vertex 65.74373460828946 40.71804205979234 0.8000000000000002
vertex 65.39600238847983 40.5876813015984 3.667
vertex 65.74373460828946 40.71804205979234 3.667
endloop
endfacet
facet normal -0.41724102439727123 0.9087958668259423 0.0
outer loop
vertex 65.05489960352547 40.44084631234931 3.667
vertex 65.39600238847983 40.5876813015984 0.8000000000000002
vertex 65.05489960352547 40.44084631234931 0.8000000000000002
endloop
endfacet
facet normal -0.37331917680337523 0.9277029655179778 0.0
outer loop
vertex 65.39600238847983 40.5876813015984 0.8000000000000002
vertex 65.05489960352547 40.44084631234931 3.667
vertex 65.39600238847983 40.5876813015984 3.667
endloop
endfacet
facet normal -0.46020880571231704 0.8878107090730788 0.0
outer loop
vertex 64.72120622147067 40.27787284597066 3.667
vertex 65.05489960352547 40.44084631234931 0.8000000000000002
vertex 64.72120622147067 40.27787284597066 0.8000000000000002
endloop
endfacet
facet normal -0.41724102439727123 0.9087958668259423 0.0
outer loop
vertex 65.05489960352547 40.44084631234931 0.8000000000000002
vertex 64.72120622147067 40.27787284597066 3.667
vertex 65.05489960352547 40.44084631234931 3.667
endloop
endfacet
facet normal -0.502124270314596 0.8647954770701768 0.0
outer loop
vertex 64.395685267963 40.099133558744 3.667
vertex 64.72120622147067 40.27787284597066 0.8000000000000002
vertex 64.395685267963 40.099133558744 0.8000000000000002
endloop
endfacet
facet normal -0.46020880571231704 0.8878107090730788 0.0
outer loop
vertex 64.72120622147067 40.27787284597066 0.8000000000000002
vertex 64.395685267963 40.099133558744 3.667
vertex 64.72120622147067 40.27787284597066 3.667
endloop
endfacet
facet normal -0.5124274242111719 0.858730536848611 0.0
outer loop
vertex 64.07908108151842 39.90503715718845 3.667
vertex 64.395685267963 40.099133558744 0.8000000000000002
vertex 64.07908108151842 39.90503715718845 0.8000000000000002
endloop
endfacet
facet normal -0.502124270314596 0.8647954770701768 0.0
outer loop
vertex 64.395685267963 40.099133558744 0.8000000000000002
vertex 64.07908108151842 39.90503715718845 3.667
vertex 64.395685267963 40.099133558744 3.667
endloop
endfacet
facet normal -0.4602088057117359 0.88781070907338 0.0
outer loop
vertex 63.9106546298018 39.807244081932865 3.667
vertex 64.07908108151842 39.90503715718845 0.8000000000000002
vertex 63.9106546298018 39.807244081932865 0.8000000000000002
endloop
endfacet
facet normal -0.5124274242111719 0.858730536848611 0.0
outer loop
vertex 64.07908108151842 39.90503715718845 0.8000000000000002
vertex 63.9106546298018 39.807244081932865 3.667
vertex 64.07908108151842 39.90503715718845 3.667
endloop
endfacet
facet normal -0.37331917680357285 0.9277029655178982 0.0
outer loop
vertex 63.73365871892725 39.72598275817121 3.667
vertex 63.9106546298018 39.807244081932865 0.8000000000000002
vertex 63.73365871892725 39.72598275817121 0.8000000000000002
endloop
endfacet
facet normal -0.4602088057117359 0.88781070907338 0.0
outer loop
vertex 63.9106546298018 39.807244081932865 0.8000000000000002
vertex 63.73365871892725 39.72598275817121 3.667
vertex 63.9106546298018 39.807244081932865 3.667
endloop
endfacet
facet normal -0.2830169627346618 0.959114903858994 0.0
outer loop
vertex 63.549711303868946 39.66199601189486 3.667
vertex 63.73365871892725 39.72598275817121 0.8000000000000002
vertex 63.549711303868946 39.66199601189486 0.8000000000000002
endloop
endfacet
facet normal -0.37331917680357285 0.9277029655178982 0.0
outer loop
vertex 63.73365871892725 39.72598275817121 0.8000000000000002
vertex 63.549711303868946 39.66199601189486 3.667
vertex 63.73365871892725 39.72598275817121 3.667
endloop
endfacet
facet normal -0.19012763408033648 0.9817593812941202 0.0
outer loop
vertex 63.360493884688154 39.61586875873196 3.667
vertex 63.549711303868946 39.66199601189486 0.8000000000000002
vertex 63.360493884688154 39.61586875873196 0.8000000000000002
endloop
endfacet
facet normal -0.2830169627346618 0.959114903858994 0.0
outer loop
vertex 63.549711303868946 39.66199601189486 0.8000000000000002
vertex 63.360493884688154 39.61586875873196 3.667
vertex 63.549711303868946 39.66199601189486 3.667
endloop
endfacet
facet normal -0.09550031074799081 0.9954294001319416 0.0
outer loop
vertex 63.1677361356073 39.58802265711693 3.667
vertex 63.360493884688154 39.61586875873196 0.8000000000000002
vertex 63.1677361356073 39.58802265711693 0.8000000000000002
endloop
endfacet
facet normal -0.19012763408033648 0.9817593812941202 0.0
outer loop
vertex 63.360493884688154 39.61586875873196 0.8000000000000002
vertex 63.1677361356073 39.58802265711693 3.667
vertex 63.360493884688154 39.61586875873196 3.667
endloop
endfacet
facet normal -2.035054521455229e-13 1.0 0.0
outer loop
vertex 62.97320009371302 39.57871225382657 3.667
vertex 63.1677361356073 39.58802265711693 0.8000000000000002
vertex 62.97320009371302 39.57871225382657 0.8000000000000002
endloop
endfacet
facet normal -0.09550031074799081 0.9954294001319416 0.0
outer loop
vertex 63.1677361356073 39.58802265711693 0.8000000000000002
vertex 62.97320009371302 39.57871225382657 3.667
vertex 63.1677361356073 39.58802265711693 3.667
endloop
endfacet
facet normal 0.09550031074795758 0.9954294001319449 0.0
outer loop
vertex 62.77866405181708 39.58802265711693 3.667
vertex 62.97320009371302 39.57871225382657 0.8000000000000002
vertex 62.77866405181708 39.58802265711693 0.8000000000000002
endloop
endfacet
facet normal -2.035054521455229e-13 1.0 0.0
outer loop
vertex 62.97320009371302 39.57871225382657 0.8000000000000002
vertex 62.77866405181708 39.58802265711693 3.667
vertex 62.97320009371302 39.57871225382657 3.667
endloop
endfacet
facet normal 0.19012763408027528 0.9817593812941321 0.0
outer loop
vertex 62.585906302736774 39.615868758731935 3.667
vertex 62.77866405181708 39.58802265711693 0.8000000000000002
vertex 62.585906302736774 39.615868758731935 0.8000000000000002
endloop
endfacet
facet normal 0.09550031074795758 0.9954294001319449 0.0
outer loop
vertex 62.77866405181708 39.58802265711693 0.8000000000000002
vertex 62.585906302736774 39.615868758731935 3.667
vertex 62.77866405181708 39.58802265711693 3.667
endloop
endfacet
facet normal 0.28301696273485066 0.9591149038589382 0.0
outer loop
vertex 62.39668888355555 39.66199601189486 3.667
vertex 62.585906302736774 39.615868758731935 0.8000000000000002
vertex 62.39668888355555 39.66199601189486 0.8000000000000002
endloop
endfacet
facet normal 0.19012763408027528 0.9817593812941321 0.0
outer loop
vertex 62.585906302736774 39.615868758731935 0.8000000000000002
vertex 62.39668888355555 39.66199601189486 3.667
vertex 62.585906302736774 39.615868758731935 3.667
endloop
endfacet
facet normal 0.3733191768038253 0.9277029655177967 0.0
outer loop
vertex 62.21274146849779 39.72598275817121 3.667
vertex 62.39668888355555 39.66199601189486 0.8000000000000002
vertex 62.21274146849779 39.72598275817121 0.8000000000000002
endloop
endfacet
facet normal 0.28301696273485066 0.9591149038589382 0.0
outer loop
vertex 62.39668888355555 39.66199601189486 0.8000000000000002
vertex 62.21274146849779 39.72598275817121 3.667
vertex 62.39668888355555 39.66199601189486 3.667
endloop
endfacet
facet normal 0.4602088057110653 0.8878107090737276 0.0
outer loop
vertex 62.035745557623095 39.80724408193284 3.667
vertex 62.21274146849779 39.72598275817121 0.8000000000000002
vertex 62.035745557623095 39.80724408193284 0.8000000000000002
endloop
endfacet
facet normal 0.3733191768038253 0.9277029655177967 0.0
outer loop
vertex 62.21274146849779 39.72598275817121 0.8000000000000002
vertex 62.035745557623095 39.80724408193284 3.667
vertex 62.21274146849779 39.72598275817121 3.667
endloop
endfacet
facet normal 0.6062116706227882 0.7953033448947189 0.0
outer loop
vertex 61.867319105905985 39.90503715718845 3.667
vertex 62.035745557623095 39.80724408193284 0.8000000000000002
vertex 61.867319105905985 39.90503715718845 0.8000000000000002
endloop
endfacet
facet normal 0.4602088057110653 0.8878107090737276 0.0
outer loop
vertex 62.035745557623095 39.80724408193284 0.8000000000000002
vertex 61.867319105905985 39.90503715718845 3.667
vertex 62.035745557623095 39.80724408193284 3.667
endloop
endfacet
facet normal 0.6652581872005606 0.746613383460693 0.0
outer loop
vertex 59.08358213925762 42.63979868730334 3.667
vertex 61.867319105905985 39.90503715718845 0.8000000000000002
vertex 59.08358213925762 42.63979868730334 0.8000000000000002
endloop
endfacet
facet normal 0.6062116706227882 0.7953033448947189 0.0
outer loop
vertex 61.867319105905985 39.90503715718845 0.8000000000000002
vertex 59.08358213925762 42.63979868730334 3.667
vertex 61.867319105905985 39.90503715718845 3.667
endloop
endfacet
facet normal 0.5895256663117838 0.8077496448526904 0.0
outer loop
vertex 56.04717246146729 45.090987867010526 3.667
vertex 59.08358213925762 42.63979868730334 0.8000000000000002
vertex 56.04717246146729 45.090987867010526 0.8000000000000002
endloop
endfacet
facet normal 0.6652581872005606 0.746613383460693 0.0
outer loop
vertex 59.08358213925762 42.63979868730334 0.8000000000000002
vertex 56.04717246146729 45.090987867010526 3.667
vertex 59.08358213925762 42.63979868730334 3.667
endloop
endfacet
facet normal 0.48594776319017646 0.8739878554364839 0.0
outer loop
vertex 52.78685415502998 47.23538444105865 3.667
vertex 56.04717246146729 45.090987867010526 0.8000000000000002
vertex 52.78685415502998 47.23538444105865 0.8000000000000002
endloop
endfacet
facet normal 0.5895256663117838 0.8077496448526904 0.0
outer loop
vertex 56.04717246146729 45.090987867010526 0.8000000000000002
vertex 52.78685415502998 47.23538444105865 3.667
vertex 56.04717246146729 45.090987867010526 3.667
endloop
endfacet
facet normal 0.3894089284264831 0.9210649740717199 0.0
outer loop
vertex 49.984405619726324 48.53120017448374 3.667
vertex 52.78685415502998 47.23538444105865 0.8000000000000002
vertex 49.984405619726324 48.53120017448374 0.8000000000000002
endloop
endfacet
facet normal 0.48594776319017646 0.8739878554364839 0.0
outer loop
vertex 52.78685415502998 47.23538444105865 0.8000000000000002
vertex 49.984405619726324 48.53120017448374 3.667
vertex 52.78685415502998 47.23538444105865 3.667
endloop
endfacet
facet normal 0.32759332011404635 0.9448188274037812 0.0
outer loop
vertex 47.10233697431736 49.63869127203895 3.667
vertex 49.984405619726324 48.53120017448374 0.8000000000000002
vertex 47.10233697431736 49.63869127203895 0.8000000000000002
endloop
endfacet
facet normal 0.3894089284264831 0.9210649740717199 0.0
outer loop
vertex 49.984405619726324 48.53120017448374 0.8000000000000002
vertex 47.10233697431736 49.63869127203895 3.667
vertex 49.984405619726324 48.53120017448374 3.667
endloop
endfacet
facet normal 0.2643410791484771 0.9644292580975644 0.0
outer loop
vertex 44.15328728581057 50.553000925675775 3.667
vertex 47.10233697431736 49.63869127203895 0.8000000000000002
vertex 44.15328728581057 50.553000925675775 0.8000000000000002
endloop
endfacet
facet normal 0.32759332011404635 0.9448188274037812 0.0
outer loop
vertex 47.10233697431736 49.63869127203895 0.8000000000000002
vertex 44.15328728581057 50.553000925675775 3.667
vertex 47.10233697431736 49.63869127203895 3.667
endloop
endfacet
facet normal 0.19992959285482056 0.9798102662765408 0.0
outer loop
vertex 41.15018936088484 51.270119508143566 3.667
vertex 44.15328728581057 50.553000925675775 0.8000000000000002
vertex 41.15018936088484 51.270119508143566 0.8000000000000002
endloop
endfacet
facet normal 0.2643410791484771 0.9644292580975644 0.0
outer loop
vertex 44.15328728581057 50.553000925675775 0.8000000000000002
vertex 41.15018936088484 51.270119508143566 3.667
vertex 44.15328728581057 50.553000925675775 3.667
endloop
endfacet
facet normal 0.1346413323298615 0.9908943998370562 0.0
outer loop
vertex 38.10621303016403 51.786902156868905 3.667
vertex 41.15018936088484 51.270119508143566 0.8000000000000002
vertex 38.10621303016403 51.786902156868905 0.8000000000000002
endloop
endfacet
facet normal 0.19992959285482056 0.9798102662765408 0.0
outer loop
vertex 41.15018936088484 51.270119508143566 0.8000000000000002
vertex 38.10621303016403 51.786902156868905 3.667
vertex 41.15018936088484 51.270119508143566 3.667
endloop
endfacet
facet normal 0.06876261368928777 0.9976330502537584 0.0
outer loop
vertex 35.0347073930442 52.10108256548316 3.667
vertex 38.10621303016403 51.786902156868905 0.8000000000000002
vertex 35.0347073930442 52.10108256548316 0.8000000000000002
endloop
endfacet
facet normal 0.1346413323298615 0.9908943998370562 0.0
outer loop
vertex 38.10621303016403 51.786902156868905 0.8000000000000002
vertex 35.0347073930442 52.10108256548316 3.667
vertex 38.10621303016403 51.786902156868905 3.667
endloop
endfacet
facet normal 0.00258234245264226 0.9999966657481701 0.0
outer loop
vertex 31.949142276356074 52.21128292251619 3.667
vertex 35.0347073930442 52.10108256548316 0.8000000000000002
vertex 31.949142276356074 52.21128292251619 0.8000000000000002
endloop
endfacet
facet normal 0.06876261368928777 0.9976330502537584 0.0
outer loop
vertex 35.0347073930442 52.10108256548316 0.8000000000000002
vertex 31.949142276356074 52.21128292251619 3.667
vertex 35.0347073930442 52.10108256548316 3.667
endloop
endfacet
facet normal -0.06360925342727645 0.9979748808854982 0.0
outer loop
vertex 28.863049163580882 52.117019953671566 3.667
vertex 31.949142276356074 52.21128292251619 0.8000000000000002
vertex 28.863049163580882 52.117019953671566 0.8000000000000002
endloop
endfacet
facet normal 0.00258234245264226 0.9999966657481701 0.0
outer loop
vertex 31.949142276356074 52.21128292251619 0.8000000000000002
vertex 28.863049163580882 52.117019953671566 3.667
vertex 31.949142276356074 52.21128292251619 3.667
endloop
endfacet
facet normal -0.12952189633440106 0.9915765620313646 0.0
outer loop
vertex 25.78996185368239 51.81870704118482 3.667
vertex 28.863049163580882 52.117019953671566 0.8000000000000002
vertex 25.78996185368239 51.81870704118482 0.8000000000000002
endloop
endfacet
facet normal -0.06360925342727645 0.9979748808854982 0.0
outer loop
vertex 28.863049163580882 52.117019953671566 0.8000000000000002
vertex 25.78996185368239 51.81870704118482 3.667
vertex 28.863049163580882 52.117019953671566 3.667
endloop
endfacet
facet normal -0.19486653197721016 0.9808297684691136 0.0
outer loop
vertex 22.74335710978205 51.31765241097089 3.667
vertex 25.78996185368239 51.81870704118482 0.8000000000000002
vertex 22.74335710978205 51.31765241097089 0.8000000000000002
endloop
endfacet
facet normal -0.12952189633440106 0.9915765620313646 0.0
outer loop
vertex 25.78996185368239 51.81870704118482 0.8000000000000002
vertex 22.74335710978205 51.31765241097089 3.667
vertex 25.78996185368239 51.81870704118482 3.667
endloop
endfacet
facet normal -0.25935659701180375 0.9657816293481963 0.0
outer loop
vertex 19.736595557959177 50.61605339551048 3.667
vertex 22.74335710978205 51.31765241097089 0.8000000000000002
vertex 19.736595557959177 50.61605339551048 0.8000000000000002
endloop
endfacet
facet normal -0.19486653197721016 0.9808297684691136 0.0
outer loop
vertex 22.74335710978205 51.31765241097089 0.8000000000000002
vertex 19.736595557959177 50.61605339551048 3.667
vertex 22.74335710978205 51.31765241097089 3.667
endloop
endfacet
facet normal -0.3069930265137011 0.9517117639663587 0.0
outer loop
vertex 16.78286309536321 49.71698679763533 3.667
vertex 19.736595557959177 50.61605339551048 0.8000000000000002
vertex 16.78286309536321 49.71698679763533 0.8000000000000002
endloop
endfacet
facet normal -0.25935659701180375 0.9657816293481963 0.0
outer loop
vertex 19.736595557959177 50.61605339551048 0.8000000000000002
vertex 16.78286309536321 49.71698679763533 3.667
vertex 19.736595557959177 50.61605339551048 3.667
endloop
endfacet
facet normal -0.3180932107368412 0.9480594439607295 0.0
outer loop
vertex 16.06928794298812 49.473692794608084 3.667
vertex 16.78286309536321 49.71698679763533 0.8000000000000002
vertex 16.06928794298812 49.473692794608084 0.8000000000000002
endloop
endfacet
facet normal -0.3069930265137011 0.9517117639663587 0.0
outer loop
vertex 16.78286309536321 49.71698679763533 0.8000000000000002
vertex 16.06928794298812 49.473692794608084 3.667
vertex 16.78286309536321 49.71698679763533 3.667
endloop
endfacet
facet normal -0.30883853044867327 0.9511144842290563 0.0
outer loop
vertex 14.637463238266925 49.001036582409924 3.667
vertex 16.06928794298812 49.473692794608084 0.8000000000000002
vertex 14.637463238266925 49.001036582409924 0.8000000000000002
endloop
endfacet
facet normal -0.3180932107368412 0.9480594439607295 0.0
outer loop
vertex 16.06928794298812 49.473692794608084 0.8000000000000002
vertex 14.637463238266925 49.001036582409924 3.667
vertex 16.06928794298812 49.473692794608084 3.667
endloop
endfacet
facet normal -0.2995545159421925 0.954079185381716 0.0
outer loop
vertex 13.201100131688053 48.542357058079254 3.667
vertex 14.637463238266925 49.001036582409924 0.8000000000000002
vertex 13.201100131688053 48.542357058079254 0.8000000000000002
endloop
endfacet
facet normal -0.30883853044867327 0.9511144842290563 0.0
outer loop
vertex 14.637463238266925 49.001036582409924 0.8000000000000002
vertex 13.201100131688053 48.542357058079254 3.667
vertex 14.637463238266925 49.001036582409924 3.667
endloop
endfacet
facet normal -0.29024204903542966 0.9569532658242593 0.0
outer loop
vertex 11.760335052436139 48.09769778808819 3.667
vertex 13.201100131688053 48.542357058079254 0.8000000000000002
vertex 11.760335052436139 48.09769778808819 0.8000000000000002
endloop
endfacet
facet normal -0.2995545159421925 0.954079185381716 0.0
outer loop
vertex 13.201100131688053 48.542357058079254 0.8000000000000002
vertex 11.760335052436139 48.09769778808819 3.667
vertex 13.201100131688053 48.542357058079254 3.667
endloop
endfacet
facet normal -0.2809020142485386 0.9597364525697218 0.0
outer loop
vertex 10.31530484780501 47.66710100723172 3.667
vertex 11.760335052436139 48.09769778808819 0.8000000000000002
vertex 10.31530484780501 47.66710100723172 0.8000000000000002
endloop
endfacet
facet normal -0.29024204903542966 0.9569532658242593 0.0
outer loop
vertex 11.760335052436139 48.09769778808819 0.8000000000000002
vertex 10.31530484780501 47.66710100723172 3.667
vertex 11.760335052436139 48.09769778808819 3.667
endloop
endfacet
facet normal -0.27153529872031895 0.9624284812643832 0.0
outer loop
vertex 8.866146770199657 47.25060761461613 3.667
vertex 10.31530484780501 47.66710100723172 0.8000000000000002
vertex 8.866146770199657 47.25060761461613 0.8000000000000002
endloop
endfacet
facet normal -0.2809020142485386 0.9597364525697218 0.0
outer loop
vertex 10.31530484780501 47.66710100723172 0.8000000000000002
vertex 8.866146770199657 47.25060761461613 3.667
vertex 10.31530484780501 47.66710100723172 3.667
endloop
endfacet
facet normal -0.26214279212363245 0.9650290962129723 0.0
outer loop
vertex 7.412998464101861 46.84825716977442 3.667
vertex 8.866146770199657 47.25060761461613 0.8000000000000002
vertex 7.412998464101861 46.84825716977442 0.8000000000000002
endloop
endfacet
facet normal -0.27153529872031895 0.9624284812643832 0.0
outer loop
vertex 8.866146770199657 47.25060761461613 0.8000000000000002
vertex 7.412998464101861 46.84825716977442 3.667
vertex 8.866146770199657 47.25060761461613 3.667
endloop
endfacet
facet normal -0.2527253865809884 0.9675380504029235 0.0
outer loop
vertex 5.9559979529927185 46.46008788890876 3.667
vertex 7.412998464101861 46.84825716977442 0.8000000000000002
vertex 5.9559979529927185 46.46008788890876 0.8000000000000002
endloop
endfacet
facet normal -0.26214279212363245 0.9650290962129723 0.0
outer loop
vertex 7.412998464101861 46.84825716977442 0.8000000000000002
vertex 5.9559979529927185 46.46008788890876 3.667
vertex 7.412998464101861 46.84825716977442 3.667
endloop
endfacet
facet normal -0.2432839765801491 0.9699551055277504 0.0
outer loop
vertex 4.495283626245488 46.08613664126057 3.667
vertex 5.9559979529927185 46.46008788890876 0.8000000000000002
vertex 4.495283626245488 46.08613664126057 0.8000000000000002
endloop
endfacet
facet normal -0.2527253865809884 0.9675380504029235 0.0
outer loop
vertex 5.9559979529927185 46.46008788890876 0.8000000000000002
vertex 4.495283626245488 46.08613664126057 3.667
vertex 5.9559979529927185 46.46008788890876 3.667
endloop
endfacet
facet normal -0.2338194588886568 0.9722800320098196 0.0
outer loop
vertex 3.030994225982206 45.726438945608756 3.667
vertex 4.495283626245488 46.08613664126057 0.8000000000000002
vertex 3.030994225982206 45.726438945608756 0.8000000000000002
endloop
endfacet
facet normal -0.2432839765801491 0.9699551055277504 0.0
outer loop
vertex 4.495283626245488 46.08613664126057 0.8000000000000002
vertex 3.030994225982206 45.726438945608756 3.667
vertex 4.495283626245488 46.08613664126057 3.667
endloop
endfacet
facet normal -0.229078815501222 0.9734078776589787 0.0
outer loop
vertex 1.5632688338920013 45.381028966895926 3.667
vertex 3.030994225982206 45.726438945608756 0.8000000000000002
vertex 1.5632688338920013 45.381028966895926 0.8000000000000002
endloop
endfacet
facet normal -0.2338194588886568 0.9722800320098196 0.0
outer loop
vertex 3.030994225982206 45.726438945608756 0.8000000000000002
vertex 1.5632688338920013 45.381028966895926 3.667
vertex 3.030994225982206 45.726438945608756 3.667
endloop
endfacet
facet normal -0.7755747117584338 0.6312557853048337 0.0
outer loop
vertex 1.5632688338920013 45.381028966895926 3.667
vertex 1.308356521685103 45.06783810565405 0.8000000000000002
vertex 1.308356521685103 45.06783810565405 3.667
endloop
endfacet
facet normal -0.8132592910803367 0.5819014740241758 0.0
outer loop
vertex 1.308356521685103 45.06783810565405 0.8000000000000002
vertex 1.5632688338920013 45.381028966895926 3.667
vertex 1.5632688338920013 45.381028966895926 0.8000000000000002
endloop
endfacet
facet normal -0.8132592910803367 0.5819014740241758 0.0
outer loop
vertex 1.308356521685103 45.06783810565405 3.667
vertex 1.0942105921587235 44.72547817320338 0.8000000000000002
vertex 1.0942105921587235 44.72547817320338 3.667
endloop
endfacet
facet normal -0.8790875070394506 0.47666041892228056 0.0
outer loop
vertex 1.0942105921587235 44.72547817320338 0.8000000000000002
vertex 1.308356521685103 45.06783810565405 3.667
vertex 1.308356521685103 45.06783810565405 0.8000000000000002
endloop
endfacet
facet normal -0.8790875070394506 0.47666041892228056 0.0
outer loop
vertex 1.0942105921587235 44.72547817320338 3.667
vertex 0.9241308271575035 44.35922460527899 0.8000000000000002
vertex 0.9241308271575035 44.35922460527899 3.667
endloop
endfacet
facet normal -0.9313698339816743 0.36407448736343573 0.0
outer loop
vertex 0.9241308271575035 44.35922460527899 0.8000000000000002
vertex 1.0942105921587235 44.72547817320338 3.667
vertex 1.0942105921587235 44.72547817320338 0.8000000000000002
endloop
endfacet
facet normal -0.9313698339816743 0.36407448736343573 0.0
outer loop
vertex 0.9241308271575035 44.35922460527899 3.667
vertex 0.8007379915109817 43.97472101545009 0.8000000000000002
vertex 0.8007379915109817 43.97472101545009 3.667
endloop
endfacet
facet normal -0.9693006517689541 0.2458785197618551 0.0
outer loop
vertex 0.8007379915109817 43.97472101545009 0.8000000000000002
vertex 0.9241308271575035 44.35922460527899 3.667
vertex 0.9241308271575035 44.35922460527899 0.8000000000000002
endloop
endfacet
facet normal -0.9693006517689541 0.2458785197618551 0.0
outer loop
vertex 0.8007379915109817 43.97472101545009 3.667
vertex 0.7259334495810258 43.57789223248834 0.8000000000000002
vertex 0.7259334495810258 43.57789223248834 3.667
endloop
endfacet
facet normal -0.9922954831523906 0.12389380176330034 0.0
outer loop
vertex 0.7259334495810258 43.57789223248834 0.8000000000000002
vertex 0.8007379915109817 43.97472101545009 3.667
vertex 0.8007379915109817 43.97472101545009 0.8000000000000002
endloop
endfacet
facet normal -0.9922954831523906 0.12389380176330034 0.0
outer loop
vertex 0.7259334495810258 43.57789223248834 3.667
vertex 0.7008698670760009 43.17485300448166 0.8000000000000002
vertex 0.7008698670760009 43.17485300448166 3.667
endloop
endfacet
facet normal -1.0 -1.279105409241674e-15 0.0
outer loop
vertex 0.7008698670760009 43.17485300448166 0.8000000000000002
vertex 0.7259334495810258 43.57789223248834 3.667
vertex 0.7259334495810258 43.57789223248834 0.8000000000000002
endloop
endfacet
facet normal -1.0 -1.279105409241674e-15 0.0
outer loop
vertex 0.7008698670760009 43.17485300448166 3.667
vertex 0.7259334495810258 42.77181377647501 0.8000000000000002
vertex 0.7259334495810258 42.77181377647501 3.667
endloop
endfacet
facet normal -0.9922954831523904 -0.1238938017633016 0.0
outer loop
vertex 0.7259334495810258 42.77181377647501 0.8000000000000002
vertex 0.7008698670760009 43.17485300448166 3.667
vertex 0.7008698670760009 43.17485300448166 0.8000000000000002
endloop
endfacet
facet normal -0.9922954831523904 -0.1238938017633016 0.0
outer loop
vertex 0.7259334495810258 42.77181377647501 3.667
vertex 0.8007379915109817 42.37498499351326 0.8000000000000002
vertex 0.8007379915109817 42.37498499351326 3.667
endloop
endfacet
facet normal -0.9693006517689541 -0.2458785197618551 0.0
outer loop
vertex 0.8007379915109817 42.37498499351326 0.8000000000000002
vertex 0.7259334495810258 42.77181377647501 3.667
vertex 0.7259334495810258 42.77181377647501 0.8000000000000002
endloop
endfacet
facet normal -0.9693006517689541 -0.2458785197618551 0.0
outer loop
vertex 0.8007379915109817 42.37498499351326 3.667
vertex 0.9241308271575035 41.99048140368436 0.8000000000000002
vertex 0.9241308271575035 41.99048140368436 3.667
endloop
endfacet
facet normal -0.9313698339816722 -0.3640744873634413 0.0
outer loop
vertex 0.9241308271575035 41.99048140368436 0.8000000000000002
vertex 0.8007379915109817 42.37498499351326 3.667
vertex 0.8007379915109817 42.37498499351326 0.8000000000000002
endloop
endfacet
facet normal -0.9313698339816722 -0.3640744873634413 0.0
outer loop
vertex 0.9241308271575035 41.99048140368436 3.667
vertex 1.0942105921587235 41.62422783575999 0.8000000000000002
vertex 1.0942105921587235 41.62422783575999 3.667
endloop
endfacet
facet normal -0.8790875070394477 -0.4766604189222859 0.0
outer loop
vertex 1.0942105921587235 41.62422783575999 0.8000000000000002
vertex 0.9241308271575035 41.99048140368436 3.667
vertex 0.9241308271575035 41.99048140368436 0.8000000000000002
endloop
endfacet
facet normal -0.8790875070394477 -0.4766604189222859 0.0
outer loop
vertex 1.0942105921587235 41.62422783575999 3.667
vertex 1.308356521685103 41.281867903309326 0.8000000000000002
vertex 1.308356521685103 41.281867903309326 3.667
endloop
endfacet
facet normal -0.8132592910803417 -0.5819014740241687 0.0
outer loop
vertex 1.308356521685103 41.281867903309326 0.8000000000000002
vertex 1.0942105921587235 41.62422783575999 3.667
vertex 1.0942105921587235 41.62422783575999 0.8000000000000002
endloop
endfacet
facet normal -0.8132592910803417 -0.5819014740241687 0.0
outer loop
vertex 1.308356521685103 41.281867903309326 3.667
vertex 1.5632688338920013 40.968677042067426 0.8000000000000002
vertex 1.5632688338920013 40.968677042067426 3.667
endloop
endfacet
facet normal -0.436556800631143 -0.8996766973878453 0.0
outer loop
vertex 1.5632688338920013 40.968677042067426 0.8000000000000002
vertex 1.308356521685103 41.281867903309326 3.667
vertex 1.308356521685103 41.281867903309326 0.8000000000000002
endloop
endfacet
facet normal -0.07914344628792944 -0.9968632378163363 0.0
outer loop
vertex 2.043394175760838 40.961037175344124 3.667
vertex 1.5632688338920013 40.968677042067426 0.8000000000000002
vertex 2.043394175760838 40.961037175344124 0.8000000000000002
endloop
endfacet
facet normal -0.436556800631143 -0.8996766973878453 0.0
outer loop
vertex 1.5632688338920013 40.968677042067426 0.8000000000000002
vertex 2.043394175760838 40.961037175344124 3.667
vertex 1.5632688338920013 40.968677042067426 3.667
endloop
endfacet
facet normal -0.2044062604994541 -0.978886142852492 0.0
outer loop
vertex 2.518710307243811 40.89282217245355 3.667
vertex 2.043394175760838 40.961037175344124 0.8000000000000002
vertex 2.518710307243811 40.89282217245355 0.8000000000000002
endloop
endfacet
facet normal -0.07914344628792944 -0.9968632378163363 0.0
outer loop
vertex 2.043394175760838 40.961037175344124 0.8000000000000002
vertex 2.518710307243811 40.89282217245355 3.667
vertex 2.043394175760838 40.961037175344124 3.667
endloop
endfacet
facet normal -0.32639572336818473 -0.9452332155436347 0.0
outer loop
vertex 2.98160554025939 40.765124424943515 3.667
vertex 2.518710307243811 40.89282217245355 0.8000000000000002
vertex 2.98160554025939 40.765124424943515 0.8000000000000002
endloop
endfacet
facet normal -0.2044062604994541 -0.978886142852492 0.0
outer loop
vertex 2.518710307243811 40.89282217245355 0.8000000000000002
vertex 2.98160554025939 40.765124424943515 3.667
vertex 2.518710307243811 40.89282217245355 3.667
endloop
endfacet
facet normal -0.44315830191042693 -0.8964433721367273 0.0
outer loop
vertex 3.4246670943540787 40.579988877974856 3.667
vertex 2.98160554025939 40.765124424943515 0.8000000000000002
vertex 3.4246670943540787 40.579988877974856 0.8000000000000002
endloop
endfacet
facet normal -0.32639572336818473 -0.9452332155436347 0.0
outer loop
vertex 2.98160554025939 40.765124424943515 0.8000000000000002
vertex 3.4246670943540787 40.579988877974856 3.667
vertex 2.98160554025939 40.765124424943515 3.667
endloop
endfacet
facet normal -0.5528241661987671 -0.8332979306746404 0.0
outer loop
vertex 3.8407998045873897 40.34038028267473 3.667
vertex 3.4246670943540787 40.579988877974856 0.8000000000000002
vertex 3.8407998045873897 40.34038028267473 0.8000000000000002
endloop
endfacet
facet normal -0.44315830191042693 -0.8964433721367273 0.0
outer loop
vertex 3.4246670943540787 40.579988877974856 0.8000000000000002
vertex 3.8407998045873897 40.34038028267473 3.667
vertex 3.4246670943540787 40.579988877974856 3.667
endloop
endfacet
facet normal -0.6536371327228473 -0.7568080990091577 0.0
outer loop
vertex 4.223339743140851 40.05013571876462 3.667
vertex 3.8407998045873897 40.34038028267473 0.8000000000000002
vertex 4.223339743140851 40.05013571876462 0.8000000000000002
endloop
endfacet
facet normal -0.5528241661987671 -0.8332979306746404 0.0
outer loop
vertex 3.8407998045873897 40.34038028267473 0.8000000000000002
vertex 4.223339743140851 40.05013571876462 3.667
vertex 3.8407998045873897 40.34038028267473 3.667
endloop
endfacet
facet normal -0.7439827878215299 -0.6681987813707119 0.0
outer loop
vertex 4.566160935112885 39.713903147762984 3.667
vertex 4.223339743140851 40.05013571876462 0.8000000000000002
vertex 4.566160935112885 39.713903147762984 0.8000000000000002
endloop
endfacet
facet normal -0.6536371327228473 -0.7568080990091577 0.0
outer loop
vertex 4.223339743140851 40.05013571876462 0.8000000000000002
vertex 4.566160935112885 39.713903147762984 3.667
vertex 4.223339743140851 40.05013571876462 3.667
endloop
endfacet
facet normal -0.7439827878215299 -0.6681987813707119 0.0
outer loop
vertex 4.566160935112885 39.713903147762984 3.667
vertex 4.86377345956818 39.337066980768554 0.8000000000000002
vertex 4.86377345956818 39.337066980768554 3.667
endloop
endfacet
facet normal -0.8224143408206261 -0.5688889628148669 0.0
outer loop
vertex 4.86377345956818 39.337066980768554 0.8000000000000002
vertex 4.566160935112885 39.713903147762984 3.667
vertex 4.566160935112885 39.713903147762984 0.8000000000000002
endloop
endfacet
facet normal -0.8224143408206261 -0.5688889628148669 0.0
outer loop
vertex 4.86377345956818 39.337066980768554 3.667
vertex 5.111411364846911 38.92566185277797 0.8000000000000002
vertex 5.111411364846911 38.92566185277797 3.667
endloop
endfacet
facet normal -0.8876757928646223 -0.4604689856680517 0.0
outer loop
vertex 5.111411364846911 38.92566185277797 0.8000000000000002
vertex 4.86377345956818 39.337066980768554 3.667
vertex 4.86377345956818 39.337066980768554 0.8000000000000002
endloop
endfacet
facet normal -0.8876757928646223 -0.4604689856680517 0.0
outer loop
vertex 5.111411364846911 38.92566185277797 3.667
vertex 5.305108990270783 38.48627598435128 0.8000000000000002
vertex 5.305108990270783 38.48627598435128 3.667
endloop
endfacet
facet normal -0.9387220504173358 -0.34467508186736223 0.0
outer loop
vertex 5.305108990270783 38.48627598435128 0.8000000000000002
vertex 5.111411364846911 38.92566185277797 3.667
vertex 5.111411364846911 38.92566185277797 0.8000000000000002
endloop
endfacet
facet normal -0.9387220504173358 -0.34467508186736223 0.0
outer loop
vertex 5.305108990270783 38.48627598435128 3.667
vertex 5.441764472027839 38.02594567818677 0.8000000000000002
vertex 5.441764472027839 38.02594567818677 3.667
endloop
endfacet
facet normal -0.9747356613354737 -0.22336156903302945 0.0
outer loop
vertex 5.441764472027839 38.02594567818677 0.8000000000000002
vertex 5.305108990270783 38.48627598435128 3.667
vertex 5.305108990270783 38.48627598435128 0.8000000000000002
endloop
endfacet
facet normal -0.9747356613354737 -0.22336156903302945 0.0
outer loop
vertex 5.441764472027839 38.02594567818677 3.667
vertex 5.519189416262398 37.55204264013144 0.8000000000000002
vertex 5.519189416262398 37.55204264013144 3.667
endloop
endfacet
facet normal -0.9911697557864441 -0.13259907697356269 0.0
outer loop
vertex 5.519189416262398 37.55204264013144 0.8000000000000002
vertex 5.441764472027839 38.02594567818677 3.667
vertex 5.441764472027839 38.02594567818677 0.8000000000000002
endloop
endfacet
facet normal -0.9911697557864441 -0.13259907697356269 0.0
outer loop
vertex 5.519189416262398 37.55204264013144 3.667
vertex 5.64320601167854 36.36428157202955 0.8000000000000002
vertex 5.64320601167854 36.36428157202955 3.667
endloop
endfacet
facet normal -0.9940175031153352 -0.10922089314940929 0.0
outer loop
vertex 5.64320601167854 36.36428157202955 0.8000000000000002
vertex 5.519189416262398 37.55204264013144 3.667
vertex 5.519189416262398 37.55204264013144 0.8000000000000002
endloop
endfacet
facet normal -0.9940175031153352 -0.10922089314940929 0.0
outer loop
vertex 5.64320601167854 36.36428157202955 3.667
vertex 5.780052705486235 35.1779302525499 0.8000000000000002
vertex 5.780052705486235 35.1779302525499 3.667
endloop
endfacet
facet normal -0.9927789829336464 -0.11995787196026238 0.0
outer loop
vertex 5.780052705486235 35.1779302525499 0.8000000000000002
vertex 5.64320601167854 36.36428157202955 3.667
vertex 5.64320601167854 36.36428157202955 0.8000000000000002
endloop
endfacet
facet normal -0.9927789829336464 -0.11995787196026238 0.0
outer loop
vertex 5.780052705486235 35.1779302525499 3.667
vertex 5.929713511713717 33.99312726727489 0.8000000000000002
vertex 5.929713511713717 33.99312726727489 3.667
endloop
endfacet
facet normal -0.9914244896407384 -0.1306808376947496 0.0
outer loop
vertex 5.929713511713717 33.99312726727489 0.8000000000000002
vertex 5.780052705486235 35.1779302525499 3.667
vertex 5.780052705486235 35.1779302525499 0.8000000000000002
endloop
endfacet
facet normal -0.9914244896407384 -0.1306808376947496 0.0
outer loop
vertex 5.929713511713717 33.99312726727489 3.667
vertex 6.092170947487294 32.81001102091571 0.8000000000000002
vertex 6.092170947487294 32.81001102091571 3.667
endloop
endfacet
facet normal -0.9899541814639765 -0.14138853773198287 0.0
outer loop
vertex 6.092170947487294 32.81001102091571 0.8000000000000002
vertex 5.929713511713717 33.99312726727489 3.667
vertex 5.929713511713717 33.99312726727489 0.8000000000000002
endloop
endfacet
facet normal -0.9899541814639765 -0.14138853773198287 0.0
outer loop
vertex 6.092170947487294 32.81001102091571 3.667
vertex 6.267406035074237 31.62871972114431 0.8000000000000002
vertex 6.267406035074237 31.62871972114431 3.667
endloop
endfacet
facet normal -0.9883682301597921 -0.15207972123462135 0.0
outer loop
vertex 6.267406035074237 31.62871972114431 0.8000000000000002
vertex 6.092170947487294 32.81001102091571 3.667
vertex 6.092170947487294 32.81001102091571 0.8000000000000002
endloop
endfacet
facet normal -0.9883682301597921 -0.15207972123462135 0.0
outer loop
vertex 6.267406035074237 31.62871972114431 3.667
vertex 6.455398304099726 30.449391362448583 0.8000000000000002
vertex 6.455398304099726 30.449391362448583 3.667
endloop
endfacet
facet normal -0.9866668209937234 -0.16275313929426968 0.0
outer loop
vertex 6.455398304099726 30.449391362448583 0.8000000000000002
vertex 6.267406035074237 31.62871972114431 3.667
vertex 6.267406035074237 31.62871972114431 0.8000000000000002
endloop
endfacet
facet normal -0.9866668209937234 -0.16275313929426968 0.0
outer loop
vertex 6.455398304099726 30.449391362448583 3.667
vertex 6.656125793936971 29.27216371001215 0.8000000000000002
vertex 6.656125793936971 29.27216371001215 3.667
endloop
endfacet
facet normal -0.9848501527187732 -0.17340754507751086 0.0
outer loop
vertex 6.656125793936971 29.27216371001215 0.8000000000000002
vertex 6.455398304099726 30.449391362448583 3.667
vertex 6.455398304099726 30.449391362448583 0.8000000000000002
endloop
endfacet
facet normal -0.9848501527187732 -0.17340754507751086 0.0
outer loop
vertex 6.656125793936971 29.27216371001215 3.667
vertex 6.869565056272952 28.097174283621243 0.8000000000000002
vertex 6.869565056272952 28.097174283621243 3.667
endloop
endfacet
facet normal -0.9829184375519189 -0.1840416939731175 0.0
outer loop
vertex 6.869565056272952 28.097174283621243 0.8000000000000002
vertex 6.656125793936971 29.27216371001215 3.667
vertex 6.656125793936971 29.27216371001215 0.8000000000000002
endloop
endfacet
facet normal -0.9829184375519189 -0.1840416939731175 0.0
outer loop
vertex 6.869565056272952 28.097174283621243 3.667
vertex 7.0956911578502435 26.9245603416 0.8000000000000002
vertex 7.0956911578502435 26.9245603416 3.667
endloop
endfacet
facet normal -0.9808719011495992 -0.19465434373568688 0.0
outer loop
vertex 7.0956911578502435 26.9245603416 0.8000000000000002
vertex 6.869565056272952 28.097174283621243 3.667
vertex 6.869565056272952 28.097174283621243 0.8000000000000002
endloop
endfacet
facet normal -0.9808719011495992 -0.19465434373568688 0.0
outer loop
vertex 7.0956911578502435 26.9245603416 3.667
vertex 7.334477683375692 25.754458864776407 0.8000000000000002
vertex 7.334477683375692 25.754458864776407 3.667
endloop
endfacet
facet normal -0.978710782581448 -0.20524425463045198 0.0
outer loop
vertex 7.334477683375692 25.754458864776407 0.8000000000000002
vertex 7.0956911578502435 26.9245603416 3.667
vertex 7.0956911578502435 26.9245603416 0.8000000000000002
endloop
endfacet
facet normal -0.978710782581448 -0.20524425463045198 0.0
outer loop
vertex 7.334477683375692 25.754458864776407 3.667
vertex 7.585896738608078 24.587006540480772 0.8000000000000002
vertex 7.585896738608078 24.587006540480772 3.667
endloop
endfacet
facet normal -0.9742535176312512 -0.22545528022899244 0.0
outer loop
vertex 7.585896738608078 24.587006540480772 0.8000000000000002
vertex 7.334477683375692 25.754458864776407 3.667
vertex 7.334477683375692 25.754458864776407 0.8000000000000002
endloop
endfacet
facet normal -0.9742535176312512 -0.22545528022899244 0.0
outer loop
vertex 7.585896738608078 24.587006540480772 3.667
vertex 7.936259539008521 23.17187816862962 0.8000000000000002
vertex 7.936259539008521 23.17187816862962 3.667
endloop
endfacet
facet normal -0.9643328692456935 -0.26469249572356274 0.0
outer loop
vertex 7.936259539008521 23.17187816862962 0.8000000000000002
vertex 7.585896738608078 24.587006540480772 3.667
vertex 7.585896738608078 24.587006540480772 0.8000000000000002
endloop
endfacet
facet normal -0.9643328692456935 -0.26469249572356274 0.0
outer loop
vertex 7.936259539008521 23.17187816862962 3.667
vertex 8.35741882914994 21.776182194195986 0.8000000000000002
vertex 8.35741882914994 21.776182194195986 3.667
endloop
endfacet
facet normal -0.9497849047178877 -0.3129035550613528 0.0
outer loop
vertex 8.35741882914994 21.776182194195986 0.8000000000000002
vertex 7.936259539008521 23.17187816862962 3.667
vertex 7.936259539008521 23.17187816862962 0.8000000000000002
endloop
endfacet
facet normal -0.9497849047178877 -0.3129035550613528 0.0
outer loop
vertex 8.35741882914994 21.776182194195986 3.667
vertex 8.848306570334378 20.40345803170847 0.8000000000000002
vertex 8.848306570334378 20.40345803170847 3.667
endloop
endfacet
facet normal -0.9328283336220791 -0.3603211067809588 0.0
outer loop
vertex 8.848306570334378 20.40345803170847 0.8000000000000002
vertex 8.35741882914994 21.776182194195986 3.667
vertex 8.35741882914994 21.776182194195986 0.8000000000000002
endloop
endfacet
facet normal -0.9328283336220791 -0.3603211067809588 0.0
outer loop
vertex 8.848306570334378 20.40345803170847 3.667
vertex 9.407677896034688 19.057186840340297 0.8000000000000002
vertex 9.407677896034688 19.057186840340297 3.667
endloop
endfacet
facet normal -0.913506156966732 -0.4068249023644846 0.0
outer loop
vertex 9.407677896034688 19.057186840340297 0.8000000000000002
vertex 8.848306570334378 20.40345803170847 3.667
vertex 8.848306570334378 20.40345803170847 0.8000000000000002
endloop
endfacet
facet normal -0.913506156966732 -0.4068249023644846 0.0
outer loop
vertex 9.407677896034688 19.057186840340297 3.667
vertex 10.034114268806283 17.740782695865466 0.8000000000000002
vertex 10.034114268806283 17.740782695865466 3.667
endloop
endfacet
facet normal -0.8918673748162921 -0.45229701053433413 0.0
outer loop
vertex 10.034114268806283 17.740782695865466 0.8000000000000002
vertex 9.407677896034688 19.057186840340297 3.667
vertex 9.407677896034688 19.057186840340297 0.8000000000000002
endloop
endfacet
facet normal -0.8918673748162921 -0.45229701053433413 0.0
outer loop
vertex 10.034114268806283 17.740782695865466 3.667
vertex 10.726027077636378 16.457583932734877 0.8000000000000002
vertex 10.726027077636378 16.457583932734877 3.667
endloop
endfacet
facet normal -0.867966862029706 -0.4966221163201509 0.0
outer loop
vertex 10.726027077636378 16.457583932734877 0.8000000000000002
vertex 10.034114268806283 17.740782695865466 3.667
vertex 10.034114268806283 17.740782695865466 0.8000000000000002
endloop
endfacet
facet normal -0.867966862029706 -0.4966221163201509 0.0
outer loop
vertex 10.726027077636378 16.457583932734877 3.667
vertex 11.481661666571494 15.210844678228757 0.8000000000000002
vertex 11.481661666571494 15.210844678228757 3.667
endloop
endfacet
facet normal -0.8418652291008589 -0.539687813491243 0.0
outer loop
vertex 11.481661666571494 15.210844678228757 0.8000000000000002
vertex 10.726027077636378 16.457583932734877 3.667
vertex 10.726027077636378 16.457583932734877 0.8000000000000002
endloop
endfacet
facet normal -0.8418652291008589 -0.539687813491243 0.0
outer loop
vertex 11.481661666571494 15.210844678228757 3.667
vertex 12.299101784444714 14.00372660015414 0.8000000000000002
vertex 12.299101784444714 14.00372660015414 3.667
endloop
endfacet
facet normal -0.8136286684529961 -0.5813848896139325 0.0
outer loop
vertex 12.299101784444714 14.00372660015414 0.8000000000000002
vertex 11.481661666571494 15.210844678228757 3.667
vertex 11.481661666571494 15.210844678228757 0.8000000000000002
endloop
endfacet
facet normal -0.8136286684529961 -0.5813848896139325 0.0
outer loop
vertex 12.299101784444714 14.00372660015414 3.667
vertex 13.176274444384703 12.839290889014904 0.8000000000000002
vertex 13.176274444384703 12.839290889014904 3.667
endloop
endfacet
facet normal -0.7833287865786818 -0.6216076030078544 0.0
outer loop
vertex 13.176274444384703 12.839290889014904 0.8000000000000002
vertex 12.299101784444714 14.00372660015414 3.667
vertex 12.299101784444714 14.00372660015414 0.8000000000000002
endloop
endfacet
facet normal -0.7833287865786818 -0.6216076030078544 0.0
outer loop
vertex 13.176274444384703 12.839290889014904 3.667
vertex 14.110955180810617 11.720490494987263 0.8000000000000002
vertex 14.110955180810617 11.720490494987263 3.667
endloop
endfacet
facet normal -0.751042422448394 -0.660253950902869 0.0
outer loop
vertex 14.110955180810617 11.720490494987263 0.8000000000000002
vertex 13.176274444384703 12.839290889014904 3.667
vertex 13.176274444384703 12.839290889014904 0.8000000000000002
endloop
endfacet
facet normal -0.751042422448394 -0.660253950902869 0.0
outer loop
vertex 14.110955180810617 11.720490494987263 3.667
vertex 15.100773690562947 10.650162639387128 0.8000000000000002
vertex 15.100773690562947 10.650162639387128 3.667
endloop
endfacet
facet normal -0.7168514526514368 -0.6972259281119177 0.0
outer loop
vertex 15.100773690562947 10.650162639387128 0.8000000000000002
vertex 14.110955180810617 11.720490494987263 3.667
vertex 14.110955180810617 11.720490494987263 0.8000000000000002
endloop
endfacet
facet normal -0.6786338180943098 -0.7344767803945468 0.0
outer loop
vertex 16.14321984387349 9.631021619620167 3.667
vertex 15.100773690562947 10.650162639387128 0.8000000000000002
vertex 16.14321984387349 9.631021619620167 0.8000000000000002
endloop
endfacet
facet normal -0.7168514526514368 -0.6972259281119177 0.0
outer loop
vertex 15.100773690562947 10.650162639387128 0.8000000000000002
vertex 16.14321984387349 9.631021619620167 3.667
vertex 15.100773690562947 10.650162639387128 3.667
endloop
endfacet
facet normal -0.6338362852535644 -0.7734672349207575 0.0
outer loop
vertex 17.484527928980608 8.46003224647682 3.667
vertex 16.14321984387349 9.631021619620167 0.8000000000000002
vertex 17.484527928980608 8.46003224647682 0.8000000000000002
endloop
endfacet
facet normal -0.6786338180943098 -0.7344767803945468 0.0
outer loop
vertex 16.14321984387349 9.631021619620167 0.8000000000000002
vertex 17.484527928980608 8.46003224647682 3.667
vertex 16.14321984387349 9.631021619620167 3.667
endloop
endfacet
facet normal -0.5843620404784655 -0.8114930718421718 0.0
outer loop
vertex 18.89625798703197 7.37497845316372 3.667
vertex 17.484527928980608 8.46003224647682 0.8000000000000002
vertex 18.89625798703197 7.37497845316372 0.8000000000000002
endloop
endfacet
facet normal -0.6338362852535644 -0.7734672349207575 0.0
outer loop
vertex 17.484527928980608 8.46003224647682 0.8000000000000002
vertex 18.89625798703197 7.37497845316372 3.667
vertex 17.484527928980608 8.46003224647682 3.667
endloop
endfacet
facet normal -0.5326124855799493 -0.8463592264543162 0.0
outer loop
vertex 20.372913213871865 6.380085075843067 3.667
vertex 18.89625798703197 7.37497845316372 0.8000000000000002
vertex 20.372913213871865 6.380085075843067 0.8000000000000002
endloop
endfacet
facet normal -0.5843620404784655 -0.8114930718421718 0.0
outer loop
vertex 18.89625798703197 7.37497845316372 0.8000000000000002
vertex 20.372913213871865 6.380085075843067 3.667
vertex 18.89625798703197 7.37497845316372 3.667
endloop
endfacet
facet normal -0.47878911599759116 -0.8779299416253243 0.0
outer loop
vertex 21.90874400847539 5.479225896205634 3.667
vertex 20.372913213871865 6.380085075843067 0.8000000000000002
vertex 21.90874400847539 5.479225896205634 0.8000000000000002
endloop
endfacet
facet normal -0.5326124855799493 -0.8463592264543162 0.0
outer loop
vertex 20.372913213871865 6.380085075843067 0.8000000000000002
vertex 21.90874400847539 5.479225896205634 3.667
vertex 20.372913213871865 6.380085075843067 3.667
endloop
endfacet
facet normal -0.42310150191054424 -0.906082291561336 0.0
outer loop
vertex 23.49777035997035 4.675908558261906 3.667
vertex 21.90874400847539 5.479225896205634 0.8000000000000002
vertex 23.49777035997035 4.675908558261906 0.8000000000000002
endloop
endfacet
facet normal -0.47878911599759116 -0.8779299416253243 0.0
outer loop
vertex 21.90874400847539 5.479225896205634 0.8000000000000002
vertex 23.49777035997035 4.675908558261906 3.667
vertex 21.90874400847539 5.479225896205634 3.667
endloop
endfacet
facet normal -0.36576647224214387 -0.9307066604379368 0.0
outer loop
vertex 25.13380513180032 3.9732609107507937 3.667
vertex 23.49777035997035 4.675908558261906 0.8000000000000002
vertex 25.13380513180032 3.9732609107507937 0.8000000000000002
endloop
endfacet
facet normal -0.42310150191054424 -0.906082291561336 0.0
outer loop
vertex 23.49777035997035 4.675908558261906 0.8000000000000002
vertex 25.13380513180032 3.9732609107507937 3.667
vertex 23.49777035997035 4.675908558261906 3.667
endloop
endfacet
facet normal -0.30700727040069775 -0.9517071692075839 0.0
outer loop
vertex 26.810478152357234 3.3740188283439356 3.667
vertex 25.13380513180032 3.9732609107507937 0.8000000000000002
vertex 26.810478152357234 3.3740188283439356 0.8000000000000002
endloop
endfacet
facet normal -0.36576647224214387 -0.9307066604379368 0.0
outer loop
vertex 25.13380513180032 3.9732609107507937 0.8000000000000002
vertex 26.810478152357234 3.3740188283439356 3.667
vertex 25.13380513180032 3.9732609107507937 3.667
endloop
endfacet
facet normal -0.2470526850437314 -0.9690020489207869 0.0
outer loop
vertex 28.52126101829949 2.880515559065775 3.667
vertex 26.810478152357234 3.3740188283439356 0.8000000000000002
vertex 28.52126101829949 2.880515559065775 0.8000000000000002
endloop
endfacet
facet normal -0.30700727040069775 -0.9517071692075839 0.0
outer loop
vertex 26.810478152357234 3.3740188283439356 0.8000000000000002
vertex 28.52126101829949 2.880515559065775 3.667
vertex 26.810478152357234 3.3740188283439356 3.667
endloop
endfacet
facet normal -0.1861361592519202 -0.9825239591068219 0.0
outer loop
vertex 30.259492513968944 2.494672639406996 3.667
vertex 28.52126101829949 2.880515559065775 0.8000000000000002
vertex 30.259492513968944 2.494672639406996 0.8000000000000002
endloop
endfacet
facet normal -0.2470526850437314 -0.9690020489207869 0.0
outer loop
vertex 28.52126101829949 2.880515559065775 0.8000000000000002
vertex 30.259492513968944 2.494672639406996 3.667
vertex 28.52126101829949 2.880515559065775 3.667
endloop
endfacet
facet normal -0.12449488157997354 -0.9922202499749683 0.0
outer loop
vertex 32.018404547934594 2.217992412504815 3.667
vertex 30.259492513968944 2.494672639406996 0.8000000000000002
vertex 32.018404547934594 2.217992412504815 0.8000000000000002
endloop
endfacet
facet normal -0.1861361592519202 -0.9825239591068219 0.0
outer loop
vertex 30.259492513968944 2.494672639406996 0.8000000000000002
vertex 32.018404547934594 2.217992412504815 3.667
vertex 30.259492513968944 2.494672639406996 3.667
endloop
endfacet
facet normal -0.0623688625238183 -0.998053167415186 0.0
outer loop
vertex 33.79114850567369 2.0515521785218547 3.667
vertex 32.018404547934594 2.217992412504815 0.8000000000000002
vertex 33.79114850567369 2.0515521785218547 0.8000000000000002
endloop
endfacet
facet normal -0.12449488157997354 -0.9922202499749683 0.0
outer loop
vertex 32.018404547934594 2.217992412504815 0.8000000000000002
vertex 33.79114850567369 2.0515521785218547 3.667
vertex 32.018404547934594 2.217992412504815 3.667
endloop
endfacet
facet normal -0.005066527144738329 -0.9999871650689781 0.0
outer loop
vertex 35.57082191578315 1.9960000000000013 3.667
vertex 33.79114850567369 2.0515521785218547 0.8000000000000002
vertex 35.57082191578315 1.9960000000000013 0.8000000000000002
endloop
endfacet
facet normal -0.0623688625238183 -0.998053167415186 0.0
outer loop
vertex 33.79114850567369 2.0515521785218547 0.8000000000000002
vertex 35.57082191578315 1.9960000000000013 3.667
vertex 33.79114850567369 2.0515521785218547 3.667
endloop
endfacet
facet normal 0.042130699094154296 -0.9991121079207467 0.0
outer loop
vertex 36.8526714277499 2.0230146010614805 3.667
vertex 35.57082191578315 1.9960000000000013 0.8000000000000002
vertex 36.8526714277499 2.0230146010614805 0.8000000000000002
endloop
endfacet
facet normal -0.005066527144738329 -0.9999871650689781 0.0
outer loop
vertex 35.57082191578315 1.9960000000000013 0.8000000000000002
vertex 36.8526714277499 2.0230146010614805 3.667
vertex 35.57082191578315 1.9960000000000013 3.667
endloop
endfacet
facet normal 0.0841865831602977 -0.9964500083876733 0.0
outer loop
vertex 38.132244651659235 2.104010432145291 3.667
vertex 36.8526714277499 2.0230146010614805 0.8000000000000002
vertex 38.132244651659235 2.104010432145291 0.8000000000000002
endloop
endfacet
facet normal 0.042130699094154296 -0.9991121079207467 0.0
outer loop
vertex 36.8526714277499 2.0230146010614805 0.8000000000000002
vertex 38.132244651659235 2.104010432145291 3.667
vertex 36.8526714277499 2.0230146010614805 3.667
endloop
endfacet
facet normal 0.1260929700256622 -0.9920184287149647 0.0
outer loop
vertex 39.40726934165057 2.238843662137711 3.667
vertex 38.132244651659235 2.104010432145291 0.8000000000000002
vertex 39.40726934165057 2.238843662137711 0.8000000000000002
endloop
endfacet
facet normal 0.0841865831602977 -0.9964500083876733 0.0
outer loop
vertex 38.132244651659235 2.104010432145291 0.8000000000000002
vertex 39.40726934165057 2.238843662137711 3.667
vertex 38.132244651659235 2.104010432145291 3.667
endloop
endfacet
facet normal 0.1677754429923377 -0.985825238431602 0.0
outer loop
vertex 40.67548132907899 2.427274856324868 3.667
vertex 39.40726934165057 2.238843662137711 0.8000000000000002
vertex 40.67548132907899 2.427274856324868 0.8000000000000002
endloop
endfacet
facet normal 0.1260929700256622 -0.9920184287149647 0.0
outer loop
vertex 39.40726934165057 2.238843662137711 0.8000000000000002
vertex 40.67548132907899 2.427274856324868 3.667
vertex 39.40726934165057 2.238843662137711 3.667
endloop
endfacet
facet normal 0.20915998298525387 -0.9778814353067596 0.0
outer loop
vertex 41.934628543186555 2.6689694015771535 3.667
vertex 40.67548132907899 2.427274856324868 0.8000000000000002
vertex 41.934628543186555 2.6689694015771535 0.8000000000000002
endloop
endfacet
facet normal 0.1677754429923377 -0.985825238431602 0.0
outer loop
vertex 40.67548132907899 2.427274856324868 0.8000000000000002
vertex 41.934628543186555 2.6689694015771535 3.667
vertex 40.67548132907899 2.427274856324868 3.667
endloop
endfacet
facet normal 0.2501730999937405 -0.9682011258202099 0.0
outer loop
vertex 43.182475010296756 2.9634981005499133 3.667
vertex 41.934628543186555 2.6689694015771535 0.8000000000000002
vertex 43.182475010296756 2.9634981005499133 0.8000000000000002
endloop
endfacet
facet normal 0.20915998298525387 -0.9778814353067596 0.0
outer loop
vertex 41.934628543186555 2.6689694015771535 0.8000000000000002
vertex 43.182475010296756 2.9634981005499133 3.667
vertex 41.934628543186555 2.6689694015771535 3.667
endloop
endfacet
facet normal 0.29074196357426535 -0.9568015001122127 0.0
outer loop
vertex 44.41680482442217 3.310337933845284 3.667
vertex 43.182475010296756 2.9634981005499133 0.8000000000000002
vertex 44.41680482442217 3.310337933845284 0.8000000000000002
endloop
endfacet
facet normal 0.2501730999937405 -0.9682011258202099 0.0
outer loop
vertex 43.182475010296756 2.9634981005499133 0.8000000000000002
vertex 44.41680482442217 3.310337933845284 3.667
vertex 43.182475010296756 2.9634981005499133 3.667
endloop
endfacet
facet normal 0.33079453218191124 -0.943702801457403 0.0
outer loop
vertex 45.6354260822325 3.708872988781764 3.667
vertex 44.41680482442217 3.310337933845284 0.8000000000000002
vertex 45.6354260822325 3.708872988781764 0.8000000000000002
endloop
endfacet
facet normal 0.29074196357426535 -0.9568015001122127 0.0
outer loop
vertex 44.41680482442217 3.310337933845284 0.8000000000000002
vertex 45.6354260822325 3.708872988781764 3.667
vertex 44.41680482442217 3.310337933845284 3.667
endloop
endfacet
facet normal 0.37025968109946 -0.9289282903174638 0.0
outer loop
vertex 46.83617477540077 4.158395553122185 3.667
vertex 45.6354260822325 3.708872988781764 0.8000000000000002
vertex 46.83617477540077 4.158395553122185 0.8000000000000002
endloop
endfacet
facet normal 0.33079453218191124 -0.943702801457403 0.0
outer loop
vertex 45.6354260822325 3.708872988781764 0.8000000000000002
vertex 46.83617477540077 4.158395553122185 3.667
vertex 45.6354260822325 3.708872988781764 3.667
endloop
endfacet
facet normal 0.40906732874069557 -0.9125042030352255 0.0
outer loop
vertex 48.01691863342234 4.658107371817907 3.667
vertex 46.83617477540077 4.158395553122185 0.8000000000000002
vertex 48.01691863342234 4.658107371817907 0.8000000000000002
endloop
endfacet
facet normal 0.37025968109946 -0.9289282903174638 0.0
outer loop
vertex 46.83617477540077 4.158395553122185 0.8000000000000002
vertex 48.01691863342234 4.658107371817907 3.667
vertex 46.83617477540077 4.158395553122185 3.667
endloop
endfacet
facet normal 0.4471485610999135 -0.8944597052446114 0.0
outer loop
vertex 49.17556091005669 5.207121064537456 3.667
vertex 48.01691863342234 4.658107371817907 0.8000000000000002
vertex 49.17556091005669 5.207121064537456 0.8000000000000002
endloop
endfacet
facet normal 0.40906732874069557 -0.9125042030352255 0.0
outer loop
vertex 48.01691863342234 4.658107371817907 0.8000000000000002
vertex 49.17556091005669 5.207121064537456 3.667
vertex 48.01691863342234 4.658107371817907 3.667
endloop
endfacet
facet normal 0.4842510817237194 -0.8749290770396236 0.0
outer loop
vertex 50.31004410670476 5.804461701462513 3.667
vertex 49.17556091005669 5.207121064537456 0.8000000000000002
vertex 50.31004410670476 5.804461701462513 0.8000000000000002
endloop
endfacet
facet normal 0.4471485610999135 -0.8944597052446114 0.0
outer loop
vertex 49.17556091005669 5.207121064537456 0.8000000000000002
vertex 50.31004410670476 5.804461701462513 3.667
vertex 49.17556091005669 5.207121064537456 3.667
endloop
endfacet
facet normal 0.5201417501709801 -0.8540799492606472 0.0
outer loop
vertex 50.93529337288997 6.1677614185216605 3.667
vertex 50.31004410670476 5.804461701462513 0.8000000000000002
vertex 50.93529337288997 6.1677614185216605 0.8000000000000002
endloop
endfacet
facet normal 0.4842510817237194 -0.8749290770396236 0.0
outer loop
vertex 50.31004410670476 5.804461701462513 0.8000000000000002
vertex 50.93529337288997 6.1677614185216605 3.667
vertex 50.31004410670476 5.804461701462513 3.667
endloop
endfacet
facet normal 0.554960721631947 -0.8318765518066661 0.0
outer loop
vertex 51.54500991262016 6.556566087294565 3.667
vertex 50.93529337288997 6.1677614185216605 0.8000000000000002
vertex 51.54500991262016 6.556566087294565 0.8000000000000002
endloop
endfacet
facet normal 0.5201417501709801 -0.8540799492606472 0.0
outer loop
vertex 50.93529337288997 6.1677614185216605 0.8000000000000002
vertex 51.54500991262016 6.556566087294565 3.667
vertex 50.93529337288997 6.1677614185216605 3.667
endloop
endfacet
facet normal 0.5888332899203282 -0.808254512317502 0.0
outer loop
vertex 52.13815394479902 6.970212659104766 3.667
vertex 51.54500991262016 6.556566087294565 0.8000000000000002
vertex 52.13815394479902 6.970212659104766 0.8000000000000002
endloop
endfacet
facet normal 0.554960721631947 -0.8318765518066661 0.0
outer loop
vertex 51.54500991262016 6.556566087294565 0.8000000000000002
vertex 52.13815394479902 6.970212659104766 3.667
vertex 51.54500991262016 6.556566087294565 3.667
endloop
endfacet
facet normal 0.6217016903964716 -0.7832541146768204 0.0
outer loop
vertex 52.71371395028403 7.407995721095934 3.667
vertex 52.13815394479902 6.970212659104766 0.8000000000000002
vertex 52.71371395028403 7.407995721095934 0.8000000000000002
endloop
endfacet
facet normal 0.5888332899203282 -0.808254512317502 0.0
outer loop
vertex 52.13815394479902 6.970212659104766 0.8000000000000002
vertex 52.71371395028403 7.407995721095934 3.667
vertex 52.13815394479902 6.970212659104766 3.667
endloop
endfacet
facet normal 0.6535098708804697 -0.7569179933531714 0.0
outer loop
vertex 53.270708396880416 7.86916869920879 3.667
vertex 52.71371395028403 7.407995721095934 0.8000000000000002
vertex 53.270708396880416 7.86916869920879 0.8000000000000002
endloop
endfacet
facet normal 0.6217016903964716 -0.7832541146768204 0.0
outer loop
vertex 52.71371395028403 7.407995721095934 0.8000000000000002
vertex 53.270708396880416 7.86916869920879 3.667
vertex 52.71371395028403 7.407995721095934 3.667
endloop
endfacet
facet normal 0.684203587239767 -0.7292910606940377 0.0
outer loop
vertex 53.808187413198944 8.352945131352449 3.667
vertex 53.270708396880416 7.86916869920879 0.8000000000000002
vertex 53.808187413198944 8.352945131352449 0.8000000000000002
endloop
endfacet
facet normal 0.6535098708804697 -0.7569179933531714 0.0
outer loop
vertex 53.270708396880416 7.86916869920879 0.8000000000000002
vertex 53.808187413198944 8.352945131352449 3.667
vertex 53.270708396880416 7.86916869920879 3.667
endloop
endfacet
facet normal 0.7137304958949295 -0.700420430334223 0.0
outer loop
vertex 54.32523440852205 8.858500008598783 3.667
vertex 53.808187413198944 8.352945131352449 0.8000000000000002
vertex 54.32523440852205 8.858500008598783 0.8000000000000002
endloop
endfacet
facet normal 0.684203587239767 -0.7292910606940377 0.0
outer loop
vertex 53.808187413198944 8.352945131352449 0.8000000000000002
vertex 54.32523440852205 8.858500008598783 3.667
vertex 53.808187413198944 8.352945131352449 3.667
endloop
endfacet
facet normal 0.7420402430841838 -0.6703553368502152 0.0
outer loop
vertex 54.82096763591217 9.384971182112778 0.8000000000000002
vertex 54.32523440852205 8.858500008598783 3.667
vertex 54.32523440852205 8.858500008598783 0.8000000000000002
endloop
endfacet
facet normal 0.7137304958949295 -0.700420430334223 0.0
outer loop
vertex 54.32523440852205 8.858500008598783 3.667
vertex 54.82096763591217 9.384971182112778 0.8000000000000002
vertex 54.82096763591217 9.384971182112778 3.667
endloop
endfacet
facet normal 0.7690845507332045 -0.6391470517991186 0.0
outer loop
vertex 55.29454169590073 9.931460833419445 0.8000000000000002
vertex 54.82096763591217 9.384971182112778 3.667
vertex 54.82096763591217 9.384971182112778 0.8000000000000002
endloop
endfacet
facet normal 0.7420402430841838 -0.6703553368502152 0.0
outer loop
vertex 54.82096763591217 9.384971182112778 3.667
vertex 55.29454169590073 9.931460833419445 0.8000000000000002
vertex 55.29454169590073 9.931460833419445 3.667
endloop
endfacet
facet normal 0.7948172987886213 -0.6068487962798969 0.0
outer loop
vertex 55.74514897819354 10.497037005499998 0.8000000000000002
vertex 55.29454169590073 9.931460833419445 3.667
vertex 55.29454169590073 9.931460833419445 0.8000000000000002
endloop
endfacet
facet normal 0.7690845507332045 -0.6391470517991186 0.0
outer loop
vertex 55.29454169590073 9.931460833419445 3.667
vertex 55.74514897819354 10.497037005499998 0.8000000000000002
vertex 55.74514897819354 10.497037005499998 3.667
endloop
endfacet
facet normal 0.8191946038666281 -0.5735156501751265 0.0
outer loop
vertex 56.1720210389239 11.080735192106316 0.8000000000000002
vertex 55.74514897819354 10.497037005499998 3.667
vertex 55.74514897819354 10.497037005499998 0.8000000000000002
endloop
endfacet
facet normal 0.7948172987886213 -0.6068487962798969 0.0
outer loop
vertex 55.74514897819354 10.497037005499998 3.667
vertex 56.1720210389239 11.080735192106316 0.8000000000000002
vertex 56.1720210389239 11.080735192106316 3.667
endloop
endfacet
facet normal 0.8422062655272234 -0.5391554565305706 0.0
outer loop
vertex 56.574429911127844 11.681559982583234 0.8000000000000002
vertex 56.1720210389239 11.080735192106316 3.667
vertex 56.1720210389239 11.080735192106316 0.8000000000000002
endloop
endfacet
facet normal 0.8191946038666281 -0.5735156501751265 0.0
outer loop
vertex 56.1720210389239 11.080735192106316 3.667
vertex 56.574429911127844 11.681559982583234 0.8000000000000002
vertex 56.574429911127844 11.681559982583234 3.667
endloop
endfacet
facet normal 0.8638362486389853 -0.5037727022550202 0.0
outer loop
vertex 57.64047413674341 13.425302220152211 0.8000000000000002
vertex 56.574429911127844 11.681559982583234 3.667
vertex 56.574429911127844 11.681559982583234 0.8000000000000002
endloop
endfacet
facet normal 0.8422062655272234 -0.5391554565305706 0.0
outer loop
vertex 56.574429911127844 11.681559982583234 3.667
vertex 57.64047413674341 13.425302220152211 0.8000000000000002
vertex 57.64047413674341 13.425302220152211 3.667
endloop
endfacet
facet normal 0.8840078107973649 -0.4674721279918732 0.0
outer loop
vertex 58.633199559868935 15.211802574568734 0.8000000000000002
vertex 57.64047413674341 13.425302220152211 3.667
vertex 57.64047413674341 13.425302220152211 0.8000000000000002
endloop
endfacet
facet normal 0.8638362486389853 -0.5037727022550202 0.0
outer loop
vertex 57.64047413674341 13.425302220152211 3.667
vertex 58.633199559868935 15.211802574568734 0.8000000000000002
vertex 58.633199559868935 15.211802574568734 3.667
endloop
endfacet
facet normal 0.9026547922122363 -0.4303653402590462 0.0
outer loop
vertex 59.55089410279952 17.037980005139197 0.8000000000000002
vertex 58.633199559868935 15.211802574568734 3.667
vertex 58.633199559868935 15.211802574568734 0.8000000000000002
endloop
endfacet
facet normal 0.8840078107973649 -0.4674721279918732 0.0
outer loop
vertex 58.633199559868935 15.211802574568734 3.667
vertex 59.55089410279952 17.037980005139197 0.8000000000000002
vertex 59.55089410279952 17.037980005139197 3.667
endloop
endfacet
facet normal 0.919745033859155 -0.39251633429886956 0.0
outer loop
vertex 60.39197508785871 18.900685043147615 0.8000000000000002
vertex 59.55089410279952 17.037980005139197 3.667
vertex 59.55089410279952 17.037980005139197 0.8000000000000002
endloop
endfacet
facet normal 0.9026547922122363 -0.4303653402590462 0.0
outer loop
vertex 59.55089410279952 17.037980005139197 3.667
vertex 60.39197508785871 18.900685043147615 0.8000000000000002
vertex 60.39197508785871 18.900685043147615 3.667
endloop
endfacet
facet normal 0.935249061503968 -0.3539903854004329 0.0
outer loop
vertex 61.1549919669203 20.79670522350375 0.8000000000000002
vertex 60.39197508785871 18.900685043147615 3.667
vertex 60.39197508785871 18.900685043147615 0.8000000000000002
endloop
endfacet
facet normal 0.919745033859155 -0.39251633429886956 0.0
outer loop
vertex 60.39197508785871 18.900685043147615 3.667
vertex 61.1549919669203 20.79670522350375 0.8000000000000002
vertex 61.1549919669203 20.79670522350375 3.667
endloop
endfacet
facet normal 0.9491401365345092 -0.3148539363248511 0.0
outer loop
vertex 61.83862882305783 22.72277062503622 0.8000000000000002
vertex 61.1549919669203 20.79670522350375 3.667
vertex 61.1549919669203 20.79670522350375 0.8000000000000002
endloop
endfacet
facet normal 0.935249061503968 -0.3539903854004329 0.0
outer loop
vertex 61.1549919669203 20.79670522350375 3.667
vertex 61.83862882305783 22.72277062503622 0.8000000000000002
vertex 61.83862882305783 22.72277062503622 3.667
endloop
endfacet
facet normal 0.9613943020746832 -0.27517448271657174 0.0
outer loop
vertex 62.44170664000731 24.675559509875814 0.8000000000000002
vertex 61.83862882305783 22.72277062503622 3.667
vertex 61.83862882305783 22.72277062503622 0.8000000000000002
endloop
endfacet
facet normal 0.9491401365345092 -0.3148539363248511 0.0
outer loop
vertex 61.83862882305783 22.72277062503622 3.667
vertex 62.44170664000731 24.675559509875814 0.8000000000000002
vertex 62.44170664000731 24.675559509875814 3.667
endloop
endfacet
facet normal 0.9719904243012473 -0.23502045669830857 0.0
outer loop
vertex 62.9631853355266 26.651704052202966 0.8000000000000002
vertex 62.44170664000731 24.675559509875814 3.667
vertex 62.44170664000731 24.675559509875814 0.8000000000000002
endloop
endfacet
facet normal 0.9613943020746832 -0.27517448271657174 0.0
outer loop
vertex 62.44170664000731 24.675559509875814 3.667
vertex 62.9631853355266 26.651704052202966 0.8000000000000002
vertex 62.9631853355266 26.651704052202966 3.667
endloop
endfacet
facet normal 0.9809102288917729 -0.19446110885081852 0.0
outer loop
vertex 63.402165555144826 28.647796146479813 0.8000000000000002
vertex 62.9631853355266 26.651704052202966 3.667
vertex 62.9631853355266 26.651704052202966 0.8000000000000002
endloop
endfacet
facet normal 0.9719904243012473 -0.23502045669830857 0.0
outer loop
vertex 62.9631853355266 26.651704052202966 3.667
vertex 63.402165555144826 28.647796146479813 0.8000000000000002
vertex 63.402165555144826 28.647796146479813 3.667
endloop
endfacet
facet normal 0.9881383325405542 -0.15356638878339646 0.0
outer loop
vertex 63.75789022320813 30.660393285149336 0.8000000000000002
vertex 63.402165555144826 28.647796146479813 3.667
vertex 63.402165555144826 28.647796146479813 0.8000000000000002
endloop
endfacet
facet normal 0.9809102288917729 -0.19446110885081852 0.0
outer loop
vertex 63.402165555144826 28.647796146479813 3.667
vertex 63.75789022320813 30.660393285149336 0.8000000000000002
vertex 63.75789022320813 30.660393285149336 3.667
endloop
endfacet
facet normal 0.9936622694893206 -0.11240682449625922 0.0
outer loop
vertex 64.02974584855653 32.68602449566532 0.8000000000000002
vertex 63.75789022320813 30.660393285149336 3.667
vertex 63.75789022320813 30.660393285149336 0.8000000000000002
endloop
endfacet
facet normal 0.9881383325405542 -0.15356638878339646 0.0
outer loop
vertex 63.75789022320813 30.660393285149336 3.667
vertex 64.02974584855653 32.68602449566532 0.8000000000000002
vertex 64.02974584855653 32.68602449566532 3.667
endloop
endfacet
facet normal 0.9957820830631661 -0.09174989400746844 0.0
outer loop
vertex 64.2172635825592 34.72119632661338 0.8000000000000002
vertex 64.02974584855653 32.68602449566532 3.667
vertex 64.02974584855653 32.68602449566532 0.8000000000000002
endloop
endfacet
facet normal 0.9936622694893206 -0.11240682449625922 0.0
outer loop
vertex 64.02974584855653 32.68602449566532 3.667
vertex 64.2172635825592 34.72119632661338 0.8000000000000002
vertex 64.2172635825592 34.72119632661338 3.667
endloop
endfacet
facet normal 0.6801195894899211 -0.7331011826426562 0.0
outer loop
vertex 64.48733180567925 34.98939364537648 3.667
vertex 64.2172635825592 34.72119632661338 0.8000000000000002
vertex 64.48733180567925 34.98939364537648 0.8000000000000002
endloop
endfacet
facet normal 0.7046447616768767 -0.7095602580763227 0.0
outer loop
vertex 64.2172635825592 34.72119632661338 0.8000000000000002
vertex 64.48733180567925 34.98939364537648 3.667
vertex 64.2172635825592 34.72119632661338 3.667
endloop
endfacet
facet normal 0.6287405368072597 -0.7776151602015735 0.0
outer loop
vertex 64.77499755531052 35.23862258314297 3.667
vertex 64.48733180567925 34.98939364537648 0.8000000000000002
vertex 64.77499755531052 35.23862258314297 0.8000000000000002
endloop
endfacet
facet normal 0.6801195894899211 -0.7331011826426562 0.0
outer loop
vertex 64.48733180567925 34.98939364537648 0.8000000000000002
vertex 64.77499755531052 35.23862258314297 3.667
vertex 64.48733180567925 34.98939364537648 3.667
endloop
endfacet
facet normal 0.5744558846945034 -0.8185355438463595 0.0
outer loop
vertex 65.0789314413632 35.46773137791052 3.667
vertex 64.77499755531052 35.23862258314297 0.8000000000000002
vertex 65.0789314413632 35.46773137791052 0.8000000000000002
endloop
endfacet
facet normal 0.6287405368072597 -0.7776151602015735 0.0
outer loop
vertex 64.77499755531052 35.23862258314297 0.8000000000000002
vertex 65.0789314413632 35.46773137791052 3.667
vertex 64.77499755531052 35.23862258314297 3.667
endloop
endfacet
facet normal 0.5175164988818286 -0.8556732281572763 0.0
outer loop
vertex 65.39772889378926 35.67566124891891 3.667
vertex 65.0789314413632 35.46773137791052 0.8000000000000002
vertex 65.39772889378926 35.67566124891891 0.8000000000000002
endloop
endfacet
facet normal 0.5744558846945034 -0.8185355438463595 0.0
outer loop
vertex 65.0789314413632 35.46773137791052 0.8000000000000002
vertex 65.39772889378926 35.67566124891891 3.667
vertex 65.0789314413632 35.46773137791052 3.667
endloop
endfacet
facet normal 0.45818551342461034 -0.8888565887069895 0.0
outer loop
vertex 65.72991665352275 35.86145128959476 3.667
vertex 65.39772889378926 35.67566124891891 0.8000000000000002
vertex 65.72991665352275 35.86145128959476 0.8000000000000002
endloop
endfacet
facet normal 0.5175164988818286 -0.8556732281572763 0.0
outer loop
vertex 65.39772889378926 35.67566124891891 0.8000000000000002
vertex 65.72991665352275 35.86145128959476 3.667
vertex 65.39772889378926 35.67566124891891 3.667
endloop
endfacet
facet normal 0.3967371146801937 -0.9179322751898611 0.0
outer loop
vertex 66.07395958085311 36.024242908190345 3.667
vertex 65.72991665352275 35.86145128959476 0.8000000000000002
vertex 66.07395958085311 36.024242908190345 0.8000000000000002
endloop
endfacet
facet normal 0.45818551342461034 -0.8888565887069895 0.0
outer loop
vertex 65.72991665352275 35.86145128959476 0.8000000000000002
vertex 66.07395958085311 36.024242908190345 3.667
vertex 65.72991665352275 35.86145128959476 3.667
endloop
endfacet
facet normal 0.3334552742109797 -0.9427659200994064 0.0
outer loop
vertex 66.42826774976996 36.16328379559478 3.667
vertex 66.07395958085311 36.024242908190345 0.8000000000000002
vertex 66.42826774976996 36.16328379559478 0.8000000000000002
endloop
endfacet
facet normal 0.3967371146801937 -0.9179322751898611 0.0
outer loop
vertex 66.07395958085311 36.024242908190345 0.8000000000000002
vertex 66.42826774976996 36.16328379559478 3.667
vertex 66.07395958085311 36.024242908190345 3.667
endloop
endfacet
facet normal 0.2686324364655853 -0.9632427596813605 0.0
outer loop
vertex 66.79120379548709 36.27793140198085 3.667
vertex 66.42826774976996 36.16328379559478 0.8000000000000002
vertex 66.79120379548709 36.27793140198085 0.8000000000000002
endloop
endfacet
facet normal 0.3334552742109797 -0.9427659200994064 0.0
outer loop
vertex 66.42826774976996 36.16328379559478 0.8000000000000002
vertex 66.79120379548709 36.27793140198085 3.667
vertex 66.42826774976996 36.16328379559478 3.667
endloop
endfacet
facet normal 0.20256816730463253 -0.9792681642914991 0.0
outer loop
vertex 67.16109048120254 36.36765590622161 3.667
vertex 66.79120379548709 36.27793140198085 0.8000000000000002
vertex 67.16109048120254 36.36765590622161 0.8000000000000002
endloop
endfacet
facet normal 0.2686324364655853 -0.9632427596813605 0.0
outer loop
vertex 66.79120379548709 36.27793140198085 0.8000000000000002
vertex 67.16109048120254 36.36765590622161 3.667
vertex 66.79120379548709 36.27793140198085 3.667
endloop
endfacet
facet normal 0.13556776961831657 -0.9907680757072843 0.0
outer loop
vertex 67.53621844911261 36.43204266435319 3.667
vertex 67.16109048120254 36.36765590622161 0.8000000000000002
vertex 67.53621844911261 36.43204266435319 0.8000000000000002
endloop
endfacet
facet normal 0.20256816730463253 -0.9792681642914991 0.0
outer loop
vertex 67.16109048120254 36.36765590622161 0.8000000000000002
vertex 67.53621844911261 36.43204266435319 3.667
vertex 67.16109048120254 36.36765590622161 3.667
endloop
endfacet
facet normal 0.06794087242857967 -0.9976893493736633 0.0
outer loop
vertex 67.91485411986923 36.47079412576958 3.667
vertex 67.53621844911261 36.43204266435319 0.8000000000000002
vertex 67.91485411986923 36.47079412576958 0.8000000000000002
endloop
endfacet
facet normal 0.13556776961831657 -0.9907680757072843 0.0
outer loop
vertex 67.53621844911261 36.43204266435319 0.8000000000000002
vertex 67.91485411986923 36.47079412576958 3.667
vertex 67.53621844911261 36.43204266435319 3.667
endloop
endfacet
facet normal -0.9906339980626502 -0.13654406571656427 0.0
outer loop
vertex 61.096087145701354 33.063689592573034 3.667
vertex 61.218160259507634 31.806691729932957 0.8000000000000002
vertex 61.218160259507634 31.806691729932957 3.667
endloop
endfacet
facet normal -0.9997051886409807 -0.024280358405537855 0.0
outer loop
vertex 61.218160259507634 31.806691729932957 0.8000000000000002
vertex 61.096087145701354 33.063689592573034 3.667
vertex 61.096087145701354 33.063689592573034 0.8000000000000002
endloop
endfacet
facet normal -0.9997051886409807 -0.024280358405537855 0.0
outer loop
vertex 61.218160259507634 31.806691729932957 3.667
vertex 61.16131013901444 30.62926113009772 0.8000000000000002
vertex 61.16131013901444 30.62926113009772 3.667
endloop
endfacet
facet normal -0.9980442034128233 0.06251214309286632 0.0
outer loop
vertex 61.16131013901444 30.62926113009772 0.8000000000000002
vertex 61.218160259507634 31.806691729932957 3.667
vertex 61.218160259507634 31.806691729932957 0.8000000000000002
endloop
endfacet
facet normal -0.9980442034128233 0.06251214309286632 0.0
outer loop
vertex 61.16131013901444 30.62926113009772 3.667
vertex 61.07079643283298 29.453939036958182 0.8000000000000002
vertex 61.07079643283298 29.453939036958182 3.667
endloop
endfacet
facet normal -0.9958471377873007 0.09104107952370229 0.0
outer loop
vertex 61.07079643283298 29.453939036958182 0.8000000000000002
vertex 61.16131013901444 30.62926113009772 3.667
vertex 61.16131013901444 30.62926113009772 0.8000000000000002
endloop
endfacet
facet normal -0.9958471377873007 0.09104107952370229 0.0
outer loop
vertex 61.07079643283298 29.453939036958182 3.667
vertex 60.94669324700878 28.281687718811504 0.8000000000000002
vertex 60.94669324700878 28.281687718811504 3.667
endloop
endfacet
facet normal -0.9928347449122474 0.11949547813634105 0.0
outer loop
vertex 60.94669324700878 28.281687718811504 0.8000000000000002
vertex 61.07079643283298 29.453939036958182 3.667
vertex 61.07079643283298 29.453939036958182 0.8000000000000002
endloop
endfacet
facet normal -0.9928347449122474 0.11949547813634105 0.0
outer loop
vertex 60.94669324700878 28.281687718811504 3.667
vertex 60.82120445831371 27.35144070573368 0.8000000000000002
vertex 60.82120445831371 27.35144070573368 3.667
endloop
endfacet
facet normal -0.9910235454597484 0.13368744273263053 0.0
outer loop
vertex 60.82120445831371 27.35144070573368 0.8000000000000002
vertex 60.94669324700878 28.281687718811504 3.667
vertex 60.94669324700878 28.281687718811504 0.8000000000000002
endloop
endfacet
facet normal -0.9910235454598916 0.1336874427315675 0.0
outer loop
vertex 60.82120445831371 27.35144070573368 3.667
vertex 60.78910218820739 27.113466929827464 0.8000000000000002
vertex 60.78910218820739 27.113466929827464 3.667
endloop
endfacet
facet normal -0.9890094911160485 0.1478520425370401 0.0
outer loop
vertex 60.78910218820739 27.113466929827464 0.8000000000000002
vertex 60.82120445831371 27.35144070573368 3.667
vertex 60.82120445831371 27.35144070573368 0.8000000000000002
endloop
endfacet
facet normal -0.9890094911160485 0.1478520425370401 0.0
outer loop
vertex 60.78910218820739 27.113466929827464 3.667
vertex 60.59815228053423 25.950233124271605 0.8000000000000002
vertex 60.59815228053423 25.950233124271605 3.667
endloop
endfacet
facet normal -0.9843745082383051 0.1760875564331429 0.0
outer loop
vertex 60.59815228053423 25.950233124271605 0.8000000000000002
vertex 60.78910218820739 27.113466929827464 3.667
vertex 60.78910218820739 27.113466929827464 0.8000000000000002
endloop
endfacet
facet normal -0.9843745082383051 0.1760875564331429 0.0
outer loop
vertex 60.59815228053423 25.950233124271605 3.667
vertex 60.373999859892926 24.792938673429827 0.8000000000000002
vertex 60.373999859892926 24.792938673429827 3.667
endloop
endfacet
facet normal -0.9789335910661817 0.20417890263753932 0.0
outer loop
vertex 60.373999859892926 24.792938673429827 0.8000000000000002
vertex 60.59815228053423 25.950233124271605 3.667
vertex 60.59815228053423 25.950233124271605 0.8000000000000002
endloop
endfacet
facet normal -0.9789335910661817 0.20417890263753932 0.0
outer loop
vertex 60.373999859892926 24.792938673429827 3.667
vertex 60.11682844599219 23.642531085876232 0.8000000000000002
vertex 60.11682844599219 23.642531085876232 3.667
endloop
endfacet
facet normal -0.9726911942272161 0.23210308199770271 0.0
outer loop
vertex 60.11682844599219 23.642531085876232 0.8000000000000002
vertex 60.373999859892926 24.792938673429827 3.667
vertex 60.373999859892926 24.792938673429827 0.8000000000000002
endloop
endfacet
facet normal -0.9726911942272161 0.23210308199770271 0.0
outer loop
vertex 60.11682844599219 23.642531085876232 3.667
vertex 59.82684859209286 22.499952231721796 0.8000000000000002
vertex 59.82684859209286 22.499952231721796 3.667
endloop
endfacet
facet normal -0.9656524285420842 0.25983723222582034 0.0
outer loop
vertex 59.82684859209286 22.499952231721796 0.8000000000000002
vertex 60.11682844599219 23.642531085876232 3.667
vertex 60.11682844599219 23.642531085876232 0.8000000000000002
endloop
endfacet
facet normal -0.9656524285420842 0.25983723222582034 0.0
outer loop
vertex 59.82684859209286 22.499952231721796 3.667
vertex 59.504297712619895 21.36613757147963 0.8000000000000002
vertex 59.504297712619895 21.36613757147963 3.667
endloop
endfacet
facet normal -0.957823056840568 0.28735864661532273 0.0
outer loop
vertex 59.504297712619895 21.36613757147963 0.8000000000000002
vertex 59.82684859209286 22.499952231721796 3.667
vertex 59.82684859209286 22.499952231721796 0.8000000000000002
endloop
endfacet
facet normal -0.957823056840568 0.28735864661532273 0.0
outer loop
vertex 59.504297712619895 21.36613757147963 3.667
vertex 59.14943988878901 20.24201539017799 0.8000000000000002
vertex 59.14943988878901 20.24201539017799 3.667
endloop
endfacet
facet normal -0.9492094892431524 0.3146447926325079 0.0
outer loop
vertex 59.14943988878901 20.24201539017799 0.8000000000000002
vertex 59.504297712619895 21.36613757147963 3.667
vertex 59.504297712619895 21.36613757147963 0.8000000000000002
endloop
endfacet
facet normal -0.9492094892431524 0.3146447926325079 0.0
outer loop
vertex 59.14943988878901 20.24201539017799 3.667
vertex 58.7625656523913 19.128506037347872 0.8000000000000002
vertex 58.7625656523913 19.128506037347872 3.667
endloop
endfacet
facet normal -0.9398187779128173 0.34167333036463143 0.0
outer loop
vertex 58.7625656523913 19.128506037347872 0.8000000000000002
vertex 59.14943988878901 20.24201539017799 3.667
vertex 59.14943988878901 20.24201539017799 0.8000000000000002
endloop
endfacet
facet normal -0.9398187779128173 0.34167333036463143 0.0
outer loop
vertex 58.7625656523913 19.128506037347872 3.667
vertex 58.34399174793103 18.026521173507746 0.8000000000000002
vertex 58.34399174793103 18.026521173507746 3.667
endloop
endfacet
facet normal -0.9381579378156518 0.34620757316021195 0.0
outer loop
vertex 58.34399174793103 18.026521173507746 0.8000000000000002
vertex 58.7625656523913 19.128506037347872 3.667
vertex 58.7625656523913 19.128506037347872 0.8000000000000002
endloop
endfacet
facet normal -0.9381579378156518 0.34620757316021195 0.0
outer loop
vertex 58.34399174793103 18.026521173507746 3.667
vertex 57.87267486672429 16.711085537589245 0.8000000000000002
vertex 57.87267486672429 16.711085537589245 3.667
endloop
endfacet
facet normal -0.92912917878197 0.36975528276948544 0.0
outer loop
vertex 57.87267486672429 16.711085537589245 0.8000000000000002
vertex 58.34399174793103 18.026521173507746 3.667
vertex 58.34399174793103 18.026521173507746 0.8000000000000002
endloop
endfacet
facet normal -0.92912917878197 0.36975528276948544 0.0
outer loop
vertex 57.87267486672429 16.711085537589245 3.667
vertex 57.311278895388924 15.431497682800194 0.8000000000000002
vertex 57.311278895388924 15.431497682800194 3.667
endloop
endfacet
facet normal -0.9012536058592578 0.43329197768443123 0.0
outer loop
vertex 57.311278895388924 15.431497682800194 0.8000000000000002
vertex 57.87267486672429 16.711085537589245 3.667
vertex 57.87267486672429 16.711085537589245 0.8000000000000002
endloop
endfacet
facet normal -0.9012536058592578 0.43329197768443123 0.0
outer loop
vertex 57.311278895388924 15.431497682800194 3.667
vertex 56.66250637120882 14.193917492823502 0.8000000000000002
vertex 56.66250637120882 14.193917492823502 3.667
endloop
endfacet
facet normal -0.8690394348791631 0.49474282271186587 0.0
outer loop
vertex 56.66250637120882 14.193917492823502 0.8000000000000002
vertex 57.311278895388924 15.431497682800194 3.667
vertex 57.311278895388924 15.431497682800194 0.8000000000000002
endloop
endfacet
facet normal -0.8690394348791631 0.49474282271186587 0.0
outer loop
vertex 56.66250637120882 14.193917492823502 3.667
vertex 55.92948045862126 13.004302628159015 0.8000000000000002
vertex 55.92948045862126 13.004302628159015 3.667
endloop
endfacet
facet normal -0.8326417435454728 0.5538119959928234 0.0
outer loop
vertex 55.92948045862126 13.004302628159015 0.8000000000000002
vertex 56.66250637120882 14.193917492823502 3.667
vertex 56.66250637120882 14.193917492823502 0.8000000000000002
endloop
endfacet
facet normal -0.8326417435454728 0.5538119959928234 0.0
outer loop
vertex 55.92948045862126 13.004302628159015 3.667
vertex 55.11572991444008 11.86837984618912 0.8000000000000002
vertex 55.11572991444008 11.86837984618912 3.667
endloop
endfacet
facet normal -0.7922357488581107 0.6102151409390206 0.0
outer loop
vertex 55.11572991444008 11.86837984618912 0.8000000000000002
vertex 55.92948045862126 13.004302628159015 3.667
vertex 55.92948045862126 13.004302628159015 0.8000000000000002
endloop
endfacet
facet normal -0.7922357488581107 0.6102151409390206 0.0
outer loop
vertex 55.11572991444008 11.86837984618912 3.667
vertex 54.22517210055451 10.791617432802541 0.8000000000000002
vertex 54.22517210055451 10.791617432802541 3.667
endloop
endfacet
facet normal -0.7480159636251755 0.663680735114332 0.0
outer loop
vertex 54.22517210055451 10.791617432802541 0.8000000000000002
vertex 55.11572991444008 11.86837984618912 3.667
vertex 55.11572991444008 11.86837984618912 0.8000000000000002
endloop
endfacet
facet normal -0.7480159636251755 0.663680735114332 0.0
outer loop
vertex 54.22517210055451 10.791617432802541 3.667
vertex 53.262094125916484 9.779198878289364 0.8000000000000002
vertex 53.262094125916484 9.779198878289364 3.667
endloop
endfacet
facet normal -0.7001952600876954 0.713951397330886 0.0
outer loop
vertex 53.262094125916484 9.779198878289364 0.8000000000000002
vertex 54.22517210055451 10.791617432802541 3.667
vertex 54.22517210055451 10.791617432802541 0.8000000000000002
endloop
endfacet
facet normal -0.6490038451595255 0.7607851266738531 0.0
outer loop
vertex 52.231132208571076 8.835997924230439 3.667
vertex 53.262094125916484 9.779198878289364 0.8000000000000002
vertex 52.231132208571076 8.835997924230439 0.8000000000000002
endloop
endfacet
facet normal -0.7001952600876954 0.713951397330886 0.0
outer loop
vertex 53.262094125916484 9.779198878289364 0.8000000000000002
vertex 52.231132208571076 8.835997924230439 3.667
vertex 53.262094125916484 9.779198878289364 3.667
endloop
endfacet
facet normal -0.594688152221831 0.8039564674825277 0.0
outer loop
vertex 51.13724935708935 7.966555101504432 3.667
vertex 52.231132208571076 8.835997924230439 0.8000000000000002
vertex 51.13724935708935 7.966555101504432 0.8000000000000002
endloop
endfacet
facet normal -0.6490038451595255 0.7607851266738531 0.0
outer loop
vertex 52.231132208571076 8.835997924230439 0.8000000000000002
vertex 51.13724935708935 7.966555101504432 3.667
vertex 52.231132208571076 8.835997924230439 3.667
endloop
endfacet
facet normal -0.5375096548026349 0.8432575946850123 0.0
outer loop
vertex 49.98571147885261 7.1750558723575715 3.667
vertex 51.13724935708935 7.966555101504432 0.8000000000000002
vertex 49.98571147885261 7.1750558723575715 0.8000000000000002
endloop
endfacet
facet normal -0.594688152221831 0.8039564674825277 0.0
outer loop
vertex 51.13724935708935 7.966555101504432 0.8000000000000002
vertex 49.98571147885261 7.1750558723575715 3.667
vertex 51.13724935708935 7.966555101504432 3.667
endloop
endfacet
facet normal -0.4777436078534711 0.8784993142599196 0.0
outer loop
vertex 48.78206203018463 6.4653104817593015 3.667
vertex 49.98571147885261 7.1750558723575715 0.8000000000000002
vertex 48.78206203018463 6.4653104817593015 0.8000000000000002
endloop
endfacet
facet normal -0.5375096548026349 0.8432575946850123 0.0
outer loop
vertex 49.98571147885261 7.1750558723575715 0.8000000000000002
vertex 48.78206203018463 6.4653104817593015 3.667
vertex 49.98571147885261 7.1750558723575715 3.667
endloop
endfacet
facet normal -0.4152112371521673 0.909725029084375 0.0
outer loop
vertex 47.532095330382084 5.840735615038591 3.667
vertex 48.78206203018463 6.4653104817593015 0.8000000000000002
vertex 47.532095330382084 5.840735615038591 0.8000000000000002
endloop
endfacet
facet normal -0.4777436078534711 0.8784993142599196 0.0
outer loop
vertex 48.78206203018463 6.4653104817593015 0.8000000000000002
vertex 47.532095330382084 5.840735615038591 3.667
vertex 48.78206203018463 6.4653104817593015 3.667
endloop
endfacet
facet normal -0.3496896837518879 0.9368655853843201 0.0
outer loop
vertex 45.64030858644108 5.056545021747143 3.667
vertex 47.532095330382084 5.840735615038591 0.8000000000000002
vertex 45.64030858644108 5.056545021747143 0.8000000000000002
endloop
endfacet
facet normal -0.4152112371521673 0.909725029084375 0.0
outer loop
vertex 47.532095330382084 5.840735615038591 0.8000000000000002
vertex 45.64030858644108 5.056545021747143 3.667
vertex 47.532095330382084 5.840735615038591 3.667
endloop
endfacet
facet normal -0.2819173037841486 0.9594387076968888 0.0
outer loop
vertex 43.69736722762713 4.409404505809339 3.667
vertex 45.64030858644108 5.056545021747143 0.8000000000000002
vertex 43.69736722762713 4.409404505809339 0.8000000000000002
endloop
endfacet
facet normal -0.3496896837518879 0.9368655853843201 0.0
outer loop
vertex 45.64030858644108 5.056545021747143 0.8000000000000002
vertex 43.69736722762713 4.409404505809339 3.667
vertex 45.64030858644108 5.056545021747143 3.667
endloop
endfacet
facet normal -0.21270640092841828 0.9771161583988257 0.0
outer loop
vertex 41.71318538683384 3.9026161931729124 3.667
vertex 43.69736722762713 4.409404505809339 0.8000000000000002
vertex 41.71318538683384 3.9026161931729124 0.8000000000000002
endloop
endfacet
facet normal -0.2819173037841486 0.9594387076968888 0.0
outer loop
vertex 43.69736722762713 4.409404505809339 0.8000000000000002
vertex 41.71318538683384 3.9026161931729124 3.667
vertex 43.69736722762713 4.409404505809339 3.667
endloop
endfacet
facet normal -0.14241013359856872 0.9898077357994521 0.0
outer loop
vertex 39.697887632343736 3.538766042831261 3.667
vertex 41.71318538683384 3.9026161931729124 0.8000000000000002
vertex 39.697887632343736 3.538766042831261 0.8000000000000002
endloop
endfacet
facet normal -0.21270640092841828 0.9771161583988257 0.0
outer loop
vertex 41.71318538683384 3.9026161931729124 0.8000000000000002
vertex 39.697887632343736 3.538766042831261 3.667
vertex 41.71318538683384 3.9026161931729124 3.667
endloop
endfacet
facet normal -0.0713871984341288 0.9974486793312859 0.0
outer loop
vertex 37.66175730578521 3.3197106516021417 3.667
vertex 39.697887632343736 3.538766042831261 0.8000000000000002
vertex 37.66175730578521 3.3197106516021417 0.8000000000000002
endloop
endfacet
facet normal -0.14241013359856872 0.9898077357994521 0.0
outer loop
vertex 39.697887632343736 3.538766042831261 0.8000000000000002
vertex 37.66175730578521 3.3197106516021417 3.667
vertex 39.697887632343736 3.538766042831261 3.667
endloop
endfacet
facet normal -8.159795032610949e-15 1.0 0.0
outer loop
vertex 35.61518404993181 3.2465677805800297 3.667
vertex 37.66175730578521 3.3197106516021417 0.8000000000000002
vertex 35.61518404993181 3.2465677805800297 0.8000000000000002
endloop
endfacet
facet normal -0.0713871984341288 0.9974486793312859 0.0
outer loop
vertex 37.66175730578521 3.3197106516021417 0.8000000000000002
vertex 35.61518404993181 3.2465677805800297 3.667
vertex 37.66175730578521 3.3197106516021417 3.667
endloop
endfacet
facet normal 0.0713871984341264 0.997448679331286 0.0
outer loop
vertex 33.568610794077486 3.3197106516021417 3.667
vertex 35.61518404993181 3.2465677805800297 0.8000000000000002
vertex 33.568610794077486 3.3197106516021417 0.8000000000000002
endloop
endfacet
facet normal -8.159795032610949e-15 1.0 0.0
outer loop
vertex 35.61518404993181 3.2465677805800297 0.8000000000000002
vertex 33.568610794077486 3.3197106516021417 3.667
vertex 35.61518404993181 3.2465677805800297 3.667
endloop
endfacet
facet normal 0.1424101335985656 0.9898077357994525 0.0
outer loop
vertex 31.53248046751918 3.538766042831261 3.667
vertex 33.568610794077486 3.3197106516021417 0.8000000000000002
vertex 31.53248046751918 3.538766042831261 0.8000000000000002
endloop
endfacet
facet normal 0.0713871984341264 0.997448679331286 0.0
outer loop
vertex 33.568610794077486 3.3197106516021417 0.8000000000000002
vertex 31.53248046751918 3.538766042831261 3.667
vertex 33.568610794077486 3.3197106516021417 3.667
endloop
endfacet
facet normal 0.21270640092841464 0.9771161583988266 0.0
outer loop
vertex 29.517182713028888 3.902616193172908 3.667
vertex 31.53248046751918 3.538766042831261 0.8000000000000002
vertex 29.517182713028888 3.902616193172908 0.8000000000000002
endloop
endfacet
facet normal 0.1424101335985656 0.9898077357994525 0.0
outer loop
vertex 31.53248046751918 3.538766042831261 0.8000000000000002
vertex 29.517182713028888 3.902616193172908 3.667
vertex 31.53248046751918 3.538766042831261 3.667
endloop
endfacet
facet normal 0.2819173037841479 0.9594387076968891 0.0
outer loop
vertex 27.533000872235707 4.409404505809329 3.667
vertex 29.517182713028888 3.902616193172908 0.8000000000000002
vertex 27.533000872235707 4.409404505809329 0.8000000000000002
endloop
endfacet
facet normal 0.21270640092841464 0.9771161583988266 0.0
outer loop
vertex 29.517182713028888 3.902616193172908 0.8000000000000002
vertex 27.533000872235707 4.409404505809329 3.667
vertex 29.517182713028888 3.902616193172908 3.667
endloop
endfacet
facet normal 0.34968968375189724 0.9368655853843165 0.0
outer loop
vertex 25.590059513421654 5.056545021747143 3.667
vertex 27.533000872235707 4.409404505809329 0.8000000000000002
vertex 25.590059513421654 5.056545021747143 0.8000000000000002
endloop
endfacet
facet normal 0.2819173037841479 0.9594387076968891 0.0
outer loop
vertex 27.533000872235707 4.409404505809329 0.8000000000000002
vertex 25.590059513421654 5.056545021747143 3.667
vertex 27.533000872235707 4.409404505809329 3.667
endloop
endfacet
facet normal 0.40857226227988747 0.9127259755783742 0.0
outer loop
vertex 23.69827276948083 5.840735615038588 3.667
vertex 25.590059513421654 5.056545021747143 0.8000000000000002
vertex 23.69827276948083 5.840735615038588 0.8000000000000002
endloop
endfacet
facet normal 0.34968968375189724 0.9368655853843165 0.0
outer loop
vertex 25.590059513421654 5.056545021747143 0.8000000000000002
vertex 23.69827276948083 5.840735615038588 3.667
vertex 25.590059513421654 5.056545021747143 3.667
endloop
endfacet
facet normal 0.45194232478117186 0.8920471596678002 0.0
outer loop
vertex 22.918192877951846 6.2164174008116335 3.667
vertex 23.69827276948083 5.840735615038588 0.8000000000000002
vertex 22.918192877951846 6.2164174008116335 0.8000000000000002
endloop
endfacet
facet normal 0.40857226227988747 0.9127259755783742 0.0
outer loop
vertex 23.69827276948083 5.840735615038588 0.8000000000000002
vertex 22.918192877951846 6.2164174008116335 3.667
vertex 23.69827276948083 5.840735615038588 3.667
endloop
endfacet
facet normal 0.4874747165404721 0.8731371030564367 0.0
outer loop
vertex 22.153863402191067 6.623187475685377 3.667
vertex 22.918192877951846 6.2164174008116335 0.8000000000000002
vertex 22.153863402191067 6.623187475685377 0.8000000000000002
endloop
endfacet
facet normal 0.45194232478117186 0.8920471596678002 0.0
outer loop
vertex 22.918192877951846 6.2164174008116335 0.8000000000000002
vertex 22.153863402191067 6.623187475685377 3.667
vertex 22.918192877951846 6.2164174008116335 3.667
endloop
endfacet
facet normal 0.5222173304739729 0.8528124411338271 0.0
outer loop
vertex 21.40652266379936 7.0603868147411655 3.667
vertex 22.153863402191067 6.623187475685377 0.8000000000000002
vertex 21.40652266379936 7.0603868147411655 0.8000000000000002
endloop
endfacet
facet normal 0.4874747165404721 0.8731371030564367 0.0
outer loop
vertex 22.153863402191067 6.623187475685377 0.8000000000000002
vertex 21.40652266379936 7.0603868147411655 3.667
vertex 22.153863402191067 6.623187475685377 3.667
endloop
endfacet
facet normal 0.5561138786447412 0.8311061027201655 0.0
outer loop
vertex 20.677381460228123 7.527307093358624 3.667
vertex 21.40652266379936 7.0603868147411655 0.8000000000000002
vertex 20.677381460228123 7.527307093358624 0.8000000000000002
endloop
endfacet
facet normal 0.5222173304739729 0.8528124411338271 0.0
outer loop
vertex 21.40652266379936 7.0603868147411655 0.8000000000000002
vertex 20.677381460228123 7.527307093358624 3.667
vertex 21.40652266379936 7.0603868147411655 3.667
endloop
endfacet
facet normal 0.589109443861327 0.8080532551468365 0.0
outer loop
vertex 19.967621103112094 8.02319183480151 3.667
vertex 20.677381460228123 7.527307093358624 0.8000000000000002
vertex 19.967621103112094 8.02319183480151 0.8000000000000002
endloop
endfacet
facet normal 0.5561138786447412 0.8311061027201655 0.0
outer loop
vertex 20.677381460228123 7.527307093358624 0.8000000000000002
vertex 19.967621103112094 8.02319183480151 3.667
vertex 20.677381460228123 7.527307093358624 3.667
endloop
endfacet
facet normal 0.6211505686522719 0.7836912472797941 0.0
outer loop
vertex 19.27839150438049 8.547237635816769 3.667
vertex 19.967621103112094 8.02319183480151 0.8000000000000002
vertex 19.27839150438049 8.547237635816769 0.8000000000000002
endloop
endfacet
facet normal 0.589109443861327 0.8080532551468365 0.0
outer loop
vertex 19.967621103112094 8.02319183480151 0.8000000000000002
vertex 19.27839150438049 8.547237635816769 3.667
vertex 19.967621103112094 8.02319183480151 3.667
endloop
endfacet
facet normal 0.6521853418744629 0.7580595490092383 0.0
outer loop
vertex 18.610809313236683 9.098595468261179 3.667
vertex 19.27839150438049 8.547237635816769 0.8000000000000002
vertex 18.610809313236683 9.098595468261179 0.8000000000000002
endloop
endfacet
facet normal 0.6211505686522719 0.7836912472797941 0.0
outer loop
vertex 19.27839150438049 8.547237635816769 0.8000000000000002
vertex 18.610809313236683 9.098595468261179 3.667
vertex 19.27839150438049 8.547237635816769 3.667
endloop
endfacet
facet normal 0.6821634828164397 0.7311996873028223 0.0
outer loop
vertex 17.965956107030213 9.676372054646711 3.667
vertex 18.610809313236683 9.098595468261179 0.8000000000000002
vertex 17.965956107030213 9.676372054646711 0.8000000000000002
endloop
endfacet
facet normal 0.6521853418744629 0.7580595490092383 0.0
outer loop
vertex 18.610809313236683 9.098595468261179 0.8000000000000002
vertex 17.965956107030213 9.676372054646711 3.667
vertex 18.610809313236683 9.098595468261179 3.667
endloop
endfacet
facet normal 0.7110364226591105 0.7031551789271944 0.0
outer loop
vertex 17.34487663894799 10.27963131537615 3.667
vertex 17.965956107030213 9.676372054646711 0.8000000000000002
vertex 17.34487663894799 10.27963131537615 0.8000000000000002
endloop
endfacet
facet normal 0.6821634828164397 0.7311996873028223 0.0
outer loop
vertex 17.965956107030213 9.676372054646711 0.8000000000000002
vertex 17.34487663894799 10.27963131537615 3.667
vertex 17.965956107030213 9.676372054646711 3.667
endloop
endfacet
facet normal 0.7387573831662234 0.6739714599427737 0.0
outer loop
vertex 16.74857714536404 10.907395885324092 0.8000000000000002
vertex 17.34487663894799 10.27963131537615 3.667
vertex 17.34487663894799 10.27963131537615 0.8000000000000002
endloop
endfacet
facet normal 0.7110364226591105 0.7031551789271944 0.0
outer loop
vertex 17.34487663894799 10.27963131537615 3.667
vertex 16.74857714536404 10.907395885324092 0.8000000000000002
vertex 16.74857714536404 10.907395885324092 3.667
endloop
endfacet
facet normal 0.7652814524700152 0.6436958120924695 0.0
outer loop
vertex 16.17802371560096 11.558648697306374 0.8000000000000002
vertex 16.74857714536404 10.907395885324092 3.667
vertex 16.74857714536404 10.907395885324092 0.8000000000000002
endloop
endfacet
facet normal 0.7387573831662234 0.6739714599427737 0.0
outer loop
vertex 16.74857714536404 10.907395885324092 3.667
vertex 16.17802371560096 11.558648697306374 0.8000000000000002
vertex 16.17802371560096 11.558648697306374 3.667
endloop
endfacet
facet normal 0.7930941694493426 0.6090990382404635 0.0
outer loop
vertex 15.63414072672077 12.232334629872431 0.8000000000000002
vertex 16.17802371560096 11.558648697306374 3.667
vertex 16.17802371560096 11.558648697306374 0.8000000000000002
endloop
endfacet
facet normal 0.7652814524700152 0.6436958120924695 0.0
outer loop
vertex 16.17802371560096 11.558648697306374 3.667
vertex 15.63414072672077 12.232334629872431 0.8000000000000002
vertex 15.63414072672077 12.232334629872431 3.667
endloop
endfacet
facet normal 0.8240630039420815 0.5664981602211546 0.0
outer loop
vertex 14.45267539590576 13.850510487064776 0.8000000000000002
vertex 15.63414072672077 12.232334629872431 3.667
vertex 15.63414072672077 12.232334629872431 0.8000000000000002
endloop
endfacet
facet normal 0.7930941694493426 0.6090990382404635 0.0
outer loop
vertex 15.63414072672077 12.232334629872431 3.667
vertex 14.45267539590576 13.850510487064776 0.8000000000000002
vertex 14.45267539590576 13.850510487064776 3.667
endloop
endfacet
facet normal 0.8549011264260008 0.5187909637181001 0.0
outer loop
vertex 13.365001988387514 15.533163152143835 0.8000000000000002
vertex 14.45267539590576 13.850510487064776 3.667
vertex 14.45267539590576 13.850510487064776 0.8000000000000002
endloop
endfacet
facet normal 0.8240630039420815 0.5664981602211546 0.0
outer loop
vertex 14.45267539590576 13.850510487064776 3.667
vertex 13.365001988387514 15.533163152143835 0.8000000000000002
vertex 13.365001988387514 15.533163152143835 3.667
endloop
endfacet
facet normal 0.8829805117026687 0.469409646208185 0.0
outer loop
vertex 12.374630389704047 17.274862761502398 0.8000000000000002
vertex 13.365001988387514 15.533163152143835 3.667
vertex 13.365001988387514 15.533163152143835 0.8000000000000002
endloop
endfacet
facet normal 0.8549011264260008 0.5187909637181001 0.0
outer loop
vertex 13.365001988387514 15.533163152143835 3.667
vertex 12.374630389704047 17.274862761502398 0.8000000000000002
vertex 12.374630389704047 17.274862761502398 3.667
endloop
endfacet
facet normal 0.9082105485391925 0.41851355954394004 0.0
outer loop
vertex 11.484756495723513 19.069988909028226 0.8000000000000002
vertex 12.374630389704047 17.274862761502398 3.667
vertex 12.374630389704047 17.274862761502398 0.8000000000000002
endloop
endfacet
facet normal 0.8829805117026687 0.469409646208185 0.0
outer loop
vertex 12.374630389704047 17.274862761502398 3.667
vertex 11.484756495723513 19.069988909028226 0.8000000000000002
vertex 11.484756495723513 19.069988909028226 3.667
endloop
endfacet
facet normal 0.9305098204546722 0.3662669436864506 0.0
outer loop
vertex 10.698251899598832 20.912748782965732 0.8000000000000002
vertex 11.484756495723513 19.069988909028226 3.667
vertex 11.484756495723513 19.069988909028226 0.8000000000000002
endloop
endfacet
facet normal 0.9082105485391925 0.41851355954394004 0.0
outer loop
vertex 11.484756495723513 19.069988909028226 3.667
vertex 10.698251899598832 20.912748782965732 0.8000000000000002
vertex 10.698251899598832 20.912748782965732 3.667
endloop
endfacet
facet normal 0.949806368447931 0.3128383967094722 0.0
outer loop
vertex 10.017654625233037 22.797195859124905 0.8000000000000002
vertex 10.698251899598832 20.912748782965732 3.667
vertex 10.698251899598832 20.912748782965732 0.8000000000000002
endloop
endfacet
facet normal 0.9305098204546722 0.3662669436864506 0.0
outer loop
vertex 10.698251899598832 20.912748782965732 3.667
vertex 10.017654625233037 22.797195859124905 0.8000000000000002
vertex 10.017654625233037 22.797195859124905 3.667
endloop
endfacet
facet normal 0.9660379232069557 0.25840033073893703 0.0
outer loop
vertex 9.445160937159697 24.71724909011491 0.8000000000000002
vertex 10.017654625233037 22.797195859124905 3.667
vertex 10.017654625233037 22.797195859124905 0.8000000000000002
endloop
endfacet
facet normal 0.949806368447931 0.3128383967094722 0.0
outer loop
vertex 10.017654625233037 22.797195859124905 3.667
vertex 9.445160937159697 24.71724909011491 0.8000000000000002
vertex 9.445160937159697 24.71724909011491 3.667
endloop
endfacet
facet normal 0.9791521060500652 0.203128415584137 0.0
outer loop
vertex 8.98261825327208 26.666712528679838 0.8000000000000002
vertex 9.445160937159697 24.71724909011491 3.667
vertex 9.445160937159697 24.71724909011491 0.8000000000000002
endloop
endfacet
facet normal 0.9660379232069557 0.25840033073893703 0.0
outer loop
vertex 9.445160937159697 24.71724909011491 3.667
vertex 8.98261825327208 26.666712528679838 0.8000000000000002
vertex 8.98261825327208 26.666712528679838 3.667
endloop
endfacet
facet normal 0.9891065979498631 0.14720101185809825 0.0
outer loop
vertex 8.63151918326893 28.639295321812202 0.8000000000000002
vertex 8.98261825327208 26.666712528679838 3.667
vertex 8.98261825327208 26.666712528679838 0.8000000000000002
endloop
endfacet
facet normal 0.9791521060500652 0.203128415584137 0.0
outer loop
vertex 8.98261825327208 26.666712528679838 3.667
vertex 8.63151918326893 28.639295321812202 0.8000000000000002
vertex 8.63151918326893 28.639295321812202 3.667
endloop
endfacet
facet normal 0.9958692760954992 0.09079859541329013 0.0
outer loop
vertex 8.392996712050005 30.628632011124207 0.8000000000000002
vertex 8.63151918326893 28.639295321812202 3.667
vertex 8.63151918326893 28.639295321812202 0.8000000000000002
endloop
endfacet
facet normal 0.9891065979498631 0.14720101185809825 0.0
outer loop
vertex 8.63151918326893 28.639295321812202 3.667
vertex 8.392996712050005 30.628632011124207 0.8000000000000002
vertex 8.392996712050005 30.628632011124207 3.667
endloop
endfacet
facet normal 0.9994183175518607 0.034103174952019255 0.0
outer loop
vertex 8.267820543615597 32.6283030739681 0.8000000000000002
vertex 8.392996712050005 30.628632011124207 3.667
vertex 8.392996712050005 30.628632011124207 0.8000000000000002
endloop
endfacet
facet normal 0.9958692760954992 0.09079859541329013 0.0
outer loop
vertex 8.392996712050005 30.628632011124207 3.667
vertex 8.267820543615597 32.6283030739681 0.8000000000000002
vertex 8.267820543615597 32.6283030739681 3.667
endloop
endfacet
facet normal 0.999395667299103 -0.03476061253460042 0.0
outer loop
vertex 8.256394617254896 34.63185563901996 0.8000000000000002
vertex 8.267820543615597 32.6283030739681 3.667
vertex 8.267820543615597 32.6283030739681 0.8000000000000002
endloop
endfacet
facet normal 0.9994183175518607 0.034103174952019255 0.0
outer loop
vertex 8.267820543615597 32.6283030739681 3.667
vertex 8.256394617254896 34.63185563901996 0.8000000000000002
vertex 8.256394617254896 34.63185563901996 3.667
endloop
endfacet
facet normal 0.9918482874496722 -0.12742438810193438 0.0
outer loop
vertex 8.37278232042821 36.17586264257997 0.8000000000000002
vertex 8.256394617254896 34.63185563901996 3.667
vertex 8.256394617254896 34.63185563901996 0.8000000000000002
endloop
endfacet
facet normal 0.999395667299103 -0.03476061253460042 0.0
outer loop
vertex 8.256394617254896 34.63185563901996 3.667
vertex 8.37278232042821 36.17586264257997 0.8000000000000002
vertex 8.37278232042821 36.17586264257997 3.667
endloop
endfacet
facet normal 0.9730151790391891 -0.230741113283556 0.0
outer loop
vertex 8.65045487746681 37.69914911450832 0.8000000000000002
vertex 8.37278232042821 36.17586264257997 3.667
vertex 8.37278232042821 36.17586264257997 0.8000000000000002
endloop
endfacet
facet normal 0.9918482874496722 -0.12742438810193438 0.0
outer loop
vertex 8.37278232042821 36.17586264257997 3.667
vertex 8.65045487746681 37.69914911450832 0.8000000000000002
vertex 8.65045487746681 37.69914911450832 3.667
endloop
endfacet
facet normal 0.9434506553993112 -0.3315129874177033 0.0
outer loop
vertex 9.086349828944519 39.18491468005669 0.8000000000000002
vertex 8.65045487746681 37.69914911450832 3.667
vertex 8.65045487746681 37.69914911450832 0.8000000000000002
endloop
endfacet
facet normal 0.9730151790391891 -0.230741113283556 0.0
outer loop
vertex 8.65045487746681 37.69914911450832 3.667
vertex 9.086349828944519 39.18491468005669 0.8000000000000002
vertex 9.086349828944519 39.18491468005669 3.667
endloop
endfacet
facet normal 0.9034807845977194 -0.428628594312943 0.0
outer loop
vertex 9.675659675632703 40.616772783741666 0.8000000000000002
vertex 9.086349828944519 39.18491468005669 3.667
vertex 9.086349828944519 39.18491468005669 0.8000000000000002
endloop
endfacet
facet normal 0.9434506553993112 -0.3315129874177033 0.0
outer loop
vertex 9.086349828944519 39.18491468005669 3.667
vertex 9.675659675632703 40.616772783741666 0.8000000000000002
vertex 9.675659675632703 40.616772783741666 3.667
endloop
endfacet
facet normal 0.8535463956053283 -0.5210168428651349 0.0
outer loop
vertex 10.411884900567603 41.97893141718423 0.8000000000000002
vertex 9.675659675632703 40.616772783741666 3.667
vertex 9.675659675632703 40.616772783741666 0.8000000000000002
endloop
endfacet
facet normal 0.9034807845977194 -0.428628594312943 0.0
outer loop
vertex 9.675659675632703 40.616772783741666 3.667
vertex 10.411884900567603 41.97893141718423 0.8000000000000002
vertex 10.411884900567603 41.97893141718423 3.667
endloop
endfacet
facet normal 0.7941982163801525 -0.6076587801542775 0.0
outer loop
vertex 11.286905652423169 43.2563672896703 0.8000000000000002
vertex 10.411884900567603 41.97893141718423 3.667
vertex 10.411884900567603 41.97893141718423 0.8000000000000002
endloop
endfacet
facet normal 0.8535463956053283 -0.5210168428651349 0.0
outer loop
vertex 10.411884900567603 41.97893141718423 3.667
vertex 11.286905652423169 43.2563672896703 0.8000000000000002
vertex 11.286905652423169 43.2563672896703 3.667
endloop
endfacet
facet normal 0.7260907998705403 -0.6875988295098815 0.0
outer loop
vertex 12.291071299611497 44.43499152050007 0.8000000000000002
vertex 11.286905652423169 43.2563672896703 3.667
vertex 11.286905652423169 43.2563672896703 0.8000000000000002
endloop
endfacet
facet normal 0.7941982163801525 -0.6076587801542775 0.0
outer loop
vertex 11.286905652423169 43.2563672896703 3.667
vertex 12.291071299611497 44.43499152050007 0.8000000000000002
vertex 12.291071299611497 44.43499152050007 3.667
endloop
endfacet
facet normal 0.6499753049306037 -0.7599553295953446 0.0
outer loop
vertex 13.413306867403644 45.501805025699284 3.667
vertex 12.291071299611497 44.43499152050007 0.8000000000000002
vertex 13.413306867403644 45.501805025699284 0.8000000000000002
endloop
endfacet
facet normal 0.7260907998705403 -0.6875988295098815 0.0
outer loop
vertex 12.291071299611497 44.43499152050007 0.8000000000000002
vertex 13.413306867403644 45.501805025699284 3.667
vertex 12.291071299611497 44.43499152050007 3.667
endloop
endfacet
facet normal 0.5666912117650094 -0.8239302582793675 0.0
outer loop
vertex 14.641235184175246 46.44504188532824 3.667
vertex 13.413306867403644 45.501805025699284 0.8000000000000002
vertex 14.641235184175246 46.44504188532824 0.8000000000000002
endloop
endfacet
facet normal 0.6499753049306037 -0.7599553295953446 0.0
outer loop
vertex 13.413306867403644 45.501805025699284 0.8000000000000002
vertex 14.641235184175246 46.44504188532824 3.667
vertex 13.413306867403644 45.501805025699284 3.667
endloop
endfacet
facet normal 0.47715706327501584 -0.8788180340473007 0.0
outer loop
vertex 15.961313389626735 47.254299110185464 3.667
vertex 14.641235184175246 46.44504188532824 0.8000000000000002
vertex 15.961313389626735 47.254299110185464 0.8000000000000002
endloop
endfacet
facet normal 0.5666912117650094 -0.8239302582793675 0.0
outer loop
vertex 14.641235184175246 46.44504188532824 0.8000000000000002
vertex 15.961313389626735 47.254299110185464 3.667
vertex 14.641235184175246 46.44504188532824 3.667
endloop
endfacet
facet normal 0.3823603344204499 -0.9240132978815194 0.0
outer loop
vertex 17.358982299418035 47.92065137670512 3.667
vertex 15.961313389626735 47.254299110185464 0.8000000000000002
vertex 17.358982299418035 47.92065137670512 0.8000000000000002
endloop
endfacet
facet normal 0.47715706327501584 -0.8788180340473007 0.0
outer loop
vertex 15.961313389626735 47.254299110185464 0.8000000000000002
vertex 17.358982299418035 47.92065137670512 3.667
vertex 15.961313389626735 47.254299110185464 3.667
endloop
endfacet
facet normal 0.29532173732897393 -0.9553978602974765 0.0
outer loop
vertex 18.818826978871307 48.43674946463335 3.667
vertex 17.358982299418035 47.92065137670512 0.8000000000000002
vertex 18.818826978871307 48.43674946463335 0.8000000000000002
endloop
endfacet
facet normal 0.3823603344204499 -0.9240132978815194 0.0
outer loop
vertex 17.358982299418035 47.92065137670512 0.8000000000000002
vertex 18.818826978871307 48.43674946463335 3.667
vertex 17.358982299418035 47.92065137670512 3.667
endloop
endfacet
facet normal 0.23017343985623082 -0.9731496224038472 0.0
outer loop
vertex 21.30018647129623 49.09623052394256 3.667
vertex 18.818826978871307 48.43674946463335 0.8000000000000002
vertex 21.30018647129623 49.09623052394256 0.8000000000000002
endloop
endfacet
facet normal 0.29532173732897393 -0.9553978602974765 0.0
outer loop
vertex 18.818826978871307 48.43674946463335 0.8000000000000002
vertex 21.30018647129623 49.09623052394256 3.667
vertex 18.818826978871307 48.43674946463335 3.667
endloop
endfacet
facet normal 0.17630358196229098 -0.9843358405479636 0.0
outer loop
vertex 23.81406058329542 49.61824311694104 3.667
vertex 21.30018647129623 49.09623052394256 0.8000000000000002
vertex 23.81406058329542 49.61824311694104 0.8000000000000002
endloop
endfacet
facet normal 0.23017343985623082 -0.9731496224038472 0.0
outer loop
vertex 21.30018647129623 49.09623052394256 0.8000000000000002
vertex 23.81406058329542 49.61824311694104 3.667
vertex 21.30018647129623 49.09623052394256 3.667
endloop
endfacet
facet normal 0.12190003671786005 -0.9925423824946643 0.0
outer loop
vertex 26.352839583978056 50.00120706292828 3.667
vertex 23.81406058329542 49.61824311694104 0.8000000000000002
vertex 26.352839583978056 50.00120706292828 0.8000000000000002
endloop
endfacet
facet normal 0.17630358196229098 -0.9843358405479636 0.0
outer loop
vertex 23.81406058329542 49.61824311694104 0.8000000000000002
vertex 26.352839583978056 50.00120706292828 3.667
vertex 23.81406058329542 49.61824311694104 3.667
endloop
endfacet
facet normal 0.06712748871757633 -0.9977444062777158 0.0
outer loop
vertex 28.90883835303399 50.24396309439885 3.667
vertex 26.352839583978056 50.00120706292828 0.8000000000000002
vertex 28.90883835303399 50.24396309439885 0.8000000000000002
endloop
endfacet
facet normal 0.12190003671786005 -0.9925423824946643 0.0
outer loop
vertex 26.352839583978056 50.00120706292828 0.8000000000000002
vertex 28.90883835303399 50.24396309439885 3.667
vertex 26.352839583978056 50.00120706292828 3.667
endloop
endfacet
facet normal 0.012151739561652355 -0.9999261648870009 0.0
outer loop
vertex 31.474319644313486 50.34577636625321 3.667
vertex 28.90883835303399 50.24396309439885 0.8000000000000002
vertex 31.474319644313486 50.34577636625321 0.8000000000000002
endloop
endfacet
facet normal 0.06712748871757633 -0.9977444062777158 0.0
outer loop
vertex 28.90883835303399 50.24396309439885 0.8000000000000002
vertex 31.474319644313486 50.34577636625321 3.667
vertex 28.90883835303399 50.24396309439885 3.667
endloop
endfacet
facet normal -0.04286079404083431 -0.9990810539361605 0.0
outer loop
vertex 34.041517507188935 50.3063386802421 3.667
vertex 31.474319644313486 50.34577636625321 0.8000000000000002
vertex 34.041517507188935 50.3063386802421 0.8000000000000002
endloop
endfacet
facet normal 0.012151739561652355 -0.9999261648870009 0.0
outer loop
vertex 31.474319644313486 50.34577636625321 0.8000000000000002
vertex 34.041517507188935 50.3063386802421 3.667
vertex 31.474319644313486 50.34577636625321 3.667
endloop
endfacet
facet normal -0.09774358403086769 -0.9952116316546952 0.0
outer loop
vertex 36.60266079481149 50.12576941791137 3.667
vertex 34.041517507188935 50.3063386802421 0.8000000000000002
vertex 36.60266079481149 50.12576941791137 0.8000000000000002
endloop
endfacet
facet normal -0.04286079404083431 -0.9990810539361605 0.0
outer loop
vertex 34.041517507188935 50.3063386802421 0.8000000000000002
vertex 36.60266079481149 50.12576941791137 3.667
vertex 34.041517507188935 50.3063386802421 3.667
endloop
endfacet
facet normal -0.1523304950954643 -0.9883296111439598 0.0
outer loop
vertex 39.149996688094035 49.804615179222985 3.667
vertex 36.60266079481149 50.12576941791137 0.8000000000000002
vertex 39.149996688094035 49.804615179222985 0.8000000000000002
endloop
endfacet
facet normal -0.09774358403086769 -0.9952116316546952 0.0
outer loop
vertex 36.60266079481149 50.12576941791137 0.8000000000000002
vertex 39.149996688094035 49.804615179222985 3.667
vertex 36.60266079481149 50.12576941791137 3.667
endloop
endfacet
facet normal -0.2064562875746478 -0.9784558249205195 0.0
outer loop
vertex 41.67581416421696 49.34384812794592 3.667
vertex 39.149996688094035 49.804615179222985 0.8000000000000002
vertex 41.67581416421696 49.34384812794592 0.8000000000000002
endloop
endfacet
facet normal -0.1523304950954643 -0.9883296111439598 0.0
outer loop
vertex 39.149996688094035 49.804615179222985 0.8000000000000002
vertex 41.67581416421696 49.34384812794592 3.667
vertex 39.149996688094035 49.804615179222985 3.667
endloop
endfacet
facet normal -0.2599571176572793 -0.9656201618541939 0.0
outer loop
vertex 44.172467338613195 48.74486304882605 3.667
vertex 41.67581416421696 49.34384812794592 0.8000000000000002
vertex 44.172467338613195 48.74486304882605 0.8000000000000002
endloop
endfacet
facet normal -0.2064562875746478 -0.9784558249205195 0.0
outer loop
vertex 41.67581416421696 49.34384812794592 0.8000000000000002
vertex 44.172467338613195 48.74486304882605 3.667
vertex 41.67581416421696 49.34384812794592 3.667
endloop
endfacet
facet normal -0.312671033351612 -0.9498614766916464 0.0
outer loop
vertex 46.632398609770625 48.00947312544302 3.667
vertex 44.172467338613195 48.74486304882605 0.8000000000000002
vertex 46.632398609770625 48.00947312544302 0.8000000000000002
endloop
endfacet
facet normal -0.2599571176572793 -0.9656201618541939 0.0
outer loop
vertex 44.172467338613195 48.74486304882605 0.8000000000000002
vertex 46.632398609770625 48.00947312544302 3.667
vertex 44.172467338613195 48.74486304882605 3.667
endloop
endfacet
facet normal -0.36129802372624625 -0.932450394418657 0.0
outer loop
vertex 49.04816153679586 47.13990445153456 3.667
vertex 46.632398609770625 48.00947312544302 0.8000000000000002
vertex 49.04816153679586 47.13990445153456 0.8000000000000002
endloop
endfacet
facet normal -0.312671033351612 -0.9498614766916464 0.0
outer loop
vertex 46.632398609770625 48.00947312544302 0.8000000000000002
vertex 49.04816153679586 47.13990445153456 3.667
vertex 46.632398609770625 48.00947312544302 3.667
endloop
endfacet
facet normal -0.40280105038592856 -0.9152875579881946 0.0
outer loop
vertex 49.86197455406024 46.80175962494422 3.667
vertex 49.04816153679586 47.13990445153456 0.8000000000000002
vertex 49.86197455406024 46.80175962494422 0.8000000000000002
endloop
endfacet
facet normal -0.36129802372624625 -0.932450394418657 0.0
outer loop
vertex 49.04816153679586 47.13990445153456 0.8000000000000002
vertex 49.86197455406024 46.80175962494422 3.667
vertex 49.04816153679586 47.13990445153456 3.667
endloop
endfacet
facet normal -0.44046849453695164 -0.897768068779655 0.0
outer loop
vertex 50.66104103647484 46.43010614722393 3.667
vertex 49.86197455406024 46.80175962494422 0.8000000000000002
vertex 50.66104103647484 46.43010614722393 0.8000000000000002
endloop
endfacet
facet normal -0.40280105038592856 -0.9152875579881946 0.0
outer loop
vertex 49.86197455406024 46.80175962494422 0.8000000000000002
vertex 50.66104103647484 46.43010614722393 3.667
vertex 49.86197455406024 46.80175962494422 3.667
endloop
endfacet
facet normal -0.4773757918805049 -0.8786992394024595 0.0
outer loop
vertex 51.443981979993005 46.025585406368954 3.667
vertex 50.66104103647484 46.43010614722393 0.8000000000000002
vertex 51.443981979993005 46.025585406368954 0.8000000000000002
endloop
endfacet
facet normal -0.44046849453695164 -0.897768068779655 0.0
outer loop
vertex 50.66104103647484 46.43010614722393 0.8000000000000002
vertex 51.443981979993005 46.025585406368954 3.667
vertex 50.66104103647484 46.43010614722393 3.667
endloop
endfacet
facet normal -0.5134592489519255 -0.85811397824865 0.0
outer loop
vertex 52.20944620952252 45.588895511673414 3.667
vertex 51.443981979993005 46.025585406368954 0.8000000000000002
vertex 52.20944620952252 45.588895511673414 0.8000000000000002
endloop
endfacet
facet normal -0.4773757918805049 -0.8786992394024595 0.0
outer loop
vertex 51.443981979993005 46.025585406368954 0.8000000000000002
vertex 52.20944620952252 45.588895511673414 3.667
vertex 51.443981979993005 46.025585406368954 3.667
endloop
endfacet
facet normal -0.5486565940450653 -0.8360478107206958 0.0
outer loop
vertex 52.956112710740456 45.12079008895514 3.667
vertex 52.20944620952252 45.588895511673414 0.8000000000000002
vertex 52.956112710740456 45.12079008895514 0.8000000000000002
endloop
endfacet
facet normal -0.5134592489519255 -0.85811397824865 0.0
outer loop
vertex 52.20944620952252 45.588895511673414 0.8000000000000002
vertex 52.956112710740456 45.12079008895514 3.667
vertex 52.20944620952252 45.588895511673414 3.667
endloop
endfacet
facet normal -0.582907084678601 -0.8125388179228697 0.0
outer loop
vertex 53.682692909856705 44.62207697997161 3.667
vertex 52.956112710740456 45.12079008895514 0.8000000000000002
vertex 53.682692909856705 44.62207697997161 0.8000000000000002
endloop
endfacet
facet normal -0.5486565940450653 -0.8360478107206958 0.0
outer loop
vertex 52.956112710740456 45.12079008895514 0.8000000000000002
vertex 53.682692909856705 44.62207697997161 3.667
vertex 52.956112710740456 45.12079008895514 3.667
endloop
endfacet
facet normal -0.616151612422435 -0.787627570942786 0.0
outer loop
vertex 54.387932897394975 44.09361684827192 3.667
vertex 53.682692909856705 44.62207697997161 0.8000000000000002
vertex 54.387932897394975 44.09361684827192 0.8000000000000002
endloop
endfacet
facet normal -0.582907084678601 -0.8125388179228697 0.0
outer loop
vertex 53.682692909856705 44.62207697997161 0.8000000000000002
vertex 54.387932897394975 44.09361684827192 3.667
vertex 53.682692909856705 44.62207697997161 3.667
endloop
endfacet
facet normal -0.6483328049057946 -0.7613570608347866 0.0
outer loop
vertex 55.0706155921529 43.53632169389036 3.667
vertex 54.387932897394975 44.09361684827192 0.8000000000000002
vertex 55.0706155921529 43.53632169389036 0.8000000000000002
endloop
endfacet
facet normal -0.616151612422435 -0.787627570942786 0.0
outer loop
vertex 54.387932897394975 44.09361684827192 0.8000000000000002
vertex 55.0706155921529 43.53632169389036 3.667
vertex 54.387932897394975 44.09361684827192 3.667
endloop
endfacet
facet normal -0.6793951248296046 -0.7337726244265087 0.0
outer loop
vertex 55.7295628416011 42.95115327944515 3.667
vertex 55.0706155921529 43.53632169389036 0.8000000000000002
vertex 55.7295628416011 42.95115327944515 0.8000000000000002
endloop
endfacet
facet normal -0.6483328049057946 -0.7613570608347866 0.0
outer loop
vertex 55.0706155921529 43.53632169389036 0.8000000000000002
vertex 55.7295628416011 42.95115327944515 3.667
vertex 55.0706155921529 43.53632169389036 3.667
endloop
endfacet
facet normal -0.7092849658093264 -0.7049218660793994 0.0
outer loop
vertex 56.36363745510087 42.339121470358556 3.667
vertex 55.7295628416011 42.95115327944515 0.8000000000000002
vertex 56.36363745510087 42.339121470358556 0.8000000000000002
endloop
endfacet
facet normal -0.6793951248296046 -0.7337726244265087 0.0
outer loop
vertex 55.7295628416011 42.95115327944515 0.8000000000000002
vertex 56.36363745510087 42.339121470358556 3.667
vertex 55.7295628416011 42.95115327944515 3.667
endloop
endfacet
facet normal -0.7092849658093264 -0.7049218660793994 0.0
outer loop
vertex 56.36363745510087 42.339121470358556 3.667
vertex 56.971745166436605 41.7012824920625 0.8000000000000002
vertex 56.971745166436605 41.7012824920625 3.667
endloop
endfacet
facet normal -0.7379507448885216 -0.674854575533482 0.0
outer loop
vertex 56.971745166436605 41.7012824920625 0.8000000000000002
vertex 56.36363745510087 42.339121470358556 3.667
vertex 56.36363745510087 42.339121470358556 0.8000000000000002
endloop
endfacet
facet normal -0.7379507448885216 -0.674854575533482 0.0
outer loop
vertex 56.971745166436605 41.7012824920625 3.667
vertex 57.5528365222607 41.038737107197655 0.8000000000000002
vertex 57.5528365222607 41.038737107197655 3.667
endloop
endfacet
facet normal -0.771546228334175 -0.6361732606321246 0.0
outer loop
vertex 57.5528365222607 41.038737107197655 0.8000000000000002
vertex 56.971745166436605 41.7012824920625 3.667
vertex 56.971745166436605 41.7012824920625 0.8000000000000002
endloop
endfacet
facet normal -0.771546228334175 -0.6361732606321246 0.0
outer loop
vertex 57.5528365222607 41.038737107197655 3.667
vertex 58.326212197579316 40.04032059260011 0.8000000000000002
vertex 58.326212197579316 40.04032059260011 3.667
endloop
endfacet
facet normal -0.8145166467175422 -0.5801401832488512 0.0
outer loop
vertex 58.326212197579316 40.04032059260011 0.8000000000000002
vertex 57.5528365222607 41.038737107197655 3.667
vertex 57.5528365222607 41.038737107197655 0.8000000000000002
endloop
endfacet
facet normal -0.8145166467175422 -0.5801401832488512 0.0
outer loop
vertex 58.326212197579316 40.04032059260011 3.667
vertex 59.016986400728 38.983071108296244 0.8000000000000002
vertex 59.016986400728 38.983071108296244 3.667
endloop
endfacet
facet normal -0.8584382407658133 -0.5129169394657344 0.0
outer loop
vertex 59.016986400728 38.983071108296244 0.8000000000000002
vertex 58.326212197579316 40.04032059260011 3.667
vertex 58.326212197579316 40.04032059260011 0.8000000000000002
endloop
endfacet
facet normal -0.8584382407658133 -0.5129169394657344 0.0
outer loop
vertex 59.016986400728 38.983071108296244 3.667
vertex 59.620704970648426 37.87380587394998 0.8000000000000002
vertex 59.620704970648426 37.87380587394998 3.667
endloop
endfacet
facet normal -0.8968245641500346 -0.4423863708762969 0.0
outer loop
vertex 59.620704970648426 37.87380587394998 0.8000000000000002
vertex 59.016986400728 38.983071108296244 3.667
vertex 59.016986400728 38.983071108296244 0.8000000000000002
endloop
endfacet
facet normal -0.8968245641500346 -0.4423863708762969 0.0
outer loop
vertex 59.620704970648426 37.87380587394998 3.667
vertex 60.13347508718097 36.719677510470845 0.8000000000000002
vertex 60.13347508718097 36.719677510470845 3.667
endloop
endfacet
facet normal -0.9294280991340479 -0.36900326358999946 0.0
outer loop
vertex 60.13347508718097 36.719677510470845 0.8000000000000002
vertex 59.620704970648426 37.87380587394998 3.667
vertex 59.620704970648426 37.87380587394998 0.8000000000000002
endloop
endfacet
facet normal -0.9294280991340479 -0.36900326358999946 0.0
outer loop
vertex 60.13347508718097 36.719677510470845 3.667
vertex 60.551990372245236 35.528127919407126 0.8000000000000002
vertex 60.551990372245236 35.528127919407126 3.667
endloop
endfacet
facet normal -0.9560386158120361 -0.29324079708697776 0.0
outer loop
vertex 60.551990372245236 35.528127919407126 0.8000000000000002
vertex 60.13347508718097 36.719677510470845 3.667
vertex 60.13347508718097 36.719677510470845 0.8000000000000002
endloop
endfacet
facet normal -0.9560386158120361 -0.29324079708697776 0.0
outer loop
vertex 60.551990372245236 35.528127919407126 3.667
vertex 60.87355220959674 34.30684029703682 0.8000000000000002
vertex 60.87355220959674 34.30684029703682 3.667
endloop
endfacet
facet normal -0.9764845276849503 -0.2155874931249484 0.0
outer loop
vertex 60.87355220959674 34.30684029703682 0.8000000000000002
vertex 60.551990372245236 35.528127919407126 3.667
vertex 60.551990372245236 35.528127919407126 0.8000000000000002
endloop
endfacet
facet normal -0.9764845276849503 -0.2155874931249484 0.0
outer loop
vertex 60.87355220959674 34.30684029703682 3.667
vertex 61.096087145701354 33.063689592573034 0.8000000000000002
vertex 61.096087145701354 33.063689592573034 3.667
endloop
endfacet
facet normal -0.9906339980626502 -0.13654406571656427 0.0
outer loop
vertex 61.096087145701354 33.063689592573034 0.8000000000000002
vertex 60.87355220959674 34.30684029703682 3.667
vertex 60.87355220959674 34.30684029703682 0.8000000000000002
endloop
endfacet
facet normal 0.990633998062648 -0.13654406571658032 0.0
outer loop
vertex 79.76591285429852 33.063689592573034 0.8000000000000002
vertex 79.64383974049257 31.806691729932957 3.667
vertex 79.64383974049257 31.806691729932957 0.8000000000000002
endloop
endfacet
facet normal 0.9997051886409886 -0.024280358405207998 0.0
outer loop
vertex 79.64383974049257 31.806691729932957 3.667
vertex 79.76591285429852 33.063689592573034 0.8000000000000002
vertex 79.76591285429852 33.063689592573034 3.667
endloop
endfacet
facet normal 0.9764845276848881 -0.2155874931252298 0.0
outer loop
vertex 79.98844779040351 34.30684029703682 0.8000000000000002
vertex 79.76591285429852 33.063689592573034 3.667
vertex 79.76591285429852 33.063689592573034 0.8000000000000002
endloop
endfacet
facet normal 0.990633998062648 -0.13654406571658032 0.0
outer loop
vertex 79.76591285429852 33.063689592573034 3.667
vertex 79.98844779040351 34.30684029703682 0.8000000000000002
vertex 79.98844779040351 34.30684029703682 3.667
endloop
endfacet
facet normal 0.9560386158120536 -0.2932407970869206 0.0
outer loop
vertex 80.31000962775539 35.528127919407126 0.8000000000000002
vertex 79.98844779040351 34.30684029703682 3.667
vertex 79.98844779040351 34.30684029703682 0.8000000000000002
endloop
endfacet
facet normal 0.9764845276848881 -0.2155874931252298 0.0
outer loop
vertex 79.98844779040351 34.30684029703682 3.667
vertex 80.31000962775539 35.528127919407126 0.8000000000000002
vertex 80.31000962775539 35.528127919407126 3.667
endloop
endfacet
facet normal 0.9294280991340954 -0.36900326358987984 0.0
outer loop
vertex 80.72852491281911 36.719677510470845 0.8000000000000002
vertex 80.31000962775539 35.528127919407126 3.667
vertex 80.31000962775539 35.528127919407126 0.8000000000000002
endloop
endfacet
facet normal 0.9560386158120536 -0.2932407970869206 0.0
outer loop
vertex 80.31000962775539 35.528127919407126 3.667
vertex 80.72852491281911 36.719677510470845 0.8000000000000002
vertex 80.72852491281911 36.719677510470845 3.667
endloop
endfacet
facet normal 0.8968245641500024 -0.44238637087636196 0.0
outer loop
vertex 81.24129502935186 37.87380587394997 0.8000000000000002
vertex 80.72852491281911 36.719677510470845 3.667
vertex 80.72852491281911 36.719677510470845 0.8000000000000002
endloop
endfacet
facet normal 0.9294280991340954 -0.36900326358987984 0.0
outer loop
vertex 80.72852491281911 36.719677510470845 3.667
vertex 81.24129502935186 37.87380587394997 0.8000000000000002
vertex 81.24129502935186 37.87380587394997 3.667
endloop
endfacet
facet normal 0.8584382407658713 -0.5129169394656372 0.0
outer loop
vertex 81.84501359927228 38.98307110829625 0.8000000000000002
vertex 81.24129502935186 37.87380587394997 3.667
vertex 81.24129502935186 37.87380587394997 0.8000000000000002
endloop
endfacet
facet normal 0.8968245641500024 -0.44238637087636196 0.0
outer loop
vertex 81.24129502935186 37.87380587394997 3.667
vertex 81.84501359927228 38.98307110829625 0.8000000000000002
vertex 81.84501359927228 38.98307110829625 3.667
endloop
endfacet
facet normal 0.8145166467175581 -0.5801401832488291 0.0
outer loop
vertex 82.53578780242063 40.04032059260011 0.8000000000000002
vertex 81.84501359927228 38.98307110829625 3.667
vertex 81.84501359927228 38.98307110829625 0.8000000000000002
endloop
endfacet
facet normal 0.8584382407658713 -0.5129169394656372 0.0
outer loop
vertex 81.84501359927228 38.98307110829625 3.667
vertex 82.53578780242063 40.04032059260011 0.8000000000000002
vertex 82.53578780242063 40.04032059260011 3.667
endloop
endfacet
facet normal 0.7715462283340908 -0.6361732606322267 0.0
outer loop
vertex 83.30916347773952 41.038737107197676 0.8000000000000002
vertex 82.53578780242063 40.04032059260011 3.667
vertex 82.53578780242063 40.04032059260011 0.8000000000000002
endloop
endfacet
facet normal 0.8145166467175581 -0.5801401832488291 0.0
outer loop
vertex 82.53578780242063 40.04032059260011 3.667
vertex 83.30916347773952 41.038737107197676 0.8000000000000002
vertex 83.30916347773952 41.038737107197676 3.667
endloop
endfacet
facet normal 0.7379507448886097 -0.6748545755333857 0.0
outer loop
vertex 83.89025483356372 41.7012824920625 0.8000000000000002
vertex 83.30916347773952 41.038737107197676 3.667
vertex 83.30916347773952 41.038737107197676 0.8000000000000002
endloop
endfacet
facet normal 0.7715462283340908 -0.6361732606322267 0.0
outer loop
vertex 83.30916347773952 41.038737107197676 3.667
vertex 83.89025483356372 41.7012824920625 0.8000000000000002
vertex 83.89025483356372 41.7012824920625 3.667
endloop
endfacet
facet normal 0.7092849658093331 -0.7049218660793928 0.0
outer loop
vertex 84.49836254489901 42.339121470358556 0.8000000000000002
vertex 83.89025483356372 41.7012824920625 3.667
vertex 83.89025483356372 41.7012824920625 0.8000000000000002
endloop
endfacet
facet normal 0.7379507448886097 -0.6748545755333857 0.0
outer loop
vertex 83.89025483356372 41.7012824920625 3.667
vertex 84.49836254489901 42.339121470358556 0.8000000000000002
vertex 84.49836254489901 42.339121470358556 3.667
endloop
endfacet
facet normal 0.6793951248295584 -0.7337726244265513 0.0
outer loop
vertex 85.13243715839921 42.95115327944515 3.667
vertex 84.49836254489901 42.339121470358556 0.8000000000000002
vertex 85.13243715839921 42.95115327944515 0.8000000000000002
endloop
endfacet
facet normal 0.7092849658093331 -0.7049218660793928 0.0
outer loop
vertex 84.49836254489901 42.339121470358556 0.8000000000000002
vertex 85.13243715839921 42.95115327944515 3.667
vertex 84.49836254489901 42.339121470358556 3.667
endloop
endfacet
facet normal 0.6483328049058591 -0.7613570608347316 0.0
outer loop
vertex 85.79138440784713 43.53632169389036 3.667
vertex 85.13243715839921 42.95115327944515 0.8000000000000002
vertex 85.79138440784713 43.53632169389036 0.8000000000000002
endloop
endfacet
facet normal 0.6793951248295584 -0.7337726244265513 0.0
outer loop
vertex 85.13243715839921 42.95115327944515 0.8000000000000002
vertex 85.79138440784713 43.53632169389036 3.667
vertex 85.13243715839921 42.95115327944515 3.667
endloop
endfacet
facet normal 0.6161516124223642 -0.7876275709428415 0.0
outer loop
vertex 86.47406710260513 44.09361684827193 3.667
vertex 85.79138440784713 43.53632169389036 0.8000000000000002
vertex 86.47406710260513 44.09361684827193 0.8000000000000002
endloop
endfacet
facet normal 0.6483328049058591 -0.7613570608347316 0.0
outer loop
vertex 85.79138440784713 43.53632169389036 0.8000000000000002
vertex 86.47406710260513 44.09361684827193 3.667
vertex 85.79138440784713 43.53632169389036 3.667
endloop
endfacet
facet normal 0.5829070846786519 -0.8125388179228332 0.0
outer loop
vertex 87.1793070901436 44.62207697997161 3.667
vertex 86.47406710260513 44.09361684827193 0.8000000000000002
vertex 87.1793070901436 44.62207697997161 0.8000000000000002
endloop
endfacet
facet normal 0.6161516124223642 -0.7876275709428415 0.0
outer loop
vertex 86.47406710260513 44.09361684827193 0.8000000000000002
vertex 87.1793070901436 44.62207697997161 3.667
vertex 86.47406710260513 44.09361684827193 3.667
endloop
endfacet
facet normal 0.5486565940451829 -0.8360478107206188 0.0
outer loop
vertex 87.90588728925944 45.12079008895514 3.667
vertex 87.1793070901436 44.62207697997161 0.8000000000000002
vertex 87.90588728925944 45.12079008895514 0.8000000000000002
endloop
endfacet
facet normal 0.5829070846786519 -0.8125388179228332 0.0
outer loop
vertex 87.1793070901436 44.62207697997161 0.8000000000000002
vertex 87.90588728925944 45.12079008895514 3.667
vertex 87.1793070901436 44.62207697997161 3.667
endloop
endfacet
facet normal 0.5134592489517957 -0.8581139782487277 0.0
outer loop
vertex 88.65255379047733 45.588895511673414 3.667
vertex 87.90588728925944 45.12079008895514 0.8000000000000002
vertex 88.65255379047733 45.588895511673414 0.8000000000000002
endloop
endfacet
facet normal 0.5486565940451829 -0.8360478107206188 0.0
outer loop
vertex 87.90588728925944 45.12079008895514 0.8000000000000002
vertex 88.65255379047733 45.588895511673414 3.667
vertex 87.90588728925944 45.12079008895514 3.667
endloop
endfacet
facet normal 0.47737579188032747 -0.878699239402556 0.0
outer loop
vertex 89.41801802000744 46.025585406368954 3.667
vertex 88.65255379047733 45.588895511673414 0.8000000000000002
vertex 89.41801802000744 46.025585406368954 0.8000000000000002
endloop
endfacet
facet normal 0.5134592489517957 -0.8581139782487277 0.0
outer loop
vertex 88.65255379047733 45.588895511673414 0.8000000000000002
vertex 89.41801802000744 46.025585406368954 3.667
vertex 88.65255379047733 45.588895511673414 3.667
endloop
endfacet
facet normal 0.44046849453701986 -0.8977680687796217 0.0
outer loop
vertex 90.20095896352575 46.430106147223945 3.667
vertex 89.41801802000744 46.025585406368954 0.8000000000000002
vertex 90.20095896352575 46.430106147223945 0.8000000000000002
endloop
endfacet
facet normal 0.47737579188032747 -0.878699239402556 0.0
outer loop
vertex 89.41801802000744 46.025585406368954 0.8000000000000002
vertex 90.20095896352575 46.430106147223945 3.667
vertex 89.41801802000744 46.025585406368954 3.667
endloop
endfacet
facet normal 0.4028010503859679 -0.9152875579881772 0.0
outer loop
vertex 91.00002544593987 46.80175962494422 3.667
vertex 90.20095896352575 46.430106147223945 0.8000000000000002
vertex 91.00002544593987 46.80175962494422 0.8000000000000002
endloop
endfacet
facet normal 0.44046849453701986 -0.8977680687796217 0.0
outer loop
vertex 90.20095896352575 46.430106147223945 0.8000000000000002
vertex 91.00002544593987 46.80175962494422 3.667
vertex 90.20095896352575 46.430106147223945 3.667
endloop
endfacet
facet normal 0.36129802372619424 -0.932450394418677 0.0
outer loop
vertex 91.81383846320456 47.13990445153456 3.667
vertex 91.00002544593987 46.80175962494422 0.8000000000000002
vertex 91.81383846320456 47.13990445153456 0.8000000000000002
endloop
endfacet
facet normal 0.4028010503859679 -0.9152875579881772 0.0
outer loop
vertex 91.00002544593987 46.80175962494422 0.8000000000000002
vertex 91.81383846320456 47.13990445153456 3.667
vertex 91.00002544593987 46.80175962494422 3.667
endloop
endfacet
facet normal 0.3126710333516275 -0.9498614766916414 0.0
outer loop
vertex 94.22960139022959 48.00947312544302 3.667
vertex 91.81383846320456 47.13990445153456 0.8000000000000002
vertex 94.22960139022959 48.00947312544302 0.8000000000000002
endloop
endfacet
facet normal 0.36129802372619424 -0.932450394418677 0.0
outer loop
vertex 91.81383846320456 47.13990445153456 0.8000000000000002
vertex 94.22960139022959 48.00947312544302 3.667
vertex 91.81383846320456 47.13990445153456 3.667
endloop
endfacet
facet normal 0.25995711765727597 -0.9656201618541947 0.0
outer loop
vertex 96.68953266138702 48.744863048826055 3.667
vertex 94.22960139022959 48.00947312544302 0.8000000000000002
vertex 96.68953266138702 48.744863048826055 0.8000000000000002
endloop
endfacet
facet normal 0.3126710333516275 -0.9498614766916414 0.0
outer loop
vertex 94.22960139022959 48.00947312544302 0.8000000000000002
vertex 96.68953266138702 48.744863048826055 3.667
vertex 94.22960139022959 48.00947312544302 3.667
endloop
endfacet
facet normal 0.2064562875746359 -0.9784558249205221 0.0
outer loop
vertex 99.18618583578332 49.34384812794592 3.667
vertex 96.68953266138702 48.744863048826055 0.8000000000000002
vertex 99.18618583578332 49.34384812794592 0.8000000000000002
endloop
endfacet
facet normal 0.25995711765727597 -0.9656201618541947 0.0
outer loop
vertex 96.68953266138702 48.744863048826055 0.8000000000000002
vertex 99.18618583578332 49.34384812794592 3.667
vertex 96.68953266138702 48.744863048826055 3.667
endloop
endfacet
facet normal 0.15233049509546637 -0.9883296111439596 0.0
outer loop
vertex 101.71200331190647 49.804615179222985 3.667
vertex 99.18618583578332 49.34384812794592 0.8000000000000002
vertex 101.71200331190647 49.804615179222985 0.8000000000000002
endloop
endfacet
facet normal 0.2064562875746359 -0.9784558249205221 0.0
outer loop
vertex 99.18618583578332 49.34384812794592 0.8000000000000002
vertex 101.71200331190647 49.804615179222985 3.667
vertex 99.18618583578332 49.34384812794592 3.667
endloop
endfacet
facet normal 0.0977435840308799 -0.9952116316546941 0.0
outer loop
vertex 104.25933920518867 50.12576941791137 3.667
vertex 101.71200331190647 49.804615179222985 0.8000000000000002
vertex 104.25933920518867 50.12576941791137 0.8000000000000002
endloop
endfacet
facet normal 0.15233049509546637 -0.9883296111439596 0.0
outer loop
vertex 101.71200331190647 49.804615179222985 0.8000000000000002
vertex 104.25933920518867 50.12576941791137 3.667
vertex 101.71200331190647 49.804615179222985 3.667
endloop
endfacet
facet normal 0.042860794040836044 -0.9990810539361603 0.0
outer loop
vertex 106.820482492811 50.3063386802421 3.667
vertex 104.25933920518867 50.12576941791137 0.8000000000000002
vertex 106.820482492811 50.3063386802421 0.8000000000000002
endloop
endfacet
facet normal 0.0977435840308799 -0.9952116316546941 0.0
outer loop
vertex 104.25933920518867 50.12576941791137 0.8000000000000002
vertex 106.820482492811 50.3063386802421 3.667
vertex 104.25933920518867 50.12576941791137 3.667
endloop
endfacet
facet normal -0.012151739561652945 -0.9999261648870009 0.0
outer loop
vertex 109.38768035568668 50.34577636625321 3.667
vertex 106.820482492811 50.3063386802421 0.8000000000000002
vertex 109.38768035568668 50.34577636625321 0.8000000000000002
endloop
endfacet
facet normal 0.042860794040836044 -0.9990810539361603 0.0
outer loop
vertex 106.820482492811 50.3063386802421 0.8000000000000002
vertex 109.38768035568668 50.34577636625321 3.667
vertex 106.820482492811 50.3063386802421 3.667
endloop
endfacet
facet normal -0.06712748871757328 -0.9977444062777161 0.0
outer loop
vertex 111.9531616469663 50.24396309439885 3.667
vertex 109.38768035568668 50.34577636625321 0.8000000000000002
vertex 111.9531616469663 50.24396309439885 0.8000000000000002
endloop
endfacet
facet normal -0.012151739561652945 -0.9999261648870009 0.0
outer loop
vertex 109.38768035568668 50.34577636625321 0.8000000000000002
vertex 111.9531616469663 50.24396309439885 3.667
vertex 109.38768035568668 50.34577636625321 3.667
endloop
endfacet
facet normal -0.12190003671786556 -0.9925423824946636 0.0
outer loop
vertex 114.50916041602235 50.00120706292828 3.667
vertex 111.9531616469663 50.24396309439885 0.8000000000000002
vertex 114.50916041602235 50.00120706292828 0.8000000000000002
endloop
endfacet
facet normal -0.06712748871757328 -0.9977444062777161 0.0
outer loop
vertex 111.9531616469663 50.24396309439885 0.8000000000000002
vertex 114.50916041602235 50.00120706292828 3.667
vertex 111.9531616469663 50.24396309439885 3.667
endloop
endfacet
facet normal -0.17630358196227938 -0.9843358405479655 0.0
outer loop
vertex 117.0479394167047 49.61824311694105 3.667
vertex 114.50916041602235 50.00120706292828 0.8000000000000002
vertex 117.0479394167047 49.61824311694105 0.8000000000000002
endloop
endfacet
facet normal -0.12190003671786556 -0.9925423824946636 0.0
outer loop
vertex 114.50916041602235 50.00120706292828 0.8000000000000002
vertex 117.0479394167047 49.61824311694105 3.667
vertex 114.50916041602235 50.00120706292828 3.667
endloop
endfacet
facet normal -0.23017343985624358 -0.9731496224038441 0.0
outer loop
vertex 119.56181352870442 49.09623052394256 3.667
vertex 117.0479394167047 49.61824311694105 0.8000000000000002
vertex 119.56181352870442 49.09623052394256 0.8000000000000002
endloop
endfacet
facet normal -0.17630358196227938 -0.9843358405479655 0.0
outer loop
vertex 117.0479394167047 49.61824311694105 0.8000000000000002
vertex 119.56181352870442 49.09623052394256 3.667
vertex 117.0479394167047 49.61824311694105 3.667
endloop
endfacet
facet normal -0.2953217373289665 -0.955397860297479 0.0
outer loop
vertex 122.04317302112867 48.43674946463336 3.667
vertex 119.56181352870442 49.09623052394256 0.8000000000000002
vertex 122.04317302112867 48.43674946463336 0.8000000000000002
endloop
endfacet
facet normal -0.23017343985624358 -0.9731496224038441 0.0
outer loop
vertex 119.56181352870442 49.09623052394256 0.8000000000000002
vertex 122.04317302112867 48.43674946463336 3.667
vertex 119.56181352870442 49.09623052394256 3.667
endloop
endfacet
facet normal -0.3823603344204443 -0.9240132978815219 0.0
outer loop
vertex 123.50301770058229 47.92065137670512 3.667
vertex 122.04317302112867 48.43674946463336 0.8000000000000002
vertex 123.50301770058229 47.92065137670512 0.8000000000000002
endloop
endfacet
facet normal -0.2953217373289665 -0.955397860297479 0.0
outer loop
vertex 122.04317302112867 48.43674946463336 0.8000000000000002
vertex 123.50301770058229 47.92065137670512 3.667
vertex 122.04317302112867 48.43674946463336 3.667
endloop
endfacet
facet normal -0.4771570632750062 -0.878818034047306 0.0
outer loop
vertex 124.90068661037331 47.254299110185464 3.667
vertex 123.50301770058229 47.92065137670512 0.8000000000000002
vertex 124.90068661037331 47.254299110185464 0.8000000000000002
endloop
endfacet
facet normal -0.3823603344204443 -0.9240132978815219 0.0
outer loop
vertex 123.50301770058229 47.92065137670512 0.8000000000000002
vertex 124.90068661037331 47.254299110185464 3.667
vertex 123.50301770058229 47.92065137670512 3.667
endloop
endfacet
facet normal -0.5666912117649505 -0.8239302582794082 0.0
outer loop
vertex 126.22076481582508 46.44504188532824 3.667
vertex 124.90068661037331 47.254299110185464 0.8000000000000002
vertex 126.22076481582508 46.44504188532824 0.8000000000000002
endloop
endfacet
facet normal -0.4771570632750062 -0.878818034047306 0.0
outer loop
vertex 124.90068661037331 47.254299110185464 0.8000000000000002
vertex 126.22076481582508 46.44504188532824 3.667
vertex 124.90068661037331 47.254299110185464 3.667
endloop
endfacet
facet normal -0.6499753049306453 -0.7599553295953091 0.0
outer loop
vertex 127.4486931325968 45.50180502569929 3.667
vertex 126.22076481582508 46.44504188532824 0.8000000000000002
vertex 127.4486931325968 45.50180502569929 0.8000000000000002
endloop
endfacet
facet normal -0.5666912117649505 -0.8239302582794082 0.0
outer loop
vertex 126.22076481582508 46.44504188532824 0.8000000000000002
vertex 127.4486931325968 45.50180502569929 3.667
vertex 126.22076481582508 46.44504188532824 3.667
endloop
endfacet
facet normal -0.7260907998705853 -0.6875988295098339 0.0
outer loop
vertex 128.5709287003886 44.43499152050008 3.667
vertex 127.4486931325968 45.50180502569929 0.8000000000000002
vertex 128.5709287003886 44.43499152050008 0.8000000000000002
endloop
endfacet
facet normal -0.6499753049306453 -0.7599553295953091 0.0
outer loop
vertex 127.4486931325968 45.50180502569929 0.8000000000000002
vertex 128.5709287003886 44.43499152050008 3.667
vertex 127.4486931325968 45.50180502569929 3.667
endloop
endfacet
facet normal -0.7260907998705853 -0.6875988295098339 0.0
outer loop
vertex 128.5709287003886 44.43499152050008 3.667
vertex 129.57509434757705 43.25636728967031 0.8000000000000002
vertex 129.57509434757705 43.25636728967031 3.667
endloop
endfacet
facet normal -0.794198216380123 -0.6076587801543162 0.0
outer loop
vertex 129.57509434757705 43.25636728967031 0.8000000000000002
vertex 128.5709287003886 44.43499152050008 3.667
vertex 128.5709287003886 44.43499152050008 0.8000000000000002
endloop
endfacet
facet normal -0.794198216380123 -0.6076587801543162 0.0
outer loop
vertex 129.57509434757705 43.25636728967031 3.667
vertex 130.45011509943268 41.97893141718421 0.8000000000000002
vertex 130.45011509943268 41.97893141718421 3.667
endloop
endfacet
facet normal -0.8535463956053183 -0.521016842865151 0.0
outer loop
vertex 130.45011509943268 41.97893141718421 0.8000000000000002
vertex 129.57509434757705 43.25636728967031 3.667
vertex 129.57509434757705 43.25636728967031 0.8000000000000002
endloop
endfacet
facet normal -0.8535463956053183 -0.521016842865151 0.0
outer loop
vertex 130.45011509943268 41.97893141718421 3.667
vertex 131.18634032436754 40.616772783741666 0.8000000000000002
vertex 131.18634032436754 40.616772783741666 3.667
endloop
endfacet
facet normal -0.9034807845976799 -0.42862859431302625 0.0
outer loop
vertex 131.18634032436754 40.616772783741666 0.8000000000000002
vertex 130.45011509943268 41.97893141718421 3.667
vertex 130.45011509943268 41.97893141718421 0.8000000000000002
endloop
endfacet
facet normal -0.9034807845976799 -0.42862859431302625 0.0
outer loop
vertex 131.18634032436754 40.616772783741666 3.667
vertex 131.7756501710561 39.18491468005669 0.8000000000000002
vertex 131.7756501710561 39.18491468005669 3.667
endloop
endfacet
facet normal -0.9434506553993492 -0.3315129874175949 0.0
outer loop
vertex 131.7756501710561 39.18491468005669 0.8000000000000002
vertex 131.18634032436754 40.616772783741666 3.667
vertex 131.18634032436754 40.616772783741666 0.8000000000000002
endloop
endfacet
facet normal -0.9434506553993492 -0.3315129874175949 0.0
outer loop
vertex 131.7756501710561 39.18491468005669 3.667
vertex 132.21154512253307 37.69914911450832 0.8000000000000002
vertex 132.21154512253307 37.69914911450832 3.667
endloop
endfacet
facet normal -0.973015179039222 -0.23074111328341754 0.0
outer loop
vertex 132.21154512253307 37.69914911450832 0.8000000000000002
vertex 131.7756501710561 39.18491468005669 3.667
vertex 131.7756501710561 39.18491468005669 0.8000000000000002
endloop
endfacet
facet normal -0.973015179039222 -0.23074111328341754 0.0
outer loop
vertex 132.21154512253307 37.69914911450832 3.667
vertex 132.48921767957194 36.17586264257997 0.8000000000000002
vertex 132.48921767957194 36.17586264257997 3.667
endloop
endfacet
facet normal -0.9918482874496368 -0.1274243881022094 0.0
outer loop
vertex 132.48921767957194 36.17586264257997 0.8000000000000002
vertex 132.21154512253307 37.69914911450832 3.667
vertex 132.21154512253307 37.69914911450832 0.8000000000000002
endloop
endfacet
facet normal -0.9918482874496368 -0.1274243881022094 0.0
outer loop
vertex 132.48921767957194 36.17586264257997 3.667
vertex 132.60560538274584 34.63185563901998 0.8000000000000002
vertex 132.60560538274584 34.63185563901998 3.667
endloop
endfacet
facet normal -0.9993956672991006 -0.03476061253467005 0.0
outer loop
vertex 132.60560538274584 34.63185563901998 0.8000000000000002
vertex 132.48921767957194 36.17586264257997 3.667
vertex 132.48921767957194 36.17586264257997 0.8000000000000002
endloop
endfacet
facet normal -0.9993956672991006 -0.03476061253467005 0.0
outer loop
vertex 132.60560538274584 34.63185563901998 3.667
vertex 132.5941794563847 32.6283030739681 0.8000000000000002
vertex 132.5941794563847 32.6283030739681 3.667
endloop
endfacet
facet normal -0.9994183175518556 0.03410317495217255 0.0
outer loop
vertex 132.5941794563847 32.6283030739681 0.8000000000000002
vertex 132.60560538274584 34.63185563901998 3.667
vertex 132.60560538274584 34.63185563901998 0.8000000000000002
endloop
endfacet
facet normal -0.9994183175518556 0.03410317495217255 0.0
outer loop
vertex 132.5941794563847 32.6283030739681 3.667
vertex 132.46900328795013 30.628632011124207 0.8000000000000002
vertex 132.46900328795013 30.628632011124207 3.667
endloop
endfacet
facet normal -0.9958692760955026 0.0907985954132532 0.0
outer loop
vertex 132.46900328795013 30.628632011124207 0.8000000000000002
vertex 132.5941794563847 32.6283030739681 3.667
vertex 132.5941794563847 32.6283030739681 0.8000000000000002
endloop
endfacet
facet normal -0.9958692760955026 0.0907985954132532 0.0
outer loop
vertex 132.46900328795013 30.628632011124207 3.667
vertex 132.2304808167315 28.639295321812202 0.8000000000000002
vertex 132.2304808167315 28.639295321812202 3.667
endloop
endfacet
facet normal -0.9891065979498628 0.14720101185810058 0.0
outer loop
vertex 132.2304808167315 28.639295321812202 0.8000000000000002
vertex 132.46900328795013 30.628632011124207 3.667
vertex 132.46900328795013 30.628632011124207 0.8000000000000002
endloop
endfacet
facet normal -0.9891065979498628 0.14720101185810058 0.0
outer loop
vertex 132.2304808167315 28.639295321812202 3.667
vertex 131.8793817467281 26.666712528679838 0.8000000000000002
vertex 131.8793817467281 26.666712528679838 3.667
endloop
endfacet
facet normal -0.9791521060500652 0.20312841558413705 0.0
outer loop
vertex 131.8793817467281 26.666712528679838 0.8000000000000002
vertex 132.2304808167315 28.639295321812202 3.667
vertex 132.2304808167315 28.639295321812202 0.8000000000000002
endloop
endfacet
facet normal -0.9791521060500652 0.20312841558413705 0.0
outer loop
vertex 131.8793817467281 26.666712528679838 3.667
vertex 131.4168390628407 24.71724909011491 0.8000000000000002
vertex 131.4168390628407 24.71724909011491 3.667
endloop
endfacet
facet normal -0.9660379232069631 0.2584003307389094 0.0
outer loop
vertex 131.4168390628407 24.71724909011491 0.8000000000000002
vertex 131.8793817467281 26.666712528679838 3.667
vertex 131.8793817467281 26.666712528679838 0.8000000000000002
endloop
endfacet
facet normal -0.9660379232069631 0.2584003307389094 0.0
outer loop
vertex 131.4168390628407 24.71724909011491 3.667
vertex 130.84434537476724 22.797195859124905 0.8000000000000002
vertex 130.84434537476724 22.797195859124905 3.667
endloop
endfacet
facet normal -0.94980636844791 0.3128383967095362 0.0
outer loop
vertex 130.84434537476724 22.797195859124905 0.8000000000000002
vertex 131.4168390628407 24.71724909011491 3.667
vertex 131.4168390628407 24.71724909011491 0.8000000000000002
endloop
endfacet
facet normal -0.94980636844791 0.3128383967095362 0.0
outer loop
vertex 130.84434537476724 22.797195859124905 3.667
vertex 130.16374810040134 20.91274878296574 0.8000000000000002
vertex 130.16374810040134 20.91274878296574 3.667
endloop
endfacet
facet normal -0.9305098204546786 0.36626694368643475 0.0
outer loop
vertex 130.16374810040134 20.91274878296574 0.8000000000000002
vertex 130.84434537476724 22.797195859124905 3.667
vertex 130.84434537476724 22.797195859124905 0.8000000000000002
endloop
endfacet
facet normal -0.9305098204546786 0.36626694368643475 0.0
outer loop
vertex 130.16374810040134 20.91274878296574 3.667
vertex 129.37724350427686 19.069988909028226 0.8000000000000002
vertex 129.37724350427686 19.069988909028226 3.667
endloop
endfacet
facet normal -0.9082105485392031 0.4185135595439173 0.0
outer loop
vertex 129.37724350427686 19.069988909028226 0.8000000000000002
vertex 130.16374810040134 20.91274878296574 3.667
vertex 130.16374810040134 20.91274878296574 0.8000000000000002
endloop
endfacet
facet normal -0.9082105485392031 0.4185135595439173 0.0
outer loop
vertex 129.37724350427686 19.069988909028226 3.667
vertex 128.4873696102962 17.274862761502398 0.8000000000000002
vertex 128.4873696102962 17.274862761502398 3.667
endloop
endfacet
facet normal -0.8829805117026316 0.4694096462082548 0.0
outer loop
vertex 128.4873696102962 17.274862761502398 0.8000000000000002
vertex 129.37724350427686 19.069988909028226 3.667
vertex 129.37724350427686 19.069988909028226 0.8000000000000002
endloop
endfacet
facet normal -0.8829805117026316 0.4694096462082548 0.0
outer loop
vertex 128.4873696102962 17.274862761502398 3.667
vertex 127.49699801161249 15.533163152143835 0.8000000000000002
vertex 127.49699801161249 15.533163152143835 3.667
endloop
endfacet
facet normal -0.8549011264260149 0.5187909637180766 0.0
outer loop
vertex 127.49699801161249 15.533163152143835 0.8000000000000002
vertex 128.4873696102962 17.274862761502398 3.667
vertex 128.4873696102962 17.274862761502398 0.8000000000000002
endloop
endfacet
facet normal -0.8549011264260149 0.5187909637180766 0.0
outer loop
vertex 127.49699801161249 15.533163152143835 3.667
vertex 126.40932460409464 13.85051048706477 0.8000000000000002
vertex 126.40932460409464 13.85051048706477 3.667
endloop
endfacet
facet normal -0.824063003942074 0.5664981602211656 0.0
outer loop
vertex 126.40932460409464 13.85051048706477 0.8000000000000002
vertex 127.49699801161249 15.533163152143835 3.667
vertex 127.49699801161249 15.533163152143835 0.8000000000000002
endloop
endfacet
facet normal -0.824063003942074 0.5664981602211656 0.0
outer loop
vertex 126.40932460409464 13.85051048706477 3.667
vertex 125.22785927327915 12.232334629872431 0.8000000000000002
vertex 125.22785927327915 12.232334629872431 3.667
endloop
endfacet
facet normal -0.7930941694495026 0.609099038240255 0.0
outer loop
vertex 125.22785927327915 12.232334629872431 0.8000000000000002
vertex 126.40932460409464 13.85051048706477 3.667
vertex 126.40932460409464 13.85051048706477 0.8000000000000002
endloop
endfacet
facet normal -0.7930941694495026 0.609099038240255 0.0
outer loop
vertex 125.22785927327915 12.232334629872431 3.667
vertex 124.68397628439972 11.558648697306374 0.8000000000000002
vertex 124.68397628439972 11.558648697306374 3.667
endloop
endfacet
facet normal -0.765281452470112 0.6436958120923545 0.0
outer loop
vertex 124.68397628439972 11.558648697306374 0.8000000000000002
vertex 125.22785927327915 12.232334629872431 3.667
vertex 125.22785927327915 12.232334629872431 0.8000000000000002
endloop
endfacet
facet normal -0.765281452470112 0.6436958120923545 0.0
outer loop
vertex 124.68397628439972 11.558648697306374 3.667
vertex 124.11342285463614 10.907395885324092 0.8000000000000002
vertex 124.11342285463614 10.907395885324092 3.667
endloop
endfacet
facet normal -0.7387573831662253 0.6739714599427716 0.0
outer loop
vertex 124.11342285463614 10.907395885324092 0.8000000000000002
vertex 124.68397628439972 11.558648697306374 3.667
vertex 124.68397628439972 11.558648697306374 0.8000000000000002
endloop
endfacet
facet normal -0.7387573831662253 0.6739714599427716 0.0
outer loop
vertex 124.11342285463614 10.907395885324092 3.667
vertex 123.5171233610527 10.27963131537615 0.8000000000000002
vertex 123.5171233610527 10.27963131537615 3.667
endloop
endfacet
facet normal -0.7110364226591098 0.7031551789271953 0.0
outer loop
vertex 123.5171233610527 10.27963131537615 0.8000000000000002
vertex 124.11342285463614 10.907395885324092 3.667
vertex 124.11342285463614 10.907395885324092 0.8000000000000002
endloop
endfacet
facet normal -0.6821634828163557 0.7311996873029005 0.0
outer loop
vertex 122.89604389296996 9.676372054646711 3.667
vertex 123.5171233610527 10.27963131537615 0.8000000000000002
vertex 122.89604389296996 9.676372054646711 0.8000000000000002
endloop
endfacet
facet normal -0.7110364226591098 0.7031551789271953 0.0
outer loop
vertex 123.5171233610527 10.27963131537615 0.8000000000000002
vertex 122.89604389296996 9.676372054646711 3.667
vertex 123.5171233610527 10.27963131537615 3.667
endloop
endfacet
facet normal -0.6521853418746149 0.7580595490091078 0.0
outer loop
vertex 122.25119068676379 9.098595468261177 3.667
vertex 122.89604389296996 9.676372054646711 0.8000000000000002
vertex 122.25119068676379 9.098595468261177 0.8000000000000002
endloop
endfacet
facet normal -0.6821634828163557 0.7311996873029005 0.0
outer loop
vertex 122.89604389296996 9.676372054646711 0.8000000000000002
vertex 122.25119068676379 9.098595468261177 3.667
vertex 122.89604389296996 9.676372054646711 3.667
endloop
endfacet
facet normal -0.6211505686522825 0.7836912472797858 0.0
outer loop
vertex 121.58360849562027 8.547237635816769 3.667
vertex 122.25119068676379 9.098595468261177 0.8000000000000002
vertex 121.58360849562027 8.547237635816769 0.8000000000000002
endloop
endfacet
facet normal -0.6521853418746149 0.7580595490091078 0.0
outer loop
vertex 122.25119068676379 9.098595468261177 0.8000000000000002
vertex 121.58360849562027 8.547237635816769 3.667
vertex 122.25119068676379 9.098595468261177 3.667
endloop
endfacet
facet normal -0.5891094438611704 0.8080532551469505 0.0
outer loop
vertex 120.8943788968884 8.02319183480151 3.667
vertex 121.58360849562027 8.547237635816769 0.8000000000000002
vertex 120.8943788968884 8.02319183480151 0.8000000000000002
endloop
endfacet
facet normal -0.6211505686522825 0.7836912472797858 0.0
outer loop
vertex 121.58360849562027 8.547237635816769 0.8000000000000002
vertex 120.8943788968884 8.02319183480151 3.667
vertex 121.58360849562027 8.547237635816769 3.667
endloop
endfacet
facet normal -0.5561138786446075 0.8311061027202546 0.0
outer loop
vertex 120.18461853977206 7.527307093358622 3.667
vertex 120.8943788968884 8.02319183480151 0.8000000000000002
vertex 120.18461853977206 7.527307093358622 0.8000000000000002
endloop
endfacet
facet normal -0.5891094438611704 0.8080532551469505 0.0
outer loop
vertex 120.8943788968884 8.02319183480151 0.8000000000000002
vertex 120.18461853977206 7.527307093358622 3.667
vertex 120.8943788968884 8.02319183480151 3.667
endloop
endfacet
facet normal -0.5222173304740744 0.852812441133765 0.0
outer loop
vertex 119.45547733620062 7.0603868147411655 3.667
vertex 120.18461853977206 7.527307093358622 0.8000000000000002
vertex 119.45547733620062 7.0603868147411655 0.8000000000000002
endloop
endfacet
facet normal -0.5561138786446075 0.8311061027202546 0.0
outer loop
vertex 120.18461853977206 7.527307093358622 0.8000000000000002
vertex 119.45547733620062 7.0603868147411655 3.667
vertex 120.18461853977206 7.527307093358622 3.667
endloop
endfacet
facet normal -0.4874747165405877 0.8731371030563719 0.0
outer loop
vertex 118.70813659780954 6.623187475685381 3.667
vertex 119.45547733620062 7.0603868147411655 0.8000000000000002
vertex 118.70813659780954 6.623187475685381 0.8000000000000002
endloop
endfacet
facet normal -0.5222173304740744 0.852812441133765 0.0
outer loop
vertex 119.45547733620062 7.0603868147411655 0.8000000000000002
vertex 118.70813659780954 6.623187475685381 3.667
vertex 119.45547733620062 7.0603868147411655 3.667
endloop
endfacet
facet normal -0.45194232478109125 0.8920471596678411 0.0
outer loop
vertex 117.94380712204855 6.21641740081163 3.667
vertex 118.70813659780954 6.623187475685381 0.8000000000000002
vertex 117.94380712204855 6.21641740081163 0.8000000000000002
endloop
endfacet
facet normal -0.4874747165405877 0.8731371030563719 0.0
outer loop
vertex 118.70813659780954 6.623187475685381 0.8000000000000002
vertex 117.94380712204855 6.21641740081163 3.667
vertex 118.70813659780954 6.623187475685381 3.667
endloop
endfacet
facet normal -0.4085722622798327 0.9127259755783987 0.0
outer loop
vertex 117.1637272305194 5.840735615038588 3.667
vertex 117.94380712204855 6.21641740081163 0.8000000000000002
vertex 117.1637272305194 5.840735615038588 0.8000000000000002
endloop
endfacet
facet normal -0.45194232478109125 0.8920471596678411 0.0
outer loop
vertex 117.94380712204855 6.21641740081163 0.8000000000000002
vertex 117.1637272305194 5.840735615038588 3.667
vertex 117.94380712204855 6.21641740081163 3.667
endloop
endfacet
facet normal -0.3496896837518971 0.9368655853843167 0.0
outer loop
vertex 115.2719404865784 5.056545021747143 3.667
vertex 117.1637272305194 5.840735615038588 0.8000000000000002
vertex 115.2719404865784 5.056545021747143 0.8000000000000002
endloop
endfacet
facet normal -0.4085722622798327 0.9127259755783987 0.0
outer loop
vertex 117.1637272305194 5.840735615038588 0.8000000000000002
vertex 115.2719404865784 5.056545021747143 3.667
vertex 117.1637272305194 5.840735615038588 3.667
endloop
endfacet
facet normal -0.2819173037841704 0.9594387076968826 0.0
outer loop
vertex 113.32899912776458 4.409404505809329 3.667
vertex 115.2719404865784 5.056545021747143 0.8000000000000002
vertex 113.32899912776458 4.409404505809329 0.8000000000000002
endloop
endfacet
facet normal -0.3496896837518971 0.9368655853843167 0.0
outer loop
vertex 115.2719404865784 5.056545021747143 0.8000000000000002
vertex 113.32899912776458 4.409404505809329 3.667
vertex 115.2719404865784 5.056545021747143 3.667
endloop
endfacet
facet normal -0.21270640092842144 0.9771161583988249 0.0
outer loop
vertex 111.34481728697158 3.902616193172908 3.667
vertex 113.32899912776458 4.409404505809329 0.8000000000000002
vertex 111.34481728697158 3.902616193172908 0.8000000000000002
endloop
endfacet
facet normal -0.2819173037841704 0.9594387076968826 0.0
outer loop
vertex 113.32899912776458 4.409404505809329 0.8000000000000002
vertex 111.34481728697158 3.902616193172908 3.667
vertex 113.32899912776458 4.409404505809329 3.667
endloop
endfacet
facet normal -0.1424101335985578 0.9898077357994536 0.0
outer loop
vertex 109.3295195324812 3.538766042831261 3.667
vertex 111.34481728697158 3.902616193172908 0.8000000000000002
vertex 109.3295195324812 3.538766042831261 0.8000000000000002
endloop
endfacet
facet normal -0.21270640092842144 0.9771161583988249 0.0
outer loop
vertex 111.34481728697158 3.902616193172908 0.8000000000000002
vertex 109.3295195324812 3.538766042831261 3.667
vertex 111.34481728697158 3.902616193172908 3.667
endloop
endfacet
facet normal -0.0713871984341264 0.9974486793312861 0.0
outer loop
vertex 107.2933892059227 3.3197106516021417 3.667
vertex 109.3295195324812 3.538766042831261 0.8000000000000002
vertex 107.2933892059227 3.3197106516021417 0.8000000000000002
endloop
endfacet
facet normal -0.1424101335985578 0.9898077357994536 0.0
outer loop
vertex 109.3295195324812 3.538766042831261 0.8000000000000002
vertex 107.2933892059227 3.3197106516021417 3.667
vertex 109.3295195324812 3.538766042831261 3.667
endloop
endfacet
facet normal -1.967014512194947e-16 1.0 0.0
outer loop
vertex 105.24681595006886 3.2465677805800297 3.667
vertex 107.2933892059227 3.3197106516021417 0.8000000000000002
vertex 105.24681595006886 3.2465677805800297 0.8000000000000002
endloop
endfacet
facet normal -0.0713871984341264 0.9974486793312861 0.0
outer loop
vertex 107.2933892059227 3.3197106516021417 0.8000000000000002
vertex 105.24681595006886 3.2465677805800297 3.667
vertex 107.2933892059227 3.3197106516021417 3.667
endloop
endfacet
facet normal 0.07138719843412619 0.9974486793312861 0.0
outer loop
vertex 103.20024269421498 3.3197106516021417 3.667
vertex 105.24681595006886 3.2465677805800297 0.8000000000000002
vertex 103.20024269421498 3.3197106516021417 0.8000000000000002
endloop
endfacet
facet normal -1.967014512194947e-16 1.0 0.0
outer loop
vertex 105.24681595006886 3.2465677805800297 0.8000000000000002
vertex 103.20024269421498 3.3197106516021417 3.667
vertex 105.24681595006886 3.2465677805800297 3.667
endloop
endfacet
facet normal 0.14241013359855784 0.9898077357994536 0.0
outer loop
vertex 101.16411236765644 3.538766042831261 3.667
vertex 103.20024269421498 3.3197106516021417 0.8000000000000002
vertex 101.16411236765644 3.538766042831261 0.8000000000000002
endloop
endfacet
facet normal 0.07138719843412619 0.9974486793312861 0.0
outer loop
vertex 103.20024269421498 3.3197106516021417 0.8000000000000002
vertex 101.16411236765644 3.538766042831261 3.667
vertex 103.20024269421498 3.3197106516021417 3.667
endloop
endfacet
facet normal 0.21270640092842272 0.9771161583988247 0.0
outer loop
vertex 99.14881461316604 3.9026161931729124 3.667
vertex 101.16411236765644 3.538766042831261 0.8000000000000002
vertex 99.14881461316604 3.9026161931729124 0.8000000000000002
endloop
endfacet
facet normal 0.14241013359855784 0.9898077357994536 0.0
outer loop
vertex 101.16411236765644 3.538766042831261 0.8000000000000002
vertex 99.14881461316604 3.9026161931729124 3.667
vertex 101.16411236765644 3.538766042831261 3.667
endloop
endfacet
facet normal 0.2819173037841711 0.9594387076968822 0.0
outer loop
vertex 97.16463277237304 4.409404505809339 3.667
vertex 99.14881461316604 3.9026161931729124 0.8000000000000002
vertex 97.16463277237304 4.409404505809339 0.8000000000000002
endloop
endfacet
facet normal 0.21270640092842272 0.9771161583988247 0.0
outer loop
vertex 99.14881461316604 3.9026161931729124 0.8000000000000002
vertex 97.16463277237304 4.409404505809339 3.667
vertex 99.14881461316604 3.9026161931729124 3.667
endloop
endfacet
facet normal 0.3496896837518967 0.9368655853843167 0.0
outer loop
vertex 95.22169141355918 5.056545021747143 3.667
vertex 97.16463277237304 4.409404505809339 0.8000000000000002
vertex 95.22169141355918 5.056545021747143 0.8000000000000002
endloop
endfacet
facet normal 0.2819173037841711 0.9594387076968822 0.0
outer loop
vertex 97.16463277237304 4.409404505809339 0.8000000000000002
vertex 95.22169141355918 5.056545021747143 3.667
vertex 97.16463277237304 4.409404505809339 3.667
endloop
endfacet
facet normal 0.41521123715216673 0.9097250290843751 0.0
outer loop
vertex 93.3299046696182 5.840735615038591 3.667
vertex 95.22169141355918 5.056545021747143 0.8000000000000002
vertex 93.3299046696182 5.840735615038591 0.8000000000000002
endloop
endfacet
facet normal 0.3496896837518967 0.9368655853843167 0.0
outer loop
vertex 95.22169141355918 5.056545021747143 0.8000000000000002
vertex 93.3299046696182 5.840735615038591 3.667
vertex 95.22169141355918 5.056545021747143 3.667
endloop
endfacet
facet normal 0.47774360785344433 0.8784993142599342 0.0
outer loop
vertex 92.07993796981563 6.465310481759304 3.667
vertex 93.3299046696182 5.840735615038591 0.8000000000000002
vertex 92.07993796981563 6.465310481759304 0.8000000000000002
endloop
endfacet
facet normal 0.41521123715216673 0.9097250290843751 0.0
outer loop
vertex 93.3299046696182 5.840735615038591 0.8000000000000002
vertex 92.07993796981563 6.465310481759304 3.667
vertex 93.3299046696182 5.840735615038591 3.667
endloop
endfacet
facet normal 0.5375096548025731 0.8432575946850517 0.0
outer loop
vertex 90.87628852114752 7.175055872357573 3.667
vertex 92.07993796981563 6.465310481759304 0.8000000000000002
vertex 90.87628852114752 7.175055872357573 0.8000000000000002
endloop
endfacet
facet normal 0.47774360785344433 0.8784993142599342 0.0
outer loop
vertex 92.07993796981563 6.465310481759304 0.8000000000000002
vertex 90.87628852114752 7.175055872357573 3.667
vertex 92.07993796981563 6.465310481759304 3.667
endloop
endfacet
facet normal 0.5946881522218725 0.8039564674824969 0.0
outer loop
vertex 89.72475064291054 7.966555101504432 3.667
vertex 90.87628852114752 7.175055872357573 0.8000000000000002
vertex 89.72475064291054 7.966555101504432 0.8000000000000002
endloop
endfacet
facet normal 0.5375096548025731 0.8432575946850517 0.0
outer loop
vertex 90.87628852114752 7.175055872357573 0.8000000000000002
vertex 89.72475064291054 7.966555101504432 3.667
vertex 90.87628852114752 7.175055872357573 3.667
endloop
endfacet
facet normal 0.6490038451595668 0.7607851266738178 0.0
outer loop
vertex 88.63086779142925 8.835997924230439 3.667
vertex 89.72475064291054 7.966555101504432 0.8000000000000002
vertex 88.63086779142925 8.835997924230439 0.8000000000000002
endloop
endfacet
facet normal 0.5946881522218725 0.8039564674824969 0.0
outer loop
vertex 89.72475064291054 7.966555101504432 0.8000000000000002
vertex 88.63086779142925 8.835997924230439 3.667
vertex 89.72475064291054 7.966555101504432 3.667
endloop
endfacet
facet normal 0.7001952600877502 0.7139513973308322 0.0
outer loop
vertex 87.59990587408367 9.779198878289364 3.667
vertex 88.63086779142925 8.835997924230439 0.8000000000000002
vertex 87.59990587408367 9.779198878289364 0.8000000000000002
endloop
endfacet
facet normal 0.6490038451595668 0.7607851266738178 0.0
outer loop
vertex 88.63086779142925 8.835997924230439 0.8000000000000002
vertex 87.59990587408367 9.779198878289364 3.667
vertex 88.63086779142925 8.835997924230439 3.667
endloop
endfacet
facet normal 0.7480159636252742 0.6636807351142209 0.0
outer loop
vertex 86.6368278994461 10.791617432802543 0.8000000000000002
vertex 87.59990587408367 9.779198878289364 3.667
vertex 87.59990587408367 9.779198878289364 0.8000000000000002
endloop
endfacet
facet normal 0.7001952600877502 0.7139513973308322 0.0
outer loop
vertex 87.59990587408367 9.779198878289364 3.667
vertex 86.6368278994461 10.791617432802543 0.8000000000000002
vertex 86.6368278994461 10.791617432802543 3.667
endloop
endfacet
facet normal 0.7922357488580015 0.6102151409391622 0.0
outer loop
vertex 85.74627008556062 11.868379846189121 0.8000000000000002
vertex 86.6368278994461 10.791617432802543 3.667
vertex 86.6368278994461 10.791617432802543 0.8000000000000002
endloop
endfacet
facet normal 0.7480159636252742 0.6636807351142209 0.0
outer loop
vertex 86.6368278994461 10.791617432802543 3.667
vertex 85.74627008556062 11.868379846189121 0.8000000000000002
vertex 85.74627008556062 11.868379846189121 3.667
endloop
endfacet
facet normal 0.8326417435454665 0.553811995992833 0.0
outer loop
vertex 84.93251954137874 13.004302628159015 0.8000000000000002
vertex 85.74627008556062 11.868379846189121 3.667
vertex 85.74627008556062 11.868379846189121 0.8000000000000002
endloop
endfacet
facet normal 0.7922357488580015 0.6102151409391622 0.0
outer loop
vertex 85.74627008556062 11.868379846189121 3.667
vertex 84.93251954137874 13.004302628159015 0.8000000000000002
vertex 84.93251954137874 13.004302628159015 3.667
endloop
endfacet
facet normal 0.8690394348791644 0.4947428227118638 0.0
outer loop
vertex 84.19949362879181 14.193917492823498 0.8000000000000002
vertex 84.93251954137874 13.004302628159015 3.667
vertex 84.93251954137874 13.004302628159015 0.8000000000000002
endloop
endfacet
facet normal 0.8326417435454665 0.553811995992833 0.0
outer loop
vertex 84.93251954137874 13.004302628159015 3.667
vertex 84.19949362879181 14.193917492823498 0.8000000000000002
vertex 84.19949362879181 14.193917492823498 3.667
endloop
endfacet
facet normal 0.9012536058592607 0.4332919776844251 0.0
outer loop
vertex 83.55072110461111 15.431497682800192 0.8000000000000002
vertex 84.19949362879181 14.193917492823498 3.667
vertex 84.19949362879181 14.193917492823498 0.8000000000000002
endloop
endfacet
facet normal 0.8690394348791644 0.4947428227118638 0.0
outer loop
vertex 84.19949362879181 14.193917492823498 3.667
vertex 83.55072110461111 15.431497682800192 0.8000000000000002
vertex 83.55072110461111 15.431497682800192 3.667
endloop
endfacet
facet normal 0.9291291787820707 0.36975528276923225 0.0
outer loop
vertex 82.98932513327635 16.711085537589245 0.8000000000000002
vertex 83.55072110461111 15.431497682800192 3.667
vertex 83.55072110461111 15.431497682800192 0.8000000000000002
endloop
endfacet
facet normal 0.9012536058592607 0.4332919776844251 0.0
outer loop
vertex 83.55072110461111 15.431497682800192 3.667
vertex 82.98932513327635 16.711085537589245 0.8000000000000002
vertex 82.98932513327635 16.711085537589245 3.667
endloop
endfacet
facet normal 0.9381579378155732 0.3462075731604254 0.0
outer loop
vertex 82.51800825206982 18.02652117350775 0.8000000000000002
vertex 82.98932513327635 16.711085537589245 3.667
vertex 82.98932513327635 16.711085537589245 0.8000000000000002
endloop
endfacet
facet normal 0.9291291787820707 0.36975528276923225 0.0
outer loop
vertex 82.98932513327635 16.711085537589245 3.667
vertex 82.51800825206982 18.02652117350775 0.8000000000000002
vertex 82.51800825206982 18.02652117350775 3.667
endloop
endfacet
facet normal 0.9398187779127116 0.3416733303649223 0.0
outer loop
vertex 82.09943434760879 19.128506037347872 0.8000000000000002
vertex 82.51800825206982 18.02652117350775 3.667
vertex 82.51800825206982 18.02652117350775 0.8000000000000002
endloop
endfacet
facet normal 0.9381579378155732 0.3462075731604254 0.0
outer loop
vertex 82.51800825206982 18.02652117350775 3.667
vertex 82.09943434760879 19.128506037347872 0.8000000000000002
vertex 82.09943434760879 19.128506037347872 3.667
endloop
endfacet
facet normal 0.9492094892431236 0.31464479263259443 0.0
outer loop
vertex 81.71256011121108 20.242015390177986 0.8000000000000002
vertex 82.09943434760879 19.128506037347872 3.667
vertex 82.09943434760879 19.128506037347872 0.8000000000000002
endloop
endfacet
facet normal 0.9398187779127116 0.3416733303649223 0.0
outer loop
vertex 82.09943434760879 19.128506037347872 3.667
vertex 81.71256011121108 20.242015390177986 0.8000000000000002
vertex 81.71256011121108 20.242015390177986 3.667
endloop
endfacet
facet normal 0.9578230568406068 0.287358646615194 0.0
outer loop
vertex 81.35770228738 21.36613757147963 0.8000000000000002
vertex 81.71256011121108 20.242015390177986 3.667
vertex 81.71256011121108 20.242015390177986 0.8000000000000002
endloop
endfacet
facet normal 0.9492094892431236 0.31464479263259443 0.0
outer loop
vertex 81.71256011121108 20.242015390177986 3.667
vertex 81.35770228738 21.36613757147963 0.8000000000000002
vertex 81.35770228738 21.36613757147963 3.667
endloop
endfacet
facet normal 0.9656524285421176 0.25983723222569655 0.0
outer loop
vertex 81.03515140790755 22.499952231721796 0.8000000000000002
vertex 81.35770228738 21.36613757147963 3.667
vertex 81.35770228738 21.36613757147963 0.8000000000000002
endloop
endfacet
facet normal 0.9578230568406068 0.287358646615194 0.0
outer loop
vertex 81.35770228738 21.36613757147963 3.667
vertex 81.03515140790755 22.499952231721796 0.8000000000000002
vertex 81.03515140790755 22.499952231721796 3.667
endloop
endfacet
facet normal 0.9726911942272174 0.23210308199769722 0.0
outer loop
vertex 80.745171554008 23.642531085876232 0.8000000000000002
vertex 81.03515140790755 22.499952231721796 3.667
vertex 81.03515140790755 22.499952231721796 0.8000000000000002
endloop
endfacet
facet normal 0.9656524285421176 0.25983723222569655 0.0
outer loop
vertex 81.03515140790755 22.499952231721796 3.667
vertex 80.745171554008 23.642531085876232 0.8000000000000002
vertex 80.745171554008 23.642531085876232 3.667
endloop
endfacet
facet normal 0.9789335910662027 0.20417890263743918 0.0
outer loop
vertex 80.48800014010749 24.792938673429838 0.8000000000000002
vertex 80.745171554008 23.642531085876232 3.667
vertex 80.745171554008 23.642531085876232 0.8000000000000002
endloop
endfacet
facet normal 0.9726911942272174 0.23210308199769722 0.0
outer loop
vertex 80.745171554008 23.642531085876232 3.667
vertex 80.48800014010749 24.792938673429838 0.8000000000000002
vertex 80.48800014010749 24.792938673429838 3.667
endloop
endfacet
facet normal 0.98437450823829 0.1760875564332267 0.0
outer loop
vertex 80.26384771946621 25.950233124271595 0.8000000000000002
vertex 80.48800014010749 24.792938673429838 3.667
vertex 80.48800014010749 24.792938673429838 0.8000000000000002
endloop
endfacet
facet normal 0.9789335910662027 0.20417890263743918 0.0
outer loop
vertex 80.48800014010749 24.792938673429838 3.667
vertex 80.26384771946621 25.950233124271595 0.8000000000000002
vertex 80.26384771946621 25.950233124271595 3.667
endloop
endfacet
facet normal 0.9890094911159963 0.1478520425373891 0.0
outer loop
vertex 80.07289781179283 27.113466929827474 0.8000000000000002
vertex 80.26384771946621 25.950233124271595 3.667
vertex 80.26384771946621 25.950233124271595 0.8000000000000002
endloop
endfacet
facet normal 0.98437450823829 0.1760875564332267 0.0
outer loop
vertex 80.26384771946621 25.950233124271595 3.667
vertex 80.07289781179283 27.113466929827474 0.8000000000000002
vertex 80.07289781179283 27.113466929827474 3.667
endloop
endfacet
facet normal 0.9910235454598223 0.13368744273208122 0.0
outer loop
vertex 80.04079554168638 27.35144070573368 0.8000000000000002
vertex 80.07289781179283 27.113466929827474 3.667
vertex 80.07289781179283 27.113466929827474 0.8000000000000002
endloop
endfacet
facet normal 0.9890094911159963 0.1478520425373891 0.0
outer loop
vertex 80.07289781179283 27.113466929827474 3.667
vertex 80.04079554168638 27.35144070573368 0.8000000000000002
vertex 80.04079554168638 27.35144070573368 3.667
endloop
endfacet
facet normal 0.9928347449122537 0.11949547813628957 0.0
outer loop
vertex 79.91530675299182 28.281687718811504 0.8000000000000002
vertex 80.04079554168638 27.35144070573368 3.667
vertex 80.04079554168638 27.35144070573368 0.8000000000000002
endloop
endfacet
facet normal 0.9910235454598231 0.13368744273207508 0.0
outer loop
vertex 80.04079554168638 27.35144070573368 3.667
vertex 79.91530675299182 28.281687718811504 0.8000000000000002
vertex 79.91530675299182 28.281687718811504 3.667
endloop
endfacet
facet normal 0.9958471377873034 0.09104107952367314 0.0
outer loop
vertex 79.7912035671671 29.453939036958182 0.8000000000000002
vertex 79.91530675299182 28.281687718811504 3.667
vertex 79.91530675299182 28.281687718811504 0.8000000000000002
endloop
endfacet
facet normal 0.9928347449122537 0.11949547813628957 0.0
outer loop
vertex 79.91530675299182 28.281687718811504 3.667
vertex 79.7912035671671 29.453939036958182 0.8000000000000002
vertex 79.7912035671671 29.453939036958182 3.667
endloop
endfacet
facet normal 0.9980442034128265 0.06251214309281429 0.0
outer loop
vertex 79.70068986098624 30.62926113009772 0.8000000000000002
vertex 79.7912035671671 29.453939036958182 3.667
vertex 79.7912035671671 29.453939036958182 0.8000000000000002
endloop
endfacet
facet normal 0.9958471377873034 0.09104107952367314 0.0
outer loop
vertex 79.7912035671671 29.453939036958182 3.667
vertex 79.70068986098624 30.62926113009772 0.8000000000000002
vertex 79.70068986098624 30.62926113009772 3.667
endloop
endfacet
facet normal 0.9997051886409886 -0.024280358405207998 0.0
outer loop
vertex 79.64383974049257 31.806691729932957 0.8000000000000002
vertex 79.70068986098624 30.62926113009772 3.667
vertex 79.70068986098624 30.62926113009772 0.8000000000000002
endloop
endfacet
facet normal 0.9980442034128265 0.06251214309281429 0.0
outer loop
vertex 79.70068986098624 30.62926113009772 3.667
vertex 79.64383974049257 31.806691729932957 0.8000000000000002
vertex 79.64383974049257 31.806691729932957 3.667
endloop
endfacet
endsolid Modelo Óculos Pantos
