solid Modelo Round Eye
facet normal 9.586197406317967e-20 -6.298745878646613e-18 -1.0
outer loop
vertex 80.44874336789935 42.33455533009098 0.7999999999999999
vertex 81.35837865075528 31.39239775313586 0.7999999999999999
vertex 81.25080227341766 28.2429795374515 0.7999999999999999
endloop
endfacet
facet normal 9.586197406317967e-20 -6.298745878646613e-18 -1.0
outer loop
vertex 81.35837865075528 31.39239775313586 0.7999999999999999
vertex 80.44874336789935 42.33455533009098 0.7999999999999999
vertex 82.42089439825952 45.467071324648956 0.7999999999999999
endloop
endfacet
facet normal 9.586197406317967e-20 -6.298745878646613e-18 -1.0
outer loop
vertex 81.35837865075528 31.39239775313586 0.7999999999999999
vertex 82.42089439825952 45.467071324648956 0.7999999999999999
vertex 81.88022708034768 34.500969749584605 0.7999999999999999
endloop
endfacet
facet normal 9.586197406317967e-20 -6.298745878646613e-18 -1.0
outer loop
vertex 81.88022708034768 34.500969749584605 0.7999999999999999
vertex 82.42089439825952 45.467071324648956 0.7999999999999999
vertex 82.80741859088077 37.51550699807947 0.7999999999999999
endloop
endfacet
facet normal 9.586197406317967e-20 -6.298745878646613e-18 -1.0
outer loop
vertex 82.80741859088077 37.51550699807947 0.7999999999999999
vertex 82.42089439825952 45.467071324648956 0.7999999999999999
vertex 84.78913754184953 48.31791953292594 0.7999999999999999
endloop
endfacet
facet normal 9.586197406317967e-20 -6.298745878646613e-18 -1.0
outer loop
vertex 82.80741859088077 37.51550699807947 0.7999999999999999
vertex 84.78913754184953 48.31791953292594 0.7999999999999999
vertex 84.1240886785432 40.38442993051111 0.7999999999999999
endloop
endfacet
facet normal 9.586197406317967e-20 -6.298745878646613e-18 -1.0
outer loop
vertex 84.1240886785432 40.38442993051111 0.7999999999999999
vertex 84.78913754184953 48.31791953292594 0.7999999999999999
vertex 85.80770875308531 43.05865048008991 0.7999999999999999
endloop
endfacet
facet normal 9.586197406317967e-20 -6.298745878646613e-18 -1.0
outer loop
vertex 85.80770875308531 43.05865048008991 0.7999999999999999
vertex 84.78913754184953 48.31791953292594 0.7999999999999999
vertex 87.51295150188162 50.83832115167388 0.7999999999999999
endloop
endfacet
facet normal 9.586197406317967e-20 -6.298745878646613e-18 -1.0
outer loop
vertex 85.80770875308531 43.05865048008991 0.7999999999999999
vertex 87.51295150188162 50.83832115167388 0.7999999999999999
vertex 87.8294716082439 45.49241199177848 0.7999999999999999
endloop
endfacet
facet normal 9.586197406317967e-20 -6.298745878646613e-18 -1.0
outer loop
vertex 87.8294716082439 45.49241199177848 0.7999999999999999
vertex 87.51295150188162 50.83832115167388 0.7999999999999999
vertex 90.54573106631575 52.98515141040867 0.7999999999999999
endloop
endfacet
facet normal 9.586197406317967e-20 -6.298745878646613e-18 -1.0
outer loop
vertex 87.8294716082439 45.49241199177848 0.7999999999999999
vertex 90.54573106631575 52.98515141040867 0.7999999999999999
vertex 90.15478432102867 47.64407213134582 0.7999999999999999
endloop
endfacet
facet normal 9.586197406317967e-20 -6.298745878646613e-18 -1.0
outer loop
vertex 90.15478432102867 47.64407213134582 0.7999999999999999
vertex 90.54573106631575 52.98515141040867 0.7999999999999999
vertex 92.7438601462255 49.47681539725091 0.7999999999999999
endloop
endfacet
facet normal 9.586197406317967e-20 -6.298745878646613e-18 -1.0
outer loop
vertex 92.7438601462255 49.47681539725091 0.7999999999999999
vertex 90.54573106631575 52.98515141040867 0.7999999999999999
vertex 93.83558453595901 54.721677448189546 0.7999999999999999
endloop
endfacet
facet normal 9.586197406317967e-20 -6.298745878646613e-18 -1.0
outer loop
vertex 92.7438601462255 49.47681539725091 0.7999999999999999
vertex 93.83558453595901 54.721677448189546 0.7999999999999999
vertex 95.5523992786377 50.95928304408167 0.7999999999999999
endloop
endfacet
facet normal 9.586197406317967e-20 -6.298745878646613e-18 -1.0
outer loop
vertex 95.5523992786377 50.95928304408167 0.7999999999999999
vertex 93.83558453595901 54.721677448189546 0.7999999999999999
vertex 97.32622160582622 56.0181868230541 0.7999999999999999
endloop
endfacet
facet normal 9.586197406317967e-20 -6.298745878646613e-18 -1.0
outer loop
vertex 95.5523992786377 50.95928304408167 0.7999999999999999
vertex 97.32622160582622 56.0181868230541 0.7999999999999999
vertex 98.53234683503557 52.066109639383285 0.7999999999999999
endloop
endfacet
facet normal 9.586197406317967e-20 -6.298745878646613e-18 -1.0
outer loop
vertex 98.53234683503557 52.066109639383285 0.7999999999999999
vertex 97.32622160582622 56.0181868230541 0.7999999999999999
vertex 100.95791650786447 56.85249590013811 0.7999999999999999
endloop
endfacet
facet normal 9.586197406317967e-20 -6.298745878646613e-18 -1.0
outer loop
vertex 98.53234683503557 52.066109639383285 0.7999999999999999
vertex 100.95791650786447 56.85249590013811 0.7999999999999999
vertex 101.63271508653165 52.778357073239675 0.7999999999999999
endloop
endfacet
facet normal 9.586197406317967e-20 -6.298745878646613e-18 -1.0
outer loop
vertex 101.63271508653165 52.778357073239675 0.7999999999999999
vertex 100.95791650786447 56.85249590013811 0.7999999999999999
vertex 104.6685299354037 57.210329419818464 0.7999999999999999
endloop
endfacet
facet normal 9.586197406317967e-20 -6.298745878646613e-18 -1.0
outer loop
vertex 101.63271508653165 52.778357073239675 0.7999999999999999
vertex 104.6685299354037 57.210329419818464 0.7999999999999999
vertex 104.80045587275828 53.083838594585394 0.7999999999999999
endloop
endfacet
facet normal 9.586197406317967e-20 -6.298745878646613e-18 -1.0
outer loop
vertex 104.80045587275828 53.083838594585394 0.7999999999999999
vertex 104.6685299354037 57.210329419818464 0.7999999999999999
vertex 108.39457226392258 57.085564751363265 0.7999999999999999
endloop
endfacet
facet normal 9.586197406317967e-20 -6.298745878646613e-18 -1.0
outer loop
vertex 104.80045587275828 53.083838594585394 0.7999999999999999
vertex 108.39457226392258 57.085564751363265 0.7999999999999999
vertex 107.9813682705994 52.97732732989468 0.7999999999999999
endloop
endfacet
facet normal 9.586197406317967e-20 -6.298745878646613e-18 -1.0
outer loop
vertex 107.9813682705994 52.97732732989468 0.7999999999999999
vertex 108.39457226392258 57.085564751363265 0.7999999999999999
vertex 111.12102598701266 52.46064571643689 0.7999999999999999
endloop
endfacet
facet normal 9.586197406317967e-20 -6.298745878646613e-18 -1.0
outer loop
vertex 111.12102598701266 52.46064571643689 0.7999999999999999
vertex 108.39457226392258 57.085564751363265 0.7999999999999999
vertex 112.07228987612595 56.480336652841025 0.7999999999999999
endloop
endfacet
facet normal 9.586197406317967e-20 -6.298745878646613e-18 -1.0
outer loop
vertex 111.12102598701266 52.46064571643689 0.7999999999999999
vertex 112.07228987612595 56.480336652841025 0.7999999999999999
vertex 114.16570860799254 51.54263431986946 0.7999999999999999
endloop
endfacet
facet normal 9.586197406317967e-20 -6.298745878646613e-18 -1.0
outer loop
vertex 114.16570860799254 51.54263431986946 0.7999999999999999
vertex 112.07228987612595 56.480336652841025 0.7999999999999999
vertex 115.63875600401292 55.40500074481845 0.7999999999999999
endloop
endfacet
facet normal 9.586197406317967e-20 -6.298745878646613e-18 -1.0
outer loop
vertex 114.16570860799254 51.54263431986946 0.7999999999999999
vertex 115.63875600401292 55.40500074481845 0.7999999999999999
vertex 117.06332076974837 50.23900056970855 0.7999999999999999
endloop
endfacet
facet normal 9.586197406317967e-20 -6.298745878646613e-18 -1.0
outer loop
vertex 117.06332076974837 50.23900056970855 0.7999999999999999
vertex 115.63875600401292 55.40500074481845 0.7999999999999999
vertex 119.03294742332419 53.877956322821234 0.7999999999999999
endloop
endfacet
facet normal 9.586197406317967e-20 -6.298745878646613e-18 -1.0
outer loop
vertex 117.06332076974837 50.23900056970855 0.7999999999999999
vertex 119.03294742332419 53.877956322821234 0.7999999999999999
vertex 119.7642835248229 48.57205000085502 0.7999999999999999
endloop
endfacet
facet normal 9.586197406317967e-20 -6.298745878646613e-18 -1.0
outer loop
vertex 119.7642835248229 48.57205000085502 0.7999999999999999
vertex 119.03294742332419 53.877956322821234 0.7999999999999999
vertex 122.19678857782772 51.92533154028644 0.7999999999999999
endloop
endfacet
facet normal 9.586197406317967e-20 -6.298745878646613e-18 -1.0
outer loop
vertex 119.7642835248229 48.57205000085502 0.7999999999999999
vertex 122.19678857782772 51.92533154028644 0.7999999999999999
vertex 122.22238265162846 46.57030459970782 0.7999999999999999
endloop
endfacet
facet normal 9.586197406317967e-20 -6.298745878646613e-18 -1.0
outer loop
vertex 122.22238265162846 46.57030459970782 0.7999999999999999
vertex 122.19678857782772 51.92533154028644 0.7999999999999999
vertex 125.07614526818747 49.58053634861311 0.7999999999999999
endloop
endfacet
facet normal 9.586197406317967e-20 -6.298745878646613e-18 -1.0
outer loop
vertex 122.22238265162846 46.57030459970782 0.7999999999999999
vertex 125.07614526818747 49.58053634861311 0.7999999999999999
vertex 124.39555939259141 44.26801478506944 0.7999999999999999
endloop
endfacet
facet normal 9.586197406317967e-20 -6.298745878646613e-18 -1.0
outer loop
vertex 124.39555939259141 44.26801478506944 0.7999999999999999
vertex 125.07614526818747 49.58053634861311 0.7999999999999999
vertex 126.2466300911556 41.70457337398349 0.7999999999999999
endloop
endfacet
facet normal 9.586197406317967e-20 -6.298745878646613e-18 -1.0
outer loop
vertex 126.2466300911556 41.70457337398349 0.7999999999999999
vertex 125.07614526818747 49.58053634861311 0.7999999999999999
vertex 127.62175090312289 46.88369084363082 0.7999999999999999
endloop
endfacet
facet normal 9.586197406317967e-20 -6.298745878646613e-18 -1.0
outer loop
vertex 126.2466300911556 41.70457337398349 0.7999999999999999
vertex 127.62175090312289 46.88369084363082 0.7999999999999999
vertex 127.74392241445473 38.92384155971401 0.7999999999999999
endloop
endfacet
facet normal 9.586197406317967e-20 -6.298745878646613e-18 -1.0
outer loop
vertex 127.74392241445473 38.92384155971401 0.7999999999999999
vertex 127.62175090312289 46.88369084363082 0.7999999999999999
vertex 129.790049464445 43.88093879963664 0.7999999999999999
endloop
endfacet
facet normal 9.586197406317967e-20 -6.298745878646613e-18 -1.0
outer loop
vertex 127.74392241445473 38.92384155971401 0.7999999999999999
vertex 129.790049464445 43.88093879963664 0.7999999999999999
vertex 128.86181727570923 35.973398434567606 0.7999999999999999
endloop
endfacet
facet normal 9.586197406317967e-20 -6.298745878646613e-18 -1.0
outer loop
vertex 128.86181727570923 35.973398434567606 0.7999999999999999
vertex 129.790049464445 43.88093879963664 0.7999999999999999
vertex 129.58118718390438 32.903726898432915 0.7999999999999999
endloop
endfacet
facet normal 9.586197406317967e-20 -6.298745878646613e-18 -1.0
outer loop
vertex 129.58118718390438 32.903726898432915 0.7999999999999999
vertex 129.790049464445 43.88093879963664 0.7999999999999999
vertex 129.8897235204634 29.76734988236694 0.7999999999999999
endloop
endfacet
facet normal 9.586197406317967e-20 -6.298745878646613e-18 -1.0
outer loop
vertex 129.8897235204634 29.76734988236694 0.7999999999999999
vertex 129.790049464445 43.88093879963664 0.7999999999999999
vertex 131.54394076260374 40.62365813662346 0.7999999999999999
endloop
endfacet
facet normal 9.586197406317967e-20 -6.298745878646613e-18 -1.0
outer loop
vertex 129.8897235204634 29.76734988236694 0.7999999999999999
vertex 131.54394076260374 40.62365813662346 0.7999999999999999
vertex 130.69178242598173 15.675774089727417 0.7999999999999999
endloop
endfacet
facet normal 9.586197406317967e-20 -6.298745878646613e-18 -1.0
outer loop
vertex 130.69178242598173 15.675774089727417 0.7999999999999999
vertex 131.54394076260374 40.62365813662346 0.7999999999999999
vertex 132.23409729219884 19.03635965340194 0.7999999999999999
endloop
endfacet
facet normal 9.586197406317967e-20 -6.298745878646613e-18 -1.0
outer loop
vertex 132.23409729219884 19.03635965340194 0.7999999999999999
vertex 131.54394076260374 40.62365813662346 0.7999999999999999
vertex 132.8534152312169 37.16758182982427 0.7999999999999999
endloop
endfacet
facet normal 9.586197406317967e-20 -6.298745878646613e-18 -1.0
outer loop
vertex 132.23409729219884 19.03635965340194 0.7999999999999999
vertex 132.8534152312169 37.16758182982427 0.7999999999999999
vertex 132.77714192575027 20.801936944435084 0.7999999999999999
endloop
endfacet
facet normal 9.586197406317967e-20 -6.298745878646613e-18 -1.0
outer loop
vertex 132.77714192575027 20.801936944435084 0.7999999999999999
vertex 132.8534152312169 37.16758182982427 0.7999999999999999
vertex 133.0378299665226 21.36733479154407 0.7999999999999999
endloop
endfacet
facet normal 9.586197406317967e-20 -6.298745878646613e-18 -1.0
outer loop
vertex 133.0378299665226 21.36733479154407 0.7999999999999999
vertex 132.8534152312169 37.16758182982427 0.7999999999999999
vertex 133.69606739907167 33.57184430305377 0.7999999999999999
endloop
endfacet
facet normal 9.586197406317967e-20 -6.298745878646613e-18 -1.0
outer loop
vertex 133.0378299665226 21.36733479154407 0.7999999999999999
vertex 133.69606739907167 33.57184430305377 0.7999999999999999
vertex 133.4391213209255 21.84528060822974 0.7999999999999999
endloop
endfacet
facet normal 9.586197406317967e-20 -6.298745878646613e-18 -1.0
outer loop
vertex 133.4391213209255 21.84528060822974 0.7999999999999999
vertex 133.69606739907167 33.57184430305377 0.7999999999999999
vertex 133.95293905637493 22.202334221095008 0.7999999999999999
endloop
endfacet
facet normal 9.586197406317967e-20 -6.298745878646613e-18 -1.0
outer loop
vertex 133.95293905637493 22.202334221095008 0.7999999999999999
vertex 133.69606739907167 33.57184430305377 0.7999999999999999
vertex 134.16389488276928 32.363399980919546 0.7999999999999999
endloop
endfacet
facet normal 9.586197406317967e-20 -6.298745878646613e-18 -1.0
outer loop
vertex 133.95293905637493 22.202334221095008 0.7999999999999999
vertex 134.16389488276928 32.363399980919546 0.7999999999999999
vertex 134.54333316856497 22.413513855408446 0.7999999999999999
endloop
endfacet
facet normal 9.586197406317967e-20 -6.298745878646613e-18 -1.0
outer loop
vertex 134.54333316856497 22.413513855408446 0.7999999999999999
vertex 134.16389488276928 32.363399980919546 0.7999999999999999
vertex 134.97570530136366 31.349083838213602 0.7999999999999999
endloop
endfacet
facet normal 9.586197406317967e-20 -6.298745878646613e-18 -1.0
outer loop
vertex 134.54333316856497 22.413513855408446 0.7999999999999999
vertex 134.97570530136366 31.349083838213602 0.7999999999999999
vertex 135.16899587574457 22.464044021265476 0.7999999999999999
endloop
endfacet
facet normal 9.586197406317967e-20 -6.298745878646613e-18 -1.0
outer loop
vertex 135.16899587574457 22.464044021265476 0.7999999999999999
vertex 134.97570530136366 31.349083838213602 0.7999999999999999
vertex 136.0570113649615 30.62196398398531 0.7999999999999999
endloop
endfacet
facet normal 9.586197406317967e-20 -6.298745878646613e-18 -1.0
outer loop
vertex 135.16899587574457 22.464044021265476 0.7999999999999999
vertex 136.0570113649615 30.62196398398531 0.7999999999999999
vertex 139.91937749121942 22.464044021265476 0.7999999999999999
endloop
endfacet
facet normal 9.586197406317967e-20 -6.298745878646613e-18 -1.0
outer loop
vertex 139.91937749121942 22.464044021265476 0.7999999999999999
vertex 136.0570113649615 30.62196398398531 0.7999999999999999
vertex 137.3085983352721 30.248756964522507 0.7999999999999999
endloop
endfacet
facet normal 9.586197406317967e-20 -6.298745878646613e-18 -1.0
outer loop
vertex 139.91937749121942 22.464044021265476 0.7999999999999999
vertex 137.3085983352721 30.248756964522507 0.7999999999999999
vertex 139.90770200881497 29.884830117331255 0.7999999999999999
endloop
endfacet
facet normal 9.586197406317967e-20 -6.298745878646613e-18 -1.0
outer loop
vertex 139.91937749121942 22.464044021265476 0.7999999999999999
vertex 139.90770200881497 29.884830117331255 0.7999999999999999
vertex 140.26239616905167 29.742759699587673 0.7999999999999999
endloop
endfacet
facet normal 9.586197406317967e-20 -6.298745878646613e-18 -1.0
outer loop
vertex 139.91937749121942 22.464044021265476 0.7999999999999999
vertex 140.26239616905167 29.742759699587673 0.7999999999999999
vertex 140.14729936803772 22.493753411699085 0.8000000000000012
endloop
endfacet
facet normal 9.586197406317967e-20 -6.298745878646613e-18 -1.0
outer loop
vertex 140.14729936803772 22.493753411699085 0.8000000000000012
vertex 140.26239616905167 29.742759699587673 0.7999999999999999
vertex 140.35968874560967 22.58085693713895 0.8000000000000023
endloop
endfacet
facet normal 9.586197406317967e-20 -6.298745878646613e-18 -1.0
outer loop
vertex 140.35968874560967 22.58085693713895 0.8000000000000023
vertex 140.26239616905167 29.742759699587673 0.7999999999999999
vertex 140.5491957951939 29.49200136766994 0.7999999999999999
endloop
endfacet
facet normal 9.586197406317967e-20 -6.298745878646613e-18 -1.0
outer loop
vertex 140.35968874560967 22.58085693713895 0.8000000000000023
vertex 140.5491957951939 29.49200136766994 0.7999999999999999
vertex 140.54207163884362 22.719418636271737 0.8000000000000029
endloop
endfacet
facet normal 9.586197406317967e-20 -6.298745878646613e-18 -1.0
outer loop
vertex 140.54207163884362 22.719418636271737 0.8000000000000029
vertex 140.5491957951939 29.49200136766994 0.7999999999999999
vertex 140.68201895496773 22.89999575828556 0.8000000000000038
endloop
endfacet
facet normal 9.586197406317967e-20 -6.298745878646613e-18 -1.0
outer loop
vertex 140.68201895496773 22.89999575828556 0.8000000000000038
vertex 140.5491957951939 29.49200136766994 0.7999999999999999
vertex 140.73546285370526 29.161091626164115 0.7999999999999999
endloop
endfacet
facet normal 9.586197406317967e-20 -6.298745878646613e-18 -1.0
outer loop
vertex 140.68201895496773 22.89999575828556 0.8000000000000038
vertex 140.73546285370526 29.161091626164115 0.7999999999999999
vertex 140.769993515662 23.110282270733 0.8000000000000042
endloop
endfacet
facet normal 9.586197406317967e-20 -6.298745878646613e-18 -1.0
outer loop
vertex 140.769993515662 23.110282270733 0.8000000000000042
vertex 140.73546285370526 29.161091626164115 0.7999999999999999
vertex 140.79999999999993 28.787688276044605 0.7999999999999999
endloop
endfacet
facet normal 9.586197406317967e-20 -6.298745878646613e-18 -1.0
outer loop
vertex 140.769993515662 23.110282270733 0.8000000000000042
vertex 140.79999999999993 28.787688276044605 0.7999999999999999
vertex 140.79999999999993 23.33594749530564 0.8000000000000045
endloop
endfacet
facet normal 9.586197406317967e-20 -6.298745878646613e-18 -1.0
outer loop
vertex 9.611468761590602 42.33455533009098 0.7999999999999999
vertex 10.521104044446563 31.39239775313586 0.7999999999999999
vertex 10.413527667108937 28.2429795374515 0.7999999999999999
endloop
endfacet
facet normal 9.586197406317967e-20 -6.298745878646613e-18 -1.0
outer loop
vertex 10.521104044446563 31.39239775313586 0.7999999999999999
vertex 9.611468761590602 42.33455533009098 0.7999999999999999
vertex 11.583619791950788 45.467071324648956 0.7999999999999999
endloop
endfacet
facet normal 9.586197406317967e-20 -6.298745878646613e-18 -1.0
outer loop
vertex 10.521104044446563 31.39239775313586 0.7999999999999999
vertex 11.583619791950788 45.467071324648956 0.7999999999999999
vertex 11.042952474038952 34.500969749584605 0.7999999999999999
endloop
endfacet
facet normal 9.586197406317967e-20 -6.298745878646613e-18 -1.0
outer loop
vertex 11.042952474038952 34.500969749584605 0.7999999999999999
vertex 11.583619791950788 45.467071324648956 0.7999999999999999
vertex 11.97014398457202 37.51550699807947 0.7999999999999999
endloop
endfacet
facet normal 9.586197406317967e-20 -6.298745878646613e-18 -1.0
outer loop
vertex 11.97014398457202 37.51550699807947 0.7999999999999999
vertex 11.583619791950788 45.467071324648956 0.7999999999999999
vertex 13.951862935540813 48.31791953292594 0.7999999999999999
endloop
endfacet
facet normal 9.586197406317967e-20 -6.298745878646613e-18 -1.0
outer loop
vertex 11.97014398457202 37.51550699807947 0.7999999999999999
vertex 13.951862935540813 48.31791953292594 0.7999999999999999
vertex 13.286814072234478 40.38442993051111 0.7999999999999999
endloop
endfacet
facet normal 9.586197406317967e-20 -6.298745878646613e-18 -1.0
outer loop
vertex 13.286814072234478 40.38442993051111 0.7999999999999999
vertex 13.951862935540813 48.31791953292594 0.7999999999999999
vertex 14.970434146776572 43.05865048008991 0.7999999999999999
endloop
endfacet
facet normal 9.586197406317967e-20 -6.298745878646613e-18 -1.0
outer loop
vertex 14.970434146776572 43.05865048008991 0.7999999999999999
vertex 13.951862935540813 48.31791953292594 0.7999999999999999
vertex 16.675676895572913 50.83832115167388 0.7999999999999999
endloop
endfacet
facet normal 9.586197406317967e-20 -6.298745878646613e-18 -1.0
outer loop
vertex 14.970434146776572 43.05865048008991 0.7999999999999999
vertex 16.675676895572913 50.83832115167388 0.7999999999999999
vertex 16.99219700193516 45.49241199177848 0.7999999999999999
endloop
endfacet
facet normal 9.586197406317967e-20 -6.298745878646613e-18 -1.0
outer loop
vertex 16.99219700193516 45.49241199177848 0.7999999999999999
vertex 16.675676895572913 50.83832115167388 0.7999999999999999
vertex 19.708456460007028 52.98515141040867 0.7999999999999999
endloop
endfacet
facet normal 9.586197406317967e-20 -6.298745878646613e-18 -1.0
outer loop
vertex 16.99219700193516 45.49241199177848 0.7999999999999999
vertex 19.708456460007028 52.98515141040867 0.7999999999999999
vertex 19.317509714719943 47.64407213134582 0.7999999999999999
endloop
endfacet
facet normal 9.586197406317967e-20 -6.298745878646613e-18 -1.0
outer loop
vertex 19.317509714719943 47.64407213134582 0.7999999999999999
vertex 19.708456460007028 52.98515141040867 0.7999999999999999
vertex 21.906585539916776 49.47681539725091 0.7999999999999999
endloop
endfacet
facet normal 9.586197406317967e-20 -6.298745878646613e-18 -1.0
outer loop
vertex 21.906585539916776 49.47681539725091 0.7999999999999999
vertex 19.708456460007028 52.98515141040867 0.7999999999999999
vertex 22.998309929650315 54.721677448189546 0.7999999999999999
endloop
endfacet
facet normal 9.586197406317967e-20 -6.298745878646613e-18 -1.0
outer loop
vertex 21.906585539916776 49.47681539725091 0.7999999999999999
vertex 22.998309929650315 54.721677448189546 0.7999999999999999
vertex 24.71512467232898 50.95928304408167 0.7999999999999999
endloop
endfacet
facet normal 9.586197406317967e-20 -6.298745878646613e-18 -1.0
outer loop
vertex 24.71512467232898 50.95928304408167 0.7999999999999999
vertex 22.998309929650315 54.721677448189546 0.7999999999999999
vertex 26.488946999517488 56.0181868230541 0.7999999999999999
endloop
endfacet
facet normal 9.586197406317967e-20 -6.298745878646613e-18 -1.0
outer loop
vertex 24.71512467232898 50.95928304408167 0.7999999999999999
vertex 26.488946999517488 56.0181868230541 0.7999999999999999
vertex 27.695072228726847 52.066109639383285 0.7999999999999999
endloop
endfacet
facet normal 9.586197406317967e-20 -6.298745878646613e-18 -1.0
outer loop
vertex 27.695072228726847 52.066109639383285 0.7999999999999999
vertex 26.488946999517488 56.0181868230541 0.7999999999999999
vertex 30.120641901555715 56.85249590013811 0.7999999999999999
endloop
endfacet
facet normal 9.586197406317967e-20 -6.298745878646613e-18 -1.0
outer loop
vertex 27.695072228726847 52.066109639383285 0.7999999999999999
vertex 30.120641901555715 56.85249590013811 0.7999999999999999
vertex 30.795440480222894 52.778357073239675 0.7999999999999999
endloop
endfacet
facet normal 9.586197406317967e-20 -6.298745878646613e-18 -1.0
outer loop
vertex 30.795440480222894 52.778357073239675 0.7999999999999999
vertex 30.120641901555715 56.85249590013811 0.7999999999999999
vertex 33.83125532909502 57.210329419818464 0.7999999999999999
endloop
endfacet
facet normal 9.586197406317967e-20 -6.298745878646613e-18 -1.0
outer loop
vertex 30.795440480222894 52.778357073239675 0.7999999999999999
vertex 33.83125532909502 57.210329419818464 0.7999999999999999
vertex 33.96318126644954 53.083838594585394 0.7999999999999999
endloop
endfacet
facet normal 9.586197406317967e-20 -6.298745878646613e-18 -1.0
outer loop
vertex 33.96318126644954 53.083838594585394 0.7999999999999999
vertex 33.83125532909502 57.210329419818464 0.7999999999999999
vertex 37.557297657613844 57.085564751363265 0.7999999999999999
endloop
endfacet
facet normal 9.586197406317967e-20 -6.298745878646613e-18 -1.0
outer loop
vertex 33.96318126644954 53.083838594585394 0.7999999999999999
vertex 37.557297657613844 57.085564751363265 0.7999999999999999
vertex 37.14409366429067 52.97732732989468 0.7999999999999999
endloop
endfacet
facet normal 9.586197406317967e-20 -6.298745878646613e-18 -1.0
outer loop
vertex 37.14409366429067 52.97732732989468 0.7999999999999999
vertex 37.557297657613844 57.085564751363265 0.7999999999999999
vertex 40.28375138070398 52.46064571643689 0.7999999999999999
endloop
endfacet
facet normal 9.586197406317967e-20 -6.298745878646613e-18 -1.0
outer loop
vertex 40.28375138070398 52.46064571643689 0.7999999999999999
vertex 37.557297657613844 57.085564751363265 0.7999999999999999
vertex 41.23501526981721 56.480336652841025 0.7999999999999999
endloop
endfacet
facet normal 9.586197406317967e-20 -6.298745878646613e-18 -1.0
outer loop
vertex 40.28375138070398 52.46064571643689 0.7999999999999999
vertex 41.23501526981721 56.480336652841025 0.7999999999999999
vertex 43.32843400168385 51.54263431986946 0.7999999999999999
endloop
endfacet
facet normal 9.586197406317967e-20 -6.298745878646613e-18 -1.0
outer loop
vertex 43.32843400168385 51.54263431986946 0.7999999999999999
vertex 41.23501526981721 56.480336652841025 0.7999999999999999
vertex 44.801481397704165 55.40500074481845 0.7999999999999999
endloop
endfacet
facet normal 9.586197406317967e-20 -6.298745878646613e-18 -1.0
outer loop
vertex 43.32843400168385 51.54263431986946 0.7999999999999999
vertex 44.801481397704165 55.40500074481845 0.7999999999999999
vertex 46.22604616343967 50.23900056970855 0.7999999999999999
endloop
endfacet
facet normal 9.586197406317967e-20 -6.298745878646613e-18 -1.0
outer loop
vertex 46.22604616343967 50.23900056970855 0.7999999999999999
vertex 44.801481397704165 55.40500074481845 0.7999999999999999
vertex 48.19567281701543 53.877956322821234 0.7999999999999999
endloop
endfacet
facet normal 9.586197406317967e-20 -6.298745878646613e-18 -1.0
outer loop
vertex 46.22604616343967 50.23900056970855 0.7999999999999999
vertex 48.19567281701543 53.877956322821234 0.7999999999999999
vertex 48.92700891851422 48.57205000085502 0.7999999999999999
endloop
endfacet
facet normal 9.586197406317967e-20 -6.298745878646613e-18 -1.0
outer loop
vertex 48.92700891851422 48.57205000085502 0.7999999999999999
vertex 48.19567281701543 53.877956322821234 0.7999999999999999
vertex 51.35951397151897 51.92533154028644 0.7999999999999999
endloop
endfacet
facet normal 9.586197406317967e-20 -6.298745878646613e-18 -1.0
outer loop
vertex 48.92700891851422 48.57205000085502 0.7999999999999999
vertex 51.35951397151897 51.92533154028644 0.7999999999999999
vertex 51.385108045319804 46.57030459970782 0.7999999999999999
endloop
endfacet
facet normal 9.586197406317967e-20 -6.298745878646613e-18 -1.0
outer loop
vertex 51.385108045319804 46.57030459970782 0.7999999999999999
vertex 51.35951397151897 51.92533154028644 0.7999999999999999
vertex 54.23887066187874 49.58053634861311 0.7999999999999999
endloop
endfacet
facet normal 9.586197406317967e-20 -6.298745878646613e-18 -1.0
outer loop
vertex 51.385108045319804 46.57030459970782 0.7999999999999999
vertex 54.23887066187874 49.58053634861311 0.7999999999999999
vertex 53.55828478628274 44.26801478506944 0.7999999999999999
endloop
endfacet
facet normal 9.586197406317967e-20 -6.298745878646613e-18 -1.0
outer loop
vertex 53.55828478628274 44.26801478506944 0.7999999999999999
vertex 54.23887066187874 49.58053634861311 0.7999999999999999
vertex 55.40935548484695 41.70457337398349 0.7999999999999999
endloop
endfacet
facet normal 9.586197406317967e-20 -6.298745878646613e-18 -1.0
outer loop
vertex 55.40935548484695 41.70457337398349 0.7999999999999999
vertex 54.23887066187874 49.58053634861311 0.7999999999999999
vertex 56.78447629681417 46.88369084363082 0.7999999999999999
endloop
endfacet
facet normal 9.586197406317967e-20 -6.298745878646613e-18 -1.0
outer loop
vertex 55.40935548484695 41.70457337398349 0.7999999999999999
vertex 56.78447629681417 46.88369084363082 0.7999999999999999
vertex 56.90664780814606 38.92384155971401 0.7999999999999999
endloop
endfacet
facet normal 9.586197406317967e-20 -6.298745878646613e-18 -1.0
outer loop
vertex 56.90664780814606 38.92384155971401 0.7999999999999999
vertex 56.78447629681417 46.88369084363082 0.7999999999999999
vertex 58.95277485813632 43.88093879963664 0.7999999999999999
endloop
endfacet
facet normal 9.586197406317967e-20 -6.298745878646613e-18 -1.0
outer loop
vertex 56.90664780814606 38.92384155971401 0.7999999999999999
vertex 58.95277485813632 43.88093879963664 0.7999999999999999
vertex 58.02454266940063 35.973398434567606 0.7999999999999999
endloop
endfacet
facet normal 9.586197406317967e-20 -6.298745878646613e-18 -1.0
outer loop
vertex 58.02454266940063 35.973398434567606 0.7999999999999999
vertex 58.95277485813632 43.88093879963664 0.7999999999999999
vertex 58.74391257759569 32.903726898432915 0.7999999999999999
endloop
endfacet
facet normal 9.586197406317967e-20 -6.298745878646613e-18 -1.0
outer loop
vertex 58.74391257759569 32.903726898432915 0.7999999999999999
vertex 58.95277485813632 43.88093879963664 0.7999999999999999
vertex 59.05244891415481 29.76734988236694 0.7999999999999999
endloop
endfacet
facet normal 9.586197406317967e-20 -6.298745878646613e-18 -1.0
outer loop
vertex 59.05244891415481 29.76734988236694 0.7999999999999999
vertex 58.95277485813632 43.88093879963664 0.7999999999999999
vertex 60.706666156295036 40.62365813662346 0.7999999999999999
endloop
endfacet
facet normal 9.586197406317967e-20 -6.298745878646613e-18 -1.0
outer loop
vertex 59.05244891415481 29.76734988236694 0.7999999999999999
vertex 60.706666156295036 40.62365813662346 0.7999999999999999
vertex 59.854507819673024 15.675774089727417 0.7999999999999999
endloop
endfacet
facet normal 9.586197406317967e-20 -6.298745878646613e-18 -1.0
outer loop
vertex 59.854507819673024 15.675774089727417 0.7999999999999999
vertex 60.706666156295036 40.62365813662346 0.7999999999999999
vertex 61.39682268589019 19.03635965340194 0.7999999999999999
endloop
endfacet
facet normal 9.586197406317967e-20 -6.298745878646613e-18 -1.0
outer loop
vertex 61.39682268589019 19.03635965340194 0.7999999999999999
vertex 60.706666156295036 40.62365813662346 0.7999999999999999
vertex 61.06789712132239 40.02829093485967 0.7999999999999999
endloop
endfacet
facet normal 9.586197406317967e-20 -6.298745878646613e-18 -1.0
outer loop
vertex 61.39682268589019 19.03635965340194 0.7999999999999999
vertex 61.06789712132239 40.02829093485967 0.7999999999999999
vertex 61.55832376349793 39.53170291764452 0.7999999999999999
endloop
endfacet
facet normal 9.586197406317967e-20 -6.298745878646613e-18 -1.0
outer loop
vertex 61.39682268589019 19.03635965340194 0.7999999999999999
vertex 61.55832376349793 39.53170291764452 0.7999999999999999
vertex 62.482911952993 22.567514235468224 0.7999999999999999
endloop
endfacet
facet normal 9.586197406317967e-20 -6.298745878646613e-18 -1.0
outer loop
vertex 62.482911952993 22.567514235468224 0.7999999999999999
vertex 61.55832376349793 39.53170291764452 0.7999999999999999
vertex 62.15139034444167 39.16078345095788 0.7999999999999999
endloop
endfacet
facet normal 9.586197406317967e-20 -6.298745878646613e-18 -1.0
outer loop
vertex 62.482911952993 22.567514235468224 0.7999999999999999
vertex 62.15139034444167 39.16078345095788 0.7999999999999999
vertex 62.8149833539752 38.93561717023796 0.7999999999999999
endloop
endfacet
facet normal 9.586197406317967e-20 -6.298745878646613e-18 -1.0
outer loop
vertex 62.482911952993 22.567514235468224 0.7999999999999999
vertex 62.8149833539752 38.93561717023796 0.7999999999999999
vertex 63.09419233250047 26.208818802006114 0.7999999999999999
endloop
endfacet
facet normal 9.586197406317967e-20 -6.298745878646613e-18 -1.0
outer loop
vertex 63.09419233250047 26.208818802006114 0.7999999999999999
vertex 62.8149833539752 38.93561717023796 0.7999999999999999
vertex 63.51317040010269 38.8683964327683 0.7999999999999999
endloop
endfacet
facet normal 9.586197406317967e-20 -6.298745878646613e-18 -1.0
outer loop
vertex 63.09419233250047 26.208818802006114 0.7999999999999999
vertex 63.51317040010269 38.8683964327683 0.7999999999999999
vertex 63.22020464764018 29.897969622321753 0.7999999999999999
endloop
endfacet
facet normal 9.586197406317967e-20 -6.298745878646613e-18 -1.0
outer loop
vertex 63.22020464764018 29.897969622321753 0.7999999999999999
vertex 63.51317040010269 38.8683964327683 0.7999999999999999
vertex 63.279140624467985 31.623385959759034 0.7999999999999999
endloop
endfacet
facet normal 9.586197406317967e-20 -6.298745878646613e-18 -1.0
outer loop
vertex 63.279140624467985 31.623385959759034 0.7999999999999999
vertex 63.51317040010269 38.8683964327683 0.7999999999999999
vertex 63.35885368137647 32.24767957749467 0.7999999999999999
endloop
endfacet
facet normal 9.586197406317967e-20 -6.298745878646613e-18 -1.0
outer loop
vertex 63.35885368137647 32.24767957749467 0.7999999999999999
vertex 63.51317040010269 38.8683964327683 0.7999999999999999
vertex 63.552522679709035 32.8470149250952 0.7999999999999999
endloop
endfacet
facet normal 9.586197406317967e-20 -6.298745878646613e-18 -1.0
outer loop
vertex 63.552522679709035 32.8470149250952 0.7999999999999999
vertex 63.51317040010269 38.8683964327683 0.7999999999999999
vertex 64.20814588471295 38.96276112301764 0.7999999999999999
endloop
endfacet
facet normal 9.586197406317967e-20 -6.298745878646613e-18 -1.0
outer loop
vertex 63.552522679709035 32.8470149250952 0.7999999999999999
vertex 64.20814588471295 38.96276112301764 0.7999999999999999
vertex 63.85361669071648 33.401181145449705 0.7999999999999999
endloop
endfacet
facet normal 9.586197406317967e-20 -6.298745878646613e-18 -1.0
outer loop
vertex 63.85361669071648 33.401181145449705 0.7999999999999999
vertex 64.20814588471295 38.96276112301764 0.7999999999999999
vertex 64.25198218673218 33.891490580070936 0.7999999999999999
endloop
endfacet
facet normal 9.586197406317967e-20 -6.298745878646613e-18 -1.0
outer loop
vertex 64.25198218673218 33.891490580070936 0.7999999999999999
vertex 64.20814588471295 38.96276112301764 0.7999999999999999
vertex 65.77758152093575 39.33832798747292 0.7999999999999999
endloop
endfacet
facet normal 9.586197406317967e-20 -6.298745878646613e-18 -1.0
outer loop
vertex 64.25198218673218 33.891490580070936 0.7999999999999999
vertex 65.77758152093575 39.33832798747292 0.7999999999999999
vertex 64.7341854396269 34.30140895651369 0.7999999999999999
endloop
endfacet
facet normal 9.586197406317967e-20 -6.298745878646613e-18 -1.0
outer loop
vertex 64.7341854396269 34.30140895651369 0.7999999999999999
vertex 65.77758152093575 39.33832798747292 0.7999999999999999
vertex 65.2839655345694 34.617112959055675 0.7999999999999999
endloop
endfacet
facet normal 9.586197406317967e-20 -6.298745878646613e-18 -1.0
outer loop
vertex 65.2839655345694 34.617112959055675 0.7999999999999999
vertex 65.77758152093575 39.33832798747292 0.7999999999999999
vertex 66.06921428735299 34.923996022307605 0.7999999999999999
endloop
endfacet
facet normal 9.586197406317967e-20 -6.298745878646613e-18 -1.0
outer loop
vertex 66.06921428735299 34.923996022307605 0.7999999999999999
vertex 65.77758152093575 39.33832798747292 0.7999999999999999
vertex 67.97821113229358 39.77956942127758 0.7999999999999999
endloop
endfacet
facet normal 9.586197406317967e-20 -6.298745878646613e-18 -1.0
outer loop
vertex 66.06921428735299 34.923996022307605 0.7999999999999999
vertex 67.97821113229358 39.77956942127758 0.7999999999999999
vertex 66.87535597096901 35.17215632757726 0.7999999999999999
endloop
endfacet
facet normal 9.586197406317967e-20 -6.298745878646613e-18 -1.0
outer loop
vertex 66.87535597096901 35.17215632757726 0.7999999999999999
vertex 67.97821113229358 39.77956942127758 0.7999999999999999
vertex 67.69791787581302 35.36021700898194 0.7999999999999999
endloop
endfacet
facet normal 9.586197406317967e-20 -6.298745878646613e-18 -1.0
outer loop
vertex 67.69791787581302 35.36021700898194 0.7999999999999999
vertex 67.97821113229358 39.77956942127758 0.7999999999999999
vertex 68.5323361880954 35.487134650912374 0.7999999999999999
endloop
endfacet
facet normal 9.586197406317967e-20 -6.298745878646613e-18 -1.0
outer loop
vertex 68.5323361880954 35.487134650912374 0.7999999999999999
vertex 67.97821113229358 39.77956942127758 0.7999999999999999
vertex 70.21818355210763 39.9326401282432 0.7999999999999999
endloop
endfacet
facet normal 9.586197406317967e-20 -6.298745878646613e-18 -1.0
outer loop
vertex 68.5323361880954 35.487134650912374 0.7999999999999999
vertex 70.21818355210763 39.9326401282432 0.7999999999999999
vertex 69.37398131121377 35.55220507720754 0.7999999999999999
endloop
endfacet
facet normal 9.586197406317967e-20 -6.298745878646613e-18 -1.0
outer loop
vertex 69.37398131121377 35.55220507720754 0.7999999999999999
vertex 70.21818355210763 39.9326401282432 0.7999999999999999
vertex 70.21818355210763 35.5550672581296 0.7999999999999999
endloop
endfacet
facet normal 9.586197406317967e-20 -6.298745878646613e-18 -1.0
outer loop
vertex 70.21818355210763 35.5550672581296 0.7999999999999999
vertex 70.21818355210763 39.9326401282432 0.7999999999999999
vertex 71.04511185140929 35.55220507720754 0.7999999999999999
endloop
endfacet
facet normal 9.586197406317967e-20 -6.298745878646613e-18 -1.0
outer loop
vertex 71.04511185140929 35.55220507720754 0.7999999999999999
vertex 70.21818355210763 39.9326401282432 0.7999999999999999
vertex 72.45917223123725 39.79492102613446 0.7999999999999999
endloop
endfacet
facet normal 9.586197406317967e-20 -6.298745878646613e-18 -1.0
outer loop
vertex 71.04511185140929 35.55220507720754 0.7999999999999999
vertex 72.45917223123725 39.79492102613446 0.7999999999999999
vertex 71.88675697452801 35.487134650912374 0.7999999999999999
endloop
endfacet
facet normal 9.586197406317967e-20 -6.298745878646613e-18 -1.0
outer loop
vertex 71.88675697452801 35.487134650912374 0.7999999999999999
vertex 72.45917223123725 39.79492102613446 0.7999999999999999
vertex 72.72117528681007 35.36021700898194 0.7999999999999999
endloop
endfacet
facet normal 9.586197406317967e-20 -6.298745878646613e-18 -1.0
outer loop
vertex 72.72117528681007 35.36021700898194 0.7999999999999999
vertex 72.45917223123725 39.79492102613446 0.7999999999999999
vertex 74.66283323206302 39.36876852697135 0.7999999999999999
endloop
endfacet
facet normal 9.586197406317967e-20 -6.298745878646613e-18 -1.0
outer loop
vertex 72.72117528681007 35.36021700898194 0.7999999999999999
vertex 74.66283323206302 39.36876852697135 0.7999999999999999
vertex 73.54373719165413 35.17215632757728 0.7999999999999999
endloop
endfacet
facet normal 9.586197406317967e-20 -6.298745878646613e-18 -1.0
outer loop
vertex 73.54373719165413 35.17215632757728 0.7999999999999999
vertex 74.66283323206302 39.36876852697135 0.7999999999999999
vertex 74.34987887527024 34.923996022307605 0.7999999999999999
endloop
endfacet
facet normal 9.586197406317967e-20 -6.298745878646613e-18 -1.0
outer loop
vertex 74.34987887527024 34.923996022307605 0.7999999999999999
vertex 74.66283323206302 39.36876852697135 0.7999999999999999
vertex 75.13512762805371 34.617112959055675 0.7999999999999999
endloop
endfacet
facet normal 9.586197406317967e-20 -6.298745878646613e-18 -1.0
outer loop
vertex 75.13512762805371 34.617112959055675 0.7999999999999999
vertex 74.66283323206302 39.36876852697135 0.7999999999999999
vertex 76.23226886828586 38.993201662516086 0.7999999999999999
endloop
endfacet
facet normal 9.586197406317967e-20 -6.298745878646613e-18 -1.0
outer loop
vertex 75.13512762805371 34.617112959055675 0.7999999999999999
vertex 76.23226886828586 38.993201662516086 0.7999999999999999
vertex 75.68490772299626 34.30140895651369 0.7999999999999999
endloop
endfacet
facet normal 9.586197406317967e-20 -6.298745878646613e-18 -1.0
outer loop
vertex 75.68490772299626 34.30140895651369 0.7999999999999999
vertex 76.23226886828586 38.993201662516086 0.7999999999999999
vertex 76.16711097589096 33.891490580070936 0.7999999999999999
endloop
endfacet
facet normal 9.586197406317967e-20 -6.298745878646613e-18 -1.0
outer loop
vertex 76.16711097589096 33.891490580070936 0.7999999999999999
vertex 76.23226886828586 38.993201662516086 0.7999999999999999
vertex 76.56547647190668 33.401181145449705 0.7999999999999999
endloop
endfacet
facet normal 9.586197406317967e-20 -6.298745878646613e-18 -1.0
outer loop
vertex 76.56547647190668 33.401181145449705 0.7999999999999999
vertex 76.23226886828586 38.993201662516086 0.7999999999999999
vertex 76.9187902034164 38.90439323203148 0.7999999999999999
endloop
endfacet
facet normal 9.586197406317967e-20 -6.298745878646613e-18 -1.0
outer loop
vertex 76.56547647190668 33.401181145449705 0.7999999999999999
vertex 76.9187902034164 38.90439323203148 0.7999999999999999
vertex 76.86657048291414 32.84701492509521 0.7999999999999999
endloop
endfacet
facet normal 9.586197406317967e-20 -6.298745878646613e-18 -1.0
outer loop
vertex 76.86657048291414 32.84701492509521 0.7999999999999999
vertex 76.9187902034164 38.90439323203148 0.7999999999999999
vertex 77.06023948124663 32.24767957749467 0.7999999999999999
endloop
endfacet
facet normal 9.586197406317967e-20 -6.298745878646613e-18 -1.0
outer loop
vertex 77.06023948124663 32.24767957749467 0.7999999999999999
vertex 76.9187902034164 38.90439323203148 0.7999999999999999
vertex 77.60745499919551 38.97508524335012 0.7999999999999999
endloop
endfacet
facet normal 9.586197406317967e-20 -6.298745878646613e-18 -1.0
outer loop
vertex 77.06023948124663 32.24767957749467 0.7999999999999999
vertex 77.60745499919551 38.97508524335012 0.7999999999999999
vertex 77.13995253815507 31.623385959759034 0.7999999999999999
endloop
endfacet
facet normal 9.586197406317967e-20 -6.298745878646613e-18 -1.0
outer loop
vertex 77.13995253815507 31.623385959759034 0.7999999999999999
vertex 77.60745499919551 38.97508524335012 0.7999999999999999
vertex 77.14403857818755 29.897969622321753 0.7999999999999999
endloop
endfacet
facet normal 9.586197406317967e-20 -6.298745878646613e-18 -1.0
outer loop
vertex 77.14403857818755 29.897969622321753 0.7999999999999999
vertex 77.60745499919551 38.97508524335012 0.7999999999999999
vertex 77.44445839480937 24.438485116764603 0.7999999999999999
endloop
endfacet
facet normal 9.586197406317967e-20 -6.298745878646613e-18 -1.0
outer loop
vertex 77.44445839480937 24.438485116764603 0.7999999999999999
vertex 77.60745499919551 38.97508524335012 0.7999999999999999
vertex 78.28711056266422 20.842747589994094 0.7999999999999999
endloop
endfacet
facet normal 9.586197406317967e-20 -6.298745878646613e-18 -1.0
outer loop
vertex 78.28711056266422 20.842747589994094 0.7999999999999999
vertex 77.60745499919551 38.97508524335012 0.7999999999999999
vertex 78.26097327058712 39.20144984864181 0.7999999999999999
endloop
endfacet
facet normal 9.586197406317967e-20 -6.298745878646613e-18 -1.0
outer loop
vertex 78.28711056266422 20.842747589994094 0.7999999999999999
vertex 78.26097327058712 39.20144984864181 0.7999999999999999
vertex 78.8439581549101 39.57122980345933 0.7999999999999999
endloop
endfacet
facet normal 9.586197406317967e-20 -6.298745878646613e-18 -1.0
outer loop
vertex 78.28711056266422 20.842747589994094 0.7999999999999999
vertex 78.8439581549101 39.57122980345933 0.7999999999999999
vertex 79.59658503127746 17.38667128319491 0.7999999999999999
endloop
endfacet
facet normal 9.586197406317967e-20 -6.298745878646613e-18 -1.0
outer loop
vertex 79.59658503127746 17.38667128319491 0.7999999999999999
vertex 78.8439581549101 39.57122980345933 0.7999999999999999
vertex 79.32484204809091 40.064402174923934 0.7999999999999999
endloop
endfacet
facet normal 9.586197406317967e-20 -6.298745878646613e-18 -1.0
outer loop
vertex 79.59658503127746 17.38667128319491 0.7999999999999999
vertex 79.32484204809091 40.064402174923934 0.7999999999999999
vertex 79.67758593479076 40.654262548253705 0.7999999999999999
endloop
endfacet
facet normal 9.586197406317967e-20 -6.298745878646613e-18 -1.0
outer loop
vertex 79.59658503127746 17.38667128319491 0.7999999999999999
vertex 79.67758593479076 40.654262548253705 0.7999999999999999
vertex 81.3504763294361 14.12939062018174 0.7999999999999999
endloop
endfacet
facet normal 9.586197406317967e-20 -6.298745878646613e-18 -1.0
outer loop
vertex 81.3504763294361 14.12939062018174 0.7999999999999999
vertex 79.67758593479076 40.654262548253705 0.7999999999999999
vertex 80.44874336789935 42.33455533009098 0.7999999999999999
endloop
endfacet
facet normal 9.586197406317967e-20 -6.298745878646613e-18 -1.0
outer loop
vertex 81.3504763294361 14.12939062018174 0.7999999999999999
vertex 80.44874336789935 42.33455533009098 0.7999999999999999
vertex 81.25080227341766 28.2429795374515 0.7999999999999999
endloop
endfacet
facet normal 9.586197406317967e-20 -6.298745878646613e-18 -1.0
outer loop
vertex 81.3504763294361 14.12939062018174 0.7999999999999999
vertex 81.25080227341766 28.2429795374515 0.7999999999999999
vertex 81.5593386099768 25.10660252138551 0.7999999999999999
endloop
endfacet
facet normal 9.586197406317967e-20 -6.298745878646613e-18 -1.0
outer loop
vertex 81.3504763294361 14.12939062018174 0.7999999999999999
vertex 81.5593386099768 25.10660252138551 0.7999999999999999
vertex 83.51877489075825 11.12663857618757 0.7999999999999999
endloop
endfacet
facet normal 9.586197406317967e-20 -6.298745878646613e-18 -1.0
outer loop
vertex 83.51877489075825 11.12663857618757 0.7999999999999999
vertex 81.5593386099768 25.10660252138551 0.7999999999999999
vertex 82.27870851817181 22.036930985250816 0.7999999999999999
endloop
endfacet
facet normal 9.586197406317967e-20 -6.298745878646613e-18 -1.0
outer loop
vertex 83.51877489075825 11.12663857618757 0.7999999999999999
vertex 82.27870851817181 22.036930985250816 0.7999999999999999
vertex 83.39660337942628 19.08648786010442 0.7999999999999999
endloop
endfacet
facet normal 9.586197406317967e-20 -6.298745878646613e-18 -1.0
outer loop
vertex 83.51877489075825 11.12663857618757 0.7999999999999999
vertex 83.39660337942628 19.08648786010442 0.7999999999999999
vertex 84.89389570272547 16.305756045834922 0.7999999999999999
endloop
endfacet
facet normal 9.586197406317967e-20 -6.298745878646613e-18 -1.0
outer loop
vertex 83.51877489075825 11.12663857618757 0.7999999999999999
vertex 84.89389570272547 16.305756045834922 0.7999999999999999
vertex 86.06438052569368 8.429793071205271 0.7999999999999999
endloop
endfacet
facet normal 9.586197406317967e-20 -6.298745878646613e-18 -1.0
outer loop
vertex 86.06438052569368 8.429793071205271 0.7999999999999999
vertex 84.89389570272547 16.305756045834922 0.7999999999999999
vertex 86.74496640128959 13.742314634749002 0.7999999999999999
endloop
endfacet
facet normal 9.586197406317967e-20 -6.298745878646613e-18 -1.0
outer loop
vertex 86.06438052569368 8.429793071205271 0.7999999999999999
vertex 86.74496640128959 13.742314634749002 0.7999999999999999
vertex 88.94373721605342 6.084997879531955 0.7999999999999999
endloop
endfacet
facet normal 9.586197406317967e-20 -6.298745878646613e-18 -1.0
outer loop
vertex 88.94373721605342 6.084997879531955 0.7999999999999999
vertex 86.74496640128959 13.742314634749002 0.7999999999999999
vertex 88.91814314225253 11.440024820110596 0.7999999999999999
endloop
endfacet
facet normal 9.586197406317967e-20 -6.298745878646613e-18 -1.0
outer loop
vertex 88.94373721605342 6.084997879531955 0.7999999999999999
vertex 88.91814314225253 11.440024820110596 0.7999999999999999
vertex 91.37624226905804 9.438279418963425 0.7999999999999999
endloop
endfacet
facet normal 9.586197406317967e-20 -6.298745878646613e-18 -1.0
outer loop
vertex 88.94373721605342 6.084997879531955 0.7999999999999999
vertex 91.37624226905804 9.438279418963425 0.7999999999999999
vertex 92.10757837055695 4.132373096997165 0.7999999999999999
endloop
endfacet
facet normal 9.586197406317967e-20 -6.298745878646613e-18 -1.0
outer loop
vertex 92.10757837055695 4.132373096997165 0.7999999999999999
vertex 91.37624226905804 9.438279418963425 0.7999999999999999
vertex 94.07720502413261 7.7713288501098425 0.7999999999999999
endloop
endfacet
facet normal 9.586197406317967e-20 -6.298745878646613e-18 -1.0
outer loop
vertex 92.10757837055695 4.132373096997165 0.7999999999999999
vertex 94.07720502413261 7.7713288501098425 0.7999999999999999
vertex 95.50176978986819 2.605328674999979 0.7999999999999999
endloop
endfacet
facet normal 9.586197406317967e-20 -6.298745878646613e-18 -1.0
outer loop
vertex 95.50176978986819 2.605328674999979 0.7999999999999999
vertex 94.07720502413261 7.7713288501098425 0.7999999999999999
vertex 96.97481718588858 6.467695099948967 0.7999999999999999
endloop
endfacet
facet normal 9.586197406317967e-20 -6.298745878646613e-18 -1.0
outer loop
vertex 95.50176978986819 2.605328674999979 0.7999999999999999
vertex 96.97481718588858 6.467695099948967 0.7999999999999999
vertex 99.06823591775519 1.5299927669774092 0.7999999999999999
endloop
endfacet
facet normal 9.586197406317967e-20 -6.298745878646613e-18 -1.0
outer loop
vertex 99.06823591775519 1.5299927669774092 0.7999999999999999
vertex 96.97481718588858 6.467695099948967 0.7999999999999999
vertex 100.01949980686837 5.549683703381572 0.7999999999999999
endloop
endfacet
facet normal 9.586197406317967e-20 -6.298745878646613e-18 -1.0
outer loop
vertex 99.06823591775519 1.5299927669774092 0.7999999999999999
vertex 100.01949980686837 5.549683703381572 0.7999999999999999
vertex 102.7459535299584 0.9247646684551863 0.7999999999999999
endloop
endfacet
facet normal 9.586197406317967e-20 -6.298745878646613e-18 -1.0
outer loop
vertex 102.7459535299584 0.9247646684551863 0.7999999999999999
vertex 100.01949980686837 5.549683703381572 0.7999999999999999
vertex 103.15915752328162 5.0330020899237855 0.7999999999999999
endloop
endfacet
facet normal 9.586197406317967e-20 -6.298745878646613e-18 -1.0
outer loop
vertex 102.7459535299584 0.9247646684551863 0.7999999999999999
vertex 103.15915752328162 5.0330020899237855 0.7999999999999999
vertex 106.47199585847724 0.7999999999999999 0.7999999999999999
endloop
endfacet
facet normal 9.586197406317967e-20 -6.298745878646613e-18 -1.0
outer loop
vertex 106.47199585847724 0.7999999999999999 0.7999999999999999
vertex 103.15915752328162 5.0330020899237855 0.7999999999999999
vertex 106.34006992112279 4.926490825233016 0.7999999999999999
endloop
endfacet
facet normal 9.586197406317967e-20 -6.298745878646613e-18 -1.0
outer loop
vertex 106.47199585847724 0.7999999999999999 0.7999999999999999
vertex 106.34006992112279 4.926490825233016 0.7999999999999999
vertex 109.50781070734944 5.231972346578743 0.7999999999999999
endloop
endfacet
facet normal 9.586197406317967e-20 -6.298745878646613e-18 -1.0
outer loop
vertex 106.47199585847724 0.7999999999999999 0.7999999999999999
vertex 109.50781070734944 5.231972346578743 0.7999999999999999
vertex 110.18260928601649 1.1578335196803449 0.7999999999999999
endloop
endfacet
facet normal 9.586197406317967e-20 -6.298745878646613e-18 -1.0
outer loop
vertex 110.18260928601649 1.1578335196803449 0.7999999999999999
vertex 109.50781070734944 5.231972346578743 0.7999999999999999
vertex 112.60817895884546 5.944219780435164 0.7999999999999999
endloop
endfacet
facet normal 9.586197406317967e-20 -6.298745878646613e-18 -1.0
outer loop
vertex 110.18260928601649 1.1578335196803449 0.7999999999999999
vertex 112.60817895884546 5.944219780435164 0.7999999999999999
vertex 113.81430418805472 1.9921425967643152 0.7999999999999999
endloop
endfacet
facet normal 9.586197406317967e-20 -6.298745878646613e-18 -1.0
outer loop
vertex 113.81430418805472 1.9921425967643152 0.7999999999999999
vertex 112.60817895884546 5.944219780435164 0.7999999999999999
vertex 115.5881265152433 7.051046375736793 0.7999999999999999
endloop
endfacet
facet normal 9.586197406317967e-20 -6.298745878646613e-18 -1.0
outer loop
vertex 113.81430418805472 1.9921425967643152 0.7999999999999999
vertex 115.5881265152433 7.051046375736793 0.7999999999999999
vertex 117.30494125792197 3.288651971628889 0.7999999999999999
endloop
endfacet
facet normal 9.586197406317967e-20 -6.298745878646613e-18 -1.0
outer loop
vertex 117.30494125792197 3.288651971628889 0.7999999999999999
vertex 115.5881265152433 7.051046375736793 0.7999999999999999
vertex 118.39666564765551 8.533514022567559 0.7999999999999999
endloop
endfacet
facet normal 9.586197406317967e-20 -6.298745878646613e-18 -1.0
outer loop
vertex 117.30494125792197 3.288651971628889 0.7999999999999999
vertex 118.39666564765551 8.533514022567559 0.7999999999999999
vertex 120.59479472756523 5.0251780094097525 0.7999999999999999
endloop
endfacet
facet normal 9.586197406317967e-20 -6.298745878646613e-18 -1.0
outer loop
vertex 120.59479472756523 5.0251780094097525 0.7999999999999999
vertex 118.39666564765551 8.533514022567559 0.7999999999999999
vertex 120.98574147285224 10.366257288472674 0.7999999999999999
endloop
endfacet
facet normal 9.586197406317967e-20 -6.298745878646613e-18 -1.0
outer loop
vertex 120.59479472756523 5.0251780094097525 0.7999999999999999
vertex 120.98574147285224 10.366257288472674 0.7999999999999999
vertex 123.62757429199937 7.17200826814454 0.7999999999999999
endloop
endfacet
facet normal 9.586197406317967e-20 -6.298745878646613e-18 -1.0
outer loop
vertex 123.62757429199937 7.17200826814454 0.7999999999999999
vertex 120.98574147285224 10.366257288472674 0.7999999999999999
vertex 123.31105418563705 12.517917428039953 0.7999999999999999
endloop
endfacet
facet normal 9.586197406317967e-20 -6.298745878646613e-18 -1.0
outer loop
vertex 123.62757429199937 7.17200826814454 0.7999999999999999
vertex 123.31105418563705 12.517917428039953 0.7999999999999999
vertex 125.33281704079582 14.951678939728522 0.7999999999999999
endloop
endfacet
facet normal 9.586197406317967e-20 -6.298745878646613e-18 -1.0
outer loop
vertex 123.62757429199937 7.17200826814454 0.7999999999999999
vertex 125.33281704079582 14.951678939728522 0.7999999999999999
vertex 126.35138825203138 9.692409886892497 0.7999999999999999
endloop
endfacet
facet normal 9.586197406317967e-20 -6.298745878646613e-18 -1.0
outer loop
vertex 126.35138825203138 9.692409886892497 0.7999999999999999
vertex 125.33281704079582 14.951678939728522 0.7999999999999999
vertex 127.01643711533785 17.625899489307322 0.7999999999999999
endloop
endfacet
facet normal 9.586197406317967e-20 -6.298745878646613e-18 -1.0
outer loop
vertex 126.35138825203138 9.692409886892497 0.7999999999999999
vertex 127.01643711533785 17.625899489307322 0.7999999999999999
vertex 128.71963139562152 12.543258095169477 0.7999999999999999
endloop
endfacet
facet normal 9.586197406317967e-20 -6.298745878646613e-18 -1.0
outer loop
vertex 128.71963139562152 12.543258095169477 0.7999999999999999
vertex 127.01643711533785 17.625899489307322 0.7999999999999999
vertex 128.33310720300034 20.494822421738938 0.7999999999999999
endloop
endfacet
facet normal 9.586197406317967e-20 -6.298745878646613e-18 -1.0
outer loop
vertex 128.71963139562152 12.543258095169477 0.7999999999999999
vertex 128.33310720300034 20.494822421738938 0.7999999999999999
vertex 129.26029871353353 23.509359670233803 0.7999999999999999
endloop
endfacet
facet normal 9.586197406317967e-20 -6.298745878646613e-18 -1.0
outer loop
vertex 128.71963139562152 12.543258095169477 0.7999999999999999
vertex 129.26029871353353 23.509359670233803 0.7999999999999999
vertex 130.69178242598173 15.675774089727417 0.7999999999999999
endloop
endfacet
facet normal 9.586197406317967e-20 -6.298745878646613e-18 -1.0
outer loop
vertex 130.69178242598173 15.675774089727417 0.7999999999999999
vertex 129.26029871353353 23.509359670233803 0.7999999999999999
vertex 129.78214714312588 26.617931666682555 0.7999999999999999
endloop
endfacet
facet normal 9.586197406317967e-20 -6.298745878646613e-18 -1.0
outer loop
vertex 130.69178242598173 15.675774089727417 0.7999999999999999
vertex 129.78214714312588 26.617931666682555 0.7999999999999999
vertex 129.8897235204634 29.76734988236694 0.7999999999999999
endloop
endfacet
facet normal 9.586197406317967e-20 -6.298745878646613e-18 -1.0
outer loop
vertex 77.44445839480937 24.438485116764603 0.7999999999999999
vertex 77.0830465399322 28.112359797496598 0.7999999999999999
vertex 77.14403857818755 29.897969622321753 0.7999999999999999
endloop
endfacet
facet normal 9.586197406317967e-20 -6.298745878646613e-18 -1.0
outer loop
vertex 0.8533179387976517 29.161091626164115 0.7999999999999999
vertex 0.7999999999999993 23.33594749530564 0.8000000000000045
vertex 0.7999999999999993 28.787688276044605 0.7999999999999999
endloop
endfacet
facet normal 9.586197406317967e-20 -6.298745878646613e-18 -1.0
outer loop
vertex 0.7999999999999993 23.33594749530564 0.8000000000000045
vertex 0.8533179387976517 29.161091626164115 0.7999999999999999
vertex 0.8247901245611162 23.110282270733 0.8000000000000042
endloop
endfacet
facet normal 9.586197406317967e-20 -6.298745878646613e-18 -1.0
outer loop
vertex 0.8247901245611162 23.110282270733 0.8000000000000042
vertex 0.8533179387976517 29.161091626164115 0.7999999999999999
vertex 0.8974710922232166 22.89999575828556 0.8000000000000038
endloop
endfacet
facet normal 9.586197406317967e-20 -6.298745878646613e-18 -1.0
outer loop
vertex 0.8974710922232166 22.89999575828556 0.8000000000000038
vertex 0.8533179387976517 29.161091626164115 0.7999999999999999
vertex 1.0072041298663372 29.49200136766994 0.7999999999999999
endloop
endfacet
facet normal 9.586197406317967e-20 -6.298745878646613e-18 -1.0
outer loop
vertex 0.8974710922232166 22.89999575828556 0.8000000000000038
vertex 1.0072041298663372 29.49200136766994 0.7999999999999999
vertex 1.0130898151511385 22.719418636271737 0.8000000000000029
endloop
endfacet
facet normal 9.586197406317967e-20 -6.298745878646613e-18 -1.0
outer loop
vertex 1.0130898151511385 22.719418636271737 0.8000000000000029
vertex 1.0072041298663372 29.49200136766994 0.7999999999999999
vertex 1.2441461979897595 29.742759699587673 0.7999999999999999
endloop
endfacet
facet normal 9.586197406317967e-20 -6.298745878646613e-18 -1.0
outer loop
vertex 1.0130898151511385 22.719418636271737 0.8000000000000029
vertex 1.2441461979897595 29.742759699587673 0.7999999999999999
vertex 1.1637670684462698 22.58085693713895 0.8000000000000023
endloop
endfacet
facet normal 9.586197406317967e-20 -6.298745878646613e-18 -1.0
outer loop
vertex 1.1637670684462698 22.58085693713895 0.8000000000000023
vertex 1.2441461979897595 29.742759699587673 0.7999999999999999
vertex 1.3392344463025179 22.493753411699085 0.8000000000000012
endloop
endfacet
facet normal 9.586197406317967e-20 -6.298745878646613e-18 -1.0
outer loop
vertex 1.3392344463025179 22.493753411699085 0.8000000000000012
vertex 1.2441461979897595 29.742759699587673 0.7999999999999999
vertex 1.537179940774636 29.884830117331255 0.7999999999999999
endloop
endfacet
facet normal 9.586197406317967e-20 -6.298745878646613e-18 -1.0
outer loop
vertex 1.3392344463025179 22.493753411699085 0.8000000000000012
vertex 1.537179940774636 29.884830117331255 0.7999999999999999
vertex 1.5275341368925368 22.464044021265476 0.7999999999999999
endloop
endfacet
facet normal 9.586197406317967e-20 -6.298745878646613e-18 -1.0
outer loop
vertex 1.5275341368925368 22.464044021265476 0.7999999999999999
vertex 1.537179940774636 29.884830117331255 0.7999999999999999
vertex 5.452104260940722 22.464044021265487 0.7999999999999999
endloop
endfacet
facet normal 9.586197406317967e-20 -6.298745878646613e-18 -1.0
outer loop
vertex 5.452104260940722 22.464044021265487 0.7999999999999999
vertex 1.537179940774636 29.884830117331255 0.7999999999999999
vertex 3.684452613197773 30.248756964522507 0.7999999999999999
endloop
endfacet
facet normal 9.586197406317967e-20 -6.298745878646613e-18 -1.0
outer loop
vertex 5.452104260940722 22.464044021265487 0.7999999999999999
vertex 3.684452613197773 30.248756964522507 0.7999999999999999
vertex 4.71846234734799 30.62196398398531 0.7999999999999999
endloop
endfacet
facet normal 9.586197406317967e-20 -6.298745878646613e-18 -1.0
outer loop
vertex 5.452104260940722 22.464044021265487 0.7999999999999999
vertex 4.71846234734799 30.62196398398531 0.7999999999999999
vertex 5.611792992263861 31.349083838213602 0.7999999999999999
endloop
endfacet
facet normal 9.586197406317967e-20 -6.298745878646613e-18 -1.0
outer loop
vertex 5.452104260940722 22.464044021265487 0.7999999999999999
vertex 5.611792992263861 31.349083838213602 0.7999999999999999
vertex 5.975117577566154 22.417708799020822 0.7999999999999999
endloop
endfacet
facet normal 9.586197406317967e-20 -6.298745878646613e-18 -1.0
outer loop
vertex 5.975117577566154 22.417708799020822 0.7999999999999999
vertex 5.611792992263861 31.349083838213602 0.7999999999999999
vertex 6.282477407349135 32.363399980919546 0.7999999999999999
endloop
endfacet
facet normal 9.586197406317967e-20 -6.298745878646613e-18 -1.0
outer loop
vertex 5.975117577566154 22.417708799020822 0.7999999999999999
vertex 6.282477407349135 32.363399980919546 0.7999999999999999
vertex 6.470180201893867 22.208702672840605 0.7999999999999999
endloop
endfacet
facet normal 9.586197406317967e-20 -6.298745878646613e-18 -1.0
outer loop
vertex 6.470180201893867 22.208702672840605 0.7999999999999999
vertex 6.282477407349135 32.363399980919546 0.7999999999999999
vertex 6.668977253960854 33.57184430305377 0.7999999999999999
endloop
endfacet
facet normal 9.586197406317967e-20 -6.298745878646613e-18 -1.0
outer loop
vertex 6.470180201893867 22.208702672840605 0.7999999999999999
vertex 6.668977253960854 33.57184430305377 0.7999999999999999
vertex 6.902654358213743 21.851649059975344 0.7999999999999999
endloop
endfacet
facet normal 9.586197406317967e-20 -6.298745878646613e-18 -1.0
outer loop
vertex 6.902654358213743 21.851649059975344 0.7999999999999999
vertex 6.668977253960854 33.57184430305377 0.7999999999999999
vertex 6.98306462827067 35.44281518435016 0.7999999999999999
endloop
endfacet
facet normal 9.586197406317967e-20 -6.298745878646613e-18 -1.0
outer loop
vertex 6.902654358213743 21.851649059975344 0.7999999999999999
vertex 6.98306462827067 35.44281518435016 0.7999999999999999
vertex 7.242281363904872 21.37152973515644 0.7999999999999999
endloop
endfacet
facet normal 9.586197406317967e-20 -6.298745878646613e-18 -1.0
outer loop
vertex 7.242281363904872 21.37152973515644 0.7999999999999999
vertex 6.98306462827067 35.44281518435016 0.7999999999999999
vertex 8.06915389537347 38.97396976641645 0.7999999999999999
endloop
endfacet
facet normal 9.586197406317967e-20 -6.298745878646613e-18 -1.0
outer loop
vertex 7.242281363904872 21.37152973515644 0.7999999999999999
vertex 8.06915389537347 38.97396976641645 0.7999999999999999
vertex 7.449835956355501 20.842747589994094 0.7999999999999999
endloop
endfacet
facet normal 9.586197406317967e-20 -6.298745878646613e-18 -1.0
outer loop
vertex 7.449835956355501 20.842747589994094 0.7999999999999999
vertex 8.06915389537347 38.97396976641645 0.7999999999999999
vertex 7.465298722123146 20.801936944435095 0.7999999999999999
endloop
endfacet
facet normal 9.586197406317967e-20 -6.298745878646613e-18 -1.0
outer loop
vertex 7.465298722123146 20.801936944435095 0.7999999999999999
vertex 8.06915389537347 38.97396976641645 0.7999999999999999
vertex 8.759310424968694 17.38667128319491 0.7999999999999999
endloop
endfacet
facet normal 9.586197406317967e-20 -6.298745878646613e-18 -1.0
outer loop
vertex 8.759310424968694 17.38667128319491 0.7999999999999999
vertex 8.06915389537347 38.97396976641645 0.7999999999999999
vertex 9.611468761590602 42.33455533009098 0.7999999999999999
endloop
endfacet
facet normal 9.586197406317967e-20 -6.298745878646613e-18 -1.0
outer loop
vertex 8.759310424968694 17.38667128319491 0.7999999999999999
vertex 9.611468761590602 42.33455533009098 0.7999999999999999
vertex 10.513201723127358 14.12939062018174 0.7999999999999999
endloop
endfacet
facet normal 9.586197406317967e-20 -6.298745878646613e-18 -1.0
outer loop
vertex 10.513201723127358 14.12939062018174 0.7999999999999999
vertex 9.611468761590602 42.33455533009098 0.7999999999999999
vertex 10.413527667108937 28.2429795374515 0.7999999999999999
endloop
endfacet
facet normal 9.586197406317967e-20 -6.298745878646613e-18 -1.0
outer loop
vertex 10.513201723127358 14.12939062018174 0.7999999999999999
vertex 10.413527667108937 28.2429795374515 0.7999999999999999
vertex 10.72206400366807 25.10660252138551 0.7999999999999999
endloop
endfacet
facet normal 9.586197406317967e-20 -6.298745878646613e-18 -1.0
outer loop
vertex 10.513201723127358 14.12939062018174 0.7999999999999999
vertex 10.72206400366807 25.10660252138551 0.7999999999999999
vertex 12.681500284449502 11.12663857618757 0.7999999999999999
endloop
endfacet
facet normal 9.586197406317967e-20 -6.298745878646613e-18 -1.0
outer loop
vertex 12.681500284449502 11.12663857618757 0.7999999999999999
vertex 10.72206400366807 25.10660252138551 0.7999999999999999
vertex 11.441433911863053 22.036930985250816 0.7999999999999999
endloop
endfacet
facet normal 9.586197406317967e-20 -6.298745878646613e-18 -1.0
outer loop
vertex 12.681500284449502 11.12663857618757 0.7999999999999999
vertex 11.441433911863053 22.036930985250816 0.7999999999999999
vertex 12.559328773117565 19.08648786010442 0.7999999999999999
endloop
endfacet
facet normal 9.586197406317967e-20 -6.298745878646613e-18 -1.0
outer loop
vertex 12.681500284449502 11.12663857618757 0.7999999999999999
vertex 12.559328773117565 19.08648786010442 0.7999999999999999
vertex 14.056621096416746 16.305756045834922 0.7999999999999999
endloop
endfacet
facet normal 9.586197406317967e-20 -6.298745878646613e-18 -1.0
outer loop
vertex 12.681500284449502 11.12663857618757 0.7999999999999999
vertex 14.056621096416746 16.305756045834922 0.7999999999999999
vertex 15.227105919384968 8.429793071205271 0.7999999999999999
endloop
endfacet
facet normal 9.586197406317967e-20 -6.298745878646613e-18 -1.0
outer loop
vertex 15.227105919384968 8.429793071205271 0.7999999999999999
vertex 14.056621096416746 16.305756045834922 0.7999999999999999
vertex 15.907691794980833 13.742314634749002 0.7999999999999999
endloop
endfacet
facet normal 9.586197406317967e-20 -6.298745878646613e-18 -1.0
outer loop
vertex 15.227105919384968 8.429793071205271 0.7999999999999999
vertex 15.907691794980833 13.742314634749002 0.7999999999999999
vertex 18.106462609744696 6.084997879531955 0.7999999999999999
endloop
endfacet
facet normal 9.586197406317967e-20 -6.298745878646613e-18 -1.0
outer loop
vertex 18.106462609744696 6.084997879531955 0.7999999999999999
vertex 15.907691794980833 13.742314634749002 0.7999999999999999
vertex 18.080868535943797 11.440024820110596 0.7999999999999999
endloop
endfacet
facet normal 9.586197406317967e-20 -6.298745878646613e-18 -1.0
outer loop
vertex 18.106462609744696 6.084997879531955 0.7999999999999999
vertex 18.080868535943797 11.440024820110596 0.7999999999999999
vertex 20.538967662749304 9.438279418963425 0.7999999999999999
endloop
endfacet
facet normal 9.586197406317967e-20 -6.298745878646613e-18 -1.0
outer loop
vertex 18.106462609744696 6.084997879531955 0.7999999999999999
vertex 20.538967662749304 9.438279418963425 0.7999999999999999
vertex 21.27030376424823 4.132373096997165 0.7999999999999999
endloop
endfacet
facet normal 9.586197406317967e-20 -6.298745878646613e-18 -1.0
outer loop
vertex 21.27030376424823 4.132373096997165 0.7999999999999999
vertex 20.538967662749304 9.438279418963425 0.7999999999999999
vertex 23.239930417823892 7.7713288501098425 0.7999999999999999
endloop
endfacet
facet normal 9.586197406317967e-20 -6.298745878646613e-18 -1.0
outer loop
vertex 21.27030376424823 4.132373096997165 0.7999999999999999
vertex 23.239930417823892 7.7713288501098425 0.7999999999999999
vertex 24.664495183559467 2.605328674999979 0.7999999999999999
endloop
endfacet
facet normal 9.586197406317967e-20 -6.298745878646613e-18 -1.0
outer loop
vertex 24.664495183559467 2.605328674999979 0.7999999999999999
vertex 23.239930417823892 7.7713288501098425 0.7999999999999999
vertex 26.13754257957986 6.467695099948967 0.7999999999999999
endloop
endfacet
facet normal 9.586197406317967e-20 -6.298745878646613e-18 -1.0
outer loop
vertex 24.664495183559467 2.605328674999979 0.7999999999999999
vertex 26.13754257957986 6.467695099948967 0.7999999999999999
vertex 28.23096131144643 1.5299927669774092 0.7999999999999999
endloop
endfacet
facet normal 9.586197406317967e-20 -6.298745878646613e-18 -1.0
outer loop
vertex 28.23096131144643 1.5299927669774092 0.7999999999999999
vertex 26.13754257957986 6.467695099948967 0.7999999999999999
vertex 29.18222520055966 5.549683703381572 0.7999999999999999
endloop
endfacet
facet normal 9.586197406317967e-20 -6.298745878646613e-18 -1.0
outer loop
vertex 28.23096131144643 1.5299927669774092 0.7999999999999999
vertex 29.18222520055966 5.549683703381572 0.7999999999999999
vertex 31.908678923649685 0.9247646684551863 0.7999999999999999
endloop
endfacet
facet normal 9.586197406317967e-20 -6.298745878646613e-18 -1.0
outer loop
vertex 31.908678923649685 0.9247646684551863 0.7999999999999999
vertex 29.18222520055966 5.549683703381572 0.7999999999999999
vertex 32.321882916972896 5.0330020899237855 0.7999999999999999
endloop
endfacet
facet normal 9.586197406317967e-20 -6.298745878646613e-18 -1.0
outer loop
vertex 31.908678923649685 0.9247646684551863 0.7999999999999999
vertex 32.321882916972896 5.0330020899237855 0.7999999999999999
vertex 35.634721252168475 0.7999999999999999 0.7999999999999999
endloop
endfacet
facet normal 9.586197406317967e-20 -6.298745878646613e-18 -1.0
outer loop
vertex 35.634721252168475 0.7999999999999999 0.7999999999999999
vertex 32.321882916972896 5.0330020899237855 0.7999999999999999
vertex 35.50279531481406 4.926490825233016 0.7999999999999999
endloop
endfacet
facet normal 9.586197406317967e-20 -6.298745878646613e-18 -1.0
outer loop
vertex 35.634721252168475 0.7999999999999999 0.7999999999999999
vertex 35.50279531481406 4.926490825233016 0.7999999999999999
vertex 38.67053610104075 5.231972346578743 0.7999999999999999
endloop
endfacet
facet normal 9.586197406317967e-20 -6.298745878646613e-18 -1.0
outer loop
vertex 35.634721252168475 0.7999999999999999 0.7999999999999999
vertex 38.67053610104075 5.231972346578743 0.7999999999999999
vertex 39.34533467970779 1.1578335196803449 0.7999999999999999
endloop
endfacet
facet normal 9.586197406317967e-20 -6.298745878646613e-18 -1.0
outer loop
vertex 39.34533467970779 1.1578335196803449 0.7999999999999999
vertex 38.67053610104075 5.231972346578743 0.7999999999999999
vertex 41.770904352536704 5.944219780435164 0.7999999999999999
endloop
endfacet
facet normal 9.586197406317967e-20 -6.298745878646613e-18 -1.0
outer loop
vertex 39.34533467970779 1.1578335196803449 0.7999999999999999
vertex 41.770904352536704 5.944219780435164 0.7999999999999999
vertex 42.97702958174599 1.9921425967643152 0.7999999999999999
endloop
endfacet
facet normal 9.586197406317967e-20 -6.298745878646613e-18 -1.0
outer loop
vertex 42.97702958174599 1.9921425967643152 0.7999999999999999
vertex 41.770904352536704 5.944219780435164 0.7999999999999999
vertex 44.75085190893461 7.051046375736793 0.7999999999999999
endloop
endfacet
facet normal 9.586197406317967e-20 -6.298745878646613e-18 -1.0
outer loop
vertex 42.97702958174599 1.9921425967643152 0.7999999999999999
vertex 44.75085190893461 7.051046375736793 0.7999999999999999
vertex 46.467666651613186 3.288651971628889 0.7999999999999999
endloop
endfacet
facet normal 9.586197406317967e-20 -6.298745878646613e-18 -1.0
outer loop
vertex 46.467666651613186 3.288651971628889 0.7999999999999999
vertex 44.75085190893461 7.051046375736793 0.7999999999999999
vertex 47.55939104134679 8.533514022567559 0.7999999999999999
endloop
endfacet
facet normal 9.586197406317967e-20 -6.298745878646613e-18 -1.0
outer loop
vertex 46.467666651613186 3.288651971628889 0.7999999999999999
vertex 47.55939104134679 8.533514022567559 0.7999999999999999
vertex 49.757520121256505 5.0251780094097525 0.7999999999999999
endloop
endfacet
facet normal 9.586197406317967e-20 -6.298745878646613e-18 -1.0
outer loop
vertex 49.757520121256505 5.0251780094097525 0.7999999999999999
vertex 47.55939104134679 8.533514022567559 0.7999999999999999
vertex 50.14846686654355 10.366257288472674 0.7999999999999999
endloop
endfacet
facet normal 9.586197406317967e-20 -6.298745878646613e-18 -1.0
outer loop
vertex 49.757520121256505 5.0251780094097525 0.7999999999999999
vertex 50.14846686654355 10.366257288472674 0.7999999999999999
vertex 52.79029968569063 7.17200826814454 0.7999999999999999
endloop
endfacet
facet normal 9.586197406317967e-20 -6.298745878646613e-18 -1.0
outer loop
vertex 52.79029968569063 7.17200826814454 0.7999999999999999
vertex 50.14846686654355 10.366257288472674 0.7999999999999999
vertex 52.47377957932841 12.517917428039953 0.7999999999999999
endloop
endfacet
facet normal 9.586197406317967e-20 -6.298745878646613e-18 -1.0
outer loop
vertex 52.79029968569063 7.17200826814454 0.7999999999999999
vertex 52.47377957932841 12.517917428039953 0.7999999999999999
vertex 54.4955424344871 14.951678939728522 0.7999999999999999
endloop
endfacet
facet normal 9.586197406317967e-20 -6.298745878646613e-18 -1.0
outer loop
vertex 52.79029968569063 7.17200826814454 0.7999999999999999
vertex 54.4955424344871 14.951678939728522 0.7999999999999999
vertex 55.51411364572274 9.692409886892497 0.7999999999999999
endloop
endfacet
facet normal 9.586197406317967e-20 -6.298745878646613e-18 -1.0
outer loop
vertex 55.51411364572274 9.692409886892497 0.7999999999999999
vertex 54.4955424344871 14.951678939728522 0.7999999999999999
vertex 56.1791625090292 17.625899489307322 0.7999999999999999
endloop
endfacet
facet normal 9.586197406317967e-20 -6.298745878646613e-18 -1.0
outer loop
vertex 55.51411364572274 9.692409886892497 0.7999999999999999
vertex 56.1791625090292 17.625899489307322 0.7999999999999999
vertex 57.88235678931284 12.543258095169477 0.7999999999999999
endloop
endfacet
facet normal 9.586197406317967e-20 -6.298745878646613e-18 -1.0
outer loop
vertex 57.88235678931284 12.543258095169477 0.7999999999999999
vertex 56.1791625090292 17.625899489307322 0.7999999999999999
vertex 57.495832596691706 20.494822421738938 0.7999999999999999
endloop
endfacet
facet normal 9.586197406317967e-20 -6.298745878646613e-18 -1.0
outer loop
vertex 57.88235678931284 12.543258095169477 0.7999999999999999
vertex 57.495832596691706 20.494822421738938 0.7999999999999999
vertex 58.42302410722483 23.509359670233803 0.7999999999999999
endloop
endfacet
facet normal 9.586197406317967e-20 -6.298745878646613e-18 -1.0
outer loop
vertex 57.88235678931284 12.543258095169477 0.7999999999999999
vertex 58.42302410722483 23.509359670233803 0.7999999999999999
vertex 59.854507819673024 15.675774089727417 0.7999999999999999
endloop
endfacet
facet normal 9.586197406317967e-20 -6.298745878646613e-18 -1.0
outer loop
vertex 59.854507819673024 15.675774089727417 0.7999999999999999
vertex 58.42302410722483 23.509359670233803 0.7999999999999999
vertex 58.94487253681722 26.617931666682555 0.7999999999999999
endloop
endfacet
facet normal 9.586197406317967e-20 -6.298745878646613e-18 -1.0
outer loop
vertex 59.854507819673024 15.675774089727417 0.7999999999999999
vertex 58.94487253681722 26.617931666682555 0.7999999999999999
vertex 59.05244891415481 29.76734988236694 0.7999999999999999
endloop
endfacet
facet normal -9.586197406317967e-20 6.298745878646613e-18 1.0
outer loop
vertex 0.8247901245611162 23.110282270733 3.9818664112639097
vertex 0.7999999999999993 28.787688276044605 3.981866411263906
vertex 0.7999999999999993 23.33594749530564 3.981866411263911
endloop
endfacet
facet normal -9.586197406317967e-20 6.298745878646613e-18 1.0
outer loop
vertex 0.7999999999999993 28.787688276044605 3.981866411263906
vertex 0.8247901245611162 23.110282270733 3.9818664112639097
vertex 0.8533179387976517 29.161091626164115 3.981866411263906
endloop
endfacet
facet normal -9.586197406317967e-20 6.298745878646613e-18 1.0
outer loop
vertex 0.8533179387976517 29.161091626164115 3.981866411263906
vertex 0.8247901245611162 23.110282270733 3.9818664112639097
vertex 0.8974710922232166 22.89999575828556 3.981866411263909
endloop
endfacet
facet normal -9.586197406317967e-20 6.298745878646613e-18 1.0
outer loop
vertex 0.8533179387976517 29.161091626164115 3.981866411263906
vertex 0.8974710922232166 22.89999575828556 3.981866411263909
vertex 1.0072041298663372 29.49200136766994 3.981866411263906
endloop
endfacet
facet normal -9.586197406317967e-20 6.298745878646613e-18 1.0
outer loop
vertex 1.0072041298663372 29.49200136766994 3.981866411263906
vertex 0.8974710922232166 22.89999575828556 3.981866411263909
vertex 1.0130898151511385 22.719418636271737 3.981866411263909
endloop
endfacet
facet normal -9.586197406317967e-20 6.298745878646613e-18 1.0
outer loop
vertex 1.0072041298663372 29.49200136766994 3.981866411263906
vertex 1.0130898151511385 22.719418636271737 3.981866411263909
vertex 1.2441461979897595 29.742759699587673 3.981866411263906
endloop
endfacet
facet normal -9.586197406317967e-20 6.298745878646613e-18 1.0
outer loop
vertex 1.2441461979897595 29.742759699587673 3.981866411263906
vertex 1.0130898151511385 22.719418636271737 3.981866411263909
vertex 1.1637670684462698 22.58085693713895 3.9818664112639084
endloop
endfacet
facet normal -9.586197406317967e-20 6.298745878646613e-18 1.0
outer loop
vertex 1.2441461979897595 29.742759699587673 3.981866411263906
vertex 1.1637670684462698 22.58085693713895 3.9818664112639084
vertex 1.3392344463025179 22.493753411699085 3.9818664112639075
endloop
endfacet
facet normal -9.586197406317967e-20 6.298745878646613e-18 1.0
outer loop
vertex 1.2441461979897595 29.742759699587673 3.981866411263906
vertex 1.3392344463025179 22.493753411699085 3.9818664112639075
vertex 1.537179940774636 29.884830117331255 3.981866411263906
endloop
endfacet
facet normal -9.586197406317967e-20 6.298745878646613e-18 1.0
outer loop
vertex 1.537179940774636 29.884830117331255 3.981866411263906
vertex 1.3392344463025179 22.493753411699085 3.9818664112639075
vertex 1.5275341368925368 22.464044021265476 3.981866411263906
endloop
endfacet
facet normal -9.586197406317967e-20 6.298745878646613e-18 1.0
outer loop
vertex 1.537179940774636 29.884830117331255 3.981866411263906
vertex 1.5275341368925368 22.464044021265476 3.981866411263906
vertex 5.452104260940722 22.464044021265487 3.981866411263906
endloop
endfacet
facet normal -9.586197406317967e-20 6.298745878646613e-18 1.0
outer loop
vertex 1.537179940774636 29.884830117331255 3.981866411263906
vertex 5.452104260940722 22.464044021265487 3.981866411263906
vertex 3.684452613197773 30.248756964522507 3.981866411263906
endloop
endfacet
facet normal -9.586197406317967e-20 6.298745878646613e-18 1.0
outer loop
vertex 3.684452613197773 30.248756964522507 3.981866411263906
vertex 5.452104260940722 22.464044021265487 3.981866411263906
vertex 4.71846234734799 30.62196398398531 3.981866411263906
endloop
endfacet
facet normal -9.586197406317967e-20 6.298745878646613e-18 1.0
outer loop
vertex 4.71846234734799 30.62196398398531 3.981866411263906
vertex 5.452104260940722 22.464044021265487 3.981866411263906
vertex 5.611792992263861 31.349083838213602 3.981866411263906
endloop
endfacet
facet normal -9.586197406317967e-20 6.298745878646613e-18 1.0
outer loop
vertex 5.611792992263861 31.349083838213602 3.981866411263906
vertex 5.452104260940722 22.464044021265487 3.981866411263906
vertex 5.975117577566154 22.417708799020822 3.981866411263906
endloop
endfacet
facet normal -9.586197406317967e-20 6.298745878646613e-18 1.0
outer loop
vertex 5.611792992263861 31.349083838213602 3.981866411263906
vertex 5.975117577566154 22.417708799020822 3.981866411263906
vertex 6.282477407349135 32.363399980919546 3.981866411263906
endloop
endfacet
facet normal -9.586197406317967e-20 6.298745878646613e-18 1.0
outer loop
vertex 6.282477407349135 32.363399980919546 3.981866411263906
vertex 5.975117577566154 22.417708799020822 3.981866411263906
vertex 6.470180201893867 22.208702672840605 3.981866411263906
endloop
endfacet
facet normal -9.586197406317967e-20 6.298745878646613e-18 1.0
outer loop
vertex 6.282477407349135 32.363399980919546 3.981866411263906
vertex 6.470180201893867 22.208702672840605 3.981866411263906
vertex 6.668977253960854 33.57184430305377 3.981866411263906
endloop
endfacet
facet normal -9.586197406317967e-20 6.298745878646613e-18 1.0
outer loop
vertex 6.668977253960854 33.57184430305377 3.981866411263906
vertex 6.470180201893867 22.208702672840605 3.981866411263906
vertex 6.902654358213743 21.851649059975344 3.981866411263906
endloop
endfacet
facet normal -9.586197406317967e-20 6.298745878646613e-18 1.0
outer loop
vertex 6.668977253960854 33.57184430305377 3.981866411263906
vertex 6.902654358213743 21.851649059975344 3.981866411263906
vertex 6.98306462827067 35.44281518435016 3.981866411263906
endloop
endfacet
facet normal -9.586197406317967e-20 6.298745878646613e-18 1.0
outer loop
vertex 6.98306462827067 35.44281518435016 3.981866411263906
vertex 6.902654358213743 21.851649059975344 3.981866411263906
vertex 7.242281363904872 21.37152973515644 3.981866411263906
endloop
endfacet
facet normal -9.586197406317967e-20 6.298745878646613e-18 1.0
outer loop
vertex 6.98306462827067 35.44281518435016 3.981866411263906
vertex 7.242281363904872 21.37152973515644 3.981866411263906
vertex 8.06915389537347 38.97396976641645 3.981866411263906
endloop
endfacet
facet normal -9.586197406317967e-20 6.298745878646613e-18 1.0
outer loop
vertex 8.06915389537347 38.97396976641645 3.981866411263906
vertex 7.242281363904872 21.37152973515644 3.981866411263906
vertex 7.449835956355501 20.842747589994094 3.981866411263906
endloop
endfacet
facet normal -9.586197406317967e-20 6.298745878646613e-18 1.0
outer loop
vertex 8.06915389537347 38.97396976641645 3.981866411263906
vertex 7.449835956355501 20.842747589994094 3.981866411263906
vertex 7.465298722123146 20.801936944435095 3.981866411263906
endloop
endfacet
facet normal -9.586197406317967e-20 6.298745878646613e-18 1.0
outer loop
vertex 8.06915389537347 38.97396976641645 3.981866411263906
vertex 7.465298722123146 20.801936944435095 3.981866411263906
vertex 8.759310424968694 17.38667128319491 3.981866411263906
endloop
endfacet
facet normal -9.586197406317967e-20 6.298745878646613e-18 1.0
outer loop
vertex 8.06915389537347 38.97396976641645 3.981866411263906
vertex 8.759310424968694 17.38667128319491 3.981866411263906
vertex 9.611468761590602 42.33455533009098 3.981866411263906
endloop
endfacet
facet normal -9.586197406317967e-20 6.298745878646613e-18 1.0
outer loop
vertex 9.611468761590602 42.33455533009098 3.981866411263906
vertex 8.759310424968694 17.38667128319491 3.981866411263906
vertex 10.513201723127358 14.12939062018174 3.981866411263906
endloop
endfacet
facet normal -9.586197406317967e-20 6.298745878646613e-18 1.0
outer loop
vertex 9.611468761590602 42.33455533009098 3.981866411263906
vertex 10.513201723127358 14.12939062018174 3.981866411263906
vertex 10.413527667108937 28.2429795374515 3.981866411263906
endloop
endfacet
facet normal -9.586197406317967e-20 6.298745878646613e-18 1.0
outer loop
vertex 10.413527667108937 28.2429795374515 3.981866411263906
vertex 10.513201723127358 14.12939062018174 3.981866411263906
vertex 10.72206400366807 25.10660252138551 3.981866411263906
endloop
endfacet
facet normal -9.586197406317967e-20 6.298745878646613e-18 1.0
outer loop
vertex 10.72206400366807 25.10660252138551 3.981866411263906
vertex 10.513201723127358 14.12939062018174 3.981866411263906
vertex 12.681500284449502 11.12663857618757 3.981866411263906
endloop
endfacet
facet normal -9.586197406317967e-20 6.298745878646613e-18 1.0
outer loop
vertex 10.72206400366807 25.10660252138551 3.981866411263906
vertex 12.681500284449502 11.12663857618757 3.981866411263906
vertex 11.441433911863053 22.036930985250816 3.981866411263906
endloop
endfacet
facet normal -9.586197406317967e-20 6.298745878646613e-18 1.0
outer loop
vertex 11.441433911863053 22.036930985250816 3.981866411263906
vertex 12.681500284449502 11.12663857618757 3.981866411263906
vertex 12.559328773117565 19.08648786010442 3.981866411263906
endloop
endfacet
facet normal -9.586197406317967e-20 6.298745878646613e-18 1.0
outer loop
vertex 12.559328773117565 19.08648786010442 3.981866411263906
vertex 12.681500284449502 11.12663857618757 3.981866411263906
vertex 14.056621096416746 16.305756045834922 3.981866411263906
endloop
endfacet
facet normal -9.586197406317967e-20 6.298745878646613e-18 1.0
outer loop
vertex 14.056621096416746 16.305756045834922 3.981866411263906
vertex 12.681500284449502 11.12663857618757 3.981866411263906
vertex 15.227105919384968 8.429793071205271 3.981866411263906
endloop
endfacet
facet normal -9.586197406317967e-20 6.298745878646613e-18 1.0
outer loop
vertex 14.056621096416746 16.305756045834922 3.981866411263906
vertex 15.227105919384968 8.429793071205271 3.981866411263906
vertex 15.907691794980833 13.742314634749002 3.981866411263906
endloop
endfacet
facet normal -9.586197406317967e-20 6.298745878646613e-18 1.0
outer loop
vertex 15.907691794980833 13.742314634749002 3.981866411263906
vertex 15.227105919384968 8.429793071205271 3.981866411263906
vertex 18.106462609744696 6.084997879531955 3.981866411263906
endloop
endfacet
facet normal -9.586197406317967e-20 6.298745878646613e-18 1.0
outer loop
vertex 15.907691794980833 13.742314634749002 3.981866411263906
vertex 18.106462609744696 6.084997879531955 3.981866411263906
vertex 18.080868535943797 11.440024820110596 3.981866411263906
endloop
endfacet
facet normal -9.586197406317967e-20 6.298745878646613e-18 1.0
outer loop
vertex 18.080868535943797 11.440024820110596 3.981866411263906
vertex 18.106462609744696 6.084997879531955 3.981866411263906
vertex 20.538967662749304 9.438279418963425 3.981866411263906
endloop
endfacet
facet normal -9.586197406317967e-20 6.298745878646613e-18 1.0
outer loop
vertex 20.538967662749304 9.438279418963425 3.981866411263906
vertex 18.106462609744696 6.084997879531955 3.981866411263906
vertex 21.27030376424823 4.132373096997165 3.981866411263906
endloop
endfacet
facet normal -9.586197406317967e-20 6.298745878646613e-18 1.0
outer loop
vertex 20.538967662749304 9.438279418963425 3.981866411263906
vertex 21.27030376424823 4.132373096997165 3.981866411263906
vertex 23.239930417823892 7.7713288501098425 3.981866411263906
endloop
endfacet
facet normal -9.586197406317967e-20 6.298745878646613e-18 1.0
outer loop
vertex 23.239930417823892 7.7713288501098425 3.981866411263906
vertex 21.27030376424823 4.132373096997165 3.981866411263906
vertex 24.664495183559467 2.605328674999979 3.981866411263906
endloop
endfacet
facet normal -9.586197406317967e-20 6.298745878646613e-18 1.0
outer loop
vertex 23.239930417823892 7.7713288501098425 3.981866411263906
vertex 24.664495183559467 2.605328674999979 3.981866411263906
vertex 26.13754257957986 6.467695099948967 3.981866411263906
endloop
endfacet
facet normal -9.586197406317967e-20 6.298745878646613e-18 1.0
outer loop
vertex 26.13754257957986 6.467695099948967 3.981866411263906
vertex 24.664495183559467 2.605328674999979 3.981866411263906
vertex 28.23096131144643 1.5299927669774092 3.981866411263906
endloop
endfacet
facet normal -9.586197406317967e-20 6.298745878646613e-18 1.0
outer loop
vertex 26.13754257957986 6.467695099948967 3.981866411263906
vertex 28.23096131144643 1.5299927669774092 3.981866411263906
vertex 29.18222520055966 5.549683703381572 3.981866411263906
endloop
endfacet
facet normal -9.586197406317967e-20 6.298745878646613e-18 1.0
outer loop
vertex 29.18222520055966 5.549683703381572 3.981866411263906
vertex 28.23096131144643 1.5299927669774092 3.981866411263906
vertex 31.908678923649685 0.9247646684551863 3.981866411263906
endloop
endfacet
facet normal -9.586197406317967e-20 6.298745878646613e-18 1.0
outer loop
vertex 29.18222520055966 5.549683703381572 3.981866411263906
vertex 31.908678923649685 0.9247646684551863 3.981866411263906
vertex 32.321882916972896 5.0330020899237855 3.981866411263906
endloop
endfacet
facet normal -9.586197406317967e-20 6.298745878646613e-18 1.0
outer loop
vertex 32.321882916972896 5.0330020899237855 3.981866411263906
vertex 31.908678923649685 0.9247646684551863 3.981866411263906
vertex 35.634721252168475 0.7999999999999999 3.981866411263906
endloop
endfacet
facet normal -9.586197406317967e-20 6.298745878646613e-18 1.0
outer loop
vertex 32.321882916972896 5.0330020899237855 3.981866411263906
vertex 35.634721252168475 0.7999999999999999 3.981866411263906
vertex 35.50279531481406 4.926490825233016 3.981866411263906
endloop
endfacet
facet normal -9.586197406317967e-20 6.298745878646613e-18 1.0
outer loop
vertex 35.50279531481406 4.926490825233016 3.981866411263906
vertex 35.634721252168475 0.7999999999999999 3.981866411263906
vertex 38.67053610104075 5.231972346578743 3.981866411263906
endloop
endfacet
facet normal -9.586197406317967e-20 6.298745878646613e-18 1.0
outer loop
vertex 38.67053610104075 5.231972346578743 3.981866411263906
vertex 35.634721252168475 0.7999999999999999 3.981866411263906
vertex 39.34533467970779 1.1578335196803449 3.981866411263906
endloop
endfacet
facet normal -9.586197406317967e-20 6.298745878646613e-18 1.0
outer loop
vertex 38.67053610104075 5.231972346578743 3.981866411263906
vertex 39.34533467970779 1.1578335196803449 3.981866411263906
vertex 41.770904352536704 5.944219780435164 3.981866411263906
endloop
endfacet
facet normal -9.586197406317967e-20 6.298745878646613e-18 1.0
outer loop
vertex 41.770904352536704 5.944219780435164 3.981866411263906
vertex 39.34533467970779 1.1578335196803449 3.981866411263906
vertex 42.97702958174599 1.9921425967643152 3.981866411263906
endloop
endfacet
facet normal -9.586197406317967e-20 6.298745878646613e-18 1.0
outer loop
vertex 41.770904352536704 5.944219780435164 3.981866411263906
vertex 42.97702958174599 1.9921425967643152 3.981866411263906
vertex 44.75085190893461 7.051046375736793 3.981866411263906
endloop
endfacet
facet normal -9.586197406317967e-20 6.298745878646613e-18 1.0
outer loop
vertex 44.75085190893461 7.051046375736793 3.981866411263906
vertex 42.97702958174599 1.9921425967643152 3.981866411263906
vertex 46.467666651613186 3.288651971628889 3.981866411263906
endloop
endfacet
facet normal -9.586197406317967e-20 6.298745878646613e-18 1.0
outer loop
vertex 44.75085190893461 7.051046375736793 3.981866411263906
vertex 46.467666651613186 3.288651971628889 3.981866411263906
vertex 47.55939104134679 8.533514022567559 3.981866411263906
endloop
endfacet
facet normal -9.586197406317967e-20 6.298745878646613e-18 1.0
outer loop
vertex 47.55939104134679 8.533514022567559 3.981866411263906
vertex 46.467666651613186 3.288651971628889 3.981866411263906
vertex 49.757520121256505 5.0251780094097525 3.981866411263906
endloop
endfacet
facet normal -9.586197406317967e-20 6.298745878646613e-18 1.0
outer loop
vertex 47.55939104134679 8.533514022567559 3.981866411263906
vertex 49.757520121256505 5.0251780094097525 3.981866411263906
vertex 50.14846686654355 10.366257288472674 3.981866411263906
endloop
endfacet
facet normal -9.586197406317967e-20 6.298745878646613e-18 1.0
outer loop
vertex 50.14846686654355 10.366257288472674 3.981866411263906
vertex 49.757520121256505 5.0251780094097525 3.981866411263906
vertex 52.79029968569063 7.17200826814454 3.981866411263906
endloop
endfacet
facet normal -9.586197406317967e-20 6.298745878646613e-18 1.0
outer loop
vertex 50.14846686654355 10.366257288472674 3.981866411263906
vertex 52.79029968569063 7.17200826814454 3.981866411263906
vertex 52.47377957932841 12.517917428039953 3.981866411263906
endloop
endfacet
facet normal -9.586197406317967e-20 6.298745878646613e-18 1.0
outer loop
vertex 52.47377957932841 12.517917428039953 3.981866411263906
vertex 52.79029968569063 7.17200826814454 3.981866411263906
vertex 54.4955424344871 14.951678939728522 3.981866411263906
endloop
endfacet
facet normal -9.586197406317967e-20 6.298745878646613e-18 1.0
outer loop
vertex 54.4955424344871 14.951678939728522 3.981866411263906
vertex 52.79029968569063 7.17200826814454 3.981866411263906
vertex 55.51411364572274 9.692409886892497 3.981866411263906
endloop
endfacet
facet normal -9.586197406317967e-20 6.298745878646613e-18 1.0
outer loop
vertex 54.4955424344871 14.951678939728522 3.981866411263906
vertex 55.51411364572274 9.692409886892497 3.981866411263906
vertex 56.1791625090292 17.625899489307322 3.981866411263906
endloop
endfacet
facet normal -9.586197406317967e-20 6.298745878646613e-18 1.0
outer loop
vertex 56.1791625090292 17.625899489307322 3.981866411263906
vertex 55.51411364572274 9.692409886892497 3.981866411263906
vertex 57.88235678931284 12.543258095169477 3.981866411263906
endloop
endfacet
facet normal -9.586197406317967e-20 6.298745878646613e-18 1.0
outer loop
vertex 56.1791625090292 17.625899489307322 3.981866411263906
vertex 57.88235678931284 12.543258095169477 3.981866411263906
vertex 57.495832596691706 20.494822421738938 3.981866411263906
endloop
endfacet
facet normal -9.586197406317967e-20 6.298745878646613e-18 1.0
outer loop
vertex 57.495832596691706 20.494822421738938 3.981866411263906
vertex 57.88235678931284 12.543258095169477 3.981866411263906
vertex 58.42302410722483 23.509359670233803 3.981866411263906
endloop
endfacet
facet normal -9.586197406317967e-20 6.298745878646613e-18 1.0
outer loop
vertex 58.42302410722483 23.509359670233803 3.981866411263906
vertex 57.88235678931284 12.543258095169477 3.981866411263906
vertex 59.854507819673024 15.675774089727417 3.981866411263906
endloop
endfacet
facet normal -9.586197406317967e-20 6.298745878646613e-18 1.0
outer loop
vertex 58.42302410722483 23.509359670233803 3.981866411263906
vertex 59.854507819673024 15.675774089727417 3.981866411263906
vertex 58.94487253681722 26.617931666682555 3.981866411263906
endloop
endfacet
facet normal -9.586197406317967e-20 6.298745878646613e-18 1.0
outer loop
vertex 58.94487253681722 26.617931666682555 3.981866411263906
vertex 59.854507819673024 15.675774089727417 3.981866411263906
vertex 59.05244891415481 29.76734988236694 3.981866411263906
endloop
endfacet
facet normal -9.586197406317967e-20 6.298745878646613e-18 1.0
outer loop
vertex 77.44445839480937 24.438485116764603 3.981866411263906
vertex 77.14403857818755 29.897969622321753 3.981866411263906
vertex 77.0830465399322 28.112359797496598 3.981866411263906
endloop
endfacet
facet normal -9.586197406317967e-20 6.298745878646613e-18 1.0
outer loop
vertex 9.611468761590602 42.33455533009098 3.981866411263906
vertex 10.521104044446563 31.39239775313586 3.981866411263906
vertex 11.583619791950788 45.467071324648956 3.981866411263906
endloop
endfacet
facet normal -9.586197406317967e-20 6.298745878646613e-18 1.0
outer loop
vertex 10.521104044446563 31.39239775313586 3.981866411263906
vertex 9.611468761590602 42.33455533009098 3.981866411263906
vertex 10.413527667108937 28.2429795374515 3.981866411263906
endloop
endfacet
facet normal -9.586197406317967e-20 6.298745878646613e-18 1.0
outer loop
vertex 11.583619791950788 45.467071324648956 3.981866411263906
vertex 10.521104044446563 31.39239775313586 3.981866411263906
vertex 11.042952474038952 34.500969749584605 3.981866411263906
endloop
endfacet
facet normal -9.586197406317967e-20 6.298745878646613e-18 1.0
outer loop
vertex 11.583619791950788 45.467071324648956 3.981866411263906
vertex 11.042952474038952 34.500969749584605 3.981866411263906
vertex 11.97014398457202 37.51550699807947 3.981866411263906
endloop
endfacet
facet normal -9.586197406317967e-20 6.298745878646613e-18 1.0
outer loop
vertex 11.583619791950788 45.467071324648956 3.981866411263906
vertex 11.97014398457202 37.51550699807947 3.981866411263906
vertex 13.951862935540813 48.31791953292594 3.981866411263906
endloop
endfacet
facet normal -9.586197406317967e-20 6.298745878646613e-18 1.0
outer loop
vertex 13.951862935540813 48.31791953292594 3.981866411263906
vertex 11.97014398457202 37.51550699807947 3.981866411263906
vertex 13.286814072234478 40.38442993051111 3.981866411263906
endloop
endfacet
facet normal -9.586197406317967e-20 6.298745878646613e-18 1.0
outer loop
vertex 13.951862935540813 48.31791953292594 3.981866411263906
vertex 13.286814072234478 40.38442993051111 3.981866411263906
vertex 14.970434146776572 43.05865048008991 3.981866411263906
endloop
endfacet
facet normal -9.586197406317967e-20 6.298745878646613e-18 1.0
outer loop
vertex 13.951862935540813 48.31791953292594 3.981866411263906
vertex 14.970434146776572 43.05865048008991 3.981866411263906
vertex 16.675676895572913 50.83832115167388 3.981866411263906
endloop
endfacet
facet normal -9.586197406317967e-20 6.298745878646613e-18 1.0
outer loop
vertex 16.675676895572913 50.83832115167388 3.981866411263906
vertex 14.970434146776572 43.05865048008991 3.981866411263906
vertex 16.99219700193516 45.49241199177848 3.981866411263906
endloop
endfacet
facet normal -9.586197406317967e-20 6.298745878646613e-18 1.0
outer loop
vertex 16.675676895572913 50.83832115167388 3.981866411263906
vertex 16.99219700193516 45.49241199177848 3.981866411263906
vertex 19.708456460007028 52.98515141040867 3.981866411263906
endloop
endfacet
facet normal -9.586197406317967e-20 6.298745878646613e-18 1.0
outer loop
vertex 19.708456460007028 52.98515141040867 3.981866411263906
vertex 16.99219700193516 45.49241199177848 3.981866411263906
vertex 19.317509714719943 47.64407213134582 3.981866411263906
endloop
endfacet
facet normal -9.586197406317967e-20 6.298745878646613e-18 1.0
outer loop
vertex 19.708456460007028 52.98515141040867 3.981866411263906
vertex 19.317509714719943 47.64407213134582 3.981866411263906
vertex 21.906585539916776 49.47681539725091 3.981866411263906
endloop
endfacet
facet normal -9.586197406317967e-20 6.298745878646613e-18 1.0
outer loop
vertex 19.708456460007028 52.98515141040867 3.981866411263906
vertex 21.906585539916776 49.47681539725091 3.981866411263906
vertex 22.998309929650315 54.721677448189546 3.981866411263906
endloop
endfacet
facet normal -9.586197406317967e-20 6.298745878646613e-18 1.0
outer loop
vertex 22.998309929650315 54.721677448189546 3.981866411263906
vertex 21.906585539916776 49.47681539725091 3.981866411263906
vertex 24.71512467232898 50.95928304408167 3.981866411263906
endloop
endfacet
facet normal -9.586197406317967e-20 6.298745878646613e-18 1.0
outer loop
vertex 22.998309929650315 54.721677448189546 3.981866411263906
vertex 24.71512467232898 50.95928304408167 3.981866411263906
vertex 26.488946999517488 56.0181868230541 3.981866411263906
endloop
endfacet
facet normal -9.586197406317967e-20 6.298745878646613e-18 1.0
outer loop
vertex 26.488946999517488 56.0181868230541 3.981866411263906
vertex 24.71512467232898 50.95928304408167 3.981866411263906
vertex 27.695072228726847 52.066109639383285 3.981866411263906
endloop
endfacet
facet normal -9.586197406317967e-20 6.298745878646613e-18 1.0
outer loop
vertex 26.488946999517488 56.0181868230541 3.981866411263906
vertex 27.695072228726847 52.066109639383285 3.981866411263906
vertex 30.120641901555715 56.85249590013811 3.981866411263906
endloop
endfacet
facet normal -9.586197406317967e-20 6.298745878646613e-18 1.0
outer loop
vertex 30.120641901555715 56.85249590013811 3.981866411263906
vertex 27.695072228726847 52.066109639383285 3.981866411263906
vertex 30.795440480222894 52.778357073239675 3.981866411263906
endloop
endfacet
facet normal -9.586197406317967e-20 6.298745878646613e-18 1.0
outer loop
vertex 30.120641901555715 56.85249590013811 3.981866411263906
vertex 30.795440480222894 52.778357073239675 3.981866411263906
vertex 33.83125532909502 57.210329419818464 3.981866411263906
endloop
endfacet
facet normal -9.586197406317967e-20 6.298745878646613e-18 1.0
outer loop
vertex 33.83125532909502 57.210329419818464 3.981866411263906
vertex 30.795440480222894 52.778357073239675 3.981866411263906
vertex 33.96318126644954 53.083838594585394 3.981866411263906
endloop
endfacet
facet normal -9.586197406317967e-20 6.298745878646613e-18 1.0
outer loop
vertex 33.83125532909502 57.210329419818464 3.981866411263906
vertex 33.96318126644954 53.083838594585394 3.981866411263906
vertex 37.557297657613844 57.085564751363265 3.981866411263906
endloop
endfacet
facet normal -9.586197406317967e-20 6.298745878646613e-18 1.0
outer loop
vertex 37.557297657613844 57.085564751363265 3.981866411263906
vertex 33.96318126644954 53.083838594585394 3.981866411263906
vertex 37.14409366429067 52.97732732989468 3.981866411263906
endloop
endfacet
facet normal -9.586197406317967e-20 6.298745878646613e-18 1.0
outer loop
vertex 37.557297657613844 57.085564751363265 3.981866411263906
vertex 37.14409366429067 52.97732732989468 3.981866411263906
vertex 40.28375138070398 52.46064571643689 3.981866411263906
endloop
endfacet
facet normal -9.586197406317967e-20 6.298745878646613e-18 1.0
outer loop
vertex 37.557297657613844 57.085564751363265 3.981866411263906
vertex 40.28375138070398 52.46064571643689 3.981866411263906
vertex 41.23501526981721 56.480336652841025 3.981866411263906
endloop
endfacet
facet normal -9.586197406317967e-20 6.298745878646613e-18 1.0
outer loop
vertex 41.23501526981721 56.480336652841025 3.981866411263906
vertex 40.28375138070398 52.46064571643689 3.981866411263906
vertex 43.32843400168385 51.54263431986946 3.981866411263906
endloop
endfacet
facet normal -9.586197406317967e-20 6.298745878646613e-18 1.0
outer loop
vertex 41.23501526981721 56.480336652841025 3.981866411263906
vertex 43.32843400168385 51.54263431986946 3.981866411263906
vertex 44.801481397704165 55.40500074481845 3.981866411263906
endloop
endfacet
facet normal -9.586197406317967e-20 6.298745878646613e-18 1.0
outer loop
vertex 44.801481397704165 55.40500074481845 3.981866411263906
vertex 43.32843400168385 51.54263431986946 3.981866411263906
vertex 46.22604616343967 50.23900056970855 3.981866411263906
endloop
endfacet
facet normal -9.586197406317967e-20 6.298745878646613e-18 1.0
outer loop
vertex 44.801481397704165 55.40500074481845 3.981866411263906
vertex 46.22604616343967 50.23900056970855 3.981866411263906
vertex 48.19567281701543 53.877956322821234 3.981866411263906
endloop
endfacet
facet normal -9.586197406317967e-20 6.298745878646613e-18 1.0
outer loop
vertex 48.19567281701543 53.877956322821234 3.981866411263906
vertex 46.22604616343967 50.23900056970855 3.981866411263906
vertex 48.92700891851422 48.57205000085502 3.981866411263906
endloop
endfacet
facet normal -9.586197406317967e-20 6.298745878646613e-18 1.0
outer loop
vertex 48.19567281701543 53.877956322821234 3.981866411263906
vertex 48.92700891851422 48.57205000085502 3.981866411263906
vertex 51.35951397151897 51.92533154028644 3.981866411263906
endloop
endfacet
facet normal -9.586197406317967e-20 6.298745878646613e-18 1.0
outer loop
vertex 51.35951397151897 51.92533154028644 3.981866411263906
vertex 48.92700891851422 48.57205000085502 3.981866411263906
vertex 51.385108045319804 46.57030459970782 3.981866411263906
endloop
endfacet
facet normal -9.586197406317967e-20 6.298745878646613e-18 1.0
outer loop
vertex 51.35951397151897 51.92533154028644 3.981866411263906
vertex 51.385108045319804 46.57030459970782 3.981866411263906
vertex 54.23887066187874 49.58053634861311 3.981866411263906
endloop
endfacet
facet normal -9.586197406317967e-20 6.298745878646613e-18 1.0
outer loop
vertex 54.23887066187874 49.58053634861311 3.981866411263906
vertex 51.385108045319804 46.57030459970782 3.981866411263906
vertex 53.55828478628274 44.26801478506944 3.981866411263906
endloop
endfacet
facet normal -9.586197406317967e-20 6.298745878646613e-18 1.0
outer loop
vertex 54.23887066187874 49.58053634861311 3.981866411263906
vertex 53.55828478628274 44.26801478506944 3.981866411263906
vertex 55.40935548484695 41.70457337398349 3.981866411263906
endloop
endfacet
facet normal -9.586197406317967e-20 6.298745878646613e-18 1.0
outer loop
vertex 54.23887066187874 49.58053634861311 3.981866411263906
vertex 55.40935548484695 41.70457337398349 3.981866411263906
vertex 56.78447629681417 46.88369084363082 3.981866411263906
endloop
endfacet
facet normal -9.586197406317967e-20 6.298745878646613e-18 1.0
outer loop
vertex 56.78447629681417 46.88369084363082 3.981866411263906
vertex 55.40935548484695 41.70457337398349 3.981866411263906
vertex 56.90664780814606 38.92384155971401 3.981866411263906
endloop
endfacet
facet normal -9.586197406317967e-20 6.298745878646613e-18 1.0
outer loop
vertex 56.78447629681417 46.88369084363082 3.981866411263906
vertex 56.90664780814606 38.92384155971401 3.981866411263906
vertex 58.95277485813632 43.88093879963664 3.981866411263906
endloop
endfacet
facet normal -9.586197406317967e-20 6.298745878646613e-18 1.0
outer loop
vertex 58.95277485813632 43.88093879963664 3.981866411263906
vertex 56.90664780814606 38.92384155971401 3.981866411263906
vertex 58.02454266940063 35.973398434567606 3.981866411263906
endloop
endfacet
facet normal -9.586197406317967e-20 6.298745878646613e-18 1.0
outer loop
vertex 58.95277485813632 43.88093879963664 3.981866411263906
vertex 58.02454266940063 35.973398434567606 3.981866411263906
vertex 58.74391257759569 32.903726898432915 3.981866411263906
endloop
endfacet
facet normal -9.586197406317967e-20 6.298745878646613e-18 1.0
outer loop
vertex 58.95277485813632 43.88093879963664 3.981866411263906
vertex 58.74391257759569 32.903726898432915 3.981866411263906
vertex 59.05244891415481 29.76734988236694 3.981866411263906
endloop
endfacet
facet normal -9.586197406317967e-20 6.298745878646613e-18 1.0
outer loop
vertex 58.95277485813632 43.88093879963664 3.981866411263906
vertex 59.05244891415481 29.76734988236694 3.981866411263906
vertex 60.706666156295036 40.62365813662346 3.981866411263906
endloop
endfacet
facet normal -9.586197406317967e-20 6.298745878646613e-18 1.0
outer loop
vertex 60.706666156295036 40.62365813662346 3.981866411263906
vertex 59.05244891415481 29.76734988236694 3.981866411263906
vertex 59.854507819673024 15.675774089727417 3.981866411263906
endloop
endfacet
facet normal -9.586197406317967e-20 6.298745878646613e-18 1.0
outer loop
vertex 60.706666156295036 40.62365813662346 3.981866411263906
vertex 59.854507819673024 15.675774089727417 3.981866411263906
vertex 61.39682268589019 19.03635965340194 3.981866411263906
endloop
endfacet
facet normal -9.586197406317967e-20 6.298745878646613e-18 1.0
outer loop
vertex 60.706666156295036 40.62365813662346 3.981866411263906
vertex 61.39682268589019 19.03635965340194 3.981866411263906
vertex 61.06789712132239 40.02829093485967 3.981866411263906
endloop
endfacet
facet normal -9.586197406317967e-20 6.298745878646613e-18 1.0
outer loop
vertex 61.06789712132239 40.02829093485967 3.981866411263906
vertex 61.39682268589019 19.03635965340194 3.981866411263906
vertex 61.55832376349793 39.53170291764452 3.981866411263906
endloop
endfacet
facet normal -9.586197406317967e-20 6.298745878646613e-18 1.0
outer loop
vertex 61.55832376349793 39.53170291764452 3.981866411263906
vertex 61.39682268589019 19.03635965340194 3.981866411263906
vertex 62.482911952993 22.567514235468224 3.981866411263906
endloop
endfacet
facet normal -9.586197406317967e-20 6.298745878646613e-18 1.0
outer loop
vertex 61.55832376349793 39.53170291764452 3.981866411263906
vertex 62.482911952993 22.567514235468224 3.981866411263906
vertex 62.15139034444167 39.16078345095788 3.981866411263906
endloop
endfacet
facet normal -9.586197406317967e-20 6.298745878646613e-18 1.0
outer loop
vertex 62.15139034444167 39.16078345095788 3.981866411263906
vertex 62.482911952993 22.567514235468224 3.981866411263906
vertex 62.8149833539752 38.93561717023796 3.981866411263906
endloop
endfacet
facet normal -9.586197406317967e-20 6.298745878646613e-18 1.0
outer loop
vertex 62.8149833539752 38.93561717023796 3.981866411263906
vertex 62.482911952993 22.567514235468224 3.981866411263906
vertex 63.09419233250047 26.208818802006114 3.981866411263906
endloop
endfacet
facet normal -9.586197406317967e-20 6.298745878646613e-18 1.0
outer loop
vertex 62.8149833539752 38.93561717023796 3.981866411263906
vertex 63.09419233250047 26.208818802006114 3.981866411263906
vertex 63.51317040010269 38.8683964327683 3.981866411263906
endloop
endfacet
facet normal -9.586197406317967e-20 6.298745878646613e-18 1.0
outer loop
vertex 63.51317040010269 38.8683964327683 3.981866411263906
vertex 63.09419233250047 26.208818802006114 3.981866411263906
vertex 63.22020464764018 29.897969622321753 3.981866411263906
endloop
endfacet
facet normal -9.586197406317967e-20 6.298745878646613e-18 1.0
outer loop
vertex 63.51317040010269 38.8683964327683 3.981866411263906
vertex 63.22020464764018 29.897969622321753 3.981866411263906
vertex 63.279140624467985 31.623385959759034 3.981866411263906
endloop
endfacet
facet normal -9.586197406317967e-20 6.298745878646613e-18 1.0
outer loop
vertex 63.51317040010269 38.8683964327683 3.981866411263906
vertex 63.279140624467985 31.623385959759034 3.981866411263906
vertex 63.35885368137647 32.24767957749467 3.981866411263906
endloop
endfacet
facet normal -9.586197406317967e-20 6.298745878646613e-18 1.0
outer loop
vertex 63.51317040010269 38.8683964327683 3.981866411263906
vertex 63.35885368137647 32.24767957749467 3.981866411263906
vertex 63.552522679709035 32.8470149250952 3.981866411263906
endloop
endfacet
facet normal -9.586197406317967e-20 6.298745878646613e-18 1.0
outer loop
vertex 63.51317040010269 38.8683964327683 3.981866411263906
vertex 63.552522679709035 32.8470149250952 3.981866411263906
vertex 64.20814588471295 38.96276112301764 3.981866411263906
endloop
endfacet
facet normal -9.586197406317967e-20 6.298745878646613e-18 1.0
outer loop
vertex 64.20814588471295 38.96276112301764 3.981866411263906
vertex 63.552522679709035 32.8470149250952 3.981866411263906
vertex 63.85361669071648 33.401181145449705 3.981866411263906
endloop
endfacet
facet normal -9.586197406317967e-20 6.298745878646613e-18 1.0
outer loop
vertex 64.20814588471295 38.96276112301764 3.981866411263906
vertex 63.85361669071648 33.401181145449705 3.981866411263906
vertex 64.25198218673218 33.891490580070936 3.981866411263906
endloop
endfacet
facet normal -9.586197406317967e-20 6.298745878646613e-18 1.0
outer loop
vertex 64.20814588471295 38.96276112301764 3.981866411263906
vertex 64.25198218673218 33.891490580070936 3.981866411263906
vertex 65.77758152093575 39.33832798747292 3.981866411263906
endloop
endfacet
facet normal -9.586197406317967e-20 6.298745878646613e-18 1.0
outer loop
vertex 65.77758152093575 39.33832798747292 3.981866411263906
vertex 64.25198218673218 33.891490580070936 3.981866411263906
vertex 64.7341854396269 34.30140895651369 3.981866411263906
endloop
endfacet
facet normal -9.586197406317967e-20 6.298745878646613e-18 1.0
outer loop
vertex 65.77758152093575 39.33832798747292 3.981866411263906
vertex 64.7341854396269 34.30140895651369 3.981866411263906
vertex 65.2839655345694 34.617112959055675 3.981866411263906
endloop
endfacet
facet normal -9.586197406317967e-20 6.298745878646613e-18 1.0
outer loop
vertex 65.77758152093575 39.33832798747292 3.981866411263906
vertex 65.2839655345694 34.617112959055675 3.981866411263906
vertex 66.06921428735299 34.923996022307605 3.981866411263906
endloop
endfacet
facet normal -9.586197406317967e-20 6.298745878646613e-18 1.0
outer loop
vertex 65.77758152093575 39.33832798747292 3.981866411263906
vertex 66.06921428735299 34.923996022307605 3.981866411263906
vertex 67.97821113229358 39.77956942127758 3.981866411263906
endloop
endfacet
facet normal -9.586197406317967e-20 6.298745878646613e-18 1.0
outer loop
vertex 67.97821113229358 39.77956942127758 3.981866411263906
vertex 66.06921428735299 34.923996022307605 3.981866411263906
vertex 66.87535597096901 35.17215632757726 3.981866411263906
endloop
endfacet
facet normal -9.586197406317967e-20 6.298745878646613e-18 1.0
outer loop
vertex 67.97821113229358 39.77956942127758 3.981866411263906
vertex 66.87535597096901 35.17215632757726 3.981866411263906
vertex 67.69791787581302 35.36021700898194 3.981866411263906
endloop
endfacet
facet normal -9.586197406317967e-20 6.298745878646613e-18 1.0
outer loop
vertex 67.97821113229358 39.77956942127758 3.981866411263906
vertex 67.69791787581302 35.36021700898194 3.981866411263906
vertex 68.5323361880954 35.487134650912374 3.981866411263906
endloop
endfacet
facet normal -9.586197406317967e-20 6.298745878646613e-18 1.0
outer loop
vertex 67.97821113229358 39.77956942127758 3.981866411263906
vertex 68.5323361880954 35.487134650912374 3.981866411263906
vertex 70.21818355210763 39.9326401282432 3.981866411263906
endloop
endfacet
facet normal -9.586197406317967e-20 6.298745878646613e-18 1.0
outer loop
vertex 70.21818355210763 39.9326401282432 3.981866411263906
vertex 68.5323361880954 35.487134650912374 3.981866411263906
vertex 69.37398131121377 35.55220507720754 3.981866411263906
endloop
endfacet
facet normal -9.586197406317967e-20 6.298745878646613e-18 1.0
outer loop
vertex 70.21818355210763 39.9326401282432 3.981866411263906
vertex 69.37398131121377 35.55220507720754 3.981866411263906
vertex 70.21818355210763 35.5550672581296 3.981866411263906
endloop
endfacet
facet normal -9.586197406317967e-20 6.298745878646613e-18 1.0
outer loop
vertex 70.21818355210763 39.9326401282432 3.981866411263906
vertex 70.21818355210763 35.5550672581296 3.981866411263906
vertex 71.04511185140929 35.55220507720754 3.981866411263906
endloop
endfacet
facet normal -9.586197406317967e-20 6.298745878646613e-18 1.0
outer loop
vertex 70.21818355210763 39.9326401282432 3.981866411263906
vertex 71.04511185140929 35.55220507720754 3.981866411263906
vertex 72.45917223123725 39.79492102613446 3.981866411263906
endloop
endfacet
facet normal -9.586197406317967e-20 6.298745878646613e-18 1.0
outer loop
vertex 72.45917223123725 39.79492102613446 3.981866411263906
vertex 71.04511185140929 35.55220507720754 3.981866411263906
vertex 71.88675697452801 35.487134650912374 3.981866411263906
endloop
endfacet
facet normal -9.586197406317967e-20 6.298745878646613e-18 1.0
outer loop
vertex 72.45917223123725 39.79492102613446 3.981866411263906
vertex 71.88675697452801 35.487134650912374 3.981866411263906
vertex 72.72117528681007 35.36021700898194 3.981866411263906
endloop
endfacet
facet normal -9.586197406317967e-20 6.298745878646613e-18 1.0
outer loop
vertex 72.45917223123725 39.79492102613446 3.981866411263906
vertex 72.72117528681007 35.36021700898194 3.981866411263906
vertex 74.66283323206302 39.36876852697135 3.981866411263906
endloop
endfacet
facet normal -9.586197406317967e-20 6.298745878646613e-18 1.0
outer loop
vertex 74.66283323206302 39.36876852697135 3.981866411263906
vertex 72.72117528681007 35.36021700898194 3.981866411263906
vertex 73.54373719165413 35.17215632757728 3.981866411263906
endloop
endfacet
facet normal -9.586197406317967e-20 6.298745878646613e-18 1.0
outer loop
vertex 74.66283323206302 39.36876852697135 3.981866411263906
vertex 73.54373719165413 35.17215632757728 3.981866411263906
vertex 74.34987887527024 34.923996022307605 3.981866411263906
endloop
endfacet
facet normal -9.586197406317967e-20 6.298745878646613e-18 1.0
outer loop
vertex 74.66283323206302 39.36876852697135 3.981866411263906
vertex 74.34987887527024 34.923996022307605 3.981866411263906
vertex 75.13512762805371 34.617112959055675 3.981866411263906
endloop
endfacet
facet normal -9.586197406317967e-20 6.298745878646613e-18 1.0
outer loop
vertex 74.66283323206302 39.36876852697135 3.981866411263906
vertex 75.13512762805371 34.617112959055675 3.981866411263906
vertex 76.23226886828586 38.993201662516086 3.981866411263906
endloop
endfacet
facet normal -9.586197406317967e-20 6.298745878646613e-18 1.0
outer loop
vertex 76.23226886828586 38.993201662516086 3.981866411263906
vertex 75.13512762805371 34.617112959055675 3.981866411263906
vertex 75.68490772299626 34.30140895651369 3.981866411263906
endloop
endfacet
facet normal -9.586197406317967e-20 6.298745878646613e-18 1.0
outer loop
vertex 76.23226886828586 38.993201662516086 3.981866411263906
vertex 75.68490772299626 34.30140895651369 3.981866411263906
vertex 76.16711097589096 33.891490580070936 3.981866411263906
endloop
endfacet
facet normal -9.586197406317967e-20 6.298745878646613e-18 1.0
outer loop
vertex 76.23226886828586 38.993201662516086 3.981866411263906
vertex 76.16711097589096 33.891490580070936 3.981866411263906
vertex 76.56547647190668 33.401181145449705 3.981866411263906
endloop
endfacet
facet normal -9.586197406317967e-20 6.298745878646613e-18 1.0
outer loop
vertex 76.23226886828586 38.993201662516086 3.981866411263906
vertex 76.56547647190668 33.401181145449705 3.981866411263906
vertex 76.9187902034164 38.90439323203148 3.981866411263906
endloop
endfacet
facet normal -9.586197406317967e-20 6.298745878646613e-18 1.0
outer loop
vertex 76.9187902034164 38.90439323203148 3.981866411263906
vertex 76.56547647190668 33.401181145449705 3.981866411263906
vertex 76.86657048291414 32.84701492509521 3.981866411263906
endloop
endfacet
facet normal -9.586197406317967e-20 6.298745878646613e-18 1.0
outer loop
vertex 76.9187902034164 38.90439323203148 3.981866411263906
vertex 76.86657048291414 32.84701492509521 3.981866411263906
vertex 77.06023948124663 32.24767957749467 3.981866411263906
endloop
endfacet
facet normal -9.586197406317967e-20 6.298745878646613e-18 1.0
outer loop
vertex 76.9187902034164 38.90439323203148 3.981866411263906
vertex 77.06023948124663 32.24767957749467 3.981866411263906
vertex 77.60745499919551 38.97508524335012 3.981866411263906
endloop
endfacet
facet normal -9.586197406317967e-20 6.298745878646613e-18 1.0
outer loop
vertex 77.60745499919551 38.97508524335012 3.981866411263906
vertex 77.06023948124663 32.24767957749467 3.981866411263906
vertex 77.13995253815507 31.623385959759034 3.981866411263906
endloop
endfacet
facet normal -9.586197406317967e-20 6.298745878646613e-18 1.0
outer loop
vertex 77.60745499919551 38.97508524335012 3.981866411263906
vertex 77.13995253815507 31.623385959759034 3.981866411263906
vertex 77.14403857818755 29.897969622321753 3.981866411263906
endloop
endfacet
facet normal -9.586197406317967e-20 6.298745878646613e-18 1.0
outer loop
vertex 77.60745499919551 38.97508524335012 3.981866411263906
vertex 77.14403857818755 29.897969622321753 3.981866411263906
vertex 77.44445839480937 24.438485116764603 3.981866411263906
endloop
endfacet
facet normal -9.586197406317967e-20 6.298745878646613e-18 1.0
outer loop
vertex 77.60745499919551 38.97508524335012 3.981866411263906
vertex 77.44445839480937 24.438485116764603 3.981866411263906
vertex 78.28711056266422 20.842747589994094 3.981866411263906
endloop
endfacet
facet normal -9.586197406317967e-20 6.298745878646613e-18 1.0
outer loop
vertex 77.60745499919551 38.97508524335012 3.981866411263906
vertex 78.28711056266422 20.842747589994094 3.981866411263906
vertex 78.26097327058712 39.20144984864181 3.981866411263906
endloop
endfacet
facet normal -9.586197406317967e-20 6.298745878646613e-18 1.0
outer loop
vertex 78.26097327058712 39.20144984864181 3.981866411263906
vertex 78.28711056266422 20.842747589994094 3.981866411263906
vertex 78.8439581549101 39.57122980345933 3.981866411263906
endloop
endfacet
facet normal -9.586197406317967e-20 6.298745878646613e-18 1.0
outer loop
vertex 78.8439581549101 39.57122980345933 3.981866411263906
vertex 78.28711056266422 20.842747589994094 3.981866411263906
vertex 79.59658503127746 17.38667128319491 3.981866411263906
endloop
endfacet
facet normal -9.586197406317967e-20 6.298745878646613e-18 1.0
outer loop
vertex 78.8439581549101 39.57122980345933 3.981866411263906
vertex 79.59658503127746 17.38667128319491 3.981866411263906
vertex 79.32484204809091 40.064402174923934 3.981866411263906
endloop
endfacet
facet normal -9.586197406317967e-20 6.298745878646613e-18 1.0
outer loop
vertex 79.32484204809091 40.064402174923934 3.981866411263906
vertex 79.59658503127746 17.38667128319491 3.981866411263906
vertex 79.67758593479076 40.654262548253705 3.981866411263906
endloop
endfacet
facet normal -9.586197406317967e-20 6.298745878646613e-18 1.0
outer loop
vertex 79.67758593479076 40.654262548253705 3.981866411263906
vertex 79.59658503127746 17.38667128319491 3.981866411263906
vertex 81.3504763294361 14.12939062018174 3.981866411263906
endloop
endfacet
facet normal -9.586197406317967e-20 6.298745878646613e-18 1.0
outer loop
vertex 79.67758593479076 40.654262548253705 3.981866411263906
vertex 81.3504763294361 14.12939062018174 3.981866411263906
vertex 80.44874336789935 42.33455533009098 3.981866411263906
endloop
endfacet
facet normal -9.586197406317967e-20 6.298745878646613e-18 1.0
outer loop
vertex 80.44874336789935 42.33455533009098 3.981866411263906
vertex 81.3504763294361 14.12939062018174 3.981866411263906
vertex 81.25080227341766 28.2429795374515 3.981866411263906
endloop
endfacet
facet normal -9.586197406317967e-20 6.298745878646613e-18 1.0
outer loop
vertex 81.25080227341766 28.2429795374515 3.981866411263906
vertex 81.3504763294361 14.12939062018174 3.981866411263906
vertex 81.5593386099768 25.10660252138551 3.981866411263906
endloop
endfacet
facet normal -9.586197406317967e-20 6.298745878646613e-18 1.0
outer loop
vertex 81.5593386099768 25.10660252138551 3.981866411263906
vertex 81.3504763294361 14.12939062018174 3.981866411263906
vertex 83.51877489075825 11.12663857618757 3.981866411263906
endloop
endfacet
facet normal -9.586197406317967e-20 6.298745878646613e-18 1.0
outer loop
vertex 81.5593386099768 25.10660252138551 3.981866411263906
vertex 83.51877489075825 11.12663857618757 3.981866411263906
vertex 82.27870851817181 22.036930985250816 3.981866411263906
endloop
endfacet
facet normal -9.586197406317967e-20 6.298745878646613e-18 1.0
outer loop
vertex 82.27870851817181 22.036930985250816 3.981866411263906
vertex 83.51877489075825 11.12663857618757 3.981866411263906
vertex 83.39660337942628 19.08648786010442 3.981866411263906
endloop
endfacet
facet normal -9.586197406317967e-20 6.298745878646613e-18 1.0
outer loop
vertex 83.39660337942628 19.08648786010442 3.981866411263906
vertex 83.51877489075825 11.12663857618757 3.981866411263906
vertex 84.89389570272547 16.305756045834922 3.981866411263906
endloop
endfacet
facet normal -9.586197406317967e-20 6.298745878646613e-18 1.0
outer loop
vertex 84.89389570272547 16.305756045834922 3.981866411263906
vertex 83.51877489075825 11.12663857618757 3.981866411263906
vertex 86.06438052569368 8.429793071205271 3.981866411263906
endloop
endfacet
facet normal -9.586197406317967e-20 6.298745878646613e-18 1.0
outer loop
vertex 84.89389570272547 16.305756045834922 3.981866411263906
vertex 86.06438052569368 8.429793071205271 3.981866411263906
vertex 86.74496640128959 13.742314634749002 3.981866411263906
endloop
endfacet
facet normal -9.586197406317967e-20 6.298745878646613e-18 1.0
outer loop
vertex 86.74496640128959 13.742314634749002 3.981866411263906
vertex 86.06438052569368 8.429793071205271 3.981866411263906
vertex 88.94373721605342 6.084997879531955 3.981866411263906
endloop
endfacet
facet normal -9.586197406317967e-20 6.298745878646613e-18 1.0
outer loop
vertex 86.74496640128959 13.742314634749002 3.981866411263906
vertex 88.94373721605342 6.084997879531955 3.981866411263906
vertex 88.91814314225253 11.440024820110596 3.981866411263906
endloop
endfacet
facet normal -9.586197406317967e-20 6.298745878646613e-18 1.0
outer loop
vertex 88.91814314225253 11.440024820110596 3.981866411263906
vertex 88.94373721605342 6.084997879531955 3.981866411263906
vertex 91.37624226905804 9.438279418963425 3.981866411263906
endloop
endfacet
facet normal -9.586197406317967e-20 6.298745878646613e-18 1.0
outer loop
vertex 91.37624226905804 9.438279418963425 3.981866411263906
vertex 88.94373721605342 6.084997879531955 3.981866411263906
vertex 92.10757837055695 4.132373096997165 3.981866411263906
endloop
endfacet
facet normal -9.586197406317967e-20 6.298745878646613e-18 1.0
outer loop
vertex 91.37624226905804 9.438279418963425 3.981866411263906
vertex 92.10757837055695 4.132373096997165 3.981866411263906
vertex 94.07720502413261 7.7713288501098425 3.981866411263906
endloop
endfacet
facet normal -9.586197406317967e-20 6.298745878646613e-18 1.0
outer loop
vertex 94.07720502413261 7.7713288501098425 3.981866411263906
vertex 92.10757837055695 4.132373096997165 3.981866411263906
vertex 95.50176978986819 2.605328674999979 3.981866411263906
endloop
endfacet
facet normal -9.586197406317967e-20 6.298745878646613e-18 1.0
outer loop
vertex 94.07720502413261 7.7713288501098425 3.981866411263906
vertex 95.50176978986819 2.605328674999979 3.981866411263906
vertex 96.97481718588858 6.467695099948967 3.981866411263906
endloop
endfacet
facet normal -9.586197406317967e-20 6.298745878646613e-18 1.0
outer loop
vertex 96.97481718588858 6.467695099948967 3.981866411263906
vertex 95.50176978986819 2.605328674999979 3.981866411263906
vertex 99.06823591775519 1.5299927669774092 3.981866411263906
endloop
endfacet
facet normal -9.586197406317967e-20 6.298745878646613e-18 1.0
outer loop
vertex 96.97481718588858 6.467695099948967 3.981866411263906
vertex 99.06823591775519 1.5299927669774092 3.981866411263906
vertex 100.01949980686837 5.549683703381572 3.981866411263906
endloop
endfacet
facet normal -9.586197406317967e-20 6.298745878646613e-18 1.0
outer loop
vertex 100.01949980686837 5.549683703381572 3.981866411263906
vertex 99.06823591775519 1.5299927669774092 3.981866411263906
vertex 102.7459535299584 0.9247646684551863 3.981866411263906
endloop
endfacet
facet normal -9.586197406317967e-20 6.298745878646613e-18 1.0
outer loop
vertex 100.01949980686837 5.549683703381572 3.981866411263906
vertex 102.7459535299584 0.9247646684551863 3.981866411263906
vertex 103.15915752328162 5.0330020899237855 3.981866411263906
endloop
endfacet
facet normal -9.586197406317967e-20 6.298745878646613e-18 1.0
outer loop
vertex 103.15915752328162 5.0330020899237855 3.981866411263906
vertex 102.7459535299584 0.9247646684551863 3.981866411263906
vertex 106.47199585847724 0.7999999999999999 3.981866411263906
endloop
endfacet
facet normal -9.586197406317967e-20 6.298745878646613e-18 1.0
outer loop
vertex 103.15915752328162 5.0330020899237855 3.981866411263906
vertex 106.47199585847724 0.7999999999999999 3.981866411263906
vertex 106.34006992112279 4.926490825233016 3.981866411263906
endloop
endfacet
facet normal -9.586197406317967e-20 6.298745878646613e-18 1.0
outer loop
vertex 106.34006992112279 4.926490825233016 3.981866411263906
vertex 106.47199585847724 0.7999999999999999 3.981866411263906
vertex 109.50781070734944 5.231972346578743 3.981866411263906
endloop
endfacet
facet normal -9.586197406317967e-20 6.298745878646613e-18 1.0
outer loop
vertex 109.50781070734944 5.231972346578743 3.981866411263906
vertex 106.47199585847724 0.7999999999999999 3.981866411263906
vertex 110.18260928601649 1.1578335196803449 3.981866411263906
endloop
endfacet
facet normal -9.586197406317967e-20 6.298745878646613e-18 1.0
outer loop
vertex 109.50781070734944 5.231972346578743 3.981866411263906
vertex 110.18260928601649 1.1578335196803449 3.981866411263906
vertex 112.60817895884546 5.944219780435164 3.981866411263906
endloop
endfacet
facet normal -9.586197406317967e-20 6.298745878646613e-18 1.0
outer loop
vertex 112.60817895884546 5.944219780435164 3.981866411263906
vertex 110.18260928601649 1.1578335196803449 3.981866411263906
vertex 113.81430418805472 1.9921425967643152 3.981866411263906
endloop
endfacet
facet normal -9.586197406317967e-20 6.298745878646613e-18 1.0
outer loop
vertex 112.60817895884546 5.944219780435164 3.981866411263906
vertex 113.81430418805472 1.9921425967643152 3.981866411263906
vertex 115.5881265152433 7.051046375736793 3.981866411263906
endloop
endfacet
facet normal -9.586197406317967e-20 6.298745878646613e-18 1.0
outer loop
vertex 115.5881265152433 7.051046375736793 3.981866411263906
vertex 113.81430418805472 1.9921425967643152 3.981866411263906
vertex 117.30494125792197 3.288651971628889 3.981866411263906
endloop
endfacet
facet normal -9.586197406317967e-20 6.298745878646613e-18 1.0
outer loop
vertex 115.5881265152433 7.051046375736793 3.981866411263906
vertex 117.30494125792197 3.288651971628889 3.981866411263906
vertex 118.39666564765551 8.533514022567559 3.981866411263906
endloop
endfacet
facet normal -9.586197406317967e-20 6.298745878646613e-18 1.0
outer loop
vertex 118.39666564765551 8.533514022567559 3.981866411263906
vertex 117.30494125792197 3.288651971628889 3.981866411263906
vertex 120.59479472756523 5.0251780094097525 3.981866411263906
endloop
endfacet
facet normal -9.586197406317967e-20 6.298745878646613e-18 1.0
outer loop
vertex 118.39666564765551 8.533514022567559 3.981866411263906
vertex 120.59479472756523 5.0251780094097525 3.981866411263906
vertex 120.98574147285224 10.366257288472674 3.981866411263906
endloop
endfacet
facet normal -9.586197406317967e-20 6.298745878646613e-18 1.0
outer loop
vertex 120.98574147285224 10.366257288472674 3.981866411263906
vertex 120.59479472756523 5.0251780094097525 3.981866411263906
vertex 123.62757429199937 7.17200826814454 3.981866411263906
endloop
endfacet
facet normal -9.586197406317967e-20 6.298745878646613e-18 1.0
outer loop
vertex 120.98574147285224 10.366257288472674 3.981866411263906
vertex 123.62757429199937 7.17200826814454 3.981866411263906
vertex 123.31105418563705 12.517917428039953 3.981866411263906
endloop
endfacet
facet normal -9.586197406317967e-20 6.298745878646613e-18 1.0
outer loop
vertex 123.31105418563705 12.517917428039953 3.981866411263906
vertex 123.62757429199937 7.17200826814454 3.981866411263906
vertex 125.33281704079582 14.951678939728522 3.981866411263906
endloop
endfacet
facet normal -9.586197406317967e-20 6.298745878646613e-18 1.0
outer loop
vertex 125.33281704079582 14.951678939728522 3.981866411263906
vertex 123.62757429199937 7.17200826814454 3.981866411263906
vertex 126.35138825203138 9.692409886892497 3.981866411263906
endloop
endfacet
facet normal -9.586197406317967e-20 6.298745878646613e-18 1.0
outer loop
vertex 125.33281704079582 14.951678939728522 3.981866411263906
vertex 126.35138825203138 9.692409886892497 3.981866411263906
vertex 127.01643711533785 17.625899489307322 3.981866411263906
endloop
endfacet
facet normal -9.586197406317967e-20 6.298745878646613e-18 1.0
outer loop
vertex 127.01643711533785 17.625899489307322 3.981866411263906
vertex 126.35138825203138 9.692409886892497 3.981866411263906
vertex 128.71963139562152 12.543258095169477 3.981866411263906
endloop
endfacet
facet normal -9.586197406317967e-20 6.298745878646613e-18 1.0
outer loop
vertex 127.01643711533785 17.625899489307322 3.981866411263906
vertex 128.71963139562152 12.543258095169477 3.981866411263906
vertex 128.33310720300034 20.494822421738938 3.981866411263906
endloop
endfacet
facet normal -9.586197406317967e-20 6.298745878646613e-18 1.0
outer loop
vertex 128.33310720300034 20.494822421738938 3.981866411263906
vertex 128.71963139562152 12.543258095169477 3.981866411263906
vertex 129.26029871353353 23.509359670233803 3.981866411263906
endloop
endfacet
facet normal -9.586197406317967e-20 6.298745878646613e-18 1.0
outer loop
vertex 129.26029871353353 23.509359670233803 3.981866411263906
vertex 128.71963139562152 12.543258095169477 3.981866411263906
vertex 130.69178242598173 15.675774089727417 3.981866411263906
endloop
endfacet
facet normal -9.586197406317967e-20 6.298745878646613e-18 1.0
outer loop
vertex 129.26029871353353 23.509359670233803 3.981866411263906
vertex 130.69178242598173 15.675774089727417 3.981866411263906
vertex 129.78214714312588 26.617931666682555 3.981866411263906
endloop
endfacet
facet normal -9.586197406317967e-20 6.298745878646613e-18 1.0
outer loop
vertex 129.78214714312588 26.617931666682555 3.981866411263906
vertex 130.69178242598173 15.675774089727417 3.981866411263906
vertex 129.8897235204634 29.76734988236694 3.981866411263906
endloop
endfacet
facet normal -9.586197406317967e-20 6.298745878646613e-18 1.0
outer loop
vertex 80.44874336789935 42.33455533009098 3.981866411263906
vertex 81.35837865075528 31.39239775313586 3.981866411263906
vertex 82.42089439825952 45.467071324648956 3.981866411263906
endloop
endfacet
facet normal -9.586197406317967e-20 6.298745878646613e-18 1.0
outer loop
vertex 81.35837865075528 31.39239775313586 3.981866411263906
vertex 80.44874336789935 42.33455533009098 3.981866411263906
vertex 81.25080227341766 28.2429795374515 3.981866411263906
endloop
endfacet
facet normal -9.586197406317967e-20 6.298745878646613e-18 1.0
outer loop
vertex 82.42089439825952 45.467071324648956 3.981866411263906
vertex 81.35837865075528 31.39239775313586 3.981866411263906
vertex 81.88022708034768 34.500969749584605 3.981866411263906
endloop
endfacet
facet normal -9.586197406317967e-20 6.298745878646613e-18 1.0
outer loop
vertex 82.42089439825952 45.467071324648956 3.981866411263906
vertex 81.88022708034768 34.500969749584605 3.981866411263906
vertex 82.80741859088077 37.51550699807947 3.981866411263906
endloop
endfacet
facet normal -9.586197406317967e-20 6.298745878646613e-18 1.0
outer loop
vertex 82.42089439825952 45.467071324648956 3.981866411263906
vertex 82.80741859088077 37.51550699807947 3.981866411263906
vertex 84.78913754184953 48.31791953292594 3.981866411263906
endloop
endfacet
facet normal -9.586197406317967e-20 6.298745878646613e-18 1.0
outer loop
vertex 84.78913754184953 48.31791953292594 3.981866411263906
vertex 82.80741859088077 37.51550699807947 3.981866411263906
vertex 84.1240886785432 40.38442993051111 3.981866411263906
endloop
endfacet
facet normal -9.586197406317967e-20 6.298745878646613e-18 1.0
outer loop
vertex 84.78913754184953 48.31791953292594 3.981866411263906
vertex 84.1240886785432 40.38442993051111 3.981866411263906
vertex 85.80770875308531 43.05865048008991 3.981866411263906
endloop
endfacet
facet normal -9.586197406317967e-20 6.298745878646613e-18 1.0
outer loop
vertex 84.78913754184953 48.31791953292594 3.981866411263906
vertex 85.80770875308531 43.05865048008991 3.981866411263906
vertex 87.51295150188162 50.83832115167388 3.981866411263906
endloop
endfacet
facet normal -9.586197406317967e-20 6.298745878646613e-18 1.0
outer loop
vertex 87.51295150188162 50.83832115167388 3.981866411263906
vertex 85.80770875308531 43.05865048008991 3.981866411263906
vertex 87.8294716082439 45.49241199177848 3.981866411263906
endloop
endfacet
facet normal -9.586197406317967e-20 6.298745878646613e-18 1.0
outer loop
vertex 87.51295150188162 50.83832115167388 3.981866411263906
vertex 87.8294716082439 45.49241199177848 3.981866411263906
vertex 90.54573106631575 52.98515141040867 3.981866411263906
endloop
endfacet
facet normal -9.586197406317967e-20 6.298745878646613e-18 1.0
outer loop
vertex 90.54573106631575 52.98515141040867 3.981866411263906
vertex 87.8294716082439 45.49241199177848 3.981866411263906
vertex 90.15478432102867 47.64407213134582 3.981866411263906
endloop
endfacet
facet normal -9.586197406317967e-20 6.298745878646613e-18 1.0
outer loop
vertex 90.54573106631575 52.98515141040867 3.981866411263906
vertex 90.15478432102867 47.64407213134582 3.981866411263906
vertex 92.7438601462255 49.47681539725091 3.981866411263906
endloop
endfacet
facet normal -9.586197406317967e-20 6.298745878646613e-18 1.0
outer loop
vertex 90.54573106631575 52.98515141040867 3.981866411263906
vertex 92.7438601462255 49.47681539725091 3.981866411263906
vertex 93.83558453595901 54.721677448189546 3.981866411263906
endloop
endfacet
facet normal -9.586197406317967e-20 6.298745878646613e-18 1.0
outer loop
vertex 93.83558453595901 54.721677448189546 3.981866411263906
vertex 92.7438601462255 49.47681539725091 3.981866411263906
vertex 95.5523992786377 50.95928304408167 3.981866411263906
endloop
endfacet
facet normal -9.586197406317967e-20 6.298745878646613e-18 1.0
outer loop
vertex 93.83558453595901 54.721677448189546 3.981866411263906
vertex 95.5523992786377 50.95928304408167 3.981866411263906
vertex 97.32622160582622 56.0181868230541 3.981866411263906
endloop
endfacet
facet normal -9.586197406317967e-20 6.298745878646613e-18 1.0
outer loop
vertex 97.32622160582622 56.0181868230541 3.981866411263906
vertex 95.5523992786377 50.95928304408167 3.981866411263906
vertex 98.53234683503557 52.066109639383285 3.981866411263906
endloop
endfacet
facet normal -9.586197406317967e-20 6.298745878646613e-18 1.0
outer loop
vertex 97.32622160582622 56.0181868230541 3.981866411263906
vertex 98.53234683503557 52.066109639383285 3.981866411263906
vertex 100.95791650786447 56.85249590013811 3.981866411263906
endloop
endfacet
facet normal -9.586197406317967e-20 6.298745878646613e-18 1.0
outer loop
vertex 100.95791650786447 56.85249590013811 3.981866411263906
vertex 98.53234683503557 52.066109639383285 3.981866411263906
vertex 101.63271508653165 52.778357073239675 3.981866411263906
endloop
endfacet
facet normal -9.586197406317967e-20 6.298745878646613e-18 1.0
outer loop
vertex 100.95791650786447 56.85249590013811 3.981866411263906
vertex 101.63271508653165 52.778357073239675 3.981866411263906
vertex 104.6685299354037 57.210329419818464 3.981866411263906
endloop
endfacet
facet normal -9.586197406317967e-20 6.298745878646613e-18 1.0
outer loop
vertex 104.6685299354037 57.210329419818464 3.981866411263906
vertex 101.63271508653165 52.778357073239675 3.981866411263906
vertex 104.80045587275828 53.083838594585394 3.981866411263906
endloop
endfacet
facet normal -9.586197406317967e-20 6.298745878646613e-18 1.0
outer loop
vertex 104.6685299354037 57.210329419818464 3.981866411263906
vertex 104.80045587275828 53.083838594585394 3.981866411263906
vertex 108.39457226392258 57.085564751363265 3.981866411263906
endloop
endfacet
facet normal -9.586197406317967e-20 6.298745878646613e-18 1.0
outer loop
vertex 108.39457226392258 57.085564751363265 3.981866411263906
vertex 104.80045587275828 53.083838594585394 3.981866411263906
vertex 107.9813682705994 52.97732732989468 3.981866411263906
endloop
endfacet
facet normal -9.586197406317967e-20 6.298745878646613e-18 1.0
outer loop
vertex 108.39457226392258 57.085564751363265 3.981866411263906
vertex 107.9813682705994 52.97732732989468 3.981866411263906
vertex 111.12102598701266 52.46064571643689 3.981866411263906
endloop
endfacet
facet normal -9.586197406317967e-20 6.298745878646613e-18 1.0
outer loop
vertex 108.39457226392258 57.085564751363265 3.981866411263906
vertex 111.12102598701266 52.46064571643689 3.981866411263906
vertex 112.07228987612595 56.480336652841025 3.981866411263906
endloop
endfacet
facet normal -9.586197406317967e-20 6.298745878646613e-18 1.0
outer loop
vertex 112.07228987612595 56.480336652841025 3.981866411263906
vertex 111.12102598701266 52.46064571643689 3.981866411263906
vertex 114.16570860799254 51.54263431986946 3.981866411263906
endloop
endfacet
facet normal -9.586197406317967e-20 6.298745878646613e-18 1.0
outer loop
vertex 112.07228987612595 56.480336652841025 3.981866411263906
vertex 114.16570860799254 51.54263431986946 3.981866411263906
vertex 115.63875600401292 55.40500074481845 3.981866411263906
endloop
endfacet
facet normal -9.586197406317967e-20 6.298745878646613e-18 1.0
outer loop
vertex 115.63875600401292 55.40500074481845 3.981866411263906
vertex 114.16570860799254 51.54263431986946 3.981866411263906
vertex 117.06332076974837 50.23900056970855 3.981866411263906
endloop
endfacet
facet normal -9.586197406317967e-20 6.298745878646613e-18 1.0
outer loop
vertex 115.63875600401292 55.40500074481845 3.981866411263906
vertex 117.06332076974837 50.23900056970855 3.981866411263906
vertex 119.03294742332419 53.877956322821234 3.981866411263906
endloop
endfacet
facet normal -9.586197406317967e-20 6.298745878646613e-18 1.0
outer loop
vertex 119.03294742332419 53.877956322821234 3.981866411263906
vertex 117.06332076974837 50.23900056970855 3.981866411263906
vertex 119.7642835248229 48.57205000085502 3.981866411263906
endloop
endfacet
facet normal -9.586197406317967e-20 6.298745878646613e-18 1.0
outer loop
vertex 119.03294742332419 53.877956322821234 3.981866411263906
vertex 119.7642835248229 48.57205000085502 3.981866411263906
vertex 122.19678857782772 51.92533154028644 3.981866411263906
endloop
endfacet
facet normal -9.586197406317967e-20 6.298745878646613e-18 1.0
outer loop
vertex 122.19678857782772 51.92533154028644 3.981866411263906
vertex 119.7642835248229 48.57205000085502 3.981866411263906
vertex 122.22238265162846 46.57030459970782 3.981866411263906
endloop
endfacet
facet normal -9.586197406317967e-20 6.298745878646613e-18 1.0
outer loop
vertex 122.19678857782772 51.92533154028644 3.981866411263906
vertex 122.22238265162846 46.57030459970782 3.981866411263906
vertex 125.07614526818747 49.58053634861311 3.981866411263906
endloop
endfacet
facet normal -9.586197406317967e-20 6.298745878646613e-18 1.0
outer loop
vertex 125.07614526818747 49.58053634861311 3.981866411263906
vertex 122.22238265162846 46.57030459970782 3.981866411263906
vertex 124.39555939259141 44.26801478506944 3.981866411263906
endloop
endfacet
facet normal -9.586197406317967e-20 6.298745878646613e-18 1.0
outer loop
vertex 125.07614526818747 49.58053634861311 3.981866411263906
vertex 124.39555939259141 44.26801478506944 3.981866411263906
vertex 126.2466300911556 41.70457337398349 3.981866411263906
endloop
endfacet
facet normal -9.586197406317967e-20 6.298745878646613e-18 1.0
outer loop
vertex 125.07614526818747 49.58053634861311 3.981866411263906
vertex 126.2466300911556 41.70457337398349 3.981866411263906
vertex 127.62175090312289 46.88369084363082 3.981866411263906
endloop
endfacet
facet normal -9.586197406317967e-20 6.298745878646613e-18 1.0
outer loop
vertex 127.62175090312289 46.88369084363082 3.981866411263906
vertex 126.2466300911556 41.70457337398349 3.981866411263906
vertex 127.74392241445473 38.92384155971401 3.981866411263906
endloop
endfacet
facet normal -9.586197406317967e-20 6.298745878646613e-18 1.0
outer loop
vertex 127.62175090312289 46.88369084363082 3.981866411263906
vertex 127.74392241445473 38.92384155971401 3.981866411263906
vertex 129.790049464445 43.88093879963664 3.981866411263906
endloop
endfacet
facet normal -9.586197406317967e-20 6.298745878646613e-18 1.0
outer loop
vertex 129.790049464445 43.88093879963664 3.981866411263906
vertex 127.74392241445473 38.92384155971401 3.981866411263906
vertex 128.86181727570923 35.973398434567606 3.981866411263906
endloop
endfacet
facet normal -9.586197406317967e-20 6.298745878646613e-18 1.0
outer loop
vertex 129.790049464445 43.88093879963664 3.981866411263906
vertex 128.86181727570923 35.973398434567606 3.981866411263906
vertex 129.58118718390438 32.903726898432915 3.981866411263906
endloop
endfacet
facet normal -9.586197406317967e-20 6.298745878646613e-18 1.0
outer loop
vertex 129.790049464445 43.88093879963664 3.981866411263906
vertex 129.58118718390438 32.903726898432915 3.981866411263906
vertex 129.8897235204634 29.76734988236694 3.981866411263906
endloop
endfacet
facet normal -9.586197406317967e-20 6.298745878646613e-18 1.0
outer loop
vertex 129.790049464445 43.88093879963664 3.981866411263906
vertex 129.8897235204634 29.76734988236694 3.981866411263906
vertex 131.54394076260374 40.62365813662346 3.981866411263906
endloop
endfacet
facet normal -9.586197406317967e-20 6.298745878646613e-18 1.0
outer loop
vertex 131.54394076260374 40.62365813662346 3.981866411263906
vertex 129.8897235204634 29.76734988236694 3.981866411263906
vertex 130.69178242598173 15.675774089727417 3.981866411263906
endloop
endfacet
facet normal -9.586197406317967e-20 6.298745878646613e-18 1.0
outer loop
vertex 131.54394076260374 40.62365813662346 3.981866411263906
vertex 130.69178242598173 15.675774089727417 3.981866411263906
vertex 132.23409729219884 19.03635965340194 3.981866411263906
endloop
endfacet
facet normal -9.586197406317967e-20 6.298745878646613e-18 1.0
outer loop
vertex 131.54394076260374 40.62365813662346 3.981866411263906
vertex 132.23409729219884 19.03635965340194 3.981866411263906
vertex 132.8534152312169 37.16758182982427 3.981866411263906
endloop
endfacet
facet normal -9.586197406317967e-20 6.298745878646613e-18 1.0
outer loop
vertex 132.8534152312169 37.16758182982427 3.981866411263906
vertex 132.23409729219884 19.03635965340194 3.981866411263906
vertex 132.77714192575027 20.801936944435084 3.981866411263906
endloop
endfacet
facet normal -9.586197406317967e-20 6.298745878646613e-18 1.0
outer loop
vertex 132.8534152312169 37.16758182982427 3.981866411263906
vertex 132.77714192575027 20.801936944435084 3.981866411263906
vertex 133.0378299665226 21.36733479154407 3.981866411263906
endloop
endfacet
facet normal -9.586197406317967e-20 6.298745878646613e-18 1.0
outer loop
vertex 132.8534152312169 37.16758182982427 3.981866411263906
vertex 133.0378299665226 21.36733479154407 3.981866411263906
vertex 133.69606739907167 33.57184430305377 3.981866411263906
endloop
endfacet
facet normal -9.586197406317967e-20 6.298745878646613e-18 1.0
outer loop
vertex 133.69606739907167 33.57184430305377 3.981866411263906
vertex 133.0378299665226 21.36733479154407 3.981866411263906
vertex 133.4391213209255 21.84528060822974 3.981866411263906
endloop
endfacet
facet normal -9.586197406317967e-20 6.298745878646613e-18 1.0
outer loop
vertex 133.69606739907167 33.57184430305377 3.981866411263906
vertex 133.4391213209255 21.84528060822974 3.981866411263906
vertex 133.95293905637493 22.202334221095008 3.981866411263906
endloop
endfacet
facet normal -9.586197406317967e-20 6.298745878646613e-18 1.0
outer loop
vertex 133.69606739907167 33.57184430305377 3.981866411263906
vertex 133.95293905637493 22.202334221095008 3.981866411263906
vertex 134.16389488276928 32.363399980919546 3.981866411263906
endloop
endfacet
facet normal -9.586197406317967e-20 6.298745878646613e-18 1.0
outer loop
vertex 134.16389488276928 32.363399980919546 3.981866411263906
vertex 133.95293905637493 22.202334221095008 3.981866411263906
vertex 134.54333316856497 22.413513855408446 3.981866411263906
endloop
endfacet
facet normal -9.586197406317967e-20 6.298745878646613e-18 1.0
outer loop
vertex 134.16389488276928 32.363399980919546 3.981866411263906
vertex 134.54333316856497 22.413513855408446 3.981866411263906
vertex 134.97570530136366 31.349083838213602 3.981866411263906
endloop
endfacet
facet normal -9.586197406317967e-20 6.298745878646613e-18 1.0
outer loop
vertex 134.97570530136366 31.349083838213602 3.981866411263906
vertex 134.54333316856497 22.413513855408446 3.981866411263906
vertex 135.16899587574457 22.464044021265476 3.981866411263906
endloop
endfacet
facet normal -9.586197406317967e-20 6.298745878646613e-18 1.0
outer loop
vertex 134.97570530136366 31.349083838213602 3.981866411263906
vertex 135.16899587574457 22.464044021265476 3.981866411263906
vertex 136.0570113649615 30.62196398398531 3.981866411263906
endloop
endfacet
facet normal -9.586197406317967e-20 6.298745878646613e-18 1.0
outer loop
vertex 136.0570113649615 30.62196398398531 3.981866411263906
vertex 135.16899587574457 22.464044021265476 3.981866411263906
vertex 139.91937749121942 22.464044021265476 3.981866411263906
endloop
endfacet
facet normal -9.586197406317967e-20 6.298745878646613e-18 1.0
outer loop
vertex 136.0570113649615 30.62196398398531 3.981866411263906
vertex 139.91937749121942 22.464044021265476 3.981866411263906
vertex 137.3085983352721 30.248756964522507 3.981866411263906
endloop
endfacet
facet normal -9.586197406317967e-20 6.298745878646613e-18 1.0
outer loop
vertex 137.3085983352721 30.248756964522507 3.981866411263906
vertex 139.91937749121942 22.464044021265476 3.981866411263906
vertex 139.90770200881497 29.884830117331255 3.981866411263906
endloop
endfacet
facet normal -9.586197406317967e-20 6.298745878646613e-18 1.0
outer loop
vertex 139.90770200881497 29.884830117331255 3.981866411263906
vertex 139.91937749121942 22.464044021265476 3.981866411263906
vertex 140.26239616905167 29.742759699587673 3.981866411263906
endloop
endfacet
facet normal -9.586197406317967e-20 6.298745878646613e-18 1.0
outer loop
vertex 140.26239616905167 29.742759699587673 3.981866411263906
vertex 139.91937749121942 22.464044021265476 3.981866411263906
vertex 140.14729936803772 22.493753411699085 3.9818664112639075
endloop
endfacet
facet normal -9.586197406317967e-20 6.298745878646613e-18 1.0
outer loop
vertex 140.26239616905167 29.742759699587673 3.981866411263906
vertex 140.14729936803772 22.493753411699085 3.9818664112639075
vertex 140.35968874560967 22.58085693713895 3.9818664112639084
endloop
endfacet
facet normal -9.586197406317967e-20 6.298745878646613e-18 1.0
outer loop
vertex 140.26239616905167 29.742759699587673 3.981866411263906
vertex 140.35968874560967 22.58085693713895 3.9818664112639084
vertex 140.5491957951939 29.49200136766994 3.981866411263906
endloop
endfacet
facet normal -9.586197406317967e-20 6.298745878646613e-18 1.0
outer loop
vertex 140.5491957951939 29.49200136766994 3.981866411263906
vertex 140.35968874560967 22.58085693713895 3.9818664112639084
vertex 140.54207163884362 22.719418636271737 3.981866411263909
endloop
endfacet
facet normal -9.586197406317967e-20 6.298745878646613e-18 1.0
outer loop
vertex 140.5491957951939 29.49200136766994 3.981866411263906
vertex 140.54207163884362 22.719418636271737 3.981866411263909
vertex 140.68201895496773 22.89999575828556 3.981866411263909
endloop
endfacet
facet normal -9.586197406317967e-20 6.298745878646613e-18 1.0
outer loop
vertex 140.5491957951939 29.49200136766994 3.981866411263906
vertex 140.68201895496773 22.89999575828556 3.981866411263909
vertex 140.73546285370526 29.161091626164115 3.981866411263906
endloop
endfacet
facet normal -9.586197406317967e-20 6.298745878646613e-18 1.0
outer loop
vertex 140.73546285370526 29.161091626164115 3.981866411263906
vertex 140.68201895496773 22.89999575828556 3.981866411263909
vertex 140.769993515662 23.110282270733 3.9818664112639097
endloop
endfacet
facet normal -9.586197406317967e-20 6.298745878646613e-18 1.0
outer loop
vertex 140.73546285370526 29.161091626164115 3.981866411263906
vertex 140.769993515662 23.110282270733 3.9818664112639097
vertex 140.79999999999993 28.787688276044605 3.981866411263906
endloop
endfacet
facet normal -9.586197406317967e-20 6.298745878646613e-18 1.0
outer loop
vertex 140.79999999999993 28.787688276044605 3.981866411263906
vertex 140.769993515662 23.110282270733 3.9818664112639097
vertex 140.79999999999993 23.33594749530564 3.981866411263911
endloop
endfacet
facet normal -0.9731219768258733 0.23029029119462274 -1.54382541625725e-18
outer loop
vertex 6.98306462827067 35.44281518435016 3.981866411263906
vertex 6.668977253960854 33.57184430305377 0.7999999999999999
vertex 6.668977253960854 33.57184430305377 3.981866411263906
endloop
endfacet
facet normal -0.9718208103573847 0.23572083606740443 -1.5779063060072349e-18
outer loop
vertex 6.668977253960854 33.57184430305377 0.7999999999999999
vertex 6.98306462827067 35.44281518435016 3.981866411263906
vertex 6.98306462827067 35.44281518435016 0.7999999999999999
endloop
endfacet
facet normal -0.9718208103573847 0.23572083606740443 -1.5779063060072349e-18
outer loop
vertex 6.668977253960854 33.57184430305377 3.981866411263906
vertex 6.282477407349135 32.363399980919546 0.7999999999999999
vertex 6.282477407349135 32.363399980919546 3.981866411263906
endloop
endfacet
facet normal -0.9017347140032568 0.43228983976201046 -2.809325916347416e-18
outer loop
vertex 6.282477407349135 32.363399980919546 0.7999999999999999
vertex 6.668977253960854 33.57184430305377 3.981866411263906
vertex 6.668977253960854 33.57184430305377 0.7999999999999999
endloop
endfacet
facet normal -0.9017347140032568 0.43228983976201046 -2.809325916347416e-18
outer loop
vertex 6.282477407349135 32.363399980919546 3.981866411263906
vertex 5.611792992263861 31.349083838213602 0.7999999999999999
vertex 5.611792992263861 31.349083838213602 3.981866411263906
endloop
endfacet
facet normal -0.741064325361307 0.6714340367279504 -4.3002322607601695e-18
outer loop
vertex 5.611792992263861 31.349083838213602 0.7999999999999999
vertex 6.282477407349135 32.363399980919546 3.981866411263906
vertex 6.282477407349135 32.363399980919546 0.7999999999999999
endloop
endfacet
facet normal -0.49213606012328387 0.8705182929303277 -5.530350644112481e-18
outer loop
vertex 4.71846234734799 30.62196398398531 3.981866411263906
vertex 5.611792992263861 31.349083838213602 0.7999999999999999
vertex 4.71846234734799 30.62196398398531 0.7999999999999999
endloop
endfacet
facet normal -0.741064325361307 0.6714340367279504 -4.3002322607601695e-18
outer loop
vertex 5.611792992263861 31.349083838213602 0.7999999999999999
vertex 4.71846234734799 30.62196398398531 3.981866411263906
vertex 5.611792992263861 31.349083838213602 3.981866411263906
endloop
endfacet
facet normal -0.2542719847678662 0.9671327508476847 -6.116098442914826e-18
outer loop
vertex 3.684452613197773 30.248756964522507 3.981866411263906
vertex 4.71846234734799 30.62196398398531 0.7999999999999999
vertex 3.684452613197773 30.248756964522507 0.7999999999999999
endloop
endfacet
facet normal -0.49213606012328387 0.8705182929303277 -5.530350644112481e-18
outer loop
vertex 4.71846234734799 30.62196398398531 0.7999999999999999
vertex 3.684452613197773 30.248756964522507 3.981866411263906
vertex 4.71846234734799 30.62196398398531 3.981866411263906
endloop
endfacet
facet normal -0.304625521019012 0.9524722000897955 -6.028582348635977e-18
outer loop
vertex 1.537179940774636 29.884830117331255 3.981866411263906
vertex 3.684452613197773 30.248756964522507 0.7999999999999999
vertex 1.537179940774636 29.884830117331255 0.7999999999999999
endloop
endfacet
facet normal -0.2542719847678662 0.9671327508476847 -6.116098442914826e-18
outer loop
vertex 3.684452613197773 30.248756964522507 0.7999999999999999
vertex 1.537179940774636 29.884830117331255 3.981866411263906
vertex 3.684452613197773 30.248756964522507 3.981866411263906
endloop
endfacet
facet normal -0.4362572253597924 0.899822000909833 -5.709570598568674e-18
outer loop
vertex 1.2441461979897595 29.742759699587673 3.981866411263906
vertex 1.537179940774636 29.884830117331255 0.7999999999999999
vertex 1.2441461979897595 29.742759699587673 0.7999999999999999
endloop
endfacet
facet normal -0.304625521019012 0.9524722000897955 -6.028582348635977e-18
outer loop
vertex 1.537179940774636 29.884830117331255 0.7999999999999999
vertex 1.2441461979897595 29.742759699587673 3.981866411263906
vertex 1.537179940774636 29.884830117331255 3.981866411263906
endloop
endfacet
facet normal -0.7268470889270838 0.6867993224503238 -4.395651398527889e-18
outer loop
vertex 1.2441461979897595 29.742759699587673 3.981866411263906
vertex 1.0072041298663372 29.49200136766994 0.7999999999999999
vertex 1.0072041298663372 29.49200136766994 3.981866411263906
endloop
endfacet
facet normal -0.8273518445853869 0.5616840083722855 -3.617216413903411e-18
outer loop
vertex 1.0072041298663372 29.49200136766994 0.7999999999999999
vertex 1.2441461979897595 29.742759699587673 3.981866411263906
vertex 1.2441461979897595 29.742759699587673 0.7999999999999999
endloop
endfacet
facet normal -0.8273518445853869 0.5616840083722855 -3.617216413903411e-18
outer loop
vertex 1.0072041298663372 29.49200136766994 3.981866411263906
vertex 0.8533179387976517 29.161091626164115 0.7999999999999999
vertex 0.8533179387976517 29.161091626164115 3.981866411263906
endloop
endfacet
facet normal -0.9586217748422926 0.28468279329494617 -1.8850399467044795e-18
outer loop
vertex 0.8533179387976517 29.161091626164115 0.7999999999999999
vertex 1.0072041298663372 29.49200136766994 3.981866411263906
vertex 1.0072041298663372 29.49200136766994 0.7999999999999999
endloop
endfacet
facet normal -0.9586217748422926 0.28468279329494617 -1.8850399467044795e-18
outer loop
vertex 0.8533179387976517 29.161091626164115 3.981866411263906
vertex 0.7999999999999993 28.787688276044605 0.7999999999999999
vertex 0.7999999999999993 28.787688276044605 3.981866411263906
endloop
endfacet
facet normal -0.997486075287394 0.07086275190642452 -5.419674507977322e-19
outer loop
vertex 0.7999999999999993 28.787688276044605 0.7999999999999999
vertex 0.8533179387976517 29.161091626164115 3.981866411263906
vertex 0.8533179387976517 29.161091626164115 0.7999999999999999
endloop
endfacet
facet normal -0.997486075287394 0.07086275190642448 -5.41967450797732e-19
outer loop
vertex 0.7999999999999993 28.787688276044605 3.981866411263906
vertex 0.7999999999999993 23.33594749530564 0.8000000000000045
vertex 0.7999999999999993 23.33594749530564 3.981866411263911
endloop
endfacet
facet normal -0.9985037469580732 -0.0546833366821025 2.4871790126415564e-19
outer loop
vertex 0.7999999999999993 23.33594749530564 0.8000000000000045
vertex 0.7999999999999993 28.787688276044605 3.981866411263906
vertex 0.7999999999999993 28.787688276044605 0.7999999999999999
endloop
endfacet
facet normal -0.9985037469580732 -0.05468333668210237 2.4871790126415496e-19
outer loop
vertex 0.7999999999999993 23.33594749530564 3.981866411263911
vertex 0.8247901245611162 23.110282270733 0.8000000000000042
vertex 0.8247901245611162 23.110282270733 3.9818664112639097
endloop
endfacet
facet normal -0.9756464352575552 -0.21934911298937376 1.288096928155115e-18
outer loop
vertex 0.8247901245611162 23.110282270733 0.8000000000000042
vertex 0.7999999999999993 23.33594749530564 3.981866411263911
vertex 0.7999999999999993 23.33594749530564 0.8000000000000045
endloop
endfacet
facet normal -0.9756464352575555 -0.21934911298937337 1.2880969281551123e-18
outer loop
vertex 0.8247901245611162 23.110282270733 3.9818664112639097
vertex 0.8974710922232166 22.89999575828556 0.8000000000000038
vertex 0.8974710922232166 22.89999575828556 3.981866411263909
endloop
endfacet
facet normal -0.8999030227478644 -0.43609007056943727 2.660554054491921e-18
outer loop
vertex 0.8974710922232166 22.89999575828556 0.8000000000000038
vertex 0.8247901245611162 23.110282270733 3.9818664112639097
vertex 0.8247901245611162 23.110282270733 0.8000000000000042
endloop
endfacet
facet normal -0.8999030227478644 -0.4360900705694368 2.660554054491918e-18
outer loop
vertex 0.8974710922232166 22.89999575828556 3.981866411263909
vertex 1.0130898151511385 22.719418636271737 0.8000000000000029
vertex 1.0130898151511385 22.719418636271737 3.981866411263909
endloop
endfacet
facet normal -0.7657781707337759 -0.6431048073429648 3.977344747648294e-18
outer loop
vertex 1.0130898151511385 22.719418636271737 0.8000000000000029
vertex 0.8974710922232166 22.89999575828556 3.981866411263909
vertex 0.8974710922232166 22.89999575828556 0.8000000000000038
endloop
endfacet
facet normal -0.5662653025958769 -0.8242230323619936 5.137288118425397e-18
outer loop
vertex 1.1637670684462698 22.58085693713895 3.9818664112639084
vertex 1.0130898151511385 22.719418636271737 0.8000000000000029
vertex 1.1637670684462698 22.58085693713895 0.8000000000000023
endloop
endfacet
facet normal -0.7657781707337759 -0.6431048073429648 3.977344747648294e-18
outer loop
vertex 1.0130898151511385 22.719418636271737 0.8000000000000029
vertex 1.1637670684462698 22.58085693713895 3.9818664112639084
vertex 1.0130898151511385 22.719418636271737 3.981866411263909
endloop
endfacet
facet normal -0.30362547871531903 -0.9527914612730811 5.972285152137975e-18
outer loop
vertex 1.3392344463025179 22.493753411699085 3.9818664112639075
vertex 1.1637670684462698 22.58085693713895 0.8000000000000023
vertex 1.3392344463025179 22.493753411699085 0.8000000000000012
endloop
endfacet
facet normal -0.5662653025958763 -0.8242230323619941 5.1372881184254e-18
outer loop
vertex 1.1637670684462698 22.58085693713895 0.8000000000000023
vertex 1.3392344463025179 22.493753411699085 3.9818664112639075
vertex 1.1637670684462698 22.58085693713895 3.9818664112639084
endloop
endfacet
facet normal -0.07815423049713179 -0.9969412802444291 6.27198776137543e-18
outer loop
vertex 1.5275341368925368 22.464044021265476 3.981866411263906
vertex 1.3392344463025179 22.493753411699085 0.8000000000000012
vertex 1.5275341368925368 22.464044021265476 0.7999999999999999
endloop
endfacet
facet normal -0.303625478715318 -0.9527914612730813 5.9722851521379776e-18
outer loop
vertex 1.3392344463025179 22.493753411699085 0.8000000000000012
vertex 1.5275341368925368 22.464044021265476 3.981866411263906
vertex 1.3392344463025179 22.493753411699085 3.9818664112639075
endloop
endfacet
facet normal -0.04416496075522211 -0.999024252078742 6.288366150126572e-18
outer loop
vertex 5.452104260940722 22.464044021265487 3.981866411263906
vertex 1.5275341368925368 22.464044021265476 0.7999999999999999
vertex 5.452104260940722 22.464044021265487 0.7999999999999999
endloop
endfacet
facet normal -0.07815423049713145 -0.9969412802444291 6.271987761375432e-18
outer loop
vertex 1.5275341368925368 22.464044021265476 0.7999999999999999
vertex 5.452104260940722 22.464044021265487 3.981866411263906
vertex 1.5275341368925368 22.464044021265476 3.981866411263906
endloop
endfacet
facet normal -0.24140023381414422 -0.970425642238743 6.089323411631537e-18
outer loop
vertex 5.975117577566154 22.417708799020822 3.981866411263906
vertex 5.452104260940722 22.464044021265487 0.7999999999999999
vertex 5.975117577566154 22.417708799020822 0.7999999999999999
endloop
endfacet
facet normal -0.04416496075522211 -0.999024252078742 6.288366150126572e-18
outer loop
vertex 5.452104260940722 22.464044021265487 0.7999999999999999
vertex 5.975117577566154 22.417708799020822 3.981866411263906
vertex 5.452104260940722 22.464044021265487 3.981866411263906
endloop
endfacet
facet normal -0.5181059398181368 -0.8553164532061601 5.337754326406112e-18
outer loop
vertex 6.470180201893867 22.208702672840605 3.981866411263906
vertex 5.975117577566154 22.417708799020822 0.7999999999999999
vertex 6.470180201893867 22.208702672840605 0.7999999999999999
endloop
endfacet
facet normal -0.24140023381414422 -0.970425642238743 6.089323411631537e-18
outer loop
vertex 5.975117577566154 22.417708799020822 0.7999999999999999
vertex 6.470180201893867 22.208702672840605 3.981866411263906
vertex 5.975117577566154 22.417708799020822 3.981866411263906
endloop
endfacet
facet normal -0.7328318059648083 -0.6804098354421089 4.215477943205531e-18
outer loop
vertex 6.902654358213743 21.851649059975344 3.981866411263906
vertex 6.470180201893867 22.208702672840605 0.7999999999999999
vertex 6.902654358213743 21.851649059975344 0.7999999999999999
endloop
endfacet
facet normal -0.5181059398181368 -0.8553164532061601 5.337754326406112e-18
outer loop
vertex 6.470180201893867 22.208702672840605 0.7999999999999999
vertex 6.902654358213743 21.851649059975344 3.981866411263906
vertex 6.470180201893867 22.208702672840605 3.981866411263906
endloop
endfacet
facet normal -0.7328318059648083 -0.6804098354421089 4.215477943205531e-18
outer loop
vertex 6.902654358213743 21.851649059975344 3.981866411263906
vertex 7.242281363904872 21.37152973515644 0.7999999999999999
vertex 7.242281363904872 21.37152973515644 3.981866411263906
endloop
endfacet
facet normal -0.8799831805537545 -0.47500484412529786 2.9075778794411194e-18
outer loop
vertex 7.242281363904872 21.37152973515644 0.7999999999999999
vertex 6.902654358213743 21.851649059975344 3.981866411263906
vertex 6.902654358213743 21.851649059975344 0.7999999999999999
endloop
endfacet
facet normal -0.8799831805537545 -0.47500484412529786 2.9075778794411194e-18
outer loop
vertex 7.242281363904872 21.37152973515644 3.981866411263906
vertex 7.449835956355501 20.842747589994094 0.7999999999999999
vertex 7.449835956355501 20.842747589994094 3.981866411263906
endloop
endfacet
facet normal -0.9330101670882922 -0.35985000779474363 2.177163557089993e-18
outer loop
vertex 7.449835956355501 20.842747589994094 0.7999999999999999
vertex 7.242281363904872 21.37152973515644 3.981866411263906
vertex 7.242281363904872 21.37152973515644 0.7999999999999999
endloop
endfacet
facet normal -0.9330101670882922 -0.35985000779474363 2.177163557089993e-18
outer loop
vertex 7.449835956355501 20.842747589994094 3.981866411263906
vertex 7.465298722123146 20.801936944435095 0.7999999999999999
vertex 7.465298722123146 20.801936944435095 3.981866411263906
endloop
endfacet
facet normal -0.9351276536421452 -0.3543109811927031 2.1420716496675716e-18
outer loop
vertex 7.465298722123146 20.801936944435095 0.7999999999999999
vertex 7.449835956355501 20.842747589994094 3.981866411263906
vertex 7.449835956355501 20.842747589994094 0.7999999999999999
endloop
endfacet
facet normal -0.9351276536421764 -0.35431098119262056 2.1420716496670505e-18
outer loop
vertex 7.465298722123146 20.801936944435095 3.981866411263906
vertex 8.759310424968694 17.38667128319491 0.7999999999999999
vertex 8.759310424968694 17.38667128319491 3.981866411263906
endloop
endfacet
facet normal -0.9097610785079037 -0.41513224402849735 2.527601018256204e-18
outer loop
vertex 8.759310424968694 17.38667128319491 0.7999999999999999
vertex 7.465298722123146 20.801936944435095 3.981866411263906
vertex 7.465298722123146 20.801936944435095 0.7999999999999999
endloop
endfacet
facet normal -0.9097610785079037 -0.41513224402849735 2.527601018256204e-18
outer loop
vertex 8.759310424968694 17.38667128319491 3.981866411263906
vertex 10.513201723127358 14.12939062018174 0.7999999999999999
vertex 10.513201723127358 14.12939062018174 3.981866411263906
endloop
endfacet
facet normal -0.8474094976358051 -0.5309398678914897 3.2630209574074434e-18
outer loop
vertex 10.513201723127358 14.12939062018174 0.7999999999999999
vertex 8.759310424968694 17.38667128319491 3.981866411263906
vertex 8.759310424968694 17.38667128319491 0.7999999999999999
endloop
endfacet
facet normal -0.8474094976358051 -0.5309398678914897 3.2630209574074434e-18
outer loop
vertex 10.513201723127358 14.12939062018174 3.981866411263906
vertex 12.681500284449502 11.12663857618757 0.7999999999999999
vertex 12.681500284449502 11.12663857618757 3.981866411263906
endloop
endfacet
facet normal -0.7705937811569739 -0.6373266230451995 3.940487799195197e-18
outer loop
vertex 12.681500284449502 11.12663857618757 0.7999999999999999
vertex 10.513201723127358 14.12939062018174 3.981866411263906
vertex 10.513201723127358 14.12939062018174 0.7999999999999999
endloop
endfacet
facet normal -0.7705937811569739 -0.6373266230451995 3.940487799195197e-18
outer loop
vertex 12.681500284449502 11.12663857618757 3.981866411263906
vertex 15.227105919384968 8.429793071205271 0.7999999999999999
vertex 15.227105919384968 8.429793071205271 3.981866411263906
endloop
endfacet
facet normal -0.6807538083570979 -0.7325122882295612 4.548650352623811e-18
outer loop
vertex 15.227105919384968 8.429793071205271 0.7999999999999999
vertex 12.681500284449502 11.12663857618757 3.981866411263906
vertex 12.681500284449502 11.12663857618757 0.7999999999999999
endloop
endfacet
facet normal -0.5795269067724454 -0.8149531055998016 5.0776279218810744e-18
outer loop
vertex 18.106462609744696 6.084997879531955 3.981866411263906
vertex 15.227105919384968 8.429793071205271 0.7999999999999999
vertex 18.106462609744696 6.084997879531955 0.7999999999999999
endloop
endfacet
facet normal -0.6807538083570979 -0.7325122882295612 4.548650352623811e-18
outer loop
vertex 15.227105919384968 8.429793071205271 0.7999999999999999
vertex 18.106462609744696 6.084997879531955 3.981866411263906
vertex 15.227105919384968 8.429793071205271 3.981866411263906
endloop
endfacet
facet normal -0.46870496189282157 -0.8833547751028736 5.519096266161778e-18
outer loop
vertex 21.27030376424823 4.132373096997165 3.981866411263906
vertex 18.106462609744696 6.084997879531955 0.7999999999999999
vertex 21.27030376424823 4.132373096997165 0.7999999999999999
endloop
endfacet
facet normal -0.5795269067724454 -0.8149531055998016 5.0776279218810744e-18
outer loop
vertex 18.106462609744696 6.084997879531955 0.7999999999999999
vertex 21.27030376424823 4.132373096997165 3.981866411263906
vertex 18.106462609744696 6.084997879531955 3.981866411263906
endloop
endfacet
facet normal -0.35019523417288956 -0.9366767307681958 5.866318291095024e-18
outer loop
vertex 24.664495183559467 2.605328674999979 3.981866411263906
vertex 21.27030376424823 4.132373096997165 0.7999999999999999
vertex 24.664495183559467 2.605328674999979 0.7999999999999999
endloop
endfacet
facet normal -0.46870496189282157 -0.8833547751028736 5.519096266161778e-18
outer loop
vertex 21.27030376424823 4.132373096997165 0.7999999999999999
vertex 24.664495183559467 2.605328674999979 3.981866411263906
vertex 21.27030376424823 4.132373096997165 3.981866411263906
endloop
endfacet
facet normal -0.22598660685531305 -0.974130408888883 6.114136376008202e-18
outer loop
vertex 28.23096131144643 1.5299927669774092 3.981866411263906
vertex 24.664495183559467 2.605328674999979 0.7999999999999999
vertex 28.23096131144643 1.5299927669774092 0.7999999999999999
endloop
endfacet
facet normal -0.35019523417288956 -0.9366767307681958 5.866318291095024e-18
outer loop
vertex 24.664495183559467 2.605328674999979 0.7999999999999999
vertex 28.23096131144643 1.5299927669774092 3.981866411263906
vertex 24.664495183559467 2.605328674999979 3.981866411263906
endloop
endfacet
facet normal -0.09812178277720025 -0.9951744147357408 6.25894459555568e-18
outer loop
vertex 31.908678923649685 0.9247646684551863 3.981866411263906
vertex 28.23096131144643 1.5299927669774092 0.7999999999999999
vertex 31.908678923649685 0.9247646684551863 0.7999999999999999
endloop
endfacet
facet normal -0.22598660685531305 -0.974130408888883 6.114136376008202e-18
outer loop
vertex 28.23096131144643 1.5299927669774092 0.7999999999999999
vertex 31.908678923649685 0.9247646684551863 3.981866411263906
vertex 28.23096131144643 1.5299927669774092 3.981866411263906
endloop
endfacet
facet normal 0.031325165441583126 -0.9995092465855718 6.298657639797137e-18
outer loop
vertex 35.634721252168475 0.7999999999999999 3.981866411263906
vertex 31.908678923649685 0.9247646684551863 0.7999999999999999
vertex 35.634721252168475 0.7999999999999999 0.7999999999999999
endloop
endfacet
facet normal -0.09812178277720025 -0.9951744147357408 6.25894459555568e-18
outer loop
vertex 31.908678923649685 0.9247646684551863 0.7999999999999999
vertex 35.634721252168475 0.7999999999999999 3.981866411263906
vertex 31.908678923649685 0.9247646684551863 3.981866411263906
endloop
endfacet
facet normal 0.16026738144822897 -0.9870736378020274 6.232689555589804e-18
outer loop
vertex 39.34533467970779 1.1578335196803449 3.981866411263906
vertex 35.634721252168475 0.7999999999999999 0.7999999999999999
vertex 39.34533467970779 1.1578335196803449 0.7999999999999999
endloop
endfacet
facet normal 0.031325165441583126 -0.9995092465855718 6.298657639797137e-18
outer loop
vertex 35.634721252168475 0.7999999999999999 0.7999999999999999
vertex 39.34533467970779 1.1578335196803449 3.981866411263906
vertex 35.634721252168475 0.7999999999999999 3.981866411263906
endloop
endfacet
facet normal 0.2866220345718431 -0.9580437408061792 6.061950218010167e-18
outer loop
vertex 42.97702958174599 1.9921425967643152 3.981866411263906
vertex 39.34533467970779 1.1578335196803449 0.7999999999999999
vertex 42.97702958174599 1.9921425967643152 0.7999999999999999
endloop
endfacet
facet normal 0.16026738144822897 -0.9870736378020274 6.232689555589804e-18
outer loop
vertex 39.34533467970779 1.1578335196803449 0.7999999999999999
vertex 42.97702958174599 1.9921425967643152 3.981866411263906
vertex 39.34533467970779 1.1578335196803449 3.981866411263906
endloop
endfacet
facet normal 0.4083277029078482 -0.9128354107055663 5.788861380729802e-18
outer loop
vertex 46.467666651613186 3.288651971628889 3.981866411263906
vertex 42.97702958174599 1.9921425967643152 0.7999999999999999
vertex 46.467666651613186 3.288651971628889 0.7999999999999999
endloop
endfacet
facet normal 0.2866220345718431 -0.9580437408061792 6.061950218010167e-18
outer loop
vertex 42.97702958174599 1.9921425967643152 0.7999999999999999
vertex 46.467666651613186 3.288651971628889 3.981866411263906
vertex 42.97702958174599 1.9921425967643152 3.981866411263906
endloop
endfacet
facet normal 0.5233645961495889 -0.8521088542534796 5.41738789722907e-18
outer loop
vertex 49.757520121256505 5.0251780094097525 3.981866411263906
vertex 46.467666651613186 3.288651971628889 0.7999999999999999
vertex 49.757520121256505 5.0251780094097525 0.7999999999999999
endloop
endfacet
facet normal 0.4083277029078482 -0.9128354107055663 5.788861380729802e-18
outer loop
vertex 46.467666651613186 3.288651971628889 0.7999999999999999
vertex 49.757520121256505 5.0251780094097525 3.981866411263906
vertex 46.467666651613186 3.288651971628889 3.981866411263906
endloop
endfacet
facet normal 0.6297794565531896 -0.7767739929371793 4.953073888582552e-18
outer loop
vertex 52.79029968569063 7.17200826814454 3.981866411263906
vertex 49.757520121256505 5.0251780094097525 0.7999999999999999
vertex 52.79029968569063 7.17200826814454 0.7999999999999999
endloop
endfacet
facet normal 0.5233645961495889 -0.8521088542534796 5.41738789722907e-18
outer loop
vertex 49.757520121256505 5.0251780094097525 0.7999999999999999
vertex 52.79029968569063 7.17200826814454 3.981866411263906
vertex 49.757520121256505 5.0251780094097525 3.981866411263906
endloop
endfacet
facet normal 0.7257162287934931 -0.6879941535113148 4.4030689292641875e-18
outer loop
vertex 55.51411364572274 9.692409886892497 3.981866411263906
vertex 52.79029968569063 7.17200826814454 0.7999999999999999
vertex 55.51411364572274 9.692409886892497 0.7999999999999999
endloop
endfacet
facet normal 0.6297794565531896 -0.7767739929371793 4.953073888582552e-18
outer loop
vertex 52.79029968569063 7.17200826814454 0.7999999999999999
vertex 55.51411364572274 9.692409886892497 3.981866411263906
vertex 52.79029968569063 7.17200826814454 3.981866411263906
endloop
endfacet
facet normal 0.8094525766483474 -0.587185257101497 3.7761264400781446e-18
outer loop
vertex 57.88235678931284 12.543258095169477 0.7999999999999999
vertex 55.51411364572274 9.692409886892497 3.981866411263906
vertex 55.51411364572274 9.692409886892497 0.7999999999999999
endloop
endfacet
facet normal 0.7257162287934931 -0.6879941535113148 4.4030689292641875e-18
outer loop
vertex 55.51411364572274 9.692409886892497 3.981866411263906
vertex 57.88235678931284 12.543258095169477 0.7999999999999999
vertex 57.88235678931284 12.543258095169477 3.981866411263906
endloop
endfacet
facet normal 0.8794411469997887 -0.4760076354048284 3.0825560961342688e-18
outer loop
vertex 59.854507819673024 15.675774089727417 0.7999999999999999
vertex 57.88235678931284 12.543258095169477 3.981866411263906
vertex 57.88235678931284 12.543258095169477 0.7999999999999999
endloop
endfacet
facet normal 0.8094525766483474 -0.587185257101497 3.7761264400781446e-18
outer loop
vertex 57.88235678931284 12.543258095169477 3.981866411263906
vertex 59.854507819673024 15.675774089727417 0.7999999999999999
vertex 59.854507819673024 15.675774089727417 3.981866411263906
endloop
endfacet
facet normal 0.9343532939122311 -0.3563480351501375 2.3341146689926077e-18
outer loop
vertex 61.39682268589019 19.03635965340194 0.7999999999999999
vertex 59.854507819673024 15.675774089727417 3.981866411263906
vertex 59.854507819673024 15.675774089727417 0.7999999999999999
endloop
endfacet
facet normal 0.8794411469997887 -0.4760076354048284 3.0825560961342688e-18
outer loop
vertex 59.854507819673024 15.675774089727417 3.981866411263906
vertex 61.39682268589019 19.03635965340194 0.7999999999999999
vertex 61.39682268589019 19.03635965340194 3.981866411263906
endloop
endfacet
facet normal 0.973121976825873 -0.23029029119462438 1.5438254162572606e-18
outer loop
vertex 62.482911952993 22.567514235468224 0.7999999999999999
vertex 61.39682268589019 19.03635965340194 3.981866411263906
vertex 61.39682268589019 19.03635965340194 0.7999999999999999
endloop
endfacet
facet normal 0.9343532939122311 -0.3563480351501375 2.3341146689926077e-18
outer loop
vertex 61.39682268589019 19.03635965340194 3.981866411263906
vertex 62.482911952993 22.567514235468224 0.7999999999999999
vertex 62.482911952993 22.567514235468224 3.981866411263906
endloop
endfacet
facet normal 0.9949799496311108 -0.10007447143039074 7.257244066048333e-19
outer loop
vertex 63.09419233250047 26.208818802006114 0.7999999999999999
vertex 62.482911952993 22.567514235468224 3.981866411263906
vertex 62.482911952993 22.567514235468224 0.7999999999999999
endloop
endfacet
facet normal 0.973121976825873 -0.23029029119462438 1.5438254162572606e-18
outer loop
vertex 62.482911952993 22.567514235468224 3.981866411263906
vertex 63.09419233250047 26.208818802006114 0.7999999999999999
vertex 63.09419233250047 26.208818802006114 3.981866411263906
endloop
endfacet
facet normal 0.9994171412279557 -0.034137630552520504 3.108303598201407e-19
outer loop
vertex 63.22020464764018 29.897969622321753 0.7999999999999999
vertex 63.09419233250047 26.208818802006114 3.981866411263906
vertex 63.09419233250047 26.208818802006114 0.7999999999999999
endloop
endfacet
facet normal 0.9949799496311108 -0.10007447143039074 7.257244066048333e-19
outer loop
vertex 63.09419233250047 26.208818802006114 3.981866411263906
vertex 63.22020464764018 29.897969622321753 0.7999999999999999
vertex 63.22020464764018 29.897969622321753 3.981866411263906
endloop
endfacet
facet normal 0.9967556275331437 -0.08048738398661542 6.025205402826519e-19
outer loop
vertex 63.279140624467985 31.623385959759034 0.7999999999999999
vertex 63.22020464764018 29.897969622321753 3.981866411263906
vertex 63.22020464764018 29.897969622321753 0.7999999999999999
endloop
endfacet
facet normal 0.9994171412279557 -0.03413763055251914 3.1083035982013195e-19
outer loop
vertex 63.22020464764018 29.897969622321753 3.981866411263906
vertex 63.279140624467985 31.623385959759034 0.7999999999999999
vertex 63.279140624467985 31.623385959759034 3.981866411263906
endloop
endfacet
facet normal 0.9759390720619266 -0.2180434076575249 1.4669554613621425e-18
outer loop
vertex 63.35885368137647 32.24767957749467 0.7999999999999999
vertex 63.279140624467985 31.623385959759034 3.981866411263906
vertex 63.279140624467985 31.623385959759034 0.7999999999999999
endloop
endfacet
facet normal 0.9967556275331437 -0.08048738398661542 6.025205402826519e-19
outer loop
vertex 63.279140624467985 31.623385959759034 3.981866411263906
vertex 63.35885368137647 32.24767957749467 0.7999999999999999
vertex 63.35885368137647 32.24767957749467 3.981866411263906
endloop
endfacet
facet normal 0.919028102759648 -0.39419201709065854 2.5710151911952597e-18
outer loop
vertex 63.552522679709035 32.8470149250952 0.7999999999999999
vertex 63.35885368137647 32.24767957749467 3.981866411263906
vertex 63.35885368137647 32.24767957749467 0.7999999999999999
endloop
endfacet
facet normal 0.9759390720619266 -0.2180434076575249 1.4669554613621425e-18
outer loop
vertex 63.35885368137647 32.24767957749467 3.981866411263906
vertex 63.552522679709035 32.8470149250952 0.7999999999999999
vertex 63.552522679709035 32.8470149250952 3.981866411263906
endloop
endfacet
facet normal 0.8308947289520469 -0.5564296446090059 3.5844601396938094e-18
outer loop
vertex 63.85361669071648 33.401181145449705 0.7999999999999999
vertex 63.552522679709035 32.8470149250952 3.981866411263906
vertex 63.552522679709035 32.8470149250952 0.7999999999999999
endloop
endfacet
facet normal 0.919028102759648 -0.39419201709065854 2.5710151911952597e-18
outer loop
vertex 63.552522679709035 32.8470149250952 3.981866411263906
vertex 63.85361669071648 33.401181145449705 0.7999999999999999
vertex 63.85361669071648 33.401181145449705 3.981866411263906
endloop
endfacet
facet normal 0.7148693107799045 -0.6992580843330056 4.472977760131393e-18
outer loop
vertex 64.25198218673218 33.891490580070936 0.7999999999999999
vertex 63.85361669071648 33.401181145449705 3.981866411263906
vertex 63.85361669071648 33.401181145449705 0.7999999999999999
endloop
endfacet
facet normal 0.8308947289520469 -0.5564296446090059 3.5844601396938094e-18
outer loop
vertex 63.85361669071648 33.401181145449705 3.981866411263906
vertex 64.25198218673218 33.891490580070936 0.7999999999999999
vertex 64.25198218673218 33.891490580070936 3.981866411263906
endloop
endfacet
facet normal 0.575181572324367 -0.8180257690674964 5.207674482508396e-18
outer loop
vertex 64.7341854396269 34.30140895651369 3.981866411263906
vertex 64.25198218673218 33.891490580070936 0.7999999999999999
vertex 64.7341854396269 34.30140895651369 0.7999999999999999
endloop
endfacet
facet normal 0.7148693107799045 -0.6992580843330056 4.472977760131393e-18
outer loop
vertex 64.25198218673218 33.891490580070936 0.7999999999999999
vertex 64.7341854396269 34.30140895651369 3.981866411263906
vertex 64.25198218673218 33.891490580070936 3.981866411263906
endloop
endfacet
facet normal 0.4321420337506935 -0.9018055570164859 5.721670024029224e-18
outer loop
vertex 65.2839655345694 34.617112959055675 3.981866411263906
vertex 64.7341854396269 34.30140895651369 0.7999999999999999
vertex 65.2839655345694 34.617112959055675 0.7999999999999999
endloop
endfacet
facet normal 0.575181572324367 -0.8180257690674964 5.207674482508396e-18
outer loop
vertex 64.7341854396269 34.30140895651369 0.7999999999999999
vertex 65.2839655345694 34.617112959055675 3.981866411263906
vertex 64.7341854396269 34.30140895651369 3.981866411263906
endloop
endfacet
facet normal 0.3293230523372462 -0.944217309309292 5.97895444346026e-18
outer loop
vertex 66.06921428735299 34.923996022307605 3.981866411263906
vertex 65.2839655345694 34.617112959055675 0.7999999999999999
vertex 66.06921428735299 34.923996022307605 0.7999999999999999
endloop
endfacet
facet normal 0.4321420337506935 -0.9018055570164859 5.721670024029224e-18
outer loop
vertex 65.2839655345694 34.617112959055675 0.7999999999999999
vertex 66.06921428735299 34.923996022307605 3.981866411263906
vertex 65.2839655345694 34.617112959055675 3.981866411263906
endloop
endfacet
facet normal 0.25871455704659596 -0.965953817722247 6.109098516498333e-18
outer loop
vertex 66.87535597096901 35.17215632757726 3.981866411263906
vertex 66.06921428735299 34.923996022307605 0.7999999999999999
vertex 66.87535597096901 35.17215632757726 0.7999999999999999
endloop
endfacet
facet normal 0.3293230523372462 -0.944217309309292 5.97895444346026e-18
outer loop
vertex 66.06921428735299 34.923996022307605 0.7999999999999999
vertex 66.87535597096901 35.17215632757726 3.981866411263906
vertex 66.06921428735299 34.923996022307605 3.981866411263906
endloop
endfacet
facet normal 0.18674767146747417 -0.9824079128353336 6.20583979255995e-18
outer loop
vertex 67.69791787581302 35.36021700898194 3.981866411263906
vertex 66.87535597096901 35.17215632757726 0.7999999999999999
vertex 67.69791787581302 35.36021700898194 0.7999999999999999
endloop
endfacet
facet normal 0.25871455704659596 -0.965953817722247 6.109098516498333e-18
outer loop
vertex 66.87535597096901 35.17215632757726 0.7999999999999999
vertex 67.69791787581302 35.36021700898194 3.981866411263906
vertex 66.87535597096901 35.17215632757726 3.981866411263906
endloop
endfacet
facet normal 0.11380284628008461 -0.9935033528773576 6.268734514856265e-18
outer loop
vertex 68.5323361880954 35.487134650912374 3.981866411263906
vertex 67.69791787581302 35.36021700898194 0.7999999999999999
vertex 68.5323361880954 35.487134650912374 0.7999999999999999
endloop
endfacet
facet normal 0.18674767146747417 -0.9824079128353336 6.20583979255995e-18
outer loop
vertex 67.69791787581302 35.36021700898194 0.7999999999999999
vertex 68.5323361880954 35.487134650912374 3.981866411263906
vertex 67.69791787581302 35.36021700898194 3.981866411263906
endloop
endfacet
facet normal 0.0402631476857209 -0.9991891106984893 6.2974979978198335e-18
outer loop
vertex 69.37398131121377 35.55220507720754 3.981866411263906
vertex 68.5323361880954 35.487134650912374 0.7999999999999999
vertex 69.37398131121377 35.55220507720754 0.7999999999999999
endloop
endfacet
facet normal 0.11380284628008461 -0.9935033528773576 6.268734514856265e-18
outer loop
vertex 68.5323361880954 35.487134650912374 0.7999999999999999
vertex 69.37398131121377 35.55220507720754 3.981866411263906
vertex 68.5323361880954 35.487134650912374 3.981866411263906
endloop
endfacet
facet normal -3.541106420481867e-05 -0.9999999993730283 6.2987424801229565e-18
outer loop
vertex 70.21818355210763 35.5550672581296 3.981866411263906
vertex 69.37398131121377 35.55220507720754 0.7999999999999999
vertex 70.21818355210763 35.5550672581296 0.7999999999999999
endloop
endfacet
facet normal 0.0402631476857209 -0.9991891106984893 6.2974979978198335e-18
outer loop
vertex 69.37398131121377 35.55220507720754 0.7999999999999999
vertex 70.21818355210763 35.5550672581296 3.981866411263906
vertex 69.37398131121377 35.55220507720754 3.981866411263906
endloop
endfacet
facet normal -0.040298531164144495 -0.9991876842645793 6.2897662115067334e-18
outer loop
vertex 71.04511185140929 35.55220507720754 3.981866411263906
vertex 70.21818355210763 35.5550672581296 0.7999999999999999
vertex 71.04511185140929 35.55220507720754 0.7999999999999999
endloop
endfacet
facet normal -3.541106420481867e-05 -0.9999999993730283 6.2987424801229565e-18
outer loop
vertex 70.21818355210763 35.5550672581296 0.7999999999999999
vertex 71.04511185140929 35.55220507720754 3.981866411263906
vertex 70.21818355210763 35.5550672581296 3.981866411263906
endloop
endfacet
facet normal -0.11380284628009475 -0.9935033528773565 6.2469157838594245e-18
outer loop
vertex 71.88675697452801 35.487134650912374 3.981866411263906
vertex 71.04511185140929 35.55220507720754 0.7999999999999999
vertex 71.88675697452801 35.487134650912374 0.7999999999999999
endloop
endfacet
facet normal -0.040298531164144495 -0.9991876842645793 6.2897662115067334e-18
outer loop
vertex 71.04511185140929 35.55220507720754 0.7999999999999999
vertex 71.88675697452801 35.487134650912374 3.981866411263906
vertex 71.04511185140929 35.55220507720754 3.981866411263906
endloop
endfacet
facet normal -0.18674767146747798 -0.9824079128353329 6.170035791682801e-18
outer loop
vertex 72.72117528681007 35.36021700898194 3.981866411263906
vertex 71.88675697452801 35.487134650912374 0.7999999999999999
vertex 72.72117528681007 35.36021700898194 0.7999999999999999
endloop
endfacet
facet normal -0.11380284628009475 -0.9935033528773565 6.2469157838594245e-18
outer loop
vertex 71.88675697452801 35.487134650912374 0.7999999999999999
vertex 72.72117528681007 35.36021700898194 3.981866411263906
vertex 71.88675697452801 35.487134650912374 3.981866411263906
endloop
endfacet
facet normal -0.25871455704657537 -0.9659538177222524 6.059496740183634e-18
outer loop
vertex 73.54373719165413 35.17215632757728 3.981866411263906
vertex 72.72117528681007 35.36021700898194 0.7999999999999999
vertex 73.54373719165413 35.17215632757728 0.7999999999999999
endloop
endfacet
facet normal -0.18674767146747798 -0.9824079128353329 6.170035791682801e-18
outer loop
vertex 72.72117528681007 35.36021700898194 0.7999999999999999
vertex 73.54373719165413 35.17215632757728 3.981866411263906
vertex 72.72117528681007 35.36021700898194 3.981866411263906
endloop
endfacet
facet normal -0.3293230523372635 -0.9442173093092862 5.915815327657097e-18
outer loop
vertex 74.34987887527024 34.923996022307605 3.981866411263906
vertex 73.54373719165413 35.17215632757728 0.7999999999999999
vertex 74.34987887527024 34.923996022307605 0.7999999999999999
endloop
endfacet
facet normal -0.25871455704657537 -0.9659538177222524 6.059496740183634e-18
outer loop
vertex 73.54373719165413 35.17215632757728 0.7999999999999999
vertex 74.34987887527024 34.923996022307605 3.981866411263906
vertex 73.54373719165413 35.17215632757728 3.981866411263906
endloop
endfacet
facet normal -0.4321420337506976 -0.9018055570164839 5.638818047167168e-18
outer loop
vertex 75.13512762805371 34.617112959055675 3.981866411263906
vertex 74.34987887527024 34.923996022307605 0.7999999999999999
vertex 75.13512762805371 34.617112959055675 0.7999999999999999
endloop
endfacet
facet normal -0.3293230523372635 -0.9442173093092862 5.915815327657097e-18
outer loop
vertex 74.34987887527024 34.923996022307605 0.7999999999999999
vertex 75.13512762805371 34.617112959055675 3.981866411263906
vertex 74.34987887527024 34.923996022307605 3.981866411263906
endloop
endfacet
facet normal -0.5751815723243654 -0.8180257690674976 5.0973984005728454e-18
outer loop
vertex 75.68490772299626 34.30140895651369 3.981866411263906
vertex 75.13512762805371 34.617112959055675 0.7999999999999999
vertex 75.68490772299626 34.30140895651369 0.7999999999999999
endloop
endfacet
facet normal -0.4321420337506976 -0.9018055570164839 5.638818047167168e-18
outer loop
vertex 75.13512762805371 34.617112959055675 0.7999999999999999
vertex 75.68490772299626 34.30140895651369 3.981866411263906
vertex 75.13512762805371 34.617112959055675 3.981866411263906
endloop
endfacet
facet normal -0.7148693107799026 -0.6992580843330073 4.335920193474308e-18
outer loop
vertex 76.16711097589096 33.891490580070936 3.981866411263906
vertex 75.68490772299626 34.30140895651369 0.7999999999999999
vertex 76.16711097589096 33.891490580070936 0.7999999999999999
endloop
endfacet
facet normal -0.5751815723243654 -0.8180257690674976 5.0973984005728454e-18
outer loop
vertex 75.68490772299626 34.30140895651369 0.7999999999999999
vertex 76.16711097589096 33.891490580070936 3.981866411263906
vertex 75.68490772299626 34.30140895651369 3.981866411263906
endloop
endfacet
facet normal -0.7148693107799026 -0.6992580843330073 4.335920193474308e-18
outer loop
vertex 76.16711097589096 33.891490580070936 3.981866411263906
vertex 76.56547647190668 33.401181145449705 0.7999999999999999
vertex 76.56547647190668 33.401181145449705 3.981866411263906
endloop
endfacet
facet normal -0.8308947289520098 -0.5564296446090613 3.425157721782094e-18
outer loop
vertex 76.56547647190668 33.401181145449705 0.7999999999999999
vertex 76.16711097589096 33.891490580070936 3.981866411263906
vertex 76.16711097589096 33.891490580070936 0.7999999999999999
endloop
endfacet
facet normal -0.8308947289520098 -0.5564296446090613 3.425157721782094e-18
outer loop
vertex 76.56547647190668 33.401181145449705 3.981866411263906
vertex 76.86657048291414 32.84701492509521 0.7999999999999999
vertex 76.86657048291414 32.84701492509521 3.981866411263906
endloop
endfacet
facet normal -0.919028102759672 -0.3941920170906021 2.3948154948947437e-18
outer loop
vertex 76.86657048291414 32.84701492509521 0.7999999999999999
vertex 76.56547647190668 33.401181145449705 3.981866411263906
vertex 76.56547647190668 33.401181145449705 0.7999999999999999
endloop
endfacet
facet normal -0.919028102759672 -0.3941920170906021 2.3948154948947437e-18
outer loop
vertex 76.86657048291414 32.84701492509521 3.981866411263906
vertex 77.06023948124663 32.24767957749467 0.7999999999999999
vertex 77.06023948124663 32.24767957749467 3.981866411263906
endloop
endfacet
facet normal -0.9759390720619532 -0.21804340765740518 1.2798445693348974e-18
outer loop
vertex 77.06023948124663 32.24767957749467 0.7999999999999999
vertex 76.86657048291414 32.84701492509521 3.981866411263906
vertex 76.86657048291414 32.84701492509521 0.7999999999999999
endloop
endfacet
facet normal -0.9759390720619532 -0.21804340765740518 1.2798445693348974e-18
outer loop
vertex 77.06023948124663 32.24767957749467 3.981866411263906
vertex 77.13995253815507 31.623385959759034 0.7999999999999999
vertex 77.13995253815507 31.623385959759034 3.981866411263906
endloop
endfacet
facet normal -0.9979084605406382 -0.06464289892488793 3.115077182251331e-19
outer loop
vertex 77.13995253815507 31.623385959759034 0.7999999999999999
vertex 77.06023948124663 32.24767957749467 3.981866411263906
vertex 77.06023948124663 32.24767957749467 0.7999999999999999
endloop
endfacet
facet normal -0.9979084605406382 -0.06464289892488793 3.115077182251331e-19
outer loop
vertex 77.13995253815507 31.623385959759034 3.981866411263906
vertex 77.14403857818755 29.897969622321753 0.7999999999999999
vertex 77.14403857818755 29.897969622321753 3.981866411263906
endloop
endfacet
facet normal -0.9998737857589804 0.01588749671925079 -1.9592117939927315e-19
outer loop
vertex 77.14403857818755 29.897969622321753 0.7999999999999999
vertex 77.13995253815507 31.623385959759034 3.981866411263906
vertex 77.13995253815507 31.623385959759034 0.7999999999999999
endloop
endfacet
facet normal -0.9998737857589804 0.01588749671925079 -1.9592117939927315e-19
outer loop
vertex 77.14403857818755 29.897969622321753 3.981866411263906
vertex 77.0830465399322 28.112359797496598 0.7999999999999999
vertex 77.0830465399322 28.112359797496598 3.981866411263906
endloop
endfacet
facet normal -0.9994893352901612 -0.031954164693070684 1.0545814243006392e-19
outer loop
vertex 77.0830465399322 28.112359797496598 0.7999999999999999
vertex 77.14403857818755 29.897969622321753 3.981866411263906
vertex 77.14403857818755 29.897969622321753 0.7999999999999999
endloop
endfacet
facet normal -0.9994893352901612 -0.031954164693070684 1.0545814243006392e-19
outer loop
vertex 77.0830465399322 28.112359797496598 3.981866411263906
vertex 77.44445839480937 24.438485116764603 0.7999999999999999
vertex 77.44445839480937 24.438485116764603 3.981866411263906
endloop
endfacet
facet normal -0.9865593109234368 -0.16340356798513822 9.346640273270101e-19
outer loop
vertex 77.44445839480937 24.438485116764603 0.7999999999999999
vertex 77.0830465399322 28.112359797496598 3.981866411263906
vertex 77.0830465399322 28.112359797496598 0.7999999999999999
endloop
endfacet
facet normal -0.9865593109234368 -0.16340356798513822 9.346640273270101e-19
outer loop
vertex 77.44445839480937 24.438485116764603 3.981866411263906
vertex 78.28711056266422 20.842747589994094 0.7999999999999999
vertex 78.28711056266422 20.842747589994094 3.981866411263906
endloop
endfacet
facet normal -0.9564498500018987 -0.2918967016451974 1.7468959757646125e-18
outer loop
vertex 78.28711056266422 20.842747589994094 0.7999999999999999
vertex 77.44445839480937 24.438485116764603 3.981866411263906
vertex 77.44445839480937 24.438485116764603 0.7999999999999999
endloop
endfacet
facet normal -0.9564498500018987 -0.2918967016451974 1.7468959757646125e-18
outer loop
vertex 78.28711056266422 20.842747589994094 3.981866411263906
vertex 79.59658503127746 17.38667128319491 0.7999999999999999
vertex 79.59658503127746 17.38667128319491 3.981866411263906
endloop
endfacet
facet normal -0.9097610785079032 -0.4151322440284986 2.527601018256209e-18
outer loop
vertex 79.59658503127746 17.38667128319491 0.7999999999999999
vertex 78.28711056266422 20.842747589994094 3.981866411263906
vertex 78.28711056266422 20.842747589994094 0.7999999999999999
endloop
endfacet
facet normal -0.9097610785079032 -0.4151322440284986 2.527601018256209e-18
outer loop
vertex 79.59658503127746 17.38667128319491 3.981866411263906
vertex 81.3504763294361 14.12939062018174 0.7999999999999999
vertex 81.3504763294361 14.12939062018174 3.981866411263906
endloop
endfacet
facet normal -0.8474094976358051 -0.5309398678914898 3.263020957407443e-18
outer loop
vertex 81.3504763294361 14.12939062018174 0.7999999999999999
vertex 79.59658503127746 17.38667128319491 3.981866411263906
vertex 79.59658503127746 17.38667128319491 0.7999999999999999
endloop
endfacet
facet normal -0.8474094976358051 -0.5309398678914898 3.263020957407443e-18
outer loop
vertex 81.3504763294361 14.12939062018174 3.981866411263906
vertex 83.51877489075825 11.12663857618757 0.7999999999999999
vertex 83.51877489075825 11.12663857618757 3.981866411263906
endloop
endfacet
facet normal -0.7705937811569749 -0.6373266230451982 3.94048779919519e-18
outer loop
vertex 83.51877489075825 11.12663857618757 0.7999999999999999
vertex 81.3504763294361 14.12939062018174 3.981866411263906
vertex 81.3504763294361 14.12939062018174 0.7999999999999999
endloop
endfacet
facet normal -0.7705937811569749 -0.6373266230451982 3.94048779919519e-18
outer loop
vertex 83.51877489075825 11.12663857618757 3.981866411263906
vertex 86.06438052569368 8.429793071205271 0.7999999999999999
vertex 86.06438052569368 8.429793071205271 3.981866411263906
endloop
endfacet
facet normal -0.6807538083570985 -0.7325122882295606 4.5486503526238076e-18
outer loop
vertex 86.06438052569368 8.429793071205271 0.7999999999999999
vertex 83.51877489075825 11.12663857618757 3.981866411263906
vertex 83.51877489075825 11.12663857618757 0.7999999999999999
endloop
endfacet
facet normal -0.579526906772445 -0.8149531055998019 5.077627921881076e-18
outer loop
vertex 88.94373721605342 6.084997879531955 3.981866411263906
vertex 86.06438052569368 8.429793071205271 0.7999999999999999
vertex 88.94373721605342 6.084997879531955 0.7999999999999999
endloop
endfacet
facet normal -0.6807538083570985 -0.7325122882295606 4.5486503526238076e-18
outer loop
vertex 86.06438052569368 8.429793071205271 0.7999999999999999
vertex 88.94373721605342 6.084997879531955 3.981866411263906
vertex 86.06438052569368 8.429793071205271 3.981866411263906
endloop
endfacet
facet normal -0.4687049618928214 -0.8833547751028737 5.519096266161778e-18
outer loop
vertex 92.10757837055695 4.132373096997165 3.981866411263906
vertex 88.94373721605342 6.084997879531955 0.7999999999999999
vertex 92.10757837055695 4.132373096997165 0.7999999999999999
endloop
endfacet
facet normal -0.579526906772445 -0.8149531055998019 5.077627921881076e-18
outer loop
vertex 88.94373721605342 6.084997879531955 0.7999999999999999
vertex 92.10757837055695 4.132373096997165 3.981866411263906
vertex 88.94373721605342 6.084997879531955 3.981866411263906
endloop
endfacet
facet normal -0.35019523417288967 -0.9366767307681956 5.866318291095024e-18
outer loop
vertex 95.50176978986819 2.605328674999979 3.981866411263906
vertex 92.10757837055695 4.132373096997165 0.7999999999999999
vertex 95.50176978986819 2.605328674999979 0.7999999999999999
endloop
endfacet
facet normal -0.4687049618928214 -0.8833547751028737 5.519096266161778e-18
outer loop
vertex 92.10757837055695 4.132373096997165 0.7999999999999999
vertex 95.50176978986819 2.605328674999979 3.981866411263906
vertex 92.10757837055695 4.132373096997165 3.981866411263906
endloop
endfacet
facet normal -0.22598660685531305 -0.974130408888883 6.114136376008202e-18
outer loop
vertex 99.06823591775519 1.5299927669774092 3.981866411263906
vertex 95.50176978986819 2.605328674999979 0.7999999999999999
vertex 99.06823591775519 1.5299927669774092 0.7999999999999999
endloop
endfacet
facet normal -0.35019523417288967 -0.9366767307681956 5.866318291095024e-18
outer loop
vertex 95.50176978986819 2.605328674999979 0.7999999999999999
vertex 99.06823591775519 1.5299927669774092 3.981866411263906
vertex 95.50176978986819 2.605328674999979 3.981866411263906
endloop
endfacet
facet normal -0.09812178277720024 -0.9951744147357408 6.25894459555568e-18
outer loop
vertex 102.7459535299584 0.9247646684551863 3.981866411263906
vertex 99.06823591775519 1.5299927669774092 0.7999999999999999
vertex 102.7459535299584 0.9247646684551863 0.7999999999999999
endloop
endfacet
facet normal -0.22598660685531305 -0.974130408888883 6.114136376008202e-18
outer loop
vertex 99.06823591775519 1.5299927669774092 0.7999999999999999
vertex 102.7459535299584 0.9247646684551863 3.981866411263906
vertex 99.06823591775519 1.5299927669774092 3.981866411263906
endloop
endfacet
facet normal 0.031325165441583154 -0.9995092465855718 6.298657639797137e-18
outer loop
vertex 106.47199585847724 0.7999999999999999 3.981866411263906
vertex 102.7459535299584 0.9247646684551863 0.7999999999999999
vertex 106.47199585847724 0.7999999999999999 0.7999999999999999
endloop
endfacet
facet normal -0.09812178277720024 -0.9951744147357408 6.25894459555568e-18
outer loop
vertex 102.7459535299584 0.9247646684551863 0.7999999999999999
vertex 106.47199585847724 0.7999999999999999 3.981866411263906
vertex 102.7459535299584 0.9247646684551863 3.981866411263906
endloop
endfacet
facet normal 0.16026738144822897 -0.9870736378020274 6.232689555589804e-18
outer loop
vertex 110.18260928601649 1.1578335196803449 3.981866411263906
vertex 106.47199585847724 0.7999999999999999 0.7999999999999999
vertex 110.18260928601649 1.1578335196803449 0.7999999999999999
endloop
endfacet
facet normal 0.031325165441583154 -0.9995092465855718 6.298657639797137e-18
outer loop
vertex 106.47199585847724 0.7999999999999999 0.7999999999999999
vertex 110.18260928601649 1.1578335196803449 3.981866411263906
vertex 106.47199585847724 0.7999999999999999 3.981866411263906
endloop
endfacet
facet normal 0.2866220345718431 -0.9580437408061792 6.061950218010167e-18
outer loop
vertex 113.81430418805472 1.9921425967643152 3.981866411263906
vertex 110.18260928601649 1.1578335196803449 0.7999999999999999
vertex 113.81430418805472 1.9921425967643152 0.7999999999999999
endloop
endfacet
facet normal 0.16026738144822897 -0.9870736378020274 6.232689555589804e-18
outer loop
vertex 110.18260928601649 1.1578335196803449 0.7999999999999999
vertex 113.81430418805472 1.9921425967643152 3.981866411263906
vertex 110.18260928601649 1.1578335196803449 3.981866411263906
endloop
endfacet
facet normal 0.4083277029078487 -0.9128354107055661 5.7888613807298005e-18
outer loop
vertex 117.30494125792197 3.288651971628889 3.981866411263906
vertex 113.81430418805472 1.9921425967643152 0.7999999999999999
vertex 117.30494125792197 3.288651971628889 0.7999999999999999
endloop
endfacet
facet normal 0.2866220345718431 -0.9580437408061792 6.061950218010167e-18
outer loop
vertex 113.81430418805472 1.9921425967643152 0.7999999999999999
vertex 117.30494125792197 3.288651971628889 3.981866411263906
vertex 113.81430418805472 1.9921425967643152 3.981866411263906
endloop
endfacet
facet normal 0.523364596149588 -0.8521088542534803 5.417387897229074e-18
outer loop
vertex 120.59479472756523 5.0251780094097525 3.981866411263906
vertex 117.30494125792197 3.288651971628889 0.7999999999999999
vertex 120.59479472756523 5.0251780094097525 0.7999999999999999
endloop
endfacet
facet normal 0.4083277029078487 -0.9128354107055661 5.7888613807298005e-18
outer loop
vertex 117.30494125792197 3.288651971628889 0.7999999999999999
vertex 120.59479472756523 5.0251780094097525 3.981866411263906
vertex 117.30494125792197 3.288651971628889 3.981866411263906
endloop
endfacet
facet normal 0.6297794565531912 -0.7767739929371779 4.953073888582546e-18
outer loop
vertex 123.62757429199937 7.17200826814454 3.981866411263906
vertex 120.59479472756523 5.0251780094097525 0.7999999999999999
vertex 123.62757429199937 7.17200826814454 0.7999999999999999
endloop
endfacet
facet normal 0.523364596149588 -0.8521088542534803 5.417387897229074e-18
outer loop
vertex 120.59479472756523 5.0251780094097525 0.7999999999999999
vertex 123.62757429199937 7.17200826814454 3.981866411263906
vertex 120.59479472756523 5.0251780094097525 3.981866411263906
endloop
endfacet
facet normal 0.7257162287934951 -0.6879941535113125 4.403068929264176e-18
outer loop
vertex 126.35138825203138 9.692409886892497 3.981866411263906
vertex 123.62757429199937 7.17200826814454 0.7999999999999999
vertex 126.35138825203138 9.692409886892497 0.7999999999999999
endloop
endfacet
facet normal 0.6297794565531912 -0.7767739929371779 4.953073888582546e-18
outer loop
vertex 123.62757429199937 7.17200826814454 0.7999999999999999
vertex 126.35138825203138 9.692409886892497 3.981866411263906
vertex 123.62757429199937 7.17200826814454 3.981866411263906
endloop
endfacet
facet normal 0.8094525766483469 -0.5871852571014975 3.776126440078148e-18
outer loop
vertex 128.71963139562152 12.543258095169477 0.7999999999999999
vertex 126.35138825203138 9.692409886892497 3.981866411263906
vertex 126.35138825203138 9.692409886892497 0.7999999999999999
endloop
endfacet
facet normal 0.7257162287934951 -0.6879941535113125 4.403068929264176e-18
outer loop
vertex 126.35138825203138 9.692409886892497 3.981866411263906
vertex 128.71963139562152 12.543258095169477 0.7999999999999999
vertex 128.71963139562152 12.543258095169477 3.981866411263906
endloop
endfacet
facet normal 0.8794411469997899 -0.4760076354048263 3.082556096134256e-18
outer loop
vertex 130.69178242598173 15.675774089727417 0.7999999999999999
vertex 128.71963139562152 12.543258095169477 3.981866411263906
vertex 128.71963139562152 12.543258095169477 0.7999999999999999
endloop
endfacet
facet normal 0.8094525766483469 -0.5871852571014975 3.776126440078148e-18
outer loop
vertex 128.71963139562152 12.543258095169477 3.981866411263906
vertex 130.69178242598173 15.675774089727417 0.7999999999999999
vertex 130.69178242598173 15.675774089727417 3.981866411263906
endloop
endfacet
facet normal 0.9343532939122314 -0.3563480351501368 2.334114668992602e-18
outer loop
vertex 132.23409729219884 19.03635965340194 0.7999999999999999
vertex 130.69178242598173 15.675774089727417 3.981866411263906
vertex 130.69178242598173 15.675774089727417 0.7999999999999999
endloop
endfacet
facet normal 0.8794411469997899 -0.4760076354048263 3.082556096134256e-18
outer loop
vertex 130.69178242598173 15.675774089727417 3.981866411263906
vertex 132.23409729219884 19.03635965340194 0.7999999999999999
vertex 132.23409729219884 19.03635965340194 3.981866411263906
endloop
endfacet
facet normal 0.9340397342490114 -0.3571691123880062 2.3392563674123798e-18
outer loop
vertex 132.77714192575027 20.801936944435084 0.7999999999999999
vertex 132.23409729219884 19.03635965340194 3.981866411263906
vertex 132.23409729219884 19.03635965340194 0.7999999999999999
endloop
endfacet
facet normal 0.9343532939122314 -0.3563480351501368 2.334114668992602e-18
outer loop
vertex 132.23409729219884 19.03635965340194 3.981866411263906
vertex 132.77714192575027 20.801936944435084 0.7999999999999999
vertex 132.77714192575027 20.801936944435084 3.981866411263906
endloop
endfacet
facet normal 0.8443816075546021 -0.5357421962320178 3.455448038296331e-18
outer loop
vertex 133.0378299665226 21.36733479154407 0.7999999999999999
vertex 132.77714192575027 20.801936944435084 3.981866411263906
vertex 132.77714192575027 20.801936944435084 0.7999999999999999
endloop
endfacet
facet normal 0.9340397342490114 -0.3571691123880062 2.3392563674123798e-18
outer loop
vertex 132.77714192575027 20.801936944435084 3.981866411263906
vertex 133.0378299665226 21.36733479154407 0.7999999999999999
vertex 133.0378299665226 21.36733479154407 3.981866411263906
endloop
endfacet
facet normal 0.6740338257872298 -0.7387004817208597 4.7175008279188536e-18
outer loop
vertex 133.4391213209255 21.84528060822974 0.7999999999999999
vertex 133.0378299665226 21.36733479154407 3.981866411263906
vertex 133.0378299665226 21.36733479154407 0.7999999999999999
endloop
endfacet
facet normal 0.8443816075546021 -0.5357421962320178 3.455448038296331e-18
outer loop
vertex 133.0378299665226 21.36733479154407 3.981866411263906
vertex 133.4391213209255 21.84528060822974 0.7999999999999999
vertex 133.4391213209255 21.84528060822974 3.981866411263906
endloop
endfacet
facet normal 0.45757271242111996 -0.8891722065199626 5.6445335947148605e-18
outer loop
vertex 133.95293905637493 22.202334221095008 3.981866411263906
vertex 133.4391213209255 21.84528060822974 0.7999999999999999
vertex 133.95293905637493 22.202334221095008 0.7999999999999999
endloop
endfacet
facet normal 0.6740338257872298 -0.7387004817208597 4.7175008279188536e-18
outer loop
vertex 133.4391213209255 21.84528060822974 0.7999999999999999
vertex 133.95293905637493 22.202334221095008 3.981866411263906
vertex 133.4391213209255 21.84528060822974 3.981866411263906
endloop
endfacet
facet normal 0.21039463377882356 -0.9776165393839624 6.1779269932678325e-18
outer loop
vertex 134.54333316856497 22.413513855408446 3.981866411263906
vertex 133.95293905637493 22.202334221095008 0.7999999999999999
vertex 134.54333316856497 22.413513855408446 0.7999999999999999
endloop
endfacet
facet normal 0.45757271242111996 -0.8891722065199626 5.6445335947148605e-18
outer loop
vertex 133.95293905637493 22.202334221095008 0.7999999999999999
vertex 134.54333316856497 22.413513855408446 3.981866411263906
vertex 133.95293905637493 22.202334221095008 3.981866411263906
endloop
endfacet
facet normal 0.040281645747409986 -0.9991883651323609 6.297495074948966e-18
outer loop
vertex 135.16899587574457 22.464044021265476 3.981866411263906
vertex 134.54333316856497 22.413513855408446 0.7999999999999999
vertex 135.16899587574457 22.464044021265476 0.7999999999999999
endloop
endfacet
facet normal 0.21039463377882356 -0.9776165393839624 6.1779269932678325e-18
outer loop
vertex 134.54333316856497 22.413513855408446 0.7999999999999999
vertex 135.16899587574457 22.464044021265476 3.981866411263906
vertex 134.54333316856497 22.413513855408446 3.981866411263906
endloop
endfacet
facet normal 0.06475830262993067 -0.9979009781739321 6.2917325322975645e-18
outer loop
vertex 139.91937749121942 22.464044021265476 3.981866411263906
vertex 135.16899587574457 22.464044021265476 0.7999999999999999
vertex 139.91937749121942 22.464044021265476 0.7999999999999999
endloop
endfacet
facet normal 0.040281645747409986 -0.9991883651323609 6.297495074948966e-18
outer loop
vertex 135.16899587574457 22.464044021265476 0.7999999999999999
vertex 139.91937749121942 22.464044021265476 3.981866411263906
vertex 135.16899587574457 22.464044021265476 3.981866411263906
endloop
endfacet
facet normal 0.2564257662109417 -0.9665639277477363 6.11272203649918e-18
outer loop
vertex 140.14729936803772 22.493753411699085 0.8000000000000012
vertex 139.91937749121942 22.464044021265476 3.981866411263906
vertex 139.91937749121942 22.464044021265476 0.7999999999999999
endloop
endfacet
facet normal 0.06475830262993067 -0.9979009781739321 6.2917325322975645e-18
outer loop
vertex 139.91937749121942 22.464044021265476 3.981866411263906
vertex 140.14729936803772 22.493753411699085 0.8000000000000012
vertex 140.14729936803772 22.493753411699085 3.9818664112639075
endloop
endfacet
facet normal 0.49627333210254704 -0.8681663318995013 5.5159328463219925e-18
outer loop
vertex 140.35968874560967 22.58085693713895 0.8000000000000023
vertex 140.14729936803772 22.493753411699085 3.9818664112639075
vertex 140.14729936803772 22.493753411699085 0.8000000000000012
endloop
endfacet
facet normal 0.25642576621094254 -0.9665639277477361 6.11272203649918e-18
outer loop
vertex 140.14729936803772 22.493753411699085 3.9818664112639075
vertex 140.35968874560967 22.58085693713895 0.8000000000000023
vertex 140.35968874560967 22.58085693713895 3.9818664112639084
endloop
endfacet
facet normal 0.7035801295960725 -0.7106159308920492 4.54343574614163e-18
outer loop
vertex 140.54207163884362 22.719418636271737 0.8000000000000029
vertex 140.35968874560967 22.58085693713895 3.9818664112639084
vertex 140.35968874560967 22.58085693713895 0.8000000000000023
endloop
endfacet
facet normal 0.4962733321025475 -0.8681663318995011 5.515932846321991e-18
outer loop
vertex 140.35968874560967 22.58085693713895 3.9818664112639084
vertex 140.54207163884362 22.719418636271737 0.8000000000000029
vertex 140.54207163884362 22.719418636271737 3.981866411263909
endloop
endfacet
facet normal 0.863857681149658 -0.5037359494008103 3.2557158378391406e-18
outer loop
vertex 140.68201895496773 22.89999575828556 0.8000000000000038
vertex 140.54207163884362 22.719418636271737 3.981866411263909
vertex 140.54207163884362 22.719418636271737 0.8000000000000029
endloop
endfacet
facet normal 0.703580129596073 -0.7106159308920489 4.543435746141628e-18
outer loop
vertex 140.54207163884362 22.719418636271737 3.981866411263909
vertex 140.68201895496773 22.89999575828556 0.8000000000000038
vertex 140.68201895496773 22.89999575828556 3.981866411263909
endloop
endfacet
facet normal 0.9652761993797221 -0.2612314278777325 1.737963661706581e-18
outer loop
vertex 140.769993515662 23.110282270733 0.8000000000000042
vertex 140.68201895496773 22.89999575828556 3.981866411263909
vertex 140.68201895496773 22.89999575828556 0.8000000000000038
endloop
endfacet
facet normal 0.8638576811496582 -0.5037359494008101 3.255715837839139e-18
outer loop
vertex 140.68201895496773 22.89999575828556 3.981866411263909
vertex 140.769993515662 23.110282270733 0.8000000000000042
vertex 140.769993515662 23.110282270733 3.9818664112639097
endloop
endfacet
facet normal 0.9978160284769991 -0.06605432093654723 5.117119960075644e-19
outer loop
vertex 140.79999999999993 23.33594749530564 0.8000000000000045
vertex 140.769993515662 23.110282270733 3.9818664112639097
vertex 140.769993515662 23.110282270733 0.8000000000000042
endloop
endfacet
facet normal 0.9652761993797222 -0.261231427877732 1.737963661706578e-18
outer loop
vertex 140.769993515662 23.110282270733 3.9818664112639097
vertex 140.79999999999993 23.33594749530564 0.8000000000000045
vertex 140.79999999999993 23.33594749530564 3.981866411263911
endloop
endfacet
facet normal 0.9963398947055189 0.08547990534737102 -4.429050923694844e-19
outer loop
vertex 140.79999999999993 28.787688276044605 0.7999999999999999
vertex 140.79999999999993 23.33594749530564 3.981866411263911
vertex 140.79999999999993 23.33594749530564 0.8000000000000045
endloop
endfacet
facet normal 0.997816028476999 -0.06605432093654709 5.1171199600756365e-19
outer loop
vertex 140.79999999999993 23.33594749530564 3.981866411263911
vertex 140.79999999999993 28.787688276044605 0.7999999999999999
vertex 140.79999999999993 28.787688276044605 3.981866411263906
endloop
endfacet
facet normal 0.9420533974560054 0.33546295822578903 -2.0226888272102315e-18
outer loop
vertex 140.73546285370526 29.161091626164115 0.7999999999999999
vertex 140.79999999999993 28.787688276044605 3.981866411263906
vertex 140.79999999999993 28.787688276044605 0.7999999999999999
endloop
endfacet
facet normal 0.9963398947055189 0.08547990534737097 -4.429050923694841e-19
outer loop
vertex 140.79999999999993 28.787688276044605 3.981866411263906
vertex 140.73546285370526 29.161091626164115 0.7999999999999999
vertex 140.73546285370526 29.161091626164115 3.981866411263906
endloop
endfacet
facet normal 0.7758127426876888 0.6309632226076303 -3.899906056959986e-18
outer loop
vertex 140.5491957951939 29.49200136766994 0.7999999999999999
vertex 140.73546285370526 29.161091626164115 3.981866411263906
vertex 140.73546285370526 29.161091626164115 0.7999999999999999
endloop
endfacet
facet normal 0.9420533974560054 0.33546295822578903 -2.0226888272102315e-18
outer loop
vertex 140.73546285370526 29.161091626164115 3.981866411263906
vertex 140.5491957951939 29.49200136766994 0.7999999999999999
vertex 140.5491957951939 29.49200136766994 3.981866411263906
endloop
endfacet
facet normal 0.522228749741499 0.8528054484719423 -5.321542924987258e-18
outer loop
vertex 140.26239616905167 29.742759699587673 3.981866411263906
vertex 140.5491957951939 29.49200136766994 0.7999999999999999
vertex 140.26239616905167 29.742759699587673 0.7999999999999999
endloop
endfacet
facet normal 0.7758127426876888 0.6309632226076303 -3.899906056959986e-18
outer loop
vertex 140.5491957951939 29.49200136766994 0.7999999999999999
vertex 140.26239616905167 29.742759699587673 3.981866411263906
vertex 140.5491957951939 29.49200136766994 3.981866411263906
endloop
endfacet
facet normal 0.2570541315308062 0.9663970061330608 -6.062447443027403e-18
outer loop
vertex 139.90770200881497 29.884830117331255 3.981866411263906
vertex 140.26239616905167 29.742759699587673 0.7999999999999999
vertex 139.90770200881497 29.884830117331255 0.7999999999999999
endloop
endfacet
facet normal 0.522228749741499 0.8528054484719423 -5.321542924987258e-18
outer loop
vertex 140.26239616905167 29.742759699587673 0.7999999999999999
vertex 139.90770200881497 29.884830117331255 3.981866411263906
vertex 140.26239616905167 29.742759699587673 3.981866411263906
endloop
endfacet
facet normal 0.21279104719863792 0.9770977280866572 -6.13409171797337e-18
outer loop
vertex 137.3085983352721 30.248756964522507 3.981866411263906
vertex 139.90770200881497 29.884830117331255 0.7999999999999999
vertex 137.3085983352721 30.248756964522507 0.7999999999999999
endloop
endfacet
facet normal 0.2570541315308062 0.9663970061330608 -6.062447443027403e-18
outer loop
vertex 139.90770200881497 29.884830117331255 0.7999999999999999
vertex 137.3085983352721 30.248756964522507 3.981866411263906
vertex 139.90770200881497 29.884830117331255 3.981866411263906
endloop
endfacet
facet normal 0.42658874820385584 0.9044457086557863 -5.655980040339289e-18
outer loop
vertex 136.0570113649615 30.62196398398531 3.981866411263906
vertex 137.3085983352721 30.248756964522507 0.7999999999999999
vertex 136.0570113649615 30.62196398398531 0.7999999999999999
endloop
endfacet
facet normal 0.21279104719863792 0.9770977280866572 -6.13409171797337e-18
outer loop
vertex 137.3085983352721 30.248756964522507 0.7999999999999999
vertex 136.0570113649615 30.62196398398531 3.981866411263906
vertex 137.3085983352721 30.248756964522507 3.981866411263906
endloop
endfacet
facet normal 0.6770078566174429 0.7359757890571239 -4.570825158515618e-18
outer loop
vertex 134.97570530136366 31.349083838213602 3.981866411263906
vertex 136.0570113649615 30.62196398398531 0.7999999999999999
vertex 134.97570530136366 31.349083838213602 0.7999999999999999
endloop
endfacet
facet normal 0.42658874820385584 0.9044457086557863 -5.655980040339289e-18
outer loop
vertex 136.0570113649615 30.62196398398531 0.7999999999999999
vertex 134.97570530136366 31.349083838213602 3.981866411263906
vertex 136.0570113649615 30.62196398398531 3.981866411263906
endloop
endfacet
facet normal 0.8666449255737053 0.4989254182514124 -3.059526128585789e-18
outer loop
vertex 134.16389488276928 32.363399980919546 0.7999999999999999
vertex 134.97570530136366 31.349083838213602 3.981866411263906
vertex 134.97570530136366 31.349083838213602 0.7999999999999999
endloop
endfacet
facet normal 0.6770078566174429 0.7359757890571239 -4.570825158515618e-18
outer loop
vertex 134.97570530136366 31.349083838213602 3.981866411263906
vertex 134.16389488276928 32.363399980919546 0.7999999999999999
vertex 134.16389488276928 32.363399980919546 3.981866411263906
endloop
endfacet
facet normal 0.9553938480767558 0.2953347169858111 -1.7686523911511863e-18
outer loop
vertex 133.69606739907167 33.57184430305377 0.7999999999999999
vertex 134.16389488276928 32.363399980919546 3.981866411263906
vertex 134.16389488276928 32.363399980919546 0.7999999999999999
endloop
endfacet
facet normal 0.8666449255737053 0.4989254182514124 -3.059526128585789e-18
outer loop
vertex 134.16389488276928 32.363399980919546 3.981866411263906
vertex 133.69606739907167 33.57184430305377 0.7999999999999999
vertex 133.69606739907167 33.57184430305377 3.981866411263906
endloop
endfacet
facet normal 0.9564498500019013 0.29189670164518916 -1.7468959757645605e-18
outer loop
vertex 132.8534152312169 37.16758182982427 0.7999999999999999
vertex 133.69606739907167 33.57184430305377 3.981866411263906
vertex 133.69606739907167 33.57184430305377 0.7999999999999999
endloop
endfacet
facet normal 0.9553938480767558 0.2953347169858111 -1.7686523911511863e-18
outer loop
vertex 133.69606739907167 33.57184430305377 3.981866411263906
vertex 132.8534152312169 37.16758182982427 0.7999999999999999
vertex 132.8534152312169 37.16758182982427 3.981866411263906
endloop
endfacet
facet normal 0.9097610785079027 0.4151322440284995 -2.5276010182562156e-18
outer loop
vertex 131.54394076260374 40.62365813662346 0.7999999999999999
vertex 132.8534152312169 37.16758182982427 3.981866411263906
vertex 132.8534152312169 37.16758182982427 0.7999999999999999
endloop
endfacet
facet normal 0.9564498500019013 0.29189670164518916 -1.7468959757645605e-18
outer loop
vertex 132.8534152312169 37.16758182982427 3.981866411263906
vertex 131.54394076260374 40.62365813662346 0.7999999999999999
vertex 131.54394076260374 40.62365813662346 3.981866411263906
endloop
endfacet
facet normal 0.8474094976358028 0.5309398678914934 -3.2630209574074642e-18
outer loop
vertex 129.790049464445 43.88093879963664 0.7999999999999999
vertex 131.54394076260374 40.62365813662346 3.981866411263906
vertex 131.54394076260374 40.62365813662346 0.7999999999999999
endloop
endfacet
facet normal 0.9097610785079027 0.4151322440284995 -2.5276010182562156e-18
outer loop
vertex 131.54394076260374 40.62365813662346 3.981866411263906
vertex 129.790049464445 43.88093879963664 0.7999999999999999
vertex 129.790049464445 43.88093879963664 3.981866411263906
endloop
endfacet
facet normal 0.7705937811569746 0.6373266230451987 -3.9404877991951904e-18
outer loop
vertex 127.62175090312289 46.88369084363082 0.7999999999999999
vertex 129.790049464445 43.88093879963664 3.981866411263906
vertex 129.790049464445 43.88093879963664 0.7999999999999999
endloop
endfacet
facet normal 0.8474094976358028 0.5309398678914934 -3.2630209574074642e-18
outer loop
vertex 129.790049464445 43.88093879963664 3.981866411263906
vertex 127.62175090312289 46.88369084363082 0.7999999999999999
vertex 127.62175090312289 46.88369084363082 3.981866411263906
endloop
endfacet
facet normal 0.6807538083570999 0.7325122882295595 -4.5486503526237976e-18
outer loop
vertex 125.07614526818747 49.58053634861311 0.7999999999999999
vertex 127.62175090312289 46.88369084363082 3.981866411263906
vertex 127.62175090312289 46.88369084363082 0.7999999999999999
endloop
endfacet
facet normal 0.7705937811569746 0.6373266230451987 -3.9404877991951904e-18
outer loop
vertex 127.62175090312289 46.88369084363082 3.981866411263906
vertex 125.07614526818747 49.58053634861311 0.7999999999999999
vertex 125.07614526818747 49.58053634861311 3.981866411263906
endloop
endfacet
facet normal 0.5795269067724451 0.8149531055998017 -5.077627921881072e-18
outer loop
vertex 122.19678857782772 51.92533154028644 3.981866411263906
vertex 125.07614526818747 49.58053634861311 0.7999999999999999
vertex 122.19678857782772 51.92533154028644 0.7999999999999999
endloop
endfacet
facet normal 0.6807538083570999 0.7325122882295595 -4.5486503526237976e-18
outer loop
vertex 125.07614526818747 49.58053634861311 0.7999999999999999
vertex 122.19678857782772 51.92533154028644 3.981866411263906
vertex 125.07614526818747 49.58053634861311 3.981866411263906
endloop
endfacet
facet normal 0.46870496189282623 0.8833547751028712 -5.5190962661617624e-18
outer loop
vertex 119.03294742332419 53.877956322821234 3.981866411263906
vertex 122.19678857782772 51.92533154028644 0.7999999999999999
vertex 119.03294742332419 53.877956322821234 0.7999999999999999
endloop
endfacet
facet normal 0.5795269067724451 0.8149531055998017 -5.077627921881072e-18
outer loop
vertex 122.19678857782772 51.92533154028644 0.7999999999999999
vertex 119.03294742332419 53.877956322821234 3.981866411263906
vertex 122.19678857782772 51.92533154028644 3.981866411263906
endloop
endfacet
facet normal 0.35019523417289355 0.9366767307681942 -5.8663182910950156e-18
outer loop
vertex 115.63875600401292 55.40500074481845 3.981866411263906
vertex 119.03294742332419 53.877956322821234 0.7999999999999999
vertex 115.63875600401292 55.40500074481845 0.7999999999999999
endloop
endfacet
facet normal 0.46870496189282623 0.8833547751028712 -5.5190962661617624e-18
outer loop
vertex 119.03294742332419 53.877956322821234 0.7999999999999999
vertex 115.63875600401292 55.40500074481845 3.981866411263906
vertex 119.03294742332419 53.877956322821234 3.981866411263906
endloop
endfacet
facet normal 0.2259866068553116 0.9741304088888832 -6.1141363760082e-18
outer loop
vertex 112.07228987612595 56.480336652841025 3.981866411263906
vertex 115.63875600401292 55.40500074481845 0.7999999999999999
vertex 112.07228987612595 56.480336652841025 0.7999999999999999
endloop
endfacet
facet normal 0.35019523417289355 0.9366767307681942 -5.8663182910950156e-18
outer loop
vertex 115.63875600401292 55.40500074481845 0.7999999999999999
vertex 112.07228987612595 56.480336652841025 3.981866411263906
vertex 115.63875600401292 55.40500074481845 3.981866411263906
endloop
endfacet
facet normal 0.09812178277720056 0.9951744147357406 -6.2589445955556795e-18
outer loop
vertex 108.39457226392258 57.085564751363265 3.981866411263906
vertex 112.07228987612595 56.480336652841025 0.7999999999999999
vertex 108.39457226392258 57.085564751363265 0.7999999999999999
endloop
endfacet
facet normal 0.2259866068553116 0.9741304088888832 -6.1141363760082e-18
outer loop
vertex 112.07228987612595 56.480336652841025 0.7999999999999999
vertex 108.39457226392258 57.085564751363265 3.981866411263906
vertex 112.07228987612595 56.480336652841025 3.981866411263906
endloop
endfacet
facet normal -0.03132516544158318 0.9995092465855719 -6.29865763979714e-18
outer loop
vertex 104.6685299354037 57.210329419818464 3.981866411263906
vertex 108.39457226392258 57.085564751363265 0.7999999999999999
vertex 104.6685299354037 57.210329419818464 0.7999999999999999
endloop
endfacet
facet normal 0.09812178277720056 0.9951744147357406 -6.2589445955556795e-18
outer loop
vertex 108.39457226392258 57.085564751363265 0.7999999999999999
vertex 104.6685299354037 57.210329419818464 3.981866411263906
vertex 108.39457226392258 57.085564751363265 3.981866411263906
endloop
endfacet
facet normal -0.16026738144823335 0.9870736378020266 -6.2326895555898005e-18
outer loop
vertex 100.95791650786447 56.85249590013811 3.981866411263906
vertex 104.6685299354037 57.210329419818464 0.7999999999999999
vertex 100.95791650786447 56.85249590013811 0.7999999999999999
endloop
endfacet
facet normal -0.03132516544158318 0.9995092465855719 -6.29865763979714e-18
outer loop
vertex 104.6685299354037 57.210329419818464 0.7999999999999999
vertex 100.95791650786447 56.85249590013811 3.981866411263906
vertex 104.6685299354037 57.210329419818464 3.981866411263906
endloop
endfacet
facet normal -0.28662203457184465 0.9580437408061785 -6.061950218010164e-18
outer loop
vertex 97.32622160582622 56.0181868230541 3.981866411263906
vertex 100.95791650786447 56.85249590013811 0.7999999999999999
vertex 97.32622160582622 56.0181868230541 0.7999999999999999
endloop
endfacet
facet normal -0.16026738144823335 0.9870736378020266 -6.2326895555898005e-18
outer loop
vertex 100.95791650786447 56.85249590013811 0.7999999999999999
vertex 97.32622160582622 56.0181868230541 3.981866411263906
vertex 100.95791650786447 56.85249590013811 3.981866411263906
endloop
endfacet
facet normal -0.4083277029078515 0.912835410705565 -5.788861380729797e-18
outer loop
vertex 93.83558453595901 54.721677448189546 3.981866411263906
vertex 97.32622160582622 56.0181868230541 0.7999999999999999
vertex 93.83558453595901 54.721677448189546 0.7999999999999999
endloop
endfacet
facet normal -0.28662203457184465 0.9580437408061785 -6.061950218010164e-18
outer loop
vertex 97.32622160582622 56.0181868230541 0.7999999999999999
vertex 93.83558453595901 54.721677448189546 3.981866411263906
vertex 97.32622160582622 56.0181868230541 3.981866411263906
endloop
endfacet
facet normal -0.5233645961495922 0.8521088542534777 -5.417387897229059e-18
outer loop
vertex 90.54573106631575 52.98515141040867 3.981866411263906
vertex 93.83558453595901 54.721677448189546 0.7999999999999999
vertex 90.54573106631575 52.98515141040867 0.7999999999999999
endloop
endfacet
facet normal -0.4083277029078515 0.912835410705565 -5.788861380729797e-18
outer loop
vertex 93.83558453595901 54.721677448189546 0.7999999999999999
vertex 90.54573106631575 52.98515141040867 3.981866411263906
vertex 93.83558453595901 54.721677448189546 3.981866411263906
endloop
endfacet
facet normal -0.6297794565531897 0.7767739929371794 -4.953073888582556e-18
outer loop
vertex 87.51295150188162 50.83832115167388 3.981866411263906
vertex 90.54573106631575 52.98515141040867 0.7999999999999999
vertex 87.51295150188162 50.83832115167388 0.7999999999999999
endloop
endfacet
facet normal -0.5233645961495922 0.8521088542534777 -5.417387897229059e-18
outer loop
vertex 90.54573106631575 52.98515141040867 0.7999999999999999
vertex 87.51295150188162 50.83832115167388 3.981866411263906
vertex 90.54573106631575 52.98515141040867 3.981866411263906
endloop
endfacet
facet normal -0.7257162287934984 0.6879941535113092 -4.403068929264154e-18
outer loop
vertex 84.78913754184953 48.31791953292594 3.981866411263906
vertex 87.51295150188162 50.83832115167388 0.7999999999999999
vertex 84.78913754184953 48.31791953292594 0.7999999999999999
endloop
endfacet
facet normal -0.6297794565531897 0.7767739929371794 -4.953073888582556e-18
outer loop
vertex 87.51295150188162 50.83832115167388 0.7999999999999999
vertex 84.78913754184953 48.31791953292594 3.981866411263906
vertex 87.51295150188162 50.83832115167388 3.981866411263906
endloop
endfacet
facet normal -0.7257162287934984 0.6879941535113092 -4.403068929264154e-18
outer loop
vertex 84.78913754184953 48.31791953292594 3.981866411263906
vertex 82.42089439825952 45.467071324648956 0.7999999999999999
vertex 82.42089439825952 45.467071324648956 3.981866411263906
endloop
endfacet
facet normal -0.8094525766483532 0.587185257101489 -3.776126440078095e-18
outer loop
vertex 82.42089439825952 45.467071324648956 0.7999999999999999
vertex 84.78913754184953 48.31791953292594 3.981866411263906
vertex 84.78913754184953 48.31791953292594 0.7999999999999999
endloop
endfacet
facet normal -0.8094525766483532 0.587185257101489 -3.776126440078095e-18
outer loop
vertex 82.42089439825952 45.467071324648956 3.981866411263906
vertex 80.44874336789935 42.33455533009098 0.7999999999999999
vertex 80.44874336789935 42.33455533009098 3.981866411263906
endloop
endfacet
facet normal -0.8794411469997918 0.47600763540482316 -3.082556096134237e-18
outer loop
vertex 80.44874336789935 42.33455533009098 0.7999999999999999
vertex 82.42089439825952 45.467071324648956 3.981866411263906
vertex 82.42089439825952 45.467071324648956 0.7999999999999999
endloop
endfacet
facet normal -0.8794411469997918 0.47600763540482316 -3.082556096134237e-18
outer loop
vertex 80.44874336789935 42.33455533009098 3.981866411263906
vertex 79.67758593479076 40.654262548253705 0.7999999999999999
vertex 79.67758593479076 40.654262548253705 3.981866411263906
endloop
endfacet
facet normal -0.8848449665322791 0.46588559239634136 -3.019317940258942e-18
outer loop
vertex 79.67758593479076 40.654262548253705 0.7999999999999999
vertex 80.44874336789935 42.33455533009098 3.981866411263906
vertex 80.44874336789935 42.33455533009098 0.7999999999999999
endloop
endfacet
facet normal -0.8848449665322791 0.46588559239634136 -3.019317940258942e-18
outer loop
vertex 79.67758593479076 40.654262548253705 3.981866411263906
vertex 79.32484204809091 40.064402174923934 0.7999999999999999
vertex 79.32484204809091 40.064402174923934 3.981866411263906
endloop
endfacet
facet normal -0.7924380747925146 0.6099523732383809 -3.917899675278408e-18
outer loop
vertex 79.32484204809091 40.064402174923934 0.7999999999999999
vertex 79.67758593479076 40.654262548253705 3.981866411263906
vertex 79.67758593479076 40.654262548253705 0.7999999999999999
endloop
endfacet
facet normal -0.7924380747925146 0.6099523732383809 -3.917899675278408e-18
outer loop
vertex 79.32484204809091 40.064402174923934 3.981866411263906
vertex 78.8439581549101 39.57122980345933 0.7999999999999999
vertex 78.8439581549101 39.57122980345933 3.981866411263906
endloop
endfacet
facet normal -0.6299587538352358 0.7766285910693456 -4.952175226958192e-18
outer loop
vertex 78.8439581549101 39.57122980345933 0.7999999999999999
vertex 79.32484204809091 40.064402174923934 3.981866411263906
vertex 79.32484204809091 40.064402174923934 0.7999999999999999
endloop
endfacet
facet normal -0.43428346027963033 0.9007762630795457 -5.715392044460383e-18
outer loop
vertex 78.26097327058712 39.20144984864181 3.981866411263906
vertex 78.8439581549101 39.57122980345933 0.7999999999999999
vertex 78.26097327058712 39.20144984864181 0.7999999999999999
endloop
endfacet
facet normal -0.6299587538352358 0.7766285910693456 -4.952175226958192e-18
outer loop
vertex 78.8439581549101 39.57122980345933 0.7999999999999999
vertex 78.26097327058712 39.20144984864181 3.981866411263906
vertex 78.8439581549101 39.57122980345933 3.981866411263906
endloop
endfacet
facet normal -0.21609415811125046 0.9763725287154436 -6.170637653850239e-18
outer loop
vertex 77.60745499919551 38.97508524335012 3.981866411263906
vertex 78.26097327058712 39.20144984864181 0.7999999999999999
vertex 77.60745499919551 38.97508524335012 0.7999999999999999
endloop
endfacet
facet normal -0.43428346027963033 0.9007762630795457 -5.715392044460383e-18
outer loop
vertex 78.26097327058712 39.20144984864181 0.7999999999999999
vertex 77.60745499919551 38.97508524335012 3.981866411263906
vertex 78.26097327058712 39.20144984864181 3.981866411263906
endloop
endfacet
facet normal 0.013172651266260339 0.9999132368653881 -6.296936623356026e-18
outer loop
vertex 76.9187902034164 38.90439323203148 3.981866411263906
vertex 77.60745499919551 38.97508524335012 0.7999999999999999
vertex 76.9187902034164 38.90439323203148 0.7999999999999999
endloop
endfacet
facet normal -0.21609415811125046 0.9763725287154436 -6.170637653850239e-18
outer loop
vertex 77.60745499919551 38.97508524335012 0.7999999999999999
vertex 76.9187902034164 38.90439323203148 3.981866411263906
vertex 77.60745499919551 38.97508524335012 3.981866411263906
endloop
endfacet
facet normal 0.18075547622271532 0.9835280666129967 -6.177665779338445e-18
outer loop
vertex 76.23226886828586 38.993201662516086 3.981866411263906
vertex 76.9187902034164 38.90439323203148 0.7999999999999999
vertex 76.23226886828586 38.993201662516086 0.7999999999999999
endloop
endfacet
facet normal 0.013172651266260339 0.9999132368653881 -6.296936623356026e-18
outer loop
vertex 76.9187902034164 38.90439323203148 0.7999999999999999
vertex 76.23226886828586 38.993201662516086 3.981866411263906
vertex 76.9187902034164 38.90439323203148 3.981866411263906
endloop
endfacet
facet normal 0.21134684036159326 0.9774111279646714 -6.136204188681731e-18
outer loop
vertex 74.66283323206302 39.36876852697135 3.981866411263906
vertex 76.23226886828586 38.993201662516086 0.7999999999999999
vertex 74.66283323206302 39.36876852697135 0.7999999999999999
endloop
endfacet
facet normal 0.18075547622271532 0.9835280666129967 -6.177665779338445e-18
outer loop
vertex 76.23226886828586 38.993201662516086 0.7999999999999999
vertex 74.66283323206302 39.36876852697135 3.981866411263906
vertex 76.23226886828586 38.993201662516086 3.981866411263906
endloop
endfacet
facet normal 0.1258564777795167 0.9920484600063316 -6.236596298474016e-18
outer loop
vertex 72.45917223123725 39.79492102613446 3.981866411263906
vertex 74.66283323206302 39.36876852697135 0.7999999999999999
vertex 72.45917223123725 39.79492102613446 0.7999999999999999
endloop
endfacet
facet normal 0.21134684036159326 0.9774111279646714 -6.136204188681731e-18
outer loop
vertex 74.66283323206302 39.36876852697135 0.7999999999999999
vertex 72.45917223123725 39.79492102613446 3.981866411263906
vertex 74.66283323206302 39.36876852697135 3.981866411263906
endloop
endfacet
facet normal -0.0034259424320201453 0.9999941314420063 -6.299037331695694e-18
outer loop
vertex 70.21818355210763 39.9326401282432 3.981866411263906
vertex 72.45917223123725 39.79492102613446 0.7999999999999999
vertex 70.21818355210763 39.9326401282432 0.7999999999999999
endloop
endfacet
facet normal 0.1258564777795167 0.9920484600063316 -6.236596298474016e-18
outer loop
vertex 72.45917223123725 39.79492102613446 0.7999999999999999
vertex 70.21818355210763 39.9326401282432 3.981866411263906
vertex 72.45917223123725 39.79492102613446 3.981866411263906
endloop
endfacet
facet normal -0.13265316592951232 0.9911625182425319 -6.25579722120088e-18
outer loop
vertex 67.97821113229358 39.77956942127758 3.981866411263906
vertex 70.21818355210763 39.9326401282432 0.7999999999999999
vertex 67.97821113229358 39.77956942127758 0.7999999999999999
endloop
endfacet
facet normal -0.0034259424320201453 0.9999941314420063 -6.299037331695694e-18
outer loop
vertex 70.21818355210763 39.9326401282432 0.7999999999999999
vertex 67.97821113229358 39.77956942127758 3.981866411263906
vertex 70.21818355210763 39.9326401282432 3.981866411263906
endloop
endfacet
facet normal -0.21469720608167436 0.9766806590184547 -6.172444573747189e-18
outer loop
vertex 65.77758152093575 39.33832798747292 3.981866411263906
vertex 67.97821113229358 39.77956942127758 0.7999999999999999
vertex 65.77758152093575 39.33832798747292 0.7999999999999999
endloop
endfacet
facet normal -0.13265316592951232 0.9911625182425319 -6.25579722120088e-18
outer loop
vertex 67.97821113229358 39.77956942127758 0.7999999999999999
vertex 65.77758152093575 39.33832798747292 3.981866411263906
vertex 67.97821113229358 39.77956942127758 3.981866411263906
endloop
endfacet
facet normal -0.18385877080805768 0.9829526704765342 -6.208994146787243e-18
outer loop
vertex 64.20814588471295 38.96276112301764 3.981866411263906
vertex 65.77758152093575 39.33832798747292 0.7999999999999999
vertex 64.20814588471295 38.96276112301764 0.7999999999999999
endloop
endfacet
facet normal -0.21469720608167436 0.9766806590184547 -6.172444573747189e-18
outer loop
vertex 65.77758152093575 39.33832798747292 0.7999999999999999
vertex 64.20814588471295 38.96276112301764 3.981866411263906
vertex 65.77758152093575 39.33832798747292 3.981866411263906
endloop
endfacet
facet normal -0.019479997150680155 0.9998102468523763 -6.2994180627716654e-18
outer loop
vertex 63.51317040010269 38.8683964327683 3.981866411263906
vertex 64.20814588471295 38.96276112301764 0.7999999999999999
vertex 63.51317040010269 38.8683964327683 0.7999999999999999
endloop
endfacet
facet normal -0.18385877080805768 0.9829526704765342 -6.208994146787243e-18
outer loop
vertex 64.20814588471295 38.96276112301764 0.7999999999999999
vertex 63.51317040010269 38.8683964327683 3.981866411263906
vertex 64.20814588471295 38.96276112301764 3.981866411263906
endloop
endfacet
facet normal 0.20992515721698984 0.9777174583525765 -6.138269971302786e-18
outer loop
vertex 62.8149833539752 38.93561717023796 3.981866411263906
vertex 63.51317040010269 38.8683964327683 0.7999999999999999
vertex 62.8149833539752 38.93561717023796 0.7999999999999999
endloop
endfacet
facet normal -0.019479997150680155 0.9998102468523763 -6.2994180627716654e-18
outer loop
vertex 63.51317040010269 38.8683964327683 0.7999999999999999
vertex 62.8149833539752 38.93561717023796 3.981866411263906
vertex 63.51317040010269 38.8683964327683 3.981866411263906
endloop
endfacet
facet normal 0.42857129064317306 0.9035079683303546 -5.649883401897335e-18
outer loop
vertex 62.15139034444167 39.16078345095788 3.981866411263906
vertex 62.8149833539752 38.93561717023796 0.7999999999999999
vertex 62.15139034444167 39.16078345095788 0.7999999999999999
endloop
endfacet
facet normal 0.20992515721698984 0.9777174583525765 -6.138269971302786e-18
outer loop
vertex 62.8149833539752 38.93561717023796 0.7999999999999999
vertex 62.15139034444167 39.16078345095788 3.981866411263906
vertex 62.8149833539752 38.93561717023796 3.981866411263906
endloop
endfacet
facet normal 0.6250081820073252 0.7806181988807961 -4.857001144864095e-18
outer loop
vertex 61.55832376349793 39.53170291764452 3.981866411263906
vertex 62.15139034444167 39.16078345095788 0.7999999999999999
vertex 61.55832376349793 39.53170291764452 0.7999999999999999
endloop
endfacet
facet normal 0.42857129064317306 0.9035079683303546 -5.649883401897335e-18
outer loop
vertex 62.15139034444167 39.16078345095788 0.7999999999999999
vertex 61.55832376349793 39.53170291764452 3.981866411263906
vertex 62.15139034444167 39.16078345095788 3.981866411263906
endloop
endfacet
facet normal 0.788525930946823 0.6150015091237143 -3.7981485686138736e-18
outer loop
vertex 61.06789712132239 40.02829093485967 0.7999999999999999
vertex 61.55832376349793 39.53170291764452 3.981866411263906
vertex 61.55832376349793 39.53170291764452 0.7999999999999999
endloop
endfacet
facet normal 0.6250081820073252 0.7806181988807961 -4.857001144864095e-18
outer loop
vertex 61.55832376349793 39.53170291764452 3.981866411263906
vertex 61.06789712132239 40.02829093485967 0.7999999999999999
vertex 61.06789712132239 40.02829093485967 3.981866411263906
endloop
endfacet
facet normal 0.8679920990182756 0.49657800599890456 -3.0446112326290185e-18
outer loop
vertex 60.706666156295036 40.62365813662346 0.7999999999999999
vertex 61.06789712132239 40.02829093485967 3.981866411263906
vertex 61.06789712132239 40.02829093485967 0.7999999999999999
endloop
endfacet
facet normal 0.788525930946823 0.6150015091237143 -3.7981485686138736e-18
outer loop
vertex 61.06789712132239 40.02829093485967 3.981866411263906
vertex 60.706666156295036 40.62365813662346 0.7999999999999999
vertex 60.706666156295036 40.62365813662346 3.981866411263906
endloop
endfacet
facet normal 0.8474094976358026 0.5309398678914937 -3.263020957407467e-18
outer loop
vertex 58.95277485813632 43.88093879963664 0.7999999999999999
vertex 60.706666156295036 40.62365813662346 3.981866411263906
vertex 60.706666156295036 40.62365813662346 0.7999999999999999
endloop
endfacet
facet normal 0.8679920990182756 0.49657800599890456 -3.0446112326290185e-18
outer loop
vertex 60.706666156295036 40.62365813662346 3.981866411263906
vertex 58.95277485813632 43.88093879963664 0.7999999999999999
vertex 58.95277485813632 43.88093879963664 3.981866411263906
endloop
endfacet
facet normal 0.7705937811569746 0.6373266230451986 -3.94048779919519e-18
outer loop
vertex 56.78447629681417 46.88369084363082 0.7999999999999999
vertex 58.95277485813632 43.88093879963664 3.981866411263906
vertex 58.95277485813632 43.88093879963664 0.7999999999999999
endloop
endfacet
facet normal 0.8474094976358026 0.5309398678914937 -3.263020957407467e-18
outer loop
vertex 58.95277485813632 43.88093879963664 3.981866411263906
vertex 56.78447629681417 46.88369084363082 0.7999999999999999
vertex 56.78447629681417 46.88369084363082 3.981866411263906
endloop
endfacet
facet normal 0.6807538083570991 0.73251228822956 -4.548650352623802e-18
outer loop
vertex 54.23887066187874 49.58053634861311 0.7999999999999999
vertex 56.78447629681417 46.88369084363082 3.981866411263906
vertex 56.78447629681417 46.88369084363082 0.7999999999999999
endloop
endfacet
facet normal 0.7705937811569746 0.6373266230451986 -3.94048779919519e-18
outer loop
vertex 56.78447629681417 46.88369084363082 3.981866411263906
vertex 54.23887066187874 49.58053634861311 0.7999999999999999
vertex 54.23887066187874 49.58053634861311 3.981866411263906
endloop
endfacet
facet normal 0.5795269067724443 0.8149531055998023 -5.077627921881076e-18
outer loop
vertex 51.35951397151897 51.92533154028644 3.981866411263906
vertex 54.23887066187874 49.58053634861311 0.7999999999999999
vertex 51.35951397151897 51.92533154028644 0.7999999999999999
endloop
endfacet
facet normal 0.6807538083570991 0.73251228822956 -4.548650352623802e-18
outer loop
vertex 54.23887066187874 49.58053634861311 0.7999999999999999
vertex 51.35951397151897 51.92533154028644 3.981866411263906
vertex 54.23887066187874 49.58053634861311 3.981866411263906
endloop
endfacet
facet normal 0.46870496189282485 0.883354775102872 -5.519096266161766e-18
outer loop
vertex 48.19567281701543 53.877956322821234 3.981866411263906
vertex 51.35951397151897 51.92533154028644 0.7999999999999999
vertex 48.19567281701543 53.877956322821234 0.7999999999999999
endloop
endfacet
facet normal 0.5795269067724443 0.8149531055998023 -5.077627921881076e-18
outer loop
vertex 51.35951397151897 51.92533154028644 0.7999999999999999
vertex 48.19567281701543 53.877956322821234 3.981866411263906
vertex 51.35951397151897 51.92533154028644 3.981866411263906
endloop
endfacet
facet normal 0.3501952341728933 0.9366767307681944 -5.866318291095017e-18
outer loop
vertex 44.801481397704165 55.40500074481845 3.981866411263906
vertex 48.19567281701543 53.877956322821234 0.7999999999999999
vertex 44.801481397704165 55.40500074481845 0.7999999999999999
endloop
endfacet
facet normal 0.46870496189282485 0.883354775102872 -5.519096266161766e-18
outer loop
vertex 48.19567281701543 53.877956322821234 0.7999999999999999
vertex 44.801481397704165 55.40500074481845 3.981866411263906
vertex 48.19567281701543 53.877956322821234 3.981866411263906
endloop
endfacet
facet normal 0.2259866068553118 0.9741304088888832 -6.1141363760082014e-18
outer loop
vertex 41.23501526981721 56.480336652841025 3.981866411263906
vertex 44.801481397704165 55.40500074481845 0.7999999999999999
vertex 41.23501526981721 56.480336652841025 0.7999999999999999
endloop
endfacet
facet normal 0.3501952341728933 0.9366767307681944 -5.866318291095017e-18
outer loop
vertex 44.801481397704165 55.40500074481845 0.7999999999999999
vertex 41.23501526981721 56.480336652841025 3.981866411263906
vertex 44.801481397704165 55.40500074481845 3.981866411263906
endloop
endfacet
facet normal 0.09812178277720075 0.9951744147357405 -6.258944595555679e-18
outer loop
vertex 37.557297657613844 57.085564751363265 3.981866411263906
vertex 41.23501526981721 56.480336652841025 0.7999999999999999
vertex 37.557297657613844 57.085564751363265 0.7999999999999999
endloop
endfacet
facet normal 0.2259866068553118 0.9741304088888832 -6.1141363760082014e-18
outer loop
vertex 41.23501526981721 56.480336652841025 0.7999999999999999
vertex 37.557297657613844 57.085564751363265 3.981866411263906
vertex 41.23501526981721 56.480336652841025 3.981866411263906
endloop
endfacet
facet normal -0.03132516544158304 0.9995092465855718 -6.298657639797139e-18
outer loop
vertex 33.83125532909502 57.210329419818464 3.981866411263906
vertex 37.557297657613844 57.085564751363265 0.7999999999999999
vertex 33.83125532909502 57.210329419818464 0.7999999999999999
endloop
endfacet
facet normal 0.09812178277720075 0.9951744147357405 -6.258944595555679e-18
outer loop
vertex 37.557297657613844 57.085564751363265 0.7999999999999999
vertex 33.83125532909502 57.210329419818464 3.981866411263906
vertex 37.557297657613844 57.085564751363265 3.981866411263906
endloop
endfacet
facet normal -0.1602673814482333 0.9870736378020266 -6.232689555589799e-18
outer loop
vertex 30.120641901555715 56.85249590013811 3.981866411263906
vertex 33.83125532909502 57.210329419818464 0.7999999999999999
vertex 30.120641901555715 56.85249590013811 0.7999999999999999
endloop
endfacet
facet normal -0.03132516544158304 0.9995092465855718 -6.298657639797139e-18
outer loop
vertex 33.83125532909502 57.210329419818464 0.7999999999999999
vertex 30.120641901555715 56.85249590013811 3.981866411263906
vertex 33.83125532909502 57.210329419818464 3.981866411263906
endloop
endfacet
facet normal -0.2866220345718449 0.9580437408061785 -6.061950218010163e-18
outer loop
vertex 26.488946999517488 56.0181868230541 3.981866411263906
vertex 30.120641901555715 56.85249590013811 0.7999999999999999
vertex 26.488946999517488 56.0181868230541 0.7999999999999999
endloop
endfacet
facet normal -0.1602673814482333 0.9870736378020266 -6.232689555589799e-18
outer loop
vertex 30.120641901555715 56.85249590013811 0.7999999999999999
vertex 26.488946999517488 56.0181868230541 3.981866411263906
vertex 30.120641901555715 56.85249590013811 3.981866411263906
endloop
endfacet
facet normal -0.4083277029078511 0.9128354107055651 -5.7888613807297974e-18
outer loop
vertex 22.998309929650315 54.721677448189546 3.981866411263906
vertex 26.488946999517488 56.0181868230541 0.7999999999999999
vertex 22.998309929650315 54.721677448189546 0.7999999999999999
endloop
endfacet
facet normal -0.2866220345718449 0.9580437408061785 -6.061950218010163e-18
outer loop
vertex 26.488946999517488 56.0181868230541 0.7999999999999999
vertex 22.998309929650315 54.721677448189546 3.981866411263906
vertex 26.488946999517488 56.0181868230541 3.981866411263906
endloop
endfacet
facet normal -0.5233645961495921 0.8521088542534777 -5.417387897229059e-18
outer loop
vertex 19.708456460007028 52.98515141040867 3.981866411263906
vertex 22.998309929650315 54.721677448189546 0.7999999999999999
vertex 19.708456460007028 52.98515141040867 0.7999999999999999
endloop
endfacet
facet normal -0.4083277029078511 0.9128354107055651 -5.7888613807297974e-18
outer loop
vertex 22.998309929650315 54.721677448189546 0.7999999999999999
vertex 19.708456460007028 52.98515141040867 3.981866411263906
vertex 22.998309929650315 54.721677448189546 3.981866411263906
endloop
endfacet
facet normal -0.62977945655319 0.7767739929371792 -4.9530738885825544e-18
outer loop
vertex 16.675676895572913 50.83832115167388 3.981866411263906
vertex 19.708456460007028 52.98515141040867 0.7999999999999999
vertex 16.675676895572913 50.83832115167388 0.7999999999999999
endloop
endfacet
facet normal -0.5233645961495921 0.8521088542534777 -5.417387897229059e-18
outer loop
vertex 19.708456460007028 52.98515141040867 0.7999999999999999
vertex 16.675676895572913 50.83832115167388 3.981866411263906
vertex 19.708456460007028 52.98515141040867 3.981866411263906
endloop
endfacet
facet normal -0.7257162287934978 0.6879941535113097 -4.403068929264156e-18
outer loop
vertex 13.951862935540813 48.31791953292594 3.981866411263906
vertex 16.675676895572913 50.83832115167388 0.7999999999999999
vertex 13.951862935540813 48.31791953292594 0.7999999999999999
endloop
endfacet
facet normal -0.62977945655319 0.7767739929371792 -4.9530738885825544e-18
outer loop
vertex 16.675676895572913 50.83832115167388 0.7999999999999999
vertex 13.951862935540813 48.31791953292594 3.981866411263906
vertex 16.675676895572913 50.83832115167388 3.981866411263906
endloop
endfacet
facet normal -0.7257162287934978 0.6879941535113097 -4.403068929264156e-18
outer loop
vertex 13.951862935540813 48.31791953292594 3.981866411263906
vertex 11.583619791950788 45.467071324648956 0.7999999999999999
vertex 11.583619791950788 45.467071324648956 3.981866411263906
endloop
endfacet
facet normal -0.8094525766483526 0.5871852571014899 -3.776126440078098e-18
outer loop
vertex 11.583619791950788 45.467071324648956 0.7999999999999999
vertex 13.951862935540813 48.31791953292594 3.981866411263906
vertex 13.951862935540813 48.31791953292594 0.7999999999999999
endloop
endfacet
facet normal -0.8094525766483526 0.5871852571014899 -3.776126440078098e-18
outer loop
vertex 11.583619791950788 45.467071324648956 3.981866411263906
vertex 9.611468761590602 42.33455533009098 0.7999999999999999
vertex 9.611468761590602 42.33455533009098 3.981866411263906
endloop
endfacet
facet normal -0.8794411469997929 0.47600763540482055 -3.0825560961342207e-18
outer loop
vertex 9.611468761590602 42.33455533009098 0.7999999999999999
vertex 11.583619791950788 45.467071324648956 3.981866411263906
vertex 11.583619791950788 45.467071324648956 0.7999999999999999
endloop
endfacet
facet normal -0.8794411469997929 0.47600763540482055 -3.0825560961342207e-18
outer loop
vertex 9.611468761590602 42.33455533009098 3.981866411263906
vertex 8.06915389537347 38.97396976641645 0.7999999999999999
vertex 8.06915389537347 38.97396976641645 3.981866411263906
endloop
endfacet
facet normal -0.9343532939122342 0.35634803515012947 -2.3341146689925572e-18
outer loop
vertex 8.06915389537347 38.97396976641645 0.7999999999999999
vertex 9.611468761590602 42.33455533009098 3.981866411263906
vertex 9.611468761590602 42.33455533009098 0.7999999999999999
endloop
endfacet
facet normal -0.9343532939122342 0.35634803515012947 -2.3341146689925572e-18
outer loop
vertex 8.06915389537347 38.97396976641645 3.981866411263906
vertex 6.98306462827067 35.44281518435016 0.7999999999999999
vertex 6.98306462827067 35.44281518435016 3.981866411263906
endloop
endfacet
facet normal -0.9731219768258733 0.23029029119462274 -1.54382541625725e-18
outer loop
vertex 6.98306462827067 35.44281518435016 0.7999999999999999
vertex 8.06915389537347 38.97396976641645 3.981866411263906
vertex 8.06915389537347 38.97396976641645 0.7999999999999999
endloop
endfacet
facet normal 0.35019523417288595 0.9366767307681971 -5.866318291095034e-18
outer loop
vertex 96.97481718588858 6.467695099948967 3.981866411263906
vertex 100.01949980686837 5.549683703381572 0.7999999999999999
vertex 96.97481718588858 6.467695099948967 0.7999999999999999
endloop
endfacet
facet normal 0.22598660685530758 0.9741304088888841 -6.114136376008208e-18
outer loop
vertex 100.01949980686837 5.549683703381572 0.7999999999999999
vertex 96.97481718588858 6.467695099948967 3.981866411263906
vertex 100.01949980686837 5.549683703381572 3.981866411263906
endloop
endfacet
facet normal 0.4687049618928173 0.883354775102876 -5.519096266161793e-18
outer loop
vertex 94.07720502413261 7.7713288501098425 3.981866411263906
vertex 96.97481718588858 6.467695099948967 0.7999999999999999
vertex 94.07720502413261 7.7713288501098425 0.7999999999999999
endloop
endfacet
facet normal 0.35019523417288595 0.9366767307681971 -5.866318291095034e-18
outer loop
vertex 96.97481718588858 6.467695099948967 0.7999999999999999
vertex 94.07720502413261 7.7713288501098425 3.981866411263906
vertex 96.97481718588858 6.467695099948967 3.981866411263906
endloop
endfacet
facet normal 0.5795269067724445 0.8149531055998023 -5.077627921881078e-18
outer loop
vertex 91.37624226905804 9.438279418963425 3.981866411263906
vertex 94.07720502413261 7.7713288501098425 0.7999999999999999
vertex 91.37624226905804 9.438279418963425 0.7999999999999999
endloop
endfacet
facet normal 0.4687049618928173 0.883354775102876 -5.519096266161793e-18
outer loop
vertex 94.07720502413261 7.7713288501098425 0.7999999999999999
vertex 91.37624226905804 9.438279418963425 3.981866411263906
vertex 94.07720502413261 7.7713288501098425 3.981866411263906
endloop
endfacet
facet normal 0.6807538083570978 0.7325122882295614 -4.5486503526238114e-18
outer loop
vertex 88.91814314225253 11.440024820110596 3.981866411263906
vertex 91.37624226905804 9.438279418963425 0.7999999999999999
vertex 88.91814314225253 11.440024820110596 0.7999999999999999
endloop
endfacet
facet normal 0.5795269067724445 0.8149531055998023 -5.077627921881078e-18
outer loop
vertex 91.37624226905804 9.438279418963425 0.7999999999999999
vertex 88.91814314225253 11.440024820110596 3.981866411263906
vertex 91.37624226905804 9.438279418963425 3.981866411263906
endloop
endfacet
facet normal 0.770593781156978 0.6373266230451945 -3.940487799195166e-18
outer loop
vertex 86.74496640128959 13.742314634749002 0.7999999999999999
vertex 88.91814314225253 11.440024820110596 3.981866411263906
vertex 88.91814314225253 11.440024820110596 0.7999999999999999
endloop
endfacet
facet normal 0.6807538083570978 0.7325122882295614 -4.5486503526238114e-18
outer loop
vertex 88.91814314225253 11.440024820110596 3.981866411263906
vertex 86.74496640128959 13.742314634749002 0.7999999999999999
vertex 86.74496640128959 13.742314634749002 3.981866411263906
endloop
endfacet
facet normal 0.8474094976358031 0.5309398678914931 -3.263020957407463e-18
outer loop
vertex 84.89389570272547 16.305756045834922 0.7999999999999999
vertex 86.74496640128959 13.742314634749002 3.981866411263906
vertex 86.74496640128959 13.742314634749002 0.7999999999999999
endloop
endfacet
facet normal 0.770593781156978 0.6373266230451945 -3.940487799195166e-18
outer loop
vertex 86.74496640128959 13.742314634749002 3.981866411263906
vertex 84.89389570272547 16.305756045834922 0.7999999999999999
vertex 84.89389570272547 16.305756045834922 3.981866411263906
endloop
endfacet
facet normal 0.9097610785079037 0.41513224402849724 -2.5276010182562018e-18
outer loop
vertex 83.39660337942628 19.08648786010442 0.7999999999999999
vertex 84.89389570272547 16.305756045834922 3.981866411263906
vertex 84.89389570272547 16.305756045834922 0.7999999999999999
endloop
endfacet
facet normal 0.8474094976358031 0.5309398678914931 -3.263020957407463e-18
outer loop
vertex 84.89389570272547 16.305756045834922 3.981866411263906
vertex 83.39660337942628 19.08648786010442 0.7999999999999999
vertex 83.39660337942628 19.08648786010442 3.981866411263906
endloop
endfacet
facet normal 0.9564498500019037 0.2918967016451812 -1.7468959757645105e-18
outer loop
vertex 82.27870851817181 22.036930985250816 0.7999999999999999
vertex 83.39660337942628 19.08648786010442 3.981866411263906
vertex 83.39660337942628 19.08648786010442 0.7999999999999999
endloop
endfacet
facet normal 0.9097610785079037 0.41513224402849724 -2.5276010182562018e-18
outer loop
vertex 83.39660337942628 19.08648786010442 3.981866411263906
vertex 82.27870851817181 22.036930985250816 0.7999999999999999
vertex 82.27870851817181 22.036930985250816 3.981866411263906
endloop
endfacet
facet normal 0.9865593109234387 0.16340356798512673 -9.346640273269375e-19
outer loop
vertex 81.5593386099768 25.10660252138551 0.7999999999999999
vertex 82.27870851817181 22.036930985250816 3.981866411263906
vertex 82.27870851817181 22.036930985250816 0.7999999999999999
endloop
endfacet
facet normal 0.9564498500019037 0.2918967016451812 -1.7468959757645105e-18
outer loop
vertex 82.27870851817181 22.036930985250816 3.981866411263906
vertex 81.5593386099768 25.10660252138551 0.7999999999999999
vertex 81.5593386099768 25.10660252138551 3.981866411263906
endloop
endfacet
facet normal 0.9994893352901613 0.03195416469306632 -1.0545814243003632e-19
outer loop
vertex 81.25080227341766 28.2429795374515 0.7999999999999999
vertex 81.5593386099768 25.10660252138551 3.981866411263906
vertex 81.5593386099768 25.10660252138551 0.7999999999999999
endloop
endfacet
facet normal 0.9865593109234387 0.16340356798512673 -9.346640273269375e-19
outer loop
vertex 81.5593386099768 25.10660252138551 3.981866411263906
vertex 81.25080227341766 28.2429795374515 0.7999999999999999
vertex 81.25080227341766 28.2429795374515 3.981866411263906
endloop
endfacet
facet normal 0.9949799496311106 -0.10007447143039398 7.257244066048534e-19
outer loop
vertex 81.35837865075528 31.39239775313586 0.7999999999999999
vertex 81.25080227341766 28.2429795374515 3.981866411263906
vertex 81.25080227341766 28.2429795374515 0.7999999999999999
endloop
endfacet
facet normal 0.9994893352901613 0.03195416469306632 -1.0545814243003632e-19
outer loop
vertex 81.25080227341766 28.2429795374515 3.981866411263906
vertex 81.35837865075528 31.39239775313586 0.7999999999999999
vertex 81.35837865075528 31.39239775313586 3.981866411263906
endloop
endfacet
facet normal 0.9731219768258742 -0.2302902911946196 1.5438254162572302e-18
outer loop
vertex 81.88022708034768 34.500969749584605 0.7999999999999999
vertex 81.35837865075528 31.39239775313586 3.981866411263906
vertex 81.35837865075528 31.39239775313586 0.7999999999999999
endloop
endfacet
facet normal 0.9949799496311106 -0.10007447143039398 7.257244066048534e-19
outer loop
vertex 81.35837865075528 31.39239775313586 3.981866411263906
vertex 81.88022708034768 34.500969749584605 0.7999999999999999
vertex 81.88022708034768 34.500969749584605 3.981866411263906
endloop
endfacet
facet normal 0.9343532939122364 -0.3563480351501236 2.3341146689925195e-18
outer loop
vertex 82.80741859088077 37.51550699807947 0.7999999999999999
vertex 81.88022708034768 34.500969749584605 3.981866411263906
vertex 81.88022708034768 34.500969749584605 0.7999999999999999
endloop
endfacet
facet normal 0.9731219768258742 -0.2302902911946196 1.5438254162572302e-18
outer loop
vertex 81.88022708034768 34.500969749584605 3.981866411263906
vertex 82.80741859088077 37.51550699807947 0.7999999999999999
vertex 82.80741859088077 37.51550699807947 3.981866411263906
endloop
endfacet
facet normal 0.8794411469997983 -0.47600763540481095 3.0825560961341586e-18
outer loop
vertex 84.1240886785432 40.38442993051111 0.7999999999999999
vertex 82.80741859088077 37.51550699807947 3.981866411263906
vertex 82.80741859088077 37.51550699807947 0.7999999999999999
endloop
endfacet
facet normal 0.9343532939122364 -0.3563480351501236 2.3341146689925195e-18
outer loop
vertex 82.80741859088077 37.51550699807947 3.981866411263906
vertex 84.1240886785432 40.38442993051111 0.7999999999999999
vertex 84.1240886785432 40.38442993051111 3.981866411263906
endloop
endfacet
facet normal 0.8094525766483541 -0.5871852571014877 3.776126440078085e-18
outer loop
vertex 85.80770875308531 43.05865048008991 0.7999999999999999
vertex 84.1240886785432 40.38442993051111 3.981866411263906
vertex 84.1240886785432 40.38442993051111 0.7999999999999999
endloop
endfacet
facet normal 0.8794411469997983 -0.47600763540481095 3.0825560961341586e-18
outer loop
vertex 84.1240886785432 40.38442993051111 3.981866411263906
vertex 85.80770875308531 43.05865048008991 0.7999999999999999
vertex 85.80770875308531 43.05865048008991 3.981866411263906
endloop
endfacet
facet normal 0.7257162287935011 -0.6879941535113063 4.403068929264137e-18
outer loop
vertex 87.8294716082439 45.49241199177848 0.7999999999999999
vertex 85.80770875308531 43.05865048008991 3.981866411263906
vertex 85.80770875308531 43.05865048008991 0.7999999999999999
endloop
endfacet
facet normal 0.8094525766483541 -0.5871852571014877 3.776126440078085e-18
outer loop
vertex 85.80770875308531 43.05865048008991 3.981866411263906
vertex 87.8294716082439 45.49241199177848 0.7999999999999999
vertex 87.8294716082439 45.49241199177848 3.981866411263906
endloop
endfacet
facet normal 0.6297794565531942 -0.7767739929371756 4.953073888582534e-18
outer loop
vertex 90.15478432102867 47.64407213134582 3.981866411263906
vertex 87.8294716082439 45.49241199177848 0.7999999999999999
vertex 90.15478432102867 47.64407213134582 0.7999999999999999
endloop
endfacet
facet normal 0.7257162287935011 -0.6879941535113063 4.403068929264137e-18
outer loop
vertex 87.8294716082439 45.49241199177848 0.7999999999999999
vertex 90.15478432102867 47.64407213134582 3.981866411263906
vertex 87.8294716082439 45.49241199177848 3.981866411263906
endloop
endfacet
facet normal 0.5233645961495803 -0.8521088542534849 5.417387897229102e-18
outer loop
vertex 92.7438601462255 49.47681539725091 3.981866411263906
vertex 90.15478432102867 47.64407213134582 0.7999999999999999
vertex 92.7438601462255 49.47681539725091 0.7999999999999999
endloop
endfacet
facet normal 0.6297794565531942 -0.7767739929371756 4.953073888582534e-18
outer loop
vertex 90.15478432102867 47.64407213134582 0.7999999999999999
vertex 92.7438601462255 49.47681539725091 3.981866411263906
vertex 90.15478432102867 47.64407213134582 3.981866411263906
endloop
endfacet
facet normal 0.4083277029078472 -0.9128354107055667 5.788861380729803e-18
outer loop
vertex 95.5523992786377 50.95928304408167 3.981866411263906
vertex 92.7438601462255 49.47681539725091 0.7999999999999999
vertex 95.5523992786377 50.95928304408167 0.7999999999999999
endloop
endfacet
facet normal 0.5233645961495803 -0.8521088542534849 5.417387897229102e-18
outer loop
vertex 92.7438601462255 49.47681539725091 0.7999999999999999
vertex 95.5523992786377 50.95928304408167 3.981866411263906
vertex 92.7438601462255 49.47681539725091 3.981866411263906
endloop
endfacet
facet normal 0.2866220345718457 -0.9580437408061784 6.06195021801016e-18
outer loop
vertex 98.53234683503557 52.066109639383285 3.981866411263906
vertex 95.5523992786377 50.95928304408167 0.7999999999999999
vertex 98.53234683503557 52.066109639383285 0.7999999999999999
endloop
endfacet
facet normal 0.4083277029078472 -0.9128354107055667 5.788861380729803e-18
outer loop
vertex 95.5523992786377 50.95928304408167 0.7999999999999999
vertex 98.53234683503557 52.066109639383285 3.981866411263906
vertex 95.5523992786377 50.95928304408167 3.981866411263906
endloop
endfacet
facet normal 0.1602673814482304 -0.9870736378020272 6.232689555589801e-18
outer loop
vertex 101.63271508653165 52.778357073239675 3.981866411263906
vertex 98.53234683503557 52.066109639383285 0.7999999999999999
vertex 101.63271508653165 52.778357073239675 0.7999999999999999
endloop
endfacet
facet normal 0.2866220345718457 -0.9580437408061784 6.06195021801016e-18
outer loop
vertex 98.53234683503557 52.066109639383285 0.7999999999999999
vertex 101.63271508653165 52.778357073239675 3.981866411263906
vertex 98.53234683503557 52.066109639383285 3.981866411263906
endloop
endfacet
facet normal 0.03132516544158479 -0.9995092465855718 6.2986576397971404e-18
outer loop
vertex 104.80045587275828 53.083838594585394 3.981866411263906
vertex 101.63271508653165 52.778357073239675 0.7999999999999999
vertex 104.80045587275828 53.083838594585394 0.7999999999999999
endloop
endfacet
facet normal 0.1602673814482304 -0.9870736378020272 6.232689555589801e-18
outer loop
vertex 101.63271508653165 52.778357073239675 0.7999999999999999
vertex 104.80045587275828 53.083838594585394 3.981866411263906
vertex 101.63271508653165 52.778357073239675 3.981866411263906
endloop
endfacet
facet normal -0.09812178277719572 -0.9951744147357411 6.258944595555683e-18
outer loop
vertex 107.9813682705994 52.97732732989468 3.981866411263906
vertex 104.80045587275828 53.083838594585394 0.7999999999999999
vertex 107.9813682705994 52.97732732989468 0.7999999999999999
endloop
endfacet
facet normal 0.03132516544158479 -0.9995092465855718 6.2986576397971404e-18
outer loop
vertex 104.80045587275828 53.083838594585394 0.7999999999999999
vertex 107.9813682705994 52.97732732989468 3.981866411263906
vertex 104.80045587275828 53.083838594585394 3.981866411263906
endloop
endfacet
facet normal -0.22598660685530805 -0.9741304088888841 6.11413637600821e-18
outer loop
vertex 111.12102598701266 52.46064571643689 3.981866411263906
vertex 107.9813682705994 52.97732732989468 0.7999999999999999
vertex 111.12102598701266 52.46064571643689 0.7999999999999999
endloop
endfacet
facet normal -0.09812178277719572 -0.9951744147357411 6.258944595555683e-18
outer loop
vertex 107.9813682705994 52.97732732989468 0.7999999999999999
vertex 111.12102598701266 52.46064571643689 3.981866411263906
vertex 107.9813682705994 52.97732732989468 3.981866411263906
endloop
endfacet
facet normal -0.35019523417289894 -0.9366767307681921 5.866318291095003e-18
outer loop
vertex 114.16570860799254 51.54263431986946 3.981866411263906
vertex 111.12102598701266 52.46064571643689 0.7999999999999999
vertex 114.16570860799254 51.54263431986946 0.7999999999999999
endloop
endfacet
facet normal -0.22598660685530805 -0.9741304088888841 6.11413637600821e-18
outer loop
vertex 111.12102598701266 52.46064571643689 0.7999999999999999
vertex 114.16570860799254 51.54263431986946 3.981866411263906
vertex 111.12102598701266 52.46064571643689 3.981866411263906
endloop
endfacet
facet normal -0.46870496189282673 -0.883354775102871 5.5190962661617624e-18
outer loop
vertex 117.06332076974837 50.23900056970855 3.981866411263906
vertex 114.16570860799254 51.54263431986946 0.7999999999999999
vertex 117.06332076974837 50.23900056970855 0.7999999999999999
endloop
endfacet
facet normal -0.35019523417289894 -0.9366767307681921 5.866318291095003e-18
outer loop
vertex 114.16570860799254 51.54263431986946 0.7999999999999999
vertex 117.06332076974837 50.23900056970855 3.981866411263906
vertex 114.16570860799254 51.54263431986946 3.981866411263906
endloop
endfacet
facet normal -0.5795269067724405 -0.8149531055998053 5.0776279218810976e-18
outer loop
vertex 119.7642835248229 48.57205000085502 3.981866411263906
vertex 117.06332076974837 50.23900056970855 0.7999999999999999
vertex 119.7642835248229 48.57205000085502 0.7999999999999999
endloop
endfacet
facet normal -0.46870496189282673 -0.883354775102871 5.5190962661617624e-18
outer loop
vertex 117.06332076974837 50.23900056970855 0.7999999999999999
vertex 119.7642835248229 48.57205000085502 3.981866411263906
vertex 117.06332076974837 50.23900056970855 3.981866411263906
endloop
endfacet
facet normal -0.6807538083570953 -0.7325122882295634 4.5486503526238245e-18
outer loop
vertex 122.22238265162846 46.57030459970782 3.981866411263906
vertex 119.7642835248229 48.57205000085502 0.7999999999999999
vertex 122.22238265162846 46.57030459970782 0.7999999999999999
endloop
endfacet
facet normal -0.5795269067724405 -0.8149531055998053 5.0776279218810976e-18
outer loop
vertex 119.7642835248229 48.57205000085502 0.7999999999999999
vertex 122.22238265162846 46.57030459970782 3.981866411263906
vertex 119.7642835248229 48.57205000085502 3.981866411263906
endloop
endfacet
facet normal -0.6807538083570953 -0.7325122882295634 4.5486503526238245e-18
outer loop
vertex 122.22238265162846 46.57030459970782 3.981866411263906
vertex 124.39555939259141 44.26801478506944 0.7999999999999999
vertex 124.39555939259141 44.26801478506944 3.981866411263906
endloop
endfacet
facet normal -0.7705937811569701 -0.6373266230452042 3.940487799195224e-18
outer loop
vertex 124.39555939259141 44.26801478506944 0.7999999999999999
vertex 122.22238265162846 46.57030459970782 3.981866411263906
vertex 122.22238265162846 46.57030459970782 0.7999999999999999
endloop
endfacet
facet normal -0.7705937811569701 -0.6373266230452042 3.940487799195224e-18
outer loop
vertex 124.39555939259141 44.26801478506944 3.981866411263906
vertex 126.2466300911556 41.70457337398349 0.7999999999999999
vertex 126.2466300911556 41.70457337398349 3.981866411263906
endloop
endfacet
facet normal -0.8474094976357992 -0.5309398678914989 3.2630209574074985e-18
outer loop
vertex 126.2466300911556 41.70457337398349 0.7999999999999999
vertex 124.39555939259141 44.26801478506944 3.981866411263906
vertex 124.39555939259141 44.26801478506944 0.7999999999999999
endloop
endfacet
facet normal -0.8474094976357992 -0.5309398678914989 3.2630209574074985e-18
outer loop
vertex 126.2466300911556 41.70457337398349 3.981866411263906
vertex 127.74392241445473 38.92384155971401 0.7999999999999999
vertex 127.74392241445473 38.92384155971401 3.981866411263906
endloop
endfacet
facet normal -0.909761078507903 -0.415132244028499 2.527601018256213e-18
outer loop
vertex 127.74392241445473 38.92384155971401 0.7999999999999999
vertex 126.2466300911556 41.70457337398349 3.981866411263906
vertex 126.2466300911556 41.70457337398349 0.7999999999999999
endloop
endfacet
facet normal -0.909761078507903 -0.415132244028499 2.527601018256213e-18
outer loop
vertex 127.74392241445473 38.92384155971401 3.981866411263906
vertex 128.86181727570923 35.973398434567606 0.7999999999999999
vertex 128.86181727570923 35.973398434567606 3.981866411263906
endloop
endfacet
facet normal -0.9564498500018993 -0.29189670164519604 1.7468959757646052e-18
outer loop
vertex 128.86181727570923 35.973398434567606 0.7999999999999999
vertex 127.74392241445473 38.92384155971401 3.981866411263906
vertex 127.74392241445473 38.92384155971401 0.7999999999999999
endloop
endfacet
facet normal -0.9564498500018993 -0.29189670164519604 1.7468959757646052e-18
outer loop
vertex 128.86181727570923 35.973398434567606 3.981866411263906
vertex 129.58118718390438 32.903726898432915 0.7999999999999999
vertex 129.58118718390438 32.903726898432915 3.981866411263906
endloop
endfacet
facet normal -0.9865593109234372 -0.1634035679851351 9.346640273269903e-19
outer loop
vertex 129.58118718390438 32.903726898432915 0.7999999999999999
vertex 128.86181727570923 35.973398434567606 3.981866411263906
vertex 128.86181727570923 35.973398434567606 0.7999999999999999
endloop
endfacet
facet normal -0.9865593109234372 -0.1634035679851351 9.346640273269903e-19
outer loop
vertex 129.58118718390438 32.903726898432915 3.981866411263906
vertex 129.8897235204634 29.76734988236694 0.7999999999999999
vertex 129.8897235204634 29.76734988236694 3.981866411263906
endloop
endfacet
facet normal -0.999489335290161 -0.03195416469307082 1.0545814243006487e-19
outer loop
vertex 129.8897235204634 29.76734988236694 0.7999999999999999
vertex 129.58118718390438 32.903726898432915 3.981866411263906
vertex 129.58118718390438 32.903726898432915 0.7999999999999999
endloop
endfacet
facet normal -0.999489335290161 -0.03195416469307082 1.0545814243006487e-19
outer loop
vertex 129.8897235204634 29.76734988236694 3.981866411263906
vertex 129.78214714312588 26.617931666682555 0.7999999999999999
vertex 129.78214714312588 26.617931666682555 3.981866411263906
endloop
endfacet
facet normal -0.9949799496311111 0.10007447143038746 -7.257244066048128e-19
outer loop
vertex 129.78214714312588 26.617931666682555 0.7999999999999999
vertex 129.8897235204634 29.76734988236694 3.981866411263906
vertex 129.8897235204634 29.76734988236694 0.7999999999999999
endloop
endfacet
facet normal -0.9949799496311111 0.10007447143038746 -7.257244066048128e-19
outer loop
vertex 129.78214714312588 26.617931666682555 3.981866411263906
vertex 129.26029871353353 23.509359670233803 0.7999999999999999
vertex 129.26029871353353 23.509359670233803 3.981866411263906
endloop
endfacet
facet normal -0.9731219768258714 0.230290291194631 -1.5438254162573022e-18
outer loop
vertex 129.26029871353353 23.509359670233803 0.7999999999999999
vertex 129.78214714312588 26.617931666682555 3.981866411263906
vertex 129.78214714312588 26.617931666682555 0.7999999999999999
endloop
endfacet
facet normal -0.9731219768258714 0.230290291194631 -1.5438254162573022e-18
outer loop
vertex 129.26029871353353 23.509359670233803 3.981866411263906
vertex 128.33310720300034 20.494822421738938 0.7999999999999999
vertex 128.33310720300034 20.494822421738938 3.981866411263906
endloop
endfacet
facet normal -0.9343532939122289 0.3563480351501436 -2.3341146689926462e-18
outer loop
vertex 128.33310720300034 20.494822421738938 0.7999999999999999
vertex 129.26029871353353 23.509359670233803 3.981866411263906
vertex 129.26029871353353 23.509359670233803 0.7999999999999999
endloop
endfacet
facet normal -0.9343532939122289 0.3563480351501436 -2.3341146689926462e-18
outer loop
vertex 128.33310720300034 20.494822421738938 3.981866411263906
vertex 127.01643711533785 17.625899489307322 0.7999999999999999
vertex 127.01643711533785 17.625899489307322 3.981866411263906
endloop
endfacet
facet normal -0.8794411469997967 0.47600763540481356 -3.082556096134176e-18
outer loop
vertex 127.01643711533785 17.625899489307322 0.7999999999999999
vertex 128.33310720300034 20.494822421738938 3.981866411263906
vertex 128.33310720300034 20.494822421738938 0.7999999999999999
endloop
endfacet
facet normal -0.8794411469997967 0.47600763540481356 -3.082556096134176e-18
outer loop
vertex 127.01643711533785 17.625899489307322 3.981866411263906
vertex 125.33281704079582 14.951678939728522 0.7999999999999999
vertex 125.33281704079582 14.951678939728522 3.981866411263906
endloop
endfacet
facet normal -0.8094525766483492 0.5871852571014945 -3.7761264400781276e-18
outer loop
vertex 125.33281704079582 14.951678939728522 0.7999999999999999
vertex 127.01643711533785 17.625899489307322 3.981866411263906
vertex 127.01643711533785 17.625899489307322 0.7999999999999999
endloop
endfacet
facet normal -0.8094525766483492 0.5871852571014945 -3.7761264400781276e-18
outer loop
vertex 125.33281704079582 14.951678939728522 3.981866411263906
vertex 123.31105418563705 12.517917428039953 0.7999999999999999
vertex 123.31105418563705 12.517917428039953 3.981866411263906
endloop
endfacet
facet normal -0.7257162287934822 0.6879941535113261 -4.403068929264261e-18
outer loop
vertex 123.31105418563705 12.517917428039953 0.7999999999999999
vertex 125.33281704079582 14.951678939728522 3.981866411263906
vertex 125.33281704079582 14.951678939728522 0.7999999999999999
endloop
endfacet
facet normal -0.62977945655319 0.7767739929371789 -4.953073888582553e-18
outer loop
vertex 120.98574147285224 10.366257288472674 3.981866411263906
vertex 123.31105418563705 12.517917428039953 0.7999999999999999
vertex 120.98574147285224 10.366257288472674 0.7999999999999999
endloop
endfacet
facet normal -0.7257162287934822 0.6879941535113261 -4.403068929264261e-18
outer loop
vertex 123.31105418563705 12.517917428039953 0.7999999999999999
vertex 120.98574147285224 10.366257288472674 3.981866411263906
vertex 123.31105418563705 12.517917428039953 3.981866411263906
endloop
endfacet
facet normal -0.5233645961495915 0.8521088542534779 -5.417387897229058e-18
outer loop
vertex 118.39666564765551 8.533514022567559 3.981866411263906
vertex 120.98574147285224 10.366257288472674 0.7999999999999999
vertex 118.39666564765551 8.533514022567559 0.7999999999999999
endloop
endfacet
facet normal -0.62977945655319 0.7767739929371789 -4.953073888582553e-18
outer loop
vertex 120.98574147285224 10.366257288472674 0.7999999999999999
vertex 118.39666564765551 8.533514022567559 3.981866411263906
vertex 120.98574147285224 10.366257288472674 3.981866411263906
endloop
endfacet
facet normal -0.4083277029078506 0.9128354107055654 -5.788861380729796e-18
outer loop
vertex 115.5881265152433 7.051046375736793 3.981866411263906
vertex 118.39666564765551 8.533514022567559 0.7999999999999999
vertex 115.5881265152433 7.051046375736793 0.7999999999999999
endloop
endfacet
facet normal -0.5233645961495915 0.8521088542534779 -5.417387897229058e-18
outer loop
vertex 118.39666564765551 8.533514022567559 0.7999999999999999
vertex 115.5881265152433 7.051046375736793 3.981866411263906
vertex 118.39666564765551 8.533514022567559 3.981866411263906
endloop
endfacet
facet normal -0.2866220345718519 0.9580437408061765 -6.06195021801015e-18
outer loop
vertex 112.60817895884546 5.944219780435164 3.981866411263906
vertex 115.5881265152433 7.051046375736793 0.7999999999999999
vertex 112.60817895884546 5.944219780435164 0.7999999999999999
endloop
endfacet
facet normal -0.4083277029078506 0.9128354107055654 -5.788861380729796e-18
outer loop
vertex 115.5881265152433 7.051046375736793 0.7999999999999999
vertex 112.60817895884546 5.944219780435164 3.981866411263906
vertex 115.5881265152433 7.051046375736793 3.981866411263906
endloop
endfacet
facet normal -0.16026738144823827 0.987073637802026 -6.2326895555897974e-18
outer loop
vertex 109.50781070734944 5.231972346578743 3.981866411263906
vertex 112.60817895884546 5.944219780435164 0.7999999999999999
vertex 109.50781070734944 5.231972346578743 0.7999999999999999
endloop
endfacet
facet normal -0.2866220345718519 0.9580437408061765 -6.06195021801015e-18
outer loop
vertex 112.60817895884546 5.944219780435164 0.7999999999999999
vertex 109.50781070734944 5.231972346578743 3.981866411263906
vertex 112.60817895884546 5.944219780435164 3.981866411263906
endloop
endfacet
facet normal -0.03132516544157794 0.9995092465855722 -6.29865763979714e-18
outer loop
vertex 106.34006992112279 4.926490825233016 3.981866411263906
vertex 109.50781070734944 5.231972346578743 0.7999999999999999
vertex 106.34006992112279 4.926490825233016 0.7999999999999999
endloop
endfacet
facet normal -0.16026738144823827 0.987073637802026 -6.2326895555897974e-18
outer loop
vertex 109.50781070734944 5.231972346578743 0.7999999999999999
vertex 106.34006992112279 4.926490825233016 3.981866411263906
vertex 109.50781070734944 5.231972346578743 3.981866411263906
endloop
endfacet
facet normal 0.09812178277720514 0.9951744147357403 -6.258944595555679e-18
outer loop
vertex 103.15915752328162 5.0330020899237855 3.981866411263906
vertex 106.34006992112279 4.926490825233016 0.7999999999999999
vertex 103.15915752328162 5.0330020899237855 0.7999999999999999
endloop
endfacet
facet normal -0.03132516544157794 0.9995092465855722 -6.29865763979714e-18
outer loop
vertex 106.34006992112279 4.926490825233016 0.7999999999999999
vertex 103.15915752328162 5.0330020899237855 3.981866411263906
vertex 106.34006992112279 4.926490825233016 3.981866411263906
endloop
endfacet
facet normal 0.22598660685530758 0.9741304088888841 -6.114136376008208e-18
outer loop
vertex 100.01949980686837 5.549683703381572 3.981866411263906
vertex 103.15915752328162 5.0330020899237855 0.7999999999999999
vertex 100.01949980686837 5.549683703381572 0.7999999999999999
endloop
endfacet
facet normal 0.09812178277720514 0.9951744147357403 -6.258944595555679e-18
outer loop
vertex 103.15915752328162 5.0330020899237855 0.7999999999999999
vertex 100.01949980686837 5.549683703381572 3.981866411263906
vertex 103.15915752328162 5.0330020899237855 3.981866411263906
endloop
endfacet
facet normal 0.3501952341728857 0.9366767307681971 -5.866318291095036e-18
outer loop
vertex 26.13754257957986 6.467695099948967 3.981866411263906
vertex 29.18222520055966 5.549683703381572 0.7999999999999999
vertex 26.13754257957986 6.467695099948967 0.7999999999999999
endloop
endfacet
facet normal 0.22598660685530733 0.9741304088888842 -6.114136376008209e-18
outer loop
vertex 29.18222520055966 5.549683703381572 0.7999999999999999
vertex 26.13754257957986 6.467695099948967 3.981866411263906
vertex 29.18222520055966 5.549683703381572 3.981866411263906
endloop
endfacet
facet normal 0.4687049618928171 0.8833547751028761 -5.519096266161794e-18
outer loop
vertex 23.239930417823892 7.7713288501098425 3.981866411263906
vertex 26.13754257957986 6.467695099948967 0.7999999999999999
vertex 23.239930417823892 7.7713288501098425 0.7999999999999999
endloop
endfacet
facet normal 0.3501952341728857 0.9366767307681971 -5.866318291095036e-18
outer loop
vertex 26.13754257957986 6.467695099948967 0.7999999999999999
vertex 23.239930417823892 7.7713288501098425 3.981866411263906
vertex 26.13754257957986 6.467695099948967 3.981866411263906
endloop
endfacet
facet normal 0.579526906772444 0.8149531055998026 -5.0776279218810806e-18
outer loop
vertex 20.538967662749304 9.438279418963425 3.981866411263906
vertex 23.239930417823892 7.7713288501098425 0.7999999999999999
vertex 20.538967662749304 9.438279418963425 0.7999999999999999
endloop
endfacet
facet normal 0.4687049618928171 0.8833547751028761 -5.519096266161794e-18
outer loop
vertex 23.239930417823892 7.7713288501098425 0.7999999999999999
vertex 20.538967662749304 9.438279418963425 3.981866411263906
vertex 23.239930417823892 7.7713288501098425 3.981866411263906
endloop
endfacet
facet normal 0.6807538083570978 0.7325122882295614 -4.5486503526238114e-18
outer loop
vertex 18.080868535943797 11.440024820110596 3.981866411263906
vertex 20.538967662749304 9.438279418963425 0.7999999999999999
vertex 18.080868535943797 11.440024820110596 0.7999999999999999
endloop
endfacet
facet normal 0.579526906772444 0.8149531055998026 -5.0776279218810806e-18
outer loop
vertex 20.538967662749304 9.438279418963425 0.7999999999999999
vertex 18.080868535943797 11.440024820110596 3.981866411263906
vertex 20.538967662749304 9.438279418963425 3.981866411263906
endloop
endfacet
facet normal 0.7705937811569783 0.6373266230451939 -3.940487799195161e-18
outer loop
vertex 15.907691794980833 13.742314634749002 0.7999999999999999
vertex 18.080868535943797 11.440024820110596 3.981866411263906
vertex 18.080868535943797 11.440024820110596 0.7999999999999999
endloop
endfacet
facet normal 0.6807538083570978 0.7325122882295614 -4.5486503526238114e-18
outer loop
vertex 18.080868535943797 11.440024820110596 3.981866411263906
vertex 15.907691794980833 13.742314634749002 0.7999999999999999
vertex 15.907691794980833 13.742314634749002 3.981866411263906
endloop
endfacet
facet normal 0.8474094976358033 0.5309398678914925 -3.26302095740746e-18
outer loop
vertex 14.056621096416746 16.305756045834922 0.7999999999999999
vertex 15.907691794980833 13.742314634749002 3.981866411263906
vertex 15.907691794980833 13.742314634749002 0.7999999999999999
endloop
endfacet
facet normal 0.7705937811569783 0.6373266230451939 -3.940487799195161e-18
outer loop
vertex 15.907691794980833 13.742314634749002 3.981866411263906
vertex 14.056621096416746 16.305756045834922 0.7999999999999999
vertex 14.056621096416746 16.305756045834922 3.981866411263906
endloop
endfacet
facet normal 0.9097610785079036 0.41513224402849785 -2.5276010182562056e-18
outer loop
vertex 12.559328773117565 19.08648786010442 0.7999999999999999
vertex 14.056621096416746 16.305756045834922 3.981866411263906
vertex 14.056621096416746 16.305756045834922 0.7999999999999999
endloop
endfacet
facet normal 0.8474094976358033 0.5309398678914925 -3.26302095740746e-18
outer loop
vertex 14.056621096416746 16.305756045834922 3.981866411263906
vertex 12.559328773117565 19.08648786010442 0.7999999999999999
vertex 12.559328773117565 19.08648786010442 3.981866411263906
endloop
endfacet
facet normal 0.9564498500019034 0.2918967016451819 -1.746895975764515e-18
outer loop
vertex 11.441433911863053 22.036930985250816 0.7999999999999999
vertex 12.559328773117565 19.08648786010442 3.981866411263906
vertex 12.559328773117565 19.08648786010442 0.7999999999999999
endloop
endfacet
facet normal 0.9097610785079036 0.41513224402849785 -2.5276010182562056e-18
outer loop
vertex 12.559328773117565 19.08648786010442 3.981866411263906
vertex 11.441433911863053 22.036930985250816 0.7999999999999999
vertex 11.441433911863053 22.036930985250816 3.981866411263906
endloop
endfacet
facet normal 0.9865593109234386 0.1634035679851267 -9.346640273269375e-19
outer loop
vertex 10.72206400366807 25.10660252138551 0.7999999999999999
vertex 11.441433911863053 22.036930985250816 3.981866411263906
vertex 11.441433911863053 22.036930985250816 0.7999999999999999
endloop
endfacet
facet normal 0.9564498500019034 0.2918967016451819 -1.746895975764515e-18
outer loop
vertex 11.441433911863053 22.036930985250816 3.981866411263906
vertex 10.72206400366807 25.10660252138551 0.7999999999999999
vertex 10.72206400366807 25.10660252138551 3.981866411263906
endloop
endfacet
facet normal 0.9994893352901613 0.03195416469306632 -1.0545814243003638e-19
outer loop
vertex 10.413527667108937 28.2429795374515 0.7999999999999999
vertex 10.72206400366807 25.10660252138551 3.981866411263906
vertex 10.72206400366807 25.10660252138551 0.7999999999999999
endloop
endfacet
facet normal 0.9865593109234386 0.1634035679851267 -9.346640273269375e-19
outer loop
vertex 10.72206400366807 25.10660252138551 3.981866411263906
vertex 10.413527667108937 28.2429795374515 0.7999999999999999
vertex 10.413527667108937 28.2429795374515 3.981866411263906
endloop
endfacet
facet normal 0.9949799496311106 -0.10007447143039346 7.257244066048501e-19
outer loop
vertex 10.521104044446563 31.39239775313586 0.7999999999999999
vertex 10.413527667108937 28.2429795374515 3.981866411263906
vertex 10.413527667108937 28.2429795374515 0.7999999999999999
endloop
endfacet
facet normal 0.9994893352901613 0.03195416469306632 -1.0545814243003638e-19
outer loop
vertex 10.413527667108937 28.2429795374515 3.981866411263906
vertex 10.521104044446563 31.39239775313586 0.7999999999999999
vertex 10.521104044446563 31.39239775313586 3.981866411263906
endloop
endfacet
facet normal 0.9731219768258741 -0.2302902911946201 1.5438254162572335e-18
outer loop
vertex 11.042952474038952 34.500969749584605 0.7999999999999999
vertex 10.521104044446563 31.39239775313586 3.981866411263906
vertex 10.521104044446563 31.39239775313586 0.7999999999999999
endloop
endfacet
facet normal 0.9949799496311106 -0.10007447143039346 7.257244066048501e-19
outer loop
vertex 10.521104044446563 31.39239775313586 3.981866411263906
vertex 11.042952474038952 34.500969749584605 0.7999999999999999
vertex 11.042952474038952 34.500969749584605 3.981866411263906
endloop
endfacet
facet normal 0.9343532939122358 -0.3563480351501253 2.334114668992532e-18
outer loop
vertex 11.97014398457202 37.51550699807947 0.7999999999999999
vertex 11.042952474038952 34.500969749584605 3.981866411263906
vertex 11.042952474038952 34.500969749584605 0.7999999999999999
endloop
endfacet
facet normal 0.9731219768258741 -0.2302902911946201 1.5438254162572335e-18
outer loop
vertex 11.042952474038952 34.500969749584605 3.981866411263906
vertex 11.97014398457202 37.51550699807947 0.7999999999999999
vertex 11.97014398457202 37.51550699807947 3.981866411263906
endloop
endfacet
facet normal 0.8794411469997981 -0.4760076354048112 3.0825560961341625e-18
outer loop
vertex 13.286814072234478 40.38442993051111 0.7999999999999999
vertex 11.97014398457202 37.51550699807947 3.981866411263906
vertex 11.97014398457202 37.51550699807947 0.7999999999999999
endloop
endfacet
facet normal 0.9343532939122358 -0.3563480351501253 2.334114668992532e-18
outer loop
vertex 11.97014398457202 37.51550699807947 3.981866411263906
vertex 13.286814072234478 40.38442993051111 0.7999999999999999
vertex 13.286814072234478 40.38442993051111 3.981866411263906
endloop
endfacet
facet normal 0.8094525766483556 -0.5871852571014858 3.7761264400780745e-18
outer loop
vertex 14.970434146776572 43.05865048008991 0.7999999999999999
vertex 13.286814072234478 40.38442993051111 3.981866411263906
vertex 13.286814072234478 40.38442993051111 0.7999999999999999
endloop
endfacet
facet normal 0.8794411469997981 -0.4760076354048112 3.0825560961341625e-18
outer loop
vertex 13.286814072234478 40.38442993051111 3.981866411263906
vertex 14.970434146776572 43.05865048008991 0.7999999999999999
vertex 14.970434146776572 43.05865048008991 3.981866411263906
endloop
endfacet
facet normal 0.7257162287935017 -0.6879941535113058 4.403068929264132e-18
outer loop
vertex 16.99219700193516 45.49241199177848 0.7999999999999999
vertex 14.970434146776572 43.05865048008991 3.981866411263906
vertex 14.970434146776572 43.05865048008991 0.7999999999999999
endloop
endfacet
facet normal 0.8094525766483556 -0.5871852571014858 3.7761264400780745e-18
outer loop
vertex 14.970434146776572 43.05865048008991 3.981866411263906
vertex 16.99219700193516 45.49241199177848 0.7999999999999999
vertex 16.99219700193516 45.49241199177848 3.981866411263906
endloop
endfacet
facet normal 0.6297794565531938 -0.7767739929371759 4.953073888582533e-18
outer loop
vertex 19.317509714719943 47.64407213134582 3.981866411263906
vertex 16.99219700193516 45.49241199177848 0.7999999999999999
vertex 19.317509714719943 47.64407213134582 0.7999999999999999
endloop
endfacet
facet normal 0.7257162287935017 -0.6879941535113058 4.403068929264132e-18
outer loop
vertex 16.99219700193516 45.49241199177848 0.7999999999999999
vertex 19.317509714719943 47.64407213134582 3.981866411263906
vertex 16.99219700193516 45.49241199177848 3.981866411263906
endloop
endfacet
facet normal 0.5233645961495803 -0.8521088542534849 5.417387897229102e-18
outer loop
vertex 21.906585539916776 49.47681539725091 3.981866411263906
vertex 19.317509714719943 47.64407213134582 0.7999999999999999
vertex 21.906585539916776 49.47681539725091 0.7999999999999999
endloop
endfacet
facet normal 0.6297794565531938 -0.7767739929371759 4.953073888582533e-18
outer loop
vertex 19.317509714719943 47.64407213134582 0.7999999999999999
vertex 21.906585539916776 49.47681539725091 3.981866411263906
vertex 19.317509714719943 47.64407213134582 3.981866411263906
endloop
endfacet
facet normal 0.4083277029078469 -0.9128354107055668 5.788861380729804e-18
outer loop
vertex 24.71512467232898 50.95928304408167 3.981866411263906
vertex 21.906585539916776 49.47681539725091 0.7999999999999999
vertex 24.71512467232898 50.95928304408167 0.7999999999999999
endloop
endfacet
facet normal 0.5233645961495803 -0.8521088542534849 5.417387897229102e-18
outer loop
vertex 21.906585539916776 49.47681539725091 0.7999999999999999
vertex 24.71512467232898 50.95928304408167 3.981866411263906
vertex 21.906585539916776 49.47681539725091 3.981866411263906
endloop
endfacet
facet normal 0.2866220345718454 -0.9580437408061784 6.061950218010162e-18
outer loop
vertex 27.695072228726847 52.066109639383285 3.981866411263906
vertex 24.71512467232898 50.95928304408167 0.7999999999999999
vertex 27.695072228726847 52.066109639383285 0.7999999999999999
endloop
endfacet
facet normal 0.4083277029078469 -0.9128354107055668 5.788861380729804e-18
outer loop
vertex 24.71512467232898 50.95928304408167 0.7999999999999999
vertex 27.695072228726847 52.066109639383285 3.981866411263906
vertex 24.71512467232898 50.95928304408167 3.981866411263906
endloop
endfacet
facet normal 0.16026738144823052 -0.9870736378020272 6.232689555589802e-18
outer loop
vertex 30.795440480222894 52.778357073239675 3.981866411263906
vertex 27.695072228726847 52.066109639383285 0.7999999999999999
vertex 30.795440480222894 52.778357073239675 0.7999999999999999
endloop
endfacet
facet normal 0.2866220345718454 -0.9580437408061784 6.061950218010162e-18
outer loop
vertex 27.695072228726847 52.066109639383285 0.7999999999999999
vertex 30.795440480222894 52.778357073239675 3.981866411263906
vertex 27.695072228726847 52.066109639383285 3.981866411263906
endloop
endfacet
facet normal 0.03132516544158488 -0.9995092465855718 6.298657639797139e-18
outer loop
vertex 33.96318126644954 53.083838594585394 3.981866411263906
vertex 30.795440480222894 52.778357073239675 0.7999999999999999
vertex 33.96318126644954 53.083838594585394 0.7999999999999999
endloop
endfacet
facet normal 0.16026738144823052 -0.9870736378020272 6.232689555589802e-18
outer loop
vertex 30.795440480222894 52.778357073239675 0.7999999999999999
vertex 33.96318126644954 53.083838594585394 3.981866411263906
vertex 30.795440480222894 52.778357073239675 3.981866411263906
endloop
endfacet
facet normal -0.09812178277719572 -0.9951744147357411 6.258944595555683e-18
outer loop
vertex 37.14409366429067 52.97732732989468 3.981866411263906
vertex 33.96318126644954 53.083838594585394 0.7999999999999999
vertex 37.14409366429067 52.97732732989468 0.7999999999999999
endloop
endfacet
facet normal 0.03132516544158488 -0.9995092465855718 6.298657639797139e-18
outer loop
vertex 33.96318126644954 53.083838594585394 0.7999999999999999
vertex 37.14409366429067 52.97732732989468 3.981866411263906
vertex 33.96318126644954 53.083838594585394 3.981866411263906
endloop
endfacet
facet normal -0.22598660685530772 -0.9741304088888841 6.114136376008208e-18
outer loop
vertex 40.28375138070398 52.46064571643689 3.981866411263906
vertex 37.14409366429067 52.97732732989468 0.7999999999999999
vertex 40.28375138070398 52.46064571643689 0.7999999999999999
endloop
endfacet
facet normal -0.09812178277719572 -0.9951744147357411 6.258944595555683e-18
outer loop
vertex 37.14409366429067 52.97732732989468 0.7999999999999999
vertex 40.28375138070398 52.46064571643689 3.981866411263906
vertex 37.14409366429067 52.97732732989468 3.981866411263906
endloop
endfacet
facet normal -0.350195234172899 -0.9366767307681921 5.866318291095005e-18
outer loop
vertex 43.32843400168385 51.54263431986946 3.981866411263906
vertex 40.28375138070398 52.46064571643689 0.7999999999999999
vertex 43.32843400168385 51.54263431986946 0.7999999999999999
endloop
endfacet
facet normal -0.22598660685530772 -0.9741304088888841 6.114136376008208e-18
outer loop
vertex 40.28375138070398 52.46064571643689 0.7999999999999999
vertex 43.32843400168385 51.54263431986946 3.981866411263906
vertex 40.28375138070398 52.46064571643689 3.981866411263906
endloop
endfacet
facet normal -0.4687049618928256 -0.8833547751028716 5.519096266161766e-18
outer loop
vertex 46.22604616343967 50.23900056970855 3.981866411263906
vertex 43.32843400168385 51.54263431986946 0.7999999999999999
vertex 46.22604616343967 50.23900056970855 0.7999999999999999
endloop
endfacet
facet normal -0.350195234172899 -0.9366767307681921 5.866318291095005e-18
outer loop
vertex 43.32843400168385 51.54263431986946 0.7999999999999999
vertex 46.22604616343967 50.23900056970855 3.981866411263906
vertex 43.32843400168385 51.54263431986946 3.981866411263906
endloop
endfacet
facet normal -0.5795269067724391 -0.8149531055998062 5.077627921881102e-18
outer loop
vertex 48.92700891851422 48.57205000085502 3.981866411263906
vertex 46.22604616343967 50.23900056970855 0.7999999999999999
vertex 48.92700891851422 48.57205000085502 0.7999999999999999
endloop
endfacet
facet normal -0.4687049618928256 -0.8833547751028716 5.519096266161766e-18
outer loop
vertex 46.22604616343967 50.23900056970855 0.7999999999999999
vertex 48.92700891851422 48.57205000085502 3.981866411263906
vertex 46.22604616343967 50.23900056970855 3.981866411263906
endloop
endfacet
facet normal -0.6807538083570953 -0.7325122882295634 4.5486503526238245e-18
outer loop
vertex 51.385108045319804 46.57030459970782 3.981866411263906
vertex 48.92700891851422 48.57205000085502 0.7999999999999999
vertex 51.385108045319804 46.57030459970782 0.7999999999999999
endloop
endfacet
facet normal -0.5795269067724391 -0.8149531055998062 5.077627921881102e-18
outer loop
vertex 48.92700891851422 48.57205000085502 0.7999999999999999
vertex 51.385108045319804 46.57030459970782 3.981866411263906
vertex 48.92700891851422 48.57205000085502 3.981866411263906
endloop
endfacet
facet normal -0.6807538083570953 -0.7325122882295634 4.5486503526238245e-18
outer loop
vertex 51.385108045319804 46.57030459970782 3.981866411263906
vertex 53.55828478628274 44.26801478506944 0.7999999999999999
vertex 53.55828478628274 44.26801478506944 3.981866411263906
endloop
endfacet
facet normal -0.7705937811569713 -0.6373266230452027 3.940487799195215e-18
outer loop
vertex 53.55828478628274 44.26801478506944 0.7999999999999999
vertex 51.385108045319804 46.57030459970782 3.981866411263906
vertex 51.385108045319804 46.57030459970782 0.7999999999999999
endloop
endfacet
facet normal -0.7705937811569713 -0.6373266230452027 3.940487799195215e-18
outer loop
vertex 53.55828478628274 44.26801478506944 3.981866411263906
vertex 55.40935548484695 41.70457337398349 0.7999999999999999
vertex 55.40935548484695 41.70457337398349 3.981866411263906
endloop
endfacet
facet normal -0.8474094976357992 -0.530939867891499 3.2630209574075004e-18
outer loop
vertex 55.40935548484695 41.70457337398349 0.7999999999999999
vertex 53.55828478628274 44.26801478506944 3.981866411263906
vertex 53.55828478628274 44.26801478506944 0.7999999999999999
endloop
endfacet
facet normal -0.8474094976357992 -0.530939867891499 3.2630209574075004e-18
outer loop
vertex 55.40935548484695 41.70457337398349 3.981866411263906
vertex 56.90664780814606 38.92384155971401 0.7999999999999999
vertex 56.90664780814606 38.92384155971401 3.981866411263906
endloop
endfacet
facet normal -0.9097610785079027 -0.4151322440284999 2.5276010182562195e-18
outer loop
vertex 56.90664780814606 38.92384155971401 0.7999999999999999
vertex 55.40935548484695 41.70457337398349 3.981866411263906
vertex 55.40935548484695 41.70457337398349 0.7999999999999999
endloop
endfacet
facet normal -0.9097610785079027 -0.4151322440284999 2.5276010182562195e-18
outer loop
vertex 56.90664780814606 38.92384155971401 3.981866411263906
vertex 58.02454266940063 35.973398434567606 0.7999999999999999
vertex 58.02454266940063 35.973398434567606 3.981866411263906
endloop
endfacet
facet normal -0.9564498500019 -0.29189670164519316 1.7468959757645863e-18
outer loop
vertex 58.02454266940063 35.973398434567606 0.7999999999999999
vertex 56.90664780814606 38.92384155971401 3.981866411263906
vertex 56.90664780814606 38.92384155971401 0.7999999999999999
endloop
endfacet
facet normal -0.9564498500019 -0.29189670164519316 1.7468959757645863e-18
outer loop
vertex 58.02454266940063 35.973398434567606 3.981866411263906
vertex 58.74391257759569 32.903726898432915 0.7999999999999999
vertex 58.74391257759569 32.903726898432915 3.981866411263906
endloop
endfacet
facet normal -0.9865593109234372 -0.1634035679851362 9.346640273269972e-19
outer loop
vertex 58.74391257759569 32.903726898432915 0.7999999999999999
vertex 58.02454266940063 35.973398434567606 3.981866411263906
vertex 58.02454266940063 35.973398434567606 0.7999999999999999
endloop
endfacet
facet normal -0.9865593109234372 -0.1634035679851362 9.346640273269972e-19
outer loop
vertex 58.74391257759569 32.903726898432915 3.981866411263906
vertex 59.05244891415481 29.76734988236694 0.7999999999999999
vertex 59.05244891415481 29.76734988236694 3.981866411263906
endloop
endfacet
facet normal -0.9994893352901612 -0.0319541646930708 1.0545814243006473e-19
outer loop
vertex 59.05244891415481 29.76734988236694 0.7999999999999999
vertex 58.74391257759569 32.903726898432915 3.981866411263906
vertex 58.74391257759569 32.903726898432915 0.7999999999999999
endloop
endfacet
facet normal -0.9994893352901612 -0.0319541646930708 1.0545814243006473e-19
outer loop
vertex 59.05244891415481 29.76734988236694 3.981866411263906
vertex 58.94487253681722 26.617931666682555 0.7999999999999999
vertex 58.94487253681722 26.617931666682555 3.981866411263906
endloop
endfacet
facet normal -0.9949799496311111 0.10007447143038853 -7.257244066048194e-19
outer loop
vertex 58.94487253681722 26.617931666682555 0.7999999999999999
vertex 59.05244891415481 29.76734988236694 3.981866411263906
vertex 59.05244891415481 29.76734988236694 0.7999999999999999
endloop
endfacet
facet normal -0.9949799496311111 0.10007447143038853 -7.257244066048194e-19
outer loop
vertex 58.94487253681722 26.617931666682555 3.981866411263906
vertex 58.42302410722483 23.509359670233803 0.7999999999999999
vertex 58.42302410722483 23.509359670233803 3.981866411263906
endloop
endfacet
facet normal -0.9731219768258729 0.23029029119462505 -1.543825416257264e-18
outer loop
vertex 58.42302410722483 23.509359670233803 0.7999999999999999
vertex 58.94487253681722 26.617931666682555 3.981866411263906
vertex 58.94487253681722 26.617931666682555 0.7999999999999999
endloop
endfacet
facet normal -0.9731219768258729 0.23029029119462505 -1.543825416257264e-18
outer loop
vertex 58.42302410722483 23.509359670233803 3.981866411263906
vertex 57.495832596691706 20.494822421738938 0.7999999999999999
vertex 57.495832596691706 20.494822421738938 3.981866411263906
endloop
endfacet
facet normal -0.9343532939122295 0.3563480351501417 -2.3341146689926327e-18
outer loop
vertex 57.495832596691706 20.494822421738938 0.7999999999999999
vertex 58.42302410722483 23.509359670233803 3.981866411263906
vertex 58.42302410722483 23.509359670233803 0.7999999999999999
endloop
endfacet
facet normal -0.9343532939122295 0.3563480351501417 -2.3341146689926327e-18
outer loop
vertex 57.495832596691706 20.494822421738938 3.981866411263906
vertex 56.1791625090292 17.625899489307322 0.7999999999999999
vertex 56.1791625090292 17.625899489307322 3.981866411263906
endloop
endfacet
facet normal -0.879441146999795 0.47600763540481683 -3.0825560961341964e-18
outer loop
vertex 56.1791625090292 17.625899489307322 0.7999999999999999
vertex 57.495832596691706 20.494822421738938 3.981866411263906
vertex 57.495832596691706 20.494822421738938 0.7999999999999999
endloop
endfacet
facet normal -0.879441146999795 0.47600763540481683 -3.0825560961341964e-18
outer loop
vertex 56.1791625090292 17.625899489307322 3.981866411263906
vertex 54.4955424344871 14.951678939728522 0.7999999999999999
vertex 54.4955424344871 14.951678939728522 3.981866411263906
endloop
endfacet
facet normal -0.8094525766483481 0.5871852571014959 -3.776126440078136e-18
outer loop
vertex 54.4955424344871 14.951678939728522 0.7999999999999999
vertex 56.1791625090292 17.625899489307322 3.981866411263906
vertex 56.1791625090292 17.625899489307322 0.7999999999999999
endloop
endfacet
facet normal -0.8094525766483481 0.5871852571014959 -3.776126440078136e-18
outer loop
vertex 54.4955424344871 14.951678939728522 3.981866411263906
vertex 52.47377957932841 12.517917428039953 0.7999999999999999
vertex 52.47377957932841 12.517917428039953 3.981866411263906
endloop
endfacet
facet normal -0.7257162287934826 0.6879941535113255 -4.403068929264257e-18
outer loop
vertex 52.47377957932841 12.517917428039953 0.7999999999999999
vertex 54.4955424344871 14.951678939728522 3.981866411263906
vertex 54.4955424344871 14.951678939728522 0.7999999999999999
endloop
endfacet
facet normal -0.6297794565531897 0.7767739929371794 -4.95307388858256e-18
outer loop
vertex 50.14846686654355 10.366257288472674 3.981866411263906
vertex 52.47377957932841 12.517917428039953 0.7999999999999999
vertex 50.14846686654355 10.366257288472674 0.7999999999999999
endloop
endfacet
facet normal -0.7257162287934826 0.6879941535113255 -4.403068929264257e-18
outer loop
vertex 52.47377957932841 12.517917428039953 0.7999999999999999
vertex 50.14846686654355 10.366257288472674 3.981866411263906
vertex 52.47377957932841 12.517917428039953 3.981866411263906
endloop
endfacet
facet normal -0.5233645961495904 0.8521088542534787 -5.4173878972290654e-18
outer loop
vertex 47.55939104134679 8.533514022567559 3.981866411263906
vertex 50.14846686654355 10.366257288472674 0.7999999999999999
vertex 47.55939104134679 8.533514022567559 0.7999999999999999
endloop
endfacet
facet normal -0.6297794565531897 0.7767739929371794 -4.95307388858256e-18
outer loop
vertex 50.14846686654355 10.366257288472674 0.7999999999999999
vertex 47.55939104134679 8.533514022567559 3.981866411263906
vertex 50.14846686654355 10.366257288472674 3.981866411263906
endloop
endfacet
facet normal -0.4083277029078506 0.9128354107055654 -5.788861380729796e-18
outer loop
vertex 44.75085190893461 7.051046375736793 3.981866411263906
vertex 47.55939104134679 8.533514022567559 0.7999999999999999
vertex 44.75085190893461 7.051046375736793 0.7999999999999999
endloop
endfacet
facet normal -0.5233645961495904 0.8521088542534787 -5.4173878972290654e-18
outer loop
vertex 47.55939104134679 8.533514022567559 0.7999999999999999
vertex 44.75085190893461 7.051046375736793 3.981866411263906
vertex 47.55939104134679 8.533514022567559 3.981866411263906
endloop
endfacet
facet normal -0.2866220345718519 0.9580437408061765 -6.06195021801015e-18
outer loop
vertex 41.770904352536704 5.944219780435164 3.981866411263906
vertex 44.75085190893461 7.051046375736793 0.7999999999999999
vertex 41.770904352536704 5.944219780435164 0.7999999999999999
endloop
endfacet
facet normal -0.4083277029078506 0.9128354107055654 -5.788861380729796e-18
outer loop
vertex 44.75085190893461 7.051046375736793 0.7999999999999999
vertex 41.770904352536704 5.944219780435164 3.981866411263906
vertex 44.75085190893461 7.051046375736793 3.981866411263906
endloop
endfacet
facet normal -0.16026738144823827 0.987073637802026 -6.2326895555897974e-18
outer loop
vertex 38.67053610104075 5.231972346578743 3.981866411263906
vertex 41.770904352536704 5.944219780435164 0.7999999999999999
vertex 38.67053610104075 5.231972346578743 0.7999999999999999
endloop
endfacet
facet normal -0.2866220345718519 0.9580437408061765 -6.06195021801015e-18
outer loop
vertex 41.770904352536704 5.944219780435164 0.7999999999999999
vertex 38.67053610104075 5.231972346578743 3.981866411263906
vertex 41.770904352536704 5.944219780435164 3.981866411263906
endloop
endfacet
facet normal -0.03132516544157794 0.9995092465855722 -6.29865763979714e-18
outer loop
vertex 35.50279531481406 4.926490825233016 3.981866411263906
vertex 38.67053610104075 5.231972346578743 0.7999999999999999
vertex 35.50279531481406 4.926490825233016 0.7999999999999999
endloop
endfacet
facet normal -0.16026738144823827 0.987073637802026 -6.2326895555897974e-18
outer loop
vertex 38.67053610104075 5.231972346578743 0.7999999999999999
vertex 35.50279531481406 4.926490825233016 3.981866411263906
vertex 38.67053610104075 5.231972346578743 3.981866411263906
endloop
endfacet
facet normal 0.0981217827772053 0.9951744147357401 -6.2589445955556764e-18
outer loop
vertex 32.321882916972896 5.0330020899237855 3.981866411263906
vertex 35.50279531481406 4.926490825233016 0.7999999999999999
vertex 32.321882916972896 5.0330020899237855 0.7999999999999999
endloop
endfacet
facet normal -0.03132516544157794 0.9995092465855722 -6.29865763979714e-18
outer loop
vertex 35.50279531481406 4.926490825233016 0.7999999999999999
vertex 32.321882916972896 5.0330020899237855 3.981866411263906
vertex 35.50279531481406 4.926490825233016 3.981866411263906
endloop
endfacet
facet normal 0.22598660685530733 0.9741304088888842 -6.114136376008209e-18
outer loop
vertex 29.18222520055966 5.549683703381572 3.981866411263906
vertex 32.321882916972896 5.0330020899237855 0.7999999999999999
vertex 29.18222520055966 5.549683703381572 0.7999999999999999
endloop
endfacet
facet normal 0.0981217827772053 0.9951744147357401 -6.2589445955556764e-18
outer loop
vertex 32.321882916972896 5.0330020899237855 0.7999999999999999
vertex 29.18222520055966 5.549683703381572 3.981866411263906
vertex 32.321882916972896 5.0330020899237855 3.981866411263906
endloop
endfacet
endsolid Modelo Round Eye
