solid Modelo Óculos Square
facet normal -7.817752609049123e-33 1.592498664107766e-32 -1.0
outer loop
vertex 57.701695441547464 27.850155911598893 0.7999999999999999
vertex 57.67580000000002 26.908727659854787 0.7999999999999999
vertex 57.67580000000002 27.573787198991973 0.7999999999999999
endloop
endfacet
facet normal -7.817752609049123e-33 1.592498664107766e-32 -1.0
outer loop
vertex 57.67580000000002 26.908727659854787 0.7999999999999999
vertex 57.701695441547464 27.850155911598893 0.7999999999999999
vertex 57.67580000000002 25.98045172945468 0.7999999999999999
endloop
endfacet
facet normal -7.817752609049123e-33 1.592498664107766e-32 -1.0
outer loop
vertex 57.67580000000002 25.98045172945468 0.7999999999999999
vertex 57.701695441547464 27.850155911598893 0.7999999999999999
vertex 57.67580000000002 25.31539199027309 0.7999999999999999
endloop
endfacet
facet normal -7.817752609049123e-33 1.592498664107766e-32 -1.0
outer loop
vertex 57.67580000000002 25.31539199027309 0.7999999999999999
vertex 57.701695441547464 27.850155911598893 0.7999999999999999
vertex 57.701695406839825 25.03906353563654 0.7999999999999999
endloop
endfacet
facet normal -7.817752609049123e-33 1.592498664107766e-32 -1.0
outer loop
vertex 57.701695406839825 25.03906353563654 0.7999999999999999
vertex 57.701695441547464 27.850155911598893 0.7999999999999999
vertex 57.84685414840121 24.747219287099025 0.7999999999999999
endloop
endfacet
facet normal -7.817752609049123e-33 1.592498664107766e-32 -1.0
outer loop
vertex 57.84685414840121 24.747219287099025 0.7999999999999999
vertex 57.701695441547464 27.850155911598893 0.7999999999999999
vertex 57.84685423497389 28.1420404682783 0.7999999999999999
endloop
endfacet
facet normal -7.817752609049123e-33 1.592498664107766e-32 -1.0
outer loop
vertex 57.84685414840121 24.747219287099025 0.7999999999999999
vertex 57.84685423497389 28.1420404682783 0.7999999999999999
vertex 58.0929212173908 24.537849888249344 0.7999999999999999
endloop
endfacet
facet normal -7.817752609049123e-33 1.592498664107766e-32 -1.0
outer loop
vertex 58.0929212173908 24.537849888249344 0.7999999999999999
vertex 57.84685423497389 28.1420404682783 0.7999999999999999
vertex 58.09292133162031 28.35142608348838 0.7999999999999999
endloop
endfacet
facet normal -7.817752609049123e-33 1.592498664107766e-32 -1.0
outer loop
vertex 58.0929212173908 24.537849888249344 0.7999999999999999
vertex 58.09292133162031 28.35142608348838 0.7999999999999999
vertex 58.409214303877114 24.44164860286577 0.7999999999999999
endloop
endfacet
facet normal -7.817752609049123e-33 1.592498664107766e-32 -1.0
outer loop
vertex 58.409214303877114 24.44164860286577 0.7999999999999999
vertex 58.09292133162031 28.35142608348838 0.7999999999999999
vertex 58.40921440224923 28.447630447297673 0.7999999999999999
endloop
endfacet
facet normal -7.817752609049123e-33 1.592498664107766e-32 -1.0
outer loop
vertex 58.409214303877114 24.44164860286577 0.7999999999999999
vertex 58.40921440224923 28.447630447297673 0.7999999999999999
vertex 58.66913055809653 24.43868952661747 0.7999999999999999
endloop
endfacet
facet normal -7.817752609049123e-33 1.592498664107766e-32 -1.0
outer loop
vertex 58.66913055809653 24.43868952661747 0.7999999999999999
vertex 58.40921440224923 28.447630447297673 0.7999999999999999
vertex 58.71223411576033 28.450589526617478 0.7999999999999999
endloop
endfacet
facet normal -7.817752609049123e-33 1.592498664107766e-32 -1.0
outer loop
vertex 58.66913055809653 24.43868952661747 0.7999999999999999
vertex 58.71223411576033 28.450589526617478 0.7999999999999999
vertex 59.24752390989706 24.43868952661747 0.7999999999999999
endloop
endfacet
facet normal -7.817752609049123e-33 1.592498664107766e-32 -1.0
outer loop
vertex 59.24752390989706 24.43868952661747 0.7999999999999999
vertex 58.71223411576033 28.450589526617478 0.7999999999999999
vertex 59.42120225980465 28.450589526617478 0.7999999999999999
endloop
endfacet
facet normal -7.817752609049123e-33 1.592498664107766e-32 -1.0
outer loop
vertex 59.24752390989706 24.43868952661747 0.7999999999999999
vertex 59.42120225980465 28.450589526617478 0.7999999999999999
vertex 59.86244744849336 24.43868952661749 0.7999999999999999
endloop
endfacet
facet normal -7.817752609049123e-33 1.592498664107766e-32 -1.0
outer loop
vertex 59.86244744849336 24.43868952661749 0.7999999999999999
vertex 59.42120225980465 28.450589526617478 0.7999999999999999
vertex 60.174947339262296 28.450589526617467 0.7999999999999999
endloop
endfacet
facet normal -7.817752609049123e-33 1.592498664107766e-32 -1.0
outer loop
vertex 59.86244744849336 24.43868952661749 0.7999999999999999
vertex 60.174947339262296 28.450589526617467 0.7999999999999999
vertex 60.14860000000001 24.43868952661747 0.7999999999999999
endloop
endfacet
facet normal -7.817752609049123e-33 1.592498664107766e-32 -1.0
outer loop
vertex 0.8724192799831102 36.11694934326711 0.7999999999999999
vertex 0.8000000000000098 35.61252847548424 0.7999999999999999
vertex 0.8000000000000098 35.889497182180634 0.7999999999999999
endloop
endfacet
facet normal -7.817752609049123e-33 1.592498664107766e-32 -1.0
outer loop
vertex 0.8000000000000098 35.61252847548424 0.7999999999999999
vertex 0.8724192799831102 36.11694934326711 0.7999999999999999
vertex 0.8000000000000211 35.116070993368055 0.7999999999999999
endloop
endfacet
facet normal -7.817752609049123e-33 1.592498664107766e-32 -1.0
outer loop
vertex 0.8000000000000211 35.116070993368055 0.7999999999999999
vertex 0.8724192799831102 36.11694934326711 0.7999999999999999
vertex 0.8000000000000211 34.670657239119784 0.7999999999999999
endloop
endfacet
facet normal -7.817752609049123e-33 1.592498664107766e-32 -1.0
outer loop
vertex 0.8000000000000211 34.670657239119784 0.7999999999999999
vertex 0.8724192799831102 36.11694934326711 0.7999999999999999
vertex 0.8036905570306718 34.47104048998619 0.7999999999999999
endloop
endfacet
facet normal -7.817752609049123e-33 1.592498664107766e-32 -1.0
outer loop
vertex 0.8036905570306718 34.47104048998619 0.7999999999999999
vertex 0.8724192799831102 36.11694934326711 0.7999999999999999
vertex 0.9031144786912447 34.18073316431131 0.7999999999999999
endloop
endfacet
facet normal -7.817752609049123e-33 1.592498664107766e-32 -1.0
outer loop
vertex 0.9031144786912447 34.18073316431131 0.7999999999999999
vertex 0.8724192799831102 36.11694934326711 0.7999999999999999
vertex 1.0976926722522709 36.35391229470045 0.7999999999999999
endloop
endfacet
facet normal -7.817752609049123e-33 1.592498664107766e-32 -1.0
outer loop
vertex 0.9031144786912447 34.18073316431131 0.7999999999999999
vertex 1.0976926722522709 36.35391229470045 0.7999999999999999
vertex 1.1227937560079186 33.9069139801671 0.7999999999999999
endloop
endfacet
facet normal -7.817752609049123e-33 1.592498664107766e-32 -1.0
outer loop
vertex 1.1227937560079186 33.9069139801671 0.7999999999999999
vertex 1.0976926722522709 36.35391229470045 0.7999999999999999
vertex 1.3980900373453014 36.53753743268836 0.7999999999999999
endloop
endfacet
facet normal -7.817752609049123e-33 1.592498664107766e-32 -1.0
outer loop
vertex 1.1227937560079186 33.9069139801671 0.7999999999999999
vertex 1.3980900373453014 36.53753743268836 0.7999999999999999
vertex 1.4421114208657033 33.71140419739527 0.7999999999999999
endloop
endfacet
facet normal -7.817752609049123e-33 1.592498664107766e-32 -1.0
outer loop
vertex 1.4421114208657033 33.71140419739527 0.7999999999999999
vertex 1.3980900373453014 36.53753743268836 0.7999999999999999
vertex 1.693287413288296 36.63897883552171 0.7999999999999999
endloop
endfacet
facet normal -7.817752609049123e-33 1.592498664107766e-32 -1.0
outer loop
vertex 1.4421114208657033 33.71140419739527 0.7999999999999999
vertex 1.693287413288296 36.63897883552171 0.7999999999999999
vertex 1.8032871524239282 33.65428952661748 0.7999999999999999
endloop
endfacet
facet normal -7.817752609049123e-33 1.592498664107766e-32 -1.0
outer loop
vertex 1.8032871524239282 33.65428952661748 0.7999999999999999
vertex 1.693287413288296 36.63897883552171 0.7999999999999999
vertex 2.4900758403904986 36.63533208069513 0.7999999999999999
endloop
endfacet
facet normal -7.817752609049123e-33 1.592498664107766e-32 -1.0
outer loop
vertex 1.8032871524239282 33.65428952661748 0.7999999999999999
vertex 2.4900758403904986 36.63533208069513 0.7999999999999999
vertex 3.09005498608539 33.65428952661748 0.7999999999999999
endloop
endfacet
facet normal -7.817752609049123e-33 1.592498664107766e-32 -1.0
outer loop
vertex 3.09005498608539 33.65428952661748 0.7999999999999999
vertex 2.4900758403904986 36.63533208069513 0.7999999999999999
vertex 4.4014093627318704 36.61772501286293 0.7999999999999999
endloop
endfacet
facet normal -7.817752609049123e-33 1.592498664107766e-32 -1.0
outer loop
vertex 3.09005498608539 33.65428952661748 0.7999999999999999
vertex 4.4014093627318704 36.61772501286293 0.7999999999999999
vertex 5.0789041217671285 33.65428952661748 0.7999999999999999
endloop
endfacet
facet normal -7.817752609049123e-33 1.592498664107766e-32 -1.0
outer loop
vertex 5.0789041217671285 33.65428952661748 0.7999999999999999
vertex 4.4014093627318704 36.61772501286293 0.7999999999999999
vertex 6.354218476878098 36.59973587484267 0.7999999999999999
endloop
endfacet
facet normal -7.817752609049123e-33 1.592498664107766e-32 -1.0
outer loop
vertex 5.0789041217671285 33.65428952661748 0.7999999999999999
vertex 6.354218476878098 36.59973587484267 0.7999999999999999
vertex 6.70668371070829 33.65428952661749 0.7999999999999999
endloop
endfacet
facet normal -7.817752609049123e-33 1.592498664107766e-32 -1.0
outer loop
vertex 6.70668371070829 33.65428952661749 0.7999999999999999
vertex 6.354218476878098 36.59973587484267 0.7999999999999999
vertex 7.249400000000022 36.59148952661748 0.7999999999999999
endloop
endfacet
facet normal -7.817752609049123e-33 1.592498664107766e-32 -1.0
outer loop
vertex 6.70668371070829 33.65428952661749 0.7999999999999999
vertex 7.249400000000022 36.59148952661748 0.7999999999999999
vertex 7.064649746810935 33.46629145396219 0.7999999999999999
endloop
endfacet
facet normal -7.817752609049123e-33 1.592498664107766e-32 -1.0
outer loop
vertex 7.064649746810935 33.46629145396219 0.7999999999999999
vertex 7.249400000000022 36.59148952661748 0.7999999999999999
vertex 7.06969231752412 31.975067362047103 0.7999999999999999
endloop
endfacet
facet normal -7.817752609049123e-33 1.592498664107766e-32 -1.0
outer loop
vertex 7.06969231752412 31.975067362047103 0.7999999999999999
vertex 7.249400000000022 36.59148952661748 0.7999999999999999
vertex 7.122160672039189 30.7115787349618 0.7999999999999999
endloop
endfacet
facet normal -7.817752609049123e-33 1.592498664107766e-32 -1.0
outer loop
vertex 7.122160672039189 30.7115787349618 0.7999999999999999
vertex 7.249400000000022 36.59148952661748 0.7999999999999999
vertex 7.300918395147969 28.524874039170296 0.7999999999999999
endloop
endfacet
facet normal -7.817752609049123e-33 1.592498664107766e-32 -1.0
outer loop
vertex 7.300918395147969 28.524874039170296 0.7999999999999999
vertex 7.249400000000022 36.59148952661748 0.7999999999999999
vertex 7.351456614764682 37.497163398569 0.7999999999999999
endloop
endfacet
facet normal -7.817752609049123e-33 1.592498664107766e-32 -1.0
outer loop
vertex 7.300918395147969 28.524874039170296 0.7999999999999999
vertex 7.351456614764682 37.497163398569 0.7999999999999999
vertex 7.546418614786307 26.343502190711423 0.7999999999999999
endloop
endfacet
facet normal -7.817752609049123e-33 1.592498664107766e-32 -1.0
outer loop
vertex 7.546418614786307 26.343502190711423 0.7999999999999999
vertex 7.351456614764682 37.497163398569 0.7999999999999999
vertex 7.475389603646461 38.40618611473599 0.7999999999999999
endloop
endfacet
facet normal -7.817752609049123e-33 1.592498664107766e-32 -1.0
outer loop
vertex 7.546418614786307 26.343502190711423 0.7999999999999999
vertex 7.475389603646461 38.40618611473599 0.7999999999999999
vertex 7.621201448274724 39.318809563566674 0.7999999999999999
endloop
endfacet
facet normal -7.817752609049123e-33 1.592498664107766e-32 -1.0
outer loop
vertex 7.546418614786307 26.343502190711423 0.7999999999999999
vertex 7.621201448274724 39.318809563566674 0.7999999999999999
vertex 7.806488502571034 24.16689723930094 0.7999999999999999
endloop
endfacet
facet normal -7.817752609049123e-33 1.592498664107766e-32 -1.0
outer loop
vertex 7.806488502571034 24.16689723930094 0.7999999999999999
vertex 7.621201448274724 39.318809563566674 0.7999999999999999
vertex 7.788894630278856 40.23528563350884 0.7999999999999999
endloop
endfacet
facet normal -7.817752609049123e-33 1.592498664107766e-32 -1.0
outer loop
vertex 7.806488502571034 24.16689723930094 0.7999999999999999
vertex 7.788894630278856 40.23528563350884 0.7999999999999999
vertex 7.978471631288208 41.155866213010235 0.7999999999999999
endloop
endfacet
facet normal -7.817752609049123e-33 1.592498664107766e-32 -1.0
outer loop
vertex 7.806488502571034 24.16689723930094 0.7999999999999999
vertex 7.978471631288208 41.155866213010235 0.7999999999999999
vertex 8.087750917090606 21.817547485454796 0.7999999999999999
endloop
endfacet
facet normal -7.817752609049123e-33 1.592498664107766e-32 -1.0
outer loop
vertex 8.087750917090606 21.817547485454796 0.7999999999999999
vertex 7.978471631288208 41.155866213010235 0.7999999999999999
vertex 8.189934932932166 42.080803190518644 0.7999999999999999
endloop
endfacet
facet normal -7.817752609049123e-33 1.592498664107766e-32 -1.0
outer loop
vertex 8.087750917090606 21.817547485454796 0.7999999999999999
vertex 8.189934932932166 42.080803190518644 0.7999999999999999
vertex 8.317471078090266 32.37012031292618 0.7999999999999999
endloop
endfacet
facet normal -7.817752609049123e-33 1.592498664107766e-32 -1.0
outer loop
vertex 8.087750917090606 21.817547485454796 0.7999999999999999
vertex 8.317471078090266 32.37012031292618 0.7999999999999999
vertex 8.56145195452285 19.347319062605685 0.7999999999999999
endloop
endfacet
facet normal -7.817752609049123e-33 1.592498664107766e-32 -1.0
outer loop
vertex 8.56145195452285 19.347319062605685 0.7999999999999999
vertex 8.317471078090266 32.37012031292618 0.7999999999999999
vertex 8.430118357729738 29.9546978116901 0.7999999999999999
endloop
endfacet
facet normal -7.817752609049123e-33 1.592498664107766e-32 -1.0
outer loop
vertex 8.56145195452285 19.347319062605685 0.7999999999999999
vertex 8.430118357729738 29.9546978116901 0.7999999999999999
vertex 8.643754119789005 27.72428764426045 0.7999999999999999
endloop
endfacet
facet normal -7.817752609049123e-33 1.592498664107766e-32 -1.0
outer loop
vertex 8.56145195452285 19.347319062605685 0.7999999999999999
vertex 8.643754119789005 27.72428764426045 0.7999999999999999
vertex 9.220107705950323 16.924905926265954 0.7999999999999999
endloop
endfacet
facet normal -7.817752609049123e-33 1.592498664107766e-32 -1.0
outer loop
vertex 9.220107705950323 16.924905926265954 0.7999999999999999
vertex 8.643754119789005 27.72428764426045 0.7999999999999999
vertex 8.907826526708757 25.496694337759678 0.7999999999999999
endloop
endfacet
facet normal -7.817752609049123e-33 1.592498664107766e-32 -1.0
outer loop
vertex 9.220107705950323 16.924905926265954 0.7999999999999999
vertex 8.907826526708757 25.496694337759678 0.7999999999999999
vertex 9.168800000000017 23.268889526617468 0.7999999999999999
endloop
endfacet
facet normal -7.817752609049123e-33 1.592498664107766e-32 -1.0
outer loop
vertex 9.220107705950323 16.924905926265954 0.7999999999999999
vertex 9.168800000000017 23.268889526617468 0.7999999999999999
vertex 9.594021747262707 20.61161248676095 0.7999999999999999
endloop
endfacet
facet normal -7.817752609049123e-33 1.592498664107766e-32 -1.0
outer loop
vertex 9.220107705950323 16.924905926265954 0.7999999999999999
vertex 9.594021747262707 20.61161248676095 0.7999999999999999
vertex 10.04273397536907 14.55085387131616 0.7999999999999999
endloop
endfacet
facet normal -7.817752609049123e-33 1.592498664107766e-32 -1.0
outer loop
vertex 10.04273397536907 14.55085387131616 0.7999999999999999
vertex 9.594021747262707 20.61161248676095 0.7999999999999999
vertex 10.200748086634867 18.310182772565007 0.7999999999999999
endloop
endfacet
facet normal -7.817752609049123e-33 1.592498664107766e-32 -1.0
outer loop
vertex 10.04273397536907 14.55085387131616 0.7999999999999999
vertex 10.200748086634867 18.310182772565007 0.7999999999999999
vertex 11.352985748685908 11.186744982273895 0.7999999999999999
endloop
endfacet
facet normal -7.817752609049123e-33 1.592498664107766e-32 -1.0
outer loop
vertex 11.352985748685908 11.186744982273895 0.7999999999999999
vertex 10.200748086634867 18.310182772565007 0.7999999999999999
vertex 10.944070856192758 16.030779671573615 0.7999999999999999
endloop
endfacet
facet normal -7.817752609049123e-33 1.592498664107766e-32 -1.0
outer loop
vertex 11.352985748685908 11.186744982273895 0.7999999999999999
vertex 10.944070856192758 16.030779671573615 0.7999999999999999
vertex 11.85119326699307 13.268240168160457 0.7999999999999999
endloop
endfacet
facet normal -7.817752609049123e-33 1.592498664107766e-32 -1.0
outer loop
vertex 11.352985748685908 11.186744982273895 0.7999999999999999
vertex 11.85119326699307 13.268240168160457 0.7999999999999999
vertex 13.3979141521696 7.947257982239237 0.7999999999999999
endloop
endfacet
facet normal -7.817752609049123e-33 1.592498664107766e-32 -1.0
outer loop
vertex 13.3979141521696 7.947257982239237 0.7999999999999999
vertex 11.85119326699307 13.268240168160457 0.7999999999999999
vertex 13.412047554635235 10.043689312360499 0.7999999999999999
endloop
endfacet
facet normal -7.817752609049123e-33 1.592498664107766e-32 -1.0
outer loop
vertex 13.3979141521696 7.947257982239237 0.7999999999999999
vertex 13.412047554635235 10.043689312360499 0.7999999999999999
vertex 15.961832820007167 5.560804835156244 0.7999999999999999
endloop
endfacet
facet normal -7.817752609049123e-33 1.592498664107766e-32 -1.0
outer loop
vertex 15.961832820007167 5.560804835156244 0.7999999999999999
vertex 13.412047554635235 10.043689312360499 0.7999999999999999
vertex 15.57702197900312 7.485159368115065 0.7999999999999999
endloop
endfacet
facet normal -7.817752609049123e-33 1.592498664107766e-32 -1.0
outer loop
vertex 15.961832820007167 5.560804835156244 0.7999999999999999
vertex 15.57702197900312 7.485159368115065 0.7999999999999999
vertex 18.39858047045689 5.527688086442477 0.7999999999999999
endloop
endfacet
facet normal -7.817752609049123e-33 1.592498664107766e-32 -1.0
outer loop
vertex 15.961832820007167 5.560804835156244 0.7999999999999999
vertex 18.39858047045689 5.527688086442477 0.7999999999999999
vertex 18.949995115884846 3.8654968641278953 0.7999999999999999
endloop
endfacet
facet normal -7.817752609049123e-33 1.592498664107766e-32 -1.0
outer loop
vertex 18.949995115884846 3.8654968641278953 0.7999999999999999
vertex 18.39858047045689 5.527688086442477 0.7999999999999999
vertex 22.917509311596397 3.7660907458424577 0.7999999999999999
endloop
endfacet
facet normal -7.817752609049123e-33 1.592498664107766e-32 -1.0
outer loop
vertex 18.949995115884846 3.8654968641278953 0.7999999999999999
vertex 22.917509311596397 3.7660907458424577 0.7999999999999999
vertex 24.221103367401398 2.099069855354416 0.7999999999999999
endloop
endfacet
facet normal -7.817752609049123e-33 1.592498664107766e-32 -1.0
outer loop
vertex 24.221103367401398 2.099069855354416 0.7999999999999999
vertex 22.917509311596397 3.7660907458424577 0.7999999999999999
vertex 29.197505899341337 2.416041727881706 0.7999999999999999
endloop
endfacet
facet normal -7.817752609049123e-33 1.592498664107766e-32 -1.0
outer loop
vertex 24.221103367401398 2.099069855354416 0.7999999999999999
vertex 29.197505899341337 2.416041727881706 0.7999999999999999
vertex 30.511951339055077 1.0000548892533896 0.7999999999999999
endloop
endfacet
facet normal -7.817752609049123e-33 1.592498664107766e-32 -1.0
outer loop
vertex 30.511951339055077 1.0000548892533896 0.7999999999999999
vertex 29.197505899341337 2.416041727881706 0.7999999999999999
vertex 35.55445499217539 2.031501791552862 0.7999999999999999
endloop
endfacet
facet normal -7.817752609049123e-33 1.592498664107766e-32 -1.0
outer loop
vertex 30.511951339055077 1.0000548892533896 0.7999999999999999
vertex 35.55445499217539 2.031501791552862 0.7999999999999999
vertex 36.858228902923706 0.7999999999999873 0.7999999999999999
endloop
endfacet
facet normal -7.817752609049123e-33 1.592498664107766e-32 -1.0
outer loop
vertex 36.858228902923706 0.7999999999999873 0.7999999999999999
vertex 35.55445499217539 2.031501791552862 0.7999999999999999
vertex 41.98191631297006 2.4417716925090054 0.7999999999999999
endloop
endfacet
facet normal -7.817752609049123e-33 1.592498664107766e-32 -1.0
outer loop
vertex 36.858228902923706 0.7999999999999873 0.7999999999999999
vertex 41.98191631297006 2.4417716925090054 0.7999999999999999
vertex 43.253831808853135 1.3352894883124327 0.7999999999999999
endloop
endfacet
facet normal -7.817752609049123e-33 1.592498664107766e-32 -1.0
outer loop
vertex 43.253831808853135 1.3352894883124327 0.7999999999999999
vertex 41.98191631297006 2.4417716925090054 0.7999999999999999
vertex 46.19872857518184 3.2862849904142517 0.7999999999999999
endloop
endfacet
facet normal -7.817752609049123e-33 1.592498664107766e-32 -1.0
outer loop
vertex 43.253831808853135 1.3352894883124327 0.7999999999999999
vertex 46.19872857518184 3.2862849904142517 0.7999999999999999
vertex 47.20321949244599 2.313430738787831 0.7999999999999999
endloop
endfacet
facet normal -7.817752609049123e-33 1.592498664107766e-32 -1.0
outer loop
vertex 47.20321949244599 2.313430738787831 0.7999999999999999
vertex 46.19872857518184 3.2862849904142517 0.7999999999999999
vertex 48.81452078431761 4.387456290803283 0.7999999999999999
endloop
endfacet
facet normal -7.817752609049123e-33 1.592498664107766e-32 -1.0
outer loop
vertex 47.20321949244599 2.313430738787831 0.7999999999999999
vertex 48.81452078431761 4.387456290803283 0.7999999999999999
vertex 50.000737168561166 3.6012649239659433 0.7999999999999999
endloop
endfacet
facet normal -7.817752609049123e-33 1.592498664107766e-32 -1.0
outer loop
vertex 50.000737168561166 3.6012649239659433 0.7999999999999999
vertex 48.81452078431761 4.387456290803283 0.7999999999999999
vertex 51.190693303016374 5.897421888787262 0.7999999999999999
endloop
endfacet
facet normal -7.817752609049123e-33 1.592498664107766e-32 -1.0
outer loop
vertex 50.000737168561166 3.6012649239659433 0.7999999999999999
vertex 51.190693303016374 5.897421888787262 0.7999999999999999
vertex 52.37349516724499 5.243030733646563 0.7999999999999999
endloop
endfacet
facet normal -7.817752609049123e-33 1.592498664107766e-32 -1.0
outer loop
vertex 52.37349516724499 5.243030733646563 0.7999999999999999
vertex 51.190693303016374 5.897421888787262 0.7999999999999999
vertex 53.190312954092015 7.89217684784929 0.7999999999999999
endloop
endfacet
facet normal -7.817752609049123e-33 1.592498664107766e-32 -1.0
outer loop
vertex 52.37349516724499 5.243030733646563 0.7999999999999999
vertex 53.190312954092015 7.89217684784929 0.7999999999999999
vertex 54.2906226189501 7.264467376641332 0.7999999999999999
endloop
endfacet
facet normal -7.817752609049123e-33 1.592498664107766e-32 -1.0
outer loop
vertex 54.2906226189501 7.264467376641332 0.7999999999999999
vertex 53.190312954092015 7.89217684784929 0.7999999999999999
vertex 55.49979786319639 11.562926448355583 0.7999999999999999
endloop
endfacet
facet normal -7.817752609049123e-33 1.592498664107766e-32 -1.0
outer loop
vertex 54.2906226189501 7.264467376641332 0.7999999999999999
vertex 55.49979786319639 11.562926448355583 0.7999999999999999
vertex 57.36278086896557 12.385281452121772 0.7999999999999999
endloop
endfacet
facet normal -7.817752609049123e-33 1.592498664107766e-32 -1.0
outer loop
vertex 57.36278086896557 12.385281452121772 0.7999999999999999
vertex 55.49979786319639 11.562926448355583 0.7999999999999999
vertex 57.52904453120801 15.704568100593539 0.7999999999999999
endloop
endfacet
facet normal -7.817752609049123e-33 1.592498664107766e-32 -1.0
outer loop
vertex 57.36278086896557 12.385281452121772 0.7999999999999999
vertex 57.52904453120801 15.704568100593539 0.7999999999999999
vertex 59.84481247551617 18.258056167194884 0.7999999999999999
endloop
endfacet
facet normal -7.817752609049123e-33 1.592498664107766e-32 -1.0
outer loop
vertex 59.84481247551617 18.258056167194884 0.7999999999999999
vertex 57.52904453120801 15.704568100593539 0.7999999999999999
vertex 59.07935602575187 19.99582246741681 0.7999999999999999
endloop
endfacet
facet normal -7.817752609049123e-33 1.592498664107766e-32 -1.0
outer loop
vertex 59.84481247551617 18.258056167194884 0.7999999999999999
vertex 59.07935602575187 19.99582246741681 0.7999999999999999
vertex 60.14860000000001 24.43868952661747 0.7999999999999999
endloop
endfacet
facet normal -7.817752609049123e-33 1.592498664107766e-32 -1.0
outer loop
vertex 59.84481247551617 18.258056167194884 0.7999999999999999
vertex 60.14860000000001 24.43868952661747 0.7999999999999999
vertex 61.40143052303482 24.304323990675258 0.7999999999999999
endloop
endfacet
facet normal -7.817752609049123e-33 1.592498664107766e-32 -1.0
outer loop
vertex 61.40143052303482 24.304323990675258 0.7999999999999999
vertex 60.14860000000001 24.43868952661747 0.7999999999999999
vertex 60.174947339262296 28.450589526617467 0.7999999999999999
endloop
endfacet
facet normal -7.817752609049123e-33 1.592498664107766e-32 -1.0
outer loop
vertex 61.40143052303482 24.304323990675258 0.7999999999999999
vertex 60.174947339262296 28.450589526617467 0.7999999999999999
vertex 60.525700000000015 28.450589526617478 0.7999999999999999
endloop
endfacet
facet normal -7.817752609049123e-33 1.592498664107766e-32 -1.0
outer loop
vertex 61.40143052303482 24.304323990675258 0.7999999999999999
vertex 60.525700000000015 28.450589526617478 0.7999999999999999
vertex 60.590317714540646 28.448002551251065 0.7999999999999999
endloop
endfacet
facet normal -7.817752609049123e-33 1.592498664107766e-32 -1.0
outer loop
vertex 61.40143052303482 24.304323990675258 0.7999999999999999
vertex 60.590317714540646 28.448002551251065 0.7999999999999999
vertex 60.63264808431228 28.443460434724187 0.7999999999999999
endloop
endfacet
facet normal -7.817752609049123e-33 1.592498664107766e-32 -1.0
outer loop
vertex 61.40143052303482 24.304323990675258 0.7999999999999999
vertex 60.63264808431228 28.443460434724187 0.7999999999999999
vertex 60.674328941680656 28.436728130057286 0.7999999999999999
endloop
endfacet
facet normal -7.817752609049123e-33 1.592498664107766e-32 -1.0
outer loop
vertex 61.40143052303482 24.304323990675258 0.7999999999999999
vertex 60.674328941680656 28.436728130057286 0.7999999999999999
vertex 60.7102329682058 28.71426056395235 0.7999999999999999
endloop
endfacet
facet normal -7.817752609049123e-33 1.592498664107766e-32 -1.0
outer loop
vertex 61.40143052303482 24.304323990675258 0.7999999999999999
vertex 60.7102329682058 28.71426056395235 0.7999999999999999
vertex 60.76138671328027 29.416616019253837 0.7999999999999999
endloop
endfacet
facet normal -7.817752609049123e-33 1.592498664107766e-32 -1.0
outer loop
vertex 61.40143052303482 24.304323990675258 0.7999999999999999
vertex 60.76138671328027 29.416616019253837 0.7999999999999999
vertex 60.80157092382608 30.122466107038022 0.7999999999999999
endloop
endfacet
facet normal -7.817752609049123e-33 1.592498664107766e-32 -1.0
outer loop
vertex 61.40143052303482 24.304323990675258 0.7999999999999999
vertex 60.80157092382608 30.122466107038022 0.7999999999999999
vertex 60.83078560211106 30.831843650115115 0.7999999999999999
endloop
endfacet
facet normal -7.817752609049123e-33 1.592498664107766e-32 -1.0
outer loop
vertex 7.064649746810935 33.46629145396219 0.7999999999999999
vertex 7.061248502105685 32.47150178676498 0.7999999999999999
vertex 7.059584189765319 32.96856654638354 0.7999999999999999
endloop
endfacet
facet normal -7.817752609049123e-33 1.592498664107766e-32 -1.0
outer loop
vertex 7.061248502105685 32.47150178676498 0.7999999999999999
vertex 7.064649746810935 33.46629145396219 0.7999999999999999
vertex 7.06969231752412 31.975067362047103 0.7999999999999999
endloop
endfacet
facet normal -7.817752609049123e-33 1.592498664107766e-32 -1.0
outer loop
vertex 82.17858749854027 28.450589526617478 0.7999999999999999
vertex 81.59858549827642 24.43868952661747 0.7999999999999999
vertex 81.40117828117505 28.450589526617478 0.7999999999999999
endloop
endfacet
facet normal -7.817752609049123e-33 1.592498664107766e-32 -1.0
outer loop
vertex 81.59858549827642 24.43868952661747 0.7999999999999999
vertex 82.17858749854027 28.450589526617478 0.7999999999999999
vertex 82.10388454403618 24.43868952661748 0.7999999999999999
endloop
endfacet
facet normal -7.817752609049123e-33 1.592498664107766e-32 -1.0
outer loop
vertex 82.10388454403618 24.43868952661748 0.7999999999999999
vertex 82.17858749854027 28.450589526617478 0.7999999999999999
vertex 82.6610947047483 24.43868952661749 0.7999999999999999
endloop
endfacet
facet normal -7.817752609049123e-33 1.592498664107766e-32 -1.0
outer loop
vertex 82.6610947047483 24.43868952661749 0.7999999999999999
vertex 82.17858749854027 28.450589526617478 0.7999999999999999
vertex 82.81461205326804 28.450589526617478 0.7999999999999999
endloop
endfacet
facet normal -7.817752609049123e-33 1.592498664107766e-32 -1.0
outer loop
vertex 82.6610947047483 24.43868952661749 0.7999999999999999
vertex 82.81461205326804 28.450589526617478 0.7999999999999999
vertex 82.94144521091579 24.43868952661748 0.7999999999999999
endloop
endfacet
facet normal -7.817752609049123e-33 1.592498664107766e-32 -1.0
outer loop
vertex 82.94144521091579 24.43868952661748 0.7999999999999999
vertex 82.81461205326804 28.450589526617478 0.7999999999999999
vertex 83.08604080096167 28.437604087909733 0.7999999999999999
endloop
endfacet
facet normal -7.817752609049123e-33 1.592498664107766e-32 -1.0
outer loop
vertex 82.94144521091579 24.43868952661748 0.7999999999999999
vertex 83.08604080096167 28.437604087909733 0.7999999999999999
vertex 83.25383285751843 24.501991100073052 0.7999999999999999
endloop
endfacet
facet normal -7.817752609049123e-33 1.592498664107766e-32 -1.0
outer loop
vertex 83.25383285751843 24.501991100073052 0.7999999999999999
vertex 83.08604080096167 28.437604087909733 0.7999999999999999
vertex 83.39008334782496 28.31308996949767 0.7999999999999999
endloop
endfacet
facet normal -7.817752609049123e-33 1.592498664107766e-32 -1.0
outer loop
vertex 83.25383285751843 24.501991100073052 0.7999999999999999
vertex 83.39008334782496 28.31308996949767 0.7999999999999999
vertex 83.52092682227519 24.686596711670248 0.7999999999999999
endloop
endfacet
facet normal -7.817752609049123e-33 1.592498664107766e-32 -1.0
outer loop
vertex 83.52092682227519 24.686596711670248 0.7999999999999999
vertex 83.39008334782496 28.31308996949767 0.7999999999999999
vertex 83.6165934181233 28.08170686908293 0.7999999999999999
endloop
endfacet
facet normal -7.817752609049123e-33 1.592498664107766e-32 -1.0
outer loop
vertex 83.52092682227519 24.686596711670248 0.7999999999999999
vertex 83.6165934181233 28.08170686908293 0.7999999999999999
vertex 83.6941989399295 24.96176627411403 0.7999999999999999
endloop
endfacet
facet normal -7.817752609049123e-33 1.592498664107766e-32 -1.0
outer loop
vertex 83.6941989399295 24.96176627411403 0.7999999999999999
vertex 83.6165934181233 28.08170686908293 0.7999999999999999
vertex 83.73462126043773 27.774393493675284 0.7999999999999999
endloop
endfacet
facet normal -7.817752609049123e-33 1.592498664107766e-32 -1.0
outer loop
vertex 83.6941989399295 24.96176627411403 0.7999999999999999
vertex 83.73462126043773 27.774393493675284 0.7999999999999999
vertex 83.74460000000002 25.25317876501145 0.7999999999999999
endloop
endfacet
facet normal -7.817752609049123e-33 1.592498664107766e-32 -1.0
outer loop
vertex 83.74460000000002 25.25317876501145 0.7999999999999999
vertex 83.73462126043773 27.774393493675284 0.7999999999999999
vertex 83.74460000000002 27.469878574314677 0.7999999999999999
endloop
endfacet
facet normal -7.817752609049123e-33 1.592498664107766e-32 -1.0
outer loop
vertex 83.74460000000002 25.25317876501145 0.7999999999999999
vertex 83.74460000000002 27.469878574314677 0.7999999999999999
vertex 83.74460000000002 26.6937273853648 0.7999999999999999
endloop
endfacet
facet normal -7.817752609049123e-33 1.592498664107766e-32 -1.0
outer loop
vertex 83.74460000000002 25.25317876501145 0.7999999999999999
vertex 83.74460000000002 26.6937273853648 0.7999999999999999
vertex 83.74460000000002 25.777883545620725 0.7999999999999999
endloop
endfacet
facet normal -7.817752609049123e-33 1.592498664107766e-32 -1.0
outer loop
vertex 8.42328701684006 43.01034845448183 0.7999999999999999
vertex 8.317471078090266 32.37012031292618 0.7999999999999999
vertex 8.189934932932166 42.080803190518644 0.7999999999999999
endloop
endfacet
facet normal -7.817752609049123e-33 1.592498664107766e-32 -1.0
outer loop
vertex 8.317471078090266 32.37012031292618 0.7999999999999999
vertex 8.42328701684006 43.01034845448183 0.7999999999999999
vertex 8.413382200210053 35.48745275801641 0.7999999999999999
endloop
endfacet
facet normal -7.817752609049123e-33 1.592498664107766e-32 -1.0
outer loop
vertex 8.413382200210053 35.48745275801641 0.7999999999999999
vertex 8.42328701684006 43.01034845448183 0.7999999999999999
vertex 8.771667626816535 38.574162033252456 0.7999999999999999
endloop
endfacet
facet normal -7.817752609049123e-33 1.592498664107766e-32 -1.0
outer loop
vertex 8.771667626816535 38.574162033252456 0.7999999999999999
vertex 8.42328701684006 43.01034845448183 0.7999999999999999
vertex 8.747705893217818 44.12757652046775 0.7999999999999999
endloop
endfacet
facet normal -7.817752609049123e-33 1.592498664107766e-32 -1.0
outer loop
vertex 8.771667626816535 38.574162033252456 0.7999999999999999
vertex 8.747705893217818 44.12757652046775 0.7999999999999999
vertex 9.770029839148785 45.99452477770309 0.7999999999999999
endloop
endfacet
facet normal -7.817752609049123e-33 1.592498664107766e-32 -1.0
outer loop
vertex 8.771667626816535 38.574162033252456 0.7999999999999999
vertex 9.770029839148785 45.99452477770309 0.7999999999999999
vertex 9.372710826371534 41.62900168281861 0.7999999999999999
endloop
endfacet
facet normal -7.817752609049123e-33 1.592498664107766e-32 -1.0
outer loop
vertex 9.372710826371534 41.62900168281861 0.7999999999999999
vertex 9.770029839148785 45.99452477770309 0.7999999999999999
vertex 10.138723060756167 44.2078829766123 0.7999999999999999
endloop
endfacet
facet normal -7.817752609049123e-33 1.592498664107766e-32 -1.0
outer loop
vertex 10.138723060756167 44.2078829766123 0.7999999999999999
vertex 9.770029839148785 45.99452477770309 0.7999999999999999
vertex 11.284380823557502 47.40018094650969 0.7999999999999999
endloop
endfacet
facet normal -7.817752609049123e-33 1.592498664107766e-32 -1.0
outer loop
vertex 10.138723060756167 44.2078829766123 0.7999999999999999
vertex 11.284380823557502 47.40018094650969 0.7999999999999999
vertex 11.21835124077681 45.732163437823246 0.7999999999999999
endloop
endfacet
facet normal -7.817752609049123e-33 1.592498664107766e-32 -1.0
outer loop
vertex 11.21835124077681 45.732163437823246 0.7999999999999999
vertex 11.284380823557502 47.40018094650969 0.7999999999999999
vertex 12.701103190289206 46.78471911144882 0.7999999999999999
endloop
endfacet
facet normal -7.817752609049123e-33 1.592498664107766e-32 -1.0
outer loop
vertex 12.701103190289206 46.78471911144882 0.7999999999999999
vertex 11.284380823557502 47.40018094650969 0.7999999999999999
vertex 13.251132877199899 48.381699530676954 0.7999999999999999
endloop
endfacet
facet normal -7.817752609049123e-33 1.592498664107766e-32 -1.0
outer loop
vertex 12.701103190289206 46.78471911144882 0.7999999999999999
vertex 13.251132877199899 48.381699530676954 0.7999999999999999
vertex 14.488972684318213 47.454830520197156 0.7999999999999999
endloop
endfacet
facet normal -7.817752609049123e-33 1.592498664107766e-32 -1.0
outer loop
vertex 14.488972684318213 47.454830520197156 0.7999999999999999
vertex 13.251132877199899 48.381699530676954 0.7999999999999999
vertex 15.970105790346542 48.99525815814322 0.7999999999999999
endloop
endfacet
facet normal -7.817752609049123e-33 1.592498664107766e-32 -1.0
outer loop
vertex 14.488972684318213 47.454830520197156 0.7999999999999999
vertex 15.970105790346542 48.99525815814322 0.7999999999999999
vertex 18.097320434769582 47.97966119152936 0.7999999999999999
endloop
endfacet
facet normal -7.817752609049123e-33 1.592498664107766e-32 -1.0
outer loop
vertex 18.097320434769582 47.97966119152936 0.7999999999999999
vertex 15.970105790346542 48.99525815814322 0.7999999999999999
vertex 20.236681397597316 49.429438359961125 0.7999999999999999
endloop
endfacet
facet normal -7.817752609049123e-33 1.592498664107766e-32 -1.0
outer loop
vertex 18.097320434769582 47.97966119152936 0.7999999999999999
vertex 20.236681397597316 49.429438359961125 0.7999999999999999
vertex 22.87123952300547 48.362840655129915 0.7999999999999999
endloop
endfacet
facet normal -7.817752609049123e-33 1.592498664107766e-32 -1.0
outer loop
vertex 22.87123952300547 48.362840655129915 0.7999999999999999
vertex 20.236681397597316 49.429438359961125 0.7999999999999999
vertex 24.861857727474657 49.707657354098885 0.7999999999999999
endloop
endfacet
facet normal -7.817752609049123e-33 1.592498664107766e-32 -1.0
outer loop
vertex 22.87123952300547 48.362840655129915 0.7999999999999999
vertex 24.861857727474657 49.707657354098885 0.7999999999999999
vertex 27.671797559236424 48.55617681689213 0.7999999999999999
endloop
endfacet
facet normal -7.817752609049123e-33 1.592498664107766e-32 -1.0
outer loop
vertex 27.671797559236424 48.55617681689213 0.7999999999999999
vertex 24.861857727474657 49.707657354098885 0.7999999999999999
vertex 29.80755756463464 49.846512040816684 0.7999999999999999
endloop
endfacet
facet normal -7.817752609049123e-33 1.592498664107766e-32 -1.0
outer loop
vertex 27.671797559236424 48.55617681689213 0.7999999999999999
vertex 29.80755756463464 49.846512040816684 0.7999999999999999
vertex 32.446487005062615 48.61457200212659 0.7999999999999999
endloop
endfacet
facet normal -7.817752609049123e-33 1.592498664107766e-32 -1.0
outer loop
vertex 32.446487005062615 48.61457200212659 0.7999999999999999
vertex 29.80755756463464 49.846512040816684 0.7999999999999999
vertex 34.98015078279277 49.77727195727953 0.7999999999999999
endloop
endfacet
facet normal -7.817752609049123e-33 1.592498664107766e-32 -1.0
outer loop
vertex 32.446487005062615 48.61457200212659 0.7999999999999999
vertex 34.98015078279277 49.77727195727953 0.7999999999999999
vertex 37.57291828590029 48.339154987493266 0.7999999999999999
endloop
endfacet
facet normal -7.817752609049123e-33 1.592498664107766e-32 -1.0
outer loop
vertex 37.57291828590029 48.339154987493266 0.7999999999999999
vertex 34.98015078279277 49.77727195727953 0.7999999999999999
vertex 40.10327977557059 49.386798594172795 0.7999999999999999
endloop
endfacet
facet normal -7.817752609049123e-33 1.592498664107766e-32 -1.0
outer loop
vertex 37.57291828590029 48.339154987493266 0.7999999999999999
vertex 40.10327977557059 49.386798594172795 0.7999999999999999
vertex 42.78618988880384 47.8546245601232 0.7999999999999999
endloop
endfacet
facet normal -7.817752609049123e-33 1.592498664107766e-32 -1.0
outer loop
vertex 42.78618988880384 47.8546245601232 0.7999999999999999
vertex 40.10327977557059 49.386798594172795 0.7999999999999999
vertex 45.202364940566284 48.82818192853695 0.7999999999999999
endloop
endfacet
facet normal -7.817752609049123e-33 1.592498664107766e-32 -1.0
outer loop
vertex 42.78618988880384 47.8546245601232 0.7999999999999999
vertex 45.202364940566284 48.82818192853695 0.7999999999999999
vertex 47.97415485175278 47.16385773800812 0.7999999999999999
endloop
endfacet
facet normal -7.817752609049123e-33 1.592498664107766e-32 -1.0
outer loop
vertex 47.97415485175278 47.16385773800812 0.7999999999999999
vertex 45.202364940566284 48.82818192853695 0.7999999999999999
vertex 50.27024974323292 48.051145049394265 0.7999999999999999
endloop
endfacet
facet normal -7.817752609049123e-33 1.592498664107766e-32 -1.0
outer loop
vertex 47.97415485175278 47.16385773800812 0.7999999999999999
vertex 50.27024974323292 48.051145049394265 0.7999999999999999
vertex 53.12250000000001 46.212389526617464 0.7999999999999999
endloop
endfacet
facet normal -7.817752609049123e-33 1.592498664107766e-32 -1.0
outer loop
vertex 53.12250000000001 46.212389526617464 0.7999999999999999
vertex 50.27024974323292 48.051145049394265 0.7999999999999999
vertex 54.936710613814355 46.98750796406133 0.7999999999999999
endloop
endfacet
facet normal -7.817752609049123e-33 1.592498664107766e-32 -1.0
outer loop
vertex 53.12250000000001 46.212389526617464 0.7999999999999999
vertex 54.936710613814355 46.98750796406133 0.7999999999999999
vertex 56.3814922256611 45.03061041379708 0.7999999999999999
endloop
endfacet
facet normal -7.817752609049123e-33 1.592498664107766e-32 -1.0
outer loop
vertex 56.3814922256611 45.03061041379708 0.7999999999999999
vertex 54.936710613814355 46.98750796406133 0.7999999999999999
vertex 58.30648751342168 45.32769004244235 0.7999999999999999
endloop
endfacet
facet normal -7.817752609049123e-33 1.592498664107766e-32 -1.0
outer loop
vertex 56.3814922256611 45.03061041379708 0.7999999999999999
vertex 58.30648751342168 45.32769004244235 0.7999999999999999
vertex 58.86237050906075 43.18777690085377 0.7999999999999999
endloop
endfacet
facet normal -7.817752609049123e-33 1.592498664107766e-32 -1.0
outer loop
vertex 58.86237050906075 43.18777690085377 0.7999999999999999
vertex 58.30648751342168 45.32769004244235 0.7999999999999999
vertex 60.63403144816607 42.94530708798936 0.7999999999999999
endloop
endfacet
facet normal -7.817752609049123e-33 1.592498664107766e-32 -1.0
outer loop
vertex 58.86237050906075 43.18777690085377 0.7999999999999999
vertex 60.63403144816607 42.94530708798936 0.7999999999999999
vertex 60.3826145195699 40.53669919788811 0.7999999999999999
endloop
endfacet
facet normal -7.817752609049123e-33 1.592498664107766e-32 -1.0
outer loop
vertex 60.3826145195699 40.53669919788811 0.7999999999999999
vertex 60.63403144816607 42.94530708798936 0.7999999999999999
vertex 60.78527088351282 37.39260553336858 0.7999999999999999
endloop
endfacet
facet normal -7.817752609049123e-33 1.592498664107766e-32 -1.0
outer loop
vertex 60.78527088351282 37.39260553336858 0.7999999999999999
vertex 60.63403144816607 42.94530708798936 0.7999999999999999
vertex 61.85836534114182 39.79804313617544 0.7999999999999999
endloop
endfacet
facet normal -7.817752609049123e-33 1.592498664107766e-32 -1.0
outer loop
vertex 60.78527088351282 37.39260553336858 0.7999999999999999
vertex 61.85836534114182 39.79804313617544 0.7999999999999999
vertex 60.794396191088595 35.65637152861362 0.7999999999999999
endloop
endfacet
facet normal -7.817752609049123e-33 1.592498664107766e-32 -1.0
outer loop
vertex 60.794396191088595 35.65637152861362 0.7999999999999999
vertex 61.85836534114182 39.79804313617544 0.7999999999999999
vertex 60.809852598680685 33.89991293336748 0.7999999999999999
endloop
endfacet
facet normal -7.817752609049123e-33 1.592498664107766e-32 -1.0
outer loop
vertex 60.809852598680685 33.89991293336748 0.7999999999999999
vertex 61.85836534114182 39.79804313617544 0.7999999999999999
vertex 60.828294137193765 32.150905025621114 0.7999999999999999
endloop
endfacet
facet normal -7.817752609049123e-33 1.592498664107766e-32 -1.0
outer loop
vertex 60.828294137193765 32.150905025621114 0.7999999999999999
vertex 61.85836534114182 39.79804313617544 0.7999999999999999
vertex 60.83078560211106 30.831843650115115 0.7999999999999999
endloop
endfacet
facet normal -7.817752609049123e-33 1.592498664107766e-32 -1.0
outer loop
vertex 60.83078560211106 30.831843650115115 0.7999999999999999
vertex 61.85836534114182 39.79804313617544 0.7999999999999999
vertex 61.40143052303482 24.304323990675258 0.7999999999999999
endloop
endfacet
facet normal -7.817752609049123e-33 1.592498664107766e-32 -1.0
outer loop
vertex 61.40143052303482 24.304323990675258 0.7999999999999999
vertex 61.85836534114182 39.79804313617544 0.7999999999999999
vertex 62.075179197244694 30.516114527905764 0.7999999999999999
endloop
endfacet
facet normal -7.817752609049123e-33 1.592498664107766e-32 -1.0
outer loop
vertex 62.075179197244694 30.516114527905764 0.7999999999999999
vertex 61.85836534114182 39.79804313617544 0.7999999999999999
vertex 62.124000039863475 37.73698952661748 0.7999999999999999
endloop
endfacet
facet normal -7.817752609049123e-33 1.592498664107766e-32 -1.0
outer loop
vertex 62.075179197244694 30.516114527905764 0.7999999999999999
vertex 62.124000039863475 37.73698952661748 0.7999999999999999
vertex 62.107337252333615 31.36471122323689 0.7999999999999999
endloop
endfacet
facet normal -7.817752609049123e-33 1.592498664107766e-32 -1.0
outer loop
vertex 62.107337252333615 31.36471122323689 0.7999999999999999
vertex 62.124000039863475 37.73698952661748 0.7999999999999999
vertex 62.14866203100753 31.653232527506063 0.7999999999999999
endloop
endfacet
facet normal -7.817752609049123e-33 1.592498664107766e-32 -1.0
outer loop
vertex 62.14866203100753 31.653232527506063 0.7999999999999999
vertex 62.124000039863475 37.73698952661748 0.7999999999999999
vertex 62.31082509717269 37.73698952661748 0.7999999999999999
endloop
endfacet
facet normal -7.817752609049123e-33 1.592498664107766e-32 -1.0
outer loop
vertex 62.14866203100753 31.653232527506063 0.7999999999999999
vertex 62.31082509717269 37.73698952661748 0.7999999999999999
vertex 62.19159133208582 31.942218911641234 0.7999999999999999
endloop
endfacet
facet normal -7.817752609049123e-33 1.592498664107766e-32 -1.0
outer loop
vertex 62.19159133208582 31.942218911641234 0.7999999999999999
vertex 62.31082509717269 37.73698952661748 0.7999999999999999
vertex 62.20812294653882 32.2237988059906 0.7999999999999999
endloop
endfacet
facet normal -7.817752609049123e-33 1.592498664107766e-32 -1.0
outer loop
vertex 62.20812294653882 32.2237988059906 0.7999999999999999
vertex 62.31082509717269 37.73698952661748 0.7999999999999999
vertex 62.40729519006007 32.28505199216913 0.7999999999999999
endloop
endfacet
facet normal -7.817752609049123e-33 1.592498664107766e-32 -1.0
outer loop
vertex 62.40729519006007 32.28505199216913 0.7999999999999999
vertex 62.31082509717269 37.73698952661748 0.7999999999999999
vertex 62.497650122701316 37.736989526617485 0.7999999999999999
endloop
endfacet
facet normal -7.817752609049123e-33 1.592498664107766e-32 -1.0
outer loop
vertex 62.40729519006007 32.28505199216913 0.7999999999999999
vertex 62.497650122701316 37.736989526617485 0.7999999999999999
vertex 62.583402209917594 32.33460104334308 0.7999999999999999
endloop
endfacet
facet normal -7.817752609049123e-33 1.592498664107766e-32 -1.0
outer loop
vertex 62.583402209917594 32.33460104334308 0.7999999999999999
vertex 62.497650122701316 37.736989526617485 0.7999999999999999
vertex 62.68447512930718 37.736989526617485 0.7999999999999999
endloop
endfacet
facet normal -7.817752609049123e-33 1.592498664107766e-32 -1.0
outer loop
vertex 62.583402209917594 32.33460104334308 0.7999999999999999
vertex 62.68447512930718 37.736989526617485 0.7999999999999999
vertex 62.760057067632395 32.384298432329516 0.7999999999999999
endloop
endfacet
facet normal -7.817752609049123e-33 1.592498664107766e-32 -1.0
outer loop
vertex 62.760057067632395 32.384298432329516 0.7999999999999999
vertex 62.68447512930718 37.736989526617485 0.7999999999999999
vertex 62.997559452943776 38.21685518496059 0.7999999999999999
endloop
endfacet
facet normal -7.817752609049123e-33 1.592498664107766e-32 -1.0
outer loop
vertex 62.760057067632395 32.384298432329516 0.7999999999999999
vertex 62.997559452943776 38.21685518496059 0.7999999999999999
vertex 62.957985989569536 32.451556254067285 0.7999999999999999
endloop
endfacet
facet normal -7.817752609049123e-33 1.592498664107766e-32 -1.0
outer loop
vertex 62.957985989569536 32.451556254067285 0.7999999999999999
vertex 62.997559452943776 38.21685518496059 0.7999999999999999
vertex 63.05667496135177 32.684187980206296 0.7999999999999999
endloop
endfacet
facet normal -7.817752609049123e-33 1.592498664107766e-32 -1.0
outer loop
vertex 63.05667496135177 32.684187980206296 0.7999999999999999
vertex 62.997559452943776 38.21685518496059 0.7999999999999999
vertex 63.47164568606911 38.95838456590868 0.7999999999999999
endloop
endfacet
facet normal -7.817752609049123e-33 1.592498664107766e-32 -1.0
outer loop
vertex 63.05667496135177 32.684187980206296 0.7999999999999999
vertex 63.47164568606911 38.95838456590868 0.7999999999999999
vertex 63.295596150305386 35.603741342793704 0.7999999999999999
endloop
endfacet
facet normal -7.817752609049123e-33 1.592498664107766e-32 -1.0
outer loop
vertex 63.05667496135177 32.684187980206296 0.7999999999999999
vertex 63.295596150305386 35.603741342793704 0.7999999999999999
vertex 63.1553744285076 32.91683770305874 0.7999999999999999
endloop
endfacet
facet normal -7.817752609049123e-33 1.592498664107766e-32 -1.0
outer loop
vertex 63.1553744285076 32.91683770305874 0.7999999999999999
vertex 63.295596150305386 35.603741342793704 0.7999999999999999
vertex 63.254094324178055 33.149485585951304 0.7999999999999999
endloop
endfacet
facet normal -7.817752609049123e-33 1.592498664107766e-32 -1.0
outer loop
vertex 63.295596150305386 35.603741342793704 0.7999999999999999
vertex 63.47164568606911 38.95838456590868 0.7999999999999999
vertex 63.37492392774663 36.31957379624454 0.7999999999999999
endloop
endfacet
facet normal -7.817752609049123e-33 1.592498664107766e-32 -1.0
outer loop
vertex 63.37492392774663 36.31957379624454 0.7999999999999999
vertex 63.47164568606911 38.95838456590868 0.7999999999999999
vertex 63.856746822571054 36.93164202150818 0.7999999999999999
endloop
endfacet
facet normal -7.817752609049123e-33 1.592498664107766e-32 -1.0
outer loop
vertex 63.856746822571054 36.93164202150818 0.7999999999999999
vertex 63.47164568606911 38.95838456590868 0.7999999999999999
vertex 64.01936560702555 39.44545063972407 0.7999999999999999
endloop
endfacet
facet normal -7.817752609049123e-33 1.592498664107766e-32 -1.0
outer loop
vertex 63.856746822571054 36.93164202150818 0.7999999999999999
vertex 64.01936560702555 39.44545063972407 0.7999999999999999
vertex 64.41943981204997 37.382006147956545 0.7999999999999999
endloop
endfacet
facet normal -7.817752609049123e-33 1.592498664107766e-32 -1.0
outer loop
vertex 64.41943981204997 37.382006147956545 0.7999999999999999
vertex 64.01936560702555 39.44545063972407 0.7999999999999999
vertex 64.65313708626509 39.635102230963945 0.7999999999999999
endloop
endfacet
facet normal -7.817752609049123e-33 1.592498664107766e-32 -1.0
outer loop
vertex 64.41943981204997 37.382006147956545 0.7999999999999999
vertex 64.65313708626509 39.635102230963945 0.7999999999999999
vertex 65.07013007361242 37.65644170822311 0.7999999999999999
endloop
endfacet
facet normal -7.817752609049123e-33 1.592498664107766e-32 -1.0
outer loop
vertex 65.07013007361242 37.65644170822311 0.7999999999999999
vertex 64.65313708626509 39.635102230963945 0.7999999999999999
vertex 65.83375425487037 39.61848952661748 0.7999999999999999
endloop
endfacet
facet normal -7.817752609049123e-33 1.592498664107766e-32 -1.0
outer loop
vertex 65.07013007361242 37.65644170822311 0.7999999999999999
vertex 65.83375425487037 39.61848952661748 0.7999999999999999
vertex 65.97016118039139 37.73698952661748 0.7999999999999999
endloop
endfacet
facet normal -7.817752609049123e-33 1.592498664107766e-32 -1.0
outer loop
vertex 65.97016118039139 37.73698952661748 0.7999999999999999
vertex 65.83375425487037 39.61848952661748 0.7999999999999999
vertex 67.32927197632219 39.61848952661748 0.7999999999999999
endloop
endfacet
facet normal -7.817752609049123e-33 1.592498664107766e-32 -1.0
outer loop
vertex 65.97016118039139 37.73698952661748 0.7999999999999999
vertex 67.32927197632219 39.61848952661748 0.7999999999999999
vertex 67.29646229742781 37.73698952661747 0.7999999999999999
endloop
endfacet
facet normal -7.817752609049123e-33 1.592498664107766e-32 -1.0
outer loop
vertex 67.29646229742781 37.73698952661747 0.7999999999999999
vertex 67.32927197632219 39.61848952661748 0.7999999999999999
vertex 68.62278975209885 37.73698952661748 0.7999999999999999
endloop
endfacet
facet normal -7.817752609049123e-33 1.592498664107766e-32 -1.0
outer loop
vertex 68.62278975209885 37.73698952661748 0.7999999999999999
vertex 67.32927197632219 39.61848952661748 0.7999999999999999
vertex 68.82478945890931 39.61848952661747 0.7999999999999999
endloop
endfacet
facet normal -7.817752609049123e-33 1.592498664107766e-32 -1.0
outer loop
vertex 68.62278975209885 37.73698952661748 0.7999999999999999
vertex 68.82478945890931 39.61848952661747 0.7999999999999999
vertex 69.94913370934894 37.73698952661748 0.7999999999999999
endloop
endfacet
facet normal -7.817752609049123e-33 1.592498664107766e-32 -1.0
outer loop
vertex 69.94913370934894 37.73698952661748 0.7999999999999999
vertex 68.82478945890931 39.61848952661747 0.7999999999999999
vertex 70.3203068055573 39.61848952661747 0.7999999999999999
endloop
endfacet
facet normal -7.817752609049123e-33 1.592498664107766e-32 -1.0
outer loop
vertex 69.94913370934894 37.73698952661748 0.7999999999999999
vertex 70.3203068055573 39.61848952661747 0.7999999999999999
vertex 71.27548313949417 37.73698952661748 0.7999999999999999
endloop
endfacet
facet normal -7.817752609049123e-33 1.592498664107766e-32 -1.0
outer loop
vertex 71.27548313949417 37.73698952661748 0.7999999999999999
vertex 70.3203068055573 39.61848952661747 0.7999999999999999
vertex 71.81582352750377 39.61848952661748 0.7999999999999999
endloop
endfacet
facet normal -7.817752609049123e-33 1.592498664107766e-32 -1.0
outer loop
vertex 71.27548313949417 37.73698952661748 0.7999999999999999
vertex 71.81582352750377 39.61848952661748 0.7999999999999999
vertex 72.60182958623493 37.736989526617485 0.7999999999999999
endloop
endfacet
facet normal -7.817752609049123e-33 1.592498664107766e-32 -1.0
outer loop
vertex 72.60182958623493 37.736989526617485 0.7999999999999999
vertex 71.81582352750377 39.61848952661748 0.7999999999999999
vertex 73.3113412273372 39.61848952661748 0.7999999999999999
endloop
endfacet
facet normal -7.817752609049123e-33 1.592498664107766e-32 -1.0
outer loop
vertex 72.60182958623493 37.736989526617485 0.7999999999999999
vertex 73.3113412273372 39.61848952661748 0.7999999999999999
vertex 73.92816267215161 37.73698952661748 0.7999999999999999
endloop
endfacet
facet normal -7.817752609049123e-33 1.592498664107766e-32 -1.0
outer loop
vertex 73.92816267215161 37.73698952661748 0.7999999999999999
vertex 73.3113412273372 39.61848952661748 0.7999999999999999
vertex 74.80685869607392 39.61848952661748 0.7999999999999999
endloop
endfacet
facet normal -7.817752609049123e-33 1.592498664107766e-32 -1.0
outer loop
vertex 73.92816267215161 37.73698952661748 0.7999999999999999
vertex 74.80685869607392 39.61848952661748 0.7999999999999999
vertex 75.25447256217817 37.73698952661748 0.7999999999999999
endloop
endfacet
facet normal -7.817752609049123e-33 1.592498664107766e-32 -1.0
outer loop
vertex 75.25447256217817 37.73698952661748 0.7999999999999999
vertex 74.80685869607392 39.61848952661748 0.7999999999999999
vertex 76.30237603663944 39.61848952661747 0.7999999999999999
endloop
endfacet
facet normal -7.817752609049123e-33 1.592498664107766e-32 -1.0
outer loop
vertex 75.25447256217817 37.73698952661748 0.7999999999999999
vertex 76.30237603663944 39.61848952661747 0.7999999999999999
vertex 76.32875019774555 37.70020545830088 0.7999999999999999
endloop
endfacet
facet normal -7.817752609049123e-33 1.592498664107766e-32 -1.0
outer loop
vertex 76.32875019774555 37.70020545830088 0.7999999999999999
vertex 76.30237603663944 39.61848952661747 0.7999999999999999
vertex 77.18474081746588 39.604015089016485 0.7999999999999999
endloop
endfacet
facet normal -7.817752609049123e-33 1.592498664107766e-32 -1.0
outer loop
vertex 76.32875019774555 37.70020545830088 0.7999999999999999
vertex 77.18474081746588 39.604015089016485 0.7999999999999999
vertex 77.00563925748975 37.47814383262627 0.7999999999999999
endloop
endfacet
facet normal -7.817752609049123e-33 1.592498664107766e-32 -1.0
outer loop
vertex 77.00563925748975 37.47814383262627 0.7999999999999999
vertex 77.18474081746588 39.604015089016485 0.7999999999999999
vertex 77.5925140981434 37.076127779871086 0.7999999999999999
endloop
endfacet
facet normal -7.817752609049123e-33 1.592498664107766e-32 -1.0
outer loop
vertex 77.5925140981434 37.076127779871086 0.7999999999999999
vertex 77.18474081746588 39.604015089016485 0.7999999999999999
vertex 77.78623575377462 39.302804007921424 0.7999999999999999
endloop
endfacet
facet normal -7.817752609049123e-33 1.592498664107766e-32 -1.0
outer loop
vertex 77.5925140981434 37.076127779871086 0.7999999999999999
vertex 77.78623575377462 39.302804007921424 0.7999999999999999
vertex 78.09650185054447 36.50838167425118 0.7999999999999999
endloop
endfacet
facet normal -7.817752609049123e-33 1.592498664107766e-32 -1.0
outer loop
vertex 78.09650185054447 36.50838167425118 0.7999999999999999
vertex 77.78623575377462 39.302804007921424 0.7999999999999999
vertex 78.30613067242467 38.71957616409768 0.7999999999999999
endloop
endfacet
facet normal -7.817752609049123e-33 1.592498664107766e-32 -1.0
outer loop
vertex 78.09650185054447 36.50838167425118 0.7999999999999999
vertex 78.30613067242467 38.71957616409768 0.7999999999999999
vertex 78.30840030040308 35.807259516912374 0.7999999999999999
endloop
endfacet
facet normal -7.817752609049123e-33 1.592498664107766e-32 -1.0
outer loop
vertex 78.30840030040308 35.807259516912374 0.7999999999999999
vertex 78.30613067242467 38.71957616409768 0.7999999999999999
vertex 78.7568434865555 37.897282880516 0.7999999999999999
endloop
endfacet
facet normal -7.817752609049123e-33 1.592498664107766e-32 -1.0
outer loop
vertex 78.30840030040308 35.807259516912374 0.7999999999999999
vertex 78.7568434865555 37.897282880516 0.7999999999999999
vertex 78.3179609067754 33.215326474204645 0.7999999999999999
endloop
endfacet
facet normal -7.817752609049123e-33 1.592498664107766e-32 -1.0
outer loop
vertex 78.3179609067754 33.215326474204645 0.7999999999999999
vertex 78.7568434865555 37.897282880516 0.7999999999999999
vertex 78.41668836418457 32.982682768728374 0.7999999999999999
endloop
endfacet
facet normal -7.817752609049123e-33 1.592498664107766e-32 -1.0
outer loop
vertex 78.41668836418457 32.982682768728374 0.7999999999999999
vertex 78.7568434865555 37.897282880516 0.7999999999999999
vertex 78.51539260847179 32.750031546290586 0.7999999999999999
endloop
endfacet
facet normal -7.817752609049123e-33 1.592498664107766e-32 -1.0
outer loop
vertex 78.51539260847179 32.750031546290586 0.7999999999999999
vertex 78.7568434865555 37.897282880516 0.7999999999999999
vertex 78.61408357276751 32.51739264356462 0.7999999999999999
endloop
endfacet
facet normal -7.817752609049123e-33 1.592498664107766e-32 -1.0
outer loop
vertex 78.61408357276751 32.51739264356462 0.7999999999999999
vertex 78.7568434865555 37.897282880516 0.7999999999999999
vertex 78.78597761446235 32.39947694563218 0.7999999999999999
endloop
endfacet
facet normal -7.817752609049123e-33 1.592498664107766e-32 -1.0
outer loop
vertex 78.78597761446235 32.39947694563218 0.7999999999999999
vertex 78.7568434865555 37.897282880516 0.7999999999999999
vertex 78.98250006604017 37.73698952661748 0.7999999999999999
endloop
endfacet
facet normal -7.817752609049123e-33 1.592498664107766e-32 -1.0
outer loop
vertex 78.78597761446235 32.39947694563218 0.7999999999999999
vertex 78.98250006604017 37.73698952661748 0.7999999999999999
vertex 78.96787155859835 32.34831022295236 0.7999999999999999
endloop
endfacet
facet normal -7.817752609049123e-33 1.592498664107766e-32 -1.0
outer loop
vertex 78.96787155859835 32.34831022295236 0.7999999999999999
vertex 78.98250006604017 37.73698952661748 0.7999999999999999
vertex 79.14129253893805 32.299516829106445 0.7999999999999999
endloop
endfacet
facet normal -7.817752609049123e-33 1.592498664107766e-32 -1.0
outer loop
vertex 79.14129253893805 32.299516829106445 0.7999999999999999
vertex 78.98250006604017 37.73698952661748 0.7999999999999999
vertex 79.16932510984617 37.736989526617485 0.7999999999999999
endloop
endfacet
facet normal -7.817752609049123e-33 1.592498664107766e-32 -1.0
outer loop
vertex 79.14129253893805 32.299516829106445 0.7999999999999999
vertex 79.16932510984617 37.736989526617485 0.7999999999999999
vertex 79.33424277955221 32.24523509749096 0.7999999999999999
endloop
endfacet
facet normal -7.817752609049123e-33 1.592498664107766e-32 -1.0
outer loop
vertex 79.33424277955221 32.24523509749096 0.7999999999999999
vertex 79.16932510984617 37.736989526617485 0.7999999999999999
vertex 79.3561501267236 37.73698952661747 0.7999999999999999
endloop
endfacet
facet normal -7.817752609049123e-33 1.592498664107766e-32 -1.0
outer loop
vertex 79.33424277955221 32.24523509749096 0.7999999999999999
vertex 79.3561501267236 37.73698952661747 0.7999999999999999
vertex 79.39983652494989 32.023004640783135 0.7999999999999999
endloop
endfacet
facet normal -7.817752609049123e-33 1.592498664107766e-32 -1.0
outer loop
vertex 79.39983652494989 32.023004640783135 0.7999999999999999
vertex 79.3561501267236 37.73698952661747 0.7999999999999999
vertex 79.54297512953028 37.73698952661747 0.7999999999999999
endloop
endfacet
facet normal -7.817752609049123e-33 1.592498664107766e-32 -1.0
outer loop
vertex 79.39983652494989 32.023004640783135 0.7999999999999999
vertex 79.54297512953028 37.73698952661747 0.7999999999999999
vertex 79.43813585565694 31.735315846610682 0.7999999999999999
endloop
endfacet
facet normal -7.817752609049123e-33 1.592498664107766e-32 -1.0
outer loop
vertex 79.43813585565694 31.735315846610682 0.7999999999999999
vertex 79.54297512953028 37.73698952661747 0.7999999999999999
vertex 79.48275584467342 31.44586424712756 0.7999999999999999
endloop
endfacet
facet normal -7.817752609049123e-33 1.592498664107766e-32 -1.0
outer loop
vertex 79.48275584467342 31.44586424712756 0.7999999999999999
vertex 79.54297512953028 37.73698952661747 0.7999999999999999
vertex 79.50569428295917 31.162521411996092 0.7999999999999999
endloop
endfacet
facet normal -7.817752609049123e-33 1.592498664107766e-32 -1.0
outer loop
vertex 79.50569428295917 31.162521411996092 0.7999999999999999
vertex 79.54297512953028 37.73698952661747 0.7999999999999999
vertex 79.92015536907826 26.045936263620455 0.7999999999999999
endloop
endfacet
facet normal -7.817752609049123e-33 1.592498664107766e-32 -1.0
outer loop
vertex 79.92015536907826 26.045936263620455 0.7999999999999999
vertex 79.54297512953028 37.73698952661747 0.7999999999999999
vertex 80.04985613304373 41.016925144720275 0.7999999999999999
endloop
endfacet
facet normal -7.817752609049123e-33 1.592498664107766e-32 -1.0
outer loop
vertex 79.92015536907826 26.045936263620455 0.7999999999999999
vertex 80.04985613304373 41.016925144720275 0.7999999999999999
vertex 81.22258706164338 19.952014615086313 0.7999999999999999
endloop
endfacet
facet normal -7.817752609049123e-33 1.592498664107766e-32 -1.0
outer loop
vertex 81.22258706164338 19.952014615086313 0.7999999999999999
vertex 80.04985613304373 41.016925144720275 0.7999999999999999
vertex 80.78536743318116 30.408157436961268 0.7999999999999999
endloop
endfacet
facet normal -7.817752609049123e-33 1.592498664107766e-32 -1.0
outer loop
vertex 80.78536743318116 30.408157436961268 0.7999999999999999
vertex 80.04985613304373 41.016925144720275 0.7999999999999999
vertex 80.76060000000001 31.11658952661748 0.7999999999999999
endloop
endfacet
facet normal -7.817752609049123e-33 1.592498664107766e-32 -1.0
outer loop
vertex 81.22258706164338 19.952014615086313 0.7999999999999999
vertex 80.78536743318116 30.408157436961268 0.7999999999999999
vertex 80.82102904878259 29.703254800108567 0.7999999999999999
endloop
endfacet
facet normal -7.817752609049123e-33 1.592498664107766e-32 -1.0
outer loop
vertex 81.22258706164338 19.952014615086313 0.7999999999999999
vertex 80.82102904878259 29.703254800108567 0.7999999999999999
vertex 80.86757382089122 29.001859564233214 0.7999999999999999
endloop
endfacet
facet normal -7.817752609049123e-33 1.592498664107766e-32 -1.0
outer loop
vertex 81.22258706164338 19.952014615086313 0.7999999999999999
vertex 80.86757382089122 29.001859564233214 0.7999999999999999
vertex 80.93010275472378 28.45058952661748 0.7999999999999999
endloop
endfacet
facet normal -7.817752609049123e-33 1.592498664107766e-32 -1.0
outer loop
vertex 81.22258706164338 19.952014615086313 0.7999999999999999
vertex 80.93010275472378 28.45058952661748 0.7999999999999999
vertex 81.40117828117505 28.450589526617478 0.7999999999999999
endloop
endfacet
facet normal -7.817752609049123e-33 1.592498664107766e-32 -1.0
outer loop
vertex 81.22258706164338 19.952014615086313 0.7999999999999999
vertex 81.40117828117505 28.450589526617478 0.7999999999999999
vertex 81.59858549827642 24.43868952661747 0.7999999999999999
endloop
endfacet
facet normal -7.817752609049123e-33 1.592498664107766e-32 -1.0
outer loop
vertex 81.22258706164338 19.952014615086313 0.7999999999999999
vertex 81.59858549827642 24.43868952661747 0.7999999999999999
vertex 81.6867175879506 23.251428973073477 0.7999999999999999
endloop
endfacet
facet normal -7.817752609049123e-33 1.592498664107766e-32 -1.0
outer loop
vertex 81.22258706164338 19.952014615086313 0.7999999999999999
vertex 81.6867175879506 23.251428973073477 0.7999999999999999
vertex 83.43839191942318 14.029328668507842 0.7999999999999999
endloop
endfacet
facet normal -7.817752609049123e-33 1.592498664107766e-32 -1.0
outer loop
vertex 83.43839191942318 14.029328668507842 0.7999999999999999
vertex 81.6867175879506 23.251428973073477 0.7999999999999999
vertex 82.88711072364202 18.836746067878984 0.7999999999999999
endloop
endfacet
facet normal -7.817752609049123e-33 1.592498664107766e-32 -1.0
outer loop
vertex 83.43839191942318 14.029328668507842 0.7999999999999999
vertex 82.88711072364202 18.836746067878984 0.7999999999999999
vertex 84.57067573866492 14.573983873884213 0.7999999999999999
endloop
endfacet
facet normal -7.817752609049123e-33 1.592498664107766e-32 -1.0
outer loop
vertex 83.43839191942318 14.029328668507842 0.7999999999999999
vertex 84.57067573866492 14.573983873884213 0.7999999999999999
vertex 86.61011462500731 8.2858489116928 0.7999999999999999
endloop
endfacet
facet normal -7.817752609049123e-33 1.592498664107766e-32 -1.0
outer loop
vertex 86.61011462500731 8.2858489116928 0.7999999999999999
vertex 84.57067573866492 14.573983873884213 0.7999999999999999
vertex 86.73526267380309 10.461124551158866 0.7999999999999999
endloop
endfacet
facet normal -7.817752609049123e-33 1.592498664107766e-32 -1.0
outer loop
vertex 86.61011462500731 8.2858489116928 0.7999999999999999
vertex 86.73526267380309 10.461124551158866 0.7999999999999999
vertex 88.63635177641014 5.775499331883374 0.7999999999999999
endloop
endfacet
facet normal -7.817752609049123e-33 1.592498664107766e-32 -1.0
outer loop
vertex 88.63635177641014 5.775499331883374 0.7999999999999999
vertex 86.73526267380309 10.461124551158866 0.7999999999999999
vertex 88.91419580873514 7.290935708680167 0.7999999999999999
endloop
endfacet
facet normal -7.817752609049123e-33 1.592498664107766e-32 -1.0
outer loop
vertex 88.63635177641014 5.775499331883374 0.7999999999999999
vertex 88.91419580873514 7.290935708680167 0.7999999999999999
vertex 90.88328908120243 4.028890899844969 0.7999999999999999
endloop
endfacet
facet normal -7.817752609049123e-33 1.592498664107766e-32 -1.0
outer loop
vertex 90.88328908120243 4.028890899844969 0.7999999999999999
vertex 88.91419580873514 7.290935708680167 0.7999999999999999
vertex 91.03743348134674 5.432605238460332 0.7999999999999999
endloop
endfacet
facet normal -7.817752609049123e-33 1.592498664107766e-32 -1.0
outer loop
vertex 90.88328908120243 4.028890899844969 0.7999999999999999
vertex 91.03743348134674 5.432605238460332 0.7999999999999999
vertex 93.56372377608679 2.643498358316499 0.7999999999999999
endloop
endfacet
facet normal -7.817752609049123e-33 1.592498664107766e-32 -1.0
outer loop
vertex 93.56372377608679 2.643498358316499 0.7999999999999999
vertex 91.03743348134674 5.432605238460332 0.7999999999999999
vertex 93.50107027477775 4.040533963749939 0.7999999999999999
endloop
endfacet
facet normal -7.817752609049123e-33 1.592498664107766e-32 -1.0
outer loop
vertex 93.56372377608679 2.643498358316499 0.7999999999999999
vertex 93.50107027477775 4.040533963749939 0.7999999999999999
vertex 96.16702872686558 3.0380917691287395 0.7999999999999999
endloop
endfacet
facet normal -7.817752609049123e-33 1.592498664107766e-32 -1.0
outer loop
vertex 93.56372377608679 2.643498358316499 0.7999999999999999
vertex 96.16702872686558 3.0380917691287395 0.7999999999999999
vertex 96.64678522442925 1.5935826925632517 0.7999999999999999
endloop
endfacet
facet normal -7.817752609049123e-33 1.592498664107766e-32 -1.0
outer loop
vertex 96.64678522442925 1.5935826925632517 0.7999999999999999
vertex 96.16702872686558 3.0380917691287395 0.7999999999999999
vertex 101.46387723166788 2.2531776327417 0.7999999999999999
endloop
endfacet
facet normal -7.817752609049123e-33 1.592498664107766e-32 -1.0
outer loop
vertex 96.64678522442925 1.5935826925632517 0.7999999999999999
vertex 101.46387723166788 2.2531776327417 0.7999999999999999
vertex 102.936427581059 0.8839891266577715 0.7999999999999999
endloop
endfacet
facet normal -7.817752609049123e-33 1.592498664107766e-32 -1.0
outer loop
vertex 102.936427581059 0.8839891266577715 0.7999999999999999
vertex 101.46387723166788 2.2531776327417 0.7999999999999999
vertex 107.88952398714525 2.053418454589458 0.7999999999999999
endloop
endfacet
facet normal -7.817752609049123e-33 1.592498664107766e-32 -1.0
outer loop
vertex 102.936427581059 0.8839891266577715 0.7999999999999999
vertex 107.88952398714525 2.053418454589458 0.7999999999999999
vertex 109.29728367603498 0.8593264821749615 0.7999999999999999
endloop
endfacet
facet normal -7.817752609049123e-33 1.592498664107766e-32 -1.0
outer loop
vertex 109.29728367603498 0.8593264821749615 0.7999999999999999
vertex 107.88952398714525 2.053418454589458 0.7999999999999999
vertex 114.24239534653046 2.7024783067020506 0.7999999999999999
endloop
endfacet
facet normal -7.817752609049123e-33 1.592498664107766e-32 -1.0
outer loop
vertex 109.29728367603498 0.8593264821749615 0.7999999999999999
vertex 114.24239534653046 2.7024783067020506 0.7999999999999999
vertex 115.6044395110048 1.6873176005968318 0.7999999999999999
endloop
endfacet
facet normal -7.817752609049123e-33 1.592498664107766e-32 -1.0
outer loop
vertex 115.6044395110048 1.6873176005968318 0.7999999999999999
vertex 114.24239534653046 2.7024783067020506 0.7999999999999999
vertex 120.5159972061267 4.3724828739488855 0.7999999999999999
endloop
endfacet
facet normal -7.817752609049123e-33 1.592498664107766e-32 -1.0
outer loop
vertex 115.6044395110048 1.6873176005968318 0.7999999999999999
vertex 120.5159972061267 4.3724828739488855 0.7999999999999999
vertex 121.74036181880494 3.488807838444645 0.7999999999999999
endloop
endfacet
facet normal -7.817752609049123e-33 1.592498664107766e-32 -1.0
outer loop
vertex 121.74036181880494 3.488807838444645 0.7999999999999999
vertex 120.5159972061267 4.3724828739488855 0.7999999999999999
vertex 124.11173351944504 6.050568100234569 0.7999999999999999
endloop
endfacet
facet normal -7.817752609049123e-33 1.592498664107766e-32 -1.0
outer loop
vertex 121.74036181880494 3.488807838444645 0.7999999999999999
vertex 124.11173351944504 6.050568100234569 0.7999999999999999
vertex 124.83139013104717 5.017899863259768 0.7999999999999999
endloop
endfacet
facet normal -7.817752609049123e-33 1.592498664107766e-32 -1.0
outer loop
vertex 124.83139013104717 5.017899863259768 0.7999999999999999
vertex 124.11173351944504 6.050568100234569 0.7999999999999999
vertex 126.73902458819397 8.186651440346338 0.7999999999999999
endloop
endfacet
facet normal -7.817752609049123e-33 1.592498664107766e-32 -1.0
outer loop
vertex 124.83139013104717 5.017899863259768 0.7999999999999999
vertex 126.73902458819397 8.186651440346338 0.7999999999999999
vertex 127.52499086778856 7.192319705539164 0.7999999999999999
endloop
endfacet
facet normal -7.817752609049123e-33 1.592498664107766e-32 -1.0
outer loop
vertex 127.52499086778856 7.192319705539164 0.7999999999999999
vertex 126.73902458819397 8.186651440346338 0.7999999999999999
vertex 128.7219055754317 10.946734378745303 0.7999999999999999
endloop
endfacet
facet normal -7.817752609049123e-33 1.592498664107766e-32 -1.0
outer loop
vertex 127.52499086778856 7.192319705539164 0.7999999999999999
vertex 128.7219055754317 10.946734378745303 0.7999999999999999
vertex 129.72641713070882 10.17395647163235 0.7999999999999999
endloop
endfacet
facet normal -7.817752609049123e-33 1.592498664107766e-32 -1.0
outer loop
vertex 129.72641713070882 10.17395647163235 0.7999999999999999
vertex 128.7219055754317 10.946734378745303 0.7999999999999999
vertex 130.08309701217337 14.284421221311808 0.7999999999999999
endloop
endfacet
facet normal -7.817752609049123e-33 1.592498664107766e-32 -1.0
outer loop
vertex 129.72641713070882 10.17395647163235 0.7999999999999999
vertex 130.08309701217337 14.284421221311808 0.7999999999999999
vertex 131.29757554067584 13.887806403023898 0.7999999999999999
endloop
endfacet
facet normal -7.817752609049123e-33 1.592498664107766e-32 -1.0
outer loop
vertex 131.29757554067584 13.887806403023898 0.7999999999999999
vertex 130.08309701217337 14.284421221311808 0.7999999999999999
vertex 130.89698561929657 16.75131907691179 0.7999999999999999
endloop
endfacet
facet normal -7.817752609049123e-33 1.592498664107766e-32 -1.0
outer loop
vertex 131.29757554067584 13.887806403023898 0.7999999999999999
vertex 130.89698561929657 16.75131907691179 0.7999999999999999
vertex 131.60475215425421 19.008188910187634 0.7999999999999999
endloop
endfacet
facet normal -7.817752609049123e-33 1.592498664107766e-32 -1.0
outer loop
vertex 131.29757554067584 13.887806403023898 0.7999999999999999
vertex 131.60475215425421 19.008188910187634 0.7999999999999999
vertex 132.16279852674387 16.24807135585764 0.7999999999999999
endloop
endfacet
facet normal -7.817752609049123e-33 1.592498664107766e-32 -1.0
outer loop
vertex 132.16279852674387 16.24807135585764 0.7999999999999999
vertex 131.60475215425421 19.008188910187634 0.7999999999999999
vertex 132.16111318054388 21.39164099804076 0.7999999999999999
endloop
endfacet
facet normal -7.817752609049123e-33 1.592498664107766e-32 -1.0
outer loop
vertex 132.16279852674387 16.24807135585764 0.7999999999999999
vertex 132.16111318054388 21.39164099804076 0.7999999999999999
vertex 132.51025618724086 23.974567520860877 0.7999999999999999
endloop
endfacet
facet normal -7.817752609049123e-33 1.592498664107766e-32 -1.0
outer loop
vertex 132.16279852674387 16.24807135585764 0.7999999999999999
vertex 132.51025618724086 23.974567520860877 0.7999999999999999
vertex 132.86999018479588 18.65685249372325 0.7999999999999999
endloop
endfacet
facet normal -7.817752609049123e-33 1.592498664107766e-32 -1.0
outer loop
vertex 132.86999018479588 18.65685249372325 0.7999999999999999
vertex 132.51025618724086 23.974567520860877 0.7999999999999999
vertex 132.7787525081198 26.208164916450173 0.7999999999999999
endloop
endfacet
facet normal -7.817752609049123e-33 1.592498664107766e-32 -1.0
outer loop
vertex 132.86999018479588 18.65685249372325 0.7999999999999999
vertex 132.7787525081198 26.208164916450173 0.7999999999999999
vertex 133.03316817578903 28.442522016688844 0.7999999999999999
endloop
endfacet
facet normal -7.817752609049123e-33 1.592498664107766e-32 -1.0
outer loop
vertex 132.86999018479588 18.65685249372325 0.7999999999999999
vertex 133.03316817578903 28.442522016688844 0.7999999999999999
vertex 133.39816622383583 21.113604047697752 0.7999999999999999
endloop
endfacet
facet normal -7.817752609049123e-33 1.592498664107766e-32 -1.0
outer loop
vertex 133.39816622383583 21.113604047697752 0.7999999999999999
vertex 133.03316817578903 28.442522016688844 0.7999999999999999
vertex 133.2195203040846 30.680693059892803 0.7999999999999999
endloop
endfacet
facet normal -7.817752609049123e-33 1.592498664107766e-32 -1.0
outer loop
vertex 133.39816622383583 21.113604047697752 0.7999999999999999
vertex 133.2195203040846 30.680693059892803 0.7999999999999999
vertex 133.2812017384487 33.39520985663516 0.7999999999999999
endloop
endfacet
facet normal -7.817752609049123e-33 1.592498664107766e-32 -1.0
outer loop
vertex 78.28018239787743 34.36904788591161 0.7999999999999999
vertex 78.3179609067754 33.215326474204645 0.7999999999999999
vertex 78.26606707561163 33.64990950779809 0.7999999999999999
endloop
endfacet
facet normal -7.817752609049123e-33 1.592498664107766e-32 -1.0
outer loop
vertex 78.3179609067754 33.215326474204645 0.7999999999999999
vertex 78.28018239787743 34.36904788591161 0.7999999999999999
vertex 78.29428685492267 35.08816123033671 0.7999999999999999
endloop
endfacet
facet normal -7.817752609049123e-33 1.592498664107766e-32 -1.0
outer loop
vertex 78.3179609067754 33.215326474204645 0.7999999999999999
vertex 78.29428685492267 35.08816123033671 0.7999999999999999
vertex 78.30840030040308 35.807259516912374 0.7999999999999999
endloop
endfacet
facet normal -7.817752609049123e-33 1.592498664107766e-32 -1.0
outer loop
vertex 80.04985613304373 41.016925144720275 0.7999999999999999
vertex 80.8142527466623 37.2374158925458 0.7999999999999999
vertex 80.76060000000001 31.11658952661748 0.7999999999999999
endloop
endfacet
facet normal -7.817752609049123e-33 1.592498664107766e-32 -1.0
outer loop
vertex 80.8142527466623 37.2374158925458 0.7999999999999999
vertex 80.04985613304373 41.016925144720275 0.7999999999999999
vertex 80.9307214202076 39.294477032781636 0.7999999999999999
endloop
endfacet
facet normal -7.817752609049123e-33 1.592498664107766e-32 -1.0
outer loop
vertex 80.9307214202076 39.294477032781636 0.7999999999999999
vertex 80.04985613304373 41.016925144720275 0.7999999999999999
vertex 81.67669338320269 43.885120323480486 0.7999999999999999
endloop
endfacet
facet normal -7.817752609049123e-33 1.592498664107766e-32 -1.0
outer loop
vertex 80.76060000000001 31.11658952661748 0.7999999999999999
vertex 80.8142527466623 37.2374158925458 0.7999999999999999
vertex 80.76985241022658 31.97988559827433 0.7999999999999999
endloop
endfacet
facet normal -7.817752609049123e-33 1.592498664107766e-32 -1.0
outer loop
vertex 80.76985241022658 31.97988559827433 0.7999999999999999
vertex 80.8142527466623 37.2374158925458 0.7999999999999999
vertex 80.77927847839658 32.85269810307356 0.7999999999999999
endloop
endfacet
facet normal -7.817752609049123e-33 1.592498664107766e-32 -1.0
outer loop
vertex 80.77927847839658 32.85269810307356 0.7999999999999999
vertex 80.8142527466623 37.2374158925458 0.7999999999999999
vertex 80.78845646331754 33.73153872011066 0.7999999999999999
endloop
endfacet
facet normal -7.817752609049123e-33 1.592498664107766e-32 -1.0
outer loop
vertex 80.78845646331754 33.73153872011066 0.7999999999999999
vertex 80.8142527466623 37.2374158925458 0.7999999999999999
vertex 80.79696462379704 34.612919128481046 0.7999999999999999
endloop
endfacet
facet normal -7.817752609049123e-33 1.592498664107766e-32 -1.0
outer loop
vertex 80.79696462379704 34.612919128481046 0.7999999999999999
vertex 80.8142527466623 37.2374158925458 0.7999999999999999
vertex 80.80438121864263 35.493351007280104 0.7999999999999999
endloop
endfacet
facet normal -7.817752609049123e-33 1.592498664107766e-32 -1.0
outer loop
vertex 80.80438121864263 35.493351007280104 0.7999999999999999
vertex 80.8142527466623 37.2374158925458 0.7999999999999999
vertex 80.81028450666187 36.369346035603215 0.7999999999999999
endloop
endfacet
facet normal -7.817752609049123e-33 1.592498664107766e-32 -1.0
outer loop
vertex 80.9307214202076 39.294477032781636 0.7999999999999999
vertex 81.67669338320269 43.885120323480486 0.7999999999999999
vertex 82.04516035825195 42.29624456345094 0.7999999999999999
endloop
endfacet
facet normal -7.817752609049123e-33 1.592498664107766e-32 -1.0
outer loop
vertex 82.04516035825195 42.29624456345094 0.7999999999999999
vertex 81.67669338320269 43.885120323480486 0.7999999999999999
vertex 84.38488036487794 46.00360371801598 0.7999999999999999
endloop
endfacet
facet normal -7.817752609049123e-33 1.592498664107766e-32 -1.0
outer loop
vertex 82.04516035825195 42.29624456345094 0.7999999999999999
vertex 84.38488036487794 46.00360371801598 0.7999999999999999
vertex 84.1944033932133 44.429768111223495 0.7999999999999999
endloop
endfacet
facet normal -7.817752609049123e-33 1.592498664107766e-32 -1.0
outer loop
vertex 84.1944033932133 44.429768111223495 0.7999999999999999
vertex 84.38488036487794 46.00360371801598 0.7999999999999999
vertex 87.1944058843944 45.84346767809228 0.7999999999999999
endloop
endfacet
facet normal -7.817752609049123e-33 1.592498664107766e-32 -1.0
outer loop
vertex 87.1944058843944 45.84346767809228 0.7999999999999999
vertex 84.38488036487794 46.00360371801598 0.7999999999999999
vertex 88.11343941889088 47.4146916965485 0.7999999999999999
endloop
endfacet
facet normal -7.817752609049123e-33 1.592498664107766e-32 -1.0
outer loop
vertex 87.1944058843944 45.84346767809228 0.7999999999999999
vertex 88.11343941889088 47.4146916965485 0.7999999999999999
vertex 91.73276116948296 46.848137312427006 0.7999999999999999
endloop
endfacet
facet normal -7.817752609049123e-33 1.592498664107766e-32 -1.0
outer loop
vertex 91.73276116948296 46.848137312427006 0.7999999999999999
vertex 88.11343941889088 47.4146916965485 0.7999999999999999
vertex 93.14250671095552 48.35798520608242 0.7999999999999999
endloop
endfacet
facet normal -7.817752609049123e-33 1.592498664107766e-32 -1.0
outer loop
vertex 91.73276116948296 46.848137312427006 0.7999999999999999
vertex 93.14250671095552 48.35798520608242 0.7999999999999999
vertex 96.92228521791193 47.629997145309346 0.7999999999999999
endloop
endfacet
facet normal -7.817752609049123e-33 1.592498664107766e-32 -1.0
outer loop
vertex 96.92228521791193 47.629997145309346 0.7999999999999999
vertex 93.14250671095552 48.35798520608242 0.7999999999999999
vertex 98.2224001528284 49.05093915251263 0.7999999999999999
endloop
endfacet
facet normal -7.817752609049123e-33 1.592498664107766e-32 -1.0
outer loop
vertex 96.92228521791193 47.629997145309346 0.7999999999999999
vertex 98.2224001528284 49.05093915251263 0.7999999999999999
vertex 102.14249409040363 48.184543772620586 0.7999999999999999
endloop
endfacet
facet normal -7.817752609049123e-33 1.592498664107766e-32 -1.0
outer loop
vertex 102.14249409040363 48.184543772620586 0.7999999999999999
vertex 98.2224001528284 49.05093915251263 0.7999999999999999
vertex 103.33092702679193 49.54349655304575 0.7999999999999999
endloop
endfacet
facet normal -7.817752609049123e-33 1.592498664107766e-32 -1.0
outer loop
vertex 102.14249409040363 48.184543772620586 0.7999999999999999
vertex 103.33092702679193 49.54349655304575 0.7999999999999999
vertex 107.37895499725605 48.56669732285512 0.7999999999999999
endloop
endfacet
facet normal -7.817752609049123e-33 1.592498664107766e-32 -1.0
outer loop
vertex 107.37895499725605 48.56669732285512 0.7999999999999999
vertex 103.33092702679193 49.54349655304575 0.7999999999999999
vertex 108.46862324687058 49.86990466393665 0.7999999999999999
endloop
endfacet
facet normal -7.817752609049123e-33 1.592498664107766e-32 -1.0
outer loop
vertex 107.37895499725605 48.56669732285512 0.7999999999999999
vertex 108.46862324687058 49.86990466393665 0.7999999999999999
vertex 112.22485314473126 48.589557286023584 0.7999999999999999
endloop
endfacet
facet normal -7.817752609049123e-33 1.592498664107766e-32 -1.0
outer loop
vertex 112.22485314473126 48.589557286023584 0.7999999999999999
vertex 108.46862324687058 49.86990466393665 0.7999999999999999
vertex 113.59989510473015 49.81171471409195 0.7999999999999999
endloop
endfacet
facet normal -7.817752609049123e-33 1.592498664107766e-32 -1.0
outer loop
vertex 112.22485314473126 48.589557286023584 0.7999999999999999
vertex 113.59989510473015 49.81171471409195 0.7999999999999999
vertex 117.0355683715237 48.449892087513824 0.7999999999999999
endloop
endfacet
facet normal -7.817752609049123e-33 1.592498664107766e-32 -1.0
outer loop
vertex 117.0355683715237 48.449892087513824 0.7999999999999999
vertex 113.59989510473015 49.81171471409195 0.7999999999999999
vertex 118.43506889562167 49.62480751163961 0.7999999999999999
endloop
endfacet
facet normal -7.817752609049123e-33 1.592498664107766e-32 -1.0
outer loop
vertex 117.0355683715237 48.449892087513824 0.7999999999999999
vertex 118.43506889562167 49.62480751163961 0.7999999999999999
vertex 121.83812300792606 48.13880351025171 0.7999999999999999
endloop
endfacet
facet normal -7.817752609049123e-33 1.592498664107766e-32 -1.0
outer loop
vertex 121.83812300792606 48.13880351025171 0.7999999999999999
vertex 118.43506889562167 49.62480751163961 0.7999999999999999
vertex 122.93606758277939 49.29258623397125 0.7999999999999999
endloop
endfacet
facet normal -7.817752609049123e-33 1.592498664107766e-32 -1.0
outer loop
vertex 121.83812300792606 48.13880351025171 0.7999999999999999
vertex 122.93606758277939 49.29258623397125 0.7999999999999999
vertex 126.43680959737745 47.61439543690641 0.7999999999999999
endloop
endfacet
facet normal -7.817752609049123e-33 1.592498664107766e-32 -1.0
outer loop
vertex 126.43680959737745 47.61439543690641 0.7999999999999999
vertex 122.93606758277939 49.29258623397125 0.7999999999999999
vertex 126.8673506612833 48.805259794014106 0.7999999999999999
endloop
endfacet
facet normal -7.817752609049123e-33 1.592498664107766e-32 -1.0
outer loop
vertex 126.43680959737745 47.61439543690641 0.7999999999999999
vertex 126.8673506612833 48.805259794014106 0.7999999999999999
vertex 128.31256445802927 47.054196417522114 0.7999999999999999
endloop
endfacet
facet normal -7.817752609049123e-33 1.592498664107766e-32 -1.0
outer loop
vertex 128.31256445802927 47.054196417522114 0.7999999999999999
vertex 126.8673506612833 48.805259794014106 0.7999999999999999
vertex 129.103458704461 48.07626614945217 0.7999999999999999
endloop
endfacet
facet normal -7.817752609049123e-33 1.592498664107766e-32 -1.0
outer loop
vertex 128.31256445802927 47.054196417522114 0.7999999999999999
vertex 129.103458704461 48.07626614945217 0.7999999999999999
vertex 129.9154498351973 46.14034875600931 0.7999999999999999
endloop
endfacet
facet normal -7.817752609049123e-33 1.592498664107766e-32 -1.0
outer loop
vertex 129.9154498351973 46.14034875600931 0.7999999999999999
vertex 129.103458704461 48.07626614945217 0.7999999999999999
vertex 130.91258543600713 46.94697001477676 0.7999999999999999
endloop
endfacet
facet normal -7.817752609049123e-33 1.592498664107766e-32 -1.0
outer loop
vertex 129.9154498351973 46.14034875600931 0.7999999999999999
vertex 130.91258543600713 46.94697001477676 0.7999999999999999
vertex 131.1466405123752 44.782825857485314 0.7999999999999999
endloop
endfacet
facet normal -7.817752609049123e-33 1.592498664107766e-32 -1.0
outer loop
vertex 131.1466405123752 44.782825857485314 0.7999999999999999
vertex 130.91258543600713 46.94697001477676 0.7999999999999999
vertex 132.2551051351003 45.38021711910132 0.7999999999999999
endloop
endfacet
facet normal -7.817752609049123e-33 1.592498664107766e-32 -1.0
outer loop
vertex 131.1466405123752 44.782825857485314 0.7999999999999999
vertex 132.2551051351003 45.38021711910132 0.7999999999999999
vertex 131.97419279312487 42.64839326103393 0.7999999999999999
endloop
endfacet
facet normal -7.817752609049123e-33 1.592498664107766e-32 -1.0
outer loop
vertex 131.97419279312487 42.64839326103393 0.7999999999999999
vertex 132.2551051351003 45.38021711910132 0.7999999999999999
vertex 132.65398900230554 39.59604456647557 0.7999999999999999
endloop
endfacet
facet normal -7.817752609049123e-33 1.592498664107766e-32 -1.0
outer loop
vertex 132.65398900230554 39.59604456647557 0.7999999999999999
vertex 132.2551051351003 45.38021711910132 0.7999999999999999
vertex 133.06863604866624 43.41523260080912 0.7999999999999999
endloop
endfacet
facet normal -7.817752609049123e-33 1.592498664107766e-32 -1.0
outer loop
vertex 132.65398900230554 39.59604456647557 0.7999999999999999
vertex 133.06863604866624 43.41523260080912 0.7999999999999999
vertex 133.0962521369755 36.51123113969584 0.7999999999999999
endloop
endfacet
facet normal -7.817752609049123e-33 1.592498664107766e-32 -1.0
outer loop
vertex 133.0962521369755 36.51123113969584 0.7999999999999999
vertex 133.06863604866624 43.41523260080912 0.7999999999999999
vertex 133.5324498263188 41.556702639553095 0.7999999999999999
endloop
endfacet
facet normal -7.817752609049123e-33 1.592498664107766e-32 -1.0
outer loop
vertex 133.0962521369755 36.51123113969584 0.7999999999999999
vertex 133.5324498263188 41.556702639553095 0.7999999999999999
vertex 133.2812017384487 33.39520985663516 0.7999999999999999
endloop
endfacet
facet normal -7.817752609049123e-33 1.592498664107766e-32 -1.0
outer loop
vertex 133.2812017384487 33.39520985663516 0.7999999999999999
vertex 133.5324498263188 41.556702639553095 0.7999999999999999
vertex 133.39816622383583 21.113604047697752 0.7999999999999999
endloop
endfacet
facet normal -7.817752609049123e-33 1.592498664107766e-32 -1.0
outer loop
vertex 133.39816622383583 21.113604047697752 0.7999999999999999
vertex 133.5324498263188 41.556702639553095 0.7999999999999999
vertex 133.72446996668015 23.551662534431134 0.7999999999999999
endloop
endfacet
facet normal -7.817752609049123e-33 1.592498664107766e-32 -1.0
outer loop
vertex 133.72446996668015 23.551662534431134 0.7999999999999999
vertex 133.5324498263188 41.556702639553095 0.7999999999999999
vertex 133.9087139628413 39.7160359395826 0.7999999999999999
endloop
endfacet
facet normal -7.817752609049123e-33 1.592498664107766e-32 -1.0
outer loop
vertex 133.72446996668015 23.551662534431134 0.7999999999999999
vertex 133.9087139628413 39.7160359395826 0.7999999999999999
vertex 133.9791907880079 25.727020364663087 0.7999999999999999
endloop
endfacet
facet normal -7.817752609049123e-33 1.592498664107766e-32 -1.0
outer loop
vertex 133.9791907880079 25.727020364663087 0.7999999999999999
vertex 133.9087139628413 39.7160359395826 0.7999999999999999
vertex 134.19744835892237 37.89121732256855 0.7999999999999999
endloop
endfacet
facet normal -7.817752609049123e-33 1.592498664107766e-32 -1.0
outer loop
vertex 133.9791907880079 25.727020364663087 0.7999999999999999
vertex 134.19744835892237 37.89121732256855 0.7999999999999999
vertex 134.23410794692734 27.90698550409346 0.7999999999999999
endloop
endfacet
facet normal -7.817752609049123e-33 1.592498664107766e-32 -1.0
outer loop
vertex 134.23410794692734 27.90698550409346 0.7999999999999999
vertex 134.19744835892237 37.89121732256855 0.7999999999999999
vertex 134.43282403744584 36.592246968575054 0.7999999999999999
endloop
endfacet
facet normal -7.817752609049123e-33 1.592498664107766e-32 -1.0
outer loop
vertex 134.23410794692734 27.90698550409346 0.7999999999999999
vertex 134.43282403744584 36.592246968575054 0.7999999999999999
vertex 134.43704859335898 30.09212390573167 0.7999999999999999
endloop
endfacet
facet normal -7.817752609049123e-33 1.592498664107766e-32 -1.0
outer loop
vertex 134.43704859335898 30.09212390573167 0.7999999999999999
vertex 134.43282403744584 36.592246968575054 0.7999999999999999
vertex 134.5374638346625 33.3253567145098 0.7999999999999999
endloop
endfacet
facet normal -7.817752609049123e-33 1.592498664107766e-32 -1.0
outer loop
vertex 134.5374638346625 33.3253567145098 0.7999999999999999
vertex 134.43282403744584 36.592246968575054 0.7999999999999999
vertex 134.64507196424523 33.65428952661747 0.7999999999999999
endloop
endfacet
facet normal -7.817752609049123e-33 1.592498664107766e-32 -1.0
outer loop
vertex 134.64507196424523 33.65428952661747 0.7999999999999999
vertex 134.43282403744584 36.592246968575054 0.7999999999999999
vertex 135.73884927770536 36.60427797976543 0.7999999999999999
endloop
endfacet
facet normal -7.817752609049123e-33 1.592498664107766e-32 -1.0
outer loop
vertex 134.43704859335898 30.09212390573167 0.7999999999999999
vertex 134.5374638346625 33.3253567145098 0.7999999999999999
vertex 134.5266801731116 31.834676968436924 0.7999999999999999
endloop
endfacet
facet normal -7.817752609049123e-33 1.592498664107766e-32 -1.0
outer loop
vertex 134.5266801731116 31.834676968436924 0.7999999999999999
vertex 134.5374638346625 33.3253567145098 0.7999999999999999
vertex 134.53705173083733 32.33093824810098 0.7999999999999999
endloop
endfacet
facet normal -7.817752609049123e-33 1.592498664107766e-32 -1.0
outer loop
vertex 134.64507196424523 33.65428952661747 0.7999999999999999
vertex 135.73884927770536 36.60427797976543 0.7999999999999999
vertex 135.9776359215451 33.654289526617475 0.7999999999999999
endloop
endfacet
facet normal -7.817752609049123e-33 1.592498664107766e-32 -1.0
outer loop
vertex 135.9776359215451 33.654289526617475 0.7999999999999999
vertex 135.73884927770536 36.60427797976543 0.7999999999999999
vertex 137.7914351924342 36.62318625454302 0.7999999999999999
endloop
endfacet
facet normal -7.817752609049123e-33 1.592498664107766e-32 -1.0
outer loop
vertex 135.9776359215451 33.654289526617475 0.7999999999999999
vertex 137.7914351924342 36.62318625454302 0.7999999999999999
vertex 137.9721622809122 33.65428952661748 0.7999999999999999
endloop
endfacet
facet normal -7.817752609049123e-33 1.592498664107766e-32 -1.0
outer loop
vertex 137.9721622809122 33.65428952661748 0.7999999999999999
vertex 137.7914351924342 36.62318625454302 0.7999999999999999
vertex 139.49147772501556 36.63884692487549 0.7999999999999999
endloop
endfacet
facet normal -7.817752609049123e-33 1.592498664107766e-32 -1.0
outer loop
vertex 137.9721622809122 33.65428952661748 0.7999999999999999
vertex 139.49147772501556 36.63884692487549 0.7999999999999999
vertex 139.5655001935857 33.65428952661748 0.7999999999999999
endloop
endfacet
facet normal -7.817752609049123e-33 1.592498664107766e-32 -1.0
outer loop
vertex 139.5655001935857 33.65428952661748 0.7999999999999999
vertex 139.49147772501556 36.63884692487549 0.7999999999999999
vertex 139.98506741887317 36.62028228135735 0.7999999999999999
endloop
endfacet
facet normal -7.817752609049123e-33 1.592498664107766e-32 -1.0
outer loop
vertex 139.5655001935857 33.65428952661748 0.7999999999999999
vertex 139.98506741887317 36.62028228135735 0.7999999999999999
vertex 140.0522736487177 33.67883064601424 0.7999999999999999
endloop
endfacet
facet normal -7.817752609049123e-33 1.592498664107766e-32 -1.0
outer loop
vertex 140.0522736487177 33.67883064601424 0.7999999999999999
vertex 139.98506741887317 36.62028228135735 0.7999999999999999
vertex 140.28988621181833 36.49265451753301 0.7999999999999999
endloop
endfacet
facet normal -7.817752609049123e-33 1.592498664107766e-32 -1.0
outer loop
vertex 140.0522736487177 33.67883064601424 0.7999999999999999
vertex 140.28988621181833 36.49265451753301 0.7999999999999999
vertex 140.39604765048497 33.84095301472531 0.7999999999999999
endloop
endfacet
facet normal -7.817752609049123e-33 1.592498664107766e-32 -1.0
outer loop
vertex 140.39604765048497 33.84095301472531 0.7999999999999999
vertex 140.28988621181833 36.49265451753301 0.7999999999999999
vertex 140.57717165705898 36.29100701161631 0.7999999999999999
endloop
endfacet
facet normal -7.817752609049123e-33 1.592498664107766e-32 -1.0
outer loop
vertex 140.39604765048497 33.84095301472531 0.7999999999999999
vertex 140.57717165705898 36.29100701161631 0.7999999999999999
vertex 140.646018363884 34.09888145277971 0.7999999999999999
endloop
endfacet
facet normal -7.817752609049123e-33 1.592498664107766e-32 -1.0
outer loop
vertex 140.646018363884 34.09888145277971 0.7999999999999999
vertex 140.57717165705898 36.29100701161631 0.7999999999999999
vertex 140.76659982829054 36.04418571589309 0.7999999999999999
endloop
endfacet
facet normal -7.817752609049123e-33 1.592498664107766e-32 -1.0
outer loop
vertex 140.646018363884 34.09888145277971 0.7999999999999999
vertex 140.76659982829054 36.04418571589309 0.7999999999999999
vertex 140.78156876403403 34.39079473381649 0.7999999999999999
endloop
endfacet
facet normal -7.817752609049123e-33 1.592498664107766e-32 -1.0
outer loop
vertex 140.78156876403403 34.39079473381649 0.7999999999999999
vertex 140.76659982829054 36.04418571589309 0.7999999999999999
vertex 140.8 35.84908814157849 0.7999999999999999
endloop
endfacet
facet normal -7.817752609049123e-33 1.592498664107766e-32 -1.0
outer loop
vertex 140.78156876403403 34.39079473381649 0.7999999999999999
vertex 140.8 35.84908814157849 0.7999999999999999
vertex 140.8 34.59124283488328 0.7999999999999999
endloop
endfacet
facet normal -7.817752609049123e-33 1.592498664107766e-32 -1.0
outer loop
vertex 140.8 34.59124283488328 0.7999999999999999
vertex 140.8 35.84908814157849 0.7999999999999999
vertex 140.8 35.48255156283277 0.7999999999999999
endloop
endfacet
facet normal -7.817752609049123e-33 1.592498664107766e-32 -1.0
outer loop
vertex 140.8 34.59124283488328 0.7999999999999999
vertex 140.8 35.48255156283277 0.7999999999999999
vertex 140.8 34.973092292838466 0.7999999999999999
endloop
endfacet
facet normal -7.817752609049123e-33 1.592498664107766e-32 -1.0
outer loop
vertex 134.5406297413406 32.82782155898972 0.7999999999999999
vertex 134.53705173083733 32.33093824810098 0.7999999999999999
vertex 134.5374638346625 33.3253567145098 0.7999999999999999
endloop
endfacet
facet normal -7.817752609049123e-33 1.592498664107766e-32 -1.0
outer loop
vertex 63.254094324178055 33.149485585951304 0.7999999999999999
vertex 63.32381055659924 34.16552032342076 0.7999999999999999
vertex 63.337932553489374 33.44637330743946 0.7999999999999999
endloop
endfacet
facet normal -7.817752609049123e-33 1.592498664107766e-32 -1.0
outer loop
vertex 63.32381055659924 34.16552032342076 0.7999999999999999
vertex 63.254094324178055 33.149485585951304 0.7999999999999999
vertex 63.295596150305386 35.603741342793704 0.7999999999999999
endloop
endfacet
facet normal -7.817752609049123e-33 1.592498664107766e-32 -1.0
outer loop
vertex 63.32381055659924 34.16552032342076 0.7999999999999999
vertex 63.295596150305386 35.603741342793704 0.7999999999999999
vertex 63.30970504008982 34.884639676596024 0.7999999999999999
endloop
endfacet
facet normal -0.9554778785757427 -0.29506274511093095 2.7708194039529555e-33
outer loop
vertex 9.220107705950323 16.924905926265954 2.57
vertex 10.04273397536907 14.55085387131616 0.7999999999999999
vertex 10.04273397536907 14.55085387131616 2.57
endloop
endfacet
facet normal -0.9385187206674549 -0.34522834610837466 1.839350377242239e-33
outer loop
vertex 10.04273397536907 14.55085387131616 0.7999999999999999
vertex 9.220107705950323 16.924905926265954 2.57
vertex 9.220107705950323 16.924905926265954 0.7999999999999999
endloop
endfacet
facet normal -0.6285402795149085 0.7777770355489554 1.729986131092424e-32
outer loop
vertex 1.0976926722522709 36.35391229470045 2.57
vertex 0.8724192799831102 36.11694934326711 0.7999999999999999
vertex 0.8724192799831102 36.11694934326711 2.57
endloop
endfacet
facet normal -0.7247571841276872 0.6890043715792418 1.6638357780184857e-32
outer loop
vertex 0.8724192799831102 36.11694934326711 0.7999999999999999
vertex 1.0976926722522709 36.35391229470045 2.57
vertex 1.0976926722522709 36.35391229470045 0.7999999999999999
endloop
endfacet
facet normal -0.9742393280916062 -0.22551658830253707 4.025013392967105e-33
outer loop
vertex 8.56145195452285 19.347319062605685 2.57
vertex 9.220107705950323 16.924905926265954 0.7999999999999999
vertex 9.220107705950323 16.924905926265954 2.57
endloop
endfacet
facet normal -0.9554778785757427 -0.29506274511093095 2.7708194039529555e-33
outer loop
vertex 9.220107705950323 16.924905926265954 0.7999999999999999
vertex 8.56145195452285 19.347319062605685 2.57
vertex 8.56145195452285 19.347319062605685 0.7999999999999999
endloop
endfacet
facet normal -0.42578796163356925 0.9048229725907331 1.7737998699010142e-32
outer loop
vertex 1.3980900373453014 36.53753743268836 2.57
vertex 1.693287413288296 36.63897883552171 0.7999999999999999
vertex 1.3980900373453014 36.53753743268836 0.7999999999999999
endloop
endfacet
facet normal -0.1624864962785204 0.9867107674121787 1.6983635019863085e-32
outer loop
vertex 1.693287413288296 36.63897883552171 0.7999999999999999
vertex 1.3980900373453014 36.53753743268836 2.57
vertex 1.693287413288296 36.63897883552171 2.57
endloop
endfacet
facet normal -1.0 0.0 7.817752609049123e-33
outer loop
vertex 0.8000000000000211 35.116070993368055 2.57
vertex 0.8000000000000211 34.670657239119784 0.7999999999999999
vertex 0.8000000000000211 34.670657239119784 2.57
endloop
endfacet
facet normal -0.9999572832842261 -0.009242921985518003 7.670225251189034e-33
outer loop
vertex 0.8000000000000211 34.670657239119784 0.7999999999999999
vertex 0.8000000000000211 35.116070993368055 2.57
vertex 0.8000000000000211 35.116070993368055 0.7999999999999999
endloop
endfacet
facet normal -0.5221716766726441 -0.8528403954321581 -9.499262916549389e-33
outer loop
vertex 1.4421114208657033 33.71140419739527 2.57
vertex 1.1227937560079186 33.9069139801671 0.7999999999999999
vertex 1.4421114208657033 33.71140419739527 0.7999999999999999
endloop
endfacet
facet normal -0.6609105666282449 -0.7504646713331232 -6.784304558974628e-33
outer loop
vertex 1.1227937560079186 33.9069139801671 0.7999999999999999
vertex 1.4421114208657033 33.71140419739527 2.57
vertex 1.1227937560079186 33.9069139801671 2.57
endloop
endfacet
facet normal -0.9999572832842261 -0.009242921985518003 7.670225251189034e-33
outer loop
vertex 0.8000000000000211 34.670657239119784 2.57
vertex 0.8036905570306718 34.47104048998619 0.7999999999999999
vertex 0.8036905570306718 34.47104048998619 2.57
endloop
endfacet
facet normal -0.9848616699122108 -0.17334212164886967 4.938933917914355e-33
outer loop
vertex 0.8036905570306718 34.47104048998619 0.7999999999999999
vertex 0.8000000000000211 34.670657239119784 2.57
vertex 0.8000000000000211 34.670657239119784 0.7999999999999999
endloop
endfacet
facet normal 0.0 -1.0 -1.592498664107766e-32
outer loop
vertex 3.09005498608539 33.65428952661748 2.57
vertex 1.8032871524239282 33.65428952661748 0.7999999999999999
vertex 3.09005498608539 33.65428952661748 0.7999999999999999
endloop
endfacet
facet normal -0.07833799470480378 -0.9969268571894481 -1.5263619820382337e-32
outer loop
vertex 1.8032871524239282 33.65428952661748 0.7999999999999999
vertex 3.09005498608539 33.65428952661748 2.57
vertex 1.8032871524239282 33.65428952661748 2.57
endloop
endfacet
facet normal 0.009211537708784731 0.9999575728864898 1.5852297466905584e-32
outer loop
vertex 6.354218476878098 36.59973587484267 2.57
vertex 7.249400000000022 36.59148952661748 0.7999999999999999
vertex 6.354218476878098 36.59973587484267 0.7999999999999999
endloop
endfacet
facet normal 0.009211537708784731 0.9999575728864898 1.5852297466905584e-32
outer loop
vertex 7.249400000000022 36.59148952661748 0.7999999999999999
vertex 6.354218476878098 36.59973587484267 2.57
vertex 7.249400000000022 36.59148952661748 2.57
endloop
endfacet
facet normal 6.929602758767187e-15 -1.0 -1.5924986641077715e-32
outer loop
vertex 6.70668371070829 33.65428952661749 2.57
vertex 5.0789041217671285 33.65428952661748 0.7999999999999999
vertex 6.70668371070829 33.65428952661749 0.7999999999999999
endloop
endfacet
facet normal 6.929602758767187e-15 -1.0 -1.5924986641077715e-32
outer loop
vertex 5.0789041217671285 33.65428952661748 0.7999999999999999
vertex 6.70668371070829 33.65428952661749 2.57
vertex 5.0789041217671285 33.65428952661748 2.57
endloop
endfacet
facet normal 0.00921153770880157 0.9999575728864897 1.5852297466905453e-32
outer loop
vertex 4.4014093627318704 36.61772501286293 2.57
vertex 6.354218476878098 36.59973587484267 0.7999999999999999
vertex 4.4014093627318704 36.61772501286293 0.7999999999999999
endloop
endfacet
facet normal 0.00921153770880157 0.9999575728864897 1.5852297466905453e-32
outer loop
vertex 6.354218476878098 36.59973587484267 0.7999999999999999
vertex 4.4014093627318704 36.61772501286293 2.57
vertex 6.354218476878098 36.59973587484267 2.57
endloop
endfacet
facet normal 7.817752609049123e-33 -1.592498664107766e-32 1.0
outer loop
vertex 0.8000000000000211 35.116070993368055 2.57
vertex 0.8000000000000098 35.889497182180634 2.57
vertex 0.8000000000000098 35.61252847548424 2.57
endloop
endfacet
facet normal 7.817752609049123e-33 -1.592498664107766e-32 1.0
outer loop
vertex 0.8000000000000098 35.889497182180634 2.57
vertex 0.8000000000000211 35.116070993368055 2.57
vertex 0.8724192799831102 36.11694934326711 2.57
endloop
endfacet
facet normal 7.817752609049123e-33 -1.592498664107766e-32 1.0
outer loop
vertex 0.8724192799831102 36.11694934326711 2.57
vertex 0.8000000000000211 35.116070993368055 2.57
vertex 0.8036905570306718 34.47104048998619 2.57
endloop
endfacet
facet normal 7.817752609049123e-33 -1.592498664107766e-32 1.0
outer loop
vertex 0.8724192799831102 36.11694934326711 2.57
vertex 0.8036905570306718 34.47104048998619 2.57
vertex 0.9031144786912447 34.18073316431131 2.57
endloop
endfacet
facet normal 7.817752609049123e-33 -1.592498664107766e-32 1.0
outer loop
vertex 0.8724192799831102 36.11694934326711 2.57
vertex 0.9031144786912447 34.18073316431131 2.57
vertex 1.0976926722522709 36.35391229470045 2.57
endloop
endfacet
facet normal 7.817752609049123e-33 -1.592498664107766e-32 1.0
outer loop
vertex 1.0976926722522709 36.35391229470045 2.57
vertex 0.9031144786912447 34.18073316431131 2.57
vertex 1.1227937560079186 33.9069139801671 2.57
endloop
endfacet
facet normal 7.817752609049123e-33 -1.592498664107766e-32 1.0
outer loop
vertex 1.0976926722522709 36.35391229470045 2.57
vertex 1.1227937560079186 33.9069139801671 2.57
vertex 1.3980900373453014 36.53753743268836 2.57
endloop
endfacet
facet normal 7.817752609049123e-33 -1.592498664107766e-32 1.0
outer loop
vertex 1.3980900373453014 36.53753743268836 2.57
vertex 1.1227937560079186 33.9069139801671 2.57
vertex 1.4421114208657033 33.71140419739527 2.57
endloop
endfacet
facet normal 7.817752609049123e-33 -1.592498664107766e-32 1.0
outer loop
vertex 1.3980900373453014 36.53753743268836 2.57
vertex 1.4421114208657033 33.71140419739527 2.57
vertex 1.693287413288296 36.63897883552171 2.57
endloop
endfacet
facet normal 7.817752609049123e-33 -1.592498664107766e-32 1.0
outer loop
vertex 1.693287413288296 36.63897883552171 2.57
vertex 1.4421114208657033 33.71140419739527 2.57
vertex 1.8032871524239282 33.65428952661748 2.57
endloop
endfacet
facet normal 7.817752609049123e-33 -1.592498664107766e-32 1.0
outer loop
vertex 1.693287413288296 36.63897883552171 2.57
vertex 1.8032871524239282 33.65428952661748 2.57
vertex 2.4900758403904986 36.63533208069513 2.57
endloop
endfacet
facet normal 7.817752609049123e-33 -1.592498664107766e-32 1.0
outer loop
vertex 2.4900758403904986 36.63533208069513 2.57
vertex 1.8032871524239282 33.65428952661748 2.57
vertex 3.09005498608539 33.65428952661748 2.57
endloop
endfacet
facet normal 7.817752609049123e-33 -1.592498664107766e-32 1.0
outer loop
vertex 2.4900758403904986 36.63533208069513 2.57
vertex 3.09005498608539 33.65428952661748 2.57
vertex 4.4014093627318704 36.61772501286293 2.57
endloop
endfacet
facet normal 7.817752609049123e-33 -1.592498664107766e-32 1.0
outer loop
vertex 4.4014093627318704 36.61772501286293 2.57
vertex 3.09005498608539 33.65428952661748 2.57
vertex 5.0789041217671285 33.65428952661748 2.57
endloop
endfacet
facet normal 7.817752609049123e-33 -1.592498664107766e-32 1.0
outer loop
vertex 4.4014093627318704 36.61772501286293 2.57
vertex 5.0789041217671285 33.65428952661748 2.57
vertex 6.354218476878098 36.59973587484267 2.57
endloop
endfacet
facet normal 7.817752609049123e-33 -1.592498664107766e-32 1.0
outer loop
vertex 6.354218476878098 36.59973587484267 2.57
vertex 5.0789041217671285 33.65428952661748 2.57
vertex 6.70668371070829 33.65428952661749 2.57
endloop
endfacet
facet normal 7.817752609049123e-33 -1.592498664107766e-32 1.0
outer loop
vertex 6.354218476878098 36.59973587484267 2.57
vertex 6.70668371070829 33.65428952661749 2.57
vertex 7.249400000000022 36.59148952661748 2.57
endloop
endfacet
facet normal 7.817752609049123e-33 -1.592498664107766e-32 1.0
outer loop
vertex 7.249400000000022 36.59148952661748 2.57
vertex 6.70668371070829 33.65428952661749 2.57
vertex 7.064649746810935 33.46629145396219 2.57
endloop
endfacet
facet normal 7.817752609049123e-33 -1.592498664107766e-32 1.0
outer loop
vertex 7.249400000000022 36.59148952661748 2.57
vertex 7.064649746810935 33.46629145396219 2.57
vertex 7.06969231752412 31.975067362047103 2.57
endloop
endfacet
facet normal 7.817752609049123e-33 -1.592498664107766e-32 1.0
outer loop
vertex 7.249400000000022 36.59148952661748 2.57
vertex 7.06969231752412 31.975067362047103 2.57
vertex 7.122160672039189 30.7115787349618 2.57
endloop
endfacet
facet normal 7.817752609049123e-33 -1.592498664107766e-32 1.0
outer loop
vertex 7.249400000000022 36.59148952661748 2.57
vertex 7.122160672039189 30.7115787349618 2.57
vertex 7.300918395147969 28.524874039170296 2.57
endloop
endfacet
facet normal 7.817752609049123e-33 -1.592498664107766e-32 1.0
outer loop
vertex 7.249400000000022 36.59148952661748 2.57
vertex 7.300918395147969 28.524874039170296 2.57
vertex 7.351456614764682 37.497163398569 2.57
endloop
endfacet
facet normal 7.817752609049123e-33 -1.592498664107766e-32 1.0
outer loop
vertex 7.351456614764682 37.497163398569 2.57
vertex 7.300918395147969 28.524874039170296 2.57
vertex 7.546418614786307 26.343502190711423 2.57
endloop
endfacet
facet normal 7.817752609049123e-33 -1.592498664107766e-32 1.0
outer loop
vertex 7.351456614764682 37.497163398569 2.57
vertex 7.546418614786307 26.343502190711423 2.57
vertex 7.475389603646461 38.40618611473599 2.57
endloop
endfacet
facet normal 7.817752609049123e-33 -1.592498664107766e-32 1.0
outer loop
vertex 7.475389603646461 38.40618611473599 2.57
vertex 7.546418614786307 26.343502190711423 2.57
vertex 7.621201448274724 39.318809563566674 2.57
endloop
endfacet
facet normal 7.817752609049123e-33 -1.592498664107766e-32 1.0
outer loop
vertex 7.621201448274724 39.318809563566674 2.57
vertex 7.546418614786307 26.343502190711423 2.57
vertex 7.806488502571034 24.16689723930094 2.57
endloop
endfacet
facet normal 7.817752609049123e-33 -1.592498664107766e-32 1.0
outer loop
vertex 7.621201448274724 39.318809563566674 2.57
vertex 7.806488502571034 24.16689723930094 2.57
vertex 7.788894630278856 40.23528563350884 2.57
endloop
endfacet
facet normal 7.817752609049123e-33 -1.592498664107766e-32 1.0
outer loop
vertex 7.788894630278856 40.23528563350884 2.57
vertex 7.806488502571034 24.16689723930094 2.57
vertex 7.978471631288208 41.155866213010235 2.57
endloop
endfacet
facet normal 7.817752609049123e-33 -1.592498664107766e-32 1.0
outer loop
vertex 7.978471631288208 41.155866213010235 2.57
vertex 7.806488502571034 24.16689723930094 2.57
vertex 8.087750917090606 21.817547485454796 2.57
endloop
endfacet
facet normal 7.817752609049123e-33 -1.592498664107766e-32 1.0
outer loop
vertex 7.978471631288208 41.155866213010235 2.57
vertex 8.087750917090606 21.817547485454796 2.57
vertex 8.189934932932166 42.080803190518644 2.57
endloop
endfacet
facet normal 7.817752609049123e-33 -1.592498664107766e-32 1.0
outer loop
vertex 8.189934932932166 42.080803190518644 2.57
vertex 8.087750917090606 21.817547485454796 2.57
vertex 8.317471078090266 32.37012031292618 2.57
endloop
endfacet
facet normal 7.817752609049123e-33 -1.592498664107766e-32 1.0
outer loop
vertex 8.317471078090266 32.37012031292618 2.57
vertex 8.087750917090606 21.817547485454796 2.57
vertex 8.56145195452285 19.347319062605685 2.57
endloop
endfacet
facet normal 7.817752609049123e-33 -1.592498664107766e-32 1.0
outer loop
vertex 8.317471078090266 32.37012031292618 2.57
vertex 8.56145195452285 19.347319062605685 2.57
vertex 8.430118357729738 29.9546978116901 2.57
endloop
endfacet
facet normal 7.817752609049123e-33 -1.592498664107766e-32 1.0
outer loop
vertex 8.430118357729738 29.9546978116901 2.57
vertex 8.56145195452285 19.347319062605685 2.57
vertex 8.643754119789005 27.72428764426045 2.57
endloop
endfacet
facet normal 7.817752609049123e-33 -1.592498664107766e-32 1.0
outer loop
vertex 8.643754119789005 27.72428764426045 2.57
vertex 8.56145195452285 19.347319062605685 2.57
vertex 9.220107705950323 16.924905926265954 2.57
endloop
endfacet
facet normal 7.817752609049123e-33 -1.592498664107766e-32 1.0
outer loop
vertex 8.643754119789005 27.72428764426045 2.57
vertex 9.220107705950323 16.924905926265954 2.57
vertex 8.907826526708757 25.496694337759678 2.57
endloop
endfacet
facet normal 7.817752609049123e-33 -1.592498664107766e-32 1.0
outer loop
vertex 8.907826526708757 25.496694337759678 2.57
vertex 9.220107705950323 16.924905926265954 2.57
vertex 9.168800000000017 23.268889526617468 2.57
endloop
endfacet
facet normal 7.817752609049123e-33 -1.592498664107766e-32 1.0
outer loop
vertex 9.168800000000017 23.268889526617468 2.57
vertex 9.220107705950323 16.924905926265954 2.57
vertex 9.594021747262707 20.61161248676095 2.57
endloop
endfacet
facet normal 7.817752609049123e-33 -1.592498664107766e-32 1.0
outer loop
vertex 9.594021747262707 20.61161248676095 2.57
vertex 9.220107705950323 16.924905926265954 2.57
vertex 10.04273397536907 14.55085387131616 2.57
endloop
endfacet
facet normal 7.817752609049123e-33 -1.592498664107766e-32 1.0
outer loop
vertex 9.594021747262707 20.61161248676095 2.57
vertex 10.04273397536907 14.55085387131616 2.57
vertex 10.200748086634867 18.310182772565007 2.57
endloop
endfacet
facet normal 7.817752609049123e-33 -1.592498664107766e-32 1.0
outer loop
vertex 10.200748086634867 18.310182772565007 2.57
vertex 10.04273397536907 14.55085387131616 2.57
vertex 11.352985748685908 11.186744982273895 2.57
endloop
endfacet
facet normal 7.817752609049123e-33 -1.592498664107766e-32 1.0
outer loop
vertex 10.200748086634867 18.310182772565007 2.57
vertex 11.352985748685908 11.186744982273895 2.57
vertex 10.944070856192758 16.030779671573615 2.57
endloop
endfacet
facet normal 7.817752609049123e-33 -1.592498664107766e-32 1.0
outer loop
vertex 10.944070856192758 16.030779671573615 2.57
vertex 11.352985748685908 11.186744982273895 2.57
vertex 11.85119326699307 13.268240168160457 2.57
endloop
endfacet
facet normal 7.817752609049123e-33 -1.592498664107766e-32 1.0
outer loop
vertex 11.85119326699307 13.268240168160457 2.57
vertex 11.352985748685908 11.186744982273895 2.57
vertex 13.3979141521696 7.947257982239237 2.57
endloop
endfacet
facet normal 7.817752609049123e-33 -1.592498664107766e-32 1.0
outer loop
vertex 11.85119326699307 13.268240168160457 2.57
vertex 13.3979141521696 7.947257982239237 2.57
vertex 13.412047554635235 10.043689312360499 2.57
endloop
endfacet
facet normal 7.817752609049123e-33 -1.592498664107766e-32 1.0
outer loop
vertex 13.412047554635235 10.043689312360499 2.57
vertex 13.3979141521696 7.947257982239237 2.57
vertex 15.961832820007167 5.560804835156244 2.57
endloop
endfacet
facet normal 7.817752609049123e-33 -1.592498664107766e-32 1.0
outer loop
vertex 13.412047554635235 10.043689312360499 2.57
vertex 15.961832820007167 5.560804835156244 2.57
vertex 15.57702197900312 7.485159368115065 2.57
endloop
endfacet
facet normal 7.817752609049123e-33 -1.592498664107766e-32 1.0
outer loop
vertex 15.57702197900312 7.485159368115065 2.57
vertex 15.961832820007167 5.560804835156244 2.57
vertex 18.39858047045689 5.527688086442477 2.57
endloop
endfacet
facet normal 7.817752609049123e-33 -1.592498664107766e-32 1.0
outer loop
vertex 18.39858047045689 5.527688086442477 2.57
vertex 15.961832820007167 5.560804835156244 2.57
vertex 18.949995115884846 3.8654968641278953 2.57
endloop
endfacet
facet normal 7.817752609049123e-33 -1.592498664107766e-32 1.0
outer loop
vertex 18.39858047045689 5.527688086442477 2.57
vertex 18.949995115884846 3.8654968641278953 2.57
vertex 22.917509311596397 3.7660907458424577 2.57
endloop
endfacet
facet normal 7.817752609049123e-33 -1.592498664107766e-32 1.0
outer loop
vertex 22.917509311596397 3.7660907458424577 2.57
vertex 18.949995115884846 3.8654968641278953 2.57
vertex 24.221103367401398 2.099069855354416 2.57
endloop
endfacet
facet normal 7.817752609049123e-33 -1.592498664107766e-32 1.0
outer loop
vertex 22.917509311596397 3.7660907458424577 2.57
vertex 24.221103367401398 2.099069855354416 2.57
vertex 29.197505899341337 2.416041727881706 2.57
endloop
endfacet
facet normal 7.817752609049123e-33 -1.592498664107766e-32 1.0
outer loop
vertex 29.197505899341337 2.416041727881706 2.57
vertex 24.221103367401398 2.099069855354416 2.57
vertex 30.511951339055077 1.0000548892533896 2.57
endloop
endfacet
facet normal 7.817752609049123e-33 -1.592498664107766e-32 1.0
outer loop
vertex 29.197505899341337 2.416041727881706 2.57
vertex 30.511951339055077 1.0000548892533896 2.57
vertex 35.55445499217539 2.031501791552862 2.57
endloop
endfacet
facet normal 7.817752609049123e-33 -1.592498664107766e-32 1.0
outer loop
vertex 35.55445499217539 2.031501791552862 2.57
vertex 30.511951339055077 1.0000548892533896 2.57
vertex 36.858228902923706 0.7999999999999873 2.57
endloop
endfacet
facet normal 7.817752609049123e-33 -1.592498664107766e-32 1.0
outer loop
vertex 35.55445499217539 2.031501791552862 2.57
vertex 36.858228902923706 0.7999999999999873 2.57
vertex 41.98191631297006 2.4417716925090054 2.57
endloop
endfacet
facet normal 7.817752609049123e-33 -1.592498664107766e-32 1.0
outer loop
vertex 41.98191631297006 2.4417716925090054 2.57
vertex 36.858228902923706 0.7999999999999873 2.57
vertex 43.253831808853135 1.3352894883124327 2.57
endloop
endfacet
facet normal 7.817752609049123e-33 -1.592498664107766e-32 1.0
outer loop
vertex 41.98191631297006 2.4417716925090054 2.57
vertex 43.253831808853135 1.3352894883124327 2.57
vertex 46.19872857518184 3.2862849904142517 2.57
endloop
endfacet
facet normal 7.817752609049123e-33 -1.592498664107766e-32 1.0
outer loop
vertex 46.19872857518184 3.2862849904142517 2.57
vertex 43.253831808853135 1.3352894883124327 2.57
vertex 47.20321949244599 2.313430738787831 2.57
endloop
endfacet
facet normal 7.817752609049123e-33 -1.592498664107766e-32 1.0
outer loop
vertex 46.19872857518184 3.2862849904142517 2.57
vertex 47.20321949244599 2.313430738787831 2.57
vertex 48.81452078431761 4.387456290803283 2.57
endloop
endfacet
facet normal 7.817752609049123e-33 -1.592498664107766e-32 1.0
outer loop
vertex 48.81452078431761 4.387456290803283 2.57
vertex 47.20321949244599 2.313430738787831 2.57
vertex 50.000737168561166 3.6012649239659433 2.57
endloop
endfacet
facet normal 7.817752609049123e-33 -1.592498664107766e-32 1.0
outer loop
vertex 48.81452078431761 4.387456290803283 2.57
vertex 50.000737168561166 3.6012649239659433 2.57
vertex 51.190693303016374 5.897421888787262 2.57
endloop
endfacet
facet normal 7.817752609049123e-33 -1.592498664107766e-32 1.0
outer loop
vertex 51.190693303016374 5.897421888787262 2.57
vertex 50.000737168561166 3.6012649239659433 2.57
vertex 52.37349516724499 5.243030733646563 2.57
endloop
endfacet
facet normal 7.817752609049123e-33 -1.592498664107766e-32 1.0
outer loop
vertex 51.190693303016374 5.897421888787262 2.57
vertex 52.37349516724499 5.243030733646563 2.57
vertex 53.190312954092015 7.89217684784929 2.57
endloop
endfacet
facet normal 7.817752609049123e-33 -1.592498664107766e-32 1.0
outer loop
vertex 53.190312954092015 7.89217684784929 2.57
vertex 52.37349516724499 5.243030733646563 2.57
vertex 54.2906226189501 7.264467376641332 2.57
endloop
endfacet
facet normal 7.817752609049123e-33 -1.592498664107766e-32 1.0
outer loop
vertex 53.190312954092015 7.89217684784929 2.57
vertex 54.2906226189501 7.264467376641332 2.57
vertex 55.49979786319639 11.562926448355583 2.57
endloop
endfacet
facet normal 7.817752609049123e-33 -1.592498664107766e-32 1.0
outer loop
vertex 55.49979786319639 11.562926448355583 2.57
vertex 54.2906226189501 7.264467376641332 2.57
vertex 57.36278086896557 12.385281452121772 2.57
endloop
endfacet
facet normal 7.817752609049123e-33 -1.592498664107766e-32 1.0
outer loop
vertex 55.49979786319639 11.562926448355583 2.57
vertex 57.36278086896557 12.385281452121772 2.57
vertex 57.52904453120801 15.704568100593539 2.57
endloop
endfacet
facet normal 7.817752609049123e-33 -1.592498664107766e-32 1.0
outer loop
vertex 57.52904453120801 15.704568100593539 2.57
vertex 57.36278086896557 12.385281452121772 2.57
vertex 59.84481247551617 18.258056167194884 2.57
endloop
endfacet
facet normal 7.817752609049123e-33 -1.592498664107766e-32 1.0
outer loop
vertex 57.52904453120801 15.704568100593539 2.57
vertex 59.84481247551617 18.258056167194884 2.57
vertex 59.07935602575187 19.99582246741681 2.57
endloop
endfacet
facet normal 7.817752609049123e-33 -1.592498664107766e-32 1.0
outer loop
vertex 59.07935602575187 19.99582246741681 2.57
vertex 59.84481247551617 18.258056167194884 2.57
vertex 60.14860000000001 24.43868952661747 2.57
endloop
endfacet
facet normal 7.817752609049123e-33 -1.592498664107766e-32 1.0
outer loop
vertex 60.14860000000001 24.43868952661747 2.57
vertex 59.84481247551617 18.258056167194884 2.57
vertex 61.40143052303482 24.304323990675258 2.57
endloop
endfacet
facet normal 7.817752609049123e-33 -1.592498664107766e-32 1.0
outer loop
vertex 60.14860000000001 24.43868952661747 2.57
vertex 61.40143052303482 24.304323990675258 2.57
vertex 60.174947339262296 28.450589526617467 2.57
endloop
endfacet
facet normal 7.817752609049123e-33 -1.592498664107766e-32 1.0
outer loop
vertex 60.174947339262296 28.450589526617467 2.57
vertex 61.40143052303482 24.304323990675258 2.57
vertex 60.525700000000015 28.450589526617478 2.57
endloop
endfacet
facet normal 7.817752609049123e-33 -1.592498664107766e-32 1.0
outer loop
vertex 60.525700000000015 28.450589526617478 2.57
vertex 61.40143052303482 24.304323990675258 2.57
vertex 60.590317714540646 28.448002551251065 2.57
endloop
endfacet
facet normal 7.817752609049123e-33 -1.592498664107766e-32 1.0
outer loop
vertex 60.590317714540646 28.448002551251065 2.57
vertex 61.40143052303482 24.304323990675258 2.57
vertex 60.63264808431228 28.443460434724187 2.57
endloop
endfacet
facet normal 7.817752609049123e-33 -1.592498664107766e-32 1.0
outer loop
vertex 60.63264808431228 28.443460434724187 2.57
vertex 61.40143052303482 24.304323990675258 2.57
vertex 60.674328941680656 28.436728130057286 2.57
endloop
endfacet
facet normal 7.817752609049123e-33 -1.592498664107766e-32 1.0
outer loop
vertex 60.674328941680656 28.436728130057286 2.57
vertex 61.40143052303482 24.304323990675258 2.57
vertex 60.7102329682058 28.71426056395235 2.57
endloop
endfacet
facet normal 7.817752609049123e-33 -1.592498664107766e-32 1.0
outer loop
vertex 60.7102329682058 28.71426056395235 2.57
vertex 61.40143052303482 24.304323990675258 2.57
vertex 60.76138671328027 29.416616019253837 2.57
endloop
endfacet
facet normal 7.817752609049123e-33 -1.592498664107766e-32 1.0
outer loop
vertex 60.76138671328027 29.416616019253837 2.57
vertex 61.40143052303482 24.304323990675258 2.57
vertex 60.80157092382608 30.122466107038022 2.57
endloop
endfacet
facet normal 7.817752609049123e-33 -1.592498664107766e-32 1.0
outer loop
vertex 60.80157092382608 30.122466107038022 2.57
vertex 61.40143052303482 24.304323990675258 2.57
vertex 60.83078560211106 30.831843650115115 2.57
endloop
endfacet
facet normal 7.817752609049123e-33 -1.592498664107766e-32 1.0
outer loop
vertex 63.254094324178055 33.149485585951304 2.57
vertex 63.32381055659924 34.16552032342076 2.57
vertex 63.295596150305386 35.603741342793704 2.57
endloop
endfacet
facet normal 7.817752609049123e-33 -1.592498664107766e-32 1.0
outer loop
vertex 63.32381055659924 34.16552032342076 2.57
vertex 63.254094324178055 33.149485585951304 2.57
vertex 63.337932553489374 33.44637330743946 2.57
endloop
endfacet
facet normal 7.817752609049123e-33 -1.592498664107766e-32 1.0
outer loop
vertex 63.295596150305386 35.603741342793704 2.57
vertex 63.32381055659924 34.16552032342076 2.57
vertex 63.30970504008982 34.884639676596024 2.57
endloop
endfacet
facet normal 7.817752609049123e-33 -1.592498664107766e-32 1.0
outer loop
vertex 78.3179609067754 33.215326474204645 2.57
vertex 78.28018239787743 34.36904788591161 2.57
vertex 78.26606707561163 33.64990950779809 2.57
endloop
endfacet
facet normal 7.817752609049123e-33 -1.592498664107766e-32 1.0
outer loop
vertex 78.28018239787743 34.36904788591161 2.57
vertex 78.3179609067754 33.215326474204645 2.57
vertex 78.29428685492267 35.08816123033671 2.57
endloop
endfacet
facet normal 7.817752609049123e-33 -1.592498664107766e-32 1.0
outer loop
vertex 78.29428685492267 35.08816123033671 2.57
vertex 78.3179609067754 33.215326474204645 2.57
vertex 78.30840030040308 35.807259516912374 2.57
endloop
endfacet
facet normal 7.817752609049123e-33 -1.592498664107766e-32 1.0
outer loop
vertex 57.701695406839825 25.03906353563654 2.57
vertex 57.67580000000002 25.98045172945468 2.57
vertex 57.67580000000002 25.31539199027309 2.57
endloop
endfacet
facet normal 7.817752609049123e-33 -1.592498664107766e-32 1.0
outer loop
vertex 57.67580000000002 25.98045172945468 2.57
vertex 57.701695406839825 25.03906353563654 2.57
vertex 57.67580000000002 26.908727659854787 2.57
endloop
endfacet
facet normal 7.817752609049123e-33 -1.592498664107766e-32 1.0
outer loop
vertex 57.67580000000002 26.908727659854787 2.57
vertex 57.701695406839825 25.03906353563654 2.57
vertex 57.67580000000002 27.573787198991973 2.57
endloop
endfacet
facet normal 7.817752609049123e-33 -1.592498664107766e-32 1.0
outer loop
vertex 57.67580000000002 27.573787198991973 2.57
vertex 57.701695406839825 25.03906353563654 2.57
vertex 57.701695441547464 27.850155911598893 2.57
endloop
endfacet
facet normal 7.817752609049123e-33 -1.592498664107766e-32 1.0
outer loop
vertex 57.701695441547464 27.850155911598893 2.57
vertex 57.701695406839825 25.03906353563654 2.57
vertex 57.84685414840121 24.747219287099025 2.57
endloop
endfacet
facet normal 7.817752609049123e-33 -1.592498664107766e-32 1.0
outer loop
vertex 57.701695441547464 27.850155911598893 2.57
vertex 57.84685414840121 24.747219287099025 2.57
vertex 57.84685423497389 28.1420404682783 2.57
endloop
endfacet
facet normal 7.817752609049123e-33 -1.592498664107766e-32 1.0
outer loop
vertex 57.84685423497389 28.1420404682783 2.57
vertex 57.84685414840121 24.747219287099025 2.57
vertex 58.0929212173908 24.537849888249344 2.57
endloop
endfacet
facet normal 7.817752609049123e-33 -1.592498664107766e-32 1.0
outer loop
vertex 57.84685423497389 28.1420404682783 2.57
vertex 58.0929212173908 24.537849888249344 2.57
vertex 58.09292133162031 28.35142608348838 2.57
endloop
endfacet
facet normal 7.817752609049123e-33 -1.592498664107766e-32 1.0
outer loop
vertex 58.09292133162031 28.35142608348838 2.57
vertex 58.0929212173908 24.537849888249344 2.57
vertex 58.409214303877114 24.44164860286577 2.57
endloop
endfacet
facet normal 7.817752609049123e-33 -1.592498664107766e-32 1.0
outer loop
vertex 58.09292133162031 28.35142608348838 2.57
vertex 58.409214303877114 24.44164860286577 2.57
vertex 58.40921440224923 28.447630447297673 2.57
endloop
endfacet
facet normal 7.817752609049123e-33 -1.592498664107766e-32 1.0
outer loop
vertex 58.40921440224923 28.447630447297673 2.57
vertex 58.409214303877114 24.44164860286577 2.57
vertex 58.66913055809653 24.43868952661747 2.57
endloop
endfacet
facet normal 7.817752609049123e-33 -1.592498664107766e-32 1.0
outer loop
vertex 58.40921440224923 28.447630447297673 2.57
vertex 58.66913055809653 24.43868952661747 2.57
vertex 58.71223411576033 28.450589526617478 2.57
endloop
endfacet
facet normal 7.817752609049123e-33 -1.592498664107766e-32 1.0
outer loop
vertex 58.71223411576033 28.450589526617478 2.57
vertex 58.66913055809653 24.43868952661747 2.57
vertex 59.24752390989706 24.43868952661747 2.57
endloop
endfacet
facet normal 7.817752609049123e-33 -1.592498664107766e-32 1.0
outer loop
vertex 58.71223411576033 28.450589526617478 2.57
vertex 59.24752390989706 24.43868952661747 2.57
vertex 59.42120225980465 28.450589526617478 2.57
endloop
endfacet
facet normal 7.817752609049123e-33 -1.592498664107766e-32 1.0
outer loop
vertex 59.42120225980465 28.450589526617478 2.57
vertex 59.24752390989706 24.43868952661747 2.57
vertex 59.86244744849336 24.43868952661749 2.57
endloop
endfacet
facet normal 7.817752609049123e-33 -1.592498664107766e-32 1.0
outer loop
vertex 59.42120225980465 28.450589526617478 2.57
vertex 59.86244744849336 24.43868952661749 2.57
vertex 60.174947339262296 28.450589526617467 2.57
endloop
endfacet
facet normal 7.817752609049123e-33 -1.592498664107766e-32 1.0
outer loop
vertex 60.174947339262296 28.450589526617467 2.57
vertex 59.86244744849336 24.43868952661749 2.57
vertex 60.14860000000001 24.43868952661747 2.57
endloop
endfacet
facet normal 7.817752609049123e-33 -1.592498664107766e-32 1.0
outer loop
vertex 8.317471078090266 32.37012031292618 2.57
vertex 8.42328701684006 43.01034845448183 2.57
vertex 8.189934932932166 42.080803190518644 2.57
endloop
endfacet
facet normal 7.817752609049123e-33 -1.592498664107766e-32 1.0
outer loop
vertex 8.42328701684006 43.01034845448183 2.57
vertex 8.317471078090266 32.37012031292618 2.57
vertex 8.413382200210053 35.48745275801641 2.57
endloop
endfacet
facet normal 7.817752609049123e-33 -1.592498664107766e-32 1.0
outer loop
vertex 8.42328701684006 43.01034845448183 2.57
vertex 8.413382200210053 35.48745275801641 2.57
vertex 8.771667626816535 38.574162033252456 2.57
endloop
endfacet
facet normal 7.817752609049123e-33 -1.592498664107766e-32 1.0
outer loop
vertex 8.42328701684006 43.01034845448183 2.57
vertex 8.771667626816535 38.574162033252456 2.57
vertex 8.747705893217818 44.12757652046775 2.57
endloop
endfacet
facet normal 7.817752609049123e-33 -1.592498664107766e-32 1.0
outer loop
vertex 8.747705893217818 44.12757652046775 2.57
vertex 8.771667626816535 38.574162033252456 2.57
vertex 9.770029839148785 45.99452477770309 2.57
endloop
endfacet
facet normal 7.817752609049123e-33 -1.592498664107766e-32 1.0
outer loop
vertex 9.770029839148785 45.99452477770309 2.57
vertex 8.771667626816535 38.574162033252456 2.57
vertex 9.372710826371534 41.62900168281861 2.57
endloop
endfacet
facet normal 7.817752609049123e-33 -1.592498664107766e-32 1.0
outer loop
vertex 9.770029839148785 45.99452477770309 2.57
vertex 9.372710826371534 41.62900168281861 2.57
vertex 10.138723060756167 44.2078829766123 2.57
endloop
endfacet
facet normal 7.817752609049123e-33 -1.592498664107766e-32 1.0
outer loop
vertex 9.770029839148785 45.99452477770309 2.57
vertex 10.138723060756167 44.2078829766123 2.57
vertex 11.284380823557502 47.40018094650969 2.57
endloop
endfacet
facet normal 7.817752609049123e-33 -1.592498664107766e-32 1.0
outer loop
vertex 11.284380823557502 47.40018094650969 2.57
vertex 10.138723060756167 44.2078829766123 2.57
vertex 11.21835124077681 45.732163437823246 2.57
endloop
endfacet
facet normal 7.817752609049123e-33 -1.592498664107766e-32 1.0
outer loop
vertex 11.284380823557502 47.40018094650969 2.57
vertex 11.21835124077681 45.732163437823246 2.57
vertex 12.701103190289206 46.78471911144882 2.57
endloop
endfacet
facet normal 7.817752609049123e-33 -1.592498664107766e-32 1.0
outer loop
vertex 11.284380823557502 47.40018094650969 2.57
vertex 12.701103190289206 46.78471911144882 2.57
vertex 13.251132877199899 48.381699530676954 2.57
endloop
endfacet
facet normal 7.817752609049123e-33 -1.592498664107766e-32 1.0
outer loop
vertex 13.251132877199899 48.381699530676954 2.57
vertex 12.701103190289206 46.78471911144882 2.57
vertex 14.488972684318213 47.454830520197156 2.57
endloop
endfacet
facet normal 7.817752609049123e-33 -1.592498664107766e-32 1.0
outer loop
vertex 13.251132877199899 48.381699530676954 2.57
vertex 14.488972684318213 47.454830520197156 2.57
vertex 15.970105790346542 48.99525815814322 2.57
endloop
endfacet
facet normal 7.817752609049123e-33 -1.592498664107766e-32 1.0
outer loop
vertex 15.970105790346542 48.99525815814322 2.57
vertex 14.488972684318213 47.454830520197156 2.57
vertex 18.097320434769582 47.97966119152936 2.57
endloop
endfacet
facet normal 7.817752609049123e-33 -1.592498664107766e-32 1.0
outer loop
vertex 15.970105790346542 48.99525815814322 2.57
vertex 18.097320434769582 47.97966119152936 2.57
vertex 20.236681397597316 49.429438359961125 2.57
endloop
endfacet
facet normal 7.817752609049123e-33 -1.592498664107766e-32 1.0
outer loop
vertex 20.236681397597316 49.429438359961125 2.57
vertex 18.097320434769582 47.97966119152936 2.57
vertex 22.87123952300547 48.362840655129915 2.57
endloop
endfacet
facet normal 7.817752609049123e-33 -1.592498664107766e-32 1.0
outer loop
vertex 20.236681397597316 49.429438359961125 2.57
vertex 22.87123952300547 48.362840655129915 2.57
vertex 24.861857727474657 49.707657354098885 2.57
endloop
endfacet
facet normal 7.817752609049123e-33 -1.592498664107766e-32 1.0
outer loop
vertex 24.861857727474657 49.707657354098885 2.57
vertex 22.87123952300547 48.362840655129915 2.57
vertex 27.671797559236424 48.55617681689213 2.57
endloop
endfacet
facet normal 7.817752609049123e-33 -1.592498664107766e-32 1.0
outer loop
vertex 24.861857727474657 49.707657354098885 2.57
vertex 27.671797559236424 48.55617681689213 2.57
vertex 29.80755756463464 49.846512040816684 2.57
endloop
endfacet
facet normal 7.817752609049123e-33 -1.592498664107766e-32 1.0
outer loop
vertex 29.80755756463464 49.846512040816684 2.57
vertex 27.671797559236424 48.55617681689213 2.57
vertex 32.446487005062615 48.61457200212659 2.57
endloop
endfacet
facet normal 7.817752609049123e-33 -1.592498664107766e-32 1.0
outer loop
vertex 29.80755756463464 49.846512040816684 2.57
vertex 32.446487005062615 48.61457200212659 2.57
vertex 34.98015078279277 49.77727195727953 2.57
endloop
endfacet
facet normal 7.817752609049123e-33 -1.592498664107766e-32 1.0
outer loop
vertex 34.98015078279277 49.77727195727953 2.57
vertex 32.446487005062615 48.61457200212659 2.57
vertex 37.57291828590029 48.339154987493266 2.57
endloop
endfacet
facet normal 7.817752609049123e-33 -1.592498664107766e-32 1.0
outer loop
vertex 34.98015078279277 49.77727195727953 2.57
vertex 37.57291828590029 48.339154987493266 2.57
vertex 40.10327977557059 49.386798594172795 2.57
endloop
endfacet
facet normal 7.817752609049123e-33 -1.592498664107766e-32 1.0
outer loop
vertex 40.10327977557059 49.386798594172795 2.57
vertex 37.57291828590029 48.339154987493266 2.57
vertex 42.78618988880384 47.8546245601232 2.57
endloop
endfacet
facet normal 7.817752609049123e-33 -1.592498664107766e-32 1.0
outer loop
vertex 40.10327977557059 49.386798594172795 2.57
vertex 42.78618988880384 47.8546245601232 2.57
vertex 45.202364940566284 48.82818192853695 2.57
endloop
endfacet
facet normal 7.817752609049123e-33 -1.592498664107766e-32 1.0
outer loop
vertex 45.202364940566284 48.82818192853695 2.57
vertex 42.78618988880384 47.8546245601232 2.57
vertex 47.97415485175278 47.16385773800812 2.57
endloop
endfacet
facet normal 7.817752609049123e-33 -1.592498664107766e-32 1.0
outer loop
vertex 45.202364940566284 48.82818192853695 2.57
vertex 47.97415485175278 47.16385773800812 2.57
vertex 50.27024974323292 48.051145049394265 2.57
endloop
endfacet
facet normal 7.817752609049123e-33 -1.592498664107766e-32 1.0
outer loop
vertex 50.27024974323292 48.051145049394265 2.57
vertex 47.97415485175278 47.16385773800812 2.57
vertex 53.12250000000001 46.212389526617464 2.57
endloop
endfacet
facet normal 7.817752609049123e-33 -1.592498664107766e-32 1.0
outer loop
vertex 50.27024974323292 48.051145049394265 2.57
vertex 53.12250000000001 46.212389526617464 2.57
vertex 54.936710613814355 46.98750796406133 2.57
endloop
endfacet
facet normal 7.817752609049123e-33 -1.592498664107766e-32 1.0
outer loop
vertex 54.936710613814355 46.98750796406133 2.57
vertex 53.12250000000001 46.212389526617464 2.57
vertex 56.3814922256611 45.03061041379708 2.57
endloop
endfacet
facet normal 7.817752609049123e-33 -1.592498664107766e-32 1.0
outer loop
vertex 54.936710613814355 46.98750796406133 2.57
vertex 56.3814922256611 45.03061041379708 2.57
vertex 58.30648751342168 45.32769004244235 2.57
endloop
endfacet
facet normal 7.817752609049123e-33 -1.592498664107766e-32 1.0
outer loop
vertex 58.30648751342168 45.32769004244235 2.57
vertex 56.3814922256611 45.03061041379708 2.57
vertex 58.86237050906075 43.18777690085377 2.57
endloop
endfacet
facet normal 7.817752609049123e-33 -1.592498664107766e-32 1.0
outer loop
vertex 58.30648751342168 45.32769004244235 2.57
vertex 58.86237050906075 43.18777690085377 2.57
vertex 60.63403144816607 42.94530708798936 2.57
endloop
endfacet
facet normal 7.817752609049123e-33 -1.592498664107766e-32 1.0
outer loop
vertex 60.63403144816607 42.94530708798936 2.57
vertex 58.86237050906075 43.18777690085377 2.57
vertex 60.3826145195699 40.53669919788811 2.57
endloop
endfacet
facet normal 7.817752609049123e-33 -1.592498664107766e-32 1.0
outer loop
vertex 60.63403144816607 42.94530708798936 2.57
vertex 60.3826145195699 40.53669919788811 2.57
vertex 60.78527088351282 37.39260553336858 2.57
endloop
endfacet
facet normal 7.817752609049123e-33 -1.592498664107766e-32 1.0
outer loop
vertex 60.63403144816607 42.94530708798936 2.57
vertex 60.78527088351282 37.39260553336858 2.57
vertex 61.85836534114182 39.79804313617544 2.57
endloop
endfacet
facet normal 7.817752609049123e-33 -1.592498664107766e-32 1.0
outer loop
vertex 61.85836534114182 39.79804313617544 2.57
vertex 60.78527088351282 37.39260553336858 2.57
vertex 60.794396191088595 35.65637152861362 2.57
endloop
endfacet
facet normal 7.817752609049123e-33 -1.592498664107766e-32 1.0
outer loop
vertex 61.85836534114182 39.79804313617544 2.57
vertex 60.794396191088595 35.65637152861362 2.57
vertex 60.809852598680685 33.89991293336748 2.57
endloop
endfacet
facet normal 7.817752609049123e-33 -1.592498664107766e-32 1.0
outer loop
vertex 61.85836534114182 39.79804313617544 2.57
vertex 60.809852598680685 33.89991293336748 2.57
vertex 60.828294137193765 32.150905025621114 2.57
endloop
endfacet
facet normal 7.817752609049123e-33 -1.592498664107766e-32 1.0
outer loop
vertex 61.85836534114182 39.79804313617544 2.57
vertex 60.828294137193765 32.150905025621114 2.57
vertex 60.83078560211106 30.831843650115115 2.57
endloop
endfacet
facet normal 7.817752609049123e-33 -1.592498664107766e-32 1.0
outer loop
vertex 61.85836534114182 39.79804313617544 2.57
vertex 60.83078560211106 30.831843650115115 2.57
vertex 61.40143052303482 24.304323990675258 2.57
endloop
endfacet
facet normal 7.817752609049123e-33 -1.592498664107766e-32 1.0
outer loop
vertex 61.85836534114182 39.79804313617544 2.57
vertex 61.40143052303482 24.304323990675258 2.57
vertex 62.075179197244694 30.516114527905764 2.57
endloop
endfacet
facet normal 7.817752609049123e-33 -1.592498664107766e-32 1.0
outer loop
vertex 61.85836534114182 39.79804313617544 2.57
vertex 62.075179197244694 30.516114527905764 2.57
vertex 62.124000039863475 37.73698952661748 2.57
endloop
endfacet
facet normal 7.817752609049123e-33 -1.592498664107766e-32 1.0
outer loop
vertex 62.124000039863475 37.73698952661748 2.57
vertex 62.075179197244694 30.516114527905764 2.57
vertex 62.107337252333615 31.36471122323689 2.57
endloop
endfacet
facet normal 7.817752609049123e-33 -1.592498664107766e-32 1.0
outer loop
vertex 62.124000039863475 37.73698952661748 2.57
vertex 62.107337252333615 31.36471122323689 2.57
vertex 62.14866203100753 31.653232527506063 2.57
endloop
endfacet
facet normal 7.817752609049123e-33 -1.592498664107766e-32 1.0
outer loop
vertex 62.124000039863475 37.73698952661748 2.57
vertex 62.14866203100753 31.653232527506063 2.57
vertex 62.31082509717269 37.73698952661748 2.57
endloop
endfacet
facet normal 7.817752609049123e-33 -1.592498664107766e-32 1.0
outer loop
vertex 62.31082509717269 37.73698952661748 2.57
vertex 62.14866203100753 31.653232527506063 2.57
vertex 62.19159133208582 31.942218911641234 2.57
endloop
endfacet
facet normal 7.817752609049123e-33 -1.592498664107766e-32 1.0
outer loop
vertex 62.31082509717269 37.73698952661748 2.57
vertex 62.19159133208582 31.942218911641234 2.57
vertex 62.20812294653882 32.2237988059906 2.57
endloop
endfacet
facet normal 7.817752609049123e-33 -1.592498664107766e-32 1.0
outer loop
vertex 62.31082509717269 37.73698952661748 2.57
vertex 62.20812294653882 32.2237988059906 2.57
vertex 62.40729519006007 32.28505199216913 2.57
endloop
endfacet
facet normal 7.817752609049123e-33 -1.592498664107766e-32 1.0
outer loop
vertex 62.31082509717269 37.73698952661748 2.57
vertex 62.40729519006007 32.28505199216913 2.57
vertex 62.497650122701316 37.736989526617485 2.57
endloop
endfacet
facet normal 7.817752609049123e-33 -1.592498664107766e-32 1.0
outer loop
vertex 62.497650122701316 37.736989526617485 2.57
vertex 62.40729519006007 32.28505199216913 2.57
vertex 62.583402209917594 32.33460104334308 2.57
endloop
endfacet
facet normal 7.817752609049123e-33 -1.592498664107766e-32 1.0
outer loop
vertex 62.497650122701316 37.736989526617485 2.57
vertex 62.583402209917594 32.33460104334308 2.57
vertex 62.68447512930718 37.736989526617485 2.57
endloop
endfacet
facet normal 7.817752609049123e-33 -1.592498664107766e-32 1.0
outer loop
vertex 62.68447512930718 37.736989526617485 2.57
vertex 62.583402209917594 32.33460104334308 2.57
vertex 62.760057067632395 32.384298432329516 2.57
endloop
endfacet
facet normal 7.817752609049123e-33 -1.592498664107766e-32 1.0
outer loop
vertex 62.68447512930718 37.736989526617485 2.57
vertex 62.760057067632395 32.384298432329516 2.57
vertex 62.997559452943776 38.21685518496059 2.57
endloop
endfacet
facet normal 7.817752609049123e-33 -1.592498664107766e-32 1.0
outer loop
vertex 62.997559452943776 38.21685518496059 2.57
vertex 62.760057067632395 32.384298432329516 2.57
vertex 62.957985989569536 32.451556254067285 2.57
endloop
endfacet
facet normal 7.817752609049123e-33 -1.592498664107766e-32 1.0
outer loop
vertex 62.997559452943776 38.21685518496059 2.57
vertex 62.957985989569536 32.451556254067285 2.57
vertex 63.05667496135177 32.684187980206296 2.57
endloop
endfacet
facet normal 7.817752609049123e-33 -1.592498664107766e-32 1.0
outer loop
vertex 62.997559452943776 38.21685518496059 2.57
vertex 63.05667496135177 32.684187980206296 2.57
vertex 63.47164568606911 38.95838456590868 2.57
endloop
endfacet
facet normal 7.817752609049123e-33 -1.592498664107766e-32 1.0
outer loop
vertex 63.47164568606911 38.95838456590868 2.57
vertex 63.05667496135177 32.684187980206296 2.57
vertex 63.295596150305386 35.603741342793704 2.57
endloop
endfacet
facet normal 7.817752609049123e-33 -1.592498664107766e-32 1.0
outer loop
vertex 63.295596150305386 35.603741342793704 2.57
vertex 63.05667496135177 32.684187980206296 2.57
vertex 63.1553744285076 32.91683770305874 2.57
endloop
endfacet
facet normal 7.817752609049123e-33 -1.592498664107766e-32 1.0
outer loop
vertex 63.295596150305386 35.603741342793704 2.57
vertex 63.1553744285076 32.91683770305874 2.57
vertex 63.254094324178055 33.149485585951304 2.57
endloop
endfacet
facet normal 7.817752609049123e-33 -1.592498664107766e-32 1.0
outer loop
vertex 63.47164568606911 38.95838456590868 2.57
vertex 63.295596150305386 35.603741342793704 2.57
vertex 63.37492392774663 36.31957379624454 2.57
endloop
endfacet
facet normal 7.817752609049123e-33 -1.592498664107766e-32 1.0
outer loop
vertex 63.47164568606911 38.95838456590868 2.57
vertex 63.37492392774663 36.31957379624454 2.57
vertex 63.856746822571054 36.93164202150818 2.57
endloop
endfacet
facet normal 7.817752609049123e-33 -1.592498664107766e-32 1.0
outer loop
vertex 63.47164568606911 38.95838456590868 2.57
vertex 63.856746822571054 36.93164202150818 2.57
vertex 64.01936560702555 39.44545063972407 2.57
endloop
endfacet
facet normal 7.817752609049123e-33 -1.592498664107766e-32 1.0
outer loop
vertex 64.01936560702555 39.44545063972407 2.57
vertex 63.856746822571054 36.93164202150818 2.57
vertex 64.41943981204997 37.382006147956545 2.57
endloop
endfacet
facet normal 7.817752609049123e-33 -1.592498664107766e-32 1.0
outer loop
vertex 64.01936560702555 39.44545063972407 2.57
vertex 64.41943981204997 37.382006147956545 2.57
vertex 64.65313708626509 39.635102230963945 2.57
endloop
endfacet
facet normal 7.817752609049123e-33 -1.592498664107766e-32 1.0
outer loop
vertex 64.65313708626509 39.635102230963945 2.57
vertex 64.41943981204997 37.382006147956545 2.57
vertex 65.07013007361242 37.65644170822311 2.57
endloop
endfacet
facet normal 7.817752609049123e-33 -1.592498664107766e-32 1.0
outer loop
vertex 64.65313708626509 39.635102230963945 2.57
vertex 65.07013007361242 37.65644170822311 2.57
vertex 65.83375425487037 39.61848952661748 2.57
endloop
endfacet
facet normal 7.817752609049123e-33 -1.592498664107766e-32 1.0
outer loop
vertex 65.83375425487037 39.61848952661748 2.57
vertex 65.07013007361242 37.65644170822311 2.57
vertex 65.97016118039139 37.73698952661748 2.57
endloop
endfacet
facet normal 7.817752609049123e-33 -1.592498664107766e-32 1.0
outer loop
vertex 65.83375425487037 39.61848952661748 2.57
vertex 65.97016118039139 37.73698952661748 2.57
vertex 67.32927197632219 39.61848952661748 2.57
endloop
endfacet
facet normal 7.817752609049123e-33 -1.592498664107766e-32 1.0
outer loop
vertex 67.32927197632219 39.61848952661748 2.57
vertex 65.97016118039139 37.73698952661748 2.57
vertex 67.29646229742781 37.73698952661747 2.57
endloop
endfacet
facet normal 7.817752609049123e-33 -1.592498664107766e-32 1.0
outer loop
vertex 67.32927197632219 39.61848952661748 2.57
vertex 67.29646229742781 37.73698952661747 2.57
vertex 68.62278975209885 37.73698952661748 2.57
endloop
endfacet
facet normal 7.817752609049123e-33 -1.592498664107766e-32 1.0
outer loop
vertex 67.32927197632219 39.61848952661748 2.57
vertex 68.62278975209885 37.73698952661748 2.57
vertex 68.82478945890931 39.61848952661747 2.57
endloop
endfacet
facet normal 7.817752609049123e-33 -1.592498664107766e-32 1.0
outer loop
vertex 68.82478945890931 39.61848952661747 2.57
vertex 68.62278975209885 37.73698952661748 2.57
vertex 69.94913370934894 37.73698952661748 2.57
endloop
endfacet
facet normal 7.817752609049123e-33 -1.592498664107766e-32 1.0
outer loop
vertex 68.82478945890931 39.61848952661747 2.57
vertex 69.94913370934894 37.73698952661748 2.57
vertex 70.3203068055573 39.61848952661747 2.57
endloop
endfacet
facet normal 7.817752609049123e-33 -1.592498664107766e-32 1.0
outer loop
vertex 70.3203068055573 39.61848952661747 2.57
vertex 69.94913370934894 37.73698952661748 2.57
vertex 71.27548313949417 37.73698952661748 2.57
endloop
endfacet
facet normal 7.817752609049123e-33 -1.592498664107766e-32 1.0
outer loop
vertex 70.3203068055573 39.61848952661747 2.57
vertex 71.27548313949417 37.73698952661748 2.57
vertex 71.81582352750377 39.61848952661748 2.57
endloop
endfacet
facet normal 7.817752609049123e-33 -1.592498664107766e-32 1.0
outer loop
vertex 71.81582352750377 39.61848952661748 2.57
vertex 71.27548313949417 37.73698952661748 2.57
vertex 72.60182958623493 37.736989526617485 2.57
endloop
endfacet
facet normal 7.817752609049123e-33 -1.592498664107766e-32 1.0
outer loop
vertex 71.81582352750377 39.61848952661748 2.57
vertex 72.60182958623493 37.736989526617485 2.57
vertex 73.3113412273372 39.61848952661748 2.57
endloop
endfacet
facet normal 7.817752609049123e-33 -1.592498664107766e-32 1.0
outer loop
vertex 73.3113412273372 39.61848952661748 2.57
vertex 72.60182958623493 37.736989526617485 2.57
vertex 73.92816267215161 37.73698952661748 2.57
endloop
endfacet
facet normal 7.817752609049123e-33 -1.592498664107766e-32 1.0
outer loop
vertex 73.3113412273372 39.61848952661748 2.57
vertex 73.92816267215161 37.73698952661748 2.57
vertex 74.80685869607392 39.61848952661748 2.57
endloop
endfacet
facet normal 7.817752609049123e-33 -1.592498664107766e-32 1.0
outer loop
vertex 74.80685869607392 39.61848952661748 2.57
vertex 73.92816267215161 37.73698952661748 2.57
vertex 75.25447256217817 37.73698952661748 2.57
endloop
endfacet
facet normal 7.817752609049123e-33 -1.592498664107766e-32 1.0
outer loop
vertex 74.80685869607392 39.61848952661748 2.57
vertex 75.25447256217817 37.73698952661748 2.57
vertex 76.30237603663944 39.61848952661747 2.57
endloop
endfacet
facet normal 7.817752609049123e-33 -1.592498664107766e-32 1.0
outer loop
vertex 76.30237603663944 39.61848952661747 2.57
vertex 75.25447256217817 37.73698952661748 2.57
vertex 76.32875019774555 37.70020545830088 2.57
endloop
endfacet
facet normal 7.817752609049123e-33 -1.592498664107766e-32 1.0
outer loop
vertex 76.30237603663944 39.61848952661747 2.57
vertex 76.32875019774555 37.70020545830088 2.57
vertex 77.18474081746588 39.604015089016485 2.57
endloop
endfacet
facet normal 7.817752609049123e-33 -1.592498664107766e-32 1.0
outer loop
vertex 77.18474081746588 39.604015089016485 2.57
vertex 76.32875019774555 37.70020545830088 2.57
vertex 77.00563925748975 37.47814383262627 2.57
endloop
endfacet
facet normal 7.817752609049123e-33 -1.592498664107766e-32 1.0
outer loop
vertex 77.18474081746588 39.604015089016485 2.57
vertex 77.00563925748975 37.47814383262627 2.57
vertex 77.5925140981434 37.076127779871086 2.57
endloop
endfacet
facet normal 7.817752609049123e-33 -1.592498664107766e-32 1.0
outer loop
vertex 77.18474081746588 39.604015089016485 2.57
vertex 77.5925140981434 37.076127779871086 2.57
vertex 77.78623575377462 39.302804007921424 2.57
endloop
endfacet
facet normal 7.817752609049123e-33 -1.592498664107766e-32 1.0
outer loop
vertex 77.78623575377462 39.302804007921424 2.57
vertex 77.5925140981434 37.076127779871086 2.57
vertex 78.09650185054447 36.50838167425118 2.57
endloop
endfacet
facet normal 7.817752609049123e-33 -1.592498664107766e-32 1.0
outer loop
vertex 77.78623575377462 39.302804007921424 2.57
vertex 78.09650185054447 36.50838167425118 2.57
vertex 78.30613067242467 38.71957616409768 2.57
endloop
endfacet
facet normal 7.817752609049123e-33 -1.592498664107766e-32 1.0
outer loop
vertex 78.30613067242467 38.71957616409768 2.57
vertex 78.09650185054447 36.50838167425118 2.57
vertex 78.30840030040308 35.807259516912374 2.57
endloop
endfacet
facet normal 7.817752609049123e-33 -1.592498664107766e-32 1.0
outer loop
vertex 78.30613067242467 38.71957616409768 2.57
vertex 78.30840030040308 35.807259516912374 2.57
vertex 78.7568434865555 37.897282880516 2.57
endloop
endfacet
facet normal 7.817752609049123e-33 -1.592498664107766e-32 1.0
outer loop
vertex 78.7568434865555 37.897282880516 2.57
vertex 78.30840030040308 35.807259516912374 2.57
vertex 78.3179609067754 33.215326474204645 2.57
endloop
endfacet
facet normal 7.817752609049123e-33 -1.592498664107766e-32 1.0
outer loop
vertex 78.7568434865555 37.897282880516 2.57
vertex 78.3179609067754 33.215326474204645 2.57
vertex 78.41668836418457 32.982682768728374 2.57
endloop
endfacet
facet normal 7.817752609049123e-33 -1.592498664107766e-32 1.0
outer loop
vertex 78.7568434865555 37.897282880516 2.57
vertex 78.41668836418457 32.982682768728374 2.57
vertex 78.51539260847179 32.750031546290586 2.57
endloop
endfacet
facet normal 7.817752609049123e-33 -1.592498664107766e-32 1.0
outer loop
vertex 78.7568434865555 37.897282880516 2.57
vertex 78.51539260847179 32.750031546290586 2.57
vertex 78.61408357276751 32.51739264356462 2.57
endloop
endfacet
facet normal 7.817752609049123e-33 -1.592498664107766e-32 1.0
outer loop
vertex 78.7568434865555 37.897282880516 2.57
vertex 78.61408357276751 32.51739264356462 2.57
vertex 78.78597761446235 32.39947694563218 2.57
endloop
endfacet
facet normal 7.817752609049123e-33 -1.592498664107766e-32 1.0
outer loop
vertex 78.7568434865555 37.897282880516 2.57
vertex 78.78597761446235 32.39947694563218 2.57
vertex 78.98250006604017 37.73698952661748 2.57
endloop
endfacet
facet normal 7.817752609049123e-33 -1.592498664107766e-32 1.0
outer loop
vertex 78.98250006604017 37.73698952661748 2.57
vertex 78.78597761446235 32.39947694563218 2.57
vertex 78.96787155859835 32.34831022295236 2.57
endloop
endfacet
facet normal 7.817752609049123e-33 -1.592498664107766e-32 1.0
outer loop
vertex 78.98250006604017 37.73698952661748 2.57
vertex 78.96787155859835 32.34831022295236 2.57
vertex 79.14129253893805 32.299516829106445 2.57
endloop
endfacet
facet normal 7.817752609049123e-33 -1.592498664107766e-32 1.0
outer loop
vertex 78.98250006604017 37.73698952661748 2.57
vertex 79.14129253893805 32.299516829106445 2.57
vertex 79.16932510984617 37.736989526617485 2.57
endloop
endfacet
facet normal 7.817752609049123e-33 -1.592498664107766e-32 1.0
outer loop
vertex 79.16932510984617 37.736989526617485 2.57
vertex 79.14129253893805 32.299516829106445 2.57
vertex 79.33424277955221 32.24523509749096 2.57
endloop
endfacet
facet normal 7.817752609049123e-33 -1.592498664107766e-32 1.0
outer loop
vertex 79.16932510984617 37.736989526617485 2.57
vertex 79.33424277955221 32.24523509749096 2.57
vertex 79.3561501267236 37.73698952661747 2.57
endloop
endfacet
facet normal 7.817752609049123e-33 -1.592498664107766e-32 1.0
outer loop
vertex 79.3561501267236 37.73698952661747 2.57
vertex 79.33424277955221 32.24523509749096 2.57
vertex 79.39983652494989 32.023004640783135 2.57
endloop
endfacet
facet normal 7.817752609049123e-33 -1.592498664107766e-32 1.0
outer loop
vertex 79.3561501267236 37.73698952661747 2.57
vertex 79.39983652494989 32.023004640783135 2.57
vertex 79.54297512953028 37.73698952661747 2.57
endloop
endfacet
facet normal 7.817752609049123e-33 -1.592498664107766e-32 1.0
outer loop
vertex 79.54297512953028 37.73698952661747 2.57
vertex 79.39983652494989 32.023004640783135 2.57
vertex 79.43813585565694 31.735315846610682 2.57
endloop
endfacet
facet normal 7.817752609049123e-33 -1.592498664107766e-32 1.0
outer loop
vertex 79.54297512953028 37.73698952661747 2.57
vertex 79.43813585565694 31.735315846610682 2.57
vertex 79.48275584467342 31.44586424712756 2.57
endloop
endfacet
facet normal 7.817752609049123e-33 -1.592498664107766e-32 1.0
outer loop
vertex 79.54297512953028 37.73698952661747 2.57
vertex 79.48275584467342 31.44586424712756 2.57
vertex 79.50569428295917 31.162521411996092 2.57
endloop
endfacet
facet normal 7.817752609049123e-33 -1.592498664107766e-32 1.0
outer loop
vertex 79.54297512953028 37.73698952661747 2.57
vertex 79.50569428295917 31.162521411996092 2.57
vertex 79.92015536907826 26.045936263620455 2.57
endloop
endfacet
facet normal 7.817752609049123e-33 -1.592498664107766e-32 1.0
outer loop
vertex 79.54297512953028 37.73698952661747 2.57
vertex 79.92015536907826 26.045936263620455 2.57
vertex 80.04985613304373 41.016925144720275 2.57
endloop
endfacet
facet normal 7.817752609049123e-33 -1.592498664107766e-32 1.0
outer loop
vertex 80.04985613304373 41.016925144720275 2.57
vertex 79.92015536907826 26.045936263620455 2.57
vertex 81.22258706164338 19.952014615086313 2.57
endloop
endfacet
facet normal 7.817752609049123e-33 -1.592498664107766e-32 1.0
outer loop
vertex 80.04985613304373 41.016925144720275 2.57
vertex 81.22258706164338 19.952014615086313 2.57
vertex 80.78536743318116 30.408157436961268 2.57
endloop
endfacet
facet normal 7.817752609049123e-33 -1.592498664107766e-32 1.0
outer loop
vertex 80.04985613304373 41.016925144720275 2.57
vertex 80.78536743318116 30.408157436961268 2.57
vertex 80.76060000000001 31.11658952661748 2.57
endloop
endfacet
facet normal 7.817752609049123e-33 -1.592498664107766e-32 1.0
outer loop
vertex 80.78536743318116 30.408157436961268 2.57
vertex 81.22258706164338 19.952014615086313 2.57
vertex 80.82102904878259 29.703254800108567 2.57
endloop
endfacet
facet normal 7.817752609049123e-33 -1.592498664107766e-32 1.0
outer loop
vertex 80.82102904878259 29.703254800108567 2.57
vertex 81.22258706164338 19.952014615086313 2.57
vertex 80.86757382089122 29.001859564233214 2.57
endloop
endfacet
facet normal 7.817752609049123e-33 -1.592498664107766e-32 1.0
outer loop
vertex 80.86757382089122 29.001859564233214 2.57
vertex 81.22258706164338 19.952014615086313 2.57
vertex 80.93010275472378 28.45058952661748 2.57
endloop
endfacet
facet normal 7.817752609049123e-33 -1.592498664107766e-32 1.0
outer loop
vertex 80.93010275472378 28.45058952661748 2.57
vertex 81.22258706164338 19.952014615086313 2.57
vertex 81.40117828117505 28.450589526617478 2.57
endloop
endfacet
facet normal 7.817752609049123e-33 -1.592498664107766e-32 1.0
outer loop
vertex 81.40117828117505 28.450589526617478 2.57
vertex 81.22258706164338 19.952014615086313 2.57
vertex 81.59858549827642 24.43868952661747 2.57
endloop
endfacet
facet normal 7.817752609049123e-33 -1.592498664107766e-32 1.0
outer loop
vertex 81.59858549827642 24.43868952661747 2.57
vertex 81.22258706164338 19.952014615086313 2.57
vertex 81.6867175879506 23.251428973073477 2.57
endloop
endfacet
facet normal 7.817752609049123e-33 -1.592498664107766e-32 1.0
outer loop
vertex 81.6867175879506 23.251428973073477 2.57
vertex 81.22258706164338 19.952014615086313 2.57
vertex 83.43839191942318 14.029328668507842 2.57
endloop
endfacet
facet normal 7.817752609049123e-33 -1.592498664107766e-32 1.0
outer loop
vertex 81.6867175879506 23.251428973073477 2.57
vertex 83.43839191942318 14.029328668507842 2.57
vertex 82.88711072364202 18.836746067878984 2.57
endloop
endfacet
facet normal 7.817752609049123e-33 -1.592498664107766e-32 1.0
outer loop
vertex 82.88711072364202 18.836746067878984 2.57
vertex 83.43839191942318 14.029328668507842 2.57
vertex 84.57067573866492 14.573983873884213 2.57
endloop
endfacet
facet normal 7.817752609049123e-33 -1.592498664107766e-32 1.0
outer loop
vertex 84.57067573866492 14.573983873884213 2.57
vertex 83.43839191942318 14.029328668507842 2.57
vertex 86.61011462500731 8.2858489116928 2.57
endloop
endfacet
facet normal 7.817752609049123e-33 -1.592498664107766e-32 1.0
outer loop
vertex 84.57067573866492 14.573983873884213 2.57
vertex 86.61011462500731 8.2858489116928 2.57
vertex 86.73526267380309 10.461124551158866 2.57
endloop
endfacet
facet normal 7.817752609049123e-33 -1.592498664107766e-32 1.0
outer loop
vertex 86.73526267380309 10.461124551158866 2.57
vertex 86.61011462500731 8.2858489116928 2.57
vertex 88.63635177641014 5.775499331883374 2.57
endloop
endfacet
facet normal 7.817752609049123e-33 -1.592498664107766e-32 1.0
outer loop
vertex 86.73526267380309 10.461124551158866 2.57
vertex 88.63635177641014 5.775499331883374 2.57
vertex 88.91419580873514 7.290935708680167 2.57
endloop
endfacet
facet normal 7.817752609049123e-33 -1.592498664107766e-32 1.0
outer loop
vertex 88.91419580873514 7.290935708680167 2.57
vertex 88.63635177641014 5.775499331883374 2.57
vertex 90.88328908120243 4.028890899844969 2.57
endloop
endfacet
facet normal 7.817752609049123e-33 -1.592498664107766e-32 1.0
outer loop
vertex 88.91419580873514 7.290935708680167 2.57
vertex 90.88328908120243 4.028890899844969 2.57
vertex 91.03743348134674 5.432605238460332 2.57
endloop
endfacet
facet normal 7.817752609049123e-33 -1.592498664107766e-32 1.0
outer loop
vertex 91.03743348134674 5.432605238460332 2.57
vertex 90.88328908120243 4.028890899844969 2.57
vertex 93.56372377608679 2.643498358316499 2.57
endloop
endfacet
facet normal 7.817752609049123e-33 -1.592498664107766e-32 1.0
outer loop
vertex 91.03743348134674 5.432605238460332 2.57
vertex 93.56372377608679 2.643498358316499 2.57
vertex 93.50107027477775 4.040533963749939 2.57
endloop
endfacet
facet normal 7.817752609049123e-33 -1.592498664107766e-32 1.0
outer loop
vertex 93.50107027477775 4.040533963749939 2.57
vertex 93.56372377608679 2.643498358316499 2.57
vertex 96.16702872686558 3.0380917691287395 2.57
endloop
endfacet
facet normal 7.817752609049123e-33 -1.592498664107766e-32 1.0
outer loop
vertex 96.16702872686558 3.0380917691287395 2.57
vertex 93.56372377608679 2.643498358316499 2.57
vertex 96.64678522442925 1.5935826925632517 2.57
endloop
endfacet
facet normal 7.817752609049123e-33 -1.592498664107766e-32 1.0
outer loop
vertex 96.16702872686558 3.0380917691287395 2.57
vertex 96.64678522442925 1.5935826925632517 2.57
vertex 101.46387723166788 2.2531776327417 2.57
endloop
endfacet
facet normal 7.817752609049123e-33 -1.592498664107766e-32 1.0
outer loop
vertex 101.46387723166788 2.2531776327417 2.57
vertex 96.64678522442925 1.5935826925632517 2.57
vertex 102.936427581059 0.8839891266577715 2.57
endloop
endfacet
facet normal 7.817752609049123e-33 -1.592498664107766e-32 1.0
outer loop
vertex 101.46387723166788 2.2531776327417 2.57
vertex 102.936427581059 0.8839891266577715 2.57
vertex 107.88952398714525 2.053418454589458 2.57
endloop
endfacet
facet normal 7.817752609049123e-33 -1.592498664107766e-32 1.0
outer loop
vertex 107.88952398714525 2.053418454589458 2.57
vertex 102.936427581059 0.8839891266577715 2.57
vertex 109.29728367603498 0.8593264821749615 2.57
endloop
endfacet
facet normal 7.817752609049123e-33 -1.592498664107766e-32 1.0
outer loop
vertex 107.88952398714525 2.053418454589458 2.57
vertex 109.29728367603498 0.8593264821749615 2.57
vertex 114.24239534653046 2.7024783067020506 2.57
endloop
endfacet
facet normal 7.817752609049123e-33 -1.592498664107766e-32 1.0
outer loop
vertex 114.24239534653046 2.7024783067020506 2.57
vertex 109.29728367603498 0.8593264821749615 2.57
vertex 115.6044395110048 1.6873176005968318 2.57
endloop
endfacet
facet normal 7.817752609049123e-33 -1.592498664107766e-32 1.0
outer loop
vertex 114.24239534653046 2.7024783067020506 2.57
vertex 115.6044395110048 1.6873176005968318 2.57
vertex 120.5159972061267 4.3724828739488855 2.57
endloop
endfacet
facet normal 7.817752609049123e-33 -1.592498664107766e-32 1.0
outer loop
vertex 120.5159972061267 4.3724828739488855 2.57
vertex 115.6044395110048 1.6873176005968318 2.57
vertex 121.74036181880494 3.488807838444645 2.57
endloop
endfacet
facet normal 7.817752609049123e-33 -1.592498664107766e-32 1.0
outer loop
vertex 120.5159972061267 4.3724828739488855 2.57
vertex 121.74036181880494 3.488807838444645 2.57
vertex 124.11173351944504 6.050568100234569 2.57
endloop
endfacet
facet normal 7.817752609049123e-33 -1.592498664107766e-32 1.0
outer loop
vertex 124.11173351944504 6.050568100234569 2.57
vertex 121.74036181880494 3.488807838444645 2.57
vertex 124.83139013104717 5.017899863259768 2.57
endloop
endfacet
facet normal 7.817752609049123e-33 -1.592498664107766e-32 1.0
outer loop
vertex 124.11173351944504 6.050568100234569 2.57
vertex 124.83139013104717 5.017899863259768 2.57
vertex 126.73902458819397 8.186651440346338 2.57
endloop
endfacet
facet normal 7.817752609049123e-33 -1.592498664107766e-32 1.0
outer loop
vertex 126.73902458819397 8.186651440346338 2.57
vertex 124.83139013104717 5.017899863259768 2.57
vertex 127.52499086778856 7.192319705539164 2.57
endloop
endfacet
facet normal 7.817752609049123e-33 -1.592498664107766e-32 1.0
outer loop
vertex 126.73902458819397 8.186651440346338 2.57
vertex 127.52499086778856 7.192319705539164 2.57
vertex 128.7219055754317 10.946734378745303 2.57
endloop
endfacet
facet normal 7.817752609049123e-33 -1.592498664107766e-32 1.0
outer loop
vertex 128.7219055754317 10.946734378745303 2.57
vertex 127.52499086778856 7.192319705539164 2.57
vertex 129.72641713070882 10.17395647163235 2.57
endloop
endfacet
facet normal 7.817752609049123e-33 -1.592498664107766e-32 1.0
outer loop
vertex 128.7219055754317 10.946734378745303 2.57
vertex 129.72641713070882 10.17395647163235 2.57
vertex 130.08309701217337 14.284421221311808 2.57
endloop
endfacet
facet normal 7.817752609049123e-33 -1.592498664107766e-32 1.0
outer loop
vertex 130.08309701217337 14.284421221311808 2.57
vertex 129.72641713070882 10.17395647163235 2.57
vertex 131.29757554067584 13.887806403023898 2.57
endloop
endfacet
facet normal 7.817752609049123e-33 -1.592498664107766e-32 1.0
outer loop
vertex 130.08309701217337 14.284421221311808 2.57
vertex 131.29757554067584 13.887806403023898 2.57
vertex 130.89698561929657 16.75131907691179 2.57
endloop
endfacet
facet normal 7.817752609049123e-33 -1.592498664107766e-32 1.0
outer loop
vertex 130.89698561929657 16.75131907691179 2.57
vertex 131.29757554067584 13.887806403023898 2.57
vertex 131.60475215425421 19.008188910187634 2.57
endloop
endfacet
facet normal 7.817752609049123e-33 -1.592498664107766e-32 1.0
outer loop
vertex 131.60475215425421 19.008188910187634 2.57
vertex 131.29757554067584 13.887806403023898 2.57
vertex 132.16279852674387 16.24807135585764 2.57
endloop
endfacet
facet normal 7.817752609049123e-33 -1.592498664107766e-32 1.0
outer loop
vertex 131.60475215425421 19.008188910187634 2.57
vertex 132.16279852674387 16.24807135585764 2.57
vertex 132.16111318054388 21.39164099804076 2.57
endloop
endfacet
facet normal 7.817752609049123e-33 -1.592498664107766e-32 1.0
outer loop
vertex 132.16111318054388 21.39164099804076 2.57
vertex 132.16279852674387 16.24807135585764 2.57
vertex 132.51025618724086 23.974567520860877 2.57
endloop
endfacet
facet normal 7.817752609049123e-33 -1.592498664107766e-32 1.0
outer loop
vertex 132.51025618724086 23.974567520860877 2.57
vertex 132.16279852674387 16.24807135585764 2.57
vertex 132.86999018479588 18.65685249372325 2.57
endloop
endfacet
facet normal 7.817752609049123e-33 -1.592498664107766e-32 1.0
outer loop
vertex 132.51025618724086 23.974567520860877 2.57
vertex 132.86999018479588 18.65685249372325 2.57
vertex 132.7787525081198 26.208164916450173 2.57
endloop
endfacet
facet normal 7.817752609049123e-33 -1.592498664107766e-32 1.0
outer loop
vertex 132.7787525081198 26.208164916450173 2.57
vertex 132.86999018479588 18.65685249372325 2.57
vertex 133.03316817578903 28.442522016688844 2.57
endloop
endfacet
facet normal 7.817752609049123e-33 -1.592498664107766e-32 1.0
outer loop
vertex 133.03316817578903 28.442522016688844 2.57
vertex 132.86999018479588 18.65685249372325 2.57
vertex 133.39816622383583 21.113604047697752 2.57
endloop
endfacet
facet normal 7.817752609049123e-33 -1.592498664107766e-32 1.0
outer loop
vertex 133.03316817578903 28.442522016688844 2.57
vertex 133.39816622383583 21.113604047697752 2.57
vertex 133.2195203040846 30.680693059892803 2.57
endloop
endfacet
facet normal 7.817752609049123e-33 -1.592498664107766e-32 1.0
outer loop
vertex 133.2195203040846 30.680693059892803 2.57
vertex 133.39816622383583 21.113604047697752 2.57
vertex 133.2812017384487 33.39520985663516 2.57
endloop
endfacet
facet normal 7.817752609049123e-33 -1.592498664107766e-32 1.0
outer loop
vertex 134.5406297413406 32.82782155898972 2.57
vertex 134.5374638346625 33.3253567145098 2.57
vertex 134.53705173083733 32.33093824810098 2.57
endloop
endfacet
facet normal 7.817752609049123e-33 -1.592498664107766e-32 1.0
outer loop
vertex 80.04985613304373 41.016925144720275 2.57
vertex 80.9307214202076 39.294477032781636 2.57
vertex 81.67669338320269 43.885120323480486 2.57
endloop
endfacet
facet normal 7.817752609049123e-33 -1.592498664107766e-32 1.0
outer loop
vertex 80.9307214202076 39.294477032781636 2.57
vertex 80.04985613304373 41.016925144720275 2.57
vertex 80.8142527466623 37.2374158925458 2.57
endloop
endfacet
facet normal 7.817752609049123e-33 -1.592498664107766e-32 1.0
outer loop
vertex 80.8142527466623 37.2374158925458 2.57
vertex 80.04985613304373 41.016925144720275 2.57
vertex 80.76060000000001 31.11658952661748 2.57
endloop
endfacet
facet normal 7.817752609049123e-33 -1.592498664107766e-32 1.0
outer loop
vertex 80.8142527466623 37.2374158925458 2.57
vertex 80.76060000000001 31.11658952661748 2.57
vertex 80.76985241022658 31.97988559827433 2.57
endloop
endfacet
facet normal 7.817752609049123e-33 -1.592498664107766e-32 1.0
outer loop
vertex 80.8142527466623 37.2374158925458 2.57
vertex 80.76985241022658 31.97988559827433 2.57
vertex 80.77927847839658 32.85269810307356 2.57
endloop
endfacet
facet normal 7.817752609049123e-33 -1.592498664107766e-32 1.0
outer loop
vertex 80.8142527466623 37.2374158925458 2.57
vertex 80.77927847839658 32.85269810307356 2.57
vertex 80.78845646331754 33.73153872011066 2.57
endloop
endfacet
facet normal 7.817752609049123e-33 -1.592498664107766e-32 1.0
outer loop
vertex 80.8142527466623 37.2374158925458 2.57
vertex 80.78845646331754 33.73153872011066 2.57
vertex 80.79696462379704 34.612919128481046 2.57
endloop
endfacet
facet normal 7.817752609049123e-33 -1.592498664107766e-32 1.0
outer loop
vertex 80.8142527466623 37.2374158925458 2.57
vertex 80.79696462379704 34.612919128481046 2.57
vertex 80.80438121864263 35.493351007280104 2.57
endloop
endfacet
facet normal 7.817752609049123e-33 -1.592498664107766e-32 1.0
outer loop
vertex 80.8142527466623 37.2374158925458 2.57
vertex 80.80438121864263 35.493351007280104 2.57
vertex 80.81028450666187 36.369346035603215 2.57
endloop
endfacet
facet normal 7.817752609049123e-33 -1.592498664107766e-32 1.0
outer loop
vertex 81.67669338320269 43.885120323480486 2.57
vertex 80.9307214202076 39.294477032781636 2.57
vertex 82.04516035825195 42.29624456345094 2.57
endloop
endfacet
facet normal 7.817752609049123e-33 -1.592498664107766e-32 1.0
outer loop
vertex 81.67669338320269 43.885120323480486 2.57
vertex 82.04516035825195 42.29624456345094 2.57
vertex 84.38488036487794 46.00360371801598 2.57
endloop
endfacet
facet normal 7.817752609049123e-33 -1.592498664107766e-32 1.0
outer loop
vertex 84.38488036487794 46.00360371801598 2.57
vertex 82.04516035825195 42.29624456345094 2.57
vertex 84.1944033932133 44.429768111223495 2.57
endloop
endfacet
facet normal 7.817752609049123e-33 -1.592498664107766e-32 1.0
outer loop
vertex 84.38488036487794 46.00360371801598 2.57
vertex 84.1944033932133 44.429768111223495 2.57
vertex 87.1944058843944 45.84346767809228 2.57
endloop
endfacet
facet normal 7.817752609049123e-33 -1.592498664107766e-32 1.0
outer loop
vertex 84.38488036487794 46.00360371801598 2.57
vertex 87.1944058843944 45.84346767809228 2.57
vertex 88.11343941889088 47.4146916965485 2.57
endloop
endfacet
facet normal 7.817752609049123e-33 -1.592498664107766e-32 1.0
outer loop
vertex 88.11343941889088 47.4146916965485 2.57
vertex 87.1944058843944 45.84346767809228 2.57
vertex 91.73276116948296 46.848137312427006 2.57
endloop
endfacet
facet normal 7.817752609049123e-33 -1.592498664107766e-32 1.0
outer loop
vertex 88.11343941889088 47.4146916965485 2.57
vertex 91.73276116948296 46.848137312427006 2.57
vertex 93.14250671095552 48.35798520608242 2.57
endloop
endfacet
facet normal 7.817752609049123e-33 -1.592498664107766e-32 1.0
outer loop
vertex 93.14250671095552 48.35798520608242 2.57
vertex 91.73276116948296 46.848137312427006 2.57
vertex 96.92228521791193 47.629997145309346 2.57
endloop
endfacet
facet normal 7.817752609049123e-33 -1.592498664107766e-32 1.0
outer loop
vertex 93.14250671095552 48.35798520608242 2.57
vertex 96.92228521791193 47.629997145309346 2.57
vertex 98.2224001528284 49.05093915251263 2.57
endloop
endfacet
facet normal 7.817752609049123e-33 -1.592498664107766e-32 1.0
outer loop
vertex 98.2224001528284 49.05093915251263 2.57
vertex 96.92228521791193 47.629997145309346 2.57
vertex 102.14249409040363 48.184543772620586 2.57
endloop
endfacet
facet normal 7.817752609049123e-33 -1.592498664107766e-32 1.0
outer loop
vertex 98.2224001528284 49.05093915251263 2.57
vertex 102.14249409040363 48.184543772620586 2.57
vertex 103.33092702679193 49.54349655304575 2.57
endloop
endfacet
facet normal 7.817752609049123e-33 -1.592498664107766e-32 1.0
outer loop
vertex 103.33092702679193 49.54349655304575 2.57
vertex 102.14249409040363 48.184543772620586 2.57
vertex 107.37895499725605 48.56669732285512 2.57
endloop
endfacet
facet normal 7.817752609049123e-33 -1.592498664107766e-32 1.0
outer loop
vertex 103.33092702679193 49.54349655304575 2.57
vertex 107.37895499725605 48.56669732285512 2.57
vertex 108.46862324687058 49.86990466393665 2.57
endloop
endfacet
facet normal 7.817752609049123e-33 -1.592498664107766e-32 1.0
outer loop
vertex 108.46862324687058 49.86990466393665 2.57
vertex 107.37895499725605 48.56669732285512 2.57
vertex 112.22485314473126 48.589557286023584 2.57
endloop
endfacet
facet normal 7.817752609049123e-33 -1.592498664107766e-32 1.0
outer loop
vertex 108.46862324687058 49.86990466393665 2.57
vertex 112.22485314473126 48.589557286023584 2.57
vertex 113.59989510473015 49.81171471409195 2.57
endloop
endfacet
facet normal 7.817752609049123e-33 -1.592498664107766e-32 1.0
outer loop
vertex 113.59989510473015 49.81171471409195 2.57
vertex 112.22485314473126 48.589557286023584 2.57
vertex 117.0355683715237 48.449892087513824 2.57
endloop
endfacet
facet normal 7.817752609049123e-33 -1.592498664107766e-32 1.0
outer loop
vertex 113.59989510473015 49.81171471409195 2.57
vertex 117.0355683715237 48.449892087513824 2.57
vertex 118.43506889562167 49.62480751163961 2.57
endloop
endfacet
facet normal 7.817752609049123e-33 -1.592498664107766e-32 1.0
outer loop
vertex 118.43506889562167 49.62480751163961 2.57
vertex 117.0355683715237 48.449892087513824 2.57
vertex 121.83812300792606 48.13880351025171 2.57
endloop
endfacet
facet normal 7.817752609049123e-33 -1.592498664107766e-32 1.0
outer loop
vertex 118.43506889562167 49.62480751163961 2.57
vertex 121.83812300792606 48.13880351025171 2.57
vertex 122.93606758277939 49.29258623397125 2.57
endloop
endfacet
facet normal 7.817752609049123e-33 -1.592498664107766e-32 1.0
outer loop
vertex 122.93606758277939 49.29258623397125 2.57
vertex 121.83812300792606 48.13880351025171 2.57
vertex 126.43680959737745 47.61439543690641 2.57
endloop
endfacet
facet normal 7.817752609049123e-33 -1.592498664107766e-32 1.0
outer loop
vertex 122.93606758277939 49.29258623397125 2.57
vertex 126.43680959737745 47.61439543690641 2.57
vertex 126.8673506612833 48.805259794014106 2.57
endloop
endfacet
facet normal 7.817752609049123e-33 -1.592498664107766e-32 1.0
outer loop
vertex 126.8673506612833 48.805259794014106 2.57
vertex 126.43680959737745 47.61439543690641 2.57
vertex 128.31256445802927 47.054196417522114 2.57
endloop
endfacet
facet normal 7.817752609049123e-33 -1.592498664107766e-32 1.0
outer loop
vertex 126.8673506612833 48.805259794014106 2.57
vertex 128.31256445802927 47.054196417522114 2.57
vertex 129.103458704461 48.07626614945217 2.57
endloop
endfacet
facet normal 7.817752609049123e-33 -1.592498664107766e-32 1.0
outer loop
vertex 129.103458704461 48.07626614945217 2.57
vertex 128.31256445802927 47.054196417522114 2.57
vertex 129.9154498351973 46.14034875600931 2.57
endloop
endfacet
facet normal 7.817752609049123e-33 -1.592498664107766e-32 1.0
outer loop
vertex 129.103458704461 48.07626614945217 2.57
vertex 129.9154498351973 46.14034875600931 2.57
vertex 130.91258543600713 46.94697001477676 2.57
endloop
endfacet
facet normal 7.817752609049123e-33 -1.592498664107766e-32 1.0
outer loop
vertex 130.91258543600713 46.94697001477676 2.57
vertex 129.9154498351973 46.14034875600931 2.57
vertex 131.1466405123752 44.782825857485314 2.57
endloop
endfacet
facet normal 7.817752609049123e-33 -1.592498664107766e-32 1.0
outer loop
vertex 130.91258543600713 46.94697001477676 2.57
vertex 131.1466405123752 44.782825857485314 2.57
vertex 132.2551051351003 45.38021711910132 2.57
endloop
endfacet
facet normal 7.817752609049123e-33 -1.592498664107766e-32 1.0
outer loop
vertex 132.2551051351003 45.38021711910132 2.57
vertex 131.1466405123752 44.782825857485314 2.57
vertex 131.97419279312487 42.64839326103393 2.57
endloop
endfacet
facet normal 7.817752609049123e-33 -1.592498664107766e-32 1.0
outer loop
vertex 132.2551051351003 45.38021711910132 2.57
vertex 131.97419279312487 42.64839326103393 2.57
vertex 132.65398900230554 39.59604456647557 2.57
endloop
endfacet
facet normal 7.817752609049123e-33 -1.592498664107766e-32 1.0
outer loop
vertex 132.2551051351003 45.38021711910132 2.57
vertex 132.65398900230554 39.59604456647557 2.57
vertex 133.06863604866624 43.41523260080912 2.57
endloop
endfacet
facet normal 7.817752609049123e-33 -1.592498664107766e-32 1.0
outer loop
vertex 133.06863604866624 43.41523260080912 2.57
vertex 132.65398900230554 39.59604456647557 2.57
vertex 133.0962521369755 36.51123113969584 2.57
endloop
endfacet
facet normal 7.817752609049123e-33 -1.592498664107766e-32 1.0
outer loop
vertex 133.06863604866624 43.41523260080912 2.57
vertex 133.0962521369755 36.51123113969584 2.57
vertex 133.5324498263188 41.556702639553095 2.57
endloop
endfacet
facet normal 7.817752609049123e-33 -1.592498664107766e-32 1.0
outer loop
vertex 133.5324498263188 41.556702639553095 2.57
vertex 133.0962521369755 36.51123113969584 2.57
vertex 133.2812017384487 33.39520985663516 2.57
endloop
endfacet
facet normal 7.817752609049123e-33 -1.592498664107766e-32 1.0
outer loop
vertex 133.5324498263188 41.556702639553095 2.57
vertex 133.2812017384487 33.39520985663516 2.57
vertex 133.39816622383583 21.113604047697752 2.57
endloop
endfacet
facet normal 7.817752609049123e-33 -1.592498664107766e-32 1.0
outer loop
vertex 133.5324498263188 41.556702639553095 2.57
vertex 133.39816622383583 21.113604047697752 2.57
vertex 133.72446996668015 23.551662534431134 2.57
endloop
endfacet
facet normal 7.817752609049123e-33 -1.592498664107766e-32 1.0
outer loop
vertex 133.5324498263188 41.556702639553095 2.57
vertex 133.72446996668015 23.551662534431134 2.57
vertex 133.9087139628413 39.7160359395826 2.57
endloop
endfacet
facet normal 7.817752609049123e-33 -1.592498664107766e-32 1.0
outer loop
vertex 133.9087139628413 39.7160359395826 2.57
vertex 133.72446996668015 23.551662534431134 2.57
vertex 133.9791907880079 25.727020364663087 2.57
endloop
endfacet
facet normal 7.817752609049123e-33 -1.592498664107766e-32 1.0
outer loop
vertex 133.9087139628413 39.7160359395826 2.57
vertex 133.9791907880079 25.727020364663087 2.57
vertex 134.19744835892237 37.89121732256855 2.57
endloop
endfacet
facet normal 7.817752609049123e-33 -1.592498664107766e-32 1.0
outer loop
vertex 134.19744835892237 37.89121732256855 2.57
vertex 133.9791907880079 25.727020364663087 2.57
vertex 134.23410794692734 27.90698550409346 2.57
endloop
endfacet
facet normal 7.817752609049123e-33 -1.592498664107766e-32 1.0
outer loop
vertex 134.19744835892237 37.89121732256855 2.57
vertex 134.23410794692734 27.90698550409346 2.57
vertex 134.43282403744584 36.592246968575054 2.57
endloop
endfacet
facet normal 7.817752609049123e-33 -1.592498664107766e-32 1.0
outer loop
vertex 134.43282403744584 36.592246968575054 2.57
vertex 134.23410794692734 27.90698550409346 2.57
vertex 134.43704859335898 30.09212390573167 2.57
endloop
endfacet
facet normal 7.817752609049123e-33 -1.592498664107766e-32 1.0
outer loop
vertex 134.43282403744584 36.592246968575054 2.57
vertex 134.43704859335898 30.09212390573167 2.57
vertex 134.5374638346625 33.3253567145098 2.57
endloop
endfacet
facet normal 7.817752609049123e-33 -1.592498664107766e-32 1.0
outer loop
vertex 134.43282403744584 36.592246968575054 2.57
vertex 134.5374638346625 33.3253567145098 2.57
vertex 134.64507196424523 33.65428952661747 2.57
endloop
endfacet
facet normal 7.817752609049123e-33 -1.592498664107766e-32 1.0
outer loop
vertex 134.43282403744584 36.592246968575054 2.57
vertex 134.64507196424523 33.65428952661747 2.57
vertex 135.73884927770536 36.60427797976543 2.57
endloop
endfacet
facet normal 7.817752609049123e-33 -1.592498664107766e-32 1.0
outer loop
vertex 134.5374638346625 33.3253567145098 2.57
vertex 134.43704859335898 30.09212390573167 2.57
vertex 134.5266801731116 31.834676968436924 2.57
endloop
endfacet
facet normal 7.817752609049123e-33 -1.592498664107766e-32 1.0
outer loop
vertex 134.5374638346625 33.3253567145098 2.57
vertex 134.5266801731116 31.834676968436924 2.57
vertex 134.53705173083733 32.33093824810098 2.57
endloop
endfacet
facet normal 7.817752609049123e-33 -1.592498664107766e-32 1.0
outer loop
vertex 135.73884927770536 36.60427797976543 2.57
vertex 134.64507196424523 33.65428952661747 2.57
vertex 135.9776359215451 33.654289526617475 2.57
endloop
endfacet
facet normal 7.817752609049123e-33 -1.592498664107766e-32 1.0
outer loop
vertex 135.73884927770536 36.60427797976543 2.57
vertex 135.9776359215451 33.654289526617475 2.57
vertex 137.7914351924342 36.62318625454302 2.57
endloop
endfacet
facet normal 7.817752609049123e-33 -1.592498664107766e-32 1.0
outer loop
vertex 137.7914351924342 36.62318625454302 2.57
vertex 135.9776359215451 33.654289526617475 2.57
vertex 137.9721622809122 33.65428952661748 2.57
endloop
endfacet
facet normal 7.817752609049123e-33 -1.592498664107766e-32 1.0
outer loop
vertex 137.7914351924342 36.62318625454302 2.57
vertex 137.9721622809122 33.65428952661748 2.57
vertex 139.49147772501556 36.63884692487549 2.57
endloop
endfacet
facet normal 7.817752609049123e-33 -1.592498664107766e-32 1.0
outer loop
vertex 139.49147772501556 36.63884692487549 2.57
vertex 137.9721622809122 33.65428952661748 2.57
vertex 139.5655001935857 33.65428952661748 2.57
endloop
endfacet
facet normal 7.817752609049123e-33 -1.592498664107766e-32 1.0
outer loop
vertex 139.49147772501556 36.63884692487549 2.57
vertex 139.5655001935857 33.65428952661748 2.57
vertex 139.98506741887317 36.62028228135735 2.57
endloop
endfacet
facet normal 7.817752609049123e-33 -1.592498664107766e-32 1.0
outer loop
vertex 139.98506741887317 36.62028228135735 2.57
vertex 139.5655001935857 33.65428952661748 2.57
vertex 140.0522736487177 33.67883064601424 2.57
endloop
endfacet
facet normal 7.817752609049123e-33 -1.592498664107766e-32 1.0
outer loop
vertex 139.98506741887317 36.62028228135735 2.57
vertex 140.0522736487177 33.67883064601424 2.57
vertex 140.28988621181833 36.49265451753301 2.57
endloop
endfacet
facet normal 7.817752609049123e-33 -1.592498664107766e-32 1.0
outer loop
vertex 140.28988621181833 36.49265451753301 2.57
vertex 140.0522736487177 33.67883064601424 2.57
vertex 140.39604765048497 33.84095301472531 2.57
endloop
endfacet
facet normal 7.817752609049123e-33 -1.592498664107766e-32 1.0
outer loop
vertex 140.28988621181833 36.49265451753301 2.57
vertex 140.39604765048497 33.84095301472531 2.57
vertex 140.57717165705898 36.29100701161631 2.57
endloop
endfacet
facet normal 7.817752609049123e-33 -1.592498664107766e-32 1.0
outer loop
vertex 140.57717165705898 36.29100701161631 2.57
vertex 140.39604765048497 33.84095301472531 2.57
vertex 140.646018363884 34.09888145277971 2.57
endloop
endfacet
facet normal 7.817752609049123e-33 -1.592498664107766e-32 1.0
outer loop
vertex 140.57717165705898 36.29100701161631 2.57
vertex 140.646018363884 34.09888145277971 2.57
vertex 140.76659982829054 36.04418571589309 2.57
endloop
endfacet
facet normal 7.817752609049123e-33 -1.592498664107766e-32 1.0
outer loop
vertex 140.76659982829054 36.04418571589309 2.57
vertex 140.646018363884 34.09888145277971 2.57
vertex 140.78156876403403 34.39079473381649 2.57
endloop
endfacet
facet normal 7.817752609049123e-33 -1.592498664107766e-32 1.0
outer loop
vertex 140.76659982829054 36.04418571589309 2.57
vertex 140.78156876403403 34.39079473381649 2.57
vertex 140.8 35.84908814157849 2.57
endloop
endfacet
facet normal 7.817752609049123e-33 -1.592498664107766e-32 1.0
outer loop
vertex 140.8 35.84908814157849 2.57
vertex 140.78156876403403 34.39079473381649 2.57
vertex 140.8 34.59124283488328 2.57
endloop
endfacet
facet normal 7.817752609049123e-33 -1.592498664107766e-32 1.0
outer loop
vertex 140.8 35.84908814157849 2.57
vertex 140.8 34.59124283488328 2.57
vertex 140.8 34.973092292838466 2.57
endloop
endfacet
facet normal 7.817752609049123e-33 -1.592498664107766e-32 1.0
outer loop
vertex 140.8 35.84908814157849 2.57
vertex 140.8 34.973092292838466 2.57
vertex 140.8 35.48255156283277 2.57
endloop
endfacet
facet normal 7.817752609049123e-33 -1.592498664107766e-32 1.0
outer loop
vertex 81.59858549827642 24.43868952661747 2.57
vertex 82.17858749854027 28.450589526617478 2.57
vertex 81.40117828117505 28.450589526617478 2.57
endloop
endfacet
facet normal 7.817752609049123e-33 -1.592498664107766e-32 1.0
outer loop
vertex 82.17858749854027 28.450589526617478 2.57
vertex 81.59858549827642 24.43868952661747 2.57
vertex 82.10388454403618 24.43868952661748 2.57
endloop
endfacet
facet normal 7.817752609049123e-33 -1.592498664107766e-32 1.0
outer loop
vertex 82.17858749854027 28.450589526617478 2.57
vertex 82.10388454403618 24.43868952661748 2.57
vertex 82.6610947047483 24.43868952661749 2.57
endloop
endfacet
facet normal 7.817752609049123e-33 -1.592498664107766e-32 1.0
outer loop
vertex 82.17858749854027 28.450589526617478 2.57
vertex 82.6610947047483 24.43868952661749 2.57
vertex 82.81461205326804 28.450589526617478 2.57
endloop
endfacet
facet normal 7.817752609049123e-33 -1.592498664107766e-32 1.0
outer loop
vertex 82.81461205326804 28.450589526617478 2.57
vertex 82.6610947047483 24.43868952661749 2.57
vertex 82.94144521091579 24.43868952661748 2.57
endloop
endfacet
facet normal 7.817752609049123e-33 -1.592498664107766e-32 1.0
outer loop
vertex 82.81461205326804 28.450589526617478 2.57
vertex 82.94144521091579 24.43868952661748 2.57
vertex 83.08604080096167 28.437604087909733 2.57
endloop
endfacet
facet normal 7.817752609049123e-33 -1.592498664107766e-32 1.0
outer loop
vertex 83.08604080096167 28.437604087909733 2.57
vertex 82.94144521091579 24.43868952661748 2.57
vertex 83.25383285751843 24.501991100073052 2.57
endloop
endfacet
facet normal 7.817752609049123e-33 -1.592498664107766e-32 1.0
outer loop
vertex 83.08604080096167 28.437604087909733 2.57
vertex 83.25383285751843 24.501991100073052 2.57
vertex 83.39008334782496 28.31308996949767 2.57
endloop
endfacet
facet normal 7.817752609049123e-33 -1.592498664107766e-32 1.0
outer loop
vertex 83.39008334782496 28.31308996949767 2.57
vertex 83.25383285751843 24.501991100073052 2.57
vertex 83.52092682227519 24.686596711670248 2.57
endloop
endfacet
facet normal 7.817752609049123e-33 -1.592498664107766e-32 1.0
outer loop
vertex 83.39008334782496 28.31308996949767 2.57
vertex 83.52092682227519 24.686596711670248 2.57
vertex 83.6165934181233 28.08170686908293 2.57
endloop
endfacet
facet normal 7.817752609049123e-33 -1.592498664107766e-32 1.0
outer loop
vertex 83.6165934181233 28.08170686908293 2.57
vertex 83.52092682227519 24.686596711670248 2.57
vertex 83.6941989399295 24.96176627411403 2.57
endloop
endfacet
facet normal 7.817752609049123e-33 -1.592498664107766e-32 1.0
outer loop
vertex 83.6165934181233 28.08170686908293 2.57
vertex 83.6941989399295 24.96176627411403 2.57
vertex 83.73462126043773 27.774393493675284 2.57
endloop
endfacet
facet normal 7.817752609049123e-33 -1.592498664107766e-32 1.0
outer loop
vertex 83.73462126043773 27.774393493675284 2.57
vertex 83.6941989399295 24.96176627411403 2.57
vertex 83.74460000000002 25.25317876501145 2.57
endloop
endfacet
facet normal 7.817752609049123e-33 -1.592498664107766e-32 1.0
outer loop
vertex 83.73462126043773 27.774393493675284 2.57
vertex 83.74460000000002 25.25317876501145 2.57
vertex 83.74460000000002 27.469878574314677 2.57
endloop
endfacet
facet normal 7.817752609049123e-33 -1.592498664107766e-32 1.0
outer loop
vertex 83.74460000000002 27.469878574314677 2.57
vertex 83.74460000000002 25.25317876501145 2.57
vertex 83.74460000000002 25.777883545620725 2.57
endloop
endfacet
facet normal 7.817752609049123e-33 -1.592498664107766e-32 1.0
outer loop
vertex 83.74460000000002 27.469878574314677 2.57
vertex 83.74460000000002 25.777883545620725 2.57
vertex 83.74460000000002 26.6937273853648 2.57
endloop
endfacet
facet normal 7.817752609049123e-33 -1.592498664107766e-32 1.0
outer loop
vertex 0.8036905570306718 34.47104048998619 2.57
vertex 0.8000000000000211 35.116070993368055 2.57
vertex 0.8000000000000211 34.670657239119784 2.57
endloop
endfacet
facet normal 7.817752609049123e-33 -1.592498664107766e-32 1.0
outer loop
vertex 7.061248502105685 32.47150178676498 2.57
vertex 7.064649746810935 33.46629145396219 2.57
vertex 7.059584189765319 32.96856654638354 2.57
endloop
endfacet
facet normal 7.817752609049123e-33 -1.592498664107766e-32 1.0
outer loop
vertex 7.064649746810935 33.46629145396219 2.57
vertex 7.061248502105685 32.47150178676498 2.57
vertex 7.06969231752412 31.975067362047103 2.57
endloop
endfacet
facet normal -0.6285402795149085 0.7777770355489554 1.729986131092424e-32
outer loop
vertex 1.0976926722522709 36.35391229470045 2.57
vertex 1.3980900373453014 36.53753743268836 0.7999999999999999
vertex 1.0976926722522709 36.35391229470045 0.7999999999999999
endloop
endfacet
facet normal -0.42578796163356925 0.9048229725907331 1.7737998699010142e-32
outer loop
vertex 1.3980900373453014 36.53753743268836 0.7999999999999999
vertex 1.0976926722522709 36.35391229470045 2.57
vertex 1.3980900373453014 36.53753743268836 2.57
endloop
endfacet
facet normal -1.0 -2.2720708895574145e-14 7.817752609048762e-33
outer loop
vertex 0.8000000000000098 35.61252847548424 2.57
vertex 0.8000000000000211 35.116070993368055 0.7999999999999999
vertex 0.8000000000000211 35.116070993368055 2.57
endloop
endfacet
facet normal -1.0 -2.2720708895574145e-14 7.817752609048762e-33
outer loop
vertex 0.8000000000000211 35.116070993368055 0.7999999999999999
vertex 0.8000000000000098 35.61252847548424 2.57
vertex 0.8000000000000098 35.61252847548424 0.7999999999999999
endloop
endfacet
facet normal -0.9999482140509677 0.010176896200711643 7.979414695354931e-33
outer loop
vertex 7.064649746810935 33.46629145396219 2.57
vertex 7.059584189765319 32.96856654638354 0.7999999999999999
vertex 7.059584189765319 32.96856654638354 2.57
endloop
endfacet
facet normal -0.9999941709356801 0.003414395211753613 7.872081237000865e-33
outer loop
vertex 7.059584189765319 32.96856654638354 0.7999999999999999
vertex 7.064649746810935 33.46629145396219 2.57
vertex 7.064649746810935 33.46629145396219 0.7999999999999999
endloop
endfacet
facet normal -0.1624864962785204 0.9867107674121787 1.6983635019863085e-32
outer loop
vertex 1.693287413288296 36.63897883552171 2.57
vertex 2.4900758403904986 36.63533208069513 0.7999999999999999
vertex 1.693287413288296 36.63897883552171 0.7999999999999999
endloop
endfacet
facet normal 0.006894171904556754 0.9999762349144857 1.587071125201424e-32
outer loop
vertex 2.4900758403904986 36.63533208069513 0.7999999999999999
vertex 1.693287413288296 36.63897883552171 2.57
vertex 2.4900758403904986 36.63533208069513 2.57
endloop
endfacet
facet normal -0.8761193664035842 -0.482094239555486 -8.280598621215231e-34
outer loop
vertex 0.9031144786912447 34.18073316431131 2.57
vertex 1.1227937560079186 33.9069139801671 0.7999999999999999
vertex 1.1227937560079186 33.9069139801671 2.57
endloop
endfacet
facet normal -0.6609105666282449 -0.7504646713331232 -6.784304558974628e-33
outer loop
vertex 1.1227937560079186 33.9069139801671 0.7999999999999999
vertex 0.9031144786912447 34.18073316431131 2.57
vertex 0.9031144786912447 34.18073316431131 0.7999999999999999
endloop
endfacet
facet normal -0.07833799470480378 -0.9969268571894481 -1.5263619820382337e-32
outer loop
vertex 1.8032871524239282 33.65428952661748 2.57
vertex 1.4421114208657033 33.71140419739527 0.7999999999999999
vertex 1.8032871524239282 33.65428952661748 0.7999999999999999
endloop
endfacet
facet normal -0.1561945017191673 -0.9877263171712602 -1.450843843265901e-32
outer loop
vertex 1.4421114208657033 33.71140419739527 0.7999999999999999
vertex 1.8032871524239282 33.65428952661748 2.57
vertex 1.4421114208657033 33.71140419739527 2.57
endloop
endfacet
facet normal -0.46496167051788423 -0.8853308110244545 -1.046392602569986e-32
outer loop
vertex 7.064649746810935 33.46629145396219 2.57
vertex 6.70668371070829 33.65428952661749 0.7999999999999999
vertex 7.064649746810935 33.46629145396219 0.7999999999999999
endloop
endfacet
facet normal -0.46496167051788423 -0.8853308110244545 -1.046392602569986e-32
outer loop
vertex 6.70668371070829 33.65428952661749 0.7999999999999999
vertex 7.064649746810935 33.46629145396219 2.57
vertex 6.70668371070829 33.65428952661749 2.57
endloop
endfacet
facet normal -0.9848616699122108 -0.17334212164886967 4.938933917914355e-33
outer loop
vertex 0.8036905570306718 34.47104048998619 2.57
vertex 0.9031144786912447 34.18073316431131 0.7999999999999999
vertex 0.9031144786912447 34.18073316431131 2.57
endloop
endfacet
facet normal -0.8761193664035842 -0.482094239555486 -8.280598621215231e-34
outer loop
vertex 0.9031144786912447 34.18073316431131 0.7999999999999999
vertex 0.8036905570306718 34.47104048998619 2.57
vertex 0.8036905570306718 34.47104048998619 0.7999999999999999
endloop
endfacet
facet normal -0.999948206883626 -0.01017760041569276 7.655269552620325e-33
outer loop
vertex 7.061248502105685 32.47150178676498 2.57
vertex 7.06969231752412 31.975067362047103 0.7999999999999999
vertex 7.06969231752412 31.975067362047103 2.57
endloop
endfacet
facet normal -0.9995721028180603 -0.029250833627115058 7.348588279986416e-33
outer loop
vertex 7.06969231752412 31.975067362047103 0.7999999999999999
vertex 7.061248502105685 32.47150178676498 2.57
vertex 7.061248502105685 32.47150178676498 0.7999999999999999
endloop
endfacet
facet normal 0.0 -1.0 -1.592498664107766e-32
outer loop
vertex 5.0789041217671285 33.65428952661748 2.57
vertex 3.09005498608539 33.65428952661748 0.7999999999999999
vertex 5.0789041217671285 33.65428952661748 0.7999999999999999
endloop
endfacet
facet normal 0.0 -1.0 -1.592498664107766e-32
outer loop
vertex 3.09005498608539 33.65428952661748 0.7999999999999999
vertex 5.0789041217671285 33.65428952661748 2.57
vertex 3.09005498608539 33.65428952661748 2.57
endloop
endfacet
facet normal 0.006894171904556754 0.9999762349144857 1.587071125201424e-32
outer loop
vertex 2.4900758403904986 36.63533208069513 2.57
vertex 4.4014093627318704 36.61772501286293 0.7999999999999999
vertex 2.4900758403904986 36.63533208069513 0.7999999999999999
endloop
endfacet
facet normal 0.009211537708797006 0.9999575728864898 1.5852297466905488e-32
outer loop
vertex 4.4014093627318704 36.61772501286293 0.7999999999999999
vertex 2.4900758403904986 36.63533208069513 2.57
vertex 4.4014093627318704 36.61772501286293 2.57
endloop
endfacet
facet normal -0.9999941709356801 0.003414395211753613 7.872081237000865e-33
outer loop
vertex 7.059584189765319 32.96856654638354 2.57
vertex 7.061248502105685 32.47150178676498 0.7999999999999999
vertex 7.061248502105685 32.47150178676498 2.57
endloop
endfacet
facet normal -0.999948206883626 -0.01017760041569276 7.655269552620325e-33
outer loop
vertex 7.061248502105685 32.47150178676498 0.7999999999999999
vertex 7.059584189765319 32.96856654638354 2.57
vertex 7.059584189765319 32.96856654638354 0.7999999999999999
endloop
endfacet
facet normal -0.9881466225860687 0.15351303616222844 1.0169778886960077e-32
outer loop
vertex 0.8000000000000098 35.889497182180634 2.57
vertex 0.8000000000000098 35.61252847548424 0.7999999999999999
vertex 0.8000000000000098 35.61252847548424 2.57
endloop
endfacet
facet normal -1.0 0.0 7.817752609049123e-33
outer loop
vertex 0.8000000000000098 35.61252847548424 0.7999999999999999
vertex 0.8000000000000098 35.889497182180634 2.57
vertex 0.8000000000000098 35.889497182180634 0.7999999999999999
endloop
endfacet
facet normal -0.9981073531885258 -0.06149562188477753 6.823639407500867e-33
outer loop
vertex 7.122160672039189 30.7115787349618 2.57
vertex 7.300918395147969 28.524874039170296 0.7999999999999999
vertex 7.300918395147969 28.524874039170296 2.57
endloop
endfacet
facet normal -0.9953166748041554 -0.09666807568581878 6.241701717364936e-33
outer loop
vertex 7.300918395147969 28.524874039170296 0.7999999999999999
vertex 7.122160672039189 30.7115787349618 2.57
vertex 7.122160672039189 30.7115787349618 0.7999999999999999
endloop
endfacet
facet normal -0.9933377027699782 -0.11523978590600868 5.9304763664230224e-33
outer loop
vertex 7.546418614786307 26.343502190711423 2.57
vertex 7.806488502571034 24.16689723930094 0.7999999999999999
vertex 7.806488502571034 24.16689723930094 2.57
endloop
endfacet
facet normal -0.992923543056503 -0.11875536890650977 5.8712529559238586e-33
outer loop
vertex 7.806488502571034 24.16689723930094 0.7999999999999999
vertex 7.546418614786307 26.343502190711423 2.57
vertex 7.546418614786307 26.343502190711423 0.7999999999999999
endloop
endfacet
facet normal -0.9528674954565087 0.30338677641327805 1.2280712710144293e-32
outer loop
vertex 0.8724192799831102 36.11694934326711 2.57
vertex 0.8000000000000098 35.889497182180634 0.7999999999999999
vertex 0.8000000000000098 35.889497182180634 2.57
endloop
endfacet
facet normal -0.9881466225860687 0.15351303616222844 1.0169778886960077e-32
outer loop
vertex 0.8000000000000098 35.889497182180634 0.7999999999999999
vertex 0.8724192799831102 36.11694934326711 2.57
vertex 0.8724192799831102 36.11694934326711 0.7999999999999999
endloop
endfacet
facet normal -0.9953166748041554 -0.09666807568581878 6.241701717364936e-33
outer loop
vertex 7.300918395147969 28.524874039170296 2.57
vertex 7.546418614786307 26.343502190711423 0.7999999999999999
vertex 7.546418614786307 26.343502190711423 2.57
endloop
endfacet
facet normal -0.9933377027699782 -0.11523978590600868 5.9304763664230224e-33
outer loop
vertex 7.546418614786307 26.343502190711423 0.7999999999999999
vertex 7.300918395147969 28.524874039170296 2.57
vertex 7.300918395147969 28.524874039170296 0.7999999999999999
endloop
endfacet
facet normal -0.992923543056503 -0.11875536890650977 5.8712529559238586e-33
outer loop
vertex 7.806488502571034 24.16689723930094 2.57
vertex 8.087750917090606 21.817547485454796 0.7999999999999999
vertex 8.087750917090606 21.817547485454796 2.57
endloop
endfacet
facet normal -0.9881181133076741 -0.15369643507018302 5.2772492830858415e-33
outer loop
vertex 8.087750917090606 21.817547485454796 0.7999999999999999
vertex 7.806488502571034 24.16689723930094 2.57
vertex 7.806488502571034 24.16689723930094 0.7999999999999999
endloop
endfacet
facet normal -0.9995721028180603 -0.029250833627115058 7.348588279986416e-33
outer loop
vertex 7.06969231752412 31.975067362047103 2.57
vertex 7.122160672039189 30.7115787349618 0.7999999999999999
vertex 7.122160672039189 30.7115787349618 2.57
endloop
endfacet
facet normal -0.9981073531885258 -0.06149562188477753 6.823639407500867e-33
outer loop
vertex 7.122160672039189 30.7115787349618 0.7999999999999999
vertex 7.06969231752412 31.975067362047103 2.57
vertex 7.06969231752412 31.975067362047103 0.7999999999999999
endloop
endfacet
facet normal -0.9881181133076741 -0.15369643507018302 5.2772492830858415e-33
outer loop
vertex 8.087750917090606 21.817547485454796 2.57
vertex 8.56145195452285 19.347319062605685 0.7999999999999999
vertex 8.56145195452285 19.347319062605685 2.57
endloop
endfacet
facet normal -0.9742393280916062 -0.22551658830253707 4.025013392967105e-33
outer loop
vertex 8.56145195452285 19.347319062605685 0.7999999999999999
vertex 8.087750917090606 21.817547485454796 2.57
vertex 8.087750917090606 21.817547485454796 0.7999999999999999
endloop
endfacet
facet normal 0.3217397347275347 -0.9468281486613375 -1.7593507269429048e-32
outer loop
vertex 62.957985989569536 32.451556254067285 2.57
vertex 62.760057067632395 32.384298432329516 0.7999999999999999
vertex 62.957985989569536 32.451556254067285 0.7999999999999999
endloop
endfacet
facet normal 0.29638136898959233 -0.9550696750058896 -1.7526508036459106e-32
outer loop
vertex 62.760057067632395 32.384298432329516 0.7999999999999999
vertex 62.957985989569536 32.451556254067285 2.57
vertex 62.760057067632395 32.384298432329516 2.57
endloop
endfacet
facet normal 0.16242003978719574 -0.9867217088295596 -1.6983289721380268e-32
outer loop
vertex 43.253831808853135 1.3352894883124327 2.57
vertex 36.858228902923706 0.7999999999999873 0.7999999999999999
vertex 43.253831808853135 1.3352894883124327 0.7999999999999999
endloop
endfacet
facet normal 0.025991631763736152 -0.9996621604713556 -1.612280269813156e-32
outer loop
vertex 36.858228902923706 0.7999999999999873 0.7999999999999999
vertex 43.253831808853135 1.3352894883124327 2.57
vertex 36.858228902923706 0.7999999999999873 2.57
endloop
endfacet
facet normal 0.9838419414589815 -0.17903919745749058 -1.0542629732472711e-32
outer loop
vertex 61.40143052303482 24.304323990675258 0.7999999999999999
vertex 59.84481247551617 18.258056167194884 2.57
vertex 59.84481247551617 18.258056167194884 0.7999999999999999
endloop
endfacet
facet normal 0.9473559898255305 -0.3201821802375788 -1.2505091704151415e-32
outer loop
vertex 59.84481247551617 18.258056167194884 2.57
vertex 61.40143052303482 24.304323990675258 0.7999999999999999
vertex 61.40143052303482 24.304323990675258 2.57
endloop
endfacet
facet normal -0.10205595871193963 -0.994778659447109 -1.5043988625035077e-32
outer loop
vertex 30.511951339055077 1.0000548892533896 2.57
vertex 24.221103367401398 2.099069855354416 0.7999999999999999
vertex 30.511951339055077 1.0000548892533896 0.7999999999999999
endloop
endfacet
facet normal -0.2456150615213267 -0.9693674440344461 -1.351700580851404e-32
outer loop
vertex 24.221103367401398 2.099069855354416 0.7999999999999999
vertex 30.511951339055077 1.0000548892533896 2.57
vertex 24.221103367401398 2.099069855354416 2.57
endloop
endfacet
facet normal 0.33075658101842487 -0.9437161035571039 -1.7614439466333693e-32
outer loop
vertex 47.20321949244599 2.313430738787831 2.57
vertex 43.253831808853135 1.3352894883124327 0.7999999999999999
vertex 47.20321949244599 2.313430738787831 0.7999999999999999
endloop
endfacet
facet normal 0.16242003978719574 -0.9867217088295596 -1.6983289721380268e-32
outer loop
vertex 43.253831808853135 1.3352894883124327 0.7999999999999999
vertex 47.20321949244599 2.313430738787831 2.57
vertex 43.253831808853135 1.3352894883124327 2.57
endloop
endfacet
facet normal 0.9205844075062527 -0.3905436578109573 -1.3416303687029043e-32
outer loop
vertex 63.05667496135177 32.684187980206296 0.7999999999999999
vertex 62.957985989569536 32.451556254067285 2.57
vertex 62.957985989569536 32.451556254067285 0.7999999999999999
endloop
endfacet
facet normal 0.9205864423333284 -0.3905388613084049 -1.3416243210564657e-32
outer loop
vertex 62.957985989569536 32.451556254067285 2.57
vertex 63.05667496135177 32.684187980206296 0.7999999999999999
vertex 63.05667496135177 32.684187980206296 2.57
endloop
endfacet
facet normal 0.6507564674273769 -0.7592865204265392 -1.7179080765628942e-32
outer loop
vertex 52.37349516724499 5.243030733646563 2.57
vertex 50.000737168561166 3.6012649239659433 0.7999999999999999
vertex 52.37349516724499 5.243030733646563 0.7999999999999999
endloop
endfacet
facet normal 0.49545243664045846 -0.8686350689599359 -1.770632644836424e-32
outer loop
vertex 50.000737168561166 3.6012649239659433 0.7999999999999999
vertex 52.37349516724499 5.243030733646563 2.57
vertex 50.000737168561166 3.6012649239659433 2.57
endloop
endfacet
facet normal 0.9205672857922554 -0.39058401443105695 -1.341681251234074e-32
outer loop
vertex 63.1553744285076 32.91683770305874 0.7999999999999999
vertex 63.05667496135177 32.684187980206296 2.57
vertex 63.05667496135177 32.684187980206296 0.7999999999999999
endloop
endfacet
facet normal 0.9205844075062527 -0.3905436578109573 -1.3416303687029043e-32
outer loop
vertex 63.05667496135177 32.684187980206296 2.57
vertex 63.1553744285076 32.91683770305874 0.7999999999999999
vertex 63.1553744285076 32.91683770305874 2.57
endloop
endfacet
facet normal 0.2824171672042261 -0.9592916885224954 -1.7484574870368668e-32
outer loop
vertex 62.40729519006007 32.28505199216913 2.57
vertex 62.20812294653882 32.2237988059906 0.7999999999999999
vertex 62.40729519006007 32.28505199216913 0.7999999999999999
endloop
endfacet
facet normal 0.2939517811009574 -0.9558202500405476 -1.7519467016803875e-32
outer loop
vertex 62.20812294653882 32.2237988059906 0.7999999999999999
vertex 62.40729519006007 32.28505199216913 2.57
vertex 62.20812294653882 32.2237988059906 2.57
endloop
endfacet
facet normal 0.9982809983097081 -0.058609286071172675 -8.737665976826408e-33
outer loop
vertex 62.20812294653882 32.2237988059906 0.7999999999999999
vertex 62.19159133208582 31.942218911641234 2.57
vertex 62.19159133208582 31.942218911641234 0.7999999999999999
endloop
endfacet
facet normal 0.9946942376838283 -0.10287552439034134 -9.414564823468922e-33
outer loop
vertex 62.19159133208582 31.942218911641234 2.57
vertex 62.20812294653882 32.2237988059906 0.7999999999999999
vertex 62.20812294653882 32.2237988059906 2.57
endloop
endfacet
facet normal -0.8928135358907944 -0.4504264536305316 -1.932399072495712e-34
outer loop
vertex 11.352985748685908 11.186744982273895 2.57
vertex 13.3979141521696 7.947257982239237 0.7999999999999999
vertex 13.3979141521696 7.947257982239237 2.57
endloop
endfacet
facet normal -0.7698714290985377 -0.6381990149301201 -4.144646413643616e-33
outer loop
vertex 13.3979141521696 7.947257982239237 0.7999999999999999
vertex 11.352985748685908 11.186744982273895 2.57
vertex 11.352985748685908 11.186744982273895 0.7999999999999999
endloop
endfacet
facet normal 0.025991631763736152 -0.9996621604713556 -1.612280269813156e-32
outer loop
vertex 36.858228902923706 0.7999999999999873 2.57
vertex 30.511951339055077 1.0000548892533896 0.7999999999999999
vertex 36.858228902923706 0.7999999999999873 0.7999999999999999
endloop
endfacet
facet normal -0.10205595871193963 -0.994778659447109 -1.5043988625035077e-32
outer loop
vertex 30.511951339055077 1.0000548892533896 0.7999999999999999
vertex 36.858228902923706 0.7999999999999873 2.57
vertex 30.511951339055077 1.0000548892533896 2.57
endloop
endfacet
facet normal 0.9946942376838283 -0.10287552439034134 -9.414564823468922e-33
outer loop
vertex 62.19159133208582 31.942218911641234 0.7999999999999999
vertex 62.14866203100753 31.653232527506063 2.57
vertex 62.14866203100753 31.653232527506063 0.7999999999999999
endloop
endfacet
facet normal 0.9895250553610555 -0.14436123029643477 -1.003481274722863e-32
outer loop
vertex 62.14866203100753 31.653232527506063 2.57
vertex 62.19159133208582 31.942218911641234 0.7999999999999999
vertex 62.19159133208582 31.942218911641234 2.57
endloop
endfacet
facet normal 0.9433321046478035 -0.3318501775511742 -1.2659446666651864e-32
outer loop
vertex 63.254094324178055 33.149485585951304 0.7999999999999999
vertex 63.1553744285076 32.91683770305874 2.57
vertex 63.1553744285076 32.91683770305874 0.7999999999999999
endloop
endfacet
facet normal 0.9205672857922554 -0.39058401443105695 -1.341681251234074e-32
outer loop
vertex 63.1553744285076 32.91683770305874 2.57
vertex 63.254094324178055 33.149485585951304 0.7999999999999999
vertex 63.254094324178055 33.149485585951304 2.57
endloop
endfacet
facet normal 0.9918453724226866 -0.12744707608926262 -9.783594732196671e-33
outer loop
vertex 63.337932553489374 33.44637330743946 0.7999999999999999
vertex 63.254094324178055 33.149485585951304 2.57
vertex 63.254094324178055 33.149485585951304 0.7999999999999999
endloop
endfacet
facet normal 0.9433321046478035 -0.3318501775511742 -1.2659446666651864e-32
outer loop
vertex 63.254094324178055 33.149485585951304 2.57
vertex 63.337932553489374 33.44637330743946 0.7999999999999999
vertex 63.337932553489374 33.44637330743946 2.57
endloop
endfacet
facet normal 0.9998074643531336 0.019622288953068057 -7.503762723548525e-33
outer loop
vertex 63.32381055659924 34.16552032342076 0.7999999999999999
vertex 63.337932553489374 33.44637330743946 2.57
vertex 63.337932553489374 33.44637330743946 0.7999999999999999
endloop
endfacet
facet normal 0.9918453724226866 -0.12744707608926262 -9.783594732196671e-33
outer loop
vertex 63.337932553489374 33.44637330743946 2.57
vertex 63.32381055659924 34.16552032342076 0.7999999999999999
vertex 63.32381055659924 34.16552032342076 2.57
endloop
endfacet
facet normal -0.9385187206674549 -0.34522834610837466 1.839350377242239e-33
outer loop
vertex 10.04273397536907 14.55085387131616 2.57
vertex 11.352985748685908 11.186744982273895 0.7999999999999999
vertex 11.352985748685908 11.186744982273895 2.57
endloop
endfacet
facet normal -0.8928135358907944 -0.4504264536305316 -1.932399072495712e-34
outer loop
vertex 11.352985748685908 11.186744982273895 0.7999999999999999
vertex 10.04273397536907 14.55085387131616 2.57
vertex 10.04273397536907 14.55085387131616 0.7999999999999999
endloop
endfacet
facet normal 0.9998076309309802 0.01961379953453622 -7.503899219689629e-33
outer loop
vertex 63.30970504008982 34.884639676596024 0.7999999999999999
vertex 63.32381055659924 34.16552032342076 2.57
vertex 63.32381055659924 34.16552032342076 0.7999999999999999
endloop
endfacet
facet normal 0.9998074643531336 0.019622288953068057 -7.503762723548525e-33
outer loop
vertex 63.32381055659924 34.16552032342076 2.57
vertex 63.30970504008982 34.884639676596024 0.7999999999999999
vertex 63.30970504008982 34.884639676596024 2.57
endloop
endfacet
facet normal -0.40749228907318424 -0.9132086477612313 -1.135716161004492e-32
outer loop
vertex 18.949995115884846 3.8654968641278953 2.57
vertex 15.961832820007167 5.560804835156244 0.7999999999999999
vertex 18.949995115884846 3.8654968641278953 0.7999999999999999
endloop
endfacet
facet normal -0.5914146471403462 -0.8063676054677916 -8.217859944161056e-33
outer loop
vertex 15.961832820007167 5.560804835156244 0.7999999999999999
vertex 18.949995115884846 3.8654968641278953 2.57
vertex 15.961832820007167 5.560804835156244 2.57
endloop
endfacet
facet normal 0.9989707100190668 -0.04535989995581879 -8.53206167545225e-33
outer loop
vertex 63.295596150305386 35.603741342793704 0.7999999999999999
vertex 63.30970504008982 34.884639676596024 2.57
vertex 63.30970504008982 34.884639676596024 0.7999999999999999
endloop
endfacet
facet normal 0.9998076309309802 0.01961379953453622 -7.503899219689629e-33
outer loop
vertex 63.30970504008982 34.884639676596024 2.57
vertex 63.295596150305386 35.603741342793704 0.7999999999999999
vertex 63.295596150305386 35.603741342793704 2.57
endloop
endfacet
facet normal -0.2456150615213267 -0.9693674440344461 -1.351700580851404e-32
outer loop
vertex 24.221103367401398 2.099069855354416 2.57
vertex 18.949995115884846 3.8654968641278953 0.7999999999999999
vertex 24.221103367401398 2.099069855354416 0.7999999999999999
endloop
endfacet
facet normal -0.40749228907318424 -0.9132086477612313 -1.135716161004492e-32
outer loop
vertex 18.949995115884846 3.8654968641278953 0.7999999999999999
vertex 24.221103367401398 2.099069855354416 2.57
vertex 18.949995115884846 3.8654968641278953 2.57
endloop
endfacet
facet normal 0.2708269301468786 -0.9626280558487883 -1.7447096869475036e-32
outer loop
vertex 62.583402209917594 32.33460104334308 2.57
vertex 62.40729519006007 32.28505199216913 0.7999999999999999
vertex 62.583402209917594 32.33460104334308 0.7999999999999999
endloop
endfacet
facet normal 0.2824171672042261 -0.9592916885224954 -1.7484574870368668e-32
outer loop
vertex 62.40729519006007 32.28505199216913 0.7999999999999999
vertex 62.583402209917594 32.33460104334308 2.57
vertex 62.40729519006007 32.28505199216913 2.57
endloop
endfacet
facet normal 0.9939155681991428 -0.11014464712992227 -9.524238060593617e-33
outer loop
vertex 63.37492392774663 36.31957379624454 0.7999999999999999
vertex 63.295596150305386 35.603741342793704 2.57
vertex 63.295596150305386 35.603741342793704 0.7999999999999999
endloop
endfacet
facet normal 0.9989707100190668 -0.04535989995581879 -8.53206167545225e-33
outer loop
vertex 63.295596150305386 35.603741342793704 2.57
vertex 63.37492392774663 36.31957379624454 0.7999999999999999
vertex 63.37492392774663 36.31957379624454 2.57
endloop
endfacet
facet normal 0.49545243664045846 -0.8686350689599359 -1.770632644836424e-32
outer loop
vertex 50.000737168561166 3.6012649239659433 2.57
vertex 47.20321949244599 2.313430738787831 0.7999999999999999
vertex 50.000737168561166 3.6012649239659433 0.7999999999999999
endloop
endfacet
facet normal 0.33075658101842487 -0.9437161035571039 -1.7614439466333693e-32
outer loop
vertex 47.20321949244599 2.313430738787831 0.7999999999999999
vertex 50.000737168561166 3.6012649239659433 2.57
vertex 47.20321949244599 2.313430738787831 2.57
endloop
endfacet
facet normal 0.9473559898255305 -0.3201821802375788 -1.2505091704151415e-32
outer loop
vertex 59.84481247551617 18.258056167194884 0.7999999999999999
vertex 57.36278086896557 12.385281452121772 2.57
vertex 57.36278086896557 12.385281452121772 0.7999999999999999
endloop
endfacet
facet normal 0.8915147009090049 -0.4529917637917136 -1.4183529165938266e-32
outer loop
vertex 57.36278086896557 12.385281452121772 2.57
vertex 59.84481247551617 18.258056167194884 0.7999999999999999
vertex 59.84481247551617 18.258056167194884 2.57
endloop
endfacet
facet normal 0.9895250553610555 -0.14436123029643477 -1.003481274722863e-32
outer loop
vertex 62.14866203100753 31.653232527506063 0.7999999999999999
vertex 62.107337252333615 31.36471122323689 2.57
vertex 62.107337252333615 31.36471122323689 0.7999999999999999
endloop
endfacet
facet normal 0.9959464639635042 -0.08994799007533545 -9.218483607465438e-33
outer loop
vertex 62.107337252333615 31.36471122323689 2.57
vertex 62.14866203100753 31.653232527506063 0.7999999999999999
vertex 62.14866203100753 31.653232527506063 2.57
endloop
endfacet
facet normal 0.7962978717557709 -0.6049047027732799 -1.5858359075288477e-32
outer loop
vertex 54.2906226189501 7.264467376641332 0.7999999999999999
vertex 52.37349516724499 5.243030733646563 2.57
vertex 52.37349516724499 5.243030733646563 0.7999999999999999
endloop
endfacet
facet normal 0.6507564674273769 -0.7592865204265392 -1.7179080765628942e-32
outer loop
vertex 52.37349516724499 5.243030733646563 2.57
vertex 54.2906226189501 7.264467376641332 0.7999999999999999
vertex 54.2906226189501 7.264467376641332 2.57
endloop
endfacet
facet normal 0.9973396735351794 -0.07289427681746932 -8.957795219417064e-33
outer loop
vertex 62.075179197244694 30.516114527905764 0.7999999999999999
vertex 61.40143052303482 24.304323990675258 2.57
vertex 61.40143052303482 24.304323990675258 0.7999999999999999
endloop
endfacet
facet normal 0.9838419414589815 -0.17903919745749058 -1.0542629732472711e-32
outer loop
vertex 61.40143052303482 24.304323990675258 2.57
vertex 62.075179197244694 30.516114527905764 0.7999999999999999
vertex 62.075179197244694 30.516114527905764 2.57
endloop
endfacet
facet normal 0.8915147009090049 -0.4529917637917136 -1.4183529165938266e-32
outer loop
vertex 57.36278086896557 12.385281452121772 0.7999999999999999
vertex 54.2906226189501 7.264467376641332 2.57
vertex 54.2906226189501 7.264467376641332 0.7999999999999999
endloop
endfacet
facet normal 0.7962978717557709 -0.6049047027732799 -1.5858359075288477e-32
outer loop
vertex 54.2906226189501 7.264467376641332 2.57
vertex 57.36278086896557 12.385281452121772 0.7999999999999999
vertex 57.36278086896557 12.385281452121772 2.57
endloop
endfacet
facet normal 0.9959464639635042 -0.08994799007533545 -9.218483607465438e-33
outer loop
vertex 62.107337252333615 31.36471122323689 0.7999999999999999
vertex 62.075179197244694 30.516114527905764 2.57
vertex 62.075179197244694 30.516114527905764 0.7999999999999999
endloop
endfacet
facet normal 0.9973396735351794 -0.07289427681746932 -8.957795219417064e-33
outer loop
vertex 62.075179197244694 30.516114527905764 2.57
vertex 62.107337252333615 31.36471122323689 0.7999999999999999
vertex 62.107337252333615 31.36471122323689 2.57
endloop
endfacet
facet normal 0.29638136898959233 -0.9550696750058896 -1.7526508036459106e-32
outer loop
vertex 62.760057067632395 32.384298432329516 2.57
vertex 62.583402209917594 32.33460104334308 0.7999999999999999
vertex 62.760057067632395 32.384298432329516 0.7999999999999999
endloop
endfacet
facet normal 0.2708269301468786 -0.9626280558487883 -1.7447096869475036e-32
outer loop
vertex 62.583402209917594 32.33460104334308 0.7999999999999999
vertex 62.760057067632395 32.384298432329516 2.57
vertex 62.583402209917594 32.33460104334308 2.57
endloop
endfacet
facet normal -0.5914146471403462 -0.8063676054677916 -8.217859944161056e-33
outer loop
vertex 15.961832820007167 5.560804835156244 2.57
vertex 13.3979141521696 7.947257982239237 0.7999999999999999
vertex 15.961832820007167 5.560804835156244 0.7999999999999999
endloop
endfacet
facet normal -0.7698714290985377 -0.6381990149301201 -4.144646413643616e-33
outer loop
vertex 13.3979141521696 7.947257982239237 0.7999999999999999
vertex 15.961832820007167 5.560804835156244 2.57
vertex 13.3979141521696 7.947257982239237 2.57
endloop
endfacet
facet normal -0.9898427999780823 -0.14216621023137055 5.4743511333299295e-33
outer loop
vertex 79.43813585565694 31.735315846610682 2.57
vertex 79.48275584467342 31.44586424712756 0.7999999999999999
vertex 79.48275584467342 31.44586424712756 2.57
endloop
endfacet
facet normal -0.9931790598290945 -0.11659912142463168 5.907588735183207e-33
outer loop
vertex 79.48275584467342 31.44586424712756 0.7999999999999999
vertex 79.43813585565694 31.735315846610682 2.57
vertex 79.43813585565694 31.735315846610682 0.7999999999999999
endloop
endfacet
facet normal 0.7099570730595495 -0.7042449534165776 -1.6765360235429529e-32
outer loop
vertex 63.856746822571054 36.93164202150818 0.7999999999999999
vertex 63.37492392774663 36.31957379624454 2.57
vertex 63.37492392774663 36.31957379624454 0.7999999999999999
endloop
endfacet
facet normal 0.785749139356623 -0.6185453014940185 -1.599311804745694e-32
outer loop
vertex 63.37492392774663 36.31957379624454 2.57
vertex 63.856746822571054 36.93164202150818 0.7999999999999999
vertex 63.856746822571054 36.93164202150818 2.57
endloop
endfacet
facet normal -0.01711285184679624 -0.9998535644291466 -1.5788870614394478e-32
outer loop
vertex 75.25447256217817 37.73698952661748 2.57
vertex 73.92816267215161 37.73698952661748 0.7999999999999999
vertex 75.25447256217817 37.73698952661748 0.7999999999999999
endloop
endfacet
facet normal 0.0 -1.0 -1.592498664107766e-32
outer loop
vertex 73.92816267215161 37.73698952661748 0.7999999999999999
vertex 75.25447256217817 37.73698952661748 2.57
vertex 73.92816267215161 37.73698952661748 2.57
endloop
endfacet
facet normal -4.252377452337584e-15 -1.0 -1.5924986641077627e-32
outer loop
vertex 67.29646229742781 37.73698952661747 2.57
vertex 65.97016118039139 37.73698952661748 0.7999999999999999
vertex 67.29646229742781 37.73698952661747 0.7999999999999999
endloop
endfacet
facet normal 0.04461353526189716 -0.9990043205469311 -1.6257908040781345e-32
outer loop
vertex 65.97016118039139 37.73698952661748 0.7999999999999999
vertex 67.29646229742781 37.73698952661747 2.57
vertex 65.97016118039139 37.73698952661748 2.57
endloop
endfacet
facet normal 0.0 -1.0 -1.592498664107766e-32
outer loop
vertex 71.27548313949417 37.73698952661748 2.57
vertex 69.94913370934894 37.73698952661748 0.7999999999999999
vertex 71.27548313949417 37.73698952661748 0.7999999999999999
endloop
endfacet
facet normal 0.0 -1.0 -1.592498664107766e-32
outer loop
vertex 69.94913370934894 37.73698952661748 0.7999999999999999
vertex 71.27548313949417 37.73698952661748 2.57
vertex 69.94913370934894 37.73698952661748 2.57
endloop
endfacet
facet normal 0.5116000320393819 -0.8592237236117863 -1.7682688805480194e-32
outer loop
vertex 64.41943981204997 37.382006147956545 2.57
vertex 63.856746822571054 36.93164202150818 0.7999999999999999
vertex 64.41943981204997 37.382006147956545 0.7999999999999999
endloop
endfacet
facet normal 0.7099570730595495 -0.7042449534165776 -1.6765360235429529e-32
outer loop
vertex 63.856746822571054 36.93164202150818 0.7999999999999999
vertex 64.41943981204997 37.382006147956545 2.57
vertex 63.856746822571054 36.93164202150818 2.57
endloop
endfacet
facet normal 0.24177063063136497 -0.970333428345181 -1.7342649862197897e-32
outer loop
vertex 65.07013007361242 37.65644170822311 2.57
vertex 64.41943981204997 37.382006147956545 0.7999999999999999
vertex 65.07013007361242 37.65644170822311 0.7999999999999999
endloop
endfacet
facet normal 0.5116000320393819 -0.8592237236117863 -1.7682688805480194e-32
outer loop
vertex 64.41943981204997 37.382006147956545 0.7999999999999999
vertex 65.07013007361242 37.65644170822311 2.57
vertex 64.41943981204997 37.382006147956545 2.57
endloop
endfacet
facet normal 0.0 -1.0 -1.592498664107766e-32
outer loop
vertex 69.94913370934894 37.73698952661748 2.57
vertex 68.62278975209885 37.73698952661748 0.7999999999999999
vertex 69.94913370934894 37.73698952661748 0.7999999999999999
endloop
endfacet
facet normal 0.0 -1.0 -1.592498664107766e-32
outer loop
vertex 68.62278975209885 37.73698952661748 0.7999999999999999
vertex 69.94913370934894 37.73698952661748 2.57
vertex 68.62278975209885 37.73698952661748 2.57
endloop
endfacet
facet normal -0.44287008630285296 -0.8965857943655497 -1.0815868025187442e-32
outer loop
vertex 77.00563925748975 37.47814383262627 2.57
vertex 76.32875019774555 37.70020545830088 0.7999999999999999
vertex 77.00563925748975 37.47814383262627 0.7999999999999999
endloop
endfacet
facet normal -0.17471189622621358 -0.984619598279986 -1.431419956659763e-32
outer loop
vertex 76.32875019774555 37.70020545830088 0.7999999999999999
vertex 77.00563925748975 37.47814383262627 2.57
vertex 76.32875019774555 37.70020545830088 2.57
endloop
endfacet
facet normal -0.9906386946569351 -0.1365099873577169 5.570648514733951e-33
outer loop
vertex 78.30840030040308 35.807259516912374 2.57
vertex 78.29428685492267 35.08816123033671 0.7999999999999999
vertex 78.29428685492267 35.08816123033671 2.57
endloop
endfacet
facet normal -0.9998075807542743 0.01961635711046487 8.128638547919583e-33
outer loop
vertex 78.29428685492267 35.08816123033671 0.7999999999999999
vertex 78.30840030040308 35.807259516912374 2.57
vertex 78.30840030040308 35.807259516912374 0.7999999999999999
endloop
endfacet
facet normal -0.9987696194627887 -0.049590797918124374 7.018401004027704e-33
outer loop
vertex 78.26606707561163 33.64990950779809 2.57
vertex 78.3179609067754 33.215326474204645 0.7999999999999999
vertex 78.3179609067754 33.215326474204645 2.57
endloop
endfacet
facet normal -0.966366011587473 -0.2571706274995652 3.459371600976229e-33
outer loop
vertex 78.3179609067754 33.215326474204645 0.7999999999999999
vertex 78.26606707561163 33.64990950779809 2.57
vertex 78.26606707561163 33.64990950779809 0.7999999999999999
endloop
endfacet
facet normal -0.966366011587473 -0.2571706274995652 3.459371600976229e-33
outer loop
vertex 78.3179609067754 33.215326474204645 2.57
vertex 78.41668836418457 32.982682768728374 0.7999999999999999
vertex 78.41668836418457 32.982682768728374 2.57
endloop
endfacet
facet normal -0.9205576997330639 -0.3906066070385525 9.762873598628008e-34
outer loop
vertex 78.41668836418457 32.982682768728374 0.7999999999999999
vertex 78.3179609067754 33.215326474204645 2.57
vertex 78.3179609067754 33.215326474204645 0.7999999999999999
endloop
endfacet
facet normal -0.9572374107756855 -0.2893035419960521 2.8762902240674625e-33
outer loop
vertex 78.09650185054447 36.50838167425118 2.57
vertex 78.30840030040308 35.807259516912374 0.7999999999999999
vertex 78.30840030040308 35.807259516912374 2.57
endloop
endfacet
facet normal -0.9906386946569351 -0.1365099873577169 5.570648514733951e-33
outer loop
vertex 78.30840030040308 35.807259516912374 0.7999999999999999
vertex 78.09650185054447 36.50838167425118 2.57
vertex 78.09650185054447 36.50838167425118 0.7999999999999999
endloop
endfacet
facet normal -0.9205822103549303 -0.39054883686682657 9.773989670538319e-34
outer loop
vertex 78.51539260847179 32.750031546290586 2.57
vertex 78.61408357276751 32.51739264356462 0.7999999999999999
vertex 78.61408357276751 32.51739264356462 2.57
endloop
endfacet
facet normal -0.920587938998879 -0.39053533331799334 9.776587960097862e-34
outer loop
vertex 78.61408357276751 32.51739264356462 0.7999999999999999
vertex 78.51539260847179 32.750031546290586 2.57
vertex 78.51539260847179 32.750031546290586 0.7999999999999999
endloop
endfacet
facet normal -0.27081597702063565 -0.9626311373471974 -1.3212715691614247e-32
outer loop
vertex 78.96787155859835 32.34831022295236 2.57
vertex 78.78597761446235 32.39947694563218 0.7999999999999999
vertex 78.96787155859835 32.34831022295236 0.7999999999999999
endloop
endfacet
facet normal -0.4238879016107095 -0.9057146608441697 -1.1109643125810102e-32
outer loop
vertex 78.78597761446235 32.39947694563218 0.7999999999999999
vertex 78.96787155859835 32.34831022295236 2.57
vertex 78.78597761446235 32.39947694563218 2.57
endloop
endfacet
facet normal -0.9998075658944474 0.019617114472325 8.128650492726635e-33
outer loop
vertex 78.28018239787743 34.36904788591161 2.57
vertex 78.26606707561163 33.64990950779809 0.7999999999999999
vertex 78.26606707561163 33.64990950779809 2.57
endloop
endfacet
facet normal -0.9987696194627887 -0.049590797918124374 7.018401004027704e-33
outer loop
vertex 78.26606707561163 33.64990950779809 0.7999999999999999
vertex 78.28018239787743 34.36904788591161 2.57
vertex 78.28018239787743 34.36904788591161 0.7999999999999999
endloop
endfacet
facet normal 0.04461353526189716 -0.9990043205469311 -1.6257908040781345e-32
outer loop
vertex 65.97016118039139 37.73698952661748 2.57
vertex 65.07013007361242 37.65644170822311 0.7999999999999999
vertex 65.97016118039139 37.73698952661748 0.7999999999999999
endloop
endfacet
facet normal 0.24177063063136497 -0.970333428345181 -1.7342649862197897e-32
outer loop
vertex 65.07013007361242 37.65644170822311 0.7999999999999999
vertex 65.97016118039139 37.73698952661748 2.57
vertex 65.07013007361242 37.65644170822311 2.57
endloop
endfacet
facet normal 4.2522930104727554e-15 -1.0 -1.5924986641077693e-32
outer loop
vertex 68.62278975209885 37.73698952661748 2.57
vertex 67.29646229742781 37.73698952661747 0.7999999999999999
vertex 68.62278975209885 37.73698952661748 0.7999999999999999
endloop
endfacet
facet normal 4.2522930104727554e-15 -1.0 -1.5924986641077693e-32
outer loop
vertex 67.29646229742781 37.73698952661747 0.7999999999999999
vertex 68.62278975209885 37.73698952661748 2.57
vertex 67.29646229742781 37.73698952661747 2.57
endloop
endfacet
facet normal 8.5044642430413e-15 -1.0 -1.5924986641077726e-32
outer loop
vertex 72.60182958623493 37.736989526617485 2.57
vertex 71.27548313949417 37.73698952661748 0.7999999999999999
vertex 72.60182958623493 37.736989526617485 0.7999999999999999
endloop
endfacet
facet normal 8.5044642430413e-15 -1.0 -1.5924986641077726e-32
outer loop
vertex 71.27548313949417 37.73698952661748 0.7999999999999999
vertex 72.60182958623493 37.736989526617485 2.57
vertex 71.27548313949417 37.73698952661748 2.57
endloop
endfacet
facet normal -0.270827246856466 -0.9626279667452774 -1.3212577095032563e-32
outer loop
vertex 79.14129253893805 32.299516829106445 2.57
vertex 78.96787155859835 32.34831022295236 0.7999999999999999
vertex 79.14129253893805 32.299516829106445 0.7999999999999999
endloop
endfacet
facet normal -0.27081597702063565 -0.9626311373471974 -1.3212715691614247e-32
outer loop
vertex 78.96787155859835 32.34831022295236 0.7999999999999999
vertex 79.14129253893805 32.299516829106445 2.57
vertex 78.96787155859835 32.34831022295236 2.57
endloop
endfacet
facet normal -0.9931790598290945 -0.11659912142463168 5.907588735183207e-33
outer loop
vertex 79.48275584467342 31.44586424712756 2.57
vertex 79.50569428295917 31.162521411996092 0.7999999999999999
vertex 79.50569428295917 31.162521411996092 2.57
endloop
endfacet
facet normal -0.996737161317982 -0.08071574349389037 6.506847406565014e-33
outer loop
vertex 79.50569428295917 31.162521411996092 0.7999999999999999
vertex 79.48275584467342 31.44586424712756 2.57
vertex 79.48275584467342 31.44586424712756 0.7999999999999999
endloop
endfacet
facet normal -0.996737161317982 -0.08071574349389037 6.506847406565014e-33
outer loop
vertex 79.50569428295917 31.162521411996092 2.57
vertex 79.92015536907826 26.045936263620455 0.7999999999999999
vertex 79.92015536907826 26.045936263620455 2.57
endloop
endfacet
facet normal -0.9894055744692698 -0.14517785371444972 5.422972630231942e-33
outer loop
vertex 79.92015536907826 26.045936263620455 0.7999999999999999
vertex 79.50569428295917 31.162521411996092 2.57
vertex 79.50569428295917 31.162521411996092 0.7999999999999999
endloop
endfacet
facet normal -8.504549912811315e-15 -1.0 -1.5924986641077597e-32
outer loop
vertex 73.92816267215161 37.73698952661748 2.57
vertex 72.60182958623493 37.736989526617485 0.7999999999999999
vertex 73.92816267215161 37.73698952661748 0.7999999999999999
endloop
endfacet
facet normal -8.504549912811315e-15 -1.0 -1.5924986641077597e-32
outer loop
vertex 72.60182958623493 37.736989526617485 0.7999999999999999
vertex 73.92816267215161 37.73698952661748 2.57
vertex 72.60182958623493 37.736989526617485 2.57
endloop
endfacet
facet normal -0.9998075807542743 0.01961635711046487 8.128638547919583e-33
outer loop
vertex 78.29428685492267 35.08816123033671 2.57
vertex 78.28018239787743 34.36904788591161 0.7999999999999999
vertex 78.28018239787743 34.36904788591161 2.57
endloop
endfacet
facet normal -0.9998075658944474 0.019617114472325 8.128650492726635e-33
outer loop
vertex 78.28018239787743 34.36904788591161 0.7999999999999999
vertex 78.29428685492267 35.08816123033671 2.57
vertex 78.29428685492267 35.08816123033671 0.7999999999999999
endloop
endfacet
facet normal -0.6614176156895717 -0.7500178248918637 -6.773224551244852e-33
outer loop
vertex 77.5925140981434 37.076127779871086 2.57
vertex 78.09650185054447 36.50838167425118 0.7999999999999999
vertex 78.09650185054447 36.50838167425118 2.57
endloop
endfacet
facet normal -0.7478509478747326 -0.6638666731828493 -4.7255542029659925e-33
outer loop
vertex 78.09650185054447 36.50838167425118 0.7999999999999999
vertex 77.5925140981434 37.076127779871086 2.57
vertex 77.5925140981434 37.076127779871086 0.7999999999999999
endloop
endfacet
facet normal -0.17471189622621358 -0.984619598279986 -1.431419956659763e-32
outer loop
vertex 76.32875019774555 37.70020545830088 2.57
vertex 75.25447256217817 37.73698952661748 0.7999999999999999
vertex 76.32875019774555 37.70020545830088 0.7999999999999999
endloop
endfacet
facet normal -0.01711285184679624 -0.9998535644291466 -1.5788870614394478e-32
outer loop
vertex 75.25447256217817 37.73698952661748 0.7999999999999999
vertex 76.32875019774555 37.70020545830088 2.57
vertex 75.25447256217817 37.73698952661748 2.57
endloop
endfacet
facet normal -0.6614176156895717 -0.7500178248918637 -6.773224551244852e-33
outer loop
vertex 77.5925140981434 37.076127779871086 2.57
vertex 77.00563925748975 37.47814383262627 0.7999999999999999
vertex 77.5925140981434 37.076127779871086 0.7999999999999999
endloop
endfacet
facet normal -0.44287008630285296 -0.8965857943655497 -1.0815868025187442e-32
outer loop
vertex 77.00563925748975 37.47814383262627 0.7999999999999999
vertex 77.5925140981434 37.076127779871086 2.57
vertex 77.00563925748975 37.47814383262627 2.57
endloop
endfacet
facet normal -0.9205576997330639 -0.3906066070385525 9.762873598628008e-34
outer loop
vertex 78.41668836418457 32.982682768728374 2.57
vertex 78.51539260847179 32.750031546290586 0.7999999999999999
vertex 78.51539260847179 32.750031546290586 2.57
endloop
endfacet
facet normal -0.9205822103549303 -0.39054883686682657 9.773989670538319e-34
outer loop
vertex 78.51539260847179 32.750031546290586 0.7999999999999999
vertex 78.41668836418457 32.982682768728374 2.57
vertex 78.41668836418457 32.982682768728374 0.7999999999999999
endloop
endfacet
facet normal -0.4238879016107095 -0.9057146608441697 -1.1109643125810102e-32
outer loop
vertex 78.78597761446235 32.39947694563218 2.57
vertex 78.61408357276751 32.51739264356462 0.7999999999999999
vertex 78.78597761446235 32.39947694563218 0.7999999999999999
endloop
endfacet
facet normal -0.565676806779734 -0.8246270370728113 -8.709853217175128e-33
outer loop
vertex 78.61408357276751 32.51739264356462 0.7999999999999999
vertex 78.78597761446235 32.39947694563218 2.57
vertex 78.61408357276751 32.51739264356462 2.57
endloop
endfacet
facet normal -0.9590941980695985 -0.2830871230367677 2.9898025166608463e-33
outer loop
vertex 79.33424277955221 32.24523509749096 2.57
vertex 79.39983652494989 32.023004640783135 0.7999999999999999
vertex 79.39983652494989 32.023004640783135 2.57
endloop
endfacet
facet normal -0.9780974879860342 -0.20814731320728025 4.331781006405068e-33
outer loop
vertex 79.39983652494989 32.023004640783135 0.7999999999999999
vertex 79.33424277955221 32.24523509749096 2.57
vertex 79.33424277955221 32.24523509749096 0.7999999999999999
endloop
endfacet
facet normal -0.9780974879860342 -0.20814731320728025 4.331781006405068e-33
outer loop
vertex 79.39983652494989 32.023004640783135 2.57
vertex 79.43813585565694 31.735315846610682 0.7999999999999999
vertex 79.43813585565694 31.735315846610682 2.57
endloop
endfacet
facet normal -0.9898427999780823 -0.14216621023137055 5.4743511333299295e-33
outer loop
vertex 79.43813585565694 31.735315846610682 0.7999999999999999
vertex 79.39983652494989 32.023004640783135 2.57
vertex 79.39983652494989 32.023004640783135 0.7999999999999999
endloop
endfacet
facet normal -0.2708125052979605 -0.9626321140364279 -1.3212758386446203e-32
outer loop
vertex 79.33424277955221 32.24523509749096 2.57
vertex 79.14129253893805 32.299516829106445 0.7999999999999999
vertex 79.33424277955221 32.24523509749096 0.7999999999999999
endloop
endfacet
facet normal -0.270827246856466 -0.9626279667452774 -1.3212577095032563e-32
outer loop
vertex 79.14129253893805 32.299516829106445 0.7999999999999999
vertex 79.33424277955221 32.24523509749096 2.57
vertex 79.14129253893805 32.299516829106445 2.57
endloop
endfacet
facet normal 0.9504335169896211 -0.31092785301857356 -1.2381776012833085e-32
outer loop
vertex 134.64507196424523 33.65428952661747 0.7999999999999999
vertex 134.5374638346625 33.3253567145098 2.57
vertex 134.5374638346625 33.3253567145098 0.7999999999999999
endloop
endfacet
facet normal 0.9880264992472464 -0.15428427264381586 -1.0181121723080983e-32
outer loop
vertex 134.5374638346625 33.3253567145098 2.57
vertex 134.64507196424523 33.65428952661747 0.7999999999999999
vertex 134.64507196424523 33.65428952661747 2.57
endloop
endfacet
facet normal 4.232391949519497e-15 -1.0 -1.5924986641077693e-32
outer loop
vertex 135.9776359215451 33.654289526617475 2.57
vertex 134.64507196424523 33.65428952661747 0.7999999999999999
vertex 135.9776359215451 33.654289526617475 0.7999999999999999
endloop
endfacet
facet normal 4.232391949519497e-15 -1.0 -1.5924986641077693e-32
outer loop
vertex 134.64507196424523 33.65428952661747 0.7999999999999999
vertex 135.9776359215451 33.654289526617475 2.57
vertex 134.64507196424523 33.65428952661747 2.57
endloop
endfacet
facet normal 0.9851747660116265 -0.1715537245702848 -1.0433843369365654e-32
outer loop
vertex 133.39816622383583 21.113604047697752 0.7999999999999999
vertex 132.86999018479588 18.65685249372325 2.57
vertex 132.86999018479588 18.65685249372325 0.7999999999999999
endloop
endfacet
facet normal 0.969241714375732 -0.2461107456288572 -1.1496602277725338e-32
outer loop
vertex 132.86999018479588 18.65685249372325 2.57
vertex 133.39816622383583 21.113604047697752 0.7999999999999999
vertex 133.39816622383583 21.113604047697752 2.57
endloop
endfacet
facet normal -0.3918416016081815 -0.9200326946631492 -1.1588187668558987e-32
outer loop
vertex 93.56372377608679 2.643498358316499 2.57
vertex 90.88328908120243 4.028890899844969 0.7999999999999999
vertex 93.56372377608679 2.643498358316499 0.7999999999999999
endloop
endfacet
facet normal -0.5387067470900893 -0.8424933475343379 -9.205219227105217e-33
outer loop
vertex 90.88328908120243 4.028890899844969 0.7999999999999999
vertex 93.56372377608679 2.643498358316499 2.57
vertex 90.88328908120243 4.028890899844969 2.57
endloop
endfacet
facet normal 0.9302164419124107 -0.36701140472172655 -1.3116853733057786e-32
outer loop
vertex 131.29757554067584 13.887806403023898 0.7999999999999999
vertex 129.72641713070882 10.17395647163235 2.57
vertex 129.72641713070882 10.17395647163235 0.7999999999999999
endloop
endfacet
facet normal 0.8687591536359547 -0.49523482609136005 -1.4678352129674117e-32
outer loop
vertex 129.72641713070882 10.17395647163235 2.57
vertex 131.29757554067584 13.887806403023898 0.7999999999999999
vertex 131.29757554067584 13.887806403023898 2.57
endloop
endfacet
facet normal 0.9999999122851589 -0.0004188432579507295 -7.824421996603767e-33
outer loop
vertex 134.5406297413406 32.82782155898972 0.7999999999999999
vertex 134.53705173083733 32.33093824810098 2.57
vertex 134.53705173083733 32.33093824810098 0.7999999999999999
endloop
endfacet
facet normal 0.9999013205345866 -0.01404810283240921 -8.040697007339531e-33
outer loop
vertex 134.53705173083733 32.33093824810098 2.57
vertex 134.5406297413406 32.82782155898972 0.7999999999999999
vertex 134.5406297413406 32.82782155898972 2.57
endloop
endfacet
facet normal 2.82770540414691e-15 -1.0 -1.5924986641077682e-32
outer loop
vertex 137.9721622809122 33.65428952661748 2.57
vertex 135.9776359215451 33.654289526617475 0.7999999999999999
vertex 137.9721622809122 33.65428952661748 0.7999999999999999
endloop
endfacet
facet normal 2.82770540414691e-15 -1.0 -1.5924986641077682e-32
outer loop
vertex 135.9776359215451 33.654289526617475 0.7999999999999999
vertex 137.9721622809122 33.65428952661748 2.57
vertex 135.9776359215451 33.654289526617475 2.57
endloop
endfacet
facet normal 0.9999013205345866 -0.01404810283240921 -8.040697007339531e-33
outer loop
vertex 134.53705173083733 32.33093824810098 0.7999999999999999
vertex 134.5266801731116 31.834676968436924 2.57
vertex 134.5266801731116 31.834676968436924 0.7999999999999999
endloop
endfacet
facet normal 0.9993468769938103 -0.036136123792105956 -8.388113943613068e-33
outer loop
vertex 134.5266801731116 31.834676968436924 2.57
vertex 134.53705173083733 32.33093824810098 0.7999999999999999
vertex 134.53705173083733 32.33093824810098 2.57
endloop
endfacet
facet normal -0.21850759701578232 -0.9758352473888144 -1.3831924941892397e-32
outer loop
vertex 96.64678522442925 1.5935826925632517 2.57
vertex 93.56372377608679 2.643498358316499 0.7999999999999999
vertex 96.64678522442925 1.5935826925632517 0.7999999999999999
endloop
endfacet
facet normal -0.3918416016081815 -0.9200326946631492 -1.1588187668558987e-32
outer loop
vertex 93.56372377608679 2.643498358316499 0.7999999999999999
vertex 96.64678522442925 1.5935826925632517 2.57
vertex 93.56372377608679 2.643498358316499 2.57
endloop
endfacet
facet normal 0.02518395962990138 -0.9996828337914778 -1.6116817739546793e-32
outer loop
vertex 139.5655001935857 33.65428952661748 2.57
vertex 137.9721622809122 33.65428952661748 0.7999999999999999
vertex 139.5655001935857 33.65428952661748 0.7999999999999999
endloop
endfacet
facet normal 0.0 -1.0 -1.592498664107766e-32
outer loop
vertex 137.9721622809122 33.65428952661748 0.7999999999999999
vertex 139.5655001935857 33.65428952661748 2.57
vertex 137.9721622809122 33.65428952661748 2.57
endloop
endfacet
facet normal 0.050351944257819976 -0.9987315363547191 -1.6298425418064138e-32
outer loop
vertex 140.0522736487177 33.67883064601424 2.57
vertex 139.5655001935857 33.65428952661748 0.7999999999999999
vertex 140.0522736487177 33.67883064601424 0.7999999999999999
endloop
endfacet
facet normal 0.02518395962990138 -0.9996828337914778 -1.6116817739546793e-32
outer loop
vertex 139.5655001935857 33.65428952661748 0.7999999999999999
vertex 140.0522736487177 33.67883064601424 2.57
vertex 139.5655001935857 33.65428952661748 2.57
endloop
endfacet
facet normal 0.9880264992472464 -0.15428427264381586 -1.0181121723080983e-32
outer loop
vertex 134.5374638346625 33.3253567145098 0.7999999999999999
vertex 134.5406297413406 32.82782155898972 2.57
vertex 134.5406297413406 32.82782155898972 0.7999999999999999
endloop
endfacet
facet normal 0.9999999122851589 -0.0004188432579507295 -7.824421996603767e-33
outer loop
vertex 134.5406297413406 32.82782155898972 2.57
vertex 134.5374638346625 33.3253567145098 0.7999999999999999
vertex 134.5374638346625 33.3253567145098 2.57
endloop
endfacet
facet normal 0.969241714375732 -0.2461107456288572 -1.1496602277725338e-32
outer loop
vertex 132.86999018479588 18.65685249372325 0.7999999999999999
vertex 132.16279852674387 16.24807135585764 2.57
vertex 132.16279852674387 16.24807135585764 0.7999999999999999
endloop
endfacet
facet normal 0.9497168277407142 -0.3131101197759581 -1.2410925682546183e-32
outer loop
vertex 132.16279852674387 16.24807135585764 2.57
vertex 132.86999018479588 18.65685249372325 0.7999999999999999
vertex 132.86999018479588 18.65685249372325 2.57
endloop
endfacet
facet normal 0.9932232531088625 -0.11622206969353394 -9.615608585627993e-33
outer loop
vertex 133.9791907880079 25.727020364663087 0.7999999999999999
vertex 133.72446996668015 23.551662534431134 2.57
vertex 133.72446996668015 23.551662534431134 0.7999999999999999
endloop
endfacet
facet normal 0.9922219688037168 -0.12448118180382173 -9.739307042662536e-33
outer loop
vertex 133.72446996668015 23.551662534431134 2.57
vertex 133.9791907880079 25.727020364663087 0.7999999999999999
vertex 133.9791907880079 25.727020364663087 2.57
endloop
endfacet
facet normal 0.2065543337483301 -0.9784351318354138 -1.7196357085211434e-32
outer loop
vertex 115.6044395110048 1.6873176005968318 2.57
vertex 109.29728367603498 0.8593264821749615 0.7999999999999999
vertex 115.6044395110048 1.6873176005968318 0.7999999999999999
endloop
endfacet
facet normal 0.06328486876996563 -0.9979955036896551 -1.6387810512053056e-32
outer loop
vertex 109.29728367603498 0.8593264821749615 0.7999999999999999
vertex 115.6044395110048 1.6873176005968318 2.57
vertex 109.29728367603498 0.8593264821749615 2.57
endloop
endfacet
facet normal 0.8687591536359547 -0.49523482609136005 -1.4678352129674117e-32
outer loop
vertex 129.72641713070882 10.17395647163235 0.7999999999999999
vertex 127.52499086778856 7.192319705539164 2.57
vertex 127.52499086778856 7.192319705539164 0.7999999999999999
endloop
endfacet
facet normal 0.7222000770264126 -0.6916842117202356 -1.6661043367917801e-32
outer loop
vertex 127.52499086778856 7.192319705539164 2.57
vertex 129.72641713070882 10.17395647163235 0.7999999999999999
vertex 129.72641713070882 10.17395647163235 2.57
endloop
endfacet
facet normal -0.9084326293507633 -0.4180312882199832 4.447588777965677e-34
outer loop
vertex 83.43839191942318 14.029328668507842 2.57
vertex 86.61011462500731 8.2858489116928 0.7999999999999999
vertex 86.61011462500731 8.2858489116928 2.57
endloop
endfacet
facet normal -0.829926343333703 -0.5578729825334335 -2.3959609583474268e-33
outer loop
vertex 86.61011462500731 8.2858489116928 0.7999999999999999
vertex 83.43839191942318 14.029328668507842 2.57
vertex 83.43839191942318 14.029328668507842 0.7999999999999999
endloop
endfacet
facet normal -0.5387067470900893 -0.8424933475343379 -9.205219227105217e-33
outer loop
vertex 90.88328908120243 4.028890899844969 2.57
vertex 88.63635177641014 5.775499331883374 0.7999999999999999
vertex 90.88328908120243 4.028890899844969 0.7999999999999999
endloop
endfacet
facet normal -0.7005985444994586 -0.7135556596687046 -5.886258248732817e-33
outer loop
vertex 88.63635177641014 5.775499331883374 0.7999999999999999
vertex 90.88328908120243 4.028890899844969 2.57
vertex 88.63635177641014 5.775499331883374 2.57
endloop
endfacet
facet normal 0.9993468769938103 -0.036136123792105956 -8.388113943613068e-33
outer loop
vertex 134.5266801731116 31.834676968436924 0.7999999999999999
vertex 134.43704859335898 30.09212390573167 2.57
vertex 134.43704859335898 30.09212390573167 0.7999999999999999
endloop
endfacet
facet normal 0.9974091511867442 -0.07193736948859435 -8.943099642079772e-33
outer loop
vertex 134.43704859335898 30.09212390573167 2.57
vertex 134.5266801731116 31.834676968436924 0.7999999999999999
vertex 134.5266801731116 31.834676968436924 2.57
endloop
endfacet
facet normal 0.42654296332163383 -0.9044673020296529 -1.7738237066493022e-32
outer loop
vertex 140.39604765048497 33.84095301472531 2.57
vertex 140.0522736487177 33.67883064601424 0.7999999999999999
vertex 140.39604765048497 33.84095301472531 0.7999999999999999
endloop
endfacet
facet normal 0.42654296332163383 -0.9044673020296529 -1.7738237066493022e-32
outer loop
vertex 140.0522736487177 33.67883064601424 0.7999999999999999
vertex 140.39604765048497 33.84095301472531 2.57
vertex 140.0522736487177 33.67883064601424 2.57
endloop
endfacet
facet normal -0.829926343333703 -0.5578729825334335 -2.3959609583474268e-33
outer loop
vertex 86.61011462500731 8.2858489116928 2.57
vertex 88.63635177641014 5.775499331883374 0.7999999999999999
vertex 88.63635177641014 5.775499331883374 2.57
endloop
endfacet
facet normal -0.7005985444994586 -0.7135556596687046 -5.886258248732817e-33
outer loop
vertex 88.63635177641014 5.775499331883374 0.7999999999999999
vertex 86.61011462500731 8.2858489116928 2.57
vertex 86.61011462500731 8.2858489116928 0.7999999999999999
endloop
endfacet
facet normal 0.7222000770264126 -0.6916842117202356 -1.6661043367917801e-32
outer loop
vertex 127.52499086778856 7.192319705539164 2.57
vertex 124.83139013104717 5.017899863259768 0.7999999999999999
vertex 127.52499086778856 7.192319705539164 0.7999999999999999
endloop
endfacet
facet normal 0.5390159580865361 -0.8422955520053836 -1.7627438826175e-32
outer loop
vertex 124.83139013104717 5.017899863259768 0.7999999999999999
vertex 127.52499086778856 7.192319705539164 2.57
vertex 124.83139013104717 5.017899863259768 2.57
endloop
endfacet
facet normal -0.9598640005345456 -0.2804658633021461 3.037564168146281e-33
outer loop
vertex 81.22258706164338 19.952014615086313 2.57
vertex 83.43839191942318 14.029328668507842 0.7999999999999999
vertex 83.43839191942318 14.029328668507842 2.57
endloop
endfacet
facet normal -0.9084326293507633 -0.4180312882199832 4.447588777965677e-34
outer loop
vertex 83.43839191942318 14.029328668507842 0.7999999999999999
vertex 81.22258706164338 19.952014615086313 2.57
vertex 81.22258706164338 19.952014615086313 0.7999999999999999
endloop
endfacet
facet normal 0.3639268486716795 -0.931427532777457 -1.767806108731897e-32
outer loop
vertex 121.74036181880494 3.488807838444645 2.57
vertex 115.6044395110048 1.6873176005968318 0.7999999999999999
vertex 121.74036181880494 3.488807838444645 0.7999999999999999
endloop
endfacet
facet normal 0.2065543337483301 -0.9784351318354138 -1.7196357085211434e-32
outer loop
vertex 115.6044395110048 1.6873176005968318 0.7999999999999999
vertex 121.74036181880494 3.488807838444645 2.57
vertex 115.6044395110048 1.6873176005968318 2.57
endloop
endfacet
facet normal 0.9497168277407142 -0.3131101197759581 -1.2410925682546183e-32
outer loop
vertex 132.16279852674387 16.24807135585764 0.7999999999999999
vertex 131.29757554067584 13.887806403023898 2.57
vertex 131.29757554067584 13.887806403023898 0.7999999999999999
endloop
endfacet
facet normal 0.9302164419124107 -0.36701140472172655 -1.3116853733057786e-32
outer loop
vertex 131.29757554067584 13.887806403023898 2.57
vertex 132.16279852674387 16.24807135585764 0.7999999999999999
vertex 132.16279852674387 16.24807135585764 2.57
endloop
endfacet
facet normal 0.06328486876996563 -0.9979955036896551 -1.6387810512053056e-32
outer loop
vertex 109.29728367603498 0.8593264821749615 2.57
vertex 102.936427581059 0.8839891266577715 0.7999999999999999
vertex 109.29728367603498 0.8593264821749615 0.7999999999999999
endloop
endfacet
facet normal -0.058078087592036476 -0.9983120432718678 -1.544406583193021e-32
outer loop
vertex 102.936427581059 0.8839891266577715 0.7999999999999999
vertex 109.29728367603498 0.8593264821749615 2.57
vertex 102.936427581059 0.8839891266577715 2.57
endloop
endfacet
facet normal 0.5390159580865361 -0.8422955520053836 -1.7627438826175e-32
outer loop
vertex 124.83139013104717 5.017899863259768 2.57
vertex 121.74036181880494 3.488807838444645 0.7999999999999999
vertex 124.83139013104717 5.017899863259768 0.7999999999999999
endloop
endfacet
facet normal 0.3639268486716795 -0.931427532777457 -1.767806108731897e-32
outer loop
vertex 121.74036181880494 3.488807838444645 0.7999999999999999
vertex 124.83139013104717 5.017899863259768 2.57
vertex 121.74036181880494 3.488807838444645 2.57
endloop
endfacet
facet normal -0.058078087592036476 -0.9983120432718678 -1.544406583193021e-32
outer loop
vertex 102.936427581059 0.8839891266577715 2.57
vertex 96.64678522442925 1.5935826925632517 0.7999999999999999
vertex 102.936427581059 0.8839891266577715 0.7999999999999999
endloop
endfacet
facet normal -0.21850759701578232 -0.9758352473888144 -1.3831924941892397e-32
outer loop
vertex 96.64678522442925 1.5935826925632517 0.7999999999999999
vertex 102.936427581059 0.8839891266577715 2.57
vertex 96.64678522442925 1.5935826925632517 2.57
endloop
endfacet
facet normal 0.9922219688037168 -0.12448118180382173 -9.739307042662536e-33
outer loop
vertex 133.72446996668015 23.551662534431134 0.7999999999999999
vertex 133.39816622383583 21.113604047697752 2.57
vertex 133.39816622383583 21.113604047697752 0.7999999999999999
endloop
endfacet
facet normal 0.9851747660116265 -0.1715537245702848 -1.0433843369365654e-32
outer loop
vertex 133.39816622383583 21.113604047697752 2.57
vertex 133.72446996668015 23.551662534431134 0.7999999999999999
vertex 133.72446996668015 23.551662534431134 2.57
endloop
endfacet
facet normal -0.9894055744692698 -0.14517785371444972 5.422972630231942e-33
outer loop
vertex 79.92015536907826 26.045936263620455 2.57
vertex 81.22258706164338 19.952014615086313 0.7999999999999999
vertex 81.22258706164338 19.952014615086313 2.57
endloop
endfacet
facet normal -0.9598640005345456 -0.2804658633021461 3.037564168146281e-33
outer loop
vertex 81.22258706164338 19.952014615086313 0.7999999999999999
vertex 79.92015536907826 26.045936263620455 2.57
vertex 79.92015536907826 26.045936263620455 0.7999999999999999
endloop
endfacet
facet normal 0.9945440513741425 -0.10431744761211989 -9.436353312098816e-33
outer loop
vertex 134.23410794692734 27.90698550409346 0.7999999999999999
vertex 133.9791907880079 25.727020364663087 2.57
vertex 133.9791907880079 25.727020364663087 0.7999999999999999
endloop
endfacet
facet normal 0.9932232531088625 -0.11622206969353394 -9.615608585627993e-33
outer loop
vertex 133.9791907880079 25.727020364663087 2.57
vertex 134.23410794692734 27.90698550409346 0.7999999999999999
vertex 134.23410794692734 27.90698550409346 2.57
endloop
endfacet
facet normal 0.9974091511867442 -0.07193736948859435 -8.943099642079772e-33
outer loop
vertex 134.43704859335898 30.09212390573167 0.7999999999999999
vertex 134.23410794692734 27.90698550409346 2.57
vertex 134.23410794692734 27.90698550409346 0.7999999999999999
endloop
endfacet
facet normal 0.9945440513741425 -0.10431744761211989 -9.436353312098816e-33
outer loop
vertex 134.23410794692734 27.90698550409346 2.57
vertex 134.43704859335898 30.09212390573167 0.7999999999999999
vertex 134.43704859335898 30.09212390573167 2.57
endloop
endfacet
facet normal 1.0 0.0 -7.817752609049123e-33
outer loop
vertex 140.8 35.48255156283277 0.7999999999999999
vertex 140.8 34.973092292838466 2.57
vertex 140.8 34.973092292838466 0.7999999999999999
endloop
endfacet
facet normal 1.0 0.0 -7.817752609049123e-33
outer loop
vertex 140.8 34.973092292838466 2.57
vertex 140.8 35.48255156283277 0.7999999999999999
vertex 140.8 35.48255156283277 2.57
endloop
endfacet
facet normal 0.6519705914298282 0.758244253463645 6.978084814908607e-33
outer loop
vertex 130.91258543600713 46.94697001477676 0.7999999999999999
vertex 132.2551051351003 45.38021711910132 2.57
vertex 132.2551051351003 45.38021711910132 0.7999999999999999
endloop
endfacet
facet normal 0.8522621432870342 0.5231149387274185 1.6678238167062903e-33
outer loop
vertex 132.2551051351003 45.38021711910132 2.57
vertex 130.91258543600713 46.94697001477676 0.7999999999999999
vertex 130.91258543600713 46.94697001477676 2.57
endloop
endfacet
facet normal 0.05612722171086063 0.9984236250124593 1.546109415649099e-32
outer loop
vertex 118.43506889562167 49.62480751163961 2.57
vertex 122.93606758277939 49.29258623397125 0.7999999999999999
vertex 118.43506889562167 49.62480751163961 0.7999999999999999
endloop
endfacet
facet normal 0.09834526679182519 0.9951523544159683 1.5078948983861858e-32
outer loop
vertex 122.93606758277939 49.29258623397125 0.7999999999999999
vertex 118.43506889562167 49.62480751163961 2.57
vertex 122.93606758277939 49.29258623397125 2.57
endloop
endfacet
facet normal -0.009211537708793316 0.9999575728864899 1.5996324512818065e-32
outer loop
vertex 137.7914351924342 36.62318625454302 2.57
vertex 139.49147772501556 36.63884692487549 0.7999999999999999
vertex 137.7914351924342 36.62318625454302 0.7999999999999999
endloop
endfacet
facet normal 0.014190574211573244 0.9998993087324074 1.581244473541994e-32
outer loop
vertex 139.49147772501556 36.63884692487549 0.7999999999999999
vertex 137.7914351924342 36.62318625454302 2.57
vertex 139.49147772501556 36.63884692487549 2.57
endloop
endfacet
facet normal -0.11558898318058906 0.9932971292454628 1.672188958869217e-32
outer loop
vertex 98.2224001528284 49.05093915251263 2.57
vertex 103.33092702679193 49.54349655304575 0.7999999999999999
vertex 98.2224001528284 49.05093915251263 0.7999999999999999
endloop
endfacet
facet normal -0.0796995184232191 0.9968189337904387 1.6497399322279094e-32
outer loop
vertex 103.33092702679193 49.54349655304575 0.7999999999999999
vertex 98.2224001528284 49.05093915251263 2.57
vertex 103.33092702679193 49.54349655304575 2.57
endloop
endfacet
facet normal 0.824075560709022 -0.5664798939433874 -1.546360360827411e-32
outer loop
vertex 140.646018363884 34.09888145277971 0.7999999999999999
vertex 140.39604765048497 33.84095301472531 2.57
vertex 140.39604765048497 33.84095301472531 0.7999999999999999
endloop
endfacet
facet normal 0.7180975403414085 -0.6959424707227022 -1.6696783468773419e-32
outer loop
vertex 140.39604765048497 33.84095301472531 2.57
vertex 140.646018363884 34.09888145277971 0.7999999999999999
vertex 140.646018363884 34.09888145277971 2.57
endloop
endfacet
facet normal -0.0796995184232191 0.9968189337904387 1.6497399322279094e-32
outer loop
vertex 103.33092702679193 49.54349655304575 2.57
vertex 108.46862324687058 49.86990466393665 0.7999999999999999
vertex 103.33092702679193 49.54349655304575 0.7999999999999999
endloop
endfacet
facet normal -0.026050529888496876 0.9996606273593698 1.6123238734312184e-32
outer loop
vertex 108.46862324687058 49.86990466393665 0.7999999999999999
vertex 103.33092702679193 49.54349655304575 2.57
vertex 108.46862324687058 49.86990466393665 2.57
endloop
endfacet
facet normal -0.15980599625147848 0.9871484404901183 1.696964947170247e-32
outer loop
vertex 93.14250671095552 48.35798520608242 2.57
vertex 98.2224001528284 49.05093915251263 0.7999999999999999
vertex 93.14250671095552 48.35798520608242 0.7999999999999999
endloop
endfacet
facet normal -0.11558898318058906 0.9932971292454628 1.672188958869217e-32
outer loop
vertex 98.2224001528284 49.05093915251263 0.7999999999999999
vertex 93.14250671095552 48.35798520608242 2.57
vertex 98.2224001528284 49.05093915251263 2.57
endloop
endfacet
facet normal -0.2702037417844345 0.9628031667613535 1.744501357597192e-32
outer loop
vertex 88.11343941889088 47.4146916965485 2.57
vertex 93.14250671095552 48.35798520608242 0.7999999999999999
vertex 88.11343941889088 47.4146916965485 0.7999999999999999
endloop
endfacet
facet normal -0.15980599625147848 0.9871484404901183 1.696964947170247e-32
outer loop
vertex 93.14250671095552 48.35798520608242 0.7999999999999999
vertex 88.11343941889088 47.4146916965485 2.57
vertex 93.14250671095552 48.35798520608242 2.57
endloop
endfacet
facet normal 0.9496916896951657 0.31318635749971835 -2.4369661255558647e-33
outer loop
vertex 133.06863604866624 43.41523260080912 0.7999999999999999
vertex 133.5324498263188 41.556702639553095 2.57
vertex 133.5324498263188 41.556702639553095 0.7999999999999999
endloop
endfacet
facet normal 0.9752158776904619 0.22125549010233 -4.100505748056043e-33
outer loop
vertex 133.5324498263188 41.556702639553095 2.57
vertex 133.06863604866624 43.41523260080912 0.7999999999999999
vertex 133.06863604866624 43.41523260080912 2.57
endloop
endfacet
facet normal 0.09834526679182519 0.9951523544159683 1.5078948983861858e-32
outer loop
vertex 122.93606758277939 49.29258623397125 2.57
vertex 126.8673506612833 48.805259794014106 0.7999999999999999
vertex 122.93606758277939 49.29258623397125 0.7999999999999999
endloop
endfacet
facet normal 0.21748650014262028 0.9760633290190315 1.3843539821550933e-32
outer loop
vertex 126.8673506612833 48.805259794014106 0.7999999999999999
vertex 122.93606758277939 49.29258623397125 2.57
vertex 126.8673506612833 48.805259794014106 2.57
endloop
endfacet
facet normal -0.026050529888496876 0.9996606273593698 1.6123238734312184e-32
outer loop
vertex 108.46862324687058 49.86990466393665 2.57
vertex 113.59989510473015 49.81171471409195 0.7999999999999999
vertex 108.46862324687058 49.86990466393665 0.7999999999999999
endloop
endfacet
facet normal 0.024985535600653346 0.9996878127749426 1.5724684327558607e-32
outer loop
vertex 113.59989510473015 49.81171471409195 0.7999999999999999
vertex 108.46862324687058 49.86990466393665 2.57
vertex 113.59989510473015 49.81171471409195 2.57
endloop
endfacet
facet normal 0.9859059296442478 0.16730062131478038 -5.0433084942714495e-33
outer loop
vertex 134.19744835892237 37.89121732256855 0.7999999999999999
vertex 134.43282403744584 36.592246968575054 2.57
vertex 134.43282403744584 36.592246968575054 0.7999999999999999
endloop
endfacet
facet normal 0.9839764915142258 0.17829824493627175 -4.853087615040621e-33
outer loop
vertex 134.43282403744584 36.592246968575054 2.57
vertex 134.19744835892237 37.89121732256855 0.7999999999999999
vertex 134.19744835892237 37.89121732256855 2.57
endloop
endfacet
facet normal -0.49062772162251345 0.8713692895526566 1.7712150446357617e-32
outer loop
vertex 84.38488036487794 46.00360371801598 2.57
vertex 88.11343941889088 47.4146916965485 0.7999999999999999
vertex 84.38488036487794 46.00360371801598 0.7999999999999999
endloop
endfacet
facet normal -0.2702037417844345 0.9628031667613535 1.744501357597192e-32
outer loop
vertex 88.11343941889088 47.4146916965485 0.7999999999999999
vertex 84.38488036487794 46.00360371801598 2.57
vertex 88.11343941889088 47.4146916965485 2.57
endloop
endfacet
facet normal -0.6161337801144939 0.787641520618247 1.7359962160817062e-32
outer loop
vertex 81.67669338320269 43.885120323480486 2.57
vertex 84.38488036487794 46.00360371801598 0.7999999999999999
vertex 81.67669338320269 43.885120323480486 0.7999999999999999
endloop
endfacet
facet normal -0.49062772162251345 0.8713692895526566 1.7712150446357617e-32
outer loop
vertex 84.38488036487794 46.00360371801598 0.7999999999999999
vertex 81.67669338320269 43.885120323480486 2.57
vertex 84.38488036487794 46.00360371801598 2.57
endloop
endfacet
facet normal 0.9856601975656404 0.16874233296616206 -5.018428182884251e-33
outer loop
vertex 140.76659982829054 36.04418571589309 0.7999999999999999
vertex 140.8 35.84908814157849 2.57
vertex 140.8 35.84908814157849 0.7999999999999999
endloop
endfacet
facet normal 0.9964086003155634 0.08467526921823097 -6.441223403665998e-33
outer loop
vertex 140.8 35.84908814157849 2.57
vertex 140.76659982829054 36.04418571589309 0.7999999999999999
vertex 140.76659982829054 36.04418571589309 2.57
endloop
endfacet
facet normal 0.014190574211573244 0.9998993087324074 1.581244473541994e-32
outer loop
vertex 139.49147772501556 36.63884692487549 2.57
vertex 139.98506741887317 36.62028228135735 0.7999999999999999
vertex 139.49147772501556 36.63884692487549 0.7999999999999999
endloop
endfacet
facet normal 0.037584914490322134 0.9992934374860847 1.5619905079164867e-32
outer loop
vertex 139.98506741887317 36.62028228135735 0.7999999999999999
vertex 139.49147772501556 36.63884692487549 2.57
vertex 139.98506741887317 36.62028228135735 2.57
endloop
endfacet
facet normal 0.8522621432870342 0.5231149387274185 1.6678238167062903e-33
outer loop
vertex 132.2551051351003 45.38021711910132 0.7999999999999999
vertex 133.06863604866624 43.41523260080912 2.57
vertex 133.06863604866624 43.41523260080912 0.7999999999999999
endloop
endfacet
facet normal 0.9496916896951657 0.31318635749971835 -2.4369661255558647e-33
outer loop
vertex 133.06863604866624 43.41523260080912 2.57
vertex 132.2551051351003 45.38021711910132 0.7999999999999999
vertex 132.2551051351003 45.38021711910132 2.57
endloop
endfacet
facet normal 0.38621327201413197 0.922409512375137 1.1670039347239134e-32
outer loop
vertex 139.98506741887317 36.62028228135735 2.57
vertex 140.28988621181833 36.49265451753301 0.7999999999999999
vertex 139.98506741887317 36.62028228135735 0.7999999999999999
endloop
endfacet
facet normal 0.4831627881755013 0.8755305363735042 1.0165564947749138e-32
outer loop
vertex 140.28988621181833 36.49265451753301 0.7999999999999999
vertex 139.98506741887317 36.62028228135735 2.57
vertex 140.28988621181833 36.49265451753301 2.57
endloop
endfacet
facet normal -0.009211537708800005 0.9999575728864898 1.5996324512818114e-32
outer loop
vertex 135.73884927770536 36.60427797976543 2.57
vertex 137.7914351924342 36.62318625454302 0.7999999999999999
vertex 135.73884927770536 36.60427797976543 0.7999999999999999
endloop
endfacet
facet normal -0.009211537708800005 0.9999575728864898 1.5996324512818114e-32
outer loop
vertex 137.7914351924342 36.62318625454302 0.7999999999999999
vertex 135.73884927770536 36.60427797976543 2.57
vertex 137.7914351924342 36.62318625454302 2.57
endloop
endfacet
facet normal 0.024985535600653346 0.9996878127749426 1.5724684327558607e-32
outer loop
vertex 113.59989510473015 49.81171471409195 2.57
vertex 118.43506889562167 49.62480751163961 0.7999999999999999
vertex 113.59989510473015 49.81171471409195 0.7999999999999999
endloop
endfacet
facet normal 0.05612722171086063 0.9984236250124593 1.546109415649099e-32
outer loop
vertex 118.43506889562167 49.62480751163961 0.7999999999999999
vertex 113.59989510473015 49.81171471409195 2.57
vertex 118.43506889562167 49.62480751163961 2.57
endloop
endfacet
facet normal 0.691891652004287 0.7220013447956858 6.0888240030755794e-33
outer loop
vertex 140.57717165705898 36.29100701161631 0.7999999999999999
vertex 140.76659982829054 36.04418571589309 2.57
vertex 140.76659982829054 36.04418571589309 0.7999999999999999
endloop
endfacet
facet normal 0.7932981851245697 0.6088333018799676 3.493853242570147e-33
outer loop
vertex 140.76659982829054 36.04418571589309 2.57
vertex 140.57717165705898 36.29100701161631 0.7999999999999999
vertex 140.57717165705898 36.29100701161631 2.57
endloop
endfacet
facet normal -0.009211537708799651 0.9999575728864897 1.599632451281811e-32
outer loop
vertex 134.43282403744584 36.592246968575054 2.57
vertex 135.73884927770536 36.60427797976543 0.7999999999999999
vertex 134.43282403744584 36.592246968575054 0.7999999999999999
endloop
endfacet
facet normal -0.009211537708799651 0.9999575728864897 1.599632451281811e-32
outer loop
vertex 135.73884927770536 36.60427797976543 0.7999999999999999
vertex 134.43282403744584 36.592246968575054 2.57
vertex 135.73884927770536 36.60427797976543 2.57
endloop
endfacet
facet normal 1.0 0.0 -7.817752609049122e-33
outer loop
vertex 140.8 34.973092292838466 0.7999999999999999
vertex 140.8 34.59124283488328 2.57
vertex 140.8 34.59124283488328 0.7999999999999999
endloop
endfacet
facet normal 0.9989492486280036 -0.04583010654086529 -8.53938192919168e-33
outer loop
vertex 140.8 34.59124283488328 2.57
vertex 140.8 34.973092292838466 0.7999999999999999
vertex 140.8 34.973092292838466 2.57
endloop
endfacet
facet normal 0.9964086003155634 0.08467526921823097 -6.441223403665998e-33
outer loop
vertex 140.8 35.84908814157849 0.7999999999999999
vertex 140.8 35.48255156283277 2.57
vertex 140.8 35.48255156283277 0.7999999999999999
endloop
endfacet
facet normal 1.0 0.0 -7.817752609049123e-33
outer loop
vertex 140.8 35.48255156283277 2.57
vertex 140.8 35.84908814157849 0.7999999999999999
vertex 140.8 35.84908814157849 2.57
endloop
endfacet
facet normal 0.9655601949903678 -0.26017976449017494 -1.1691870007364695e-32
outer loop
vertex 140.78156876403403 34.39079473381649 0.7999999999999999
vertex 140.646018363884 34.09888145277971 2.57
vertex 140.646018363884 34.09888145277971 0.7999999999999999
endloop
endfacet
facet normal 0.824075560709022 -0.5664798939433874 -1.546360360827411e-32
outer loop
vertex 140.646018363884 34.09888145277971 2.57
vertex 140.78156876403403 34.39079473381649 0.7999999999999999
vertex 140.78156876403403 34.39079473381649 2.57
endloop
endfacet
facet normal 0.4831627881755013 0.8755305363735042 1.0165564947749138e-32
outer loop
vertex 140.28988621181833 36.49265451753301 2.57
vertex 140.57717165705898 36.29100701161631 0.7999999999999999
vertex 140.28988621181833 36.49265451753301 0.7999999999999999
endloop
endfacet
facet normal 0.691891652004287 0.7220013447956858 6.0888240030755794e-33
outer loop
vertex 140.57717165705898 36.29100701161631 0.7999999999999999
vertex 140.28988621181833 36.49265451753301 2.57
vertex 140.57717165705898 36.29100701161631 2.57
endloop
endfacet
facet normal 0.9989492486280036 -0.04583010654086529 -8.53938192919168e-33
outer loop
vertex 140.8 34.59124283488328 0.7999999999999999
vertex 140.78156876403403 34.39079473381649 2.57
vertex 140.78156876403403 34.39079473381649 0.7999999999999999
endloop
endfacet
facet normal 0.9655601949903678 -0.26017976449017494 -1.1691870007364695e-32
outer loop
vertex 140.78156876403403 34.39079473381649 2.57
vertex 140.8 34.59124283488328 0.7999999999999999
vertex 140.8 34.59124283488328 2.57
endloop
endfacet
facet normal 0.9752158776904619 0.22125549010233 -4.100505748056043e-33
outer loop
vertex 133.5324498263188 41.556702639553095 0.7999999999999999
vertex 133.9087139628413 39.7160359395826 2.57
vertex 133.9087139628413 39.7160359395826 0.7999999999999999
endloop
endfacet
facet normal 0.9839719151502985 0.17832349871919284 -4.852649672003933e-33
outer loop
vertex 133.9087139628413 39.7160359395826 2.57
vertex 133.5324498263188 41.556702639553095 0.7999999999999999
vertex 133.5324498263188 41.556702639553095 2.57
endloop
endfacet
facet normal 0.42285387321460355 0.9061978823123612 1.1125422199427223e-32
outer loop
vertex 129.103458704461 48.07626614945217 2.57
vertex 130.91258543600713 46.94697001477676 0.7999999999999999
vertex 129.103458704461 48.07626614945217 0.7999999999999999
endloop
endfacet
facet normal 0.6519705914298282 0.758244253463645 6.978084814908607e-33
outer loop
vertex 130.91258543600713 46.94697001477676 0.7999999999999999
vertex 129.103458704461 48.07626614945217 2.57
vertex 130.91258543600713 46.94697001477676 2.57
endloop
endfacet
facet normal 0.21748650014262028 0.9760633290190315 1.3843539821550933e-32
outer loop
vertex 126.8673506612833 48.805259794014106 2.57
vertex 129.103458704461 48.07626614945217 0.7999999999999999
vertex 126.8673506612833 48.805259794014106 0.7999999999999999
endloop
endfacet
facet normal 0.42285387321460355 0.9061978823123612 1.1125422199427223e-32
outer loop
vertex 129.103458704461 48.07626614945217 0.7999999999999999
vertex 126.8673506612833 48.805259794014106 2.57
vertex 129.103458704461 48.07626614945217 2.57
endloop
endfacet
facet normal 0.9839719151502985 0.17832349871919284 -4.852649672003933e-33
outer loop
vertex 133.9087139628413 39.7160359395826 0.7999999999999999
vertex 134.19744835892237 37.89121732256855 2.57
vertex 134.19744835892237 37.89121732256855 0.7999999999999999
endloop
endfacet
facet normal 0.9859059296442478 0.16730062131478038 -5.0433084942714495e-33
outer loop
vertex 134.19744835892237 37.89121732256855 2.57
vertex 133.9087139628413 39.7160359395826 0.7999999999999999
vertex 133.9087139628413 39.7160359395826 2.57
endloop
endfacet
facet normal -0.8400256831992898 0.5425466353831406 1.5207160897137665e-32
outer loop
vertex 62.997559452943776 38.21685518496059 2.57
vertex 62.68447512930718 37.736989526617485 0.7999999999999999
vertex 62.68447512930718 37.736989526617485 2.57
endloop
endfacet
facet normal -0.8375079972096016 0.5464250676990965 1.5249242233742936e-32
outer loop
vertex 62.68447512930718 37.736989526617485 0.7999999999999999
vertex 62.997559452943776 38.21685518496059 2.57
vertex 62.997559452943776 38.21685518496059 0.7999999999999999
endloop
endfacet
facet normal 0.0 1.0 1.592498664107766e-32
outer loop
vertex 62.497650122701316 37.736989526617485 2.57
vertex 62.68447512930718 37.736989526617485 0.7999999999999999
vertex 62.497650122701316 37.736989526617485 0.7999999999999999
endloop
endfacet
facet normal 0.0 1.0 1.592498664107766e-32
outer loop
vertex 62.68447512930718 37.736989526617485 0.7999999999999999
vertex 62.497650122701316 37.736989526617485 2.57
vertex 62.68447512930718 37.736989526617485 2.57
endloop
endfacet
facet normal -6.037663261800583e-14 1.0 1.5924986641078133e-32
outer loop
vertex 62.31082509717269 37.73698952661748 2.57
vertex 62.497650122701316 37.736989526617485 0.7999999999999999
vertex 62.31082509717269 37.73698952661748 0.7999999999999999
endloop
endfacet
facet normal -6.037663261800583e-14 1.0 1.5924986641078133e-32
outer loop
vertex 62.497650122701316 37.736989526617485 0.7999999999999999
vertex 62.31082509717269 37.73698952661748 2.57
vertex 62.497650122701316 37.736989526617485 2.57
endloop
endfacet
facet normal 0.0 1.0 1.592498664107766e-32
outer loop
vertex 62.124000039863475 37.73698952661748 2.57
vertex 62.31082509717269 37.73698952661748 0.7999999999999999
vertex 62.124000039863475 37.73698952661748 0.7999999999999999
endloop
endfacet
facet normal 0.0 1.0 1.592498664107766e-32
outer loop
vertex 62.31082509717269 37.73698952661748 0.7999999999999999
vertex 62.124000039863475 37.73698952661748 2.57
vertex 62.31082509717269 37.73698952661748 2.57
endloop
endfacet
facet normal 0.9319648630127126 0.36254860930597377 -1.5122889794208275e-33
outer loop
vertex 60.63403144816607 42.94530708798936 0.7999999999999999
vertex 61.85836534114182 39.79804313617544 2.57
vertex 61.85836534114182 39.79804313617544 0.7999999999999999
endloop
endfacet
facet normal 0.9690140868419005 0.24700546451841532 -3.6419536828846753e-33
outer loop
vertex 61.85836534114182 39.79804313617544 2.57
vertex 60.63403144816607 42.94530708798936 0.7999999999999999
vertex 60.63403144816607 42.94530708798936 2.57
endloop
endfacet
facet normal -0.9882684277722885 0.15272692843270724 1.015821237468137e-32
outer loop
vertex 80.04985613304373 41.016925144720275 2.57
vertex 79.54297512953028 37.73698952661747 0.7999999999999999
vertex 79.54297512953028 37.73698952661747 2.57
endloop
endfacet
facet normal -0.9882684277722885 0.15272692843270724 1.015821237468137e-32
outer loop
vertex 79.54297512953028 37.73698952661747 0.7999999999999999
vertex 80.04985613304373 41.016925144720275 2.57
vertex 80.04985613304373 41.016925144720275 0.7999999999999999
endloop
endfacet
facet normal 0.7464742325144774 0.6654143222022816 4.7609633130250824e-33
outer loop
vertex 77.78623575377462 39.302804007921424 0.7999999999999999
vertex 78.30613067242467 38.71957616409768 2.57
vertex 78.30613067242467 38.71957616409768 0.7999999999999999
endloop
endfacet
facet normal 0.8169335232955638 0.5767318428142292 2.7978627091371154e-33
outer loop
vertex 78.30613067242467 38.71957616409768 2.57
vertex 77.78623575377462 39.302804007921424 0.7999999999999999
vertex 77.78623575377462 39.302804007921424 2.57
endloop
endfacet
facet normal 0.5870091026857435 0.8095803316311966 8.303464022048971e-33
outer loop
vertex 58.30648751342168 45.32769004244235 0.7999999999999999
vertex 60.63403144816607 42.94530708798936 2.57
vertex 60.63403144816607 42.94530708798936 0.7999999999999999
endloop
endfacet
facet normal 0.7152913437782278 0.6988263686467027 5.5368298160790585e-33
outer loop
vertex 60.63403144816607 42.94530708798936 2.57
vertex 58.30648751342168 45.32769004244235 0.7999999999999999
vertex 58.30648751342168 45.32769004244235 2.57
endloop
endfacet
facet normal 0.0 1.0 1.592498664107766e-32
outer loop
vertex 79.3561501267236 37.73698952661747 2.57
vertex 79.54297512953028 37.73698952661747 0.7999999999999999
vertex 79.3561501267236 37.73698952661747 0.7999999999999999
endloop
endfacet
facet normal 0.0 1.0 1.592498664107766e-32
outer loop
vertex 79.54297512953028 37.73698952661747 0.7999999999999999
vertex 79.3561501267236 37.73698952661747 2.57
vertex 79.54297512953028 37.73698952661747 2.57
endloop
endfacet
facet normal 0.18701461541552203 0.9823571314043505 1.4181990196786637e-32
outer loop
vertex 50.27024974323292 48.051145049394265 2.57
vertex 54.936710613814355 46.98750796406133 0.7999999999999999
vertex 50.27024974323292 48.051145049394265 0.7999999999999999
endloop
endfacet
facet normal 0.33432682866497854 0.9424571988344183 1.239493386415483e-32
outer loop
vertex 54.936710613814355 46.98750796406133 0.7999999999999999
vertex 50.27024974323292 48.051145049394265 2.57
vertex 54.936710613814355 46.98750796406133 2.57
endloop
endfacet
facet normal 0.13025782737867328 0.9914801553266651 1.4770984758632047e-32
outer loop
vertex 45.202364940566284 48.82818192853695 2.57
vertex 50.27024974323292 48.051145049394265 0.7999999999999999
vertex 45.202364940566284 48.82818192853695 0.7999999999999999
endloop
endfacet
facet normal 0.18701461541552203 0.9823571314043505 1.4181990196786637e-32
outer loop
vertex 50.27024974323292 48.051145049394265 0.7999999999999999
vertex 45.202364940566284 48.82818192853695 2.57
vertex 50.27024974323292 48.051145049394265 2.57
endloop
endfacet
facet normal 0.09246167738418598 0.9957162438241643 1.5133925361596562e-32
outer loop
vertex 40.10327977557059 49.386798594172795 2.57
vertex 45.202364940566284 48.82818192853695 0.7999999999999999
vertex 40.10327977557059 49.386798594172795 0.7999999999999999
endloop
endfacet
facet normal 0.13025782737867328 0.9914801553266651 1.4770984758632047e-32
outer loop
vertex 45.202364940566284 48.82818192853695 0.7999999999999999
vertex 40.10327977557059 49.386798594172795 2.57
vertex 45.202364940566284 48.82818192853695 2.57
endloop
endfacet
facet normal 0.44776485700210455 0.8941513478342941 1.0738833390294007e-32
outer loop
vertex 77.18474081746588 39.604015089016485 2.57
vertex 77.78623575377462 39.302804007921424 0.7999999999999999
vertex 77.18474081746588 39.604015089016485 0.7999999999999999
endloop
endfacet
facet normal 0.44776485700210455 0.8941513478342941 1.0738833390294007e-32
outer loop
vertex 77.78623575377462 39.302804007921424 0.7999999999999999
vertex 77.18474081746588 39.604015089016485 2.57
vertex 77.78623575377462 39.302804007921424 2.57
endloop
endfacet
facet normal 0.007035079389106583 0.9999752535228006 1.5869594043509788e-32
outer loop
vertex 65.83375425487037 39.61848952661748 2.57
vertex 67.32927197632219 39.61848952661748 0.7999999999999999
vertex 65.83375425487037 39.61848952661748 0.7999999999999999
endloop
endfacet
facet normal 0.0 1.0 1.592498664107766e-32
outer loop
vertex 67.32927197632219 39.61848952661748 0.7999999999999999
vertex 65.83375425487037 39.61848952661748 2.57
vertex 67.32927197632219 39.61848952661748 2.57
endloop
endfacet
facet normal 0.33432682866497854 0.9424571988344183 1.239493386415483e-32
outer loop
vertex 54.936710613814355 46.98750796406133 2.57
vertex 58.30648751342168 45.32769004244235 0.7999999999999999
vertex 54.936710613814355 46.98750796406133 0.7999999999999999
endloop
endfacet
facet normal 0.5870091026857435 0.8095803316311966 8.303464022048971e-33
outer loop
vertex 58.30648751342168 45.32769004244235 0.7999999999999999
vertex 54.936710613814355 46.98750796406133 2.57
vertex 58.30648751342168 45.32769004244235 2.57
endloop
endfacet
facet normal -0.8698235286732192 0.49336297891762154 1.4656864009162777e-32
outer loop
vertex 81.67669338320269 43.885120323480486 2.57
vertex 80.04985613304373 41.016925144720275 0.7999999999999999
vertex 80.04985613304373 41.016925144720275 2.57
endloop
endfacet
facet normal -0.8698235286732192 0.49336297891762154 1.4656864009162777e-32
outer loop
vertex 80.04985613304373 41.016925144720275 0.7999999999999999
vertex 81.67669338320269 43.885120323480486 2.57
vertex 81.67669338320269 43.885120323480486 0.7999999999999999
endloop
endfacet
facet normal 7.54245077888973e-15 1.0 1.5924986641077602e-32
outer loop
vertex 74.80685869607392 39.61848952661748 2.57
vertex 76.30237603663944 39.61848952661747 0.7999999999999999
vertex 74.80685869607392 39.61848952661748 0.7999999999999999
endloop
endfacet
facet normal 0.008201243714560184 0.9999663692352531 1.586033577715139e-32
outer loop
vertex 76.30237603663944 39.61848952661747 0.7999999999999999
vertex 74.80685869607392 39.61848952661748 2.57
vertex 76.30237603663944 39.61848952661747 2.57
endloop
endfacet
facet normal 0.8169335232955638 0.5767318428142292 2.7978627091371154e-33
outer loop
vertex 78.30613067242467 38.71957616409768 0.7999999999999999
vertex 78.7568434865555 37.897282880516 2.57
vertex 78.7568434865555 37.897282880516 0.7999999999999999
endloop
endfacet
facet normal 0.8769122972715658 0.48065041651277574 7.988680620923227e-34
outer loop
vertex 78.7568434865555 37.897282880516 2.57
vertex 78.30613067242467 38.71957616409768 0.7999999999999999
vertex 78.30613067242467 38.71957616409768 2.57
endloop
endfacet
facet normal -0.13790498486887615 0.9904454629853757 1.6850937822017624e-32
outer loop
vertex 64.65313708626509 39.635102230963945 2.57
vertex 65.83375425487037 39.61848952661748 0.7999999999999999
vertex 64.65313708626509 39.635102230963945 0.7999999999999999
endloop
endfacet
facet normal 0.007035079389106583 0.9999752535228006 1.5869594043509788e-32
outer loop
vertex 65.83375425487037 39.61848952661748 0.7999999999999999
vertex 64.65313708626509 39.635102230963945 2.57
vertex 65.83375425487037 39.61848952661748 2.57
endloop
endfacet
facet normal 0.0 1.0 1.5924986641077663e-32
outer loop
vertex 73.3113412273372 39.61848952661748 2.57
vertex 74.80685869607392 39.61848952661748 0.7999999999999999
vertex 73.3113412273372 39.61848952661748 0.7999999999999999
endloop
endfacet
facet normal 0.0 1.0 1.5924986641077663e-32
outer loop
vertex 74.80685869607392 39.61848952661748 0.7999999999999999
vertex 73.3113412273372 39.61848952661748 2.57
vertex 74.80685869607392 39.61848952661748 2.57
endloop
endfacet
facet normal 0.5791072937515448 0.8152513369040018 8.455549092671415e-33
outer loop
vertex 78.7568434865555 37.897282880516 2.57
vertex 78.98250006604017 37.73698952661748 0.7999999999999999
vertex 78.7568434865555 37.897282880516 0.7999999999999999
endloop
endfacet
facet normal 0.5791072937515448 0.8152513369040018 8.455549092671415e-33
outer loop
vertex 78.98250006604017 37.73698952661748 0.7999999999999999
vertex 78.7568434865555 37.897282880516 2.57
vertex 78.98250006604017 37.73698952661748 2.57
endloop
endfacet
facet normal 9.056495312074586e-14 1.0 1.592498664107695e-32
outer loop
vertex 79.16932510984617 37.736989526617485 2.57
vertex 79.3561501267236 37.73698952661747 0.7999999999999999
vertex 79.16932510984617 37.736989526617485 0.7999999999999999
endloop
endfacet
facet normal 9.056495312074586e-14 1.0 1.592498664107695e-32
outer loop
vertex 79.3561501267236 37.73698952661747 0.7999999999999999
vertex 79.16932510984617 37.736989526617485 2.57
vertex 79.3561501267236 37.73698952661747 2.57
endloop
endfacet
facet normal -0.2866823503881338 0.9580256937973716 1.7497758068247468e-32
outer loop
vertex 64.01936560702555 39.44545063972407 2.57
vertex 64.65313708626509 39.635102230963945 0.7999999999999999
vertex 64.01936560702555 39.44545063972407 0.7999999999999999
endloop
endfacet
facet normal -0.13790498486887615 0.9904454629853757 1.6850937822017624e-32
outer loop
vertex 64.65313708626509 39.635102230963945 0.7999999999999999
vertex 64.01936560702555 39.44545063972407 2.57
vertex 64.65313708626509 39.635102230963945 2.57
endloop
endfacet
facet normal 0.0 1.0 1.5924986641077663e-32
outer loop
vertex 68.82478945890931 39.61848952661747 2.57
vertex 70.3203068055573 39.61848952661747 0.7999999999999999
vertex 68.82478945890931 39.61848952661747 0.7999999999999999
endloop
endfacet
facet normal 0.0 1.0 1.5924986641077663e-32
outer loop
vertex 70.3203068055573 39.61848952661747 0.7999999999999999
vertex 68.82478945890931 39.61848952661747 2.57
vertex 70.3203068055573 39.61848952661747 2.57
endloop
endfacet
facet normal 0.008201243714560184 0.9999663692352531 1.586033577715139e-32
outer loop
vertex 76.30237603663944 39.61848952661747 2.57
vertex 77.18474081746588 39.604015089016485 0.7999999999999999
vertex 76.30237603663944 39.61848952661747 0.7999999999999999
endloop
endfacet
facet normal 0.016401935800916832 0.9998654792030689 1.579461812278251e-32
outer loop
vertex 77.18474081746588 39.604015089016485 0.7999999999999999
vertex 76.30237603663944 39.61848952661747 2.57
vertex 77.18474081746588 39.604015089016485 2.57
endloop
endfacet
facet normal -0.7607075013030546 0.6490948293287071 1.628384953888744e-32
outer loop
vertex 63.47164568606911 38.95838456590868 2.57
vertex 62.997559452943776 38.21685518496059 0.7999999999999999
vertex 62.997559452943776 38.21685518496059 2.57
endloop
endfacet
facet normal -0.8400256831992898 0.5425466353831406 1.5207160897137665e-32
outer loop
vertex 62.997559452943776 38.21685518496059 0.7999999999999999
vertex 63.47164568606911 38.95838456590868 2.57
vertex 63.47164568606911 38.95838456590868 0.7999999999999999
endloop
endfacet
facet normal -0.7607075013030546 0.6490948293287071 1.628384953888744e-32
outer loop
vertex 63.47164568606911 38.95838456590868 2.57
vertex 64.01936560702555 39.44545063972407 0.7999999999999999
vertex 63.47164568606911 38.95838456590868 0.7999999999999999
endloop
endfacet
facet normal -0.6645192421632607 0.7472711534608877 1.709533017531251e-32
outer loop
vertex 64.01936560702555 39.44545063972407 0.7999999999999999
vertex 63.47164568606911 38.95838456590868 2.57
vertex 64.01936560702555 39.44545063972407 2.57
endloop
endfacet
facet normal -6.037662671126878e-14 1.0 1.592498664107813e-32
outer loop
vertex 78.98250006604017 37.73698952661748 2.57
vertex 79.16932510984617 37.736989526617485 0.7999999999999999
vertex 78.98250006604017 37.73698952661748 0.7999999999999999
endloop
endfacet
facet normal -6.037662671126878e-14 1.0 1.592498664107813e-32
outer loop
vertex 79.16932510984617 37.736989526617485 0.7999999999999999
vertex 78.98250006604017 37.73698952661748 2.57
vertex 79.16932510984617 37.736989526617485 2.57
endloop
endfacet
facet normal 7.54245006262199e-15 1.0 1.5924986641077602e-32
outer loop
vertex 67.32927197632219 39.61848952661748 2.57
vertex 68.82478945890931 39.61848952661747 0.7999999999999999
vertex 67.32927197632219 39.61848952661748 0.7999999999999999
endloop
endfacet
facet normal 7.54245006262199e-15 1.0 1.5924986641077602e-32
outer loop
vertex 68.82478945890931 39.61848952661747 0.7999999999999999
vertex 67.32927197632219 39.61848952661748 2.57
vertex 68.82478945890931 39.61848952661747 2.57
endloop
endfacet
facet normal 0.9690140868419005 0.24700546451841532 -3.6419536828846753e-33
outer loop
vertex 61.85836534114182 39.79804313617544 0.7999999999999999
vertex 62.124000039863475 37.73698952661748 2.57
vertex 62.124000039863475 37.73698952661748 0.7999999999999999
endloop
endfacet
facet normal 0.9917966487408025 0.1278256920439444 -5.717998400153265e-33
outer loop
vertex 62.124000039863475 37.73698952661748 2.57
vertex 61.85836534114182 39.79804313617544 0.7999999999999999
vertex 61.85836534114182 39.79804313617544 2.57
endloop
endfacet
facet normal -7.542453898817267e-15 1.0 1.592498664107772e-32
outer loop
vertex 70.3203068055573 39.61848952661747 2.57
vertex 71.81582352750377 39.61848952661748 0.7999999999999999
vertex 70.3203068055573 39.61848952661747 0.7999999999999999
endloop
endfacet
facet normal -7.542453898817267e-15 1.0 1.592498664107772e-32
outer loop
vertex 71.81582352750377 39.61848952661748 0.7999999999999999
vertex 70.3203068055573 39.61848952661747 2.57
vertex 71.81582352750377 39.61848952661748 2.57
endloop
endfacet
facet normal 0.0 1.0 1.592498664107766e-32
outer loop
vertex 71.81582352750377 39.61848952661748 2.57
vertex 73.3113412273372 39.61848952661748 0.7999999999999999
vertex 71.81582352750377 39.61848952661748 0.7999999999999999
endloop
endfacet
facet normal 0.0 1.0 1.592498664107766e-32
outer loop
vertex 73.3113412273372 39.61848952661748 0.7999999999999999
vertex 71.81582352750377 39.61848952661748 2.57
vertex 73.3113412273372 39.61848952661748 2.57
endloop
endfacet
facet normal 0.08897832975401374 0.9960335621022949 1.5166210600960768e-32
outer loop
vertex 101.46387723166788 2.2531776327417 2.57
vertex 107.88952398714525 2.053418454589458 0.7999999999999999
vertex 101.46387723166788 2.2531776327417 0.7999999999999999
endloop
endfacet
facet normal -0.035361072020946564 0.9993746017312675 1.6191471295053272e-32
outer loop
vertex 107.88952398714525 2.053418454589458 0.7999999999999999
vertex 101.46387723166788 2.2531776327417 2.57
vertex 107.88952398714525 2.053418454589458 2.57
endloop
endfacet
facet normal -0.044060350484137555 0.9990288712120461 1.6253974348055716e-32
outer loop
vertex 24.861857727474657 49.707657354098885 2.57
vertex 29.80755756463464 49.846512040816684 0.7999999999999999
vertex 24.861857727474657 49.707657354098885 0.7999999999999999
endloop
endfacet
facet normal -0.007341592075148169 0.999973050149754 1.5981952215672575e-32
outer loop
vertex 29.80755756463464 49.846512040816684 0.7999999999999999
vertex 24.861857727474657 49.707657354098885 2.57
vertex 29.80755756463464 49.846512040816684 2.57
endloop
endfacet
facet normal 0.2506849037208611 0.9680687367364277 1.3456689140059547e-32
outer loop
vertex 96.16702872686558 3.0380917691287395 2.57
vertex 101.46387723166788 2.2531776327417 0.7999999999999999
vertex 96.16702872686558 3.0380917691287395 0.7999999999999999
endloop
endfacet
facet normal 0.08897832975401374 0.9960335621022949 1.5166210600960768e-32
outer loop
vertex 101.46387723166788 2.2531776327417 0.7999999999999999
vertex 96.16702872686558 3.0380917691287395 2.57
vertex 101.46387723166788 2.2531776327417 2.57
endloop
endfacet
facet normal 0.044713001653709145 0.998999873615165 1.5559504456423072e-32
outer loop
vertex 34.98015078279277 49.77727195727953 2.57
vertex 40.10327977557059 49.386798594172795 0.7999999999999999
vertex 34.98015078279277 49.77727195727953 0.7999999999999999
endloop
endfacet
facet normal 0.09246167738418598 0.9957162438241643 1.5133925361596562e-32
outer loop
vertex 40.10327977557059 49.386798594172795 0.7999999999999999
vertex 34.98015078279277 49.77727195727953 2.57
vertex 40.10327977557059 49.386798594172795 2.57
endloop
endfacet
facet normal -0.9242235711352637 0.38185179135101693 1.3306335910723923e-32
outer loop
vertex 8.747705893217818 44.12757652046775 2.57
vertex 8.42328701684006 43.01034845448183 0.7999999999999999
vertex 8.42328701684006 43.01034845448183 2.57
endloop
endfacet
facet normal -0.96528047404123 0.26121563206427467 1.1706179395464233e-32
outer loop
vertex 8.42328701684006 43.01034845448183 0.7999999999999999
vertex 8.747705893217818 44.12757652046775 2.57
vertex 8.747705893217818 44.12757652046775 0.7999999999999999
endloop
endfacet
facet normal 0.42321569504572265 0.9060289595078991 1.111990347245855e-32
outer loop
vertex 93.50107027477775 4.040533963749939 2.57
vertex 96.16702872686558 3.0380917691287395 0.7999999999999999
vertex 93.50107027477775 4.040533963749939 0.7999999999999999
endloop
endfacet
facet normal 0.2506849037208611 0.9680687367364277 1.3456689140059547e-32
outer loop
vertex 96.16702872686558 3.0380917691287395 0.7999999999999999
vertex 93.50107027477775 4.040533963749939 2.57
vertex 96.16702872686558 3.0380917691287395 2.57
endloop
endfacet
facet normal -0.16097401437655115 0.986958644876014 1.6975758255828023e-32
outer loop
vertex 15.970105790346542 48.99525815814322 2.57
vertex 20.236681397597316 49.429438359961125 0.7999999999999999
vertex 15.970105790346542 48.99525815814322 0.7999999999999999
endloop
endfacet
facet normal -0.08065968855112683 0.9967416990589063 1.6503675732733793e-32
outer loop
vertex 20.236681397597316 49.429438359961125 0.7999999999999999
vertex 15.970105790346542 48.99525815814322 2.57
vertex 20.236681397597316 49.429438359961125 2.57
endloop
endfacet
facet normal -0.7888882924724642 0.6145366238068161 1.595382103130143e-32
outer loop
vertex 9.770029839148785 45.99452477770309 2.57
vertex 8.747705893217818 44.12757652046775 0.7999999999999999
vertex 8.747705893217818 44.12757652046775 2.57
endloop
endfacet
facet normal -0.9242235711352637 0.38185179135101693 1.3306335910723923e-32
outer loop
vertex 8.747705893217818 44.12757652046775 0.7999999999999999
vertex 9.770029839148785 45.99452477770309 2.57
vertex 9.770029839148785 45.99452477770309 0.7999999999999999
endloop
endfacet
facet normal -0.007341592075148169 0.999973050149754 1.5981952215672575e-32
outer loop
vertex 29.80755756463464 49.846512040816684 2.57
vertex 34.98015078279277 49.77727195727953 0.7999999999999999
vertex 29.80755756463464 49.846512040816684 0.7999999999999999
endloop
endfacet
facet normal 0.044713001653709145 0.998999873615165 1.5559504456423072e-32
outer loop
vertex 34.98015078279277 49.77727195727953 0.7999999999999999
vertex 29.80755756463464 49.846512040816684 2.57
vertex 34.98015078279277 49.77727195727953 2.57
endloop
endfacet
facet normal -0.18000207769009363 0.9836662299922925 1.7072083284402475e-32
outer loop
vertex 114.24239534653046 2.7024783067020506 2.57
vertex 120.5159972061267 4.3724828739488855 0.7999999999999999
vertex 114.24239534653046 2.7024783067020506 0.7999999999999999
endloop
endfacet
facet normal -0.3413975343954211 0.939918998376311 1.763715895808059e-32
outer loop
vertex 120.5159972061267 4.3724828739488855 0.7999999999999999
vertex 114.24239534653046 2.7024783067020506 2.57
vertex 120.5159972061267 4.3724828739488855 2.57
endloop
endfacet
facet normal -0.7888882924724642 0.6145366238068161 1.595382103130143e-32
outer loop
vertex 9.770029839148785 45.99452477770309 2.57
vertex 11.284380823557502 47.40018094650969 0.7999999999999999
vertex 9.770029839148785 45.99452477770309 0.7999999999999999
endloop
endfacet
facet normal -0.5692073645766716 0.8221940015055328 1.7543350849859047e-32
outer loop
vertex 11.284380823557502 47.40018094650969 0.7999999999999999
vertex 9.770029839148785 45.99452477770309 2.57
vertex 11.284380823557502 47.40018094650969 2.57
endloop
endfacet
facet normal -0.96528047404123 0.26121563206427467 1.1706179395464233e-32
outer loop
vertex 8.42328701684006 43.01034845448183 2.57
vertex 8.189934932932166 42.080803190518644 0.7999999999999999
vertex 8.189934932932166 42.080803190518644 2.57
endloop
endfacet
facet normal -0.9724306962708067 0.2331920687979639 1.1315803193303391e-32
outer loop
vertex 8.189934932932166 42.080803190518644 0.7999999999999999
vertex 8.42328701684006 43.01034845448183 2.57
vertex 8.42328701684006 43.01034845448183 0.7999999999999999
endloop
endfacet
facet normal -0.9919467751661087 0.12665541929802146 9.771780349933793e-33
outer loop
vertex 132.51025618724086 23.974567520860877 2.57
vertex 132.16111318054388 21.39164099804076 0.7999999999999999
vertex 132.16111318054388 21.39164099804076 2.57
endloop
endfacet
facet normal -0.983512668768143 0.18083923902893703 1.0568721198013489e-32
outer loop
vertex 132.16111318054388 21.39164099804076 0.7999999999999999
vertex 132.51025618724086 23.974567520860877 2.57
vertex 132.51025618724086 23.974567520860877 0.7999999999999999
endloop
endfacet
facet normal -0.08065968855112683 0.9967416990589063 1.6503675732733793e-32
outer loop
vertex 20.236681397597316 49.429438359961125 2.57
vertex 24.861857727474657 49.707657354098885 0.7999999999999999
vertex 20.236681397597316 49.429438359961125 0.7999999999999999
endloop
endfacet
facet normal -0.044060350484137555 0.9990288712120461 1.6253974348055716e-32
outer loop
vertex 24.861857727474657 49.707657354098885 0.7999999999999999
vertex 20.236681397597316 49.429438359961125 2.57
vertex 24.861857727474657 49.707657354098885 2.57
endloop
endfacet
facet normal -0.9772047005408135 0.2122992539811178 1.1020407380788068e-32
outer loop
vertex 7.978471631288208 41.155866213010235 2.57
vertex 7.788894630278856 40.23528563350884 0.7999999999999999
vertex 7.788894630278856 40.23528563350884 2.57
endloop
endfacet
facet normal -0.9816181657207067 0.19085538170854713 1.0713417380239459e-32
outer loop
vertex 7.788894630278856 40.23528563350884 0.7999999999999999
vertex 7.978471631288208 41.155866213010235 2.57
vertex 7.978471631288208 41.155866213010235 0.7999999999999999
endloop
endfacet
facet normal -0.3357641216384591 0.9419460996364677 1.76253998912901e-32
outer loop
vertex 13.251132877199899 48.381699530676954 2.57
vertex 15.970105790346542 48.99525815814322 0.7999999999999999
vertex 13.251132877199899 48.381699530676954 0.7999999999999999
endloop
endfacet
facet normal -0.16097401437655115 0.986958644876014 1.6975758255828023e-32
outer loop
vertex 15.970105790346542 48.99525815814322 0.7999999999999999
vertex 13.251132877199899 48.381699530676954 2.57
vertex 15.970105790346542 48.99525815814322 2.57
endloop
endfacet
facet normal -0.9856348669980668 0.16889022753760322 1.039502417038882e-32
outer loop
vertex 7.621201448274724 39.318809563566674 2.57
vertex 7.475389603646461 38.40618611473599 0.7999999999999999
vertex 7.475389603646461 38.40618611473599 2.57
endloop
endfacet
facet normal -0.9892197594339888 0.14643861357361107 1.0065508320135703e-32
outer loop
vertex 7.475389603646461 38.40618611473599 0.7999999999999999
vertex 7.621201448274724 39.318809563566674 2.57
vertex 7.621201448274724 39.318809563566674 0.7999999999999999
endloop
endfacet
facet normal -0.9724306962708067 0.2331920687979639 1.1315803193303391e-32
outer loop
vertex 8.189934932932166 42.080803190518644 2.57
vertex 7.978471631288208 41.155866213010235 0.7999999999999999
vertex 7.978471631288208 41.155866213010235 2.57
endloop
endfacet
facet normal -0.9772047005408135 0.2122992539811178 1.1020407380788068e-32
outer loop
vertex 7.978471631288208 41.155866213010235 0.7999999999999999
vertex 8.189934932932166 42.080803190518644 2.57
vertex 8.189934932932166 42.080803190518644 0.7999999999999999
endloop
endfacet
facet normal -0.9816181657207067 0.19085538170854713 1.0713417380239459e-32
outer loop
vertex 7.788894630278856 40.23528563350884 2.57
vertex 7.621201448274724 39.318809563566674 0.7999999999999999
vertex 7.621201448274724 39.318809563566674 2.57
endloop
endfacet
facet normal -0.9856348669980668 0.16889022753760322 1.039502417038882e-32
outer loop
vertex 7.621201448274724 39.318809563566674 0.7999999999999999
vertex 7.788894630278856 40.23528563350884 2.57
vertex 7.788894630278856 40.23528563350884 0.7999999999999999
endloop
endfacet
facet normal -0.9951799856666317 0.0980652646382133 9.341758958736072e-33
outer loop
vertex 133.03316817578903 28.442522016688844 2.57
vertex 132.7787525081198 26.208164916450173 0.7999999999999999
vertex 132.7787525081198 26.208164916450173 2.57
endloop
endfacet
facet normal -0.9932209104183725 0.11624208836604523 9.615909068145618e-33
outer loop
vertex 132.7787525081198 26.208164916450173 0.7999999999999999
vertex 133.03316817578903 28.442522016688844 2.57
vertex 133.03316817578903 28.442522016688844 0.7999999999999999
endloop
endfacet
facet normal -0.9383549037693999 0.34567336398964943 1.2840670200868805e-32
outer loop
vertex 130.08309701217337 14.284421221311808 2.57
vertex 128.7219055754317 10.946734378745303 0.7999999999999999
vertex 128.7219055754317 10.946734378745303 2.57
endloop
endfacet
facet normal -0.8751234075819191 0.48389980523059767 1.454759623678086e-32
outer loop
vertex 128.7219055754317 10.946734378745303 0.7999999999999999
vertex 130.08309701217337 14.284421221311808 2.57
vertex 130.08309701217337 14.284421221311808 0.7999999999999999
endloop
endfacet
facet normal -0.5692073645766716 0.8221940015055328 1.7543350849859047e-32
outer loop
vertex 11.284380823557502 47.40018094650969 2.57
vertex 13.251132877199899 48.381699530676954 0.7999999999999999
vertex 11.284380823557502 47.40018094650969 0.7999999999999999
endloop
endfacet
facet normal -0.3357641216384591 0.9419460996364677 1.76253998912901e-32
outer loop
vertex 13.251132877199899 48.381699530676954 0.7999999999999999
vertex 11.284380823557502 47.40018094650969 2.57
vertex 13.251132877199899 48.381699530676954 2.57
endloop
endfacet
facet normal -0.9892197594339888 0.14643861357361107 1.0065508320135703e-32
outer loop
vertex 7.475389603646461 38.40618611473599 2.57
vertex 7.351456614764682 37.497163398569 0.7999999999999999
vertex 7.351456614764682 37.497163398569 2.57
endloop
endfacet
facet normal -0.9923395496866909 0.12354035020031143 9.725243530199777e-33
outer loop
vertex 7.351456614764682 37.497163398569 0.7999999999999999
vertex 7.475389603646461 38.40618611473599 2.57
vertex 7.475389603646461 38.40618611473599 0.7999999999999999
endloop
endfacet
facet normal -0.9932209104183725 0.11624208836604523 9.615909068145618e-33
outer loop
vertex 132.7787525081198 26.208164916450173 2.57
vertex 132.51025618724086 23.974567520860877 0.7999999999999999
vertex 132.51025618724086 23.974567520860877 2.57
endloop
endfacet
facet normal -0.9919467751661087 0.12665541929802146 9.771780349933793e-33
outer loop
vertex 132.51025618724086 23.974567520860877 0.7999999999999999
vertex 132.7787525081198 26.208164916450173 2.57
vertex 132.7787525081198 26.208164916450173 0.7999999999999999
endloop
endfacet
facet normal -0.9519407003587753 0.3062823909408513 1.231957987802025e-32
outer loop
vertex 130.89698561929657 16.75131907691179 2.57
vertex 130.08309701217337 14.284421221311808 0.7999999999999999
vertex 130.08309701217337 14.284421221311808 2.57
endloop
endfacet
facet normal -0.9383549037693999 0.34567336398964943 1.2840670200868805e-32
outer loop
vertex 130.08309701217337 14.284421221311808 0.7999999999999999
vertex 130.89698561929657 16.75131907691179 2.57
vertex 130.89698561929657 16.75131907691179 0.7999999999999999
endloop
endfacet
facet normal -0.8751234075819191 0.48389980523059767 1.454759623678086e-32
outer loop
vertex 128.7219055754317 10.946734378745303 2.57
vertex 126.73902458819397 8.186651440346338 0.7999999999999999
vertex 126.73902458819397 8.186651440346338 2.57
endloop
endfacet
facet normal -0.7278828022604861 0.6857015576571357 1.6610195821909934e-32
outer loop
vertex 126.73902458819397 8.186651440346338 0.7999999999999999
vertex 128.7219055754317 10.946734378745303 2.57
vertex 128.7219055754317 10.946734378745303 0.7999999999999999
endloop
endfacet
facet normal -0.5308827885874159 0.8474452576902234 1.7645864713339969e-32
outer loop
vertex 124.11173351944504 6.050568100234569 2.57
vertex 126.73902458819397 8.186651440346338 0.7999999999999999
vertex 124.11173351944504 6.050568100234569 0.7999999999999999
endloop
endfacet
facet normal -0.7278828022604861 0.6857015576571357 1.6610195821909934e-32
outer loop
vertex 126.73902458819397 8.186651440346338 0.7999999999999999
vertex 124.11173351944504 6.050568100234569 2.57
vertex 126.73902458819397 8.186651440346338 2.57
endloop
endfacet
facet normal -0.9923395496866909 0.12354035020031143 9.725243530199777e-33
outer loop
vertex 7.351456614764682 37.497163398569 2.57
vertex 7.249400000000022 36.59148952661748 0.7999999999999999
vertex 7.249400000000022 36.59148952661748 2.57
endloop
endfacet
facet normal -0.9937107843327665 0.11197712757861827 9.551819337653482e-33
outer loop
vertex 7.249400000000022 36.59148952661748 0.7999999999999999
vertex 7.351456614764682 37.497163398569 2.57
vertex 7.351456614764682 37.497163398569 0.7999999999999999
endloop
endfacet
facet normal -0.9646706381504335 0.263458839082 1.1737134891128315e-32
outer loop
vertex 131.60475215425421 19.008188910187634 2.57
vertex 130.89698561929657 16.75131907691179 0.7999999999999999
vertex 130.89698561929657 16.75131907691179 2.57
endloop
endfacet
facet normal -0.9519407003587753 0.3062823909408513 1.231957987802025e-32
outer loop
vertex 130.89698561929657 16.75131907691179 0.7999999999999999
vertex 131.60475215425421 19.008188910187634 2.57
vertex 131.60475215425421 19.008188910187634 0.7999999999999999
endloop
endfacet
facet normal -0.3413975343954211 0.939918998376311 1.763715895808059e-32
outer loop
vertex 120.5159972061267 4.3724828739488855 2.57
vertex 124.11173351944504 6.050568100234569 0.7999999999999999
vertex 120.5159972061267 4.3724828739488855 0.7999999999999999
endloop
endfacet
facet normal -0.5308827885874159 0.8474452576902234 1.7645864713339969e-32
outer loop
vertex 124.11173351944504 6.050568100234569 0.7999999999999999
vertex 120.5159972061267 4.3724828739488855 2.57
vertex 124.11173351944504 6.050568100234569 2.57
endloop
endfacet
facet normal -0.035361072020946564 0.9993746017312675 1.6191471295053272e-32
outer loop
vertex 107.88952398714525 2.053418454589458 2.57
vertex 114.24239534653046 2.7024783067020506 0.7999999999999999
vertex 107.88952398714525 2.053418454589458 0.7999999999999999
endloop
endfacet
facet normal -0.18000207769009363 0.9836662299922925 1.7072083284402475e-32
outer loop
vertex 114.24239534653046 2.7024783067020506 0.7999999999999999
vertex 107.88952398714525 2.053418454589458 2.57
vertex 114.24239534653046 2.7024783067020506 2.57
endloop
endfacet
facet normal -0.983512668768143 0.18083923902893703 1.0568721198013489e-32
outer loop
vertex 132.16111318054388 21.39164099804076 2.57
vertex 131.60475215425421 19.008188910187634 0.7999999999999999
vertex 131.60475215425421 19.008188910187634 2.57
endloop
endfacet
facet normal -0.9646706381504335 0.263458839082 1.1737134891128315e-32
outer loop
vertex 131.60475215425421 19.008188910187634 0.7999999999999999
vertex 132.16111318054388 21.39164099804076 2.57
vertex 132.16111318054388 21.39164099804076 0.7999999999999999
endloop
endfacet
facet normal 1.197246014366905e-14 1.0 1.5924986641077567e-32
outer loop
vertex 80.93010275472378 28.45058952661748 2.57
vertex 81.40117828117505 28.450589526617478 0.7999999999999999
vertex 80.93010275472378 28.45058952661748 0.7999999999999999
endloop
endfacet
facet normal 1.197246014366905e-14 1.0 1.5924986641077567e-32
outer loop
vertex 81.40117828117505 28.450589526617478 0.7999999999999999
vertex 80.93010275472378 28.45058952661748 2.57
vertex 81.40117828117505 28.450589526617478 2.57
endloop
endfacet
facet normal 0.7471721488753406 0.6646305589912385 4.743025756908416e-33
outer loop
vertex 88.91419580873514 7.290935708680167 2.57
vertex 91.03743348134674 5.432605238460332 0.7999999999999999
vertex 88.91419580873514 7.290935708680167 0.7999999999999999
endloop
endfacet
facet normal 0.5782993244716226 0.8158246694698962 8.470995910070321e-33
outer loop
vertex 91.03743348134674 5.432605238460332 0.7999999999999999
vertex 88.91419580873514 7.290935708680167 2.57
vertex 91.03743348134674 5.432605238460332 2.57
endloop
endfacet
facet normal 0.8560000335971348 0.5169757658553289 1.5408356690068668e-33
outer loop
vertex 86.73526267380309 10.461124551158866 0.7999999999999999
vertex 88.91419580873514 7.290935708680167 2.57
vertex 88.91419580873514 7.290935708680167 0.7999999999999999
endloop
endfacet
facet normal 0.7471721488753406 0.6646305589912385 4.743025756908416e-33
outer loop
vertex 88.91419580873514 7.290935708680167 2.57
vertex 86.73526267380309 10.461124551158866 0.7999999999999999
vertex 86.73526267380309 10.461124551158866 2.57
endloop
endfacet
facet normal 0.9990864770561179 0.04273419431316509 -7.130069439116792e-33
outer loop
vertex 80.78536743318116 30.408157436961268 0.7999999999999999
vertex 80.82102904878259 29.703254800108567 2.57
vertex 80.82102904878259 29.703254800108567 0.7999999999999999
endloop
endfacet
facet normal 0.9982948878672255 0.05837222677064549 -6.874845532691918e-33
outer loop
vertex 80.82102904878259 29.703254800108567 2.57
vertex 80.78536743318116 30.408157436961268 0.7999999999999999
vertex 80.78536743318116 30.408157436961268 2.57
endloop
endfacet
facet normal 1.0 0.0 -7.817752609049123e-33
outer loop
vertex 83.74460000000002 25.777883545620725 0.7999999999999999
vertex 83.74460000000002 25.25317876501145 2.57
vertex 83.74460000000002 25.25317876501145 0.7999999999999999
endloop
endfacet
facet normal 0.996335985976359 -0.08552545263555648 -9.15109994454957e-33
outer loop
vertex 83.74460000000002 25.25317876501145 2.57
vertex 83.74460000000002 25.777883545620725 0.7999999999999999
vertex 83.74460000000002 25.777883545620725 2.57
endloop
endfacet
facet normal 0.9998658706655692 0.016378054774103024 -7.555883715610497e-33
outer loop
vertex 83.74460000000002 27.469878574314677 0.7999999999999999
vertex 83.74460000000002 26.6937273853648 2.57
vertex 83.74460000000002 26.6937273853648 0.7999999999999999
endloop
endfacet
facet normal 1.0 0.0 -7.817752609049123e-33
outer loop
vertex 83.74460000000002 26.6937273853648 2.57
vertex 83.74460000000002 27.469878574314677 0.7999999999999999
vertex 83.74460000000002 27.469878574314677 2.57
endloop
endfacet
facet normal 0.19860141240461848 -0.9800803431305469 -1.7160383081523814e-32
outer loop
vertex 83.25383285751843 24.501991100073052 2.57
vertex 82.94144521091579 24.43868952661748 0.7999999999999999
vertex 83.25383285751843 24.501991100073052 0.7999999999999999
endloop
endfacet
facet normal 0.09979894004809134 -0.9950076238729417 -1.6625686541888322e-32
outer loop
vertex 82.94144521091579 24.43868952661748 0.7999999999999999
vertex 83.25383285751843 24.501991100073052 2.57
vertex 82.94144521091579 24.43868952661748 2.57
endloop
endfacet
facet normal 0.9489782192785778 0.3153416232197389 -2.3970658125458072e-33
outer loop
vertex 82.88711072364202 18.836746067878984 0.7999999999999999
vertex 84.57067573866492 14.573983873884213 2.57
vertex 84.57067573866492 14.573983873884213 0.7999999999999999
endloop
endfacet
facet normal 0.9088393490045984 0.41714630251375584 -4.62031896980704e-34
outer loop
vertex 84.57067573866492 14.573983873884213 2.57
vertex 82.88711072364202 18.836746067878984 0.7999999999999999
vertex 82.88711072364202 18.836746067878984 2.57
endloop
endfacet
facet normal 0.714591548290962 0.69954193520555 5.5536960319658765e-33
outer loop
vertex 83.39008334782496 28.31308996949767 0.7999999999999999
vertex 83.6165934181233 28.08170686908293 2.57
vertex 83.6165934181233 28.08170686908293 0.7999999999999999
endloop
endfacet
facet normal 0.714591548290962 0.69954193520555 5.5536960319658765e-33
outer loop
vertex 83.6165934181233 28.08170686908293 2.57
vertex 83.39008334782496 28.31308996949767 0.7999999999999999
vertex 83.39008334782496 28.31308996949767 2.57
endloop
endfacet
facet normal 0.997256179122179 0.07402778669278567 -6.617410582071616e-33
outer loop
vertex 81.59858549827642 24.43868952661747 0.7999999999999999
vertex 81.6867175879506 23.251428973073477 2.57
vertex 81.6867175879506 23.251428973073477 0.7999999999999999
endloop
endfacet
facet normal 0.9856197604582229 0.16897836487040407 -5.0143532506603124e-33
outer loop
vertex 81.6867175879506 23.251428973073477 2.57
vertex 81.59858549827642 24.43868952661747 0.7999999999999999
vertex 81.59858549827642 24.43868952661747 2.57
endloop
endfacet
facet normal 0.9959882718622353 0.08948386621552645 -6.361360536859078e-33
outer loop
vertex 80.86757382089122 29.001859564233214 0.7999999999999999
vertex 80.93010275472378 28.45058952661748 2.57
vertex 80.93010275472378 28.45058952661748 0.7999999999999999
endloop
endfacet
facet normal 0.9936285664225304 0.11270435656667087 -5.9731269448599905e-33
outer loop
vertex 80.93010275472378 28.45058952661748 2.57
vertex 80.86757382089122 29.001859564233214 0.7999999999999999
vertex 80.86757382089122 29.001859564233214 2.57
endloop
endfacet
facet normal 0.02390002905575763 0.999714353508608 1.5733593210011172e-32
outer loop
vertex 82.81461205326804 28.450589526617478 2.57
vertex 83.08604080096167 28.437604087909733 0.7999999999999999
vertex 82.81461205326804 28.450589526617478 0.7999999999999999
endloop
endfacet
facet normal 0.21652059669528237 0.9762780501510412 1.385451044690526e-32
outer loop
vertex 83.08604080096167 28.437604087909733 0.7999999999999999
vertex 82.81461205326804 28.450589526617478 2.57
vertex 83.08604080096167 28.437604087909733 2.57
endloop
endfacet
facet normal 0.9982948878672255 0.05837222677064549 -6.874845532691918e-33
outer loop
vertex 80.82102904878259 29.703254800108567 0.7999999999999999
vertex 80.86757382089122 29.001859564233214 2.57
vertex 80.86757382089122 29.001859564233214 0.7999999999999999
endloop
endfacet
facet normal 0.9959882718622353 0.08948386621552645 -6.361360536859078e-33
outer loop
vertex 80.86757382089122 29.001859564233214 2.57
vertex 80.82102904878259 29.703254800108567 0.7999999999999999
vertex 80.82102904878259 29.703254800108567 2.57
endloop
endfacet
facet normal 2.2323149083393734e-14 -1.0 -1.5924986641077832e-32
outer loop
vertex 82.10388454403618 24.43868952661748 2.57
vertex 81.59858549827642 24.43868952661747 0.7999999999999999
vertex 82.10388454403618 24.43868952661748 0.7999999999999999
endloop
endfacet
facet normal 2.2323149083393734e-14 -1.0 -1.5924986641077832e-32
outer loop
vertex 81.59858549827642 24.43868952661747 0.7999999999999999
vertex 82.10388454403618 24.43868952661748 2.57
vertex 81.59858549827642 24.43868952661747 2.57
endloop
endfacet
facet normal 0.9999266170071243 0.012114478968901556 -7.624256003221737e-33
outer loop
vertex 80.76060000000001 31.11658952661748 0.7999999999999999
vertex 80.78536743318116 30.408157436961268 2.57
vertex 80.78536743318116 30.408157436961268 0.7999999999999999
endloop
endfacet
facet normal 0.9990864770561179 0.04273419431316509 -7.130069439116792e-33
outer loop
vertex 80.78536743318116 30.408157436961268 2.57
vertex 80.76060000000001 31.11658952661748 0.7999999999999999
vertex 80.76060000000001 31.11658952661748 2.57
endloop
endfacet
facet normal 0.9999421313488884 -0.010757971623054748 -7.988620760633154e-33
outer loop
vertex 80.76985241022658 31.97988559827433 0.7999999999999999
vertex 80.76060000000001 31.11658952661748 2.57
vertex 80.76060000000001 31.11658952661748 0.7999999999999999
endloop
endfacet
facet normal 0.9999266170071243 0.012114478968901556 -7.624256003221737e-33
outer loop
vertex 80.76060000000001 31.11658952661748 2.57
vertex 80.76985241022658 31.97988559827433 0.7999999999999999
vertex 80.76985241022658 31.97988559827433 2.57
endloop
endfacet
facet normal 0.5685735487602733 -0.8226324328946367 -1.7545377848621253e-32
outer loop
vertex 83.52092682227519 24.686596711670248 2.57
vertex 83.25383285751843 24.501991100073052 0.7999999999999999
vertex 83.52092682227519 24.686596711670248 0.7999999999999999
endloop
endfacet
facet normal 0.5685735487602733 -0.8226324328946367 -1.7545377848621253e-32
outer loop
vertex 83.25383285751843 24.501991100073052 0.7999999999999999
vertex 83.52092682227519 24.686596711670248 2.57
vertex 83.25383285751843 24.501991100073052 2.57
endloop
endfacet
facet normal 1.0 0.0 -7.817752609049125e-33
outer loop
vertex 83.74460000000002 26.6937273853648 0.7999999999999999
vertex 83.74460000000002 25.777883545620725 2.57
vertex 83.74460000000002 25.777883545620725 0.7999999999999999
endloop
endfacet
facet normal 1.0 0.0 -7.817752609049125e-33
outer loop
vertex 83.74460000000002 25.777883545620725 2.57
vertex 83.74460000000002 26.6937273853648 0.7999999999999999
vertex 83.74460000000002 26.6937273853648 2.57
endloop
endfacet
facet normal 0.9999435969870593 -0.010620868353465174 -7.986448850893125e-33
outer loop
vertex 80.77927847839658 32.85269810307356 0.7999999999999999
vertex 80.76985241022658 31.97988559827433 2.57
vertex 80.76985241022658 31.97988559827433 0.7999999999999999
endloop
endfacet
facet normal 0.9999421313488884 -0.010757971623054748 -7.988620760633154e-33
outer loop
vertex 80.76985241022658 31.97988559827433 2.57
vertex 80.77927847839658 32.85269810307356 0.7999999999999999
vertex 80.77927847839658 32.85269810307356 2.57
endloop
endfacet
facet normal 0.9335181233197241 0.35853021272079805 -1.5884248961759726e-33
outer loop
vertex 83.6165934181233 28.08170686908293 0.7999999999999999
vertex 83.73462126043773 27.774393493675284 2.57
vertex 83.73462126043773 27.774393493675284 0.7999999999999999
endloop
endfacet
facet normal 0.980121122246832 0.19840006483267766 -4.502826078579991e-33
outer loop
vertex 83.73462126043773 27.774393493675284 2.57
vertex 83.6165934181233 28.08170686908293 0.7999999999999999
vertex 83.6165934181233 28.08170686908293 2.57
endloop
endfacet
facet normal 0.996335985976359 -0.08552545263555648 -9.15109994454957e-33
outer loop
vertex 83.74460000000002 25.25317876501145 0.7999999999999999
vertex 83.6941989399295 24.96176627411403 2.57
vertex 83.6941989399295 24.96176627411403 0.7999999999999999
endloop
endfacet
facet normal 0.9853707939029663 -0.17042417235544305 -1.0417387762992869e-32
outer loop
vertex 83.6941989399295 24.96176627411403 2.57
vertex 83.74460000000002 25.25317876501145 0.7999999999999999
vertex 83.74460000000002 25.25317876501145 2.57
endloop
endfacet
facet normal 0.9999495201298793 -0.010047745619004865 -7.977368184668383e-33
outer loop
vertex 80.78845646331754 33.73153872011066 0.7999999999999999
vertex 80.77927847839658 32.85269810307356 2.57
vertex 80.77927847839658 32.85269810307356 0.7999999999999999
endloop
endfacet
facet normal 0.9999435969870593 -0.010620868353465174 -7.986448850893125e-33
outer loop
vertex 80.77927847839658 32.85269810307356 2.57
vertex 80.78845646331754 33.73153872011066 0.7999999999999999
vertex 80.78845646331754 33.73153872011066 2.57
endloop
endfacet
facet normal 0.5782993244716226 0.8158246694698962 8.470995910070321e-33
outer loop
vertex 91.03743348134674 5.432605238460332 2.57
vertex 93.50107027477775 4.040533963749939 0.7999999999999999
vertex 91.03743348134674 5.432605238460332 0.7999999999999999
endloop
endfacet
facet normal 0.42321569504572265 0.9060289595078991 1.111990347245855e-32
outer loop
vertex 93.50107027477775 4.040533963749939 0.7999999999999999
vertex 91.03743348134674 5.432605238460332 2.57
vertex 93.50107027477775 4.040533963749939 2.57
endloop
endfacet
facet normal 0.980121122246832 0.19840006483267766 -4.502826078579991e-33
outer loop
vertex 83.73462126043773 27.774393493675284 0.7999999999999999
vertex 83.74460000000002 27.469878574314677 2.57
vertex 83.74460000000002 27.469878574314677 0.7999999999999999
endloop
endfacet
facet normal 0.9998658706655692 0.016378054774103024 -7.555883715610497e-33
outer loop
vertex 83.74460000000002 27.469878574314677 2.57
vertex 83.73462126043773 27.774393493675284 0.7999999999999999
vertex 83.73462126043773 27.774393493675284 2.57
endloop
endfacet
facet normal 0.8462089791708652 -0.5328511645577986 -1.5101100131979444e-32
outer loop
vertex 83.6941989399295 24.96176627411403 0.7999999999999999
vertex 83.52092682227519 24.686596711670248 2.57
vertex 83.52092682227519 24.686596711670248 0.7999999999999999
endloop
endfacet
facet normal 0.8462089791708652 -0.5328511645577986 -1.5101100131979444e-32
outer loop
vertex 83.52092682227519 24.686596711670248 2.57
vertex 83.6941989399295 24.96176627411403 0.7999999999999999
vertex 83.6941989399295 24.96176627411403 2.57
endloop
endfacet
facet normal 0.21652059669528237 0.9762780501510412 1.385451044690526e-32
outer loop
vertex 83.08604080096167 28.437604087909733 2.57
vertex 83.39008334782496 28.31308996949767 0.7999999999999999
vertex 83.08604080096167 28.437604087909733 0.7999999999999999
endloop
endfacet
facet normal 0.3789797921957845 0.9254049476349477 1.1774291169458224e-32
outer loop
vertex 83.39008334782496 28.31308996949767 0.7999999999999999
vertex 83.08604080096167 28.437604087909733 2.57
vertex 83.39008334782496 28.31308996949767 2.57
endloop
endfacet
facet normal 0.09979894004809134 -0.9950076238729417 -1.6625686541888322e-32
outer loop
vertex 82.94144521091579 24.43868952661748 2.57
vertex 82.6610947047483 24.43868952661749 0.7999999999999999
vertex 82.94144521091579 24.43868952661748 0.7999999999999999
endloop
endfacet
facet normal -4.023486914431681e-14 -1.0 -1.5924986641077345e-32
outer loop
vertex 82.6610947047483 24.43868952661749 0.7999999999999999
vertex 82.94144521091579 24.43868952661748 2.57
vertex 82.6610947047483 24.43868952661749 2.57
endloop
endfacet
facet normal 0.9088393490045984 0.41714630251375584 -4.62031896980704e-34
outer loop
vertex 84.57067573866492 14.573983873884213 0.7999999999999999
vertex 86.73526267380309 10.461124551158866 2.57
vertex 86.73526267380309 10.461124551158866 0.7999999999999999
endloop
endfacet
facet normal 0.8560000335971348 0.5169757658553289 1.5408356690068668e-33
outer loop
vertex 86.73526267380309 10.461124551158866 2.57
vertex 84.57067573866492 14.573983873884213 0.7999999999999999
vertex 84.57067573866492 14.573983873884213 2.57
endloop
endfacet
facet normal 0.9856197604582229 0.16897836487040407 -5.0143532506603124e-33
outer loop
vertex 81.6867175879506 23.251428973073477 0.7999999999999999
vertex 82.88711072364202 18.836746067878984 2.57
vertex 82.88711072364202 18.836746067878984 0.7999999999999999
endloop
endfacet
facet normal 0.9489782192785778 0.3153416232197389 -2.3970658125458072e-33
outer loop
vertex 82.88711072364202 18.836746067878984 2.57
vertex 81.6867175879506 23.251428973073477 0.7999999999999999
vertex 81.6867175879506 23.251428973073477 2.57
endloop
endfacet
facet normal 0.0 1.0 1.5924986641077657e-32
outer loop
vertex 82.17858749854027 28.450589526617478 2.57
vertex 82.81461205326804 28.450589526617478 0.7999999999999999
vertex 82.17858749854027 28.450589526617478 0.7999999999999999
endloop
endfacet
facet normal 0.02390002905575763 0.999714353508608 1.5733593210011172e-32
outer loop
vertex 82.81461205326804 28.450589526617478 0.7999999999999999
vertex 82.17858749854027 28.450589526617478 2.57
vertex 82.81461205326804 28.450589526617478 2.57
endloop
endfacet
facet normal 2.024346777125491e-14 -1.0 -1.592498664107782e-32
outer loop
vertex 82.6610947047483 24.43868952661749 2.57
vertex 82.10388454403618 24.43868952661748 0.7999999999999999
vertex 82.6610947047483 24.43868952661749 0.7999999999999999
endloop
endfacet
facet normal 2.024346777125491e-14 -1.0 -1.592498664107782e-32
outer loop
vertex 82.10388454403618 24.43868952661748 0.7999999999999999
vertex 82.6610947047483 24.43868952661749 2.57
vertex 82.10388454403618 24.43868952661748 2.57
endloop
endfacet
facet normal 0.0 1.0 1.5924986641077663e-32
outer loop
vertex 81.40117828117505 28.450589526617478 2.57
vertex 82.17858749854027 28.450589526617478 0.7999999999999999
vertex 81.40117828117505 28.450589526617478 0.7999999999999999
endloop
endfacet
facet normal 0.0 1.0 1.5924986641077663e-32
outer loop
vertex 82.17858749854027 28.450589526617478 0.7999999999999999
vertex 81.40117828117505 28.450589526617478 2.57
vertex 82.17858749854027 28.450589526617478 2.57
endloop
endfacet
facet normal -0.08899665654004232 -0.9960319247517592 -1.5166041251896068e-32
outer loop
vertex 121.83812300792606 48.13880351025171 2.57
vertex 117.0355683715237 48.449892087513824 0.7999999999999999
vertex 121.83812300792606 48.13880351025171 0.7999999999999999
endloop
endfacet
facet normal -0.046837473266595826 -0.9989025233214706 -1.5541345560801985e-32
outer loop
vertex 117.0355683715237 48.449892087513824 0.7999999999999999
vertex 121.83812300792606 48.13880351025171 2.57
vertex 117.0355683715237 48.449892087513824 2.57
endloop
endfacet
facet normal -0.9998328709746476 -0.018281961563077445 7.525306042010425e-33
outer loop
vertex 133.2812017384487 33.39520985663516 2.57
vertex 133.2195203040846 30.680693059892803 0.7999999999999999
vertex 133.2195203040846 30.680693059892803 2.57
endloop
endfacet
facet normal -0.9986014334930554 0.05286943375538628 8.648763988366393e-33
outer loop
vertex 133.2195203040846 30.680693059892803 0.7999999999999999
vertex 133.2812017384487 33.39520985663516 2.57
vertex 133.2812017384487 33.39520985663516 0.7999999999999999
endloop
endfacet
facet normal -0.1519273014168849 0.9883916708897255 1.6927854212108953e-32
outer loop
vertex 58.40921440224923 28.447630447297673 2.57
vertex 58.71223411576033 28.450589526617478 0.7999999999999999
vertex 58.40921440224923 28.447630447297673 0.7999999999999999
endloop
endfacet
facet normal -0.004882476908997329 0.999988080638581 1.5962966822000233e-32
outer loop
vertex 58.71223411576033 28.450589526617478 0.7999999999999999
vertex 58.40921440224923 28.447630447297673 2.57
vertex 58.71223411576033 28.450589526617478 2.57
endloop
endfacet
facet normal -0.29099898451840334 0.9567233617975773 1.751076482628272e-32
outer loop
vertex 58.09292133162031 28.35142608348838 2.57
vertex 58.40921440224923 28.447630447297673 0.7999999999999999
vertex 58.09292133162031 28.35142608348838 0.7999999999999999
endloop
endfacet
facet normal -0.1519273014168849 0.9883916708897255 1.6927854212108953e-32
outer loop
vertex 58.40921440224923 28.447630447297673 0.7999999999999999
vertex 58.09292133162031 28.35142608348838 2.57
vertex 58.40921440224923 28.447630447297673 2.57
endloop
endfacet
facet normal -0.6480590523358806 0.7615900896712879 1.719467735120913e-32
outer loop
vertex 57.84685423497389 28.1420404682783 2.57
vertex 58.09292133162031 28.35142608348838 0.7999999999999999
vertex 57.84685423497389 28.1420404682783 0.7999999999999999
endloop
endfacet
facet normal -0.6480590523358806 0.7615900896712879 1.719467735120913e-32
outer loop
vertex 58.09292133162031 28.35142608348838 0.7999999999999999
vertex 57.84685423497389 28.1420404682783 2.57
vertex 58.09292133162031 28.35142608348838 2.57
endloop
endfacet
facet normal 0.9788521085625385 -0.2045691803832453 -1.0910185090367408e-32
outer loop
vertex 80.9307214202076 39.294477032781636 0.7999999999999999
vertex 80.8142527466623 37.2374158925458 2.57
vertex 80.8142527466623 37.2374158925458 0.7999999999999999
endloop
endfacet
facet normal 0.999532928500215 -0.030560183961883845 -8.30077168095494e-33
outer loop
vertex 80.8142527466623 37.2374158925458 2.57
vertex 80.9307214202076 39.294477032781636 0.7999999999999999
vertex 80.9307214202076 39.294477032781636 2.57
endloop
endfacet
facet normal -0.9956389539015789 0.09329026462482462 9.26930524742794e-33
outer loop
vertex 57.701695441547464 27.850155911598893 2.57
vertex 57.67580000000002 27.573787198991973 0.7999999999999999
vertex 57.67580000000002 27.573787198991973 2.57
endloop
endfacet
facet normal -0.9989091434914336 0.04669607102541486 8.552858870003726e-33
outer loop
vertex 57.67580000000002 27.573787198991973 0.7999999999999999
vertex 57.701695441547464 27.850155911598893 2.57
vertex 57.701695441547464 27.850155911598893 0.7999999999999999
endloop
endfacet
facet normal -0.9986014334930554 0.05286943375538628 8.648763988366393e-33
outer loop
vertex 133.2195203040846 30.680693059892803 2.57
vertex 133.03316817578903 28.442522016688844 0.7999999999999999
vertex 133.03316817578903 28.442522016688844 2.57
endloop
endfacet
facet normal -0.9951799856666317 0.0980652646382133 9.341758958736072e-33
outer loop
vertex 133.03316817578903 28.442522016688844 0.7999999999999999
vertex 133.2195203040846 30.680693059892803 2.57
vertex 133.2195203040846 30.680693059892803 0.7999999999999999
endloop
endfacet
facet normal 0.5737269260303224 -0.8190466496774143 -1.752856212738752e-32
outer loop
vertex 84.1944033932133 44.429768111223495 2.57
vertex 82.04516035825195 42.29624456345094 0.7999999999999999
vertex 84.1944033932133 44.429768111223495 0.7999999999999999
endloop
endfacet
facet normal 0.7045066675395912 -0.7096973688779322 -1.6809579956839176e-32
outer loop
vertex 82.04516035825195 42.29624456345094 0.7999999999999999
vertex 84.1944033932133 44.429768111223495 2.57
vertex 82.04516035825195 42.29624456345094 2.57
endloop
endfacet
facet normal 0.08922320439039146 -0.996011656457047 -1.655899726234681e-32
outer loop
vertex 102.14249409040363 48.184543772620586 2.57
vertex 96.92228521791193 47.629997145309346 0.7999999999999999
vertex 102.14249409040363 48.184543772620586 0.7999999999999999
endloop
endfacet
facet normal 0.12733849744627584 -0.9918593181838466 -1.679084726254917e-32
outer loop
vertex 96.92228521791193 47.629997145309346 0.7999999999999999
vertex 102.14249409040363 48.184543772620586 2.57
vertex 96.92228521791193 47.629997145309346 2.57
endloop
endfacet
facet normal 0.9374765654816039 -0.34804840061809816 -1.2871625996007878e-32
outer loop
vertex 82.04516035825195 42.29624456345094 0.7999999999999999
vertex 80.9307214202076 39.294477032781636 2.57
vertex 80.9307214202076 39.294477032781636 0.7999999999999999
endloop
endfacet
facet normal 0.9788521085625385 -0.2045691803832453 -1.0910185090367408e-32
outer loop
vertex 80.9307214202076 39.294477032781636 2.57
vertex 82.04516035825195 42.29624456345094 0.7999999999999999
vertex 82.04516035825195 42.29624456345094 2.57
endloop
endfacet
facet normal 0.999532928500215 -0.030560183961883845 -8.30077168095494e-33
outer loop
vertex 80.8142527466623 37.2374158925458 0.7999999999999999
vertex 80.81028450666187 36.369346035603215 2.57
vertex 80.81028450666187 36.369346035603215 0.7999999999999999
endloop
endfacet
facet normal 0.9999840100923431 -0.005655047270959509 -7.90768415615151e-33
outer loop
vertex 80.81028450666187 36.369346035603215 2.57
vertex 80.8142527466623 37.2374158925458 0.7999999999999999
vertex 80.8142527466623 37.2374158925458 2.57
endloop
endfacet
facet normal -0.9837061204345592 -0.17978394983865728 4.827314090104074e-33
outer loop
vertex 132.65398900230554 39.59604456647557 2.57
vertex 133.0962521369755 36.51123113969584 0.7999999999999999
vertex 133.0962521369755 36.51123113969584 2.57
endloop
endfacet
facet normal -0.9949198339880757 -0.1006703726879964 6.17486278774635e-33
outer loop
vertex 133.0962521369755 36.51123113969584 0.7999999999999999
vertex 132.65398900230554 39.59604456647557 2.57
vertex 132.65398900230554 39.59604456647557 0.7999999999999999
endloop
endfacet
facet normal -0.8953864932165384 0.4452898244574988 1.4091144599344423e-32
outer loop
vertex 57.84685423497389 28.1420404682783 2.57
vertex 57.701695441547464 27.850155911598893 0.7999999999999999
vertex 57.701695441547464 27.850155911598893 2.57
endloop
endfacet
facet normal -0.8953864932165384 0.4452898244574988 1.4091144599344423e-32
outer loop
vertex 57.701695441547464 27.850155911598893 0.7999999999999999
vertex 57.84685423497389 28.1420404682783 2.57
vertex 57.84685423497389 28.1420404682783 0.7999999999999999
endloop
endfacet
facet normal -0.9989091434914336 0.04669607102541486 8.552858870003726e-33
outer loop
vertex 57.67580000000002 27.573787198991973 2.57
vertex 57.67580000000002 26.908727659854787 0.7999999999999999
vertex 57.67580000000002 26.908727659854787 2.57
endloop
endfacet
facet normal -1.0 0.0 7.817752609049123e-33
outer loop
vertex 57.67580000000002 26.908727659854787 0.7999999999999999
vertex 57.67580000000002 27.573787198991973 2.57
vertex 57.67580000000002 27.573787198991973 0.7999999999999999
endloop
endfacet
facet normal -0.3932761249134652 -0.9194204095913081 -1.1567222288656764e-32
outer loop
vertex 128.31256445802927 47.054196417522114 2.57
vertex 126.43680959737745 47.61439543690641 0.7999999999999999
vertex 128.31256445802927 47.054196417522114 0.7999999999999999
endloop
endfacet
facet normal -0.20051346736201223 -0.9796909458632673 -1.4034000542638413e-32
outer loop
vertex 126.43680959737745 47.61439543690641 0.7999999999999999
vertex 128.31256445802927 47.054196417522114 2.57
vertex 126.43680959737745 47.61439543690641 2.57
endloop
endfacet
facet normal 0.9999712625953777 -0.007581159766587973 -7.93825781513595e-33
outer loop
vertex 80.80438121864263 35.493351007280104 0.7999999999999999
vertex 80.79696462379704 34.612919128481046 2.57
vertex 80.79696462379704 34.612919128481046 0.7999999999999999
endloop
endfacet
facet normal 0.9999591551286635 -0.009038145516058768 -7.961365640553019e-33
outer loop
vertex 80.79696462379704 34.612919128481046 2.57
vertex 80.80438121864263 35.493351007280104 0.7999999999999999
vertex 80.80438121864263 35.493351007280104 2.57
endloop
endfacet
facet normal 0.03877405592148675 -0.9992480035443642 -1.621613708441114e-32
outer loop
vertex 107.37895499725605 48.56669732285512 2.57
vertex 102.14249409040363 48.184543772620586 0.7999999999999999
vertex 107.37895499725605 48.56669732285512 0.7999999999999999
endloop
endfacet
facet normal 0.08922320439039146 -0.996011656457047 -1.655899726234681e-32
outer loop
vertex 102.14249409040363 48.184543772620586 0.7999999999999999
vertex 107.37895499725605 48.56669732285512 2.57
vertex 102.14249409040363 48.184543772620586 2.57
endloop
endfacet
facet normal -0.6258043676053976 -0.779980059672046 -7.528788302982857e-33
outer loop
vertex 129.9154498351973 46.14034875600931 2.57
vertex 131.1466405123752 44.782825857485314 0.7999999999999999
vertex 131.1466405123752 44.782825857485314 2.57
endloop
endfacet
facet normal -0.7407328884404755 -0.6717996635773422 -4.9075341967356206e-33
outer loop
vertex 131.1466405123752 44.782825857485314 0.7999999999999999
vertex 129.9154498351973 46.14034875600931 2.57
vertex 129.9154498351973 46.14034875600931 0.7999999999999999
endloop
endfacet
facet normal -0.9569462876290347 -0.2902650557559576 2.858702201546472e-33
outer loop
vertex 131.97419279312487 42.64839326103393 2.57
vertex 132.65398900230554 39.59604456647557 0.7999999999999999
vertex 132.65398900230554 39.59604456647557 2.57
endloop
endfacet
facet normal -0.9837061204345592 -0.17978394983865728 4.827314090104074e-33
outer loop
vertex 132.65398900230554 39.59604456647557 0.7999999999999999
vertex 131.97419279312487 42.64839326103393 2.57
vertex 131.97419279312487 42.64839326103393 0.7999999999999999
endloop
endfacet
facet normal -1.0 0.0 7.817752609049123e-33
outer loop
vertex 57.67580000000002 26.908727659854787 2.57
vertex 57.67580000000002 25.98045172945468 0.7999999999999999
vertex 57.67580000000002 25.98045172945468 2.57
endloop
endfacet
facet normal -1.0 0.0 7.817752609049123e-33
outer loop
vertex 57.67580000000002 25.98045172945468 0.7999999999999999
vertex 57.67580000000002 26.908727659854787 2.57
vertex 57.67580000000002 26.908727659854787 0.7999999999999999
endloop
endfacet
facet normal 0.9999840100923431 -0.005655047270959509 -7.90768415615151e-33
outer loop
vertex 80.81028450666187 36.369346035603215 0.7999999999999999
vertex 80.80438121864263 35.493351007280104 2.57
vertex 80.80438121864263 35.493351007280104 0.7999999999999999
endloop
endfacet
facet normal 0.9999712625953777 -0.007581159766587973 -7.93825781513595e-33
outer loop
vertex 80.80438121864263 35.493351007280104 2.57
vertex 80.81028450666187 36.369346035603215 0.7999999999999999
vertex 80.81028450666187 36.369346035603215 2.57
endloop
endfacet
facet normal 0.32320554042406874 -0.9463287899240864 -1.759701429451766e-32
outer loop
vertex 87.1944058843944 45.84346767809228 2.57
vertex 84.1944033932133 44.429768111223495 0.7999999999999999
vertex 87.1944058843944 45.84346767809228 0.7999999999999999
endloop
endfacet
facet normal 0.5737269260303224 -0.8190466496774143 -1.752856212738752e-32
outer loop
vertex 84.1944033932133 44.429768111223495 0.7999999999999999
vertex 87.1944058843944 45.84346767809228 2.57
vertex 84.1944033932133 44.429768111223495 2.57
endloop
endfacet
facet normal -0.046837473266595826 -0.9989025233214706 -1.5541345560801985e-32
outer loop
vertex 117.0355683715237 48.449892087513824 2.57
vertex 112.22485314473126 48.589557286023584 0.7999999999999999
vertex 117.0355683715237 48.449892087513824 0.7999999999999999
endloop
endfacet
facet normal -0.012153003377629642 -0.9999261495275056 -1.5828801399426502e-32
outer loop
vertex 112.22485314473126 48.589557286023584 0.7999999999999999
vertex 117.0355683715237 48.449892087513824 2.57
vertex 112.22485314473126 48.589557286023584 2.57
endloop
endfacet
facet normal -0.012153003377629642 -0.9999261495275056 -1.5828801399426502e-32
outer loop
vertex 112.22485314473126 48.589557286023584 2.57
vertex 107.37895499725605 48.56669732285512 0.7999999999999999
vertex 112.22485314473126 48.589557286023584 0.7999999999999999
endloop
endfacet
facet normal 0.03877405592148675 -0.9992480035443642 -1.621613708441114e-32
outer loop
vertex 107.37895499725605 48.56669732285512 0.7999999999999999
vertex 112.22485314473126 48.589557286023584 2.57
vertex 107.37895499725605 48.56669732285512 2.57
endloop
endfacet
facet normal -0.6258043676053976 -0.779980059672046 -7.528788302982857e-33
outer loop
vertex 129.9154498351973 46.14034875600931 2.57
vertex 128.31256445802927 47.054196417522114 0.7999999999999999
vertex 129.9154498351973 46.14034875600931 0.7999999999999999
endloop
endfacet
facet normal -0.3932761249134652 -0.9194204095913081 -1.1567222288656764e-32
outer loop
vertex 128.31256445802927 47.054196417522114 0.7999999999999999
vertex 129.9154498351973 46.14034875600931 2.57
vertex 128.31256445802927 47.054196417522114 2.57
endloop
endfacet
facet normal -0.9323738017094176 -0.36149563467063806 1.5322545679850482e-33
outer loop
vertex 131.1466405123752 44.782825857485314 2.57
vertex 131.97419279312487 42.64839326103393 0.7999999999999999
vertex 131.97419279312487 42.64839326103393 2.57
endloop
endfacet
facet normal -0.9569462876290347 -0.2902650557559576 2.858702201546472e-33
outer loop
vertex 131.97419279312487 42.64839326103393 0.7999999999999999
vertex 131.1466405123752 44.782825857485314 2.57
vertex 131.1466405123752 44.782825857485314 0.7999999999999999
endloop
endfacet
facet normal 0.12733849744627584 -0.9918593181838466 -1.679084726254917e-32
outer loop
vertex 96.92228521791193 47.629997145309346 2.57
vertex 91.73276116948296 46.848137312427006 0.7999999999999999
vertex 96.92228521791193 47.629997145309346 0.7999999999999999
endloop
endfacet
facet normal 0.18266665661840323 -0.9831749043582502 -1.708508994911274e-32
outer loop
vertex 91.73276116948296 46.848137312427006 0.7999999999999999
vertex 96.92228521791193 47.629997145309346 2.57
vertex 91.73276116948296 46.848137312427006 2.57
endloop
endfacet
facet normal 0.9999591551286635 -0.009038145516058768 -7.961365640553019e-33
outer loop
vertex 80.79696462379704 34.612919128481046 0.7999999999999999
vertex 80.78845646331754 33.73153872011066 2.57
vertex 80.78845646331754 33.73153872011066 0.7999999999999999
endloop
endfacet
facet normal 0.9999495201298793 -0.010047745619004865 -7.977368184668383e-33
outer loop
vertex 80.78845646331754 33.73153872011066 2.57
vertex 80.79696462379704 34.612919128481046 0.7999999999999999
vertex 80.79696462379704 34.612919128481046 2.57
endloop
endfacet
facet normal -0.9949198339880757 -0.1006703726879964 6.17486278774635e-33
outer loop
vertex 133.0962521369755 36.51123113969584 2.57
vertex 133.2812017384487 33.39520985663516 0.7999999999999999
vertex 133.2812017384487 33.39520985663516 2.57
endloop
endfacet
facet normal -0.9998328709746476 -0.018281961563077445 7.525306042010425e-33
outer loop
vertex 133.2812017384487 33.39520985663516 0.7999999999999999
vertex 133.0962521369755 36.51123113969584 2.57
vertex 133.0962521369755 36.51123113969584 0.7999999999999999
endloop
endfacet
facet normal 0.18266665661840323 -0.9831749043582502 -1.708508994911274e-32
outer loop
vertex 91.73276116948296 46.848137312427006 2.57
vertex 87.1944058843944 45.84346767809228 0.7999999999999999
vertex 91.73276116948296 46.848137312427006 0.7999999999999999
endloop
endfacet
facet normal 0.32320554042406874 -0.9463287899240864 -1.759701429451766e-32
outer loop
vertex 87.1944058843944 45.84346767809228 0.7999999999999999
vertex 91.73276116948296 46.848137312427006 2.57
vertex 87.1944058843944 45.84346767809228 2.57
endloop
endfacet
facet normal -0.20051346736201223 -0.9796909458632673 -1.4034000542638413e-32
outer loop
vertex 126.43680959737745 47.61439543690641 2.57
vertex 121.83812300792606 48.13880351025171 0.7999999999999999
vertex 126.43680959737745 47.61439543690641 0.7999999999999999
endloop
endfacet
facet normal -0.08899665654004232 -0.9960319247517592 -1.5166041251896068e-32
outer loop
vertex 121.83812300792606 48.13880351025171 0.7999999999999999
vertex 126.43680959737745 47.61439543690641 2.57
vertex 121.83812300792606 48.13880351025171 2.57
endloop
endfacet
facet normal -0.00569208810108499 -0.9999837999353037 -1.5880229318660592e-32
outer loop
vertex 58.66913055809653 24.43868952661747 2.57
vertex 58.409214303877114 24.44164860286577 0.7999999999999999
vertex 58.66913055809653 24.43868952661747 0.7999999999999999
endloop
endfacet
facet normal -0.15272306672495786 -0.9882690245525882 -1.4544219860439795e-32
outer loop
vertex 58.409214303877114 24.44164860286577 0.7999999999999999
vertex 58.66913055809653 24.43868952661747 2.57
vertex 58.409214303877114 24.44164860286577 2.57
endloop
endfacet
facet normal -0.8953620350034461 -0.44533900151961536 -9.229876475901555e-35
outer loop
vertex 57.701695406839825 25.03906353563654 2.57
vertex 57.84685414840121 24.747219287099025 0.7999999999999999
vertex 57.84685414840121 24.747219287099025 2.57
endloop
endfacet
facet normal -0.8953620350034461 -0.44533900151961536 -9.229876475901555e-35
outer loop
vertex 57.84685414840121 24.747219287099025 0.7999999999999999
vertex 57.701695406839825 25.03906353563654 2.57
vertex 57.701695406839825 25.03906353563654 0.7999999999999999
endloop
endfacet
facet normal 0.4698439195263716 0.8827495065329103 1.0384650571231336e-32
outer loop
vertex 18.39858047045689 5.527688086442477 2.57
vertex 22.917509311596397 3.7660907458424577 0.7999999999999999
vertex 18.39858047045689 5.527688086442477 0.7999999999999999
endloop
endfacet
facet normal 0.2876088853249747 0.9577479465298402 1.3003668140372236e-32
outer loop
vertex 22.917509311596397 3.7660907458424577 0.7999999999999999
vertex 18.39858047045689 5.527688086442477 2.57
vertex 22.917509311596397 3.7660907458424577 2.57
endloop
endfacet
facet normal 0.9271582078005713 0.37467006513468964 -1.2816777159525967e-33
outer loop
vertex 11.85119326699307 13.268240168160457 0.7999999999999999
vertex 13.412047554635235 10.043689312360499 2.57
vertex 13.412047554635235 10.043689312360499 0.7999999999999999
endloop
endfacet
facet normal 0.8383536319914111 0.5451267629889491 2.1270951244862588e-33
outer loop
vertex 13.412047554635235 10.043689312360499 2.57
vertex 11.85119326699307 13.268240168160457 0.7999999999999999
vertex 11.85119326699307 13.268240168160457 2.57
endloop
endfacet
facet normal 0.959239460336019 0.28259451115381423 -2.998782978778422e-33
outer loop
vertex 10.200748086634867 18.310182772565007 0.7999999999999999
vertex 10.944070856192758 16.030779671573615 2.57
vertex 10.944070856192758 16.030779671573615 0.7999999999999999
endloop
endfacet
facet normal 0.9504078987836806 0.311006150951375 -2.477285031183385e-33
outer loop
vertex 10.944070856192758 16.030779671573615 2.57
vertex 10.200748086634867 18.310182772565007 0.7999999999999999
vertex 10.200748086634867 18.310182772565007 2.57
endloop
endfacet
facet normal -0.9989088304290152 -0.0467027674869187 7.065481166958107e-33
outer loop
vertex 57.67580000000002 25.31539199027309 2.57
vertex 57.701695406839825 25.03906353563654 0.7999999999999999
vertex 57.701695406839825 25.03906353563654 2.57
endloop
endfacet
facet normal -0.9956377030181256 -0.09330361369631238 6.297790448759583e-33
outer loop
vertex 57.701695406839825 25.03906353563654 0.7999999999999999
vertex 57.67580000000002 25.31539199027309 2.57
vertex 57.67580000000002 25.31539199027309 0.7999999999999999
endloop
endfacet
facet normal 0.6724571482783807 0.7401360575794886 6.529553204106198e-33
outer loop
vertex 15.57702197900312 7.485159368115065 2.57
vertex 18.39858047045689 5.527688086442477 0.7999999999999999
vertex 15.57702197900312 7.485159368115065 0.7999999999999999
endloop
endfacet
facet normal 0.4698439195263716 0.8827495065329103 1.0384650571231336e-32
outer loop
vertex 18.39858047045689 5.527688086442477 0.7999999999999999
vertex 15.57702197900312 7.485159368115065 2.57
vertex 18.39858047045689 5.527688086442477 2.57
endloop
endfacet
facet normal 0.990541967528336 0.13721009644006937 -5.558743098188219e-33
outer loop
vertex 9.168800000000017 23.268889526617468 0.7999999999999999
vertex 9.594021747262707 20.61161248676095 2.57
vertex 9.594021747262707 20.61161248676095 0.7999999999999999
endloop
endfacet
facet normal 0.9784002484574388 0.20671950517167464 -4.3568857367633484e-33
outer loop
vertex 9.594021747262707 20.61161248676095 2.57
vertex 9.168800000000017 23.268889526617468 0.7999999999999999
vertex 9.168800000000017 23.268889526617468 2.57
endloop
endfacet
facet normal 0.993127789953779 0.11703500682070536 -5.9002464508721794e-33
outer loop
vertex 8.907826526708757 25.496694337759678 0.7999999999999999
vertex 9.168800000000017 23.268889526617468 2.57
vertex 9.168800000000017 23.268889526617468 0.7999999999999999
endloop
endfacet
facet normal 0.990541967528336 0.13721009644006937 -5.558743098188219e-33
outer loop
vertex 9.168800000000017 23.268889526617468 2.57
vertex 8.907826526708757 25.496694337759678 0.7999999999999999
vertex 8.907826526708757 25.496694337759678 2.57
endloop
endfacet
facet normal -0.9722403228645874 0.23398451785569696 1.132693464176836e-32
outer loop
vertex 60.14860000000001 24.43868952661747 2.57
vertex 59.07935602575187 19.99582246741681 0.7999999999999999
vertex 59.07935602575187 19.99582246741681 2.57
endloop
endfacet
facet normal -0.9578346386587896 0.2873200393035368 1.2063682033035108e-32
outer loop
vertex 59.07935602575187 19.99582246741681 0.7999999999999999
vertex 60.14860000000001 24.43868952661747 2.57
vertex 60.14860000000001 24.43868952661747 0.7999999999999999
endloop
endfacet
facet normal 0.2876088853249747 0.9577479465298402 1.3003668140372236e-32
outer loop
vertex 22.917509311596397 3.7660907458424577 2.57
vertex 29.197505899341337 2.416041727881706 0.7999999999999999
vertex 22.917509311596397 3.7660907458424577 0.7999999999999999
endloop
endfacet
facet normal 0.1356658263991977 0.990754653558298 1.4717152754210288e-32
outer loop
vertex 29.197505899341337 2.416041727881706 0.7999999999999999
vertex 22.917509311596397 3.7660907458424577 2.57
vertex 29.197505899341337 2.416041727881706 2.57
endloop
endfacet
facet normal 0.9974771961429699 0.07098762691314218 -6.667552942340113e-33
outer loop
vertex 8.430118357729738 29.9546978116901 0.7999999999999999
vertex 8.643754119789005 27.72428764426045 2.57
vertex 8.643754119789005 27.72428764426045 0.7999999999999999
endloop
endfacet
facet normal 0.9943083074984191 0.10654102327098983 -6.0765919928277275e-33
outer loop
vertex 8.643754119789005 27.72428764426045 2.57
vertex 8.430118357729738 29.9546978116901 0.7999999999999999
vertex 8.430118357729738 29.9546978116901 2.57
endloop
endfacet
facet normal 0.9999686149307243 0.007922698626663503 -7.691338378551008e-33
outer loop
vertex 8.317471078090266 32.37012031292618 0.7999999999999999
vertex 8.430118357729738 29.9546978116901 2.57
vertex 8.430118357729738 29.9546978116901 0.7999999999999999
endloop
endfacet
facet normal 0.9974771961429699 0.07098762691314218 -6.667552942340113e-33
outer loop
vertex 8.430118357729738 29.9546978116901 2.57
vertex 8.317471078090266 32.37012031292618 0.7999999999999999
vertex 8.317471078090266 32.37012031292618 2.57
endloop
endfacet
facet normal -0.6480299817239076 -0.7616148257399615 -7.062567845191442e-33
outer loop
vertex 58.0929212173908 24.537849888249344 2.57
vertex 57.84685414840121 24.747219287099025 0.7999999999999999
vertex 58.0929212173908 24.537849888249344 0.7999999999999999
endloop
endfacet
facet normal -0.6480299817239076 -0.7616148257399615 -7.062567845191442e-33
outer loop
vertex 57.84685414840121 24.747219287099025 0.7999999999999999
vertex 58.0929212173908 24.537849888249344 2.57
vertex 57.84685414840121 24.747219287099025 2.57
endloop
endfacet
facet normal -7.883812931809287e-14 -1.0 -1.5924986641077044e-32
outer loop
vertex 60.14860000000001 24.43868952661747 2.57
vertex 59.86244744849336 24.43868952661749 0.7999999999999999
vertex 60.14860000000001 24.43868952661747 0.7999999999999999
endloop
endfacet
facet normal -7.883812931809287e-14 -1.0 -1.5924986641077044e-32
outer loop
vertex 59.86244744849336 24.43868952661749 0.7999999999999999
vertex 60.14860000000001 24.43868952661747 2.57
vertex 59.86244744849336 24.43868952661749 2.57
endloop
endfacet
facet normal -0.0016633270944216494 0.9999986166705317 1.5937968091306476e-32
outer loop
vertex 35.55445499217539 2.031501791552862 2.57
vertex 41.98191631297006 2.4417716925090054 0.7999999999999999
vertex 35.55445499217539 2.031501791552862 0.7999999999999999
endloop
endfacet
facet normal -0.1303293312850389 0.9914707587250341 1.6808041057404535e-32
outer loop
vertex 41.98191631297006 2.4417716925090054 0.7999999999999999
vertex 35.55445499217539 2.031501791552862 2.57
vertex 41.98191631297006 2.4417716925090054 2.57
endloop
endfacet
facet normal 0.9784002484574388 0.20671950517167464 -4.3568857367633484e-33
outer loop
vertex 9.594021747262707 20.61161248676095 0.7999999999999999
vertex 10.200748086634867 18.310182772565007 2.57
vertex 10.200748086634867 18.310182772565007 0.7999999999999999
endloop
endfacet
facet normal 0.959239460336019 0.28259451115381423 -2.998782978778422e-33
outer loop
vertex 10.200748086634867 18.310182772565007 2.57
vertex 9.594021747262707 20.61161248676095 0.7999999999999999
vertex 9.594021747262707 20.61161248676095 2.57
endloop
endfacet
facet normal -0.29366182058236656 0.9559093760039442 1.7518619506979602e-32
outer loop
vertex 46.19872857518184 3.2862849904142517 2.57
vertex 48.81452078431761 4.387456290803283 0.7999999999999999
vertex 46.19872857518184 3.2862849904142517 0.7999999999999999
endloop
endfacet
facet normal -0.4637911713012043 0.8859445521154566 1.7734459796668117e-32
outer loop
vertex 48.81452078431761 4.387456290803283 0.7999999999999999
vertex 46.19872857518184 3.2862849904142517 2.57
vertex 48.81452078431761 4.387456290803283 2.57
endloop
endfacet
facet normal 0.9943083074984191 0.10654102327098983 -6.0765919928277275e-33
outer loop
vertex 8.643754119789005 27.72428764426045 0.7999999999999999
vertex 8.907826526708757 25.496694337759678 2.57
vertex 8.907826526708757 25.496694337759678 0.7999999999999999
endloop
endfacet
facet normal 0.993127789953779 0.11703500682070536 -5.9002464508721794e-33
outer loop
vertex 8.907826526708757 25.496694337759678 2.57
vertex 8.643754119789005 27.72428764426045 0.7999999999999999
vertex 8.643754119789005 27.72428764426045 2.57
endloop
endfacet
facet normal -1.0 0.0 7.817752609049125e-33
outer loop
vertex 57.67580000000002 25.98045172945468 2.57
vertex 57.67580000000002 25.31539199027309 0.7999999999999999
vertex 57.67580000000002 25.31539199027309 2.57
endloop
endfacet
facet normal -0.9989088304290152 -0.0467027674869187 7.065481166958107e-33
outer loop
vertex 57.67580000000002 25.31539199027309 0.7999999999999999
vertex 57.67580000000002 25.98045172945468 2.57
vertex 57.67580000000002 25.98045172945468 0.7999999999999999
endloop
endfacet
facet normal -0.15272306672495786 -0.9882690245525882 -1.4544219860439795e-32
outer loop
vertex 58.409214303877114 24.44164860286577 2.57
vertex 58.0929212173908 24.537849888249344 0.7999999999999999
vertex 58.409214303877114 24.44164860286577 0.7999999999999999
endloop
endfacet
facet normal -0.2909904480193675 -0.9567259582354228 -1.2960956769859548e-32
outer loop
vertex 58.0929212173908 24.537849888249344 0.7999999999999999
vertex 58.409214303877114 24.44164860286577 2.57
vertex 58.0929212173908 24.537849888249344 2.57
endloop
endfacet
facet normal -0.9206191090612464 0.3904618496489473 1.3415272181314002e-32
outer loop
vertex 57.52904453120801 15.704568100593539 2.57
vertex 55.49979786319639 11.562926448355583 0.7999999999999999
vertex 55.49979786319639 11.562926448355583 2.57
endloop
endfacet
facet normal -0.8734345599214008 0.4869415463224606 1.458283292983009e-32
outer loop
vertex 55.49979786319639 11.562926448355583 0.7999999999999999
vertex 57.52904453120801 15.704568100593539 2.57
vertex 57.52904453120801 15.704568100593539 0.7999999999999999
endloop
endfacet
facet normal 0.1356658263991977 0.990754653558298 1.4717152754210288e-32
outer loop
vertex 29.197505899341337 2.416041727881706 2.57
vertex 35.55445499217539 2.031501791552862 0.7999999999999999
vertex 29.197505899341337 2.416041727881706 0.7999999999999999
endloop
endfacet
facet normal -0.0016633270944216494 0.9999986166705317 1.5937968091306476e-32
outer loop
vertex 35.55445499217539 2.031501791552862 0.7999999999999999
vertex 29.197505899341337 2.416041727881706 2.57
vertex 35.55445499217539 2.031501791552862 2.57
endloop
endfacet
facet normal 0.8383536319914111 0.5451267629889491 2.1270951244862588e-33
outer loop
vertex 13.412047554635235 10.043689312360499 0.7999999999999999
vertex 15.57702197900312 7.485159368115065 2.57
vertex 15.57702197900312 7.485159368115065 0.7999999999999999
endloop
endfacet
facet normal 0.6724571482783807 0.7401360575794886 6.529553204106198e-33
outer loop
vertex 15.57702197900312 7.485159368115065 2.57
vertex 13.412047554635235 10.043689312360499 0.7999999999999999
vertex 13.412047554635235 10.043689312360499 2.57
endloop
endfacet
facet normal 3.6687052038828504e-14 -1.0 -1.5924986641077947e-32
outer loop
vertex 59.86244744849336 24.43868952661749 2.57
vertex 59.24752390989706 24.43868952661747 0.7999999999999999
vertex 59.86244744849336 24.43868952661749 0.7999999999999999
endloop
endfacet
facet normal 3.6687052038828504e-14 -1.0 -1.5924986641077947e-32
outer loop
vertex 59.24752390989706 24.43868952661747 0.7999999999999999
vertex 59.86244744849336 24.43868952661749 2.57
vertex 59.24752390989706 24.43868952661747 2.57
endloop
endfacet
facet normal -0.4637911713012043 0.8859445521154566 1.7734459796668117e-32
outer loop
vertex 48.81452078431761 4.387456290803283 2.57
vertex 51.190693303016374 5.897421888787262 0.7999999999999999
vertex 48.81452078431761 4.387456290803283 0.7999999999999999
endloop
endfacet
facet normal -0.6250015192012893 0.7806235334628855 1.731752659950284e-32
outer loop
vertex 51.190693303016374 5.897421888787262 0.7999999999999999
vertex 48.81452078431761 4.387456290803283 2.57
vertex 51.190693303016374 5.897421888787262 2.57
endloop
endfacet
facet normal -0.6250015192012893 0.7806235334628855 1.731752659950284e-32
outer loop
vertex 51.190693303016374 5.897421888787262 2.57
vertex 53.190312954092015 7.89217684784929 0.7999999999999999
vertex 51.190693303016374 5.897421888787262 0.7999999999999999
endloop
endfacet
facet normal -0.7812688957358424 0.6241946111235643 1.6048057791583238e-32
outer loop
vertex 53.190312954092015 7.89217684784929 0.7999999999999999
vertex 51.190693303016374 5.897421888787262 2.57
vertex 53.190312954092015 7.89217684784929 2.57
endloop
endfacet
facet normal 0.0 -1.0 -1.592498664107766e-32
outer loop
vertex 59.24752390989706 24.43868952661747 2.57
vertex 58.66913055809653 24.43868952661747 0.7999999999999999
vertex 59.24752390989706 24.43868952661747 0.7999999999999999
endloop
endfacet
facet normal -0.00569208810108499 -0.9999837999353037 -1.5880229318660592e-32
outer loop
vertex 58.66913055809653 24.43868952661747 0.7999999999999999
vertex 59.24752390989706 24.43868952661747 2.57
vertex 58.66913055809653 24.43868952661747 2.57
endloop
endfacet
facet normal -0.9578346386587896 0.2873200393035368 1.2063682033035108e-32
outer loop
vertex 59.07935602575187 19.99582246741681 2.57
vertex 57.52904453120801 15.704568100593539 0.7999999999999999
vertex 57.52904453120801 15.704568100593539 2.57
endloop
endfacet
facet normal -0.9206191090612464 0.3904618496489473 1.3415272181314002e-32
outer loop
vertex 57.52904453120801 15.704568100593539 0.7999999999999999
vertex 59.07935602575187 19.99582246741681 2.57
vertex 59.07935602575187 19.99582246741681 0.7999999999999999
endloop
endfacet
facet normal -0.1303293312850389 0.9914707587250341 1.6808041057404535e-32
outer loop
vertex 41.98191631297006 2.4417716925090054 2.57
vertex 46.19872857518184 3.2862849904142517 0.7999999999999999
vertex 41.98191631297006 2.4417716925090054 0.7999999999999999
endloop
endfacet
facet normal -0.29366182058236656 0.9559093760039442 1.7518619506979602e-32
outer loop
vertex 46.19872857518184 3.2862849904142517 0.7999999999999999
vertex 41.98191631297006 2.4417716925090054 2.57
vertex 46.19872857518184 3.2862849904142517 2.57
endloop
endfacet
facet normal 0.9504078987836806 0.311006150951375 -2.477285031183385e-33
outer loop
vertex 10.944070856192758 16.030779671573615 0.7999999999999999
vertex 11.85119326699307 13.268240168160457 2.57
vertex 11.85119326699307 13.268240168160457 0.7999999999999999
endloop
endfacet
facet normal 0.9271582078005713 0.37467006513468964 -1.2816777159525967e-33
outer loop
vertex 11.85119326699307 13.268240168160457 2.57
vertex 10.944070856192758 16.030779671573615 0.7999999999999999
vertex 10.944070856192758 16.030779671573615 2.57
endloop
endfacet
facet normal -0.8734345599214008 0.4869415463224606 1.458283292983009e-32
outer loop
vertex 55.49979786319639 11.562926448355583 2.57
vertex 53.190312954092015 7.89217684784929 0.7999999999999999
vertex 53.190312954092015 7.89217684784929 2.57
endloop
endfacet
facet normal -0.7812688957358424 0.6241946111235643 1.6048057791583238e-32
outer loop
vertex 53.190312954092015 7.89217684784929 0.7999999999999999
vertex 55.49979786319639 11.562926448355583 2.57
vertex 55.49979786319639 11.562926448355583 0.7999999999999999
endloop
endfacet
facet normal -0.9987990267135473 0.048994940923231915 8.588607476688417e-33
outer loop
vertex 60.80157092382608 30.122466107038022 2.57
vertex 60.76138671328027 29.416616019253837 0.7999999999999999
vertex 60.76138671328027 29.416616019253837 2.57
endloop
endfacet
facet normal -0.9979021150741629 0.06474078104651128 8.832347936995299e-33
outer loop
vertex 60.76138671328027 29.416616019253837 0.7999999999999999
vertex 60.80157092382608 30.122466107038022 2.57
vertex 60.80157092382608 30.122466107038022 0.7999999999999999
endloop
endfacet
facet normal 0.4688254442989345 -0.8832908370281597 -1.7731556120216355e-32
outer loop
vertex 12.701103190289206 46.78471911144882 2.57
vertex 11.21835124077681 45.732163437823246 0.7999999999999999
vertex 12.701103190289206 46.78471911144882 0.7999999999999999
endloop
endfacet
facet normal 0.7074782200453471 -0.7067351471106186 -1.6785637477121602e-32
outer loop
vertex 11.21835124077681 45.732163437823246 0.7999999999999999
vertex 12.701103190289206 46.78471911144882 2.57
vertex 11.21835124077681 45.732163437823246 2.57
endloop
endfacet
facet normal 0.020005520803889322 0.9997998695425827 1.5765401353756827e-32
outer loop
vertex 60.525700000000015 28.450589526617478 2.57
vertex 60.590317714540646 28.448002551251065 0.7999999999999999
vertex 60.525700000000015 28.450589526617478 0.7999999999999999
endloop
endfacet
facet normal 0.07338712921362654 0.9973035291553835 1.5308322958018628e-32
outer loop
vertex 60.590317714540646 28.448002551251065 0.7999999999999999
vertex 60.525700000000015 28.450589526617478 2.57
vertex 60.590317714540646 28.448002551251065 2.57
endloop
endfacet
facet normal -0.9999806794193261 -0.006216171495633094 7.718609117502547e-33
outer loop
vertex 60.828294137193765 32.150905025621114 2.57
vertex 60.83078560211106 30.831843650115115 0.7999999999999999
vertex 60.83078560211106 30.831843650115115 2.57
endloop
endfacet
facet normal -0.9998072251925076 0.019634471035869225 8.128924232245733e-33
outer loop
vertex 60.83078560211106 30.831843650115115 0.7999999999999999
vertex 60.828294137193765 32.150905025621114 2.57
vertex 60.828294137193765 32.150905025621114 0.7999999999999999
endloop
endfacet
facet normal 0.07338712921362654 0.9973035291553835 1.5308322958018628e-32
outer loop
vertex 60.590317714540646 28.448002551251065 2.57
vertex 60.63264808431228 28.443460434724187 0.7999999999999999
vertex 60.590317714540646 28.448002551251065 0.7999999999999999
endloop
endfacet
facet normal 0.133118613901877 0.9911001133250078 1.47425676735269e-32
outer loop
vertex 60.63264808431228 28.443460434724187 0.7999999999999999
vertex 60.590317714540646 28.448002551251065 2.57
vertex 60.63264808431228 28.443460434724187 2.57
endloop
endfacet
facet normal -3.215903168479827e-14 1.0 1.5924986641077912e-32
outer loop
vertex 60.174947339262296 28.450589526617467 2.57
vertex 60.525700000000015 28.450589526617478 0.7999999999999999
vertex 60.174947339262296 28.450589526617467 0.7999999999999999
endloop
endfacet
facet normal 0.020005520803889322 0.9997998695425827 1.5765401353756827e-32
outer loop
vertex 60.525700000000015 28.450589526617478 0.7999999999999999
vertex 60.174947339262296 28.450589526617467 2.57
vertex 60.525700000000015 28.450589526617478 2.57
endloop
endfacet
facet normal -0.11228512908178344 -0.9936760285863232 -1.494646011995977e-32
outer loop
vertex 42.78618988880384 47.8546245601232 2.57
vertex 37.57291828590029 48.339154987493266 0.7999999999999999
vertex 42.78618988880384 47.8546245601232 0.7999999999999999
endloop
endfacet
facet normal -0.07310910733425467 -0.9973239485868112 -1.5310821643464168e-32
outer loop
vertex 37.57291828590029 48.339154987493266 0.7999999999999999
vertex 42.78618988880384 47.8546245601232 2.57
vertex 37.57291828590029 48.339154987493266 2.57
endloop
endfacet
facet normal 0.06013639645648999 -0.9981901691667916 -1.636629657953274e-32
outer loop
vertex 22.87123952300547 48.362840655129915 2.57
vertex 18.097320434769582 47.97966119152936 0.7999999999999999
vertex 22.87123952300547 48.362840655129915 0.7999999999999999
endloop
endfacet
facet normal 0.11202915210242115 -0.9937049205268195 -1.6700553780701005e-32
outer loop
vertex 18.097320434769582 47.97966119152936 0.7999999999999999
vertex 22.87123952300547 48.362840655129915 2.57
vertex 18.097320434769582 47.97966119152936 2.57
endloop
endfacet
facet normal 1.4965093952331964e-14 1.0 1.5924986641077542e-32
outer loop
vertex 59.42120225980465 28.450589526617478 2.57
vertex 60.174947339262296 28.450589526617467 0.7999999999999999
vertex 59.42120225980465 28.450589526617478 0.7999999999999999
endloop
endfacet
facet normal 1.4965093952331964e-14 1.0 1.5924986641077542e-32
outer loop
vertex 60.174947339262296 28.450589526617467 0.7999999999999999
vertex 59.42120225980465 28.450589526617478 2.57
vertex 60.174947339262296 28.450589526617467 2.57
endloop
endfacet
facet normal -0.9979021150741629 0.06474078104651128 8.832347936995299e-33
outer loop
vertex 60.76138671328027 29.416616019253837 2.57
vertex 60.7102329682058 28.71426056395235 0.7999999999999999
vertex 60.7102329682058 28.71426056395235 2.57
endloop
endfacet
facet normal -0.9949361721915805 0.10050877207868951 9.378765708652326e-33
outer loop
vertex 60.7102329682058 28.71426056395235 0.7999999999999999
vertex 60.76138671328027 29.416616019253837 2.57
vertex 60.76138671328027 29.416616019253837 0.7999999999999999
endloop
endfacet
facet normal 0.7074782200453471 -0.7067351471106186 -1.6785637477121602e-32
outer loop
vertex 11.21835124077681 45.732163437823246 0.7999999999999999
vertex 10.138723060756167 44.2078829766123 2.57
vertex 10.138723060756167 44.2078829766123 0.7999999999999999
endloop
endfacet
facet normal 0.8993572065707964 -0.43721460976181237 -1.3993588967876823e-32
outer loop
vertex 10.138723060756167 44.2078829766123 2.57
vertex 11.21835124077681 45.732163437823246 0.7999999999999999
vertex 11.21835124077681 45.732163437823246 2.57
endloop
endfacet
facet normal 0.9709800821870065 -0.2391603646010646 -1.1399507682199418e-32
outer loop
vertex 9.372710826371534 41.62900168281861 0.7999999999999999
vertex 8.771667626816535 38.574162033252456 2.57
vertex 8.771667626816535 38.574162033252456 0.7999999999999999
endloop
endfacet
facet normal 0.9880249432502889 -0.15429423681804633 -1.0181268238023218e-32
outer loop
vertex 8.771667626816535 38.574162033252456 2.57
vertex 9.372710826371534 41.62900168281861 0.7999999999999999
vertex 9.372710826371534 41.62900168281861 2.57
endloop
endfacet
facet normal 0.8993572065707964 -0.43721460976181237 -1.3993588967876823e-32
outer loop
vertex 10.138723060756167 44.2078829766123 0.7999999999999999
vertex 9.372710826371534 41.62900168281861 2.57
vertex 9.372710826371534 41.62900168281861 0.7999999999999999
endloop
endfacet
facet normal 0.9709800821870065 -0.2391603646010646 -1.1399507682199418e-32
outer loop
vertex 9.372710826371534 41.62900168281861 2.57
vertex 10.138723060756167 44.2078829766123 0.7999999999999999
vertex 10.138723060756167 44.2078829766123 2.57
endloop
endfacet
facet normal -0.4736058139351338 -0.8807369261061102 -1.0323190694991382e-32
outer loop
vertex 56.3814922256611 45.03061041379708 2.57
vertex 53.12250000000001 46.212389526617464 0.7999999999999999
vertex 56.3814922256611 45.03061041379708 0.7999999999999999
endloop
endfacet
facet normal -0.2622096313058386 -0.9650109373734872 -1.3317896256907583e-32
outer loop
vertex 53.12250000000001 46.212389526617464 0.7999999999999999
vertex 56.3814922256611 45.03061041379708 2.57
vertex 53.12250000000001 46.212389526617464 2.57
endloop
endfacet
facet normal -0.8674890847235471 -0.49745621705382503 -1.140168555684045e-33
outer loop
vertex 58.86237050906075 43.18777690085377 2.57
vertex 60.3826145195699 40.53669919788811 0.7999999999999999
vertex 60.3826145195699 40.53669919788811 2.57
endloop
endfacet
facet normal -0.8674890847235471 -0.49745621705382503 -1.140168555684045e-33
outer loop
vertex 60.3826145195699 40.53669919788811 0.7999999999999999
vertex 58.86237050906075 43.18777690085377 2.57
vertex 58.86237050906075 43.18777690085377 0.7999999999999999
endloop
endfacet
facet normal -0.9978019675289127 -0.0662663836000627 6.74527766137998e-33
outer loop
vertex 60.78527088351282 37.39260553336858 2.57
vertex 60.794396191088595 35.65637152861362 0.7999999999999999
vertex 60.794396191088595 35.65637152861362 2.57
endloop
endfacet
facet normal -0.9999753062189068 -0.007027585104705085 7.70564536026609e-33
outer loop
vertex 60.794396191088595 35.65637152861362 0.7999999999999999
vertex 60.78527088351282 37.39260553336858 2.57
vertex 60.78527088351282 37.39260553336858 0.7999999999999999
endloop
endfacet
facet normal -0.9999532307413062 -0.009671418201281362 7.663369772899265e-33
outer loop
vertex 60.809852598680685 33.89991293336748 2.57
vertex 60.828294137193765 32.150905025621114 0.7999999999999999
vertex 60.828294137193765 32.150905025621114 2.57
endloop
endfacet
facet normal -0.9999806794193261 -0.006216171495633094 7.718609117502547e-33
outer loop
vertex 60.828294137193765 32.150905025621114 0.7999999999999999
vertex 60.809852598680685 33.89991293336748 2.57
vertex 60.809852598680685 33.89991293336748 0.7999999999999999
endloop
endfacet
facet normal -0.9949361721915805 0.10050877207868951 9.378765708652326e-33
outer loop
vertex 60.7102329682058 28.71426056395235 2.57
vertex 60.674328941680656 28.436728130057286 0.7999999999999999
vertex 60.674328941680656 28.436728130057286 2.57
endloop
endfacet
facet normal -0.991735456881571 0.12829958520549273 9.796311635975703e-33
outer loop
vertex 60.674328941680656 28.436728130057286 0.7999999999999999
vertex 60.7102329682058 28.71426056395235 2.57
vertex 60.7102329682058 28.71426056395235 0.7999999999999999
endloop
endfacet
facet normal 0.133118613901877 0.9911001133250078 1.47425676735269e-32
outer loop
vertex 60.63264808431228 28.443460434724187 2.57
vertex 60.674328941680656 28.436728130057286 0.7999999999999999
vertex 60.63264808431228 28.443460434724187 0.7999999999999999
endloop
endfacet
facet normal 0.15945371517040013 0.9872054055354221 1.447466319735528e-32
outer loop
vertex 60.674328941680656 28.436728130057286 0.7999999999999999
vertex 60.63264808431228 28.443460434724187 2.57
vertex 60.674328941680656 28.436728130057286 2.57
endloop
endfacet
facet normal -0.9999753062189068 -0.007027585104705085 7.70564536026609e-33
outer loop
vertex 60.794396191088595 35.65637152861362 2.57
vertex 60.809852598680685 33.89991293336748 0.7999999999999999
vertex 60.809852598680685 33.89991293336748 2.57
endloop
endfacet
facet normal -0.9999532307413062 -0.009671418201281362 7.663369772899265e-33
outer loop
vertex 60.809852598680685 33.89991293336748 0.7999999999999999
vertex 60.794396191088595 35.65637152861362 2.57
vertex 60.794396191088595 35.65637152861362 0.7999999999999999
endloop
endfacet
facet normal 0.11202915210242115 -0.9937049205268195 -1.6700553780701005e-32
outer loop
vertex 18.097320434769582 47.97966119152936 2.57
vertex 14.488972684318213 47.454830520197156 0.7999999999999999
vertex 18.097320434769582 47.97966119152936 0.7999999999999999
endloop
endfacet
facet normal 0.24887655571671113 -0.9685352136162045 -1.7369565681036834e-32
outer loop
vertex 14.488972684318213 47.454830520197156 0.7999999999999999
vertex 18.097320434769582 47.97966119152936 2.57
vertex 14.488972684318213 47.454830520197156 2.57
endloop
endfacet
facet normal 0.9880249432502889 -0.15429423681804633 -1.0181268238023218e-32
outer loop
vertex 8.771667626816535 38.574162033252456 0.7999999999999999
vertex 8.413382200210053 35.48745275801641 2.57
vertex 8.413382200210053 35.48745275801641 0.7999999999999999
endloop
endfacet
facet normal 0.9973252264654511 -0.07309167295688918 -8.960825806683266e-33
outer loop
vertex 8.413382200210053 35.48745275801641 2.57
vertex 8.771667626816535 38.574162033252456 0.7999999999999999
vertex 8.771667626816535 38.574162033252456 2.57
endloop
endfacet
facet normal -0.2622096313058386 -0.9650109373734872 -1.3317896256907583e-32
outer loop
vertex 53.12250000000001 46.212389526617464 2.57
vertex 47.97415485175278 47.16385773800812 0.7999999999999999
vertex 53.12250000000001 46.212389526617464 0.7999999999999999
endloop
endfacet
facet normal -0.15690785996977735 -0.9876132459013016 -1.4501060915870528e-32
outer loop
vertex 47.97415485175278 47.16385773800812 0.7999999999999999
vertex 53.12250000000001 46.212389526617464 2.57
vertex 47.97415485175278 47.16385773800812 2.57
endloop
endfacet
facet normal -0.07310910733425467 -0.9973239485868112 -1.5310821643464168e-32
outer loop
vertex 37.57291828590029 48.339154987493266 2.57
vertex 32.446487005062615 48.61457200212659 0.7999999999999999
vertex 37.57291828590029 48.339154987493266 0.7999999999999999
endloop
endfacet
facet normal -0.020720395496502092 -0.9997853095592417 -1.575958077272331e-32
outer loop
vertex 32.446487005062615 48.61457200212659 0.7999999999999999
vertex 37.57291828590029 48.339154987493266 2.57
vertex 32.446487005062615 48.61457200212659 2.57
endloop
endfacet
facet normal 0.24887655571671113 -0.9685352136162045 -1.7369565681036834e-32
outer loop
vertex 14.488972684318213 47.454830520197156 2.57
vertex 12.701103190289206 46.78471911144882 0.7999999999999999
vertex 14.488972684318213 47.454830520197156 0.7999999999999999
endloop
endfacet
facet normal 0.4688254442989345 -0.8832908370281597 -1.7731556120216355e-32
outer loop
vertex 12.701103190289206 46.78471911144882 0.7999999999999999
vertex 14.488972684318213 47.454830520197156 2.57
vertex 12.701103190289206 46.78471911144882 2.57
endloop
endfacet
facet normal 0.026237726497020986 -0.999655731593766 -1.612462422608504e-32
outer loop
vertex 27.671797559236424 48.55617681689213 2.57
vertex 22.87123952300547 48.362840655129915 0.7999999999999999
vertex 27.671797559236424 48.55617681689213 0.7999999999999999
endloop
endfacet
facet normal 0.06013639645648999 -0.9981901691667916 -1.636629657953274e-32
outer loop
vertex 22.87123952300547 48.362840655129915 0.7999999999999999
vertex 27.671797559236424 48.55617681689213 2.57
vertex 22.87123952300547 48.362840655129915 2.57
endloop
endfacet
facet normal -0.020720395496502092 -0.9997853095592417 -1.575958077272331e-32
outer loop
vertex 32.446487005062615 48.61457200212659 2.57
vertex 27.671797559236424 48.55617681689213 0.7999999999999999
vertex 32.446487005062615 48.61457200212659 0.7999999999999999
endloop
endfacet
facet normal 0.026237726497020986 -0.999655731593766 -1.612462422608504e-32
outer loop
vertex 27.671797559236424 48.55617681689213 0.7999999999999999
vertex 32.446487005062615 48.61457200212659 2.57
vertex 27.671797559236424 48.55617681689213 2.57
endloop
endfacet
facet normal -0.15690785996977735 -0.9876132459013016 -1.4501060915870528e-32
outer loop
vertex 47.97415485175278 47.16385773800812 2.57
vertex 42.78618988880384 47.8546245601232 0.7999999999999999
vertex 47.97415485175278 47.16385773800812 0.7999999999999999
endloop
endfacet
facet normal -0.11228512908178344 -0.9936760285863232 -1.494646011995977e-32
outer loop
vertex 42.78618988880384 47.8546245601232 0.7999999999999999
vertex 47.97415485175278 47.16385773800812 2.57
vertex 42.78618988880384 47.8546245601232 2.57
endloop
endfacet
facet normal 0.9973252264654511 -0.07309167295688918 -8.960825806683266e-33
outer loop
vertex 8.413382200210053 35.48745275801641 0.7999999999999999
vertex 8.317471078090266 32.37012031292618 2.57
vertex 8.317471078090266 32.37012031292618 0.7999999999999999
endloop
endfacet
facet normal 0.9999686149307243 0.007922698626663503 -7.691338378551008e-33
outer loop
vertex 8.317471078090266 32.37012031292618 2.57
vertex 8.413382200210053 35.48745275801641 0.7999999999999999
vertex 8.413382200210053 35.48745275801641 2.57
endloop
endfacet
facet normal -0.5963021821685198 -0.8027600560198928 -8.122200227677916e-33
outer loop
vertex 58.86237050906075 43.18777690085377 2.57
vertex 56.3814922256611 45.03061041379708 0.7999999999999999
vertex 58.86237050906075 43.18777690085377 0.7999999999999999
endloop
endfacet
facet normal -0.4736058139351338 -0.8807369261061102 -1.0323190694991382e-32
outer loop
vertex 56.3814922256611 45.03061041379708 0.7999999999999999
vertex 58.86237050906075 43.18777690085377 2.57
vertex 56.3814922256611 45.03061041379708 2.57
endloop
endfacet
facet normal -0.9998072251925076 0.019634471035869225 8.128924232245733e-33
outer loop
vertex 60.83078560211106 30.831843650115115 2.57
vertex 60.80157092382608 30.122466107038022 0.7999999999999999
vertex 60.80157092382608 30.122466107038022 2.57
endloop
endfacet
facet normal -0.9987990267135473 0.048994940923231915 8.588607476688417e-33
outer loop
vertex 60.80157092382608 30.122466107038022 0.7999999999999999
vertex 60.83078560211106 30.831843650115115 2.57
vertex 60.83078560211106 30.831843650115115 0.7999999999999999
endloop
endfacet
facet normal -0.991898868371929 -0.12703005519359134 5.731468034154221e-33
outer loop
vertex 60.3826145195699 40.53669919788811 2.57
vertex 60.78527088351282 37.39260553336858 0.7999999999999999
vertex 60.78527088351282 37.39260553336858 2.57
endloop
endfacet
facet normal -0.9978019675289127 -0.0662663836000627 6.74527766137998e-33
outer loop
vertex 60.78527088351282 37.39260553336858 0.7999999999999999
vertex 60.3826145195699 40.53669919788811 2.57
vertex 60.3826145195699 40.53669919788811 0.7999999999999999
endloop
endfacet
facet normal -0.004882476908997329 0.999988080638581 1.5962966822000233e-32
outer loop
vertex 58.71223411576033 28.450589526617478 2.57
vertex 59.42120225980465 28.450589526617478 0.7999999999999999
vertex 58.71223411576033 28.450589526617478 0.7999999999999999
endloop
endfacet
facet normal 0.0 1.0 1.5924986641077663e-32
outer loop
vertex 59.42120225980465 28.450589526617478 0.7999999999999999
vertex 58.71223411576033 28.450589526617478 2.57
vertex 59.42120225980465 28.450589526617478 2.57
endloop
endfacet
facet normal 0.0 0.0 1.0
outer loop
vertex 58.34317276389452 20.9824129307038 0.7999999999999999
vertex 58.36810527570682 26.20043171411748 0.7999999999999999
vertex 58.11772498987993 23.32880215486186 0.7999999999999999
endloop
endfacet
facet normal 0.0 0.0 1.0
outer loop
vertex 58.36810527570682 26.20043171411748 0.7999999999999999
vertex 58.34317276389452 20.9824129307038 0.7999999999999999
vertex 58.980269201095176 19.568704380321627 0.7999999999999999
endloop
endfacet
facet normal 0.0 0.0 1.0
outer loop
vertex 58.36810527570682 26.20043171411748 0.7999999999999999
vertex 58.980269201095176 19.568704380321627 0.7999999999999999
vertex 59.031531884593576 28.75487702661748 0.7999999999999999
endloop
endfacet
facet normal 0.0 0.0 1.0
outer loop
vertex 59.031531884593576 28.75487702661748 0.7999999999999999
vertex 58.980269201095176 19.568704380321627 0.7999999999999999
vertex 59.91838417493823 19.465791038865774 0.7999999999999999
endloop
endfacet
facet normal 0.0 0.0 1.0
outer loop
vertex 59.031531884593576 28.75487702661748 0.7999999999999999
vertex 59.91838417493823 19.465791038865774 0.7999999999999999
vertex 59.93201635480839 30.429009839117484 0.7999999999999999
endloop
endfacet
facet normal 0.0 0.0 1.0
outer loop
vertex 59.93201635480839 30.429009839117484 0.7999999999999999
vertex 59.91838417493823 19.465791038865774 0.7999999999999999
vertex 60.867477961348115 20.69493942426185 0.7999999999999999
endloop
endfacet
facet normal 0.0 0.0 1.0
outer loop
vertex 59.93201635480839 30.429009839117484 0.7999999999999999
vertex 60.867477961348115 20.69493942426185 0.7999999999999999
vertex 60.904509247874806 30.891189526617477 0.7999999999999999
endloop
endfacet
facet normal 0.0 0.0 1.0
outer loop
vertex 60.904509247874806 30.891189526617477 0.7999999999999999
vertex 60.867477961348115 20.69493942426185 0.7999999999999999
vertex 61.64553367049283 22.937056644922095 0.7999999999999999
endloop
endfacet
facet normal 0.0 0.0 1.0
outer loop
vertex 60.904509247874806 30.891189526617477 0.7999999999999999
vertex 61.64553367049283 22.937056644922095 0.7999999999999999
vertex 61.3400710124214 30.58678589423144 0.7999999999999999
endloop
endfacet
facet normal 0.0 0.0 1.0
outer loop
vertex 61.3400710124214 30.58678589423144 0.7999999999999999
vertex 61.64553367049283 22.937056644922095 0.7999999999999999
vertex 61.68766619478871 29.960700737535614 0.7999999999999999
endloop
endfacet
facet normal 0.0 0.0 1.0
outer loop
vertex 61.68766619478871 29.960700737535614 0.7999999999999999
vertex 61.64553367049283 22.937056644922095 0.7999999999999999
vertex 62.032319104459255 25.223004390765453 0.7999999999999999
endloop
endfacet
facet normal 0.0 0.0 1.0
outer loop
vertex 61.68766619478871 29.960700737535614 0.7999999999999999
vertex 62.032319104459255 25.223004390765453 0.7999999999999999
vertex 61.93899169507651 29.062107032685553 0.7999999999999999
endloop
endfacet
facet normal 0.0 0.0 1.0
outer loop
vertex 61.93899169507651 29.062107032685553 0.7999999999999999
vertex 62.032319104459255 25.223004390765453 0.7999999999999999
vertex 62.08574441338447 27.940177755836817 0.7999999999999999
endloop
endfacet
facet normal 0.0 0.0 1.0
outer loop
vertex 62.08574441338447 27.940177755836817 0.7999999999999999
vertex 62.032319104459255 25.223004390765453 0.7999999999999999
vertex 62.11962124981211 26.64408588314491 0.7999999999999999
endloop
endfacet
facet normal 0.0 0.0 1.0
outer loop
vertex 79.388090083041 25.223004390765453 0.7999999999999999
vertex 79.3346647741159 27.940177755836817 0.7999999999999999
vertex 79.30078793768816 26.64408588314491 0.7999999999999999
endloop
endfacet
facet normal 0.0 0.0 1.0
outer loop
vertex 79.3346647741159 27.940177755836817 0.7999999999999999
vertex 79.388090083041 25.223004390765453 0.7999999999999999
vertex 79.48141749242379 29.062107032685553 0.7999999999999999
endloop
endfacet
facet normal 0.0 0.0 1.0
outer loop
vertex 79.48141749242379 29.062107032685553 0.7999999999999999
vertex 79.388090083041 25.223004390765453 0.7999999999999999
vertex 79.77490537345398 22.937056644922095 0.7999999999999999
endloop
endfacet
facet normal 0.0 0.0 1.0
outer loop
vertex 79.48141749242379 29.062107032685553 0.7999999999999999
vertex 79.77490537345398 22.937056644922095 0.7999999999999999
vertex 79.73274299271155 29.960700737535614 0.7999999999999999
endloop
endfacet
facet normal 0.0 0.0 1.0
outer loop
vertex 79.73274299271155 29.960700737535614 0.7999999999999999
vertex 79.77490537345398 22.937056644922095 0.7999999999999999
vertex 80.08033817507892 30.58678589423144 0.7999999999999999
endloop
endfacet
facet normal 0.0 0.0 1.0
outer loop
vertex 80.08033817507892 30.58678589423144 0.7999999999999999
vertex 79.77490537345398 22.937056644922095 0.7999999999999999
vertex 80.55297072615267 20.69493942426185 0.7999999999999999
endloop
endfacet
facet normal 0.0 0.0 1.0
outer loop
vertex 80.08033817507892 30.58678589423144 0.7999999999999999
vertex 80.55297072615267 20.69493942426185 0.7999999999999999
vertex 80.51589993962548 30.891189526617477 0.7999999999999999
endloop
endfacet
facet normal 0.0 0.0 1.0
outer loop
vertex 80.51589993962548 30.891189526617477 0.7999999999999999
vertex 80.55297072615267 20.69493942426185 0.7999999999999999
vertex 81.48843024968414 30.429009839117484 0.7999999999999999
endloop
endfacet
facet normal 0.0 0.0 1.0
outer loop
vertex 81.48843024968414 30.429009839117484 0.7999999999999999
vertex 80.55297072615267 20.69493942426185 0.7999999999999999
vertex 81.50207415611777 19.465791038865774 0.7999999999999999
endloop
endfacet
facet normal 0.0 0.0 1.0
outer loop
vertex 81.48843024968414 30.429009839117484 0.7999999999999999
vertex 81.50207415611777 19.465791038865774 0.7999999999999999
vertex 82.38891742009427 28.75487702661748 0.7999999999999999
endloop
endfacet
facet normal 0.0 0.0 1.0
outer loop
vertex 82.38891742009427 28.75487702661748 0.7999999999999999
vertex 81.50207415611777 19.465791038865774 0.7999999999999999
vertex 82.44019306452896 19.568704380321627 0.7999999999999999
endloop
endfacet
facet normal 0.0 0.0 1.0
outer loop
vertex 82.38891742009427 28.75487702661748 0.7999999999999999
vertex 82.44019306452896 19.568704380321627 0.7999999999999999
vertex 83.05236987370756 26.20043171411748 0.7999999999999999
endloop
endfacet
facet normal 0.0 0.0 1.0
outer loop
vertex 83.05236987370756 26.20043171411748 0.7999999999999999
vertex 82.44019306452896 19.568704380321627 0.7999999999999999
vertex 83.07725709938575 20.9824129307038 0.7999999999999999
endloop
endfacet
facet normal 0.0 0.0 1.0
outer loop
vertex 83.05236987370756 26.20043171411748 0.7999999999999999
vertex 83.07725709938575 20.9824129307038 0.7999999999999999
vertex 83.3027187601215 23.32880215486186 0.7999999999999999
endloop
endfacet
facet normal 0.0 0.0 -1.0
outer loop
vertex 81.39403456432144 27.940177755836817 -2.7099999999999995
vertex 81.4197328141841 25.223004390765453 -2.7099999999999995
vertex 81.37773937717894 26.64408588314491 -2.7099999999999995
endloop
endfacet
facet normal 0.0 0.0 -1.0
outer loop
vertex 81.4197328141841 25.223004390765453 -2.7099999999999995
vertex 81.39403456432144 27.940177755836817 -2.7099999999999995
vertex 81.46462447945686 29.062107032685553 -2.7099999999999995
endloop
endfacet
facet normal 0.0 0.0 -1.0
outer loop
vertex 81.4197328141841 25.223004390765453 -2.7099999999999995
vertex 81.46462447945686 29.062107032685553 -2.7099999999999995
vertex 81.60579586526882 22.937056644922095 -2.7099999999999995
endloop
endfacet
facet normal 0.0 0.0 -1.0
outer loop
vertex 81.60579586526882 22.937056644922095 -2.7099999999999995
vertex 81.46462447945686 29.062107032685553 -2.7099999999999995
vertex 81.5855152264307 29.960700737535614 -2.7099999999999995
endloop
endfacet
facet normal 0.0 0.0 -1.0
outer loop
vertex 81.60579586526882 22.937056644922095 -2.7099999999999995
vertex 81.5855152264307 29.960700737535614 -2.7099999999999995
vertex 81.75271290908843 30.58678589423144 -2.7099999999999995
endloop
endfacet
facet normal 0.0 0.0 -1.0
outer loop
vertex 81.60579586526882 22.937056644922095 -2.7099999999999995
vertex 81.75271290908843 30.58678589423144 -2.7099999999999995
vertex 81.98005514884545 20.69493942426185 -2.7099999999999995
endloop
endfacet
facet normal 0.0 0.0 -1.0
outer loop
vertex 81.98005514884545 20.69493942426185 -2.7099999999999995
vertex 81.75271290908843 30.58678589423144 -2.7099999999999995
vertex 81.9622236312754 30.891189526617477 -2.7099999999999995
endloop
endfacet
facet normal 0.0 0.0 -1.0
outer loop
vertex 81.98005514884545 20.69493942426185 -2.7099999999999995
vertex 81.9622236312754 30.891189526617477 -2.7099999999999995
vertex 82.43002302092388 30.429009839117484 -2.7099999999999995
endloop
endfacet
facet normal 0.0 0.0 -1.0
outer loop
vertex 81.98005514884545 20.69493942426185 -2.7099999999999995
vertex 82.43002302092388 30.429009839117484 -2.7099999999999995
vertex 82.43658591262611 19.465791038865774 -2.7099999999999995
endloop
endfacet
facet normal 0.0 0.0 -1.0
outer loop
vertex 82.43658591262611 19.465791038865774 -2.7099999999999995
vertex 82.43002302092388 30.429009839117484 -2.7099999999999995
vertex 82.86316874846288 28.75487702661748 -2.7099999999999995
endloop
endfacet
facet normal 0.0 0.0 -1.0
outer loop
vertex 82.43658591262611 19.465791038865774 -2.7099999999999995
vertex 82.86316874846288 28.75487702661748 -2.7099999999999995
vertex 82.8878329824948 19.568704380321627 -2.7099999999999995
endloop
endfacet
facet normal 0.0 0.0 -1.0
outer loop
vertex 82.8878329824948 19.568704380321627 -2.7099999999999995
vertex 82.86316874846288 28.75487702661748 -2.7099999999999995
vertex 83.18229777678323 26.20043171411748 -2.7099999999999995
endloop
endfacet
facet normal 0.0 0.0 -1.0
outer loop
vertex 82.8878329824948 19.568704380321627 -2.7099999999999995
vertex 83.18229777678323 26.20043171411748 -2.7099999999999995
vertex 83.19426884736258 20.9824129307038 -2.7099999999999995
endloop
endfacet
facet normal 0.0 0.0 -1.0
outer loop
vertex 83.19426884736258 20.9824129307038 -2.7099999999999995
vertex 83.18229777678323 26.20043171411748 -2.7099999999999995
vertex 83.30271876012162 23.32880215486186 -2.7099999999999995
endloop
endfacet
facet normal 0.0 0.0 -1.0
outer loop
vertex 58.22865296461339 26.20043171411748 -2.709999999999998
vertex 58.2176069150763 20.9824129307038 -2.709999999999998
vertex 58.117724989879925 23.32880215486186 -2.709999999999998
endloop
endfacet
facet normal 0.0 0.0 -1.0
outer loop
vertex 58.2176069150763 20.9824129307038 -2.709999999999998
vertex 58.22865296461339 26.20043171411748 -2.709999999999998
vertex 58.49986483029174 19.568704380321627 -2.709999999999998
endloop
endfacet
facet normal 0.0 0.0 -1.0
outer loop
vertex 58.49986483029174 19.568704380321627 -2.709999999999998
vertex 58.22865296461339 26.20043171411748 -2.709999999999998
vertex 58.52257614576571 28.75487702661748 -2.709999999999998
endloop
endfacet
facet normal 0.0 0.0 -1.0
outer loop
vertex 58.49986483029174 19.568704380321627 -2.709999999999998
vertex 58.52257614576571 28.75487702661748 -2.709999999999998
vertex 58.915485388323475 19.465791038865774 -2.709999999999998
endloop
endfacet
facet normal 0.0 0.0 -1.0
outer loop
vertex 58.915485388323475 19.465791038865774 -2.709999999999998
vertex 58.52257614576571 28.75487702661748 -2.709999999999998
vertex 58.92152496168369 30.429009839117484 -2.709999999999998
endloop
endfacet
facet normal 0.0 0.0 -1.0
outer loop
vertex 58.915485388323475 19.465791038865774 -2.709999999999998
vertex 58.92152496168369 30.429009839117484 -2.709999999999998
vertex 59.335969977239266 20.69493942426185 -2.709999999999998
endloop
endfacet
facet normal 0.0 0.0 -1.0
outer loop
vertex 59.335969977239266 20.69493942426185 -2.709999999999998
vertex 58.92152496168369 30.429009839117484 -2.709999999999998
vertex 59.35237624342198 30.891189526617477 -2.709999999999998
endloop
endfacet
facet normal 0.0 0.0 -1.0
outer loop
vertex 59.335969977239266 20.69493942426185 -2.709999999999998
vertex 59.35237624342198 30.891189526617477 -2.709999999999998
vertex 59.68067820280967 22.937056644922095 -2.709999999999998
endloop
endfacet
facet normal 0.0 0.0 -1.0
outer loop
vertex 59.68067820280967 22.937056644922095 -2.709999999999998
vertex 59.35237624342198 30.891189526617477 -2.709999999999998
vertex 59.54534664543627 30.58678589423144 -2.709999999999998
endloop
endfacet
facet normal 0.0 0.0 -1.0
outer loop
vertex 59.68067820280967 22.937056644922095 -2.709999999999998
vertex 59.54534664543627 30.58678589423144 -2.709999999999998
vertex 59.699344511042064 29.960700737535614 -2.709999999999998
endloop
endfacet
facet normal 0.0 0.0 -1.0
outer loop
vertex 59.68067820280967 22.937056644922095 -2.709999999999998
vertex 59.699344511042064 29.960700737535614 -2.709999999999998
vertex 59.85203883811129 25.223004390765453 -2.709999999999998
endloop
endfacet
facet normal 0.0 0.0 -1.0
outer loop
vertex 59.85203883811129 25.223004390765453 -2.709999999999998
vertex 59.699344511042064 29.960700737535614 -2.709999999999998
vertex 59.810691251675905 29.062107032685553 -2.709999999999998
endloop
endfacet
facet normal 0.0 0.0 -1.0
outer loop
vertex 59.85203883811129 25.223004390765453 -2.709999999999998
vertex 59.810691251675905 29.062107032685553 -2.709999999999998
vertex 59.87570827877436 27.940177755836817 -2.709999999999998
endloop
endfacet
facet normal 0.0 0.0 -1.0
outer loop
vertex 59.85203883811129 25.223004390765453 -2.709999999999998
vertex 59.87570827877436 27.940177755836817 -2.709999999999998
vertex 59.89071700377395 26.64408588314491 -2.709999999999998
endloop
endfacet
facet normal 0.9075852684834497 -0.13953423334425097 -0.3960040128039825
outer loop
vertex 59.68067820280967 22.937056644922095 -2.709999999999998
vertex 60.867477961348115 20.69493942426185 0.7999999999999999
vertex 59.335969977239266 20.69493942426185 -2.709999999999998
endloop
endfacet
facet normal 0.8351377375545385 -0.2898080790063081 -0.4674999857272302
outer loop
vertex 61.64553367049283 22.937056644922095 0.7999999999999999
vertex 60.867477961348115 20.69493942426185 0.7999999999999999
vertex 59.68067820280967 22.937056644922095 -2.709999999999998
endloop
endfacet
facet normal 0.7912100463805188 0.5015712839266211 -0.34987556308884765
outer loop
vertex 60.904509247874806 30.891189526617477 0.7999999999999999
vertex 59.54534664543627 30.58678589423144 -2.709999999999998
vertex 59.35237624342198 30.891189526617477 -2.709999999999998
endloop
endfacet
facet normal 0.5497467070254004 0.7866155994551246 -0.2810951027829974
outer loop
vertex 61.3400710124214 30.58678589423144 0.7999999999999999
vertex 59.54534664543627 30.58678589423144 -2.709999999999998
vertex 60.904509247874806 30.891189526617477 0.7999999999999999
endloop
endfacet
facet normal 0.8503270129946187 0.10536590770537711 -0.5155986777185059
outer loop
vertex 59.699344511042064 29.960700737535614 -2.709999999999998
vertex 61.93899169507651 29.062107032685553 0.7999999999999999
vertex 59.810691251675905 29.062107032685553 -2.709999999999998
endloop
endfacet
facet normal 0.845420824017336 0.2364537058328629 -0.47890842059391137
outer loop
vertex 61.68766619478871 29.960700737535614 0.7999999999999999
vertex 61.93899169507651 29.062107032685553 0.7999999999999999
vertex 59.699344511042064 29.960700737535614 -2.709999999999998
endloop
endfacet
facet normal 0.8441362602514473 0.009775085593263903 -0.5360395711422297
outer loop
vertex 59.87570827877436 27.940177755836817 -2.709999999999998
vertex 62.11962124981211 26.64408588314491 0.7999999999999999
vertex 59.89071700377395 26.64408588314491 -2.709999999999998
endloop
endfacet
facet normal 0.8460219892699901 0.022113053209078016 -0.5326892213565254
outer loop
vertex 62.08574441338447 27.940177755836817 0.7999999999999999
vertex 62.11962124981211 26.64408588314491 0.7999999999999999
vertex 59.87570827877436 27.940177755836817 -2.709999999999998
endloop
endfacet
facet normal 0.8707241445892854 -0.06527176435270272 -0.4874208251680909
outer loop
vertex 59.85203883811129 25.223004390765453 -2.709999999999998
vertex 61.64553367049283 22.937056644922095 0.7999999999999999
vertex 59.68067820280967 22.937056644922095 -2.709999999999998
endloop
endfacet
facet normal 0.8408196190972869 -0.14226781073687458 -0.5222855906199506
outer loop
vertex 62.032319104459255 25.223004390765453 0.7999999999999999
vertex 61.64553367049283 22.937056644922095 0.7999999999999999
vertex 59.85203883811129 25.223004390765453 -2.709999999999998
endloop
endfacet
facet normal 0.8492332119535251 -0.023113933320720894 -0.5275117987320708
outer loop
vertex 59.89071700377395 26.64408588314491 -2.709999999999998
vertex 62.032319104459255 25.223004390765453 0.7999999999999999
vertex 59.85203883811129 25.223004390765453 -2.709999999999998
endloop
endfacet
facet normal 0.8430436529437846 -0.05179120263178301 -0.535345748615933
outer loop
vertex 62.11962124981211 26.64408588314491 0.7999999999999999
vertex 62.032319104459255 25.223004390765453 0.7999999999999999
vertex 59.89071700377395 26.64408588314491 -2.709999999999998
endloop
endfacet
facet normal 0.850827176725144 0.20927755244440877 -0.48197097567052594
outer loop
vertex 59.54534664543627 30.58678589423144 -2.709999999999998
vertex 61.68766619478871 29.960700737535614 0.7999999999999999
vertex 59.699344511042064 29.960700737535614 -2.709999999999998
endloop
endfacet
facet normal 0.7981683150017577 0.4431337463373826 -0.4081174142134235
outer loop
vertex 61.3400710124214 30.58678589423144 0.7999999999999999
vertex 61.68766619478871 29.960700737535614 0.7999999999999999
vertex 59.54534664543627 30.58678589423144 -2.709999999999998
endloop
endfacet
facet normal 0.84521319123903 0.048981027675032054 -0.5321799698254648
outer loop
vertex 59.810691251675905 29.062107032685553 -2.709999999999998
vertex 62.08574441338447 27.940177755836817 0.7999999999999999
vertex 59.87570827877436 27.940177755836817 -2.709999999999998
endloop
endfacet
facet normal 0.8497878799991581 0.11115556385632065 -0.5152717725922121
outer loop
vertex 61.93899169507651 29.062107032685553 0.7999999999999999
vertex 62.08574441338447 27.940177755836817 0.7999999999999999
vertex 59.810691251675905 29.062107032685553 -2.709999999999998
endloop
endfacet
facet normal -0.7157649982536113 0.667247556008137 0.20606107414108069
outer loop
vertex 59.35237624342198 30.891189526617477 -2.709999999999998
vertex 58.92152496168369 30.429009839117484 -2.709999999999998
vertex 59.93201635480839 30.429009839117484 0.7999999999999999
endloop
endfacet
facet normal -0.4217131950793595 0.8873455416125619 0.18648289700738666
outer loop
vertex 60.904509247874806 30.891189526617477 0.7999999999999999
vertex 59.35237624342198 30.891189526617477 -2.709999999999998
vertex 59.93201635480839 30.429009839117484 0.7999999999999999
endloop
endfacet
facet normal -0.8735901646592138 0.46988767601615716 0.12667200218999686
outer loop
vertex 59.93201635480839 30.429009839117484 0.7999999999999999
vertex 58.52257614576571 28.75487702661748 -2.709999999999998
vertex 59.031531884593576 28.75487702661748 0.7999999999999999
endloop
endfacet
facet normal -0.9367222315055654 0.22322256771559795 0.2696722942122337
outer loop
vertex 58.92152496168369 30.429009839117484 -2.709999999999998
vertex 58.52257614576571 28.75487702661748 -2.709999999999998
vertex 59.93201635480839 30.429009839117484 0.7999999999999999
endloop
endfacet
facet normal -0.9671749268214779 0.25118939863837036 0.038425862899393
outer loop
vertex 59.031531884593576 28.75487702661748 0.7999999999999999
vertex 58.22865296461339 26.20043171411748 -2.709999999999998
vertex 58.36810527570682 26.20043171411748 0.7999999999999999
endloop
endfacet
facet normal -0.9832955481667663 0.11314133605281211 0.14257946216620213
outer loop
vertex 58.52257614576571 28.75487702661748 -2.709999999999998
vertex 58.22865296461339 26.20043171411748 -2.709999999999998
vertex 59.031531884593576 28.75487702661748 0.7999999999999999
endloop
endfacet
facet normal -0.9046815653667967 -0.4077003014097103 0.12382136130698039
outer loop
vertex 58.34317276389452 20.9824129307038 0.7999999999999999
vertex 58.49986483029174 19.568704380321627 -2.709999999999998
vertex 58.980269201095176 19.568704380321627 0.7999999999999999
endloop
endfacet
facet normal -0.9800422756063456 -0.19567306815882202 0.03505978353682287
outer loop
vertex 58.2176069150763 20.9824129307038 -2.709999999999998
vertex 58.49986483029174 19.568704380321627 -2.709999999999998
vertex 58.34317276389452 20.9824129307038 0.7999999999999999
endloop
endfacet
facet normal -0.994785238186597 -0.09558180512536783 0.03558719453696092
outer loop
vertex 58.11772498987993 23.32880215486186 0.7999999999999999
vertex 58.2176069150763 20.9824129307038 -2.709999999999998
vertex 58.34317276389452 20.9824129307038 0.7999999999999999
endloop
endfacet
facet normal -0.9990951971391563 -0.042529837214251624 3.213238110831584e-15
outer loop
vertex 58.117724989879925 23.32880215486186 -2.709999999999998
vertex 58.2176069150763 20.9824129307038 -2.709999999999998
vertex 58.11772498987993 23.32880215486186 0.7999999999999999
endloop
endfacet
facet normal 0.913378030797789 -0.31246136786077705 -0.2609759882642953
outer loop
vertex 59.335969977239266 20.69493942426185 -2.709999999999998
vertex 59.91838417493823 19.465791038865774 0.7999999999999999
vertex 58.915485388323475 19.465791038865774 -2.709999999999998
endloop
endfacet
facet normal 0.7481447988779668 -0.5776841823057401 -0.3264358212966144
outer loop
vertex 60.867477961348115 20.69493942426185 0.7999999999999999
vertex 59.91838417493823 19.465791038865774 0.7999999999999999
vertex 59.335969977239266 20.69493942426185 -2.709999999999998
endloop
endfacet
facet normal -0.23979011467293357 -0.968404094755862 0.06851430628139536
outer loop
vertex 59.91838417493823 19.465791038865774 0.7999999999999999
vertex 58.49986483029174 19.568704380321627 -2.709999999999998
vertex 58.915485388323475 19.465791038865774 -2.709999999999998
endloop
endfacet
facet normal -0.1090359137519605 -0.9939257819283874 0.014923455709683191
outer loop
vertex 58.980269201095176 19.568704380321627 0.7999999999999999
vertex 58.49986483029174 19.568704380321627 -2.709999999999998
vertex 59.91838417493823 19.465791038865774 0.7999999999999999
endloop
endfacet
facet normal -0.9962204003188927 0.08686146434677036 3.204787749466993e-15
outer loop
vertex 58.36810527570682 26.20043171411748 0.7999999999999999
vertex 58.117724989879925 23.32880215486186 -2.709999999999998
vertex 58.11772498987993 23.32880215486186 0.7999999999999999
endloop
endfacet
facet normal -0.9984681931920454 0.038569757073850464 0.03966914447119867
outer loop
vertex 58.22865296461339 26.20043171411748 -2.709999999999998
vertex 58.117724989879925 23.32880215486186 -2.709999999999998
vertex 58.36810527570682 26.20043171411748 0.7999999999999999
endloop
endfacet
facet normal 0.6750814311960748 0.6832898329755143 0.27817272584952146
outer loop
vertex 80.51589993962548 30.891189526617477 0.7999999999999999
vertex 82.43002302092388 30.429009839117484 -2.7099999999999995
vertex 81.9622236312754 30.891189526617477 -2.7099999999999995
endloop
endfacet
facet normal 0.42641195181410424 0.8972669265360004 0.11438929099669232
outer loop
vertex 81.48843024968414 30.429009839117484 0.7999999999999999
vertex 82.43002302092388 30.429009839117484 -2.7099999999999995
vertex 80.51589993962548 30.891189526617477 0.7999999999999999
endloop
endfacet
facet normal -0.8768144958846897 -0.14836964426708765 -0.4573650494588929
outer loop
vertex 79.388090083041 25.223004390765453 0.7999999999999999
vertex 81.60579586526882 22.937056644922095 -2.7099999999999995
vertex 79.77490537345398 22.937056644922095 0.7999999999999999
endloop
endfacet
facet normal -0.8633362468067693 -0.0702706247266522 -0.49971248158328724
outer loop
vertex 81.4197328141841 25.223004390765453 -2.7099999999999995
vertex 81.60579586526882 22.937056644922095 -2.7099999999999995
vertex 79.388090083041 25.223004390765453 0.7999999999999999
endloop
endfacet
facet normal 0.9599438983696543 0.24836476243185987 0.12970218488921662
outer loop
vertex 82.43002302092388 30.429009839117484 -2.7099999999999995
vertex 82.38891742009427 28.75487702661748 0.7999999999999999
vertex 82.86316874846288 28.75487702661748 -2.7099999999999995
endloop
endfacet
facet normal 0.8570892710493783 0.46101353889814733 0.2299228096658789
outer loop
vertex 81.48843024968414 30.429009839117484 0.7999999999999999
vertex 82.38891742009427 28.75487702661748 0.7999999999999999
vertex 82.43002302092388 30.429009839117484 -2.7099999999999995
endloop
endfacet
facet normal -0.8819119381361925 -0.3060433758200495 -0.35856489717976137
outer loop
vertex 79.77490537345398 22.937056644922095 0.7999999999999999
vertex 81.98005514884545 20.69493942426185 -2.7099999999999995
vertex 80.55297072615267 20.69493942426185 0.7999999999999999
endloop
endfacet
facet normal -0.8770742985061193 -0.14640322797472205 -0.45750056801995387
outer loop
vertex 81.60579586526882 22.937056644922095 -2.7099999999999995
vertex 81.98005514884545 20.69493942426185 -2.7099999999999995
vertex 79.77490537345398 22.937056644922095 0.7999999999999999
endloop
endfacet
facet normal 0.9698004514141496 -0.2102142198955525 0.12368130897842261
outer loop
vertex 83.19426884736258 20.9824129307038 -2.7099999999999995
vertex 82.44019306452896 19.568704380321627 0.7999999999999999
vertex 82.8878329824948 19.568704380321627 -2.7099999999999995
endloop
endfacet
facet normal 0.9112845362832186 -0.4106550840555062 0.030379201280559355
outer loop
vertex 83.07725709938575 20.9824129307038 0.7999999999999999
vertex 82.44019306452896 19.568704380321627 0.7999999999999999
vertex 83.19426884736258 20.9824129307038 -2.7099999999999995
endloop
endfacet
facet normal 0.9991218975540694 0.04189789765555936 3.532413375473518e-14
outer loop
vertex 83.18229777678323 26.20043171411748 -2.7099999999999995
vertex 83.3027187601215 23.32880215486186 0.7999999999999999
vertex 83.30271876012162 23.32880215486186 -2.7099999999999995
endloop
endfacet
facet normal 0.9955446595230196 0.08679166018597598 0.03685157550712386
outer loop
vertex 83.05236987370756 26.20043171411748 0.7999999999999999
vertex 83.3027187601215 23.32880215486186 0.7999999999999999
vertex 83.18229777678323 26.20043171411748 -2.7099999999999995
endloop
endfacet
facet normal -0.8459194056028846 0.23659315291079971 -0.47795819819330376
outer loop
vertex 79.73274299271155 29.960700737535614 0.7999999999999999
vertex 81.46462447945686 29.062107032685553 -2.7099999999999995
vertex 79.48141749242379 29.062107032685553 0.7999999999999999
endloop
endfacet
facet normal -0.8781630190316263 0.11814214006012445 -0.4635430365643235
outer loop
vertex 81.5855152264307 29.960700737535614 -2.7099999999999995
vertex 81.46462447945686 29.062107032685553 -2.7099999999999995
vertex 79.73274299271155 29.960700737535614 0.7999999999999999
endloop
endfacet
facet normal -0.7668016123968691 0.527763608890398 -0.36535032551859725
outer loop
vertex 81.9622236312754 30.891189526617477 -2.7099999999999995
vertex 81.75271290908843 30.58678589423144 -2.7099999999999995
vertex 80.08033817507892 30.58678589423144 0.7999999999999999
endloop
endfacet
facet normal -0.5575225436222057 0.7977418041011146 -0.22973164201416651
outer loop
vertex 80.51589993962548 30.891189526617477 0.7999999999999999
vertex 81.9622236312754 30.891189526617477 -2.7099999999999995
vertex 80.08033817507892 30.58678589423144 0.7999999999999999
endloop
endfacet
facet normal 0.22226553063968085 -0.9745740252442073 0.028346132165863343
outer loop
vertex 82.44019306452896 19.568704380321627 0.7999999999999999
vertex 82.43658591262611 19.465791038865774 -2.7099999999999995
vertex 82.8878329824948 19.568704380321627 -2.7099999999999995
endloop
endfacet
facet normal 0.10900167523105232 -0.9936178452296118 0.029020896576217425
outer loop
vertex 81.50207415611777 19.465791038865774 0.7999999999999999
vertex 82.43658591262611 19.465791038865774 -2.7099999999999995
vertex 82.44019306452896 19.568704380321627 0.7999999999999999
endloop
endfacet
facet normal -0.8604015270258918 0.02248890098562286 -0.5091202820787762
outer loop
vertex 79.3346647741159 27.940177755836817 0.7999999999999999
vertex 81.37773937717894 26.64408588314491 -2.7099999999999995
vertex 79.30078793768816 26.64408588314491 0.7999999999999999
endloop
endfacet
facet normal -0.8624559887051927 0.010843275877445215 -0.5060158998636254
outer loop
vertex 81.39403456432144 27.940177755836817 -2.7099999999999995
vertex 81.37773937717894 26.64408588314491 -2.7099999999999995
vertex 79.3346647741159 27.940177755836817 0.7999999999999999
endloop
endfacet
facet normal -0.8642549832388484 -0.05309429091382543 -0.5002442605559567
outer loop
vertex 79.30078793768816 26.64408588314491 0.7999999999999999
vertex 81.4197328141841 25.223004390765453 -2.7099999999999995
vertex 79.388090083041 25.223004390765453 0.7999999999999999
endloop
endfacet
facet normal -0.8603410093937949 -0.025423366763042167 -0.5090844723400019
outer loop
vertex 81.37773937717894 26.64408588314491 -2.7099999999999995
vertex 81.4197328141841 25.223004390765453 -2.7099999999999995
vertex 79.30078793768816 26.64408588314491 0.7999999999999999
endloop
endfacet
facet normal -0.7744909935463639 -0.5980336200133113 -0.20620254666065757
outer loop
vertex 80.55297072615267 20.69493942426185 0.7999999999999999
vertex 82.43658591262611 19.465791038865774 -2.7099999999999995
vertex 81.50207415611777 19.465791038865774 0.7999999999999999
endloop
endfacet
facet normal -0.875961139770666 -0.3253498218222206 -0.356145440869212
outer loop
vertex 81.98005514884545 20.69493942426185 -2.7099999999999995
vertex 82.43658591262611 19.465791038865774 -2.7099999999999995
vertex 80.55297072615267 20.69493942426185 0.7999999999999999
endloop
endfacet
facet normal 0.9983801370085715 -0.046145046032497805 0.03328267948054978
outer loop
vertex 83.30271876012162 23.32880215486186 -2.7099999999999995
vertex 83.07725709938575 20.9824129307038 0.7999999999999999
vertex 83.19426884736258 20.9824129307038 -2.7099999999999995
endloop
endfacet
facet normal 0.9954151983529475 -0.0956482246984362 3.518050519439264e-14
outer loop
vertex 83.3027187601215 23.32880215486186 0.7999999999999999
vertex 83.07725709938575 20.9824129307038 0.7999999999999999
vertex 83.30271876012162 23.32880215486186 -2.7099999999999995
endloop
endfacet
facet normal 0.9916176175813857 0.12388363345088808 0.0367062101724325
outer loop
vertex 82.86316874846288 28.75487702661748 -2.7099999999999995
vertex 83.05236987370756 26.20043171411748 0.7999999999999999
vertex 83.18229777678323 26.20043171411748 -2.7099999999999995
endloop
endfacet
facet normal 0.9597155326798238 0.24926179543223986 0.12967132941008389
outer loop
vertex 82.38891742009427 28.75487702661748 0.7999999999999999
vertex 83.05236987370756 26.20043171411748 0.7999999999999999
vertex 82.86316874846288 28.75487702661748 -2.7099999999999995
endloop
endfacet
facet normal -0.8570694751531247 0.11210802485761125 -0.5028555513497617
outer loop
vertex 79.48141749242379 29.062107032685553 0.7999999999999999
vertex 81.39403456432144 27.940177755836817 -2.7099999999999995
vertex 79.3346647741159 27.940177755836817 0.7999999999999999
endloop
endfacet
facet normal -0.8693345004630083 0.054697073940646844 -0.49118810694790177
outer loop
vertex 81.46462447945686 29.062107032685553 -2.7099999999999995
vertex 81.39403456432144 27.940177755836817 -2.7099999999999995
vertex 79.48141749242379 29.062107032685553 0.7999999999999999
endloop
endfacet
facet normal -0.7938344838382738 0.44072765378357487 -0.4190297691807192
outer loop
vertex 80.08033817507892 30.58678589423144 0.7999999999999999
vertex 81.5855152264307 29.960700737535614 -2.7099999999999995
vertex 79.73274299271155 29.960700737535614 0.7999999999999999
endloop
endfacet
facet normal -0.8776214742287133 0.23437111576979014 -0.41815156111802765
outer loop
vertex 81.75271290908843 30.58678589423144 -2.7099999999999995
vertex 81.5855152264307 29.960700737535614 -2.7099999999999995
vertex 80.08033817507892 30.58678589423144 0.7999999999999999
endloop
endfacet
endsolid Modelo Óculos Square
